7.576000000000000000e+09	-2.934379899999999854e-03	-1.650230999999999888e-04
7.576005000000000000e+09	-2.833419000000000215e-03	2.844769000000000139e-04
7.576010000000000000e+09	-2.883227899999999799e-03	-9.837139999999999806e-05
7.576015000000000000e+09	-3.117869599999999880e-03	1.813580999999999874e-04
7.576020000000000000e+09	-3.272394499999999821e-03	2.342908999999999899e-04
7.576025000000000000e+09	-3.050593199999999949e-03	2.124589999999999931e-04
7.576030000000000000e+09	-2.884124100000000097e-03	-5.098896000000000114e-04
7.576035000000000000e+09	-3.082547799999999991e-03	-1.509569000000000048e-04
7.576040000000000000e+09	-2.757105900000000019e-03	-3.193733000000000140e-04
7.576045000000000000e+09	-2.715049000000000195e-03	2.426649999999999882e-05
7.576050000000000000e+09	-3.240508100000000051e-03	5.829222000000000006e-04
7.576055000000000000e+09	-3.265194800000000182e-03	-5.555606999999999950e-04
7.576060000000000000e+09	-2.802836799999999795e-03	-3.703169000000000187e-04
7.576065000000000000e+09	-3.181371499999999849e-03	-1.929074000000000023e-04
7.576070000000000000e+09	-3.207263299999999796e-03	1.940358000000000100e-04
7.576075000000000000e+09	-2.971715199999999842e-03	-2.211617999999999939e-04
7.576080000000000000e+09	-2.995490500000000129e-03	2.704278999999999863e-04
7.576085000000000000e+09	-2.246754799999999951e-03	-8.648249999999999742e-05
7.576090000000000000e+09	-3.474058099999999955e-03	-6.846000000000000184e-06
7.576095000000000000e+09	-3.430588899999999913e-03	1.496990000000000045e-05
7.576100000000000000e+09	-3.368133299999999820e-03	-3.368229000000000036e-04
7.576105000000000000e+09	-2.586573899999999870e-03	2.850229999999999984e-05
7.576110000000000000e+09	-2.955885200000000178e-03	-1.522068000000000010e-04
7.576115000000000000e+09	-3.207952300000000128e-03	3.670530999999999772e-04
7.576120000000000000e+09	-2.595134499999999979e-03	3.388477999999999781e-04
7.576125000000000000e+09	-3.361254699999999956e-03	-5.933260000000000178e-05
7.576130000000000000e+09	-3.013514899999999996e-03	1.750118000000000105e-04
7.576135000000000000e+09	-2.415440300000000137e-03	-3.725587999999999947e-04
7.576140000000000000e+09	-2.367758099999999789e-03	-7.511779999999999423e-05
7.576145000000000000e+09	-3.601825900000000212e-03	1.203578999999999950e-04
7.576150000000000000e+09	-3.082052999999999963e-03	1.808500000000000049e-05
7.576155000000000000e+09	-3.092066699999999890e-03	4.563761999999999962e-04
7.576160000000000000e+09	-2.848418100000000164e-03	4.035711999999999893e-04
7.576165000000000000e+09	-3.353177599999999925e-03	1.799670000000000000e-05
7.576170000000000000e+09	-2.878922099999999939e-03	5.522659999999999738e-05
7.576175000000000000e+09	-3.318703599999999875e-03	1.143030000000000066e-04
7.576180000000000000e+09	-3.027809600000000000e-03	4.913212999999999608e-04
7.576185000000000000e+09	-2.908175199999999891e-03	4.330545999999999788e-04
7.576190000000000000e+09	-3.210510699999999992e-03	1.084941999999999954e-04
7.576195000000000000e+09	-3.058032400000000161e-03	-1.382784999999999874e-04
7.576200000000000000e+09	-2.804539899999999863e-03	5.841938000000000512e-04
7.576205000000000000e+09	-3.181117499999999969e-03	-1.099597000000000036e-04
7.576210000000000000e+09	-2.489177999999999877e-03	-2.534476000000000025e-04
7.576215000000000000e+09	-2.470106200000000193e-03	3.520207000000000024e-04
7.576220000000000000e+09	-2.648974499999999857e-03	2.604010000000000027e-04
7.576225000000000000e+09	-2.758213499999999981e-03	-5.309528999999999898e-04
7.576230000000000000e+09	-3.204113099999999787e-03	-1.636580000000000109e-04
7.576235000000000000e+09	-3.028754800000000094e-03	1.588129999999999989e-04
7.576240000000000000e+09	-3.152854400000000210e-03	-5.295064000000000368e-04
7.576245000000000000e+09	-2.995272800000000051e-03	-2.280155999999999925e-04
7.576250000000000000e+09	-2.889753699999999918e-03	-8.089190000000000388e-05
7.576255000000000000e+09	-2.718558900000000132e-03	4.682887999999999743e-04
7.576260000000000000e+09	-2.786499699999999812e-03	8.443080000000000485e-05
7.576265000000000000e+09	-3.155413599999999912e-03	-1.685598999999999919e-04
7.576270000000000000e+09	-2.572955200000000102e-03	5.467281999999999741e-04
7.576275000000000000e+09	-2.760876099999999816e-03	6.402960000000000509e-04
7.576280000000000000e+09	-2.896045900000000176e-03	1.311444000000000043e-04
7.576285000000000000e+09	-3.241664200000000072e-03	-9.968300000000000766e-06
7.576290000000000000e+09	-2.787874699999999886e-03	2.242524000000000080e-04
7.576295000000000000e+09	-2.845583300000000156e-03	5.520135000000000233e-04
7.576300000000000000e+09	-3.133310099999999862e-03	4.035312000000000100e-04
7.576305000000000000e+09	-3.076279199999999974e-03	-3.442192000000000060e-04
7.576310000000000000e+09	-3.438364299999999846e-03	2.761997999999999775e-04
7.576315000000000000e+09	-3.131305599999999797e-03	8.520204000000000189e-04
7.576320000000000000e+09	-2.662074500000000121e-03	8.053296000000000152e-04
7.576325000000000000e+09	-3.261030800000000104e-03	5.845455999999999959e-04
7.576330000000000000e+09	-2.418554600000000047e-03	1.005466999999999906e-03
7.576335000000000000e+09	-3.119419799999999850e-03	3.282787000000000118e-04
7.576340000000000000e+09	-3.301483100000000056e-03	6.671512000000000102e-04
7.576345000000000000e+09	-2.558907999999999929e-03	2.566668000000000139e-04
7.576350000000000000e+09	-2.530349099999999914e-03	3.620405000000000042e-04
7.576355000000000000e+09	-2.562556100000000156e-03	6.367349000000000012e-04
7.576360000000000000e+09	-3.004871300000000207e-03	6.119400000000000229e-06
7.576365000000000000e+09	-3.232752700000000000e-03	3.339913000000000018e-04
7.576370000000000000e+09	-2.790603899999999880e-03	-2.944061000000000204e-04
7.576375000000000000e+09	-2.522023700000000212e-03	4.039572999999999753e-04
7.576380000000000000e+09	-2.889388499999999849e-03	8.633619999999999511e-05
7.576385000000000000e+09	-3.322939599999999785e-03	5.497479999999999685e-04
7.576390000000000000e+09	-3.499600900000000153e-03	2.582638000000000056e-04
7.576395000000000000e+09	-2.359016299999999906e-03	7.924313000000000103e-04
7.576400000000000000e+09	-2.948321199999999909e-03	7.166017000000000003e-04
7.576405000000000000e+09	-2.510306600000000114e-03	1.584262999999999980e-04
7.576410000000000000e+09	-2.811938700000000176e-03	6.804384999999999600e-04
7.576415000000000000e+09	-3.312073100000000048e-03	4.250440999999999985e-04
7.576420000000000000e+09	-3.353571400000000206e-03	3.954375999999999898e-04
7.576425000000000000e+09	-2.922698400000000186e-03	1.087426899999999934e-03
7.576430000000000000e+09	-3.113094099999999878e-03	7.363260000000000378e-05
7.576435000000000000e+09	-3.112142699999999838e-03	6.374643000000000150e-04
7.576440000000000000e+09	-2.648621900000000182e-03	2.829789999999999888e-05
7.576445000000000000e+09	-2.734724999999999916e-03	7.281437000000000196e-04
7.576450000000000000e+09	-2.432566100000000189e-03	1.508139000000000029e-04
7.576455000000000000e+09	-2.787680399999999982e-03	1.281316000000000117e-04
7.576460000000000000e+09	-2.981746600000000167e-03	8.762788000000000304e-04
7.576465000000000000e+09	-3.172329399999999910e-03	1.849375999999999960e-04
7.576470000000000000e+09	-3.108803600000000032e-03	9.009293999999999939e-04
7.576475000000000000e+09	-3.090371599999999948e-03	1.010417700000000021e-03
7.576480000000000000e+09	-2.858581900000000103e-03	5.713250999999999486e-04
7.576485000000000000e+09	-2.590059200000000093e-03	2.642201999999999745e-04
7.576490000000000000e+09	-2.756245999999999956e-03	8.163850000000000111e-05
7.576495000000000000e+09	-3.303800100000000000e-03	2.435710999999999963e-04
7.576500000000000000e+09	-3.552350299999999794e-03	6.132865999999999838e-04
7.576505000000000000e+09	-3.180259400000000087e-03	6.027460000000000326e-04
7.576510000000000000e+09	-3.235357199999999971e-03	6.194939999999999475e-04
7.576515000000000000e+09	-2.802038099999999785e-03	8.193449000000000435e-04
7.576520000000000000e+09	-3.311380899999999926e-03	5.602072000000000258e-04
7.576525000000000000e+09	-3.013362400000000035e-03	8.802287999999999909e-04
7.576530000000000000e+09	-2.722295100000000044e-03	8.504241999999999748e-04
7.576535000000000000e+09	-2.850102099999999791e-03	7.378219000000000314e-04
7.576540000000000000e+09	-3.009163000000000029e-03	6.304932000000000505e-04
7.576545000000000000e+09	-3.271446900000000210e-03	1.382674300000000071e-03
7.576550000000000000e+09	-3.331667099999999996e-03	9.881857999999999875e-04
7.576555000000000000e+09	-2.493187500000000178e-03	5.716500999999999701e-04
7.576560000000000000e+09	-3.061805400000000045e-03	6.069976999999999838e-04
7.576565000000000000e+09	-2.866148800000000059e-03	6.953346999999999480e-04
7.576570000000000000e+09	-2.967478200000000024e-03	3.039227999999999830e-04
7.576575000000000000e+09	-3.055691599999999907e-03	5.463176000000000360e-04
7.576580000000000000e+09	-3.135086300000000138e-03	1.085037600000000055e-03
7.576585000000000000e+09	-3.007344500000000073e-03	9.569631000000000534e-04
7.576590000000000000e+09	-2.958888299999999898e-03	9.589142000000000152e-04
7.576595000000000000e+09	-2.838558599999999911e-03	9.065282999999999718e-04
7.576600000000000000e+09	-2.733939300000000003e-03	2.699024999999999862e-04
7.576605000000000000e+09	-2.956625899999999925e-03	2.405169999999999877e-05
7.576610000000000000e+09	-2.750889099999999886e-03	1.310653900000000038e-03
7.576615000000000000e+09	-3.102442200000000028e-03	3.863814000000000137e-04
7.576620000000000000e+09	-2.596000199999999852e-03	3.764549000000000064e-04
7.576625000000000000e+09	-2.682972899999999921e-03	5.710097999999999823e-04
7.576630000000000000e+09	-2.826581299999999988e-03	2.468403000000000090e-04
7.576635000000000000e+09	-2.986846000000000032e-03	4.365150000000000041e-04
7.576640000000000000e+09	-2.934368699999999937e-03	9.184883999999999930e-04
7.576645000000000000e+09	-2.667178000000000083e-03	1.191595099999999971e-03
7.576650000000000000e+09	-3.025772099999999958e-03	4.272106000000000124e-04
7.576655000000000000e+09	-2.958548399999999783e-03	5.372051000000000517e-04
7.576660000000000000e+09	-2.878770699999999919e-03	6.721735999999999640e-04
7.576665000000000000e+09	-3.018650400000000029e-03	7.180662000000000199e-04
7.576670000000000000e+09	-2.409238599999999949e-03	8.638301000000000356e-04
7.576675000000000000e+09	-2.788330800000000161e-03	1.087229000000000103e-03
7.576680000000000000e+09	-2.842883400000000178e-03	7.073128999999999614e-04
7.576685000000000000e+09	-3.255231199999999991e-03	4.931729000000000364e-04
7.576690000000000000e+09	-3.074390000000000196e-03	8.446235999999999544e-04
7.576695000000000000e+09	-2.849243500000000172e-03	8.178282000000000043e-04
7.576700000000000000e+09	-2.413175699999999847e-03	6.280888000000000096e-04
7.576705000000000000e+09	-2.949462300000000019e-03	1.433113900000000055e-03
7.576710000000000000e+09	-2.497392900000000061e-03	4.839946999999999826e-04
7.576715000000000000e+09	-3.811775600000000090e-03	7.446532000000000281e-04
7.576720000000000000e+09	-2.629062799999999991e-03	8.754442999999999557e-04
7.576725000000000000e+09	-2.721104399999999934e-03	1.329477500000000086e-03
7.576730000000000000e+09	-3.521941099999999821e-03	1.125152300000000025e-03
7.576735000000000000e+09	-2.281921000000000123e-03	5.527105000000000472e-04
7.576740000000000000e+09	-2.940832300000000097e-03	1.225654500000000020e-03
7.576745000000000000e+09	-2.797094700000000208e-03	1.532261800000000096e-03
7.576750000000000000e+09	-2.534191800000000147e-03	1.383324900000000102e-03
7.576755000000000000e+09	-2.745650300000000189e-03	6.878792000000000326e-04
7.576760000000000000e+09	-2.503173500000000200e-03	7.903536999999999542e-04
7.576765000000000000e+09	-3.016903599999999804e-03	9.250915000000000180e-04
7.576770000000000000e+09	-3.241037200000000066e-03	1.235989700000000076e-03
7.576775000000000000e+09	-2.957729499999999824e-03	1.365831700000000098e-03
7.576780000000000000e+09	-2.273257099999999916e-03	1.445065699999999956e-03
7.576785000000000000e+09	-2.830882600000000048e-03	1.285832999999999898e-03
7.576790000000000000e+09	-3.682488199999999889e-03	5.931960000000000444e-04
7.576795000000000000e+09	-2.371602400000000135e-03	1.140506300000000001e-03
7.576800000000000000e+09	-2.818465300000000135e-03	8.191795000000000196e-04
7.576805000000000000e+09	-2.320516099999999932e-03	1.362329800000000070e-03
7.576810000000000000e+09	-2.455936599999999914e-03	1.092805299999999964e-03
7.576815000000000000e+09	-2.929291000000000100e-03	1.457291199999999950e-03
7.576820000000000000e+09	-2.928593699999999973e-03	9.710304999999999588e-04
7.576825000000000000e+09	-2.461531900000000182e-03	1.121469900000000028e-03
7.576830000000000000e+09	-3.203040999999999788e-03	1.196900799999999930e-03
7.576835000000000000e+09	-3.226540799999999803e-03	4.588667000000000158e-04
7.576840000000000000e+09	-2.553377700000000142e-03	6.720866000000000036e-04
7.576845000000000000e+09	-2.602876599999999832e-03	1.501274099999999959e-03
7.576850000000000000e+09	-2.404848299999999897e-03	1.546859200000000106e-03
7.576855000000000000e+09	-2.491567999999999995e-03	8.013592000000000371e-04
7.576860000000000000e+09	-3.113673700000000200e-03	1.018033700000000024e-03
7.576865000000000000e+09	-3.151248199999999791e-03	1.303546700000000067e-03
7.576870000000000000e+09	-2.602100899999999859e-03	1.502950099999999893e-03
7.576875000000000000e+09	-3.257963899999999878e-03	1.710818399999999937e-03
7.576880000000000000e+09	-2.391860100000000027e-03	8.678385999999999956e-04
7.576885000000000000e+09	-2.795823499999999968e-03	4.805642000000000160e-04
7.576890000000000000e+09	-3.038663300000000143e-03	6.098551000000000015e-04
7.576895000000000000e+09	-3.162182500000000097e-03	9.398400999999999804e-04
7.576900000000000000e+09	-1.909296399999999916e-03	1.556117299999999976e-03
7.576905000000000000e+09	-2.144514900000000016e-03	1.253445400000000086e-03
7.576910000000000000e+09	-2.648013600000000047e-03	1.537899599999999894e-03
7.576915000000000000e+09	-2.171219199999999908e-03	8.431222000000000369e-04
7.576920000000000000e+09	-2.493087699999999973e-03	1.478883399999999983e-03
7.576925000000000000e+09	-2.838043599999999934e-03	1.019342799999999960e-03
7.576930000000000000e+09	-2.531767800000000145e-03	1.259364200000000081e-03
7.576935000000000000e+09	-2.615245200000000051e-03	1.124409600000000030e-03
7.576940000000000000e+09	-3.165686899999999894e-03	6.745190999999999774e-04
7.576945000000000000e+09	-2.755007399999999992e-03	1.564129999999999947e-03
7.576950000000000000e+09	-2.840896099999999907e-03	1.811923399999999925e-03
7.576955000000000000e+09	-3.056215900000000020e-03	1.251263299999999957e-03
7.576960000000000000e+09	-3.174253499999999881e-03	5.958331999999999995e-04
7.576965000000000000e+09	-3.039242599999999930e-03	9.261995000000000080e-04
7.576970000000000000e+09	-2.409577899999999859e-03	6.943334999999999481e-04
7.576975000000000000e+09	-2.284303799999999954e-03	7.823059999999999736e-04
7.576980000000000000e+09	-2.461308499999999896e-03	1.472308600000000068e-03
7.576985000000000000e+09	-2.579404400000000121e-03	1.331267799999999966e-03
7.576990000000000000e+09	-2.547211399999999883e-03	1.045310200000000101e-03
7.576995000000000000e+09	-1.842487899999999948e-03	1.222491899999999902e-03
7.577000000000000000e+09	-2.428990399999999932e-03	8.310194999999999605e-04
7.577005000000000000e+09	-2.673373199999999790e-03	1.052759699999999922e-03
7.577010000000000000e+09	-2.762295000000000115e-03	8.765764000000000325e-04
7.577015000000000000e+09	-2.340483899999999846e-03	9.853568000000000049e-04
7.577020000000000000e+09	-2.462962999999999871e-03	9.007973999999999756e-04
7.577025000000000000e+09	-2.752989300000000059e-03	1.279662200000000055e-03
7.577030000000000000e+09	-2.528793100000000134e-03	1.257339500000000066e-03
7.577035000000000000e+09	-2.883664499999999929e-03	1.369322700000000096e-03
7.577040000000000000e+09	-2.733775400000000057e-03	1.391175400000000057e-03
7.577045000000000000e+09	-2.574983900000000180e-03	1.195774199999999994e-03
7.577050000000000000e+09	-1.911239400000000043e-03	1.331173300000000051e-03
7.577055000000000000e+09	-2.700939500000000028e-03	2.038083200000000064e-03
7.577060000000000000e+09	-2.786166000000000077e-03	1.113565200000000022e-03
7.577065000000000000e+09	-3.442171700000000185e-03	1.440612200000000037e-03
7.577070000000000000e+09	-2.990707100000000035e-03	1.763142299999999980e-03
7.577075000000000000e+09	-2.614291300000000026e-03	1.591668600000000064e-03
7.577080000000000000e+09	-2.322940999999999808e-03	1.322934000000000002e-03
7.577085000000000000e+09	-2.398476100000000114e-03	9.842822000000000203e-04
7.577090000000000000e+09	-3.079071699999999870e-03	1.352091599999999914e-03
7.577095000000000000e+09	-2.491182000000000205e-03	1.036456700000000074e-03
7.577100000000000000e+09	-2.892067300000000004e-03	1.066818300000000079e-03
7.577105000000000000e+09	-2.568996500000000210e-03	1.235646499999999920e-03
7.577110000000000000e+09	-2.238912000000000020e-03	1.765731499999999938e-03
7.577115000000000000e+09	-3.189741800000000117e-03	1.508562699999999989e-03
7.577120000000000000e+09	-2.481947999999999880e-03	7.666473999999999945e-04
7.577125000000000000e+09	-2.580469399999999868e-03	1.069204800000000087e-03
7.577130000000000000e+09	-2.965504700000000122e-03	8.790640999999999646e-04
7.577135000000000000e+09	-3.057314199999999847e-03	1.372693099999999951e-03
7.577140000000000000e+09	-2.671749699999999977e-03	1.336209400000000014e-03
7.577145000000000000e+09	-2.385904400000000026e-03	9.770702000000000900e-04
7.577150000000000000e+09	-1.905433200000000065e-03	1.416709599999999925e-03
7.577155000000000000e+09	-2.171939099999999935e-03	1.381821000000000091e-03
7.577160000000000000e+09	-2.739714400000000001e-03	1.185702199999999918e-03
7.577165000000000000e+09	-2.696420000000000154e-03	1.234617500000000090e-03
7.577170000000000000e+09	-1.777499799999999932e-03	1.770070699999999912e-03
7.577175000000000000e+09	-2.124073399999999896e-03	1.990900700000000113e-03
7.577180000000000000e+09	-1.990752599999999917e-03	1.142733300000000046e-03
7.577185000000000000e+09	-2.847999400000000066e-03	1.160560599999999921e-03
7.577190000000000000e+09	-2.927669199999999999e-03	1.429136199999999973e-03
7.577195000000000000e+09	-2.873400899999999786e-03	1.736521200000000053e-03
7.577200000000000000e+09	-2.148792799999999902e-03	1.647899800000000034e-03
7.577205000000000000e+09	-1.983443300000000201e-03	1.928562200000000053e-03
7.577210000000000000e+09	-2.712306399999999968e-03	1.695889699999999925e-03
7.577215000000000000e+09	-2.335343000000000141e-03	1.433744000000000034e-03
7.577220000000000000e+09	-2.565259800000000128e-03	1.063996200000000064e-03
7.577225000000000000e+09	-2.618147899999999795e-03	1.941840100000000050e-03
7.577230000000000000e+09	-2.558174600000000069e-03	1.833477000000000023e-03
7.577235000000000000e+09	-2.266122800000000027e-03	1.334822100000000083e-03
7.577240000000000000e+09	-3.114414900000000118e-03	1.362444100000000016e-03
7.577245000000000000e+09	-2.363394799999999837e-03	1.424263600000000036e-03
7.577250000000000000e+09	-2.795875499999999920e-03	2.040828399999999876e-03
7.577255000000000000e+09	-2.621621499999999931e-03	1.333475599999999969e-03
7.577260000000000000e+09	-2.835274000000000041e-03	1.750760199999999928e-03
7.577265000000000000e+09	-2.716685800000000206e-03	1.227633699999999915e-03
7.577270000000000000e+09	-2.699153200000000211e-03	1.589708800000000062e-03
7.577275000000000000e+09	-2.638889900000000038e-03	1.976113900000000135e-03
7.577280000000000000e+09	-2.241086000000000206e-03	1.419733299999999948e-03
7.577285000000000000e+09	-2.282697700000000003e-03	9.430343000000000319e-04
7.577290000000000000e+09	-2.222530500000000075e-03	1.525127299999999922e-03
7.577295000000000000e+09	-2.414878300000000179e-03	1.369233500000000036e-03
7.577300000000000000e+09	-2.423931399999999965e-03	1.732538700000000069e-03
7.577305000000000000e+09	-2.978729199999999907e-03	1.538411699999999967e-03
7.577310000000000000e+09	-2.626358100000000112e-03	1.138833300000000005e-03
7.577315000000000000e+09	-2.503871799999999800e-03	1.311322699999999987e-03
7.577320000000000000e+09	-2.126626600000000155e-03	1.853303900000000028e-03
7.577325000000000000e+09	-2.413524599999999996e-03	1.713136899999999959e-03
7.577330000000000000e+09	-2.319048700000000008e-03	1.273418300000000005e-03
7.577335000000000000e+09	-2.074113600000000029e-03	1.868034499999999924e-03
7.577340000000000000e+09	-2.028791900000000148e-03	1.184230500000000045e-03
7.577345000000000000e+09	-3.140538600000000215e-03	1.692261999999999933e-03
7.577350000000000000e+09	-2.864057799999999987e-03	1.680794399999999914e-03
7.577355000000000000e+09	-2.060263399999999814e-03	1.582837900000000006e-03
7.577360000000000000e+09	-2.420636999999999789e-03	1.503241200000000064e-03
7.577365000000000000e+09	-2.838630100000000007e-03	1.916415299999999974e-03
7.577370000000000000e+09	-2.146353000000000150e-03	1.829032699999999989e-03
7.577375000000000000e+09	-2.878510300000000025e-03	2.006567400000000036e-03
7.577380000000000000e+09	-2.400906200000000029e-03	1.704401400000000056e-03
7.577385000000000000e+09	-2.090983700000000056e-03	1.945724899999999894e-03
7.577390000000000000e+09	-2.504913499999999842e-03	1.845351500000000020e-03
7.577395000000000000e+09	-2.291924900000000178e-03	1.169406399999999924e-03
7.577400000000000000e+09	-2.040512200000000036e-03	1.651467599999999984e-03
7.577405000000000000e+09	-2.361273699999999909e-03	2.146778299999999896e-03
7.577410000000000000e+09	-2.360600599999999796e-03	1.947245200000000077e-03
7.577415000000000000e+09	-2.035172300000000125e-03	1.440612300000000071e-03
7.577420000000000000e+09	-2.315568999999999961e-03	1.954570599999999863e-03
7.577425000000000000e+09	-1.863444199999999976e-03	1.961758999999999985e-03
7.577430000000000000e+09	-1.892191699999999904e-03	1.769055299999999949e-03
7.577435000000000000e+09	-1.758291200000000002e-03	1.444697200000000063e-03
7.577440000000000000e+09	-2.492884099999999933e-03	1.791746500000000047e-03
7.577445000000000000e+09	-2.334644500000000039e-03	1.465280900000000101e-03
7.577450000000000000e+09	-2.370525300000000165e-03	2.081156900000000112e-03
7.577455000000000000e+09	-2.112099799999999934e-03	1.531909199999999987e-03
7.577460000000000000e+09	-2.843854900000000133e-03	1.387314499999999905e-03
7.577465000000000000e+09	-2.529917799999999856e-03	1.575422599999999921e-03
7.577470000000000000e+09	-2.004078800000000122e-03	1.969082899999999910e-03
7.577475000000000000e+09	-2.800679600000000134e-03	1.726867399999999905e-03
7.577480000000000000e+09	-2.665831200000000085e-03	1.911664700000000007e-03
7.577485000000000000e+09	-2.701495899999999811e-03	1.719119100000000106e-03
7.577490000000000000e+09	-2.168911199999999997e-03	1.968232199999999949e-03
7.577495000000000000e+09	-2.794579100000000194e-03	1.818401500000000042e-03
7.577500000000000000e+09	-2.406746100000000006e-03	1.783299899999999999e-03
7.577505000000000000e+09	-2.538084800000000186e-03	1.984261599999999955e-03
7.577510000000000000e+09	-2.623509600000000202e-03	2.248971700000000021e-03
7.577515000000000000e+09	-2.426859300000000063e-03	1.456106700000000002e-03
7.577520000000000000e+09	-2.354151499999999810e-03	1.353083799999999989e-03
7.577525000000000000e+09	-1.921709400000000097e-03	2.186507399999999997e-03
7.577530000000000000e+09	-2.160083499999999879e-03	1.608592500000000005e-03
7.577535000000000000e+09	-2.759606200000000020e-03	2.033247499999999916e-03
7.577540000000000000e+09	-2.672254399999999912e-03	1.735963299999999975e-03
7.577545000000000000e+09	-2.340895799999999794e-03	2.484969799999999906e-03
7.577550000000000000e+09	-2.368499400000000175e-03	2.579006100000000041e-03
7.577555000000000000e+09	-3.080047199999999888e-03	1.131033200000000107e-03
7.577560000000000000e+09	-1.585941900000000090e-03	2.210938400000000102e-03
7.577565000000000000e+09	-2.558781100000000024e-03	1.837658499999999997e-03
7.577570000000000000e+09	-1.938232200000000087e-03	2.114188400000000054e-03
7.577575000000000000e+09	-1.690634299999999989e-03	2.341631099999999868e-03
7.577580000000000000e+09	-2.465193200000000140e-03	2.092726599999999819e-03
7.577585000000000000e+09	-2.049797800000000177e-03	1.335962100000000034e-03
7.577590000000000000e+09	-2.116135900000000198e-03	1.205060100000000019e-03
7.577595000000000000e+09	-3.070776400000000024e-03	1.812539099999999981e-03
7.577600000000000000e+09	-2.430977999999999872e-03	1.857136500000000070e-03
7.577605000000000000e+09	-2.146906499999999812e-03	2.177596600000000163e-03
7.577610000000000000e+09	-1.801942300000000056e-03	2.032629499999999943e-03
7.577615000000000000e+09	-1.863082399999999982e-03	1.578543699999999982e-03
7.577620000000000000e+09	-2.186466599999999962e-03	2.079936000000000111e-03
7.577625000000000000e+09	-2.509014300000000051e-03	1.777812900000000015e-03
7.577630000000000000e+09	-1.841046299999999931e-03	1.063176699999999900e-03
7.577635000000000000e+09	-1.791276299999999952e-03	1.398664399999999903e-03
7.577640000000000000e+09	-1.738513899999999997e-03	1.467954299999999932e-03
7.577645000000000000e+09	-2.583934700000000209e-03	1.764941500000000076e-03
7.577650000000000000e+09	-2.285364499999999969e-03	1.420313299999999973e-03
7.577655000000000000e+09	-1.821875599999999915e-03	1.865275900000000096e-03
7.577660000000000000e+09	-2.198605699999999982e-03	2.032323800000000215e-03
7.577665000000000000e+09	-2.020421200000000177e-03	2.247217799999999977e-03
7.577670000000000000e+09	-1.950451300000000067e-03	1.855747200000000107e-03
7.577675000000000000e+09	-2.073602400000000047e-03	2.376989600000000129e-03
7.577680000000000000e+09	-2.338329599999999873e-03	1.106465500000000006e-03
7.577685000000000000e+09	-2.105691299999999915e-03	1.491649299999999942e-03
7.577690000000000000e+09	-2.323449400000000137e-03	1.819813599999999974e-03
7.577695000000000000e+09	-2.017132000000000040e-03	1.757189799999999986e-03
7.577700000000000000e+09	-2.188863200000000162e-03	1.984728299999999942e-03
7.577705000000000000e+09	-2.410899199999999836e-03	2.014611500000000090e-03
7.577710000000000000e+09	-2.386938500000000078e-03	1.749754500000000020e-03
7.577715000000000000e+09	-2.841081000000000075e-03	1.766307900000000037e-03
7.577720000000000000e+09	-2.007465500000000114e-03	2.047731899999999990e-03
7.577725000000000000e+09	-2.612172500000000015e-03	2.418241299999999896e-03
7.577730000000000000e+09	-2.284021900000000101e-03	1.986196700000000207e-03
7.577735000000000000e+09	-1.619966399999999947e-03	2.041115400000000166e-03
7.577740000000000000e+09	-1.765899800000000084e-03	1.889538700000000090e-03
7.577745000000000000e+09	-1.482317300000000025e-03	2.159952499999999876e-03
7.577750000000000000e+09	-2.053244599999999847e-03	1.988814000000000207e-03
7.577755000000000000e+09	-2.158675499999999827e-03	2.066014599999999903e-03
7.577760000000000000e+09	-2.379813900000000027e-03	1.975478100000000164e-03
7.577765000000000000e+09	-1.922558300000000095e-03	1.923584500000000055e-03
7.577770000000000000e+09	-2.280176699999999883e-03	1.551775000000000029e-03
7.577775000000000000e+09	-2.318987700000000023e-03	2.462955000000000179e-03
7.577780000000000000e+09	-2.112222999999999878e-03	1.944279799999999985e-03
7.577785000000000000e+09	-2.083492799999999995e-03	1.758734000000000079e-03
7.577790000000000000e+09	-1.560804700000000076e-03	1.984141899999999903e-03
7.577795000000000000e+09	-2.128631399999999889e-03	2.510296200000000037e-03
7.577800000000000000e+09	-2.363567400000000148e-03	2.602558599999999812e-03
7.577805000000000000e+09	-2.113504500000000161e-03	2.129051900000000167e-03
7.577810000000000000e+09	-1.940154699999999946e-03	2.192230500000000044e-03
7.577815000000000000e+09	-2.148132899999999953e-03	1.869672099999999991e-03
7.577820000000000000e+09	-2.486079999999999887e-03	2.136883999999999919e-03
7.577825000000000000e+09	-1.935436700000000036e-03	2.252625700000000092e-03
7.577830000000000000e+09	-2.607173899999999829e-03	1.975829599999999898e-03
7.577835000000000000e+09	-2.281293299999999878e-03	2.613453500000000127e-03
7.577840000000000000e+09	-2.514707699999999945e-03	2.436172400000000040e-03
7.577845000000000000e+09	-1.582769500000000100e-03	2.640554600000000023e-03
7.577850000000000000e+09	-1.923199200000000070e-03	2.508436499999999909e-03
7.577855000000000000e+09	-1.999439799999999830e-03	2.571354799999999927e-03
7.577860000000000000e+09	-2.314280900000000030e-03	1.610506500000000001e-03
7.577865000000000000e+09	-2.035851699999999785e-03	1.598203199999999932e-03
7.577870000000000000e+09	-1.651435699999999947e-03	1.616727699999999900e-03
7.577875000000000000e+09	-1.834752499999999995e-03	2.403736899999999940e-03
7.577880000000000000e+09	-2.152100000000000107e-03	2.087106999999999938e-03
7.577885000000000000e+09	-2.007800699999999928e-03	2.280452499999999823e-03
7.577890000000000000e+09	-2.124151800000000177e-03	2.628436000000000054e-03
7.577895000000000000e+09	-2.008999000000000028e-03	2.573878700000000169e-03
7.577900000000000000e+09	-2.400085499999999889e-03	2.006707600000000140e-03
7.577905000000000000e+09	-2.386771299999999874e-03	2.113364099999999988e-03
7.577910000000000000e+09	-1.967996699999999873e-03	2.171781099999999833e-03
7.577915000000000000e+09	-1.835708900000000005e-03	2.306983600000000068e-03
7.577920000000000000e+09	-1.393279699999999894e-03	2.355139899999999890e-03
7.577925000000000000e+09	-1.720893600000000020e-03	2.304959799999999927e-03
7.577930000000000000e+09	-2.269847000000000184e-03	2.049686800000000055e-03
7.577935000000000000e+09	-1.965432899999999903e-03	1.653013399999999971e-03
7.577940000000000000e+09	-2.236421799999999994e-03	1.902462900000000037e-03
7.577945000000000000e+09	-2.275634600000000108e-03	1.825143999999999898e-03
7.577950000000000000e+09	-2.100839100000000213e-03	2.209413199999999983e-03
7.577955000000000000e+09	-2.199094899999999835e-03	2.396390400000000115e-03
7.577960000000000000e+09	-1.401353199999999999e-03	1.853949599999999906e-03
7.577965000000000000e+09	-1.886080800000000104e-03	2.858317999999999883e-03
7.577970000000000000e+09	-2.068644200000000193e-03	1.738908400000000083e-03
7.577975000000000000e+09	-2.038727599999999932e-03	2.293471699999999856e-03
7.577980000000000000e+09	-1.804756899999999898e-03	2.205420100000000071e-03
7.577985000000000000e+09	-2.252983300000000171e-03	2.300454200000000022e-03
7.577990000000000000e+09	-2.012114299999999845e-03	2.672303200000000073e-03
7.577995000000000000e+09	-1.330782100000000006e-03	2.217646000000000200e-03
7.578000000000000000e+09	-1.952842100000000023e-03	1.950865200000000046e-03
7.578005000000000000e+09	-1.582940900000000001e-03	1.747125200000000048e-03
7.578010000000000000e+09	-1.274767499999999954e-03	2.460070099999999999e-03
7.578015000000000000e+09	-1.416020600000000027e-03	2.392171800000000067e-03
7.578020000000000000e+09	-2.290122099999999938e-03	2.925503900000000178e-03
7.578025000000000000e+09	-1.920377299999999907e-03	1.865359399999999947e-03
7.578030000000000000e+09	-2.079266099999999787e-03	2.355464900000000129e-03
7.578035000000000000e+09	-1.362413200000000104e-03	2.909834500000000202e-03
7.578040000000000000e+09	-1.718791500000000066e-03	1.805952900000000081e-03
7.578045000000000000e+09	-2.148548499999999861e-03	2.105754699999999851e-03
7.578050000000000000e+09	-1.892041899999999995e-03	2.109815900000000001e-03
7.578055000000000000e+09	-1.535492299999999949e-03	2.077638499999999878e-03
7.578060000000000000e+09	-2.071387599999999826e-03	2.527717200000000140e-03
7.578065000000000000e+09	-1.900282000000000100e-03	2.160152600000000023e-03
7.578070000000000000e+09	-1.852042199999999993e-03	2.342222399999999843e-03
7.578075000000000000e+09	-1.697149100000000044e-03	2.482077899999999941e-03
7.578080000000000000e+09	-1.081847599999999918e-03	3.044249900000000047e-03
7.578085000000000000e+09	-2.211593400000000115e-03	1.750433299999999909e-03
7.578090000000000000e+09	-1.743197099999999966e-03	2.547578100000000029e-03
7.578095000000000000e+09	-1.486301100000000019e-03	2.720405099999999993e-03
7.578100000000000000e+09	-1.743450500000000075e-03	2.274977699999999881e-03
7.578105000000000000e+09	-1.407336300000000019e-03	2.745842499999999811e-03
7.578110000000000000e+09	-1.653345600000000063e-03	2.320204599999999961e-03
7.578115000000000000e+09	-2.033623799999999867e-03	2.420028399999999986e-03
7.578120000000000000e+09	-1.370562000000000082e-03	1.911956600000000017e-03
7.578125000000000000e+09	-1.607955699999999910e-03	1.868528699999999964e-03
7.578130000000000000e+09	-1.484484899999999980e-03	1.943950299999999947e-03
7.578135000000000000e+09	-1.528002699999999898e-03	2.284118300000000015e-03
7.578140000000000000e+09	-1.171622800000000041e-03	1.957181399999999814e-03
7.578145000000000000e+09	-1.277709599999999907e-03	2.385393300000000077e-03
7.578150000000000000e+09	-1.669087699999999893e-03	2.424159500000000120e-03
7.578155000000000000e+09	-1.231996900000000049e-03	2.003467100000000129e-03
7.578160000000000000e+09	-1.795598299999999915e-03	2.203525899999999888e-03
7.578165000000000000e+09	-1.696239999999999901e-03	2.268009599999999855e-03
7.578170000000000000e+09	-1.977070500000000213e-03	2.060338699999999905e-03
7.578175000000000000e+09	-1.239485899999999896e-03	2.520697299999999797e-03
7.578180000000000000e+09	-1.774018200000000104e-03	2.310234600000000190e-03
7.578185000000000000e+09	-1.677667899999999964e-03	2.544500600000000091e-03
7.578190000000000000e+09	-1.375515500000000068e-03	2.132119599999999799e-03
7.578195000000000000e+09	-1.698401300000000093e-03	2.030203799999999795e-03
7.578200000000000000e+09	-1.229517199999999918e-03	2.611247200000000202e-03
7.578205000000000000e+09	-1.638665799999999926e-03	2.340982299999999801e-03
7.578210000000000000e+09	-1.713971199999999966e-03	2.684632699999999969e-03
7.578215000000000000e+09	-7.988176999999999734e-04	2.475459599999999937e-03
7.578220000000000000e+09	-1.543158200000000055e-03	2.124548500000000145e-03
7.578225000000000000e+09	-1.783479400000000060e-03	2.355468400000000021e-03
7.578230000000000000e+09	-1.656762900000000082e-03	3.173797199999999971e-03
7.578235000000000000e+09	-1.879595599999999951e-03	2.339420300000000143e-03
7.578240000000000000e+09	-2.457070000000000001e-03	2.240202100000000199e-03
7.578245000000000000e+09	-1.451667999999999925e-03	2.925723800000000138e-03
7.578250000000000000e+09	-1.605569199999999901e-03	2.580165299999999818e-03
7.578255000000000000e+09	-1.568910200000000034e-03	2.388149699999999806e-03
7.578260000000000000e+09	-1.556849199999999975e-03	2.490239300000000097e-03
7.578265000000000000e+09	-1.711820099999999999e-03	2.734485999999999948e-03
7.578270000000000000e+09	-1.507868000000000099e-03	2.225404299999999939e-03
7.578275000000000000e+09	-1.184883999999999981e-03	2.083883899999999789e-03
7.578280000000000000e+09	-1.417536199999999908e-03	2.351345099999999945e-03
7.578285000000000000e+09	-1.764567000000000089e-03	2.488586699999999902e-03
7.578290000000000000e+09	-1.826980300000000069e-03	2.429143600000000132e-03
7.578295000000000000e+09	-1.157097699999999965e-03	2.349091499999999937e-03
7.578300000000000000e+09	-1.795776700000000035e-03	2.124624700000000109e-03
7.578305000000000000e+09	-1.388451599999999952e-03	2.938284599999999979e-03
7.578310000000000000e+09	-2.073899100000000176e-03	1.938021600000000046e-03
7.578315000000000000e+09	-1.273157100000000055e-03	3.373373099999999857e-03
7.578320000000000000e+09	-1.540896300000000035e-03	2.239187499999999859e-03
7.578325000000000000e+09	-1.474541800000000059e-03	2.669490699999999862e-03
7.578330000000000000e+09	-1.406419300000000001e-03	2.563126800000000045e-03
7.578335000000000000e+09	-1.307865999999999976e-03	2.573003600000000127e-03
7.578340000000000000e+09	-1.281078300000000050e-03	2.325385699999999931e-03
7.578345000000000000e+09	-1.441361300000000047e-03	2.510575200000000201e-03
7.578350000000000000e+09	-1.767266499999999929e-03	2.319793899999999989e-03
7.578355000000000000e+09	-1.018023899999999935e-03	2.598251399999999909e-03
7.578360000000000000e+09	-1.403562899999999999e-03	1.613830199999999977e-03
7.578365000000000000e+09	-1.378699200000000008e-03	3.292133799999999878e-03
7.578370000000000000e+09	-1.627110900000000061e-03	2.812714100000000047e-03
7.578375000000000000e+09	-1.136580000000000099e-03	2.873617699999999990e-03
7.578380000000000000e+09	-1.396108899999999944e-03	2.404434100000000032e-03
7.578385000000000000e+09	-1.838147800000000101e-03	2.141533699999999957e-03
7.578390000000000000e+09	-1.376795899999999975e-03	2.817815400000000126e-03
7.578395000000000000e+09	-1.869048699999999912e-03	2.598559600000000056e-03
7.578400000000000000e+09	-1.406883000000000048e-03	2.743135600000000049e-03
7.578405000000000000e+09	-1.210036500000000008e-03	2.352603300000000088e-03
7.578410000000000000e+09	-1.282480599999999893e-03	2.681207799999999961e-03
7.578415000000000000e+09	-1.641809699999999955e-03	1.959804800000000159e-03
7.578420000000000000e+09	-1.235683800000000063e-03	2.550428200000000051e-03
7.578425000000000000e+09	-1.295786099999999977e-03	2.741250000000000197e-03
7.578430000000000000e+09	-1.659391600000000066e-03	2.558627899999999823e-03
7.578435000000000000e+09	-1.430796499999999975e-03	2.342167999999999941e-03
7.578440000000000000e+09	-1.156766899999999917e-03	2.478214800000000124e-03
7.578445000000000000e+09	-1.119495899999999955e-03	2.578422300000000021e-03
7.578450000000000000e+09	-1.287605499999999997e-03	2.590131800000000130e-03
7.578455000000000000e+09	-1.725202799999999955e-03	2.570043000000000154e-03
7.578460000000000000e+09	-1.460367200000000027e-03	3.171221300000000212e-03
7.578465000000000000e+09	-1.231043899999999898e-03	2.549217199999999958e-03
7.578470000000000000e+09	-1.245130099999999925e-03	2.654430499999999894e-03
7.578475000000000000e+09	-1.637238799999999900e-03	2.714194400000000205e-03
7.578480000000000000e+09	-9.174495999999999650e-04	2.875736199999999899e-03
7.578485000000000000e+09	-1.020684599999999989e-03	2.761784700000000006e-03
7.578490000000000000e+09	-1.821224599999999964e-03	2.665128699999999920e-03
7.578495000000000000e+09	-1.462935399999999980e-03	2.823900600000000052e-03
7.578500000000000000e+09	-1.551288600000000047e-03	2.529588299999999818e-03
7.578505000000000000e+09	-1.368223399999999928e-03	2.877135399999999985e-03
7.578510000000000000e+09	-1.270307100000000067e-03	3.056393599999999901e-03
7.578515000000000000e+09	-1.209929300000000098e-03	2.812177300000000008e-03
7.578520000000000000e+09	-8.318571000000000082e-04	2.768556499999999879e-03
7.578525000000000000e+09	-7.970243000000000119e-04	3.285696099999999877e-03
7.578530000000000000e+09	-1.177447299999999971e-03	2.973508699999999946e-03
7.578535000000000000e+09	-1.220309900000000024e-03	3.367758199999999844e-03
7.578540000000000000e+09	-1.282879999999999915e-03	2.507798900000000192e-03
7.578545000000000000e+09	-1.252931400000000016e-03	2.780905299999999851e-03
7.578550000000000000e+09	-1.175664000000000093e-03	2.618369399999999868e-03
7.578555000000000000e+09	-1.695935599999999965e-03	2.876721499999999789e-03
7.578560000000000000e+09	-6.530816000000000052e-04	2.611449899999999935e-03
7.578565000000000000e+09	-1.257343599999999947e-03	2.543759100000000072e-03
7.578570000000000000e+09	-1.356817800000000018e-03	2.425340199999999856e-03
7.578575000000000000e+09	-1.426491200000000069e-03	2.783376800000000005e-03
7.578580000000000000e+09	-1.250637599999999960e-03	3.002370099999999899e-03
7.578585000000000000e+09	-1.423911500000000097e-03	2.869410199999999824e-03
7.578590000000000000e+09	-9.974897999999998970e-04	3.231674700000000157e-03
7.578595000000000000e+09	-1.067998699999999929e-03	2.605543200000000163e-03
7.578600000000000000e+09	-1.480260400000000089e-03	2.831657100000000045e-03
7.578605000000000000e+09	-1.562308799999999939e-03	2.418083200000000193e-03
7.578610000000000000e+09	-1.091411299999999916e-03	3.011075199999999844e-03
7.578615000000000000e+09	-8.417296000000000326e-04	2.526687399999999820e-03
7.578620000000000000e+09	-1.475761699999999935e-03	2.730438700000000201e-03
7.578625000000000000e+09	-9.257242000000000162e-04	2.226579499999999968e-03
7.578630000000000000e+09	-1.074021799999999929e-03	2.454701699999999910e-03
7.578635000000000000e+09	-7.876390000000000257e-04	2.967161500000000014e-03
7.578640000000000000e+09	-1.033122499999999987e-03	2.942223199999999955e-03
7.578645000000000000e+09	-1.202288199999999993e-03	2.380736999999999957e-03
7.578650000000000000e+09	-1.165508800000000051e-03	2.578450400000000062e-03
7.578655000000000000e+09	-1.097164299999999967e-03	2.201678800000000154e-03
7.578660000000000000e+09	-1.539775900000000045e-03	2.322374299999999982e-03
7.578665000000000000e+09	-8.534820999999999510e-04	2.856997400000000145e-03
7.578670000000000000e+09	-9.321276000000000301e-04	3.007060000000000202e-03
7.578675000000000000e+09	-1.057384400000000108e-03	2.728712400000000027e-03
7.578680000000000000e+09	-7.641803000000000397e-04	2.384428599999999839e-03
7.578685000000000000e+09	-8.492559000000000219e-04	2.580374199999999930e-03
7.578690000000000000e+09	-1.577391800000000092e-03	2.531047099999999845e-03
7.578695000000000000e+09	-8.368737999999999698e-04	2.484776399999999875e-03
7.578700000000000000e+09	-1.148107399999999910e-03	2.539197200000000050e-03
7.578705000000000000e+09	-6.966357999999999752e-04	2.702816800000000085e-03
7.578710000000000000e+09	-1.259408999999999963e-03	2.356611499999999946e-03
7.578715000000000000e+09	-1.632632300000000066e-03	2.611842300000000172e-03
7.578720000000000000e+09	-1.058668899999999895e-03	2.617584400000000193e-03
7.578725000000000000e+09	-1.481632400000000007e-03	2.354882200000000050e-03
7.578730000000000000e+09	-1.112334100000000013e-03	2.950335899999999983e-03
7.578735000000000000e+09	-7.000774000000000406e-04	2.500552899999999943e-03
7.578740000000000000e+09	-1.056138899999999959e-03	2.963866400000000033e-03
7.578745000000000000e+09	-5.030192000000000170e-04	2.900707199999999833e-03
7.578750000000000000e+09	-9.016293000000000311e-04	2.648742899999999810e-03
7.578755000000000000e+09	-6.331830000000000531e-04	2.854824599999999934e-03
7.578760000000000000e+09	-5.867023000000000290e-04	2.860513099999999892e-03
7.578765000000000000e+09	-1.223553299999999939e-03	2.984535300000000068e-03
7.578770000000000000e+09	-1.296026899999999909e-03	2.751442199999999845e-03
7.578775000000000000e+09	-9.563312000000000028e-04	2.743538099999999827e-03
7.578780000000000000e+09	-7.723667999999999723e-04	2.167039899999999818e-03
7.578785000000000000e+09	-1.163462199999999941e-03	2.671808500000000079e-03
7.578790000000000000e+09	-8.198638999999999753e-04	2.438992599999999841e-03
7.578795000000000000e+09	-1.380219700000000042e-03	3.174916299999999952e-03
7.578800000000000000e+09	-1.511229599999999989e-03	2.325497299999999823e-03
7.578805000000000000e+09	-1.529385899999999949e-03	2.697177299999999923e-03
7.578810000000000000e+09	-9.844357999999999234e-04	2.805622399999999940e-03
7.578815000000000000e+09	-8.869384000000000122e-04	2.409227700000000135e-03
7.578820000000000000e+09	-1.177453499999999917e-03	3.176290300000000118e-03
7.578825000000000000e+09	-1.010693100000000042e-03	2.488193399999999791e-03
7.578830000000000000e+09	-6.265195999999999569e-04	2.569055399999999913e-03
7.578835000000000000e+09	-1.193095699999999941e-03	2.065004300000000161e-03
7.578840000000000000e+09	-8.001631000000000368e-04	2.546401399999999923e-03
7.578845000000000000e+09	-9.123700999999999469e-04	2.607025700000000033e-03
7.578850000000000000e+09	-1.194549899999999918e-03	2.536689500000000128e-03
7.578855000000000000e+09	-5.793423000000000453e-04	2.527594800000000034e-03
7.578860000000000000e+09	-6.825378999999999691e-04	2.764701000000000051e-03
7.578865000000000000e+09	-7.888504000000000392e-04	2.622423500000000199e-03
7.578870000000000000e+09	-9.947171000000000311e-04	2.213030700000000184e-03
7.578875000000000000e+09	-8.951138999999999884e-04	2.369493399999999996e-03
7.578880000000000000e+09	-1.249797300000000076e-03	3.053827099999999878e-03
7.578885000000000000e+09	-6.877905000000000347e-04	2.803383699999999808e-03
7.578890000000000000e+09	-6.100373000000000080e-04	2.290285300000000079e-03
7.578895000000000000e+09	-1.278646899999999909e-03	2.522841000000000059e-03
7.578900000000000000e+09	-5.447031999999999655e-04	2.329972300000000135e-03
7.578905000000000000e+09	-2.020854999999999950e-04	2.630709499999999909e-03
7.578910000000000000e+09	-6.206010999999999559e-04	2.549467799999999978e-03
7.578915000000000000e+09	-9.169541000000000237e-04	2.374979000000000152e-03
7.578920000000000000e+09	-7.408949999999999867e-04	2.643196600000000205e-03
7.578925000000000000e+09	-7.026419000000000328e-04	2.880784400000000085e-03
7.578930000000000000e+09	-3.501752000000000011e-04	2.995040599999999800e-03
7.578935000000000000e+09	-9.695746999999999786e-04	2.578359000000000120e-03
7.578940000000000000e+09	-9.971627000000000268e-04	2.640060699999999868e-03
7.578945000000000000e+09	-5.767771000000000313e-04	2.737537300000000059e-03
7.578950000000000000e+09	-1.324723000000000090e-03	2.938346899999999973e-03
7.578955000000000000e+09	-7.986538999999999531e-04	2.858689900000000068e-03
7.578960000000000000e+09	-1.039627100000000033e-03	2.085458300000000206e-03
7.578965000000000000e+09	-6.903093999999999810e-04	3.389685999999999828e-03
7.578970000000000000e+09	-1.319312999999999909e-03	2.585362099999999937e-03
7.578975000000000000e+09	-9.351427999999999737e-04	2.964414199999999919e-03
7.578980000000000000e+09	-7.914544999999999827e-04	2.443174499999999950e-03
7.578985000000000000e+09	-1.036895699999999939e-03	3.198558299999999886e-03
7.578990000000000000e+09	-1.078714799999999988e-03	3.064581399999999952e-03
7.578995000000000000e+09	-4.873392999999999844e-04	2.989045200000000138e-03
7.579000000000000000e+09	-1.142677599999999917e-03	2.964712100000000024e-03
7.579005000000000000e+09	-5.350214999999999528e-04	2.768845800000000086e-03
7.579010000000000000e+09	-2.743643000000000253e-04	2.592188899999999917e-03
7.579015000000000000e+09	-8.071652999999999814e-04	2.947156199999999889e-03
7.579020000000000000e+09	-1.066744299999999998e-03	3.358123800000000023e-03
7.579025000000000000e+09	-1.354251299999999995e-03	2.857402099999999806e-03
7.579030000000000000e+09	-1.963802000000000006e-04	2.730481999999999788e-03
7.579035000000000000e+09	-1.705760800000000015e-03	2.857927200000000192e-03
7.579040000000000000e+09	-1.121061000000000019e-03	2.714684599999999965e-03
7.579045000000000000e+09	-1.388943500000000076e-03	2.905112000000000059e-03
7.579050000000000000e+09	-7.145174000000000447e-04	2.887605599999999891e-03
7.579055000000000000e+09	-7.613846999999999542e-04	2.509618800000000191e-03
7.579060000000000000e+09	-7.920282000000000277e-04	3.046112699999999930e-03
7.579065000000000000e+09	-4.123806999999999733e-04	2.104516099999999886e-03
7.579070000000000000e+09	-4.368981999999999770e-04	2.764974900000000211e-03
7.579075000000000000e+09	-1.287042999999999868e-04	3.518836400000000149e-03
7.579080000000000000e+09	-3.573361999999999958e-04	2.942937799999999909e-03
7.579085000000000000e+09	-4.259188000000000123e-04	2.612900200000000100e-03
7.579090000000000000e+09	-6.426134999999999486e-04	2.490396099999999790e-03
7.579095000000000000e+09	-8.871044000000000238e-04	2.690865599999999955e-03
7.579100000000000000e+09	-8.726235999999999845e-04	3.069312700000000060e-03
7.579105000000000000e+09	-4.323571999999999810e-04	2.980059299999999849e-03
7.579110000000000000e+09	-1.079264900000000008e-03	2.742225699999999849e-03
7.579115000000000000e+09	-3.579734000000000106e-04	2.723488300000000140e-03
7.579120000000000000e+09	2.708227000000000117e-04	2.792215099999999835e-03
7.579125000000000000e+09	-6.880634999999999963e-04	2.922749399999999796e-03
7.579130000000000000e+09	1.524817999999999942e-04	2.407773900000000078e-03
7.579135000000000000e+09	-7.377873999999999760e-04	2.590081900000000027e-03
7.579140000000000000e+09	-3.372963999999999780e-04	2.526645499999999843e-03
7.579145000000000000e+09	-1.051311299999999971e-03	3.111980099999999902e-03
7.579150000000000000e+09	-2.417270999999999916e-04	2.498120700000000180e-03
7.579155000000000000e+09	-5.912279000000000319e-04	2.752215000000000130e-03
7.579160000000000000e+09	-3.412455000000000111e-04	2.823192600000000180e-03
7.579165000000000000e+09	-7.962215000000000134e-04	2.670509599999999935e-03
7.579170000000000000e+09	-4.937030999999999928e-04	2.851338599999999907e-03
7.579175000000000000e+09	-4.176534999999999883e-04	2.918022799999999990e-03
7.579180000000000000e+09	-4.560484999999999756e-04	2.957406200000000165e-03
7.579185000000000000e+09	-8.918097999999999737e-04	2.666679199999999993e-03
7.579190000000000000e+09	-6.739190000000000371e-04	2.819368100000000082e-03
7.579195000000000000e+09	-1.596795999999999882e-04	2.720789300000000036e-03
7.579200000000000000e+09	-8.564329999999999773e-04	2.698605499999999924e-03
7.579205000000000000e+09	-6.573266999999999825e-04	2.752124999999999797e-03
7.579210000000000000e+09	-3.143059999999999685e-05	3.201377400000000178e-03
7.579215000000000000e+09	-4.605618999999999924e-04	2.455466199999999967e-03
7.579220000000000000e+09	-3.766500000000000208e-04	2.930295600000000066e-03
7.579225000000000000e+09	-5.060403999999999467e-04	3.042188400000000060e-03
7.579230000000000000e+09	-4.095853999999999901e-04	3.005132800000000041e-03
7.579235000000000000e+09	-3.084626999999999833e-04	3.196351100000000087e-03
7.579240000000000000e+09	-8.157109999999999968e-04	3.131794800000000083e-03
7.579245000000000000e+09	-2.199884999999999894e-04	3.096364199999999955e-03
7.579250000000000000e+09	-2.721943000000000105e-04	3.172672799999999918e-03
7.579255000000000000e+09	-5.071585000000000199e-04	3.004387399999999993e-03
7.579260000000000000e+09	-8.362113000000000011e-04	2.366883699999999986e-03
7.579265000000000000e+09	-6.800737999999999532e-04	2.813161700000000025e-03
7.579270000000000000e+09	-5.614053999999999833e-04	2.238494299999999829e-03
7.579275000000000000e+09	-9.042060000000000635e-05	3.232872400000000052e-03
7.579280000000000000e+09	-4.150450000000000081e-04	2.890267000000000183e-03
7.579285000000000000e+09	-1.886078000000000071e-04	2.850439000000000184e-03
7.579290000000000000e+09	-6.482079000000000183e-04	2.846634399999999933e-03
7.579295000000000000e+09	-6.806613000000000420e-04	3.127494199999999828e-03
7.579300000000000000e+09	-4.548767000000000218e-04	3.100668400000000137e-03
7.579305000000000000e+09	-5.850951000000000285e-04	2.857530899999999926e-03
7.579310000000000000e+09	-2.045280999999999976e-04	2.691035000000000042e-03
7.579315000000000000e+09	-3.522482000000000065e-04	3.060805599999999980e-03
7.579320000000000000e+09	-9.342555000000000000e-04	3.083920200000000045e-03
7.579325000000000000e+09	-1.136844000000000054e-04	2.718305700000000092e-03
7.579330000000000000e+09	-5.896156000000000270e-04	2.810271000000000036e-03
7.579335000000000000e+09	-3.457234999999999909e-04	3.065566300000000140e-03
7.579340000000000000e+09	4.214922999999999760e-04	3.272072300000000104e-03
7.579345000000000000e+09	1.440388999999999873e-04	3.978836500000000088e-03
7.579350000000000000e+09	-3.904270999999999740e-04	2.651438600000000090e-03
7.579355000000000000e+09	-1.037123000000000065e-04	2.924553400000000011e-03
7.579360000000000000e+09	-2.231772000000000085e-04	3.282683800000000054e-03
7.579365000000000000e+09	-3.308035000000000185e-04	2.925266299999999819e-03
7.579370000000000000e+09	1.292018999999999937e-04	2.747290299999999991e-03
7.579375000000000000e+09	4.623899999999999893e-06	2.869912000000000071e-03
7.579380000000000000e+09	-3.157556999999999964e-04	2.781564800000000098e-03
7.579385000000000000e+09	-1.209847000000000006e-04	2.716589100000000190e-03
7.579390000000000000e+09	-3.843639999999999676e-05	2.536339199999999936e-03
7.579395000000000000e+09	-2.461410999999999938e-04	3.099110200000000041e-03
7.579400000000000000e+09	-5.633876999999999592e-04	3.390666699999999884e-03
7.579405000000000000e+09	-3.472435999999999969e-04	2.906325400000000104e-03
7.579410000000000000e+09	-1.177268999999999993e-04	3.116962100000000065e-03
7.579415000000000000e+09	-4.019582000000000168e-04	3.023160400000000133e-03
7.579420000000000000e+09	-4.341467000000000221e-04	2.910735700000000037e-03
7.579425000000000000e+09	-7.548356000000000206e-04	2.695904099999999869e-03
7.579430000000000000e+09	-4.035679000000000024e-04	3.129326899999999856e-03
7.579435000000000000e+09	1.242155999999999903e-04	3.295773000000000105e-03
7.579440000000000000e+09	4.182949000000000259e-04	3.135002999999999922e-03
7.579445000000000000e+09	-3.388401000000000086e-04	2.844589900000000105e-03
7.579450000000000000e+09	-1.126570999999999958e-04	3.301219499999999939e-03
7.579455000000000000e+09	-3.264742999999999855e-04	2.856765800000000098e-03
7.579460000000000000e+09	2.407617000000000025e-04	2.864394799999999981e-03
7.579465000000000000e+09	-5.669902999999999575e-04	2.715631999999999942e-03
7.579470000000000000e+09	-1.142096599999999984e-03	3.213210800000000037e-03
7.579475000000000000e+09	1.457827000000000027e-04	2.901613600000000140e-03
7.579480000000000000e+09	3.642868000000000169e-04	2.992842300000000001e-03
7.579485000000000000e+09	5.292496999999999957e-04	2.796037300000000017e-03
7.579490000000000000e+09	5.835392999999999917e-04	3.384346700000000121e-03
7.579495000000000000e+09	-6.163459000000000038e-04	2.674866799999999975e-03
7.579500000000000000e+09	3.820459999999999671e-05	2.986312599999999852e-03
7.579505000000000000e+09	1.858499999999999909e-05	2.592607700000000050e-03
7.579510000000000000e+09	-3.865513999999999799e-04	2.578687000000000080e-03
7.579515000000000000e+09	2.298644000000000078e-04	3.213555900000000191e-03
7.579520000000000000e+09	2.331039000000000028e-04	2.643710599999999841e-03
7.579525000000000000e+09	9.291599999999999266e-06	2.724623199999999870e-03
7.579530000000000000e+09	-3.540859999999999841e-05	3.045121999999999933e-03
7.579535000000000000e+09	4.391889999999999721e-05	3.284257100000000096e-03
7.579540000000000000e+09	-1.281897999999999903e-04	3.637738299999999838e-03
7.579545000000000000e+09	9.610270000000000401e-05	3.411664599999999787e-03
7.579550000000000000e+09	3.956189000000000146e-04	3.383431699999999917e-03
7.579555000000000000e+09	2.606956000000000117e-04	3.244893600000000201e-03
7.579560000000000000e+09	-5.329589999999999908e-05	2.926864300000000044e-03
7.579565000000000000e+09	1.012817999999999965e-04	3.057661299999999815e-03
7.579570000000000000e+09	1.877411000000000108e-04	2.839562800000000175e-03
7.579575000000000000e+09	-5.379879999999999726e-05	3.300498700000000039e-03
7.579580000000000000e+09	1.224538999999999966e-04	2.539832899999999987e-03
7.579585000000000000e+09	-3.237600000000000308e-05	3.195520199999999939e-03
7.579590000000000000e+09	-1.602537000000000069e-04	2.997184799999999798e-03
7.579595000000000000e+09	-4.270320000000000138e-05	2.832523699999999790e-03
7.579600000000000000e+09	2.066771999999999869e-04	3.633580100000000004e-03
7.579605000000000000e+09	1.720319999999999955e-04	2.420919000000000109e-03
7.579610000000000000e+09	-7.182370000000000150e-05	2.447113199999999961e-03
7.579615000000000000e+09	2.519673999999999959e-04	2.774181599999999900e-03
7.579620000000000000e+09	-2.268899999999999995e-06	2.475315100000000101e-03
7.579625000000000000e+09	-3.082100999999999851e-04	3.066583900000000203e-03
7.579630000000000000e+09	-3.125360000000000177e-05	3.059711499999999852e-03
7.579635000000000000e+09	-2.670794000000000098e-04	2.027680899999999894e-03
7.579640000000000000e+09	6.350439999999999460e-05	2.391040499999999829e-03
7.579645000000000000e+09	5.509516000000000326e-04	2.431116100000000127e-03
7.579650000000000000e+09	1.666344000000000050e-04	2.419755100000000030e-03
7.579655000000000000e+09	9.693900000000000479e-06	2.903017800000000197e-03
7.579660000000000000e+09	1.777136999999999922e-04	3.391357700000000031e-03
7.579665000000000000e+09	4.552345000000000068e-04	3.351031200000000043e-03
7.579670000000000000e+09	3.354586999999999803e-04	2.679611799999999985e-03
7.579675000000000000e+09	2.503232000000000092e-04	2.700764699999999834e-03
7.579680000000000000e+09	2.397377000000000069e-04	2.627753999999999941e-03
7.579685000000000000e+09	-1.187069999999999970e-05	2.820024799999999807e-03
7.579690000000000000e+09	2.505737999999999759e-04	3.108295300000000171e-03
7.579695000000000000e+09	3.330378999999999848e-04	2.950247500000000196e-03
7.579700000000000000e+09	-1.847622000000000045e-04	2.724848499999999937e-03
7.579705000000000000e+09	6.981430999999999531e-04	2.571278599999999963e-03
7.579710000000000000e+09	-4.060455000000000141e-04	2.578419499999999934e-03
7.579715000000000000e+09	3.633290000000000174e-04	3.587983500000000055e-03
7.579720000000000000e+09	5.920101999999999786e-04	3.487396600000000017e-03
7.579725000000000000e+09	1.502941999999999950e-04	3.446947399999999821e-03
7.579730000000000000e+09	3.802179999999999839e-04	2.787827399999999803e-03
7.579735000000000000e+09	1.283032999999999884e-04	2.813825600000000038e-03
7.579740000000000000e+09	2.201833000000000100e-04	3.163111499999999871e-03
7.579745000000000000e+09	-1.876253999999999943e-04	3.388682100000000100e-03
7.579750000000000000e+09	5.814865000000000441e-04	3.009515600000000138e-03
7.579755000000000000e+09	2.458356000000000083e-04	2.473214000000000055e-03
7.579760000000000000e+09	6.695640000000000153e-05	3.192352199999999932e-03
7.579765000000000000e+09	1.163927999999999946e-04	2.837232900000000169e-03
7.579770000000000000e+09	2.332880000000000066e-04	2.924191400000000166e-03
7.579775000000000000e+09	7.643989999999999975e-05	2.642129899999999879e-03
7.579780000000000000e+09	2.659857999999999971e-04	2.918402599999999833e-03
7.579785000000000000e+09	3.413440000000000305e-05	3.317126300000000205e-03
7.579790000000000000e+09	-5.326741999999999762e-04	2.967754700000000204e-03
7.579795000000000000e+09	3.903900000000000078e-04	3.568328099999999985e-03
7.579800000000000000e+09	3.904689000000000250e-04	2.851900799999999934e-03
7.579805000000000000e+09	2.516408000000000251e-04	3.136154300000000041e-03
7.579810000000000000e+09	8.641032000000000313e-04	2.842711800000000209e-03
7.579815000000000000e+09	7.051709999999999879e-04	3.190277699999999848e-03
7.579820000000000000e+09	4.762259000000000240e-04	2.635352699999999899e-03
7.579825000000000000e+09	7.703840000000000427e-05	3.437260399999999844e-03
7.579830000000000000e+09	2.769256999999999904e-04	2.833416599999999830e-03
7.579835000000000000e+09	7.932418999999999581e-04	2.766780300000000036e-03
7.579840000000000000e+09	3.141104000000000140e-04	3.305511200000000194e-03
7.579845000000000000e+09	3.596378000000000010e-04	2.990394999999999859e-03
7.579850000000000000e+09	7.697984999999999854e-04	2.926598500000000044e-03
7.579855000000000000e+09	8.833190000000000312e-04	2.659169800000000129e-03
7.579860000000000000e+09	3.453630999999999867e-04	3.083342199999999835e-03
7.579865000000000000e+09	5.770454000000000165e-04	3.001464499999999865e-03
7.579870000000000000e+09	3.800099999999999836e-06	2.664585599999999901e-03
7.579875000000000000e+09	2.484416000000000033e-04	2.729107200000000216e-03
7.579880000000000000e+09	2.117340999999999961e-04	2.580577100000000165e-03
7.579885000000000000e+09	-2.000000000000000164e-05	2.744422399999999970e-03
7.579890000000000000e+09	8.832700000000000187e-04	3.250226299999999825e-03
7.579895000000000000e+09	4.513111000000000097e-04	3.111143600000000013e-03
7.579900000000000000e+09	4.906420000000000095e-04	2.551005600000000057e-03
7.579905000000000000e+09	1.303433999999999962e-04	3.081398899999999823e-03
7.579910000000000000e+09	2.586371000000000178e-04	2.886395400000000069e-03
7.579915000000000000e+09	6.012902000000000524e-04	2.937853199999999887e-03
7.579920000000000000e+09	2.819060999999999876e-04	3.206003099999999838e-03
7.579925000000000000e+09	6.472738999999999489e-04	2.927615100000000199e-03
7.579930000000000000e+09	3.499768999999999797e-04	3.521621899999999826e-03
7.579935000000000000e+09	3.793701000000000018e-04	2.143079300000000093e-03
7.579940000000000000e+09	4.214830999999999829e-04	2.588151700000000145e-03
7.579945000000000000e+09	2.250963999999999884e-04	2.592657700000000186e-03
7.579950000000000000e+09	5.360773000000000317e-04	2.939217200000000113e-03
7.579955000000000000e+09	3.789032999999999811e-04	2.564043599999999996e-03
7.579960000000000000e+09	7.432097000000000139e-04	2.116438600000000204e-03
7.579965000000000000e+09	7.577887999999999638e-04	2.969379800000000128e-03
7.579970000000000000e+09	8.000410999999999591e-04	2.485698199999999795e-03
7.579975000000000000e+09	6.067075000000000115e-04	3.241529099999999972e-03
7.579980000000000000e+09	1.276166000000000073e-04	3.146332899999999821e-03
7.579985000000000000e+09	2.860739000000000055e-04	3.210722699999999860e-03
7.579990000000000000e+09	6.882204999999999746e-04	2.533988699999999844e-03
7.579995000000000000e+09	4.063138999999999792e-04	3.072960400000000151e-03
7.580000000000000000e+09	-2.558000000000000009e-07	2.987050599999999979e-03
7.580005000000000000e+09	7.703912000000000043e-04	2.211145600000000069e-03
7.580010000000000000e+09	9.318545000000000344e-04	2.982625100000000067e-03
7.580015000000000000e+09	4.332807999999999733e-04	2.461039400000000071e-03
7.580020000000000000e+09	3.842140999999999981e-04	3.305371499999999827e-03
7.580025000000000000e+09	7.503184999999999889e-04	2.796605099999999785e-03
7.580030000000000000e+09	-1.898989000000000124e-04	2.540920500000000068e-03
7.580035000000000000e+09	4.041119999999999825e-04	3.178528199999999977e-03
7.580040000000000000e+09	5.193609000000000506e-04	2.545894999999999842e-03
7.580045000000000000e+09	6.667816999999999928e-04	2.284668399999999818e-03
7.580050000000000000e+09	6.661278999999999551e-04	2.455431200000000175e-03
7.580055000000000000e+09	7.931929999999999797e-04	3.093893099999999938e-03
7.580060000000000000e+09	1.253909500000000054e-03	3.527369099999999851e-03
7.580065000000000000e+09	7.152869999999999975e-04	3.013142700000000142e-03
7.580070000000000000e+09	1.106022899999999998e-03	2.603192199999999901e-03
7.580075000000000000e+09	8.716177000000000083e-04	2.604023100000000049e-03
7.580080000000000000e+09	7.983581999999999484e-04	3.173530199999999996e-03
7.580085000000000000e+09	5.141301999999999721e-04	2.837053300000000073e-03
7.580090000000000000e+09	4.385836000000000270e-04	2.504586799999999891e-03
7.580095000000000000e+09	1.319565399999999894e-03	2.859811500000000034e-03
7.580100000000000000e+09	1.869544000000000002e-04	2.807272300000000081e-03
7.580105000000000000e+09	1.196514400000000004e-03	2.801851699999999973e-03
7.580110000000000000e+09	3.022693000000000233e-04	3.118263799999999863e-03
7.580115000000000000e+09	3.563594000000000223e-04	3.177588399999999990e-03
7.580120000000000000e+09	1.823026200000000012e-03	3.157341699999999945e-03
7.580125000000000000e+09	8.235073000000000089e-04	2.906671400000000131e-03
7.580130000000000000e+09	1.882046799999999905e-03	2.503576899999999852e-03
7.580135000000000000e+09	7.983920000000000632e-05	1.775775000000000053e-03
7.580140000000000000e+09	1.414660000000000039e-04	3.321558300000000165e-03
7.580145000000000000e+09	5.841737000000000275e-04	3.092262399999999838e-03
7.580150000000000000e+09	8.632276000000000359e-04	3.117908300000000067e-03
7.580155000000000000e+09	1.412543399999999965e-03	2.758647199999999990e-03
7.580160000000000000e+09	2.532737000000000074e-04	2.938401900000000080e-03
7.580165000000000000e+09	8.829022000000000389e-04	3.027022800000000145e-03
7.580170000000000000e+09	1.052832000000000073e-03	2.704846800000000172e-03
7.580175000000000000e+09	3.882450999999999871e-04	2.570145900000000115e-03
7.580180000000000000e+09	8.402992000000000404e-04	2.432847699999999939e-03
7.580185000000000000e+09	1.744365299999999994e-03	3.150607799999999986e-03
7.580190000000000000e+09	8.826291000000000431e-04	3.214200300000000059e-03
7.580195000000000000e+09	4.108582999999999962e-04	2.664661300000000128e-03
7.580200000000000000e+09	7.407006000000000484e-04	3.162485100000000070e-03
7.580205000000000000e+09	1.243172899999999944e-03	2.551552600000000105e-03
7.580210000000000000e+09	1.040713599999999956e-03	2.687155499999999836e-03
7.580215000000000000e+09	1.674225000000000051e-04	3.087175299999999831e-03
7.580220000000000000e+09	1.502669299999999982e-03	2.634447800000000103e-03
7.580225000000000000e+09	9.606813000000000071e-04	2.470539099999999929e-03
7.580230000000000000e+09	5.994683999999999473e-04	3.620670600000000083e-03
7.580235000000000000e+09	5.347727000000000036e-04	2.470551599999999855e-03
7.580240000000000000e+09	9.730127000000000090e-04	3.087425699999999783e-03
7.580245000000000000e+09	5.297543000000000044e-04	2.754212900000000113e-03
7.580250000000000000e+09	1.816218000000000032e-04	3.112907800000000100e-03
7.580255000000000000e+09	1.799624000000000102e-04	3.028929699999999888e-03
7.580260000000000000e+09	9.731314000000000457e-04	2.858542700000000179e-03
7.580265000000000000e+09	1.398906000000000108e-03	2.878786999999999839e-03
7.580270000000000000e+09	8.907684999999999605e-04	3.199813000000000136e-03
7.580275000000000000e+09	1.259830200000000046e-03	2.923023099999999888e-03
7.580280000000000000e+09	1.107118399999999954e-03	2.954542799999999945e-03
7.580285000000000000e+09	8.205808999999999890e-04	2.918272200000000035e-03
7.580290000000000000e+09	7.728407000000000289e-04	3.254875200000000024e-03
7.580295000000000000e+09	1.013718700000000063e-03	2.793794300000000154e-03
7.580300000000000000e+09	4.246391000000000185e-04	2.977109700000000157e-03
7.580305000000000000e+09	9.940967999999999246e-04	2.922798500000000060e-03
7.580310000000000000e+09	5.320515999999999527e-04	3.333458799999999920e-03
7.580315000000000000e+09	9.537376999999999877e-04	2.923704000000000060e-03
7.580320000000000000e+09	8.901393999999999973e-04	2.724905399999999825e-03
7.580325000000000000e+09	7.855616000000000378e-04	2.632008099999999951e-03
7.580330000000000000e+09	1.233193600000000037e-03	2.574531599999999899e-03
7.580335000000000000e+09	1.451880200000000079e-03	2.961034200000000043e-03
7.580340000000000000e+09	1.114964399999999892e-03	2.624135399999999799e-03
7.580345000000000000e+09	8.059688999999999872e-04	2.392480599999999985e-03
7.580350000000000000e+09	1.055919399999999918e-03	2.812771600000000139e-03
7.580355000000000000e+09	1.101904199999999973e-03	2.553781000000000193e-03
7.580360000000000000e+09	1.085864499999999924e-03	2.906758800000000011e-03
7.580365000000000000e+09	7.299739999999999875e-04	2.404250499999999874e-03
7.580370000000000000e+09	1.242832300000000023e-03	3.189608699999999832e-03
7.580375000000000000e+09	1.093631000000000074e-03	2.664920400000000012e-03
7.580380000000000000e+09	1.561639000000000083e-03	2.223698000000000081e-03
7.580385000000000000e+09	8.440737000000000023e-04	3.016176499999999924e-03
7.580390000000000000e+09	1.295083700000000063e-03	2.900039499999999826e-03
7.580395000000000000e+09	3.741517999999999775e-04	2.307312299999999834e-03
7.580400000000000000e+09	1.523501299999999907e-03	2.807237800000000026e-03
7.580405000000000000e+09	1.224123799999999977e-03	2.791433900000000155e-03
7.580410000000000000e+09	1.402388000000000072e-03	2.874753600000000062e-03
7.580415000000000000e+09	1.507362400000000074e-03	3.243902700000000135e-03
7.580420000000000000e+09	1.322031399999999907e-03	2.285375400000000216e-03
7.580425000000000000e+09	1.223418800000000044e-03	2.513987899999999952e-03
7.580430000000000000e+09	1.247785400000000090e-03	3.130731600000000083e-03
7.580435000000000000e+09	1.350016400000000026e-03	2.540485700000000117e-03
7.580440000000000000e+09	1.091811700000000062e-03	2.683287300000000014e-03
7.580445000000000000e+09	1.097179499999999946e-03	2.586818700000000082e-03
7.580450000000000000e+09	1.073387799999999921e-03	2.147398599999999786e-03
7.580455000000000000e+09	7.583143999999999779e-04	2.916329000000000057e-03
7.580460000000000000e+09	1.214787200000000010e-03	2.416333899999999982e-03
7.580465000000000000e+09	1.212144999999999976e-03	2.696839999999999828e-03
7.580470000000000000e+09	1.226318099999999930e-03	2.986861600000000148e-03
7.580475000000000000e+09	8.486611999999999715e-04	2.747397700000000186e-03
7.580480000000000000e+09	1.596982700000000067e-03	3.206745400000000131e-03
7.580485000000000000e+09	1.008099799999999987e-03	2.577084500000000056e-03
7.580490000000000000e+09	1.554487100000000047e-03	2.752108300000000174e-03
7.580495000000000000e+09	1.096983900000000033e-03	3.115984599999999799e-03
7.580500000000000000e+09	1.611456299999999928e-03	2.587147499999999881e-03
7.580505000000000000e+09	1.142608399999999955e-03	3.072134399999999939e-03
7.580510000000000000e+09	8.156510999999999536e-04	2.318897199999999954e-03
7.580515000000000000e+09	1.061987799999999970e-03	2.697143700000000175e-03
7.580520000000000000e+09	1.357303999999999932e-03	3.527600399999999796e-03
7.580525000000000000e+09	9.074706999999999782e-04	2.654794600000000022e-03
7.580530000000000000e+09	1.393679899999999972e-03	2.775731400000000168e-03
7.580535000000000000e+09	1.376609700000000014e-03	2.963604199999999959e-03
7.580540000000000000e+09	1.390991799999999898e-03	2.571051999999999886e-03
7.580545000000000000e+09	7.324970000000000309e-04	2.810038300000000048e-03
7.580550000000000000e+09	1.084370500000000036e-03	2.311403999999999976e-03
7.580555000000000000e+09	1.167116499999999897e-03	2.203300400000000187e-03
7.580560000000000000e+09	1.167881699999999976e-03	2.309021799999999916e-03
7.580565000000000000e+09	9.814610999999999127e-04	2.673521199999999952e-03
7.580570000000000000e+09	6.757685000000000471e-04	2.380606500000000125e-03
7.580575000000000000e+09	1.478779699999999966e-03	2.322664600000000096e-03
7.580580000000000000e+09	1.106997599999999960e-03	2.487101800000000081e-03
7.580585000000000000e+09	1.338412200000000047e-03	2.579801200000000124e-03
7.580590000000000000e+09	2.318920600000000127e-03	3.142430600000000081e-03
7.580595000000000000e+09	1.533711299999999987e-03	2.834513500000000047e-03
7.580600000000000000e+09	1.184996999999999917e-03	2.408405800000000020e-03
7.580605000000000000e+09	1.137182600000000024e-03	2.237217799999999951e-03
7.580610000000000000e+09	1.977600600000000135e-03	2.753498799999999896e-03
7.580615000000000000e+09	1.392471900000000033e-03	2.924379300000000056e-03
7.580620000000000000e+09	1.089315599999999976e-03	2.481598399999999927e-03
7.580625000000000000e+09	8.027101000000000245e-04	2.809666499999999897e-03
7.580630000000000000e+09	1.365320800000000001e-03	2.991656999999999997e-03
7.580635000000000000e+09	1.679935700000000044e-03	3.079227500000000090e-03
7.580640000000000000e+09	1.372498399999999910e-03	2.312816100000000125e-03
7.580645000000000000e+09	1.237118300000000044e-03	2.735762699999999895e-03
7.580650000000000000e+09	1.669859600000000088e-03	2.814561499999999883e-03
7.580655000000000000e+09	2.072686199999999868e-03	2.757415699999999845e-03
7.580660000000000000e+09	1.798655799999999971e-03	2.850195199999999880e-03
7.580665000000000000e+09	1.472776000000000076e-03	2.379816800000000149e-03
7.580670000000000000e+09	1.699206399999999900e-03	2.726785499999999970e-03
7.580675000000000000e+09	2.103723100000000085e-03	2.827027199999999820e-03
7.580680000000000000e+09	8.707005000000000300e-04	2.490285999999999975e-03
7.580685000000000000e+09	1.482775300000000081e-03	2.171552199999999839e-03
7.580690000000000000e+09	1.015242599999999955e-03	2.702576300000000039e-03
7.580695000000000000e+09	1.389389200000000057e-03	2.309713299999999799e-03
7.580700000000000000e+09	1.809391499999999991e-03	2.515397600000000150e-03
7.580705000000000000e+09	1.733001000000000073e-03	2.555441900000000183e-03
7.580710000000000000e+09	1.208774400000000053e-03	2.639217399999999828e-03
7.580715000000000000e+09	1.728897500000000026e-03	2.576474000000000038e-03
7.580720000000000000e+09	1.487783099999999935e-03	2.059780700000000010e-03
7.580725000000000000e+09	1.783934000000000041e-03	2.249946200000000132e-03
7.580730000000000000e+09	1.340868600000000039e-03	1.854832199999999903e-03
7.580735000000000000e+09	1.803004599999999966e-03	2.676449500000000186e-03
7.580740000000000000e+09	9.301195000000000383e-04	2.463486899999999848e-03
7.580745000000000000e+09	1.956946399999999909e-03	2.273212799999999988e-03
7.580750000000000000e+09	1.463906600000000049e-03	2.498996099999999890e-03
7.580755000000000000e+09	2.114951299999999999e-03	2.562293499999999946e-03
7.580760000000000000e+09	1.613412299999999935e-03	2.522796099999999927e-03
7.580765000000000000e+09	1.331991499999999988e-03	2.515913800000000103e-03
7.580770000000000000e+09	1.617701999999999942e-03	2.412204199999999892e-03
7.580775000000000000e+09	1.058006800000000063e-03	2.333766599999999910e-03
7.580780000000000000e+09	1.669672999999999990e-03	2.971250300000000035e-03
7.580785000000000000e+09	8.703836999999999859e-04	2.053189500000000139e-03
7.580790000000000000e+09	1.450887600000000085e-03	2.787530199999999937e-03
7.580795000000000000e+09	2.260200999999999877e-03	2.347394100000000077e-03
7.580800000000000000e+09	9.219443999999999816e-04	2.473648199999999801e-03
7.580805000000000000e+09	1.567593200000000006e-03	2.591806600000000089e-03
7.580810000000000000e+09	2.461040700000000081e-03	2.912846800000000024e-03
7.580815000000000000e+09	1.693089199999999904e-03	2.270206099999999907e-03
7.580820000000000000e+09	9.693395000000000050e-04	2.434873900000000032e-03
7.580825000000000000e+09	1.393785499999999986e-03	2.492022100000000021e-03
7.580830000000000000e+09	1.538074400000000088e-03	2.165573100000000098e-03
7.580835000000000000e+09	1.738481500000000008e-03	2.359674600000000178e-03
7.580840000000000000e+09	1.947031400000000028e-03	2.365069200000000094e-03
7.580845000000000000e+09	1.557705599999999928e-03	1.920239200000000085e-03
7.580850000000000000e+09	1.854111199999999935e-03	2.015307100000000070e-03
7.580855000000000000e+09	1.757237999999999942e-03	1.842720499999999902e-03
7.580860000000000000e+09	1.502810499999999994e-03	2.775396600000000057e-03
7.580865000000000000e+09	1.509336999999999918e-03	3.006962900000000050e-03
7.580870000000000000e+09	1.664297300000000014e-03	2.552899300000000069e-03
7.580875000000000000e+09	1.819721999999999963e-03	2.309286099999999838e-03
7.580880000000000000e+09	1.754845299999999988e-03	2.205194599999999935e-03
7.580885000000000000e+09	1.467492400000000065e-03	2.940613600000000112e-03
7.580890000000000000e+09	1.847583700000000103e-03	2.864955199999999827e-03
7.580895000000000000e+09	1.308545400000000070e-03	2.901274499999999864e-03
7.580900000000000000e+09	2.185437799999999983e-03	2.099774999999999905e-03
7.580905000000000000e+09	1.255101499999999957e-03	1.644793299999999965e-03
7.580910000000000000e+09	1.627944099999999910e-03	2.430379299999999975e-03
7.580915000000000000e+09	1.737557399999999953e-03	2.327439900000000030e-03
7.580920000000000000e+09	1.902395600000000072e-03	2.039641599999999794e-03
7.580925000000000000e+09	1.785886900000000074e-03	2.572285200000000178e-03
7.580930000000000000e+09	1.860795200000000009e-03	2.353566999999999985e-03
7.580935000000000000e+09	1.866805200000000095e-03	2.629034299999999814e-03
7.580940000000000000e+09	1.930811300000000045e-03	2.427442900000000015e-03
7.580945000000000000e+09	1.761652600000000041e-03	2.096253399999999881e-03
7.580950000000000000e+09	2.221120599999999810e-03	1.998969499999999917e-03
7.580955000000000000e+09	1.823737800000000027e-03	2.529562999999999864e-03
7.580960000000000000e+09	1.962281900000000055e-03	2.136407099999999924e-03
7.580965000000000000e+09	1.435203799999999969e-03	2.375395399999999900e-03
7.580970000000000000e+09	1.863831899999999911e-03	2.187466900000000197e-03
7.580975000000000000e+09	1.992004500000000081e-03	2.596119300000000133e-03
7.580980000000000000e+09	1.530214100000000044e-03	2.194186400000000016e-03
7.580985000000000000e+09	2.079254300000000100e-03	2.569623799999999885e-03
7.580990000000000000e+09	1.886454299999999968e-03	2.133799400000000162e-03
7.580995000000000000e+09	1.762055100000000036e-03	2.438795300000000214e-03
7.581000000000000000e+09	1.865057399999999962e-03	2.388017100000000125e-03
7.581005000000000000e+09	1.522849900000000038e-03	1.927255400000000033e-03
7.581010000000000000e+09	1.633342099999999901e-03	1.878955099999999896e-03
7.581015000000000000e+09	1.764210399999999917e-03	1.878468400000000028e-03
7.581020000000000000e+09	2.130712500000000054e-03	2.278999900000000176e-03
7.581025000000000000e+09	1.144936299999999929e-03	2.436020200000000181e-03
7.581030000000000000e+09	2.258819699999999823e-03	1.663704000000000007e-03
7.581035000000000000e+09	1.741794700000000090e-03	2.310336400000000210e-03
7.581040000000000000e+09	1.676259800000000095e-03	1.809966600000000080e-03
7.581045000000000000e+09	1.400267099999999995e-03	2.450629900000000048e-03
7.581050000000000000e+09	2.316060699999999799e-03	1.822188100000000010e-03
7.581055000000000000e+09	1.491936400000000050e-03	1.964136100000000041e-03
7.581060000000000000e+09	1.588783500000000033e-03	2.730331600000000108e-03
7.581065000000000000e+09	2.092065599999999928e-03	2.303249700000000073e-03
7.581070000000000000e+09	2.197411099999999843e-03	2.067182500000000044e-03
7.581075000000000000e+09	2.086330300000000058e-03	2.317529799999999869e-03
7.581080000000000000e+09	2.312212699999999926e-03	2.364300699999999974e-03
7.581085000000000000e+09	2.083510499999999960e-03	2.151258899999999950e-03
7.581090000000000000e+09	2.036243200000000149e-03	1.990114700000000098e-03
7.581095000000000000e+09	2.134540199999999943e-03	3.015315000000000183e-03
7.581100000000000000e+09	2.362643299999999877e-03	2.231255799999999970e-03
7.581105000000000000e+09	2.293332500000000093e-03	2.248897699999999941e-03
7.581110000000000000e+09	2.135752700000000115e-03	2.280925799999999892e-03
7.581115000000000000e+09	2.453600199999999860e-03	2.193872999999999830e-03
7.581120000000000000e+09	2.367646000000000160e-03	2.143021299999999831e-03
7.581125000000000000e+09	2.055922500000000128e-03	2.129837199999999944e-03
7.581130000000000000e+09	2.312731000000000162e-03	2.182124799999999969e-03
7.581135000000000000e+09	1.948711000000000106e-03	2.408884599999999796e-03
7.581140000000000000e+09	1.822376400000000037e-03	2.509823000000000002e-03
7.581145000000000000e+09	2.502331300000000102e-03	2.128396700000000086e-03
7.581150000000000000e+09	1.971569500000000009e-03	2.329203699999999981e-03
7.581155000000000000e+09	1.468825599999999980e-03	1.923678700000000085e-03
7.581160000000000000e+09	2.049136899999999886e-03	2.189781100000000053e-03
7.581165000000000000e+09	1.608555200000000079e-03	1.985548299999999843e-03
7.581170000000000000e+09	2.152442699999999876e-03	1.766945800000000073e-03
7.581175000000000000e+09	2.249761900000000168e-03	2.308497699999999871e-03
7.581180000000000000e+09	2.015781900000000217e-03	2.071545000000000157e-03
7.581185000000000000e+09	2.008724300000000029e-03	1.920033800000000082e-03
7.581190000000000000e+09	2.041608999999999785e-03	1.763735399999999919e-03
7.581195000000000000e+09	2.005198000000000137e-03	2.171529900000000041e-03
7.581200000000000000e+09	1.956602600000000199e-03	1.977984400000000042e-03
7.581205000000000000e+09	2.150497400000000048e-03	2.769002999999999916e-03
7.581210000000000000e+09	2.415088900000000004e-03	2.607355400000000139e-03
7.581215000000000000e+09	2.028858299999999806e-03	1.826439600000000002e-03
7.581220000000000000e+09	1.487138700000000067e-03	2.348638100000000149e-03
7.581225000000000000e+09	2.004494299999999996e-03	1.958018299999999840e-03
7.581230000000000000e+09	1.806149400000000085e-03	1.702772200000000034e-03
7.581235000000000000e+09	2.553448199999999897e-03	2.174596699999999799e-03
7.581240000000000000e+09	2.131464899999999888e-03	1.451732700000000088e-03
7.581245000000000000e+09	2.189437399999999943e-03	1.769195799999999938e-03
7.581250000000000000e+09	1.804538000000000062e-03	1.858062099999999986e-03
7.581255000000000000e+09	2.376028000000000081e-03	2.187529899999999996e-03
7.581260000000000000e+09	2.655096899999999892e-03	1.930920200000000100e-03
7.581265000000000000e+09	2.329462999999999933e-03	2.250943599999999812e-03
7.581270000000000000e+09	2.533774800000000195e-03	2.258925699999999974e-03
7.581275000000000000e+09	1.783896799999999932e-03	2.219628300000000068e-03
7.581280000000000000e+09	2.052671399999999972e-03	1.774985599999999962e-03
7.581285000000000000e+09	2.086589199999999873e-03	1.826698199999999932e-03
7.581290000000000000e+09	2.706638099999999960e-03	2.775398100000000135e-03
7.581295000000000000e+09	2.086866799999999994e-03	1.639958400000000090e-03
7.581300000000000000e+09	2.672411300000000073e-03	2.133072199999999814e-03
7.581305000000000000e+09	2.247219099999999987e-03	2.066681700000000139e-03
7.581310000000000000e+09	2.227210199999999935e-03	1.727198199999999953e-03
7.581315000000000000e+09	2.252721200000000132e-03	1.730118400000000027e-03
7.581320000000000000e+09	1.967340000000000148e-03	1.087847600000000064e-03
7.581325000000000000e+09	2.716581699999999835e-03	2.130680600000000018e-03
7.581330000000000000e+09	2.357366400000000198e-03	1.340018699999999917e-03
7.581335000000000000e+09	2.256046900000000140e-03	1.865527700000000092e-03
7.581340000000000000e+09	2.359882399999999915e-03	2.433386599999999827e-03
7.581345000000000000e+09	2.531775600000000202e-03	1.608426299999999925e-03
7.581350000000000000e+09	1.830979099999999974e-03	2.061958300000000122e-03
7.581355000000000000e+09	2.278809200000000198e-03	2.043312499999999990e-03
7.581360000000000000e+09	2.517703699999999847e-03	1.533202200000000071e-03
7.581365000000000000e+09	2.110315800000000033e-03	1.361210299999999953e-03
7.581370000000000000e+09	2.789471400000000101e-03	1.640726699999999925e-03
7.581375000000000000e+09	2.237662300000000173e-03	2.202562899999999796e-03
7.581380000000000000e+09	2.357101900000000208e-03	1.985713999999999969e-03
7.581385000000000000e+09	2.189216300000000007e-03	1.783329099999999981e-03
7.581390000000000000e+09	2.708113800000000113e-03	2.126483099999999793e-03
7.581395000000000000e+09	2.255341299999999785e-03	1.558449900000000036e-03
7.581400000000000000e+09	2.763472800000000163e-03	1.430303200000000025e-03
7.581405000000000000e+09	1.916161200000000061e-03	2.404215700000000150e-03
7.581410000000000000e+09	1.255660299999999908e-03	1.964578099999999845e-03
7.581415000000000000e+09	1.733290900000000051e-03	1.950663299999999935e-03
7.581420000000000000e+09	2.730815799999999991e-03	1.919220699999999932e-03
7.581425000000000000e+09	2.673195000000000172e-03	2.115378299999999892e-03
7.581430000000000000e+09	3.337651300000000175e-03	2.083373400000000045e-03
7.581435000000000000e+09	2.602592800000000199e-03	1.685519899999999996e-03
7.581440000000000000e+09	2.366404600000000108e-03	1.745175100000000102e-03
7.581445000000000000e+09	2.908409800000000094e-03	2.076122299999999792e-03
7.581450000000000000e+09	2.101926799999999894e-03	1.778581100000000033e-03
7.581455000000000000e+09	2.786910599999999853e-03	1.014526699999999991e-03
7.581460000000000000e+09	1.993704599999999993e-03	1.803874299999999901e-03
7.581465000000000000e+09	3.048830499999999940e-03	1.403469000000000071e-03
7.581470000000000000e+09	2.458659099999999792e-03	9.810498999999999869e-04
7.581475000000000000e+09	2.749351499999999875e-03	1.225732200000000062e-03
7.581480000000000000e+09	2.171221899999999962e-03	1.262526300000000028e-03
7.581485000000000000e+09	2.849546000000000110e-03	2.214878699999999791e-03
7.581490000000000000e+09	2.286657799999999938e-03	1.645577600000000052e-03
7.581495000000000000e+09	2.594300700000000143e-03	2.072533300000000203e-03
7.581500000000000000e+09	2.582913899999999922e-03	1.806300100000000084e-03
7.581505000000000000e+09	2.286259799999999960e-03	1.119165699999999895e-03
7.581510000000000000e+09	2.772864400000000021e-03	1.412248500000000016e-03
7.581515000000000000e+09	2.168120899999999816e-03	1.199354699999999937e-03
7.581520000000000000e+09	2.628848799999999875e-03	1.015055400000000087e-03
7.581525000000000000e+09	2.276786600000000032e-03	1.202930899999999931e-03
7.581530000000000000e+09	2.405720899999999954e-03	1.598160200000000013e-03
7.581535000000000000e+09	2.056474100000000010e-03	1.828658900000000023e-03
7.581540000000000000e+09	2.146598300000000098e-03	1.076366600000000029e-03
7.581545000000000000e+09	2.223458199999999840e-03	1.589991000000000017e-03
7.581550000000000000e+09	1.912979800000000037e-03	1.818247999999999956e-03
7.581555000000000000e+09	2.635343300000000163e-03	1.273971899999999918e-03
7.581560000000000000e+09	2.832291299999999904e-03	1.710567000000000077e-03
7.581565000000000000e+09	2.673365899999999903e-03	1.822582699999999913e-03
7.581570000000000000e+09	2.138469300000000149e-03	1.180852399999999950e-03
7.581575000000000000e+09	2.523683399999999792e-03	1.424709099999999949e-03
7.581580000000000000e+09	2.732784499999999991e-03	1.701182199999999936e-03
7.581585000000000000e+09	2.631990299999999953e-03	1.259853800000000070e-03
7.581590000000000000e+09	2.935183499999999800e-03	1.177123300000000074e-03
7.581595000000000000e+09	3.052745500000000108e-03	1.741869799999999895e-03
7.581600000000000000e+09	2.141154299999999816e-03	1.442212999999999915e-03
7.581605000000000000e+09	2.747550200000000147e-03	1.547429500000000076e-03
7.581610000000000000e+09	3.237008699999999791e-03	1.273591500000000086e-03
7.581615000000000000e+09	2.685633199999999839e-03	1.297888299999999965e-03
7.581620000000000000e+09	2.253275999999999803e-03	1.577230999999999902e-03
7.581625000000000000e+09	2.518400300000000168e-03	1.715887599999999912e-03
7.581630000000000000e+09	2.862644499999999863e-03	1.390410199999999978e-03
7.581635000000000000e+09	2.658911199999999982e-03	1.299884000000000065e-03
7.581640000000000000e+09	2.588073000000000196e-03	1.164508500000000033e-03
7.581645000000000000e+09	2.708570999999999895e-03	1.496589499999999946e-03
7.581650000000000000e+09	2.347143199999999954e-03	1.175474300000000022e-03
7.581655000000000000e+09	2.360184899999999853e-03	1.778443499999999948e-03
7.581660000000000000e+09	2.306514700000000199e-03	7.916091000000000100e-04
7.581665000000000000e+09	2.606583400000000127e-03	1.760509200000000014e-03
7.581670000000000000e+09	2.417700400000000194e-03	1.712814499999999957e-03
7.581675000000000000e+09	2.995817000000000011e-03	1.371516799999999980e-03
7.581680000000000000e+09	2.824088399999999908e-03	1.223687999999999903e-03
7.581685000000000000e+09	2.096726100000000179e-03	1.165653100000000036e-03
7.581690000000000000e+09	2.380217699999999815e-03	1.929652000000000017e-03
7.581695000000000000e+09	2.270436399999999945e-03	1.606183300000000062e-03
7.581700000000000000e+09	3.038124699999999925e-03	9.218794999999999681e-04
7.581705000000000000e+09	2.862024700000000144e-03	6.592584000000000508e-04
7.581710000000000000e+09	2.892342899999999876e-03	1.294914400000000011e-03
7.581715000000000000e+09	2.634362099999999936e-03	1.384606899999999904e-03
7.581720000000000000e+09	2.637797700000000124e-03	1.638845799999999941e-03
7.581725000000000000e+09	2.084547700000000201e-03	6.724479999999999694e-04
7.581730000000000000e+09	2.700014699999999952e-03	1.549330200000000090e-03
7.581735000000000000e+09	2.523215100000000127e-03	8.040464999999999461e-04
7.581740000000000000e+09	2.362113800000000159e-03	1.557839099999999916e-03
7.581745000000000000e+09	2.549421899999999939e-03	1.025199000000000076e-03
7.581750000000000000e+09	2.471483699999999818e-03	1.706004600000000102e-03
7.581755000000000000e+09	2.056155000000000049e-03	2.026406100000000161e-03
7.581760000000000000e+09	3.180278899999999798e-03	1.343121299999999957e-03
7.581765000000000000e+09	2.824515399999999801e-03	1.434234400000000079e-03
7.581770000000000000e+09	2.419137000000000023e-03	1.429743200000000098e-03
7.581775000000000000e+09	2.697061399999999866e-03	1.542425100000000080e-03
7.581780000000000000e+09	2.843096399999999954e-03	1.099597600000000105e-03
7.581785000000000000e+09	2.799915400000000179e-03	1.339090000000000029e-03
7.581790000000000000e+09	2.977677699999999993e-03	1.346623900000000007e-03
7.581795000000000000e+09	2.365010399999999992e-03	1.812579099999999960e-03
7.581800000000000000e+09	2.249643999999999863e-03	1.230275199999999926e-03
7.581805000000000000e+09	3.234134000000000054e-03	1.412612599999999927e-03
7.581810000000000000e+09	2.900668900000000217e-03	1.598090300000000030e-03
7.581815000000000000e+09	2.063001300000000173e-03	1.118398600000000036e-03
7.581820000000000000e+09	2.754599400000000073e-03	1.453859299999999940e-03
7.581825000000000000e+09	2.643033500000000098e-03	9.110697999999999757e-04
7.581830000000000000e+09	2.290224899999999866e-03	1.337733600000000009e-03
7.581835000000000000e+09	2.603899900000000104e-03	1.791535199999999984e-03
7.581840000000000000e+09	2.688184399999999849e-03	1.759700699999999915e-03
7.581845000000000000e+09	2.641997599999999866e-03	9.806991000000000579e-04
7.581850000000000000e+09	2.985489100000000059e-03	1.815404600000000051e-03
7.581855000000000000e+09	2.769596699999999842e-03	1.400914999999999973e-03
7.581860000000000000e+09	2.553515000000000125e-03	8.664506999999999678e-04
7.581865000000000000e+09	2.580176799999999836e-03	1.275097100000000027e-03
7.581870000000000000e+09	2.191823800000000134e-03	1.528208500000000037e-03
7.581875000000000000e+09	2.679959300000000089e-03	1.491610599999999972e-03
7.581880000000000000e+09	2.967769500000000046e-03	1.212790600000000036e-03
7.581885000000000000e+09	2.805608499999999970e-03	1.986107200000000045e-03
7.581890000000000000e+09	2.198989799999999991e-03	8.783234000000000007e-04
7.581895000000000000e+09	2.155840000000000013e-03	1.077007299999999937e-03
7.581900000000000000e+09	3.248757599999999891e-03	1.250395299999999951e-03
7.581905000000000000e+09	3.449006899999999994e-03	8.522936000000000487e-04
7.581910000000000000e+09	3.067398399999999963e-03	8.115343000000000339e-04
7.581915000000000000e+09	2.799513799999999841e-03	1.122860899999999921e-03
7.581920000000000000e+09	2.985968299999999971e-03	9.884991999999999564e-04
7.581925000000000000e+09	2.855513599999999833e-03	3.963559999999999978e-04
7.581930000000000000e+09	2.485250200000000114e-03	4.627020000000000026e-04
7.581935000000000000e+09	3.103640600000000162e-03	1.025905900000000006e-03
7.581940000000000000e+09	2.950229300000000061e-03	1.451662500000000001e-03
7.581945000000000000e+09	2.782919200000000086e-03	1.019138800000000001e-03
7.581950000000000000e+09	3.444670400000000073e-03	1.096713700000000050e-03
7.581955000000000000e+09	2.730348899999999936e-03	1.316840899999999984e-03
7.581960000000000000e+09	2.852992500000000112e-03	6.348101000000000091e-04
7.581965000000000000e+09	2.839117700000000181e-03	7.129992000000000361e-04
7.581970000000000000e+09	2.686044900000000152e-03	1.372987200000000060e-03
7.581975000000000000e+09	2.153164899999999819e-03	4.747115000000000102e-04
7.581980000000000000e+09	3.135551800000000149e-03	1.397152600000000017e-03
7.581985000000000000e+09	2.822541100000000060e-03	7.433207000000000269e-04
7.581990000000000000e+09	2.562673599999999892e-03	1.144779000000000039e-04
7.581995000000000000e+09	2.026534300000000077e-03	1.205622400000000080e-03
7.582000000000000000e+09	2.805661000000000092e-03	1.451579699999999955e-03
7.582005000000000000e+09	2.406870000000000190e-03	8.231542999999999803e-04
7.582010000000000000e+09	2.858526100000000156e-03	9.604869999999999944e-04
7.582015000000000000e+09	3.126405200000000138e-03	1.204783199999999921e-03
7.582020000000000000e+09	2.251704499999999942e-03	9.202671999999999632e-04
7.582025000000000000e+09	2.693076400000000113e-03	8.839619999999999639e-04
7.582030000000000000e+09	2.426171300000000072e-03	6.693298000000000303e-04
7.582035000000000000e+09	2.586144500000000027e-03	7.960537999999999642e-04
7.582040000000000000e+09	3.293573100000000194e-03	6.282400999999999958e-04
7.582045000000000000e+09	3.230303500000000078e-03	1.218268900000000089e-03
7.582050000000000000e+09	3.246404300000000145e-03	1.230909500000000037e-03
7.582055000000000000e+09	2.817682900000000046e-03	8.098441999999999533e-04
7.582060000000000000e+09	2.907899499999999984e-03	1.480523799999999921e-03
7.582065000000000000e+09	2.370272899999999964e-03	6.300146000000000175e-04
7.582070000000000000e+09	2.185098800000000174e-03	4.793145999999999865e-04
7.582075000000000000e+09	2.856444000000000084e-03	4.495670999999999804e-04
7.582080000000000000e+09	3.051932700000000061e-03	4.274979000000000257e-04
7.582085000000000000e+09	2.749328699999999907e-03	8.693878999999999843e-04
7.582090000000000000e+09	2.400990400000000118e-03	8.445627000000000039e-04
7.582095000000000000e+09	3.059384200000000130e-03	1.460694000000000011e-04
7.582100000000000000e+09	2.593048900000000014e-03	4.728714999999999872e-04
7.582105000000000000e+09	3.053098800000000022e-03	1.491239999999999973e-05
7.582110000000000000e+09	2.574671199999999799e-03	9.539629000000000207e-04
7.582115000000000000e+09	3.133244099999999907e-03	7.931681999999999795e-04
7.582120000000000000e+09	3.328853200000000175e-03	7.819679999999999643e-04
7.582125000000000000e+09	2.890702599999999973e-03	5.317819999999999579e-04
7.582130000000000000e+09	2.676756399999999890e-03	3.651487000000000027e-04
7.582135000000000000e+09	2.755713899999999786e-03	4.035363000000000144e-04
7.582140000000000000e+09	2.288238000000000164e-03	8.952432999999999875e-04
7.582145000000000000e+09	2.102552499999999890e-03	3.231390999999999908e-04
7.582150000000000000e+09	3.467409900000000163e-03	8.902579999999999728e-05
7.582155000000000000e+09	2.679883999999999999e-03	4.530086000000000117e-04
7.582160000000000000e+09	2.462177500000000026e-03	6.738080000000000241e-04
7.582165000000000000e+09	2.769325300000000101e-03	5.699652999999999621e-04
7.582170000000000000e+09	2.838350199999999969e-03	6.077958000000000058e-04
7.582175000000000000e+09	2.791340399999999930e-03	1.322983800000000071e-03
7.582180000000000000e+09	2.204039799999999924e-03	8.662029000000000343e-04
7.582185000000000000e+09	2.872597800000000010e-03	5.710373000000000358e-04
7.582190000000000000e+09	2.563449299999999865e-03	9.604636999999999637e-04
7.582195000000000000e+09	2.814050099999999832e-03	1.714262999999999887e-04
7.582200000000000000e+09	2.777290200000000035e-03	9.421428000000000354e-04
7.582205000000000000e+09	2.930524099999999924e-03	5.872972000000000392e-04
7.582210000000000000e+09	2.884149600000000119e-03	8.896467000000000350e-04
7.582215000000000000e+09	2.789598800000000177e-03	8.642520000000000052e-05
7.582220000000000000e+09	2.907211199999999891e-03	9.047039999999999358e-05
7.582225000000000000e+09	1.897571999999999931e-03	1.016071199999999970e-03
7.582230000000000000e+09	2.711429100000000043e-03	4.555911000000000162e-04
7.582235000000000000e+09	2.899421499999999853e-03	3.261545999999999825e-04
7.582240000000000000e+09	3.017207100000000083e-03	2.007138999999999961e-04
7.582245000000000000e+09	2.930032200000000017e-03	6.206710000000000482e-04
7.582250000000000000e+09	3.246174000000000108e-03	-4.562350000000000118e-05
7.582255000000000000e+09	2.448856799999999962e-03	-5.160187000000000541e-04
7.582260000000000000e+09	1.931264299999999913e-03	2.779451999999999964e-04
7.582265000000000000e+09	2.593137499999999870e-03	7.874763999999999809e-04
7.582270000000000000e+09	2.704037500000000017e-03	4.445817000000000128e-04
7.582275000000000000e+09	3.069957199999999962e-03	6.275105000000000223e-04
7.582280000000000000e+09	3.080009900000000179e-03	1.255990000000000014e-04
7.582285000000000000e+09	2.923053399999999812e-03	8.703444000000000284e-04
7.582290000000000000e+09	2.818786099999999809e-03	7.795792999999999646e-04
7.582295000000000000e+09	2.733179599999999848e-03	1.679282999999999893e-04
7.582300000000000000e+09	2.505236599999999866e-03	2.359167999999999975e-04
7.582305000000000000e+09	2.665577299999999806e-03	5.607079000000000056e-04
7.582310000000000000e+09	3.150635399999999857e-03	6.166136000000000013e-04
7.582315000000000000e+09	2.515085399999999940e-03	9.420379999999999412e-05
7.582320000000000000e+09	2.676380500000000075e-03	5.057196999999999821e-04
7.582325000000000000e+09	2.317957900000000137e-03	7.739110999999999907e-04
7.582330000000000000e+09	2.508502200000000196e-03	-1.665237999999999929e-04
7.582335000000000000e+09	3.001638200000000117e-03	4.754056000000000210e-04
7.582340000000000000e+09	2.071265200000000153e-03	2.544628000000000059e-04
7.582345000000000000e+09	2.859719599999999921e-03	1.447889999999999956e-05
7.582350000000000000e+09	3.466118499999999974e-03	-1.436340999999999942e-04
7.582355000000000000e+09	2.661867699999999858e-03	-2.603745999999999990e-04
7.582360000000000000e+09	2.936211399999999905e-03	2.550810000000000062e-05
7.582365000000000000e+09	3.416497200000000178e-03	3.230619999999999911e-05
7.582370000000000000e+09	2.862915699999999970e-03	8.277449999999999836e-05
7.582375000000000000e+09	2.480303699999999913e-03	6.819617000000000474e-04
7.582380000000000000e+09	3.009012799999999984e-03	4.834000000000000008e-07
7.582385000000000000e+09	2.627799100000000141e-03	-6.594707999999999473e-04
7.582390000000000000e+09	2.342180000000000130e-03	2.576190999999999811e-04
7.582395000000000000e+09	2.750419000000000041e-03	-2.616420000000000269e-04
7.582400000000000000e+09	3.407548099999999861e-03	1.982633000000000030e-04
7.582405000000000000e+09	2.420725199999999942e-03	4.096781999999999768e-04
7.582410000000000000e+09	2.607557199999999999e-03	-2.071426999999999980e-04
7.582415000000000000e+09	3.165308099999999958e-03	-4.932676000000000205e-04
7.582420000000000000e+09	2.594939000000000100e-03	-2.176709000000000033e-04
7.582425000000000000e+09	2.588885799999999810e-03	-3.583875999999999837e-04
7.582430000000000000e+09	2.202257600000000204e-03	3.188670000000000084e-05
7.582435000000000000e+09	2.772776299999999902e-03	-1.395020000000000071e-04
7.582440000000000000e+09	3.227224199999999960e-03	1.162548000000000037e-04
7.582445000000000000e+09	3.004221100000000096e-03	-5.481343000000000283e-04
7.582450000000000000e+09	3.353400099999999905e-03	-2.090762000000000024e-04
7.582455000000000000e+09	2.281322599999999895e-03	-1.079100999999999953e-04
7.582460000000000000e+09	2.756412199999999819e-03	1.641294000000000010e-04
7.582465000000000000e+09	2.504101400000000033e-03	-3.115639999999999870e-05
7.582470000000000000e+09	3.058591199999999895e-03	2.485262999999999925e-04
7.582475000000000000e+09	3.016590999999999891e-03	-6.347813999999999800e-04
7.582480000000000000e+09	2.904074200000000047e-03	-2.637571000000000230e-04
7.582485000000000000e+09	2.867233500000000018e-03	-6.773598000000000466e-04
7.582490000000000000e+09	2.798764899999999899e-03	-7.406739999999999494e-05
7.582495000000000000e+09	2.972631099999999919e-03	-4.002793999999999948e-04
7.582500000000000000e+09	3.487097499999999937e-03	-1.562330000000000066e-04
7.582505000000000000e+09	3.163987100000000083e-03	-3.978993999999999804e-04
7.582510000000000000e+09	2.750211700000000040e-03	-2.340595999999999909e-04
7.582515000000000000e+09	2.744590500000000047e-03	-1.519434000000000062e-04
7.582520000000000000e+09	3.183314000000000022e-03	-2.696932999999999882e-04
7.582525000000000000e+09	2.392262799999999873e-03	-6.140829999999999683e-04
7.582530000000000000e+09	2.572842499999999834e-03	-9.601409999999999947e-05
7.582535000000000000e+09	3.046070899999999988e-03	-3.613911999999999832e-04
7.582540000000000000e+09	3.410477800000000139e-03	-8.397260000000000303e-05
7.582545000000000000e+09	2.965764599999999845e-03	-3.605141000000000183e-04
7.582550000000000000e+09	2.415256699999999979e-03	-1.700824000000000032e-04
7.582555000000000000e+09	2.462498000000000031e-03	-5.533031999999999577e-04
7.582560000000000000e+09	2.965375200000000197e-03	-4.155677000000000090e-04
7.582565000000000000e+09	2.567137000000000151e-03	-1.856884999999999959e-04
7.582570000000000000e+09	2.609793300000000111e-03	-6.911196000000000093e-04
7.582575000000000000e+09	2.902342300000000132e-03	-4.152649000000000227e-04
7.582580000000000000e+09	3.166598499999999806e-03	-1.331721000000000120e-04
7.582585000000000000e+09	2.904436900000000130e-03	-7.451019999999999822e-04
7.582590000000000000e+09	2.785909500000000212e-03	-9.379815000000000114e-04
7.582595000000000000e+09	2.855137299999999882e-03	5.477690000000000066e-05
7.582600000000000000e+09	2.545452499999999868e-03	-5.837745999999999994e-04
7.582605000000000000e+09	2.682414399999999855e-03	-9.360317999999999850e-04
7.582610000000000000e+09	2.022751499999999886e-03	-1.234371000000000112e-04
7.582615000000000000e+09	3.468581799999999934e-03	-8.643267000000000267e-04
7.582620000000000000e+09	2.710912499999999954e-03	-1.217849700000000037e-03
7.582625000000000000e+09	2.950158100000000068e-03	-1.826373000000000005e-04
7.582630000000000000e+09	2.763057199999999821e-03	-5.769507000000000324e-04
7.582635000000000000e+09	3.322753800000000177e-03	-7.632761000000000493e-04
7.582640000000000000e+09	2.728938499999999934e-03	-3.514786999999999794e-04
7.582645000000000000e+09	2.903611799999999792e-03	-5.592251000000000340e-04
7.582650000000000000e+09	1.974388899999999971e-03	-1.107211999999999997e-04
7.582655000000000000e+09	2.579457299999999946e-03	-8.334409999999999779e-04
7.582660000000000000e+09	2.933022300000000075e-03	-7.686567999999999960e-04
7.582665000000000000e+09	3.707100799999999904e-03	-5.068305999999999853e-04
7.582670000000000000e+09	2.524009600000000006e-03	-9.955607999999999905e-04
7.582675000000000000e+09	2.609818099999999894e-03	-1.005667399999999939e-03
7.582680000000000000e+09	2.556032900000000056e-03	-4.879691000000000237e-04
7.582685000000000000e+09	2.367624699999999836e-03	7.151949999999999855e-05
7.582690000000000000e+09	2.590630999999999923e-03	-1.097790099999999998e-03
7.582695000000000000e+09	2.986943900000000023e-03	-5.548353000000000443e-04
7.582700000000000000e+09	2.931518799999999984e-03	-2.946067000000000130e-04
7.582705000000000000e+09	2.502029600000000003e-03	-1.510424499999999965e-03
7.582710000000000000e+09	2.362804899999999906e-03	-9.340064999999999826e-04
7.582715000000000000e+09	2.041704200000000156e-03	-6.729636999999999685e-04
7.582720000000000000e+09	2.313730700000000192e-03	-7.737433000000000158e-04
7.582725000000000000e+09	2.987651300000000124e-03	-1.170847800000000090e-03
7.582730000000000000e+09	2.247795400000000051e-03	-9.337279999999999885e-04
7.582735000000000000e+09	2.676477200000000091e-03	-1.953334000000000092e-04
7.582740000000000000e+09	2.457127600000000127e-03	-1.523345900000000041e-03
7.582745000000000000e+09	2.266532199999999990e-03	-1.331709900000000021e-03
7.582750000000000000e+09	2.431812700000000015e-03	-7.367151000000000168e-04
7.582755000000000000e+09	2.927592200000000196e-03	-1.041988200000000054e-03
7.582760000000000000e+09	1.979290600000000074e-03	-1.143684299999999949e-03
7.582765000000000000e+09	2.591903500000000173e-03	-7.934695000000000506e-04
7.582770000000000000e+09	2.692865300000000118e-03	-1.285502999999999906e-03
7.582775000000000000e+09	2.686881800000000178e-03	-5.679555000000000410e-04
7.582780000000000000e+09	2.163822699999999946e-03	-4.842067999999999936e-04
7.582785000000000000e+09	2.058645600000000211e-03	-5.786943000000000338e-04
7.582790000000000000e+09	1.963867299999999885e-03	-8.289137000000000458e-04
7.582795000000000000e+09	2.921264800000000078e-03	-1.183943399999999938e-03
7.582800000000000000e+09	2.252838400000000199e-03	-1.230247700000000090e-03
7.582805000000000000e+09	2.357526999999999887e-03	-4.929946999999999845e-04
7.582810000000000000e+09	2.273175899999999982e-03	-1.137846299999999969e-03
7.582815000000000000e+09	1.873376400000000084e-03	-1.477061599999999987e-03
7.582820000000000000e+09	2.562878199999999839e-03	-1.388517500000000090e-03
7.582825000000000000e+09	2.547309900000000078e-03	-1.692960700000000103e-03
7.582830000000000000e+09	2.859288299999999863e-03	-1.394234700000000077e-03
7.582835000000000000e+09	2.315275199999999953e-03	-1.315808199999999976e-03
7.582840000000000000e+09	2.505840999999999971e-03	-9.480302999999999820e-04
7.582845000000000000e+09	2.167954599999999919e-03	-1.462745899999999977e-03
7.582850000000000000e+09	2.370268899999999901e-03	-1.404429499999999961e-03
7.582855000000000000e+09	2.686940799999999914e-03	-1.587179599999999965e-03
7.582860000000000000e+09	1.735074600000000066e-03	-7.061873000000000412e-04
7.582865000000000000e+09	2.290115399999999822e-03	-1.107347100000000096e-03
7.582870000000000000e+09	2.063908199999999783e-03	-1.471050999999999912e-03
7.582875000000000000e+09	1.573282299999999951e-03	-1.007241299999999968e-03
7.582880000000000000e+09	1.830423899999999949e-03	-1.415304100000000075e-03
7.582885000000000000e+09	2.124864800000000019e-03	-7.760743999999999976e-04
7.582890000000000000e+09	2.234485799999999869e-03	-1.595912600000000100e-03
7.582895000000000000e+09	1.848157700000000033e-03	-1.148558499999999998e-03
7.582900000000000000e+09	1.855271900000000007e-03	-1.684069500000000014e-03
7.582905000000000000e+09	1.366632700000000025e-03	-1.282954200000000064e-03
7.582910000000000000e+09	2.315675200000000180e-03	-1.267220400000000028e-03
7.582915000000000000e+09	2.152392600000000138e-03	-1.111336199999999946e-03
7.582920000000000000e+09	1.777238300000000097e-03	-1.140666999999999940e-03
7.582925000000000000e+09	1.360774300000000027e-03	-1.296442299999999966e-03
7.582930000000000000e+09	1.924378600000000014e-03	-1.298133400000000062e-03
7.582935000000000000e+09	2.006337600000000169e-03	-1.382377699999999977e-03
7.582940000000000000e+09	1.954252899999999946e-03	-1.143693600000000084e-03
7.582945000000000000e+09	1.732876900000000038e-03	-1.365500699999999982e-03
7.582950000000000000e+09	1.225874199999999912e-03	-1.236693600000000068e-03
7.582955000000000000e+09	1.724610799999999958e-03	-1.507347999999999934e-03
7.582960000000000000e+09	2.367820399999999784e-03	-1.195508100000000108e-03
7.582965000000000000e+09	9.825804999999999956e-04	-1.938393700000000082e-03
7.582970000000000000e+09	1.186553699999999935e-03	-1.403700900000000003e-03
7.582975000000000000e+09	1.756779599999999967e-03	-8.042801000000000247e-04
7.582980000000000000e+09	1.215013899999999904e-03	-1.523035700000000079e-03
7.582985000000000000e+09	1.154766399999999915e-03	-1.015423799999999946e-03
7.582990000000000000e+09	1.206840200000000108e-03	-7.082514000000000474e-04
7.582995000000000000e+09	1.723966200000000022e-03	-1.361179899999999995e-03
7.583000000000000000e+09	1.375208099999999977e-03	-1.433306199999999928e-03
7.583005000000000000e+09	1.338371199999999943e-03	-1.739092000000000025e-03
7.583010000000000000e+09	1.370751199999999982e-03	-6.101378000000000183e-04
7.583015000000000000e+09	1.176386599999999956e-03	-1.419788900000000043e-03
7.583020000000000000e+09	1.653202299999999986e-03	-1.094601900000000041e-03
7.583025000000000000e+09	1.505197599999999990e-03	-1.463690500000000084e-03
7.583030000000000000e+09	8.811653999999999711e-04	-1.026053700000000100e-03
7.583035000000000000e+09	1.162680300000000022e-03	-1.442100499999999933e-03
7.583040000000000000e+09	1.027989700000000008e-03	-1.418382599999999921e-03
7.583045000000000000e+09	8.270972000000000133e-04	-1.027568599999999959e-03
7.583050000000000000e+09	9.746682000000000002e-04	-1.119583699999999972e-03
7.583055000000000000e+09	1.370184800000000041e-03	-1.022709400000000038e-03
7.583060000000000000e+09	1.197939099999999896e-03	-1.619621500000000078e-03
7.583065000000000000e+09	6.836742999999999943e-04	-1.231431000000000062e-03
7.583070000000000000e+09	9.041065999999999946e-04	-9.136314999999999888e-04
7.583075000000000000e+09	1.148231000000000018e-04	-1.424963599999999999e-03
7.583080000000000000e+09	1.109076999999999952e-04	-8.642354000000000095e-04
7.583085000000000000e+09	9.035846000000000156e-04	-1.101530099999999904e-03
7.583090000000000000e+09	3.938368000000000034e-04	-8.907807000000000008e-04
7.583095000000000000e+09	-1.379558999999999983e-04	-5.591206999999999948e-04
7.583100000000000000e+09	6.645054000000000499e-04	-1.167933400000000042e-03
7.583105000000000000e+09	6.016857999999999712e-04	-4.863296999999999932e-04
7.583110000000000000e+09	4.518812999999999996e-04	-1.904089600000000073e-03
7.583115000000000000e+09	6.947225000000000015e-04	-1.310883899999999973e-03
7.583120000000000000e+09	7.598258999999999786e-04	-5.797878999999999923e-04
7.583125000000000000e+09	1.793257000000000032e-04	-7.383386999999999719e-04
7.583130000000000000e+09	6.556993000000000326e-04	-1.303263600000000022e-03
7.583135000000000000e+09	3.609757999999999804e-04	-8.956651999999999843e-04
7.583140000000000000e+09	1.177241000000000068e-04	-1.388750599999999998e-03
7.583145000000000000e+09	1.589080000000000039e-04	-5.379137000000000198e-04
7.583150000000000000e+09	4.105585999999999828e-04	-5.687633000000000098e-04
7.583155000000000000e+09	7.071749999999999911e-04	-2.570510999999999825e-04
7.583160000000000000e+09	2.367060000000000000e-05	-6.383606999999999476e-04
7.583165000000000000e+09	3.517044000000000203e-04	-4.681897000000000077e-04
7.583170000000000000e+09	5.263210000000000045e-05	-7.129397999999999465e-04
7.583175000000000000e+09	5.629273999999999866e-04	-8.633331000000000165e-04
7.583180000000000000e+09	1.686354999999999950e-04	-7.312593000000000478e-04
7.583185000000000000e+09	2.524178000000000077e-04	-8.881895000000000111e-04
7.583190000000000000e+09	5.069319000000000516e-04	-5.192172999999999797e-04
7.583195000000000000e+09	9.051689999999999389e-05	-9.885580000000000582e-04
7.583200000000000000e+09	2.420820999999999975e-04	-9.567191000000000063e-04
7.583205000000000000e+09	6.409199999999999555e-05	-1.190680099999999984e-03
7.583210000000000000e+09	4.867685000000000067e-04	-3.403834000000000113e-04
7.583215000000000000e+09	3.405875000000000048e-04	-8.477899999999999586e-04
7.583220000000000000e+09	-1.860266999999999921e-04	-6.498871999999999939e-04
7.583225000000000000e+09	6.272416000000000493e-04	-6.158649000000000198e-04
7.583230000000000000e+09	2.101198999999999938e-04	-6.795809999999999568e-04
7.583235000000000000e+09	-4.368492999999999985e-04	-4.426742999999999911e-04
7.583240000000000000e+09	2.841146999999999922e-04	-4.049904999999999911e-04
7.583245000000000000e+09	1.387195999999999991e-04	-7.898573999999999569e-04
7.583250000000000000e+09	5.579804999999999748e-04	-7.181273999999999644e-04
7.583255000000000000e+09	2.256761999999999993e-04	-5.299686000000000067e-04
7.583260000000000000e+09	1.439967999999999966e-04	-5.890411999999999601e-04
7.583265000000000000e+09	3.241594999999999785e-04	-5.560254999999999842e-04
7.583270000000000000e+09	8.577140000000000350e-05	-6.215438999999999903e-04
7.583275000000000000e+09	6.367541000000000433e-04	-5.245484999999999601e-04
7.583280000000000000e+09	2.557371999999999814e-04	-4.623200000000000053e-06
7.583285000000000000e+09	-1.135104999999999968e-04	-1.353605999999999928e-04
7.583290000000000000e+09	-5.385439999999999721e-05	-1.671175000000000004e-04
7.583295000000000000e+09	6.502802000000000018e-04	-5.299050000000000028e-04
7.583300000000000000e+09	2.481150000000000122e-05	-1.649920999999999886e-04
7.583305000000000000e+09	-1.956264999999999946e-04	-7.534656999999999509e-04
7.583310000000000000e+09	5.594588000000000382e-04	1.502707000000000044e-04
7.583315000000000000e+09	8.975459999999999613e-05	-9.990580000000000153e-05
7.583320000000000000e+09	1.281184999999999898e-04	1.989294999999999865e-04
7.583325000000000000e+09	-5.119999999999999768e-05	2.193664000000000009e-04
7.583330000000000000e+09	-1.390557999999999909e-04	-2.387013999999999911e-04
7.583335000000000000e+09	3.178389000000000106e-04	-1.856073000000000076e-04
7.583340000000000000e+09	-7.996450000000000324e-05	-2.849452999999999838e-04
7.583345000000000000e+09	1.753302000000000040e-04	-3.931731999999999849e-04
7.583350000000000000e+09	-3.731776000000000234e-04	-4.796285000000000175e-04
7.583355000000000000e+09	5.842335999999999623e-04	-2.648438000000000138e-04
7.583360000000000000e+09	-3.534437999999999989e-04	-5.687339999999999930e-04
7.583365000000000000e+09	-2.586659000000000267e-04	3.319689999999999924e-04
7.583370000000000000e+09	1.889756999999999939e-04	3.432986999999999866e-04
7.583375000000000000e+09	4.647672999999999843e-04	-1.905313999999999966e-04
7.583380000000000000e+09	-2.835329999999999838e-05	1.277272999999999993e-04
7.583385000000000000e+09	4.162613999999999919e-04	7.028994000000000214e-04
7.583390000000000000e+09	2.806368000000000165e-04	7.098086000000000196e-04
7.583395000000000000e+09	-8.680240000000000091e-05	-2.618920000000000059e-04
7.583400000000000000e+09	7.271860000000000541e-05	3.051409000000000044e-04
7.583405000000000000e+09	2.807749999999999808e-04	-2.857315999999999936e-04
7.583410000000000000e+09	3.657520999999999841e-04	2.830528000000000015e-04
7.583415000000000000e+09	-1.725298999999999962e-04	-4.330020000000000261e-05
7.583420000000000000e+09	3.928035000000000077e-04	-2.558190999999999916e-04
7.583425000000000000e+09	3.202570000000000069e-04	-9.732200000000000096e-05
7.583430000000000000e+09	5.288158000000000268e-04	-1.827823999999999866e-04
7.583435000000000000e+09	3.664426000000000141e-04	2.585720000000000038e-05
7.583440000000000000e+09	2.825815999999999983e-04	7.347652000000000306e-04
7.583445000000000000e+09	-1.176371999999999992e-04	1.395905999999999981e-04
7.583450000000000000e+09	7.252604999999999859e-04	2.218118000000000097e-04
7.583455000000000000e+09	2.603662000000000077e-04	7.861809000000000202e-04
7.583460000000000000e+09	-8.442139999999999779e-05	-2.576028000000000063e-04
7.583465000000000000e+09	4.923150000000000052e-04	5.002294999999999919e-04
7.583470000000000000e+09	1.000031000000000048e-04	3.630557999999999876e-04
7.583475000000000000e+09	3.552701999999999922e-04	7.756690000000000438e-05
7.583480000000000000e+09	-2.273910000000000053e-05	2.718970000000000160e-05
7.583485000000000000e+09	6.285540999999999524e-04	-1.893889999999999921e-05
7.583490000000000000e+09	9.017257999999999784e-04	4.391981999999999787e-04
7.583495000000000000e+09	7.407632999999999622e-04	1.184259000000000006e-04
7.583500000000000000e+09	-2.019978999999999926e-04	1.754066999999999888e-04
7.583505000000000000e+09	2.577685000000000241e-04	5.302136999999999952e-04
7.583510000000000000e+09	6.433581000000000499e-04	3.264065999999999929e-04
7.583515000000000000e+09	7.027958999999999639e-04	1.028834499999999909e-03
7.583520000000000000e+09	-1.474249999999999920e-04	6.685591000000000277e-04
7.583525000000000000e+09	7.910874000000000248e-04	5.906350000000000532e-04
7.583530000000000000e+09	2.820198999999999796e-04	8.762085000000000186e-04
7.583535000000000000e+09	2.733238000000000139e-04	7.167039999999999739e-04
7.583540000000000000e+09	5.304062000000000447e-04	9.406497999999999466e-04
7.583545000000000000e+09	1.226716799999999930e-03	6.250605999999999697e-04
7.583550000000000000e+09	4.073004000000000078e-04	5.885328999999999908e-04
7.583555000000000000e+09	8.181113000000000491e-04	5.214072999999999842e-04
7.583560000000000000e+09	6.336395999999999565e-04	3.391805000000000232e-04
7.583565000000000000e+09	4.874740000000000019e-05	5.128586999999999556e-04
7.583570000000000000e+09	1.134789900000000070e-03	1.193062300000000044e-03
7.583575000000000000e+09	2.956918000000000003e-04	-1.503183000000000004e-04
7.583580000000000000e+09	4.211374999999999841e-04	3.793714999999999913e-04
7.583585000000000000e+09	1.008190000000000083e-05	1.110029100000000041e-03
7.583590000000000000e+09	2.286270999999999985e-04	-3.760999999999999863e-07
7.583595000000000000e+09	1.015497200000000039e-03	8.217340999999999968e-04
7.583600000000000000e+09	7.219665999999999801e-04	9.944980000000000454e-05
7.583605000000000000e+09	1.138840899999999995e-03	9.634389999999999621e-04
7.583610000000000000e+09	1.422072799999999975e-03	3.865127000000000103e-04
7.583615000000000000e+09	6.491671000000000073e-04	7.612215000000000301e-04
7.583620000000000000e+09	7.982217000000000218e-04	5.744806000000000305e-04
7.583625000000000000e+09	1.354365200000000021e-03	7.258749999999999578e-04
7.583630000000000000e+09	9.049067000000000482e-04	6.098584999999999683e-04
7.583635000000000000e+09	4.943855999999999511e-04	5.114890999999999882e-04
7.583640000000000000e+09	8.728532000000000001e-04	3.267820999999999964e-04
7.583645000000000000e+09	3.921918000000000149e-04	9.122002000000000149e-04
7.583650000000000000e+09	3.966498999999999850e-04	6.764171000000000463e-04
7.583655000000000000e+09	1.352515799999999936e-03	7.614934999999999760e-04
7.583660000000000000e+09	6.502975000000000465e-04	1.106358300000000097e-03
7.583665000000000000e+09	1.572660999999999883e-04	6.274358000000000279e-04
7.583670000000000000e+09	1.080537799999999960e-03	6.186514999999999636e-04
7.583675000000000000e+09	8.841078999999999518e-04	1.229937699999999979e-03
7.583680000000000000e+09	1.202961000000000004e-03	4.101169999999999902e-04
7.583685000000000000e+09	1.332279700000000037e-03	9.178853000000000055e-04
7.583690000000000000e+09	1.479347900000000087e-03	5.795069000000000132e-04
7.583695000000000000e+09	1.018285600000000055e-03	1.050268499999999989e-03
7.583700000000000000e+09	1.316375799999999893e-03	7.076769999999999805e-04
7.583705000000000000e+09	6.741909999999999830e-04	3.936982999999999911e-04
7.583710000000000000e+09	1.075309599999999975e-03	5.097088999999999743e-04
7.583715000000000000e+09	3.666887999999999983e-04	1.251799399999999974e-03
7.583720000000000000e+09	1.556475699999999894e-03	7.370649999999999641e-04
7.583725000000000000e+09	4.380128999999999750e-04	1.520090599999999971e-03
7.583730000000000000e+09	7.194850999999999937e-04	1.030648799999999950e-03
7.583735000000000000e+09	1.248621099999999923e-03	6.206895999999999941e-04
7.583740000000000000e+09	8.758623999999999576e-04	8.457382999999999524e-04
7.583745000000000000e+09	9.671945999999999842e-04	7.835175000000000212e-04
7.583750000000000000e+09	6.176899000000000235e-04	1.058801000000000056e-03
7.583755000000000000e+09	8.114910000000000135e-04	1.161490399999999968e-03
7.583760000000000000e+09	1.095369799999999956e-03	8.656951000000000186e-04
7.583765000000000000e+09	1.011546400000000023e-03	9.653965000000000463e-04
7.583770000000000000e+09	1.017340499999999995e-03	6.047367999999999797e-04
7.583775000000000000e+09	6.718971000000000015e-04	4.223092999999999921e-04
7.583780000000000000e+09	9.289257999999999890e-04	-7.096169999999999518e-05
7.583785000000000000e+09	6.669774000000000492e-04	4.607042999999999794e-04
7.583790000000000000e+09	1.073978699999999977e-03	1.009222699999999962e-03
7.583795000000000000e+09	1.096431400000000061e-03	7.445970000000000540e-04
7.583800000000000000e+09	1.415099400000000094e-03	1.187240499999999950e-03
7.583805000000000000e+09	1.167836800000000060e-03	8.336736000000000407e-04
7.583810000000000000e+09	1.510123099999999968e-03	6.921079999999999810e-04
7.583815000000000000e+09	1.378821300000000012e-03	1.869948999999999873e-04
7.583820000000000000e+09	7.980227999999999584e-04	6.462201000000000100e-04
7.583825000000000000e+09	1.155592100000000025e-03	4.181407000000000266e-04
7.583830000000000000e+09	1.378444699999999959e-03	5.854706999999999576e-04
7.583835000000000000e+09	1.553262699999999937e-03	4.499842000000000208e-04
7.583840000000000000e+09	1.654751400000000015e-03	8.184470999999999587e-04
7.583845000000000000e+09	1.348664600000000057e-03	5.031045999999999739e-04
7.583850000000000000e+09	1.416762499999999966e-03	7.105149999999999964e-04
7.583855000000000000e+09	1.085969200000000065e-03	1.301567000000000002e-04
7.583860000000000000e+09	1.330670400000000080e-03	6.392239999999999771e-04
7.583865000000000000e+09	1.493581699999999924e-03	1.201283000000000065e-04
7.583870000000000000e+09	5.445257999999999696e-04	4.754914000000000059e-04
7.583875000000000000e+09	1.547186500000000044e-03	5.825176999999999742e-04
7.583880000000000000e+09	1.300570399999999944e-03	9.323902999999999488e-04
7.583885000000000000e+09	1.098318800000000093e-03	5.787845000000000012e-04
7.583890000000000000e+09	1.283762599999999912e-03	3.637086999999999894e-04
7.583895000000000000e+09	1.753542399999999998e-03	1.007538699999999902e-03
7.583900000000000000e+09	1.879303300000000022e-03	7.860057000000000155e-04
7.583905000000000000e+09	1.265595800000000057e-03	8.882507999999999897e-04
7.583910000000000000e+09	1.409260799999999909e-03	5.778957999999999838e-04
7.583915000000000000e+09	1.149205599999999919e-03	8.899177999999999993e-04
7.583920000000000000e+09	1.382835200000000079e-03	4.839280999999999856e-04
7.583925000000000000e+09	1.483661299999999936e-03	1.200787000000000062e-04
7.583930000000000000e+09	1.296967800000000054e-03	8.706398999999999649e-04
7.583935000000000000e+09	1.113497800000000024e-03	7.295621999999999654e-04
7.583940000000000000e+09	7.000921999999999918e-04	1.064593099999999997e-03
7.583945000000000000e+09	1.310602300000000007e-03	6.311084000000000442e-04
7.583950000000000000e+09	1.081702400000000060e-03	5.551195999999999561e-04
7.583955000000000000e+09	1.852064199999999905e-03	1.252562299999999918e-03
7.583960000000000000e+09	1.813451800000000051e-03	2.035414999999999891e-04
7.583965000000000000e+09	1.926358100000000011e-03	9.902699999999999225e-06
7.583970000000000000e+09	1.684674799999999993e-03	2.765115999999999971e-04
7.583975000000000000e+09	2.099156599999999796e-03	5.577003000000000515e-04
7.583980000000000000e+09	1.386038600000000015e-03	4.386034999999999825e-04
7.583985000000000000e+09	1.703583100000000084e-03	4.572592000000000215e-04
7.583990000000000000e+09	1.600932700000000028e-03	1.320707699999999979e-03
7.583995000000000000e+09	1.262941299999999949e-03	4.649990000000000113e-04
7.584000000000000000e+09	1.098931899999999913e-03	8.600205999999999563e-04
7.584005000000000000e+09	1.666621999999999982e-03	7.821533999999999778e-04
7.584010000000000000e+09	2.520848400000000149e-03	1.198556699999999949e-03
7.584015000000000000e+09	1.917218800000000103e-03	5.316732999999999702e-04
7.584020000000000000e+09	1.833442900000000104e-03	3.983389999999999956e-04
7.584025000000000000e+09	1.805795600000000001e-03	2.977041999999999948e-04
7.584030000000000000e+09	2.241046400000000147e-03	7.698380000000000110e-04
7.584035000000000000e+09	1.576087199999999956e-03	3.669995000000000223e-04
7.584040000000000000e+09	1.819529600000000056e-03	3.680789000000000174e-04
7.584045000000000000e+09	1.907871800000000059e-03	1.017870799999999985e-03
7.584050000000000000e+09	1.528732199999999946e-03	5.104282000000000133e-04
7.584055000000000000e+09	1.276332700000000053e-03	4.889955000000000516e-04
7.584060000000000000e+09	1.745033000000000001e-03	3.600276000000000019e-04
7.584065000000000000e+09	1.892092599999999937e-03	4.766198999999999935e-04
7.584070000000000000e+09	1.536563799999999961e-03	4.275021999999999741e-04
7.584075000000000000e+09	2.034480899999999842e-03	6.115622999999999502e-04
7.584080000000000000e+09	1.824570300000000070e-03	4.955823999999999733e-04
7.584085000000000000e+09	1.111755600000000066e-03	-2.230641000000000112e-04
7.584090000000000000e+09	2.211209100000000038e-03	2.099503000000000014e-04
7.584095000000000000e+09	1.424045600000000073e-03	1.135109200000000099e-03
7.584100000000000000e+09	1.531155100000000007e-03	4.812821000000000113e-04
7.584105000000000000e+09	1.795135800000000059e-03	-1.815150000000000061e-05
7.584110000000000000e+09	1.927499700000000074e-03	7.841944000000000215e-04
7.584115000000000000e+09	1.850173000000000095e-03	5.146585999999999652e-04
7.584120000000000000e+09	1.970912699999999816e-03	-6.584960000000000054e-05
7.584125000000000000e+09	1.841811100000000090e-03	5.548510000000000177e-05
7.584130000000000000e+09	2.049931899999999935e-03	4.156667999999999756e-04
7.584135000000000000e+09	1.623060400000000091e-03	7.712549999999999874e-05
7.584140000000000000e+09	1.851390100000000101e-03	6.865182999999999962e-04
7.584145000000000000e+09	2.192531499999999904e-03	5.712901000000000480e-04
7.584150000000000000e+09	1.656773899999999930e-03	1.849241000000000003e-04
7.584155000000000000e+09	7.510940000000000021e-04	3.714678000000000012e-04
7.584160000000000000e+09	1.841987700000000030e-03	3.226380000000000101e-05
7.584165000000000000e+09	2.259496399999999863e-03	4.919664999999999932e-04
7.584170000000000000e+09	2.116872599999999882e-03	5.578201999999999553e-04
7.584175000000000000e+09	2.346569000000000172e-03	1.655780999999999995e-04
7.584180000000000000e+09	1.801991200000000034e-03	3.381804000000000190e-04
7.584185000000000000e+09	1.738075800000000006e-03	4.413689000000000154e-04
7.584190000000000000e+09	2.062031399999999896e-03	9.466274999999999690e-04
7.584195000000000000e+09	2.019043500000000050e-03	8.292916000000000003e-04
7.584200000000000000e+09	2.359650000000000029e-03	3.116854999999999756e-04
7.584205000000000000e+09	2.494537800000000069e-03	6.682330000000000106e-05
7.584210000000000000e+09	1.992701899999999807e-03	2.444621999999999919e-04
7.584215000000000000e+09	2.088121899999999947e-03	7.883561999999999991e-04
7.584220000000000000e+09	2.002193099999999802e-03	1.520216000000000015e-04
7.584225000000000000e+09	1.782810599999999895e-03	-2.752521999999999868e-04
7.584230000000000000e+09	1.694818199999999914e-03	1.805613000000000020e-04
7.584235000000000000e+09	2.241567099999999899e-03	6.687394000000000368e-04
7.584240000000000000e+09	2.374278799999999905e-03	4.653920999999999991e-04
7.584245000000000000e+09	1.996044299999999872e-03	-7.255629999999999513e-05
7.584250000000000000e+09	1.644550399999999968e-03	1.629478999999999921e-04
7.584255000000000000e+09	2.155024599999999946e-03	7.754021999999999738e-04
7.584260000000000000e+09	2.184010000000000118e-03	-3.327657000000000249e-04
7.584265000000000000e+09	1.738760700000000024e-03	3.542565000000000124e-04
7.584270000000000000e+09	1.948315400000000079e-03	1.914080000000000146e-05
7.584275000000000000e+09	2.029070600000000210e-03	1.976272000000000109e-04
7.584280000000000000e+09	2.198273399999999857e-03	2.579459000000000200e-04
7.584285000000000000e+09	1.552944699999999918e-03	2.712530999999999796e-04
7.584290000000000000e+09	1.739943999999999996e-03	-1.359888000000000015e-04
7.584295000000000000e+09	2.000622699999999882e-03	4.783055999999999831e-04
7.584300000000000000e+09	2.661882200000000032e-03	2.584667000000000236e-04
7.584305000000000000e+09	2.080972200000000012e-03	-3.634799999999999910e-06
7.584310000000000000e+09	1.820795399999999972e-03	1.499452000000000022e-04
7.584315000000000000e+09	1.832683199999999950e-03	-4.826106999999999836e-04
7.584320000000000000e+09	2.312252900000000191e-03	1.110179000000000065e-04
7.584325000000000000e+09	1.577157800000000094e-03	-1.505017999999999894e-04
7.584330000000000000e+09	2.383191900000000089e-03	-9.743630000000000086e-05
7.584335000000000000e+09	2.103398299999999915e-03	-2.609053999999999974e-04
7.584340000000000000e+09	2.342645999999999878e-03	3.500140000000000000e-04
7.584345000000000000e+09	2.279483499999999854e-03	7.737506000000000115e-04
7.584350000000000000e+09	1.233217599999999982e-03	-1.069313000000000040e-04
7.584355000000000000e+09	2.566325400000000079e-03	5.715690000000000159e-05
7.584360000000000000e+09	2.292211199999999796e-03	-2.002968999999999898e-04
7.584365000000000000e+09	2.707403000000000153e-03	-2.082346000000000002e-04
7.584370000000000000e+09	1.522737699999999941e-03	7.182053999999999999e-04
7.584375000000000000e+09	2.036062300000000044e-03	-1.196251000000000009e-04
7.584380000000000000e+09	2.262344900000000207e-03	1.857239999999999857e-05
7.584385000000000000e+09	2.193090500000000140e-03	-4.172272000000000090e-04
7.584390000000000000e+09	1.626230900000000083e-03	3.270524000000000131e-04
7.584395000000000000e+09	2.348964700000000065e-03	-2.984560000000000102e-05
7.584400000000000000e+09	2.037436100000000142e-03	2.170034000000000101e-04
7.584405000000000000e+09	2.159418499999999925e-03	7.532020000000000436e-05
7.584410000000000000e+09	2.100215700000000133e-03	4.365242999999999771e-04
7.584415000000000000e+09	2.360682600000000003e-03	2.768361000000000107e-04
7.584420000000000000e+09	2.675250300000000213e-03	7.229880000000000648e-05
7.584425000000000000e+09	2.268275299999999821e-03	2.595645999999999847e-04
7.584430000000000000e+09	2.261096700000000004e-03	-5.380669000000000033e-04
7.584435000000000000e+09	1.928593099999999965e-03	-1.557000999999999969e-04
7.584440000000000000e+09	1.802369600000000051e-03	-4.584821999999999791e-04
7.584445000000000000e+09	2.259030899999999852e-03	1.861436999999999912e-04
7.584450000000000000e+09	1.922291499999999971e-03	-1.085972000000000044e-04
7.584455000000000000e+09	2.675399199999999814e-03	-3.525646000000000227e-04
7.584460000000000000e+09	2.132564600000000192e-03	-1.753246999999999987e-04
7.584465000000000000e+09	1.287056599999999952e-03	-4.652497000000000121e-04
7.584470000000000000e+09	2.397618900000000105e-03	1.129571000000000031e-04
7.584475000000000000e+09	2.437325499999999905e-03	5.653595000000000408e-04
7.584480000000000000e+09	1.946777700000000035e-03	3.158937000000000008e-04
7.584485000000000000e+09	2.318409600000000213e-03	-1.286530000000000030e-05
7.584490000000000000e+09	2.289619399999999819e-03	9.987000000000000688e-07
7.584495000000000000e+09	1.821342299999999985e-03	-7.783138999999999683e-04
7.584500000000000000e+09	2.232127300000000085e-03	-1.675790000000000027e-04
7.584505000000000000e+09	2.527214399999999986e-03	-5.473875000000000442e-04
7.584510000000000000e+09	1.954872700000000098e-03	-1.083248100000000014e-03
7.584515000000000000e+09	1.870125000000000043e-03	5.549755999999999656e-04
7.584520000000000000e+09	2.126333900000000089e-03	-1.107257999999999962e-04
7.584525000000000000e+09	1.833587800000000077e-03	-6.690120000000000246e-05
7.584530000000000000e+09	2.633808000000000069e-03	2.814290000000000121e-05
7.584535000000000000e+09	2.137893799999999924e-03	-5.014988000000000171e-04
7.584540000000000000e+09	2.782525200000000171e-03	4.189619999999999911e-04
7.584545000000000000e+09	2.263497399999999868e-03	-6.807910000000000350e-05
7.584550000000000000e+09	2.544961799999999937e-03	4.162688000000000217e-04
7.584555000000000000e+09	2.186768099999999992e-03	-1.901615000000000054e-04
7.584560000000000000e+09	2.415001400000000090e-03	-6.968827999999999611e-04
7.584565000000000000e+09	2.415099799999999818e-03	-4.707350999999999918e-04
7.584570000000000000e+09	2.135333200000000178e-03	1.069142999999999938e-04
7.584575000000000000e+09	2.517014000000000144e-03	-6.145026000000000481e-04
7.584580000000000000e+09	2.478222700000000216e-03	-1.077957999999999954e-04
7.584585000000000000e+09	2.294931300000000157e-03	-5.864238000000000350e-04
7.584590000000000000e+09	2.598628700000000201e-03	-3.239701000000000104e-04
7.584595000000000000e+09	2.606572499999999879e-03	-4.828260999999999816e-04
7.584600000000000000e+09	2.160771200000000201e-03	-5.844955000000000419e-04
7.584605000000000000e+09	2.534618099999999801e-03	6.074652000000000263e-04
7.584610000000000000e+09	1.840619200000000004e-03	6.290949999999999797e-05
7.584615000000000000e+09	2.465461700000000193e-03	6.894459999999999716e-05
7.584620000000000000e+09	1.966624499999999887e-03	-1.282952999999999980e-04
7.584625000000000000e+09	2.624428600000000035e-03	-3.481633999999999944e-04
7.584630000000000000e+09	2.226362200000000027e-03	-8.729052999999999856e-04
7.584635000000000000e+09	2.225340000000000130e-03	-7.077649000000000310e-04
7.584640000000000000e+09	2.452425099999999865e-03	-9.470500000000000213e-06
7.584645000000000000e+09	2.146662799999999975e-03	-1.995189999999999984e-04
7.584650000000000000e+09	2.113325799999999938e-03	-5.103682999999999701e-04
7.584655000000000000e+09	2.233419300000000045e-03	-1.783309999999999973e-04
7.584660000000000000e+09	2.345945600000000093e-03	-3.757222000000000057e-04
7.584665000000000000e+09	2.776439900000000210e-03	-6.331670000000000180e-04
7.584670000000000000e+09	2.656390700000000032e-03	-2.259580000000000074e-04
7.584675000000000000e+09	2.695197299999999973e-03	-7.345243999999999905e-04
7.584680000000000000e+09	2.174392900000000125e-03	-2.156267999999999868e-04
7.584685000000000000e+09	2.889116399999999869e-03	-3.190372000000000021e-04
7.584690000000000000e+09	2.679421799999999812e-03	-6.795745000000000171e-04
7.584695000000000000e+09	2.054876800000000024e-03	-4.401305999999999903e-04
7.584700000000000000e+09	2.729101299999999938e-03	-3.431074000000000211e-04
7.584705000000000000e+09	2.195108900000000175e-03	-1.394171000000000039e-03
7.584710000000000000e+09	1.749906799999999913e-03	-1.099994000000000026e-04
7.584715000000000000e+09	2.411865100000000050e-03	-4.255277000000000018e-04
7.584720000000000000e+09	2.495621099999999985e-03	-5.025957000000000167e-04
7.584725000000000000e+09	1.749901000000000104e-03	-4.602769999999999843e-04
7.584730000000000000e+09	2.448832000000000179e-03	-5.079298000000000103e-04
7.584735000000000000e+09	1.836880500000000107e-03	-6.148491000000000286e-04
7.584740000000000000e+09	2.345923000000000192e-03	-7.563608000000000310e-04
7.584745000000000000e+09	2.713924600000000142e-03	-5.911997999999999906e-04
7.584750000000000000e+09	2.527007799999999790e-03	-8.079082999999999707e-04
7.584755000000000000e+09	1.868912900000000007e-03	-3.652824000000000045e-04
7.584760000000000000e+09	2.141706599999999936e-03	-1.258811699999999893e-03
7.584765000000000000e+09	1.778402099999999925e-03	-4.573854999999999935e-04
7.584770000000000000e+09	2.422879199999999813e-03	-7.155351000000000333e-04
7.584775000000000000e+09	1.813052600000000097e-03	-2.245585000000000083e-04
7.584780000000000000e+09	2.277345899999999937e-03	-3.461348999999999849e-04
7.584785000000000000e+09	2.729235100000000028e-03	-8.067651000000000119e-04
7.584790000000000000e+09	2.231526699999999974e-03	-2.025658999999999912e-04
7.584795000000000000e+09	1.799927499999999948e-03	-8.326500000000000662e-06
7.584800000000000000e+09	2.562207200000000008e-03	-5.665172999999999910e-04
7.584805000000000000e+09	1.883880099999999920e-03	-3.027494000000000257e-04
7.584810000000000000e+09	2.632951200000000196e-03	-7.629215000000000172e-04
7.584815000000000000e+09	2.119585299999999888e-03	-4.844814000000000130e-04
7.584820000000000000e+09	2.060292899999999899e-03	-3.196211999999999816e-04
7.584825000000000000e+09	2.212652199999999916e-03	-2.601314000000000078e-04
7.584830000000000000e+09	2.014502100000000080e-03	-8.463191999999999590e-04
7.584835000000000000e+09	2.280672699999999886e-03	-3.072848999999999893e-04
7.584840000000000000e+09	2.220228299999999974e-03	-6.622858999999999604e-04
7.584845000000000000e+09	1.813421099999999991e-03	-8.716635000000000138e-04
7.584850000000000000e+09	2.218603600000000186e-03	-6.052298999999999700e-04
7.584855000000000000e+09	1.932836600000000047e-03	-1.259296600000000014e-03
7.584860000000000000e+09	2.357030400000000112e-03	-1.036476900000000024e-03
7.584865000000000000e+09	1.579920600000000053e-03	-8.627230000000000272e-04
7.584870000000000000e+09	2.537558699999999893e-03	-3.777068999999999869e-04
7.584875000000000000e+09	2.374372999999999935e-03	-6.212699000000000129e-04
7.584880000000000000e+09	2.269401800000000156e-03	-1.022619200000000070e-03
7.584885000000000000e+09	2.470307000000000145e-03	-6.165987000000000160e-04
7.584890000000000000e+09	2.635965399999999799e-03	-8.616585000000000173e-04
7.584895000000000000e+09	2.474867500000000123e-03	-9.142116999999999735e-04
7.584900000000000000e+09	2.048924200000000213e-03	-8.209418000000000010e-04
7.584905000000000000e+09	1.477066200000000037e-03	-8.901255000000000278e-04
7.584910000000000000e+09	2.453679800000000116e-03	-8.691471000000000526e-04
7.584915000000000000e+09	2.408416500000000200e-03	3.160659000000000125e-04
7.584920000000000000e+09	2.054011799999999957e-03	-7.103336000000000459e-04
7.584925000000000000e+09	2.220928499999999788e-03	-1.003027999999999993e-03
7.584930000000000000e+09	2.965692700000000046e-03	-1.318971900000000036e-03
7.584935000000000000e+09	2.588686900000000072e-03	-1.890767000000000120e-04
7.584940000000000000e+09	2.079811200000000054e-03	-4.425499999999999963e-04
7.584945000000000000e+09	2.657790399999999855e-03	-1.333349400000000086e-03
7.584950000000000000e+09	2.089793999999999853e-03	-4.833123000000000041e-04
7.584955000000000000e+09	1.790046700000000020e-03	-3.587789000000000082e-04
7.584960000000000000e+09	2.131522900000000151e-03	-1.244057100000000053e-03
7.584965000000000000e+09	2.506136200000000022e-03	-8.148240000000000170e-04
7.584970000000000000e+09	2.449026300000000083e-03	-9.451105999999999700e-04
7.584975000000000000e+09	2.262373399999999951e-03	-1.615404000000000026e-04
7.584980000000000000e+09	1.909769800000000019e-03	-8.073292999999999615e-04
7.584985000000000000e+09	2.271049800000000084e-03	-9.246969000000000065e-04
7.584990000000000000e+09	2.393075499999999887e-03	-1.076578400000000046e-03
7.584995000000000000e+09	2.666153000000000099e-03	-4.967306000000000108e-04
7.585000000000000000e+09	2.341042599999999980e-03	-1.047764500000000027e-03
7.585005000000000000e+09	2.405141099999999997e-03	-1.063245200000000057e-03
7.585010000000000000e+09	2.448192799999999916e-03	-1.038037500000000071e-03
7.585015000000000000e+09	2.135686300000000024e-03	-1.535234199999999972e-03
7.585020000000000000e+09	2.917714999999999979e-03	-1.253334800000000101e-03
7.585025000000000000e+09	1.987447600000000029e-03	-1.254051499999999904e-03
7.585030000000000000e+09	2.135985700000000206e-03	-1.384903499999999999e-03
7.585035000000000000e+09	2.324406499999999952e-03	-7.976116999999999582e-04
7.585040000000000000e+09	2.849968699999999838e-03	-1.259175300000000067e-03
7.585045000000000000e+09	2.402645299999999796e-03	-1.357078700000000082e-03
7.585050000000000000e+09	1.923836599999999937e-03	-9.372474000000000213e-04
7.585055000000000000e+09	1.836888000000000062e-03	-8.209721999999999593e-04
7.585060000000000000e+09	2.085389400000000129e-03	-7.717469000000000022e-04
7.585065000000000000e+09	2.652213799999999892e-03	-6.825890999999999730e-04
7.585070000000000000e+09	2.062727800000000149e-03	-9.851716999999999853e-04
7.585075000000000000e+09	2.394883799999999834e-03	-6.290302000000000003e-04
7.585080000000000000e+09	2.092129500000000034e-03	-1.068700400000000038e-03
7.585085000000000000e+09	2.576044999999999897e-03	-1.069609800000000067e-03
7.585090000000000000e+09	2.260513599999999790e-03	-1.079117000000000097e-03
7.585095000000000000e+09	2.782191900000000138e-03	-1.165695200000000081e-03
7.585100000000000000e+09	2.187497899999999926e-03	-8.183371999999999955e-04
7.585105000000000000e+09	1.953118399999999918e-03	-6.273256999999999965e-04
7.585110000000000000e+09	2.384723200000000119e-03	-1.023781999999999991e-03
7.585115000000000000e+09	2.504968199999999846e-03	-9.599222999999999827e-04
7.585120000000000000e+09	2.805446200000000136e-03	-1.225710799999999920e-03
7.585125000000000000e+09	2.503455700000000155e-03	-1.503765599999999994e-03
7.585130000000000000e+09	2.848188299999999864e-03	-1.019269099999999982e-03
7.585135000000000000e+09	2.593882899999999918e-03	-1.235163899999999933e-03
7.585140000000000000e+09	2.332375700000000052e-03	-1.346801300000000003e-03
7.585145000000000000e+09	2.237715400000000066e-03	-1.108330100000000070e-03
7.585150000000000000e+09	2.103521399999999826e-03	-1.508886199999999933e-03
7.585155000000000000e+09	2.348064500000000138e-03	-1.313286600000000085e-03
7.585160000000000000e+09	2.453096300000000198e-03	-1.057817099999999993e-03
7.585165000000000000e+09	2.034361000000000155e-03	-1.061752700000000030e-03
7.585170000000000000e+09	2.307460600000000098e-03	-9.364046000000000435e-04
7.585175000000000000e+09	1.818527099999999938e-03	-1.427286100000000084e-03
7.585180000000000000e+09	1.630060299999999901e-03	-1.297439700000000079e-03
7.585185000000000000e+09	2.641077099999999955e-03	-1.104004499999999963e-03
7.585190000000000000e+09	2.869525800000000213e-03	-1.720242500000000035e-03
7.585195000000000000e+09	2.287183899999999798e-03	-1.282111799999999897e-03
7.585200000000000000e+09	2.616662400000000204e-03	-1.660387300000000033e-03
7.585205000000000000e+09	2.528355500000000096e-03	-1.402147000000000072e-03
7.585210000000000000e+09	1.680764499999999910e-03	-1.115738100000000050e-03
7.585215000000000000e+09	2.242159699999999884e-03	-1.385368400000000022e-03
7.585220000000000000e+09	1.819921400000000088e-03	-1.123435500000000056e-03
7.585225000000000000e+09	2.316098099999999976e-03	-1.185947300000000015e-03
7.585230000000000000e+09	1.692094000000000107e-03	-1.236130200000000066e-03
7.585235000000000000e+09	2.055891199999999863e-03	-1.544757400000000037e-03
7.585240000000000000e+09	2.192748300000000108e-03	-1.426201100000000022e-03
7.585245000000000000e+09	1.878920999999999977e-03	-7.257875000000000437e-04
7.585250000000000000e+09	1.674575599999999966e-03	-1.566408000000000036e-03
7.585255000000000000e+09	1.661541299999999988e-03	-1.519791599999999925e-03
7.585260000000000000e+09	2.252729900000000063e-03	-1.668127200000000003e-03
7.585265000000000000e+09	2.638486199999999851e-03	-9.425784999999999676e-04
7.585270000000000000e+09	2.550401400000000020e-03	-1.264989700000000022e-03
7.585275000000000000e+09	2.818901400000000095e-03	-1.407235200000000021e-03
7.585280000000000000e+09	2.155808400000000079e-03	-1.048655199999999968e-03
7.585285000000000000e+09	1.351728699999999979e-03	-1.472451199999999906e-03
7.585290000000000000e+09	2.387235699999999943e-03	-1.103041199999999986e-03
7.585295000000000000e+09	1.956804099999999956e-03	-1.008856499999999986e-03
7.585300000000000000e+09	2.274289999999999992e-03	-9.531955999999999849e-04
7.585305000000000000e+09	2.027732799999999811e-03	-1.548368700000000075e-03
7.585310000000000000e+09	1.157900799999999958e-03	-1.304661599999999916e-03
7.585315000000000000e+09	1.765637000000000022e-03	-9.747713000000000298e-04
7.585320000000000000e+09	1.730413000000000090e-03	-1.365744699999999921e-03
7.585325000000000000e+09	2.188539900000000069e-03	-1.598324500000000096e-03
7.585330000000000000e+09	1.837864100000000068e-03	-9.444011999999999459e-04
7.585335000000000000e+09	1.719954299999999986e-03	-1.426570199999999903e-03
7.585340000000000000e+09	1.990064799999999995e-03	-1.594044100000000007e-03
7.585345000000000000e+09	2.257781300000000040e-03	-9.481217000000000334e-04
7.585350000000000000e+09	2.188815000000000205e-03	-7.926660000000000303e-04
7.585355000000000000e+09	2.002754099999999853e-03	-1.081513299999999978e-03
7.585360000000000000e+09	2.292198300000000168e-03	-2.072313699999999911e-03
7.585365000000000000e+09	1.961410600000000008e-03	-2.067076900000000030e-03
7.585370000000000000e+09	2.018361299999999869e-03	-8.589032000000000134e-04
7.585375000000000000e+09	2.570556800000000156e-03	-1.621569000000000005e-03
7.585380000000000000e+09	2.456668999999999867e-03	-1.689718100000000027e-03
7.585385000000000000e+09	2.211236399999999807e-03	-1.290901600000000102e-03
7.585390000000000000e+09	2.480908999999999892e-03	-1.247576700000000045e-03
7.585395000000000000e+09	1.958951999999999916e-03	-5.945289999999999993e-04
7.585400000000000000e+09	1.648995799999999944e-03	-1.546782999999999925e-03
7.585405000000000000e+09	2.430306699999999938e-03	-1.827802799999999955e-03
7.585410000000000000e+09	1.688124600000000036e-03	-1.198367699999999900e-03
7.585415000000000000e+09	1.992541100000000051e-03	-1.874581400000000083e-03
7.585420000000000000e+09	2.314147099999999940e-03	-1.381232499999999986e-03
7.585425000000000000e+09	1.875801100000000108e-03	-1.561956100000000012e-03
7.585430000000000000e+09	1.887512199999999895e-03	-1.939135000000000034e-03
7.585435000000000000e+09	2.176533000000000027e-03	-1.390068699999999968e-03
7.585440000000000000e+09	1.917688500000000029e-03	-1.531908499999999965e-03
7.585445000000000000e+09	1.348053299999999984e-03	-2.058427299999999929e-03
7.585450000000000000e+09	2.113440800000000123e-03	-1.301300700000000048e-03
7.585455000000000000e+09	1.425502799999999988e-03	-1.288183100000000070e-03
7.585460000000000000e+09	1.852384899999999978e-03	-1.883557400000000033e-03
7.585465000000000000e+09	1.351130799999999922e-03	-1.705628800000000105e-03
7.585470000000000000e+09	2.189654100000000114e-03	-1.263889999999999935e-03
7.585475000000000000e+09	2.770674199999999948e-03	-1.695546999999999940e-03
7.585480000000000000e+09	2.205131400000000068e-03	-1.411281599999999895e-03
7.585485000000000000e+09	2.060972500000000061e-03	-1.164311699999999927e-03
7.585490000000000000e+09	1.867363799999999978e-03	-1.898857099999999923e-03
7.585495000000000000e+09	2.246823199999999857e-03	-1.947456499999999924e-03
7.585500000000000000e+09	2.220407700000000002e-03	-1.927880600000000076e-03
7.585505000000000000e+09	2.334461199999999983e-03	-1.735150900000000064e-03
7.585510000000000000e+09	2.102534499999999824e-03	-1.440649000000000009e-03
7.585515000000000000e+09	2.173410399999999888e-03	-2.131643700000000145e-03
7.585520000000000000e+09	1.921336100000000085e-03	-1.725504699999999905e-03
7.585525000000000000e+09	1.931702900000000075e-03	-2.166465499999999968e-03
7.585530000000000000e+09	2.404706400000000081e-03	-1.715711200000000040e-03
7.585535000000000000e+09	2.358676899999999962e-03	-1.736382899999999946e-03
7.585540000000000000e+09	1.623544700000000007e-03	-8.509618999999999951e-04
7.585545000000000000e+09	2.095448900000000062e-03	-1.996511299999999961e-03
7.585550000000000000e+09	1.322363599999999998e-03	-2.073397600000000032e-03
7.585555000000000000e+09	1.848500299999999985e-03	-1.790059199999999946e-03
7.585560000000000000e+09	2.447704099999999799e-03	-1.585801499999999918e-03
7.585565000000000000e+09	2.147013000000000133e-03	-2.324497799999999861e-03
7.585570000000000000e+09	1.765405399999999975e-03	-1.704871599999999935e-03
7.585575000000000000e+09	2.032227699999999970e-03	-1.105459100000000076e-03
7.585580000000000000e+09	2.134727999999999799e-03	-1.405139400000000047e-03
7.585585000000000000e+09	2.127874899999999958e-03	-1.764275299999999930e-03
7.585590000000000000e+09	2.018698499999999930e-03	-1.910097900000000013e-03
7.585595000000000000e+09	1.434860999999999949e-03	-1.508017499999999905e-03
7.585600000000000000e+09	1.733101300000000015e-03	-1.483025800000000068e-03
7.585605000000000000e+09	1.628919900000000030e-03	-1.234039699999999948e-03
7.585610000000000000e+09	2.346056200000000078e-03	-2.365813300000000133e-03
7.585615000000000000e+09	2.214766899999999830e-03	-1.415298599999999934e-03
7.585620000000000000e+09	2.211298100000000030e-03	-1.490689799999999959e-03
7.585625000000000000e+09	2.121358900000000144e-03	-1.434191600000000013e-03
7.585630000000000000e+09	1.894096500000000015e-03	-9.619738999999999547e-04
7.585635000000000000e+09	2.264039700000000047e-03	-9.805128000000000628e-04
7.585640000000000000e+09	1.995257700000000085e-03	-2.163832300000000184e-03
7.585645000000000000e+09	1.833718200000000092e-03	-1.581320300000000094e-03
7.585650000000000000e+09	1.908392199999999926e-03	-1.947544399999999974e-03
7.585655000000000000e+09	2.268686900000000100e-03	-1.210312600000000051e-03
7.585660000000000000e+09	2.436947699999999876e-03	-2.133863900000000039e-03
7.585665000000000000e+09	2.123256100000000049e-03	-1.137784100000000008e-03
7.585670000000000000e+09	2.511101700000000197e-03	-1.614674300000000073e-03
7.585675000000000000e+09	1.755488599999999915e-03	-1.966055899999999846e-03
7.585680000000000000e+09	1.904060099999999988e-03	-2.155859200000000055e-03
7.585685000000000000e+09	2.093303300000000020e-03	-2.013683799999999892e-03
7.585690000000000000e+09	2.309492099999999829e-03	-1.435839599999999940e-03
7.585695000000000000e+09	2.317124700000000072e-03	-1.710879399999999922e-03
7.585700000000000000e+09	1.847430400000000085e-03	-1.823928700000000073e-03
7.585705000000000000e+09	1.666283800000000013e-03	-2.066043000000000046e-03
7.585710000000000000e+09	2.067831300000000112e-03	-2.130487300000000021e-03
7.585715000000000000e+09	1.927352499999999969e-03	-1.759258299999999975e-03
7.585720000000000000e+09	1.904185500000000033e-03	-1.795622200000000042e-03
7.585725000000000000e+09	1.628770999999999995e-03	-2.088319400000000076e-03
7.585730000000000000e+09	1.778608600000000086e-03	-1.575043900000000019e-03
7.585735000000000000e+09	1.682098799999999983e-03	-1.762096199999999956e-03
7.585740000000000000e+09	2.110278199999999788e-03	-1.711745399999999896e-03
7.585745000000000000e+09	2.051992199999999947e-03	-1.596861700000000005e-03
7.585750000000000000e+09	1.978758399999999869e-03	-1.956945700000000104e-03
7.585755000000000000e+09	1.911427299999999933e-03	-2.164284800000000099e-03
7.585760000000000000e+09	1.971599399999999797e-03	-1.599943599999999926e-03
7.585765000000000000e+09	1.836807200000000048e-03	-1.782652499999999975e-03
7.585770000000000000e+09	1.820233600000000082e-03	-2.040417200000000167e-03
7.585775000000000000e+09	1.676756800000000006e-03	-2.104428099999999802e-03
7.585780000000000000e+09	1.834431899999999956e-03	-1.572703099999999982e-03
7.585785000000000000e+09	1.777706399999999911e-03	-1.351808400000000052e-03
7.585790000000000000e+09	1.323640100000000094e-03	-1.659599199999999952e-03
7.585795000000000000e+09	1.846095999999999978e-03	-1.503376700000000083e-03
7.585800000000000000e+09	2.186872900000000168e-03	-1.535587300000000035e-03
7.585805000000000000e+09	1.926395100000000051e-03	-2.152726700000000010e-03
7.585810000000000000e+09	1.500728499999999955e-03	-1.418347300000000026e-03
7.585815000000000000e+09	1.796591499999999897e-03	-1.675957700000000076e-03
7.585820000000000000e+09	1.742129999999999937e-03	-1.870711300000000047e-03
7.585825000000000000e+09	1.614325900000000095e-03	-1.550946500000000049e-03
7.585830000000000000e+09	1.235456999999999918e-03	-2.587986400000000155e-03
7.585835000000000000e+09	1.593239100000000017e-03	-1.870222099999999978e-03
7.585840000000000000e+09	1.547714800000000003e-03	-1.435043300000000098e-03
7.585845000000000000e+09	1.668794799999999976e-03	-2.159283499999999859e-03
7.585850000000000000e+09	1.506725499999999945e-03	-1.785990699999999909e-03
7.585855000000000000e+09	1.678139400000000069e-03	-2.194740599999999917e-03
7.585860000000000000e+09	1.884359099999999981e-03	-2.292592699999999786e-03
7.585865000000000000e+09	1.977273800000000151e-03	-1.921096499999999912e-03
7.585870000000000000e+09	1.851682099999999928e-03	-1.979935300000000044e-03
7.585875000000000000e+09	1.442084699999999966e-03	-2.428595400000000109e-03
7.585880000000000000e+09	2.161376600000000214e-03	-2.475807799999999847e-03
7.585885000000000000e+09	1.955625300000000000e-03	-1.941991799999999956e-03
7.585890000000000000e+09	2.113747200000000090e-03	-1.810242899999999974e-03
7.585895000000000000e+09	1.259304500000000106e-03	-2.703785599999999987e-03
7.585900000000000000e+09	1.823858899999999906e-03	-2.017746899999999823e-03
7.585905000000000000e+09	1.558398500000000072e-03	-1.790132899999999925e-03
7.585910000000000000e+09	9.946430999999999502e-04	-1.956388600000000082e-03
7.585915000000000000e+09	1.190373399999999915e-03	-2.478558999999999971e-03
7.585920000000000000e+09	1.557613100000000044e-03	-1.700173500000000089e-03
7.585925000000000000e+09	1.706136100000000058e-03	-1.933313999999999996e-03
7.585930000000000000e+09	1.463765400000000038e-03	-2.271675099999999944e-03
7.585935000000000000e+09	1.226465400000000070e-03	-1.992637199999999862e-03
7.585940000000000000e+09	1.886890700000000030e-03	-2.105859700000000095e-03
7.585945000000000000e+09	2.264826100000000200e-03	-2.609768299999999826e-03
7.585950000000000000e+09	1.683971600000000023e-03	-2.455667999999999827e-03
7.585955000000000000e+09	1.231368299999999931e-03	-2.070186099999999935e-03
7.585960000000000000e+09	1.739561199999999997e-03	-2.132254799999999933e-03
7.585965000000000000e+09	1.669803400000000005e-03	-2.642461599999999800e-03
7.585970000000000000e+09	1.765945899999999975e-03	-2.058096599999999915e-03
7.585975000000000000e+09	1.703770700000000089e-03	-2.311683799999999980e-03
7.585980000000000000e+09	1.659665600000000043e-03	-1.838305199999999999e-03
7.585985000000000000e+09	1.780142200000000034e-03	-2.610208599999999917e-03
7.585990000000000000e+09	1.225116299999999938e-03	-1.940362200000000014e-03
7.585995000000000000e+09	1.650037800000000087e-03	-1.885205199999999892e-03
7.586000000000000000e+09	1.157625399999999936e-03	-1.782427299999999942e-03
