7.576000000000000000e+09	-4.476351899999999814e-03	-2.361000000000000032e-07
7.576005000000000000e+09	-2.906464100000000130e-03	-1.270349999999999958e-05
7.576010000000000000e+09	-2.427593899999999898e-03	-4.112030999999999933e-04
7.576015000000000000e+09	-3.575587700000000101e-03	-1.879720000000000021e-05
7.576020000000000000e+09	-2.089276000000000154e-03	-8.842767000000000509e-04
7.576025000000000000e+09	-2.944177599999999850e-03	-6.406234999999999491e-04
7.576030000000000000e+09	-3.026695800000000092e-03	-3.644634000000000111e-04
7.576035000000000000e+09	-2.670533499999999845e-03	2.989549000000000199e-04
7.576040000000000000e+09	-2.579787000000000052e-03	2.500703000000000171e-04
7.576045000000000000e+09	-2.351959299999999923e-03	-5.302784000000000490e-04
7.576050000000000000e+09	-3.416014000000000203e-03	-4.428624000000000037e-04
7.576055000000000000e+09	-2.005465399999999815e-03	-2.897964000000000160e-04
7.576060000000000000e+09	-3.050883099999999928e-03	-3.152238999999999822e-04
7.576065000000000000e+09	-1.591129099999999972e-03	5.893730999999999493e-04
7.576070000000000000e+09	-3.309509799999999814e-03	3.430134999999999846e-04
7.576075000000000000e+09	-2.645843900000000026e-03	6.586759000000000407e-04
7.576080000000000000e+09	-3.292731699999999935e-03	-2.482540999999999784e-04
7.576085000000000000e+09	-2.639760300000000212e-03	-9.351468999999999624e-04
7.576090000000000000e+09	-1.933528099999999930e-03	-3.514231999999999729e-04
7.576095000000000000e+09	-2.961997300000000170e-03	1.235543200000000039e-03
7.576100000000000000e+09	-2.878010800000000129e-03	1.187187999999999991e-04
7.576105000000000000e+09	-3.592293500000000046e-03	-7.738179999999999831e-05
7.576110000000000000e+09	-1.961745500000000152e-03	-1.935833400000000004e-03
7.576115000000000000e+09	-2.175546899999999863e-03	-1.833539999999999931e-04
7.576120000000000000e+09	-2.886162500000000013e-03	5.525834999999999992e-04
7.576125000000000000e+09	-2.388263500000000015e-03	-3.661491000000000008e-04
7.576130000000000000e+09	-3.152413800000000016e-03	-2.118960000000000122e-05
7.576135000000000000e+09	-3.129465399999999814e-03	-1.236046800000000032e-03
7.576140000000000000e+09	-3.265644800000000111e-03	1.315688999999999932e-04
7.576145000000000000e+09	-2.458486399999999881e-03	2.985148999999999767e-04
7.576150000000000000e+09	-2.297584499999999821e-03	-9.272001000000000201e-04
7.576155000000000000e+09	-3.318866199999999812e-03	8.281328999999999600e-04
7.576160000000000000e+09	-2.204652200000000156e-03	-6.331417999999999898e-04
7.576165000000000000e+09	-2.583939899999999814e-03	-2.063227999999999959e-04
7.576170000000000000e+09	-1.579009500000000095e-03	4.488493999999999991e-04
7.576175000000000000e+09	-2.903267699999999979e-03	-3.643982000000000037e-04
7.576180000000000000e+09	-1.836001799999999922e-03	-4.671095000000000108e-04
7.576185000000000000e+09	-2.271104500000000088e-03	-1.588895999999999907e-04
7.576190000000000000e+09	-1.556376400000000076e-03	-6.187614000000000352e-04
7.576195000000000000e+09	-3.042393200000000075e-03	5.223170000000000070e-04
7.576200000000000000e+09	-3.870139900000000178e-03	-1.482854999999999937e-03
7.576205000000000000e+09	-2.219716300000000152e-03	-5.304984000000000435e-04
7.576210000000000000e+09	-3.801900300000000087e-03	4.528067000000000094e-04
7.576215000000000000e+09	-3.057822700000000209e-03	2.107509000000000086e-04
7.576220000000000000e+09	-1.951378400000000060e-03	5.540840999999999692e-04
7.576225000000000000e+09	-2.105958800000000061e-03	-9.585614999999999804e-04
7.576230000000000000e+09	-3.321195500000000047e-03	-2.335379999999999992e-05
7.576235000000000000e+09	-2.321827500000000002e-03	1.353699500000000045e-03
7.576240000000000000e+09	-3.474565800000000045e-03	-3.454582999999999786e-04
7.576245000000000000e+09	-2.169852800000000165e-03	1.406482999999999930e-04
7.576250000000000000e+09	-1.913865299999999939e-03	2.822852000000000260e-04
7.576255000000000000e+09	-3.648749100000000210e-03	-1.877325000000000055e-04
7.576260000000000000e+09	-2.870017600000000085e-03	4.352323999999999971e-04
7.576265000000000000e+09	-1.724027099999999972e-03	1.190354100000000056e-03
7.576270000000000000e+09	-3.019899700000000173e-03	1.375399000000000077e-04
7.576275000000000000e+09	-3.035933000000000208e-03	-6.518920999999999787e-04
7.576280000000000000e+09	-2.015125999999999896e-03	-2.989681000000000218e-04
7.576285000000000000e+09	-1.369987100000000062e-03	-2.828363000000000079e-04
7.576290000000000000e+09	-3.848005800000000101e-03	-5.899059999999999726e-05
7.576295000000000000e+09	-3.604154400000000175e-03	6.585389999999999777e-04
7.576300000000000000e+09	-2.491030100000000014e-03	1.053695799999999948e-03
7.576305000000000000e+09	-3.734929499999999850e-03	7.163640000000000415e-05
7.576310000000000000e+09	-4.094946300000000018e-03	2.241010999999999947e-04
7.576315000000000000e+09	-3.801795800000000013e-03	-1.926797000000000112e-04
7.576320000000000000e+09	-2.446281800000000076e-03	5.828702000000000492e-04
7.576325000000000000e+09	-3.700434299999999944e-03	1.695503600000000102e-03
7.576330000000000000e+09	-3.147717799999999802e-03	4.696449999999999800e-04
7.576335000000000000e+09	-2.647473899999999887e-03	6.826748999999999578e-04
7.576340000000000000e+09	-2.983682200000000156e-03	2.851433000000000114e-04
7.576345000000000000e+09	-3.589860500000000010e-03	-2.743377000000000077e-04
7.576350000000000000e+09	-3.010266100000000191e-03	2.650266000000000080e-04
7.576355000000000000e+09	-2.170709399999999969e-03	7.838607999999999947e-04
7.576360000000000000e+09	-3.450427500000000005e-03	1.056818800000000006e-03
7.576365000000000000e+09	-2.960618899999999803e-03	4.714775999999999733e-04
7.576370000000000000e+09	-3.289743400000000057e-03	-4.107914999999999852e-04
7.576375000000000000e+09	-3.379901299999999928e-03	3.872527999999999864e-04
7.576380000000000000e+09	-3.040939099999999916e-03	3.316955000000000229e-04
7.576385000000000000e+09	-2.936238700000000108e-03	-4.610638000000000019e-04
7.576390000000000000e+09	-3.351482900000000119e-03	6.851738999999999486e-04
7.576395000000000000e+09	-2.993879300000000174e-03	-5.133559000000000429e-04
7.576400000000000000e+09	-3.090265799999999865e-03	5.228588000000000159e-04
7.576405000000000000e+09	-3.306855100000000072e-03	7.649179999999999565e-04
7.576410000000000000e+09	-3.681753099999999883e-03	2.162885000000000079e-04
7.576415000000000000e+09	-3.998836599999999741e-03	6.110393999999999895e-04
7.576420000000000000e+09	-2.925111499999999941e-03	2.434579999999999991e-04
7.576425000000000000e+09	-2.287419299999999839e-03	6.836529999999999951e-04
7.576430000000000000e+09	-3.210060099999999857e-03	1.209528999999999986e-03
7.576435000000000000e+09	-2.027558899999999924e-03	1.591583099999999964e-03
7.576440000000000000e+09	-2.547335700000000203e-03	-1.701530999999999888e-04
7.576445000000000000e+09	-2.017733500000000024e-03	1.586493999999999925e-04
7.576450000000000000e+09	-3.400755000000000097e-03	-5.718195999999999826e-04
7.576455000000000000e+09	-2.978230100000000147e-03	1.209725200000000105e-03
7.576460000000000000e+09	-2.944070999999999928e-03	1.880118000000000013e-04
7.576465000000000000e+09	-2.117629099999999813e-03	3.020097000000000233e-04
7.576470000000000000e+09	-2.075757599999999894e-03	-8.692152999999999989e-04
7.576475000000000000e+09	-3.690447999999999819e-03	-5.840802000000000190e-04
7.576480000000000000e+09	-2.106952500000000214e-03	-2.417618000000000067e-04
7.576485000000000000e+09	-4.722262300000000176e-03	-1.060989800000000085e-03
7.576490000000000000e+09	-3.013726400000000128e-03	2.771300000000000046e-06
7.576495000000000000e+09	-3.386909999999999921e-03	1.293379500000000053e-03
7.576500000000000000e+09	-2.715137800000000119e-03	1.276309700000000016e-03
7.576505000000000000e+09	-3.233658099999999966e-03	-1.038782700000000052e-03
7.576510000000000000e+09	-2.840122999999999953e-03	3.503620000000000042e-04
7.576515000000000000e+09	-3.701851500000000097e-03	1.223106999999999970e-03
7.576520000000000000e+09	-2.415794199999999822e-03	8.846630000000000509e-04
7.576525000000000000e+09	-2.648353899999999865e-03	8.391279999999999659e-04
7.576530000000000000e+09	-3.275469799999999876e-03	3.561193999999999840e-04
7.576535000000000000e+09	-1.638447300000000009e-03	1.483028699999999972e-03
7.576540000000000000e+09	-2.458357600000000195e-03	1.799696599999999922e-03
7.576545000000000000e+09	-2.074011000000000170e-03	8.806864000000000185e-04
7.576550000000000000e+09	-2.851310200000000197e-03	6.119568000000000360e-04
7.576555000000000000e+09	-3.441418300000000010e-03	1.271163000000000013e-04
7.576560000000000000e+09	-2.256446599999999830e-03	1.923754200000000027e-03
7.576565000000000000e+09	-3.395359000000000137e-03	1.000546400000000081e-03
7.576570000000000000e+09	-2.857760400000000124e-03	8.321936999999999737e-04
7.576575000000000000e+09	-3.094115900000000020e-03	9.739376000000000110e-04
7.576580000000000000e+09	-3.988738099999999953e-03	2.917902999999999903e-04
7.576585000000000000e+09	-2.973823699999999810e-03	5.251689999999999858e-05
7.576590000000000000e+09	-2.583846900000000193e-03	3.222311999999999854e-04
7.576595000000000000e+09	-3.091427299999999993e-03	3.214027000000000051e-04
7.576600000000000000e+09	-2.783589700000000181e-03	1.822351600000000037e-03
7.576605000000000000e+09	-2.228695399999999858e-03	-3.164620000000000204e-05
7.576610000000000000e+09	-2.864351499999999960e-03	1.366979099999999971e-03
7.576615000000000000e+09	-2.587855799999999856e-03	1.007488800000000016e-03
7.576620000000000000e+09	-3.101204499999999937e-03	5.856271999999999823e-04
7.576625000000000000e+09	-4.013365700000000313e-03	1.380334599999999976e-03
7.576630000000000000e+09	-2.350073900000000139e-03	4.283669999999999731e-04
7.576635000000000000e+09	-2.390289800000000141e-03	4.840102000000000098e-04
7.576640000000000000e+09	-2.657609000000000013e-03	6.682629999999999950e-04
7.576645000000000000e+09	-2.133527400000000216e-03	1.138974999999999970e-03
7.576650000000000000e+09	-3.411019899999999817e-03	1.080100600000000058e-03
7.576655000000000000e+09	-2.897522599999999803e-03	1.447770300000000019e-03
7.576660000000000000e+09	-3.095416900000000013e-03	-1.629539999999999987e-05
7.576665000000000000e+09	-2.577751799999999927e-03	7.607894000000000245e-04
7.576670000000000000e+09	-2.734270000000000016e-03	1.012928900000000052e-03
7.576675000000000000e+09	-1.456128600000000098e-03	5.730124000000000502e-04
7.576680000000000000e+09	-1.579771900000000086e-03	-7.080694000000000007e-04
7.576685000000000000e+09	-2.675236599999999878e-03	4.835142000000000064e-04
7.576690000000000000e+09	-3.205432299999999915e-03	9.850596999999999565e-04
7.576695000000000000e+09	-2.164457700000000078e-03	6.427047999999999659e-04
7.576700000000000000e+09	-2.980523799999999952e-03	1.044303899999999988e-03
7.576705000000000000e+09	-2.332609499999999982e-03	2.391942999999999945e-04
7.576710000000000000e+09	-2.540190099999999930e-03	7.197619999999999843e-04
7.576715000000000000e+09	-2.727567699999999991e-03	-4.745837000000000146e-04
7.576720000000000000e+09	-1.688817900000000099e-03	2.301019300000000170e-03
7.576725000000000000e+09	-2.218592299999999802e-03	2.185986999999999913e-04
7.576730000000000000e+09	-2.352773700000000082e-03	1.279828499999999952e-03
7.576735000000000000e+09	-2.808294199999999876e-03	2.125404100000000043e-03
7.576740000000000000e+09	-2.805513700000000169e-03	-2.442275000000000262e-04
7.576745000000000000e+09	-3.168572499999999879e-03	5.033524000000000158e-04
7.576750000000000000e+09	-3.966238900000000275e-03	1.097507699999999975e-03
7.576755000000000000e+09	-2.721017699999999859e-03	6.349008000000000386e-04
7.576760000000000000e+09	-1.887546099999999963e-03	8.415859999999999617e-04
7.576765000000000000e+09	-2.849389099999999949e-03	6.063967999999999876e-04
7.576770000000000000e+09	-2.143224100000000031e-03	1.605796999999999954e-03
7.576775000000000000e+09	-4.027673399999999980e-03	1.400800100000000039e-03
7.576780000000000000e+09	-3.820101800000000065e-03	1.525223000000000084e-04
7.576785000000000000e+09	-2.806910900000000007e-03	6.329668999999999790e-04
7.576790000000000000e+09	-3.249544799999999883e-03	1.574150399999999991e-03
7.576795000000000000e+09	-3.328152799999999859e-03	1.214316299999999892e-03
7.576800000000000000e+09	-2.633526599999999954e-03	9.864118000000000278e-04
7.576805000000000000e+09	-3.611123400000000074e-03	2.260943000000000013e-04
7.576810000000000000e+09	-1.961013199999999800e-03	8.590870000000000234e-04
7.576815000000000000e+09	-2.465128799999999863e-03	1.282346800000000019e-03
7.576820000000000000e+09	-2.864925999999999844e-03	5.759089999999999777e-05
7.576825000000000000e+09	-3.339877700000000015e-03	1.469117800000000092e-03
7.576830000000000000e+09	-2.128561900000000041e-03	2.309122299999999926e-03
7.576835000000000000e+09	-3.441231600000000095e-03	1.408639200000000010e-03
7.576840000000000000e+09	-3.378092400000000210e-03	7.610706999999999976e-04
7.576845000000000000e+09	-2.864856700000000065e-03	2.247306399999999833e-03
7.576850000000000000e+09	-3.668156000000000107e-03	1.212694799999999894e-03
7.576855000000000000e+09	-2.899914700000000203e-03	1.010910100000000098e-03
7.576860000000000000e+09	-2.788737500000000070e-03	1.047208999999999900e-03
7.576865000000000000e+09	-2.585013900000000028e-03	1.032002300000000065e-03
7.576870000000000000e+09	-3.327280399999999871e-03	2.009213200000000213e-03
7.576875000000000000e+09	-3.399662700000000148e-03	1.185653600000000042e-03
7.576880000000000000e+09	-2.501877899999999880e-03	1.625770099999999940e-03
7.576885000000000000e+09	-1.760125300000000073e-03	7.750316000000000149e-04
7.576890000000000000e+09	-3.012310499999999985e-03	2.352207499999999993e-03
7.576895000000000000e+09	-2.471504099999999836e-03	5.600679000000000117e-04
7.576900000000000000e+09	-3.170180099999999907e-03	1.127739300000000101e-03
7.576905000000000000e+09	-2.734624000000000169e-03	1.427497100000000045e-03
7.576910000000000000e+09	-2.335610499999999853e-03	6.559544999999999959e-04
7.576915000000000000e+09	-3.032183800000000200e-03	1.826773299999999954e-03
7.576920000000000000e+09	-1.952640999999999969e-03	3.769805000000000204e-04
7.576925000000000000e+09	-3.393637399999999832e-03	1.445738299999999900e-03
7.576930000000000000e+09	-3.814563500000000152e-03	1.445106700000000060e-03
7.576935000000000000e+09	-2.171702000000000181e-03	3.177494000000000108e-04
7.576940000000000000e+09	-3.642811399999999842e-03	6.322420000000000362e-05
7.576945000000000000e+09	-2.860638600000000187e-03	1.583432700000000090e-03
7.576950000000000000e+09	-4.013617799999999979e-03	6.596710000000000204e-04
7.576955000000000000e+09	-3.777686599999999922e-03	6.991595000000000405e-04
7.576960000000000000e+09	-2.062463400000000193e-03	1.034959800000000065e-03
7.576965000000000000e+09	-2.940830499999999917e-03	1.324393799999999937e-03
7.576970000000000000e+09	-3.546580200000000200e-03	1.159155800000000094e-03
7.576975000000000000e+09	-2.845900699999999971e-03	1.942887400000000049e-03
7.576980000000000000e+09	-1.967999900000000097e-03	6.417166999999999880e-04
7.576985000000000000e+09	-2.261043999999999814e-03	1.170669399999999969e-03
7.576990000000000000e+09	-2.278113200000000081e-03	6.251250999999999553e-04
7.576995000000000000e+09	-2.016643399999999958e-03	5.689367999999999769e-04
7.577000000000000000e+09	-1.494570800000000026e-03	3.249521000000000224e-04
7.577005000000000000e+09	-3.093314399999999922e-03	-2.110214999999999921e-04
7.577010000000000000e+09	-2.055764500000000026e-03	1.110396499999999993e-03
7.577015000000000000e+09	-2.008243600000000038e-03	-2.324488999999999896e-04
7.577020000000000000e+09	-3.230059400000000105e-03	1.784578700000000011e-03
7.577025000000000000e+09	-3.081257999999999914e-03	3.917336199999999630e-03
7.577030000000000000e+09	-3.227093099999999923e-03	9.635104000000000238e-04
7.577035000000000000e+09	-3.373195399999999976e-03	1.924280900000000091e-03
7.577040000000000000e+09	-3.359270399999999841e-03	4.468275999999999975e-04
7.577045000000000000e+09	-2.783522000000000080e-03	1.269107900000000094e-03
7.577050000000000000e+09	-2.701966599999999861e-03	1.404298399999999924e-03
7.577055000000000000e+09	-2.611616399999999900e-03	-2.356047000000000111e-04
7.577060000000000000e+09	-2.513118700000000188e-03	1.506384200000000003e-03
7.577065000000000000e+09	-3.119653600000000214e-03	1.171125399999999993e-03
7.577070000000000000e+09	-2.058083200000000116e-03	1.042890199999999944e-03
7.577075000000000000e+09	-2.397060900000000210e-03	1.968753800000000009e-03
7.577080000000000000e+09	-2.602499099999999906e-03	6.110023999999999490e-04
7.577085000000000000e+09	-1.581353699999999991e-03	1.427854400000000022e-03
7.577090000000000000e+09	-1.646678400000000080e-03	6.331725000000000504e-04
7.577095000000000000e+09	-3.781873700000000071e-03	9.983464999999999527e-04
7.577100000000000000e+09	-2.341162099999999965e-03	2.725712400000000063e-03
7.577105000000000000e+09	-3.273774799999999967e-03	7.884939000000000097e-04
7.577110000000000000e+09	-2.698634899999999975e-03	1.905790199999999939e-03
7.577115000000000000e+09	-2.431657800000000102e-03	1.180498899999999967e-03
7.577120000000000000e+09	-3.205106399999999803e-03	1.602243799999999996e-03
7.577125000000000000e+09	-2.950471200000000151e-03	6.249750999999999787e-04
7.577130000000000000e+09	-1.768687099999999941e-03	1.165657500000000018e-03
7.577135000000000000e+09	-3.281584100000000184e-03	5.214733000000000476e-04
7.577140000000000000e+09	-3.328284300000000032e-03	1.492118499999999914e-03
7.577145000000000000e+09	-2.300684099999999923e-03	1.795574500000000039e-03
7.577150000000000000e+09	-2.042224200000000104e-03	1.366154299999999952e-03
7.577155000000000000e+09	-1.908743199999999923e-03	1.047101799999999991e-03
7.577160000000000000e+09	-3.095436200000000089e-03	4.991539999999999985e-05
7.577165000000000000e+09	-1.798543299999999989e-03	1.288774500000000080e-03
7.577170000000000000e+09	-2.537783100000000087e-03	1.847504899999999903e-03
7.577175000000000000e+09	-1.918972899999999999e-03	1.239295700000000089e-03
7.577180000000000000e+09	-2.823885400000000073e-03	2.429523900000000146e-03
7.577185000000000000e+09	-2.758819100000000062e-03	1.466232899999999912e-03
7.577190000000000000e+09	-2.819581399999999960e-03	2.040674100000000168e-03
7.577195000000000000e+09	-2.838896899999999914e-03	1.572383799999999953e-03
7.577200000000000000e+09	-3.426913900000000054e-03	1.923282799999999956e-03
7.577205000000000000e+09	-2.793649100000000080e-03	2.618942200000000040e-03
7.577210000000000000e+09	-1.371952199999999919e-03	1.754789299999999974e-03
7.577215000000000000e+09	-2.584896100000000189e-03	7.883400000000000043e-04
7.577220000000000000e+09	-2.295298199999999938e-03	6.544569999999999988e-04
7.577225000000000000e+09	-2.247881599999999955e-03	1.367397499999999967e-03
7.577230000000000000e+09	-1.347832200000000048e-03	1.544636399999999975e-03
7.577235000000000000e+09	-2.180879399999999853e-03	2.346982999999999969e-03
7.577240000000000000e+09	-2.582758499999999839e-03	2.327660100000000093e-03
7.577245000000000000e+09	-3.000021900000000158e-03	4.319336999999999808e-04
7.577250000000000000e+09	-2.872992899999999867e-03	1.327713099999999931e-03
7.577255000000000000e+09	-2.953237699999999855e-03	1.967066999999999861e-03
7.577260000000000000e+09	-2.671049200000000061e-03	2.502404900000000047e-03
7.577265000000000000e+09	-2.860888299999999902e-03	2.049116499999999869e-03
7.577270000000000000e+09	-3.271421100000000085e-03	2.350355999999999897e-04
7.577275000000000000e+09	-2.404129999999999982e-03	1.232094399999999904e-03
7.577280000000000000e+09	-2.140180700000000012e-03	1.927249000000000019e-03
7.577285000000000000e+09	-2.652020000000000158e-03	1.770248099999999908e-03
7.577290000000000000e+09	-2.882596800000000129e-03	9.022194999999999564e-04
7.577295000000000000e+09	-2.559672800000000088e-03	1.875637600000000082e-03
7.577300000000000000e+09	-3.356044500000000038e-03	1.982912800000000142e-03
7.577305000000000000e+09	-2.087445099999999873e-03	5.064703999999999951e-04
7.577310000000000000e+09	-2.598898100000000128e-03	2.486821299999999839e-03
7.577315000000000000e+09	-2.525275600000000207e-03	9.557068000000000160e-04
7.577320000000000000e+09	-2.738771100000000121e-03	1.063317100000000072e-03
7.577325000000000000e+09	-3.036639299999999934e-03	1.488688200000000015e-03
7.577330000000000000e+09	-2.899483799999999847e-03	1.577234100000000092e-03
7.577335000000000000e+09	-3.087749600000000080e-03	4.349762999999999980e-04
7.577340000000000000e+09	-2.620256000000000061e-03	1.823587999999999902e-03
7.577345000000000000e+09	-3.057448200000000005e-03	1.785223600000000049e-03
7.577350000000000000e+09	-2.828395000000000041e-03	2.833769500000000042e-03
7.577355000000000000e+09	-2.564879999999999851e-03	1.756879499999999990e-03
7.577360000000000000e+09	-2.352116500000000186e-03	7.918232000000000525e-04
7.577365000000000000e+09	-1.375491099999999987e-03	2.563465000000000014e-03
7.577370000000000000e+09	-2.121440400000000181e-03	6.258244000000000046e-04
7.577375000000000000e+09	-2.649580199999999972e-03	2.082153099999999816e-03
7.577380000000000000e+09	-2.025772099999999937e-03	1.639877899999999961e-03
7.577385000000000000e+09	-2.764038700000000150e-03	1.129628099999999960e-03
7.577390000000000000e+09	-2.967235800000000197e-03	2.132209899999999800e-03
7.577395000000000000e+09	-1.840401200000000041e-03	1.976816699999999968e-03
7.577400000000000000e+09	-2.423814600000000034e-03	2.351302400000000129e-03
7.577405000000000000e+09	-2.569262699999999913e-03	2.283804700000000194e-03
7.577410000000000000e+09	-1.037356799999999968e-03	3.215821800000000057e-03
7.577415000000000000e+09	-2.273490500000000143e-03	2.238675700000000105e-03
7.577420000000000000e+09	-2.312651299999999872e-03	1.628373999999999924e-03
7.577425000000000000e+09	-3.744911799999999912e-03	2.036777999999999939e-03
7.577430000000000000e+09	-2.577369099999999962e-03	1.186714499999999908e-03
7.577435000000000000e+09	-2.210980200000000045e-03	2.129118799999999995e-03
7.577440000000000000e+09	-1.992926600000000104e-03	1.951441099999999974e-03
7.577445000000000000e+09	-2.003323699999999801e-03	1.314421999999999986e-03
7.577450000000000000e+09	-2.289834900000000013e-03	6.624381999999999623e-04
7.577455000000000000e+09	-2.716715000000000189e-03	1.791900599999999904e-03
7.577460000000000000e+09	-2.422563700000000212e-03	2.186292299999999938e-03
7.577465000000000000e+09	-2.536727099999999940e-03	-5.223070000000000121e-05
7.577470000000000000e+09	-2.506364699999999879e-03	2.503529899999999871e-03
7.577475000000000000e+09	-2.491667300000000029e-03	1.855979399999999925e-03
7.577480000000000000e+09	-1.614389300000000031e-03	2.302808200000000007e-03
7.577485000000000000e+09	-2.247529299999999949e-03	3.181064400000000077e-03
7.577490000000000000e+09	-3.029448299999999792e-03	1.347504700000000041e-03
7.577495000000000000e+09	-2.000761299999999875e-03	2.275451200000000018e-03
7.577500000000000000e+09	-2.760942900000000044e-03	1.166157300000000016e-03
7.577505000000000000e+09	-2.879455300000000051e-03	1.923918499999999893e-03
7.577510000000000000e+09	-1.446930599999999905e-03	1.948553399999999923e-03
7.577515000000000000e+09	-1.853519999999999994e-03	2.803029600000000055e-03
7.577520000000000000e+09	-2.692220999999999850e-03	1.802097699999999922e-03
7.577525000000000000e+09	-1.872430700000000036e-03	1.297222100000000036e-03
7.577530000000000000e+09	-2.457250700000000038e-03	2.225332799999999844e-03
7.577535000000000000e+09	-2.246635900000000172e-03	2.552265800000000015e-03
7.577540000000000000e+09	-1.808269900000000025e-03	1.931517499999999953e-03
7.577545000000000000e+09	-2.879155799999999835e-03	1.713444200000000016e-03
7.577550000000000000e+09	-1.909248899999999981e-03	1.364554800000000083e-03
7.577555000000000000e+09	-1.597595700000000070e-03	1.596162699999999950e-03
7.577560000000000000e+09	-2.300266100000000064e-03	1.656079400000000108e-03
7.577565000000000000e+09	-1.464566100000000079e-03	2.396372800000000185e-03
7.577570000000000000e+09	-2.512331599999999797e-03	1.976937199999999860e-03
7.577575000000000000e+09	-2.613371800000000023e-03	1.767268499999999961e-03
7.577580000000000000e+09	-1.797598000000000078e-03	1.534752500000000075e-03
7.577585000000000000e+09	-1.888354500000000028e-03	2.192875400000000082e-03
7.577590000000000000e+09	-2.673973699999999867e-03	2.488043000000000112e-03
7.577595000000000000e+09	-1.314364900000000030e-03	8.884191999999999523e-04
7.577600000000000000e+09	-3.224693299999999933e-03	1.805129300000000037e-03
7.577605000000000000e+09	-3.064443300000000130e-03	1.966115300000000152e-03
7.577610000000000000e+09	-1.375701200000000075e-03	1.434531699999999979e-03
7.577615000000000000e+09	-2.866678000000000108e-03	1.215983699999999930e-03
7.577620000000000000e+09	-2.652708199999999784e-03	6.417226000000000484e-04
7.577625000000000000e+09	-2.742788500000000081e-03	2.340792999999999867e-03
7.577630000000000000e+09	-1.684509700000000072e-03	1.840796000000000012e-03
7.577635000000000000e+09	-2.398400199999999819e-03	3.157329400000000088e-03
7.577640000000000000e+09	-3.180656999999999929e-04	2.175112900000000186e-03
7.577645000000000000e+09	-1.704694899999999961e-03	2.360612900000000087e-03
7.577650000000000000e+09	-1.896663800000000094e-03	2.354884299999999899e-03
7.577655000000000000e+09	-2.863234899999999965e-03	1.821431899999999965e-03
7.577660000000000000e+09	-2.133460099999999818e-03	2.416180600000000182e-03
7.577665000000000000e+09	-2.213661799999999853e-03	2.646478900000000158e-03
7.577670000000000000e+09	-1.998589900000000141e-03	3.254360799999999818e-03
7.577675000000000000e+09	-1.511349300000000041e-03	2.829831200000000168e-03
7.577680000000000000e+09	-3.079364499999999970e-03	1.718020200000000075e-03
7.577685000000000000e+09	-1.910245799999999924e-03	3.620485300000000212e-03
7.577690000000000000e+09	-3.150651300000000075e-03	2.715795500000000185e-03
7.577695000000000000e+09	-2.928590400000000149e-03	1.812734600000000078e-03
7.577700000000000000e+09	-2.282972700000000105e-03	1.875980699999999987e-03
7.577705000000000000e+09	-1.995881000000000131e-03	3.042117400000000135e-03
7.577710000000000000e+09	-1.229585100000000087e-03	9.915409000000000462e-04
7.577715000000000000e+09	-2.381078000000000014e-03	1.149703200000000035e-03
7.577720000000000000e+09	-2.305854200000000045e-03	1.282084400000000094e-03
7.577725000000000000e+09	-2.915880999999999942e-03	1.516122200000000024e-03
7.577730000000000000e+09	-2.672314299999999955e-03	2.289814700000000064e-03
7.577735000000000000e+09	-2.929308900000000132e-03	2.049849299999999958e-03
7.577740000000000000e+09	-2.283813200000000057e-03	2.296875099999999906e-03
7.577745000000000000e+09	-2.731237899999999948e-03	1.434942899999999905e-03
7.577750000000000000e+09	-2.232541000000000213e-03	2.756393700000000016e-03
7.577755000000000000e+09	-1.754232400000000020e-03	1.946699799999999925e-03
7.577760000000000000e+09	-1.559749899999999904e-03	2.261958699999999916e-03
7.577765000000000000e+09	-1.465008600000000053e-03	1.742243699999999895e-03
7.577770000000000000e+09	-2.116187800000000115e-03	2.036027399999999852e-03
7.577775000000000000e+09	-1.300148600000000090e-03	2.345587300000000208e-03
7.577780000000000000e+09	-1.178770499999999945e-03	2.121038300000000106e-03
7.577785000000000000e+09	-6.151430999999999956e-04	3.215371199999999922e-03
7.577790000000000000e+09	-2.567993699999999990e-03	1.779902999999999997e-03
7.577795000000000000e+09	-1.550123499999999993e-03	2.448439900000000044e-03
7.577800000000000000e+09	-1.671590500000000095e-03	1.376911800000000033e-03
7.577805000000000000e+09	-1.316982800000000018e-03	3.142167200000000032e-03
7.577810000000000000e+09	-1.629993900000000027e-03	2.576364399999999961e-03
7.577815000000000000e+09	-2.433987700000000108e-03	2.366221799999999788e-03
7.577820000000000000e+09	-1.845994799999999946e-03	2.296357699999999977e-03
7.577825000000000000e+09	-1.572998500000000102e-03	2.805182600000000019e-03
7.577830000000000000e+09	-2.113046400000000071e-03	9.235320000000000204e-04
7.577835000000000000e+09	-2.134024699999999795e-03	1.344750100000000059e-03
7.577840000000000000e+09	-2.205557500000000087e-03	2.578146500000000080e-03
7.577845000000000000e+09	-1.552462299999999998e-03	3.154100700000000198e-03
7.577850000000000000e+09	-1.914143500000000048e-03	2.275573600000000123e-03
7.577855000000000000e+09	-1.598480599999999984e-03	1.139341600000000083e-03
7.577860000000000000e+09	-1.859968399999999958e-03	2.387077200000000104e-03
7.577865000000000000e+09	-1.935440999999999984e-03	2.360797300000000085e-03
7.577870000000000000e+09	-2.037218600000000133e-03	2.019947199999999870e-03
7.577875000000000000e+09	-2.497127300000000130e-03	1.046825199999999994e-03
7.577880000000000000e+09	-2.655726000000000180e-03	1.746954100000000032e-03
7.577885000000000000e+09	-1.412356700000000050e-03	1.570256199999999977e-03
7.577890000000000000e+09	-1.932250799999999996e-03	1.595818400000000069e-03
7.577895000000000000e+09	-2.448281300000000171e-03	2.102547199999999818e-03
7.577900000000000000e+09	-1.858358500000000012e-03	1.866527399999999906e-03
7.577905000000000000e+09	-2.479117099999999900e-03	1.353159199999999897e-03
7.577910000000000000e+09	-2.407733799999999848e-03	2.989371099999999816e-03
7.577915000000000000e+09	-1.505453400000000049e-03	1.467818199999999925e-03
7.577920000000000000e+09	-1.672143899999999940e-03	1.169145799999999963e-03
7.577925000000000000e+09	-2.481233599999999994e-03	2.437778800000000093e-03
7.577930000000000000e+09	-2.368642800000000069e-03	3.181276299999999911e-03
7.577935000000000000e+09	-1.438754700000000010e-03	2.704179900000000004e-03
7.577940000000000000e+09	-1.253110900000000078e-03	2.568934399999999851e-03
7.577945000000000000e+09	-1.885479800000000074e-03	2.314715800000000014e-03
7.577950000000000000e+09	-2.765876699999999817e-03	6.927415999999999609e-04
7.577955000000000000e+09	-2.497975400000000071e-03	2.426855099999999932e-03
7.577960000000000000e+09	-1.653916999999999974e-03	2.762506599999999847e-03
7.577965000000000000e+09	-1.331020499999999987e-03	1.702926000000000006e-03
7.577970000000000000e+09	-1.662672100000000056e-03	2.018188099999999787e-03
7.577975000000000000e+09	-2.426684399999999835e-03	2.024664499999999975e-03
7.577980000000000000e+09	-1.697765200000000019e-03	2.700006500000000191e-03
7.577985000000000000e+09	-1.855333899999999899e-03	2.233989400000000163e-03
7.577990000000000000e+09	-1.693166199999999923e-03	2.216144900000000060e-03
7.577995000000000000e+09	-1.509880699999999925e-03	1.622918000000000104e-03
7.578000000000000000e+09	-1.769196900000000097e-03	1.908358399999999892e-03
7.578005000000000000e+09	-1.646221000000000012e-03	2.013854900000000125e-03
7.578010000000000000e+09	-2.878492700000000095e-03	1.517991499999999955e-03
7.578015000000000000e+09	-1.469403700000000007e-03	2.941097000000000156e-03
7.578020000000000000e+09	-2.454991899999999991e-03	2.089723400000000064e-03
7.578025000000000000e+09	-2.047086599999999815e-03	2.643279499999999851e-03
7.578030000000000000e+09	-1.433942799999999955e-03	2.542606800000000045e-03
7.578035000000000000e+09	-2.121126000000000088e-03	2.724790500000000108e-03
7.578040000000000000e+09	-3.165239299999999915e-03	3.478057499999999847e-03
7.578045000000000000e+09	-2.252797799999999798e-03	1.182740700000000072e-03
7.578050000000000000e+09	-2.423306499999999808e-03	1.262614200000000079e-03
7.578055000000000000e+09	-8.334568000000000532e-04	2.248886800000000127e-03
7.578060000000000000e+09	-1.474878399999999916e-03	2.215450299999999987e-03
7.578065000000000000e+09	-1.547778600000000076e-03	1.636068999999999978e-03
7.578070000000000000e+09	-9.567392000000000301e-04	2.608212300000000046e-03
7.578075000000000000e+09	-1.862955599999999894e-03	9.139035000000000431e-04
7.578080000000000000e+09	-7.501333999999999693e-04	1.562366699999999950e-03
7.578085000000000000e+09	-1.030277299999999901e-03	2.022805099999999950e-03
7.578090000000000000e+09	-1.197062999999999947e-03	3.052791899999999885e-03
7.578095000000000000e+09	-1.223116300000000106e-03	2.533922000000000084e-03
7.578100000000000000e+09	-2.407789899999999896e-03	1.822215700000000098e-03
7.578105000000000000e+09	-1.499508999999999998e-03	2.508301599999999878e-03
7.578110000000000000e+09	-2.973106399999999802e-03	2.392476599999999922e-03
7.578115000000000000e+09	-1.911025299999999892e-03	1.696676399999999963e-03
7.578120000000000000e+09	-2.279714300000000061e-03	2.602514000000000216e-03
7.578125000000000000e+09	-1.699706299999999932e-03	2.347331099999999844e-03
7.578130000000000000e+09	-2.902607299999999859e-03	3.187751400000000089e-03
7.578135000000000000e+09	-1.225702400000000091e-03	2.490301600000000091e-03
7.578140000000000000e+09	-1.451559500000000006e-03	1.812453099999999928e-03
7.578145000000000000e+09	-1.740404400000000002e-03	2.318783699999999847e-03
7.578150000000000000e+09	-1.978471500000000046e-03	3.058902499999999799e-03
7.578155000000000000e+09	-1.689837200000000091e-03	2.537263899999999978e-03
7.578160000000000000e+09	-1.811614800000000075e-03	2.474895500000000130e-03
7.578165000000000000e+09	-1.636866000000000059e-03	2.633777700000000145e-03
7.578170000000000000e+09	-2.385996200000000105e-03	2.999974299999999972e-03
7.578175000000000000e+09	-2.709280399999999811e-03	1.958464000000000038e-03
7.578180000000000000e+09	-1.172092600000000000e-03	2.913033900000000075e-03
7.578185000000000000e+09	-1.338409700000000062e-03	2.971251900000000147e-03
7.578190000000000000e+09	-2.067211199999999856e-03	3.039844199999999948e-03
7.578195000000000000e+09	-1.877015199999999958e-03	2.720350700000000090e-03
7.578200000000000000e+09	-2.190754400000000188e-03	1.749969999999999998e-03
7.578205000000000000e+09	-2.058529600000000119e-03	1.860183299999999948e-03
7.578210000000000000e+09	-1.895061699999999990e-03	2.173389899999999837e-03
7.578215000000000000e+09	-1.114002300000000107e-03	1.284567900000000004e-03
7.578220000000000000e+09	-2.286858499999999857e-03	3.443346300000000009e-03
7.578225000000000000e+09	-1.599053299999999905e-03	1.776256099999999963e-03
7.578230000000000000e+09	-1.920082100000000073e-03	2.225108400000000083e-03
7.578235000000000000e+09	-2.015402500000000076e-03	2.433681999999999946e-03
7.578240000000000000e+09	-9.678233000000000278e-04	2.469589900000000206e-03
7.578245000000000000e+09	-1.965349400000000052e-03	3.161338200000000150e-03
7.578250000000000000e+09	-1.709280400000000007e-03	2.618321700000000082e-03
7.578255000000000000e+09	-1.819549599999999937e-03	2.923611699999999810e-03
7.578260000000000000e+09	-2.677766600000000032e-03	3.484091899999999797e-03
7.578265000000000000e+09	-1.978071200000000151e-03	2.465365900000000051e-03
7.578270000000000000e+09	-1.091542700000000055e-03	3.491562100000000172e-03
7.578275000000000000e+09	-1.745760299999999949e-03	2.826519899999999866e-03
7.578280000000000000e+09	-1.859205999999999966e-03	3.425516400000000114e-03
7.578285000000000000e+09	-1.978513700000000125e-03	2.670973399999999800e-03
7.578290000000000000e+09	-4.095656000000000145e-04	2.402114099999999933e-03
7.578295000000000000e+09	-2.311058899999999822e-03	2.815774599999999826e-03
7.578300000000000000e+09	-1.574511599999999997e-03	2.199891800000000099e-03
7.578305000000000000e+09	-1.460615499999999914e-03	2.250293100000000032e-03
7.578310000000000000e+09	-1.723721699999999912e-03	3.024227300000000094e-03
7.578315000000000000e+09	-2.952412499999999915e-03	2.790396899999999982e-03
7.578320000000000000e+09	-1.886427499999999936e-03	2.057344599999999784e-03
7.578325000000000000e+09	-5.197195999999999630e-04	2.795610200000000090e-03
7.578330000000000000e+09	-1.865588100000000089e-03	3.005900699999999957e-03
7.578335000000000000e+09	-3.102245000000000111e-04	2.547395599999999812e-03
7.578340000000000000e+09	-3.131052000000000054e-04	2.322024199999999858e-03
7.578345000000000000e+09	-1.851675899999999982e-03	2.822349899999999912e-03
7.578350000000000000e+09	-1.286276000000000043e-03	3.253465200000000158e-03
7.578355000000000000e+09	-1.674774599999999955e-03	1.595901399999999967e-03
7.578360000000000000e+09	-9.707679999999999998e-04	2.457171499999999918e-03
7.578365000000000000e+09	-7.652339000000000190e-04	2.310718700000000039e-03
7.578370000000000000e+09	-1.958697299999999798e-03	2.365420300000000125e-03
7.578375000000000000e+09	-2.168460399999999795e-03	2.008777199999999853e-03
7.578380000000000000e+09	-1.403036999999999991e-03	3.249664199999999833e-03
7.578385000000000000e+09	-8.745994999999999464e-04	1.243839299999999941e-03
7.578390000000000000e+09	-8.604883999999999927e-04	2.502015800000000068e-03
7.578395000000000000e+09	-1.368859899999999921e-03	1.906342299999999991e-03
7.578400000000000000e+09	5.893196000000000285e-04	2.710549300000000134e-03
7.578405000000000000e+09	-3.360629999999999705e-05	2.599843599999999890e-03
7.578410000000000000e+09	-1.741700600000000093e-03	2.142970699999999923e-03
7.578415000000000000e+09	-2.596933400000000190e-03	3.056079000000000174e-03
7.578420000000000000e+09	-1.416490000000000067e-03	2.131551000000000192e-03
7.578425000000000000e+09	-1.196465399999999991e-03	2.071965099999999865e-03
7.578430000000000000e+09	-1.177177800000000010e-03	2.107614399999999978e-03
7.578435000000000000e+09	-2.829599700000000155e-03	1.900945299999999907e-03
7.578440000000000000e+09	-1.646740500000000006e-03	2.443900499999999889e-03
7.578445000000000000e+09	-1.898484300000000081e-03	3.012263199999999901e-03
7.578450000000000000e+09	-9.460484999999999598e-04	2.684385100000000104e-03
7.578455000000000000e+09	-6.210439999999999581e-04	2.875224699999999814e-03
7.578460000000000000e+09	-3.763719000000000005e-04	1.607532100000000092e-03
7.578465000000000000e+09	-1.448592399999999985e-03	2.450540199999999818e-03
7.578470000000000000e+09	-1.571610499999999931e-03	3.158095499999999823e-03
7.578475000000000000e+09	-1.478115899999999988e-03	1.664703200000000084e-03
7.578480000000000000e+09	-1.086641699999999974e-03	3.353020999999999866e-03
7.578485000000000000e+09	-7.110072000000000050e-04	2.454990000000000210e-03
7.578490000000000000e+09	-1.611918800000000001e-03	3.484687900000000074e-03
7.578495000000000000e+09	-5.490941000000000051e-04	2.339881399999999955e-03
7.578500000000000000e+09	-1.934297100000000004e-03	2.113690699999999905e-03
7.578505000000000000e+09	-1.322923099999999972e-03	2.083668400000000028e-03
7.578510000000000000e+09	-1.371159500000000003e-03	3.366511200000000051e-03
7.578515000000000000e+09	-1.682822700000000072e-03	2.716614000000000008e-03
7.578520000000000000e+09	-5.913735999999999516e-04	2.947023000000000004e-03
7.578525000000000000e+09	-1.280971000000000106e-03	3.785089100000000196e-03
7.578530000000000000e+09	-1.466910600000000077e-03	3.483182899999999905e-03
7.578535000000000000e+09	-1.980037300000000132e-03	2.685119499999999871e-03
7.578540000000000000e+09	-9.692432000000000174e-04	1.586815299999999986e-03
7.578545000000000000e+09	-1.742354200000000063e-03	3.163664999999999967e-03
7.578550000000000000e+09	-3.805268000000000105e-04	3.119031600000000178e-03
7.578555000000000000e+09	-1.227756999999999894e-03	2.431122899999999844e-03
7.578560000000000000e+09	-1.162703200000000025e-03	2.867013299999999956e-03
7.578565000000000000e+09	-1.664903799999999968e-03	3.264047899999999829e-03
7.578570000000000000e+09	-1.676415799999999949e-03	2.371646399999999960e-03
7.578575000000000000e+09	-2.442333999999999998e-03	1.514096599999999919e-03
7.578580000000000000e+09	-1.436972400000000039e-03	1.680785599999999949e-03
7.578585000000000000e+09	-8.489203999999999977e-04	2.268836599999999974e-03
7.578590000000000000e+09	-7.323898000000000127e-04	3.832661199999999862e-03
7.578595000000000000e+09	-1.767490000000000033e-03	3.653517599999999994e-03
7.578600000000000000e+09	-1.992655999999999985e-04	3.563445699999999959e-03
7.578605000000000000e+09	-9.529640000000000463e-04	1.190387900000000089e-03
7.578610000000000000e+09	-1.174306699999999983e-03	2.182596199999999823e-03
7.578615000000000000e+09	-1.350505000000000108e-03	2.900055999999999815e-03
7.578620000000000000e+09	-5.813580999999999523e-04	1.623591900000000057e-03
7.578625000000000000e+09	2.393684000000000035e-04	1.715298099999999900e-03
7.578630000000000000e+09	-1.066118800000000070e-03	3.120879300000000117e-03
7.578635000000000000e+09	-1.055904999999999995e-03	3.175490500000000167e-03
7.578640000000000000e+09	-2.831641999999999883e-04	2.915791000000000043e-03
7.578645000000000000e+09	-1.520622600000000107e-03	1.960056500000000122e-03
7.578650000000000000e+09	-2.728106200000000175e-03	3.998426499999999974e-03
7.578655000000000000e+09	-2.549360699999999886e-03	2.737421400000000001e-03
7.578660000000000000e+09	-1.541902200000000011e-03	2.921541299999999824e-03
7.578665000000000000e+09	-9.957707000000000103e-04	3.267473999999999813e-03
7.578670000000000000e+09	-1.068398900000000007e-03	2.094212399999999946e-03
7.578675000000000000e+09	-1.763865600000000082e-03	2.228642700000000101e-03
7.578680000000000000e+09	-1.547821300000000108e-03	1.282464899999999960e-03
7.578685000000000000e+09	-1.298960199999999897e-03	2.881909700000000012e-03
7.578690000000000000e+09	-8.785220999999999959e-04	2.079377800000000148e-03
7.578695000000000000e+09	-1.223417400000000000e-03	1.906884300000000068e-03
7.578700000000000000e+09	-3.380254000000000180e-04	2.316733799999999913e-03
7.578705000000000000e+09	-6.366164000000000328e-04	4.126951499999999967e-03
7.578710000000000000e+09	-1.230415099999999928e-03	2.696998500000000101e-03
7.578715000000000000e+09	5.000983999999999551e-04	3.546784199999999942e-03
7.578720000000000000e+09	-1.985370499999999927e-03	2.330764700000000165e-03
7.578725000000000000e+09	-2.489924599999999901e-03	2.650664000000000058e-03
7.578730000000000000e+09	1.181397500000000000e-03	3.374093099999999918e-03
7.578735000000000000e+09	-2.596062499999999846e-03	3.488526799999999879e-03
7.578740000000000000e+09	-1.329007600000000093e-03	2.741766999999999989e-03
7.578745000000000000e+09	-1.115748499999999910e-03	4.188433600000000291e-03
7.578750000000000000e+09	-1.312026300000000093e-03	3.228462499999999822e-03
7.578755000000000000e+09	6.793491000000000243e-04	4.235038699999999802e-03
7.578760000000000000e+09	-1.221404400000000072e-03	3.786692400000000059e-03
7.578765000000000000e+09	-1.416453299999999912e-03	2.993918899999999800e-03
7.578770000000000000e+09	-3.371110999999999986e-04	2.468298399999999983e-03
7.578775000000000000e+09	-1.697164699999999943e-03	3.759067499999999788e-03
7.578780000000000000e+09	-1.567423099999999897e-03	3.397980000000000098e-03
7.578785000000000000e+09	-1.514551299999999934e-03	2.179855899999999947e-03
7.578790000000000000e+09	-1.552621400000000042e-03	1.905734199999999925e-03
7.578795000000000000e+09	-1.641393999999999959e-04	3.212254500000000061e-03
7.578800000000000000e+09	-7.377832999999999874e-04	2.955577300000000133e-03
7.578805000000000000e+09	-7.027335000000000439e-04	2.684217000000000027e-03
7.578810000000000000e+09	-5.418744000000000512e-04	4.045463600000000215e-03
7.578815000000000000e+09	-2.040586499999999786e-03	2.751509799999999912e-03
7.578820000000000000e+09	-5.348087999999999540e-04	2.948821099999999942e-03
7.578825000000000000e+09	1.325865000000000019e-04	2.456192700000000076e-03
7.578830000000000000e+09	4.966139999999999856e-05	2.574591900000000079e-03
7.578835000000000000e+09	-2.156942000000000126e-04	3.055990499999999919e-03
7.578840000000000000e+09	-4.348930999999999782e-04	2.428561000000000088e-03
7.578845000000000000e+09	-1.875912499999999932e-03	2.603982999999999819e-03
7.578850000000000000e+09	-7.504643999999999768e-04	4.138802399999999722e-03
7.578855000000000000e+09	7.254975000000000313e-04	3.204543900000000108e-03
7.578860000000000000e+09	-1.173713799999999896e-03	3.683681600000000052e-03
7.578865000000000000e+09	-1.278855200000000034e-03	2.297392300000000200e-03
7.578870000000000000e+09	-1.414425900000000061e-03	2.079836500000000008e-03
7.578875000000000000e+09	5.598270000000000188e-05	2.148766299999999973e-03
7.578880000000000000e+09	-2.200061000000000009e-04	3.797400299999999923e-03
7.578885000000000000e+09	-8.111576999999999807e-04	4.087552500000000109e-03
7.578890000000000000e+09	-2.110943799999999947e-03	1.880634099999999986e-03
7.578895000000000000e+09	-4.136677999999999970e-04	2.512045100000000111e-03
7.578900000000000000e+09	-9.136810999999999891e-04	1.459987399999999966e-03
7.578905000000000000e+09	-5.522783000000000076e-04	2.413730700000000021e-03
7.578910000000000000e+09	-6.139824000000000323e-04	3.411305600000000098e-03
7.578915000000000000e+09	-7.313432999999999609e-04	2.018339499999999807e-03
7.578920000000000000e+09	5.308204000000000177e-04	1.658254500000000018e-03
7.578925000000000000e+09	-6.357463999999999954e-04	4.029571800000000294e-03
7.578930000000000000e+09	-7.289453999999999682e-04	2.417658999999999954e-03
7.578935000000000000e+09	-1.404021000000000088e-03	3.918543499999999763e-03
7.578940000000000000e+09	2.737578999999999967e-04	3.024034200000000165e-03
7.578945000000000000e+09	-3.877129999999999791e-04	2.761532599999999907e-03
7.578950000000000000e+09	-1.910787499999999899e-03	1.378095699999999993e-03
7.578955000000000000e+09	-4.582996999999999787e-04	2.875383899999999892e-03
7.578960000000000000e+09	-2.297266999999999972e-04	2.826961800000000070e-03
7.578965000000000000e+09	-1.480721800000000003e-03	2.360905400000000084e-03
7.578970000000000000e+09	-5.785684000000000356e-04	3.843782599999999786e-03
7.578975000000000000e+09	2.799039000000000019e-04	3.327179799999999826e-03
7.578980000000000000e+09	-7.611513999999999780e-04	3.400008999999999844e-03
7.578985000000000000e+09	-2.062134999999999934e-04	3.212664200000000126e-03
7.578990000000000000e+09	-1.080890000000000014e-04	2.437600299999999939e-03
7.578995000000000000e+09	-9.034842000000000393e-04	2.237934500000000188e-03
7.579000000000000000e+09	-3.453376000000000189e-04	3.128605500000000185e-03
7.579005000000000000e+09	-3.353806000000000192e-04	3.220250899999999895e-03
7.579010000000000000e+09	9.779329999999999761e-05	1.946134300000000074e-03
7.579015000000000000e+09	-7.333135999999999648e-04	2.132133500000000202e-03
7.579020000000000000e+09	-2.639475999999999867e-04	2.056257299999999805e-03
7.579025000000000000e+09	-6.707389999999999490e-04	2.467311099999999844e-03
7.579030000000000000e+09	6.856400000000000118e-06	2.216946200000000089e-03
7.579035000000000000e+09	-1.185723399999999992e-03	3.475362300000000172e-03
7.579040000000000000e+09	-1.322289199999999998e-03	2.958243399999999860e-03
7.579045000000000000e+09	-1.627628699999999909e-03	4.506027299999999791e-03
7.579050000000000000e+09	-2.127528200000000126e-03	2.978701800000000104e-03
7.579055000000000000e+09	2.487699999999999916e-04	2.168250500000000209e-03
7.579060000000000000e+09	-2.060336900000000158e-03	3.186606099999999848e-03
7.579065000000000000e+09	-1.463238999999999968e-04	2.355075600000000081e-03
7.579070000000000000e+09	-3.610387000000000166e-04	2.767017799999999927e-03
7.579075000000000000e+09	-1.220467600000000024e-03	3.158984799999999937e-03
7.579080000000000000e+09	-7.457965000000000210e-04	3.449888199999999981e-03
7.579085000000000000e+09	8.181822000000000487e-04	3.413335400000000117e-03
7.579090000000000000e+09	6.212788000000000121e-04	3.291317800000000040e-03
7.579095000000000000e+09	-6.124693999999999538e-04	3.856250400000000005e-03
7.579100000000000000e+09	-3.078280999999999878e-04	2.809616400000000160e-03
7.579105000000000000e+09	-4.256994999999999855e-04	2.023292800000000159e-03
7.579110000000000000e+09	7.202849999999999791e-04	4.227315700000000391e-03
7.579115000000000000e+09	-5.193199999999999813e-04	2.859159999999999913e-03
7.579120000000000000e+09	-1.375038000000000031e-04	1.681210700000000061e-03
7.579125000000000000e+09	-1.782769999999999873e-04	3.815218899999999868e-03
7.579130000000000000e+09	-1.402568600000000075e-03	2.481630800000000133e-03
7.579135000000000000e+09	-6.233947000000000099e-04	1.408693300000000027e-03
7.579140000000000000e+09	-1.571266599999999970e-03	4.242221099999999613e-03
7.579145000000000000e+09	-6.516936999999999773e-04	1.869245700000000086e-03
7.579150000000000000e+09	-5.512289999999999768e-04	2.234007000000000093e-03
7.579155000000000000e+09	-1.722552600000000012e-03	2.158023299999999901e-03
7.579160000000000000e+09	-1.330799699999999936e-03	2.728910099999999790e-03
7.579165000000000000e+09	5.493082999999999733e-04	2.770131199999999964e-03
7.579170000000000000e+09	-5.028673000000000431e-04	1.823585800000000019e-03
7.579175000000000000e+09	5.958123999999999539e-04	1.960425000000000015e-03
7.579180000000000000e+09	3.850980000000000185e-05	2.038842899999999785e-03
7.579185000000000000e+09	-1.984575900000000014e-03	3.260620699999999903e-03
7.579190000000000000e+09	-8.987694000000000282e-04	2.647009599999999852e-03
7.579195000000000000e+09	2.375549999999999981e-05	3.082504900000000107e-03
7.579200000000000000e+09	-2.885927000000000262e-04	2.921476599999999878e-03
7.579205000000000000e+09	-7.860833999999999487e-04	1.445549300000000068e-03
7.579210000000000000e+09	-6.742780000000000518e-04	3.328817899999999847e-03
7.579215000000000000e+09	5.379110000000000071e-05	3.220527899999999812e-03
7.579220000000000000e+09	5.897177000000000408e-04	2.433976799999999861e-03
7.579225000000000000e+09	-3.229544999999999790e-04	1.680156799999999980e-03
7.579230000000000000e+09	-4.947286999999999648e-04	2.035551300000000129e-03
7.579235000000000000e+09	-5.595927999999999796e-04	1.881664699999999928e-03
7.579240000000000000e+09	-7.375680000000000506e-05	3.026311800000000118e-03
7.579245000000000000e+09	4.556976000000000126e-04	3.074107500000000139e-03
7.579250000000000000e+09	-6.237117000000000138e-04	1.821415399999999976e-03
7.579255000000000000e+09	-2.831096000000000177e-04	3.826577900000000150e-03
7.579260000000000000e+09	8.118214999999999590e-04	3.030847299999999810e-03
7.579265000000000000e+09	-4.235765999999999858e-04	2.467121300000000173e-03
7.579270000000000000e+09	6.930804999999999518e-04	2.485572699999999934e-03
7.579275000000000000e+09	-7.049343000000000449e-04	2.916646599999999940e-03
7.579280000000000000e+09	-1.194838900000000023e-03	2.158967600000000122e-03
7.579285000000000000e+09	-7.016948000000000499e-04	2.786326899999999867e-03
7.579290000000000000e+09	1.319590999999999950e-04	3.307004899999999980e-03
7.579295000000000000e+09	-9.353534000000000154e-04	3.974677299999999913e-03
7.579300000000000000e+09	-1.356817200000000031e-03	2.488356800000000001e-03
7.579305000000000000e+09	4.107889999999999730e-05	3.080905100000000136e-03
7.579310000000000000e+09	-7.466110000000000249e-05	3.592450000000000070e-03
7.579315000000000000e+09	-6.928875999999999829e-04	2.505873899999999915e-03
7.579320000000000000e+09	-1.095050999999999962e-04	2.772436000000000084e-03
7.579325000000000000e+09	2.765250000000000130e-04	3.527923499999999820e-03
7.579330000000000000e+09	-7.861120999999999777e-04	3.121487100000000080e-03
7.579335000000000000e+09	5.818159999999999738e-04	2.517081300000000108e-03
7.579340000000000000e+09	3.780534000000000216e-04	3.933318499999999621e-03
7.579345000000000000e+09	-5.646270999999999799e-04	3.016000400000000154e-03
7.579350000000000000e+09	-5.389789999999999772e-05	2.224384199999999891e-03
7.579355000000000000e+09	-3.243516999999999798e-04	2.919719600000000078e-03
7.579360000000000000e+09	-3.416396000000000146e-04	3.249485299999999976e-03
7.579365000000000000e+09	-8.200533999999999775e-04	3.216546900000000122e-03
7.579370000000000000e+09	1.934485999999999964e-04	2.697352100000000117e-03
7.579375000000000000e+09	-9.362209999999999933e-04	1.888008299999999933e-03
7.579380000000000000e+09	7.003798000000000532e-04	2.816778800000000089e-03
7.579385000000000000e+09	4.294800000000000283e-05	2.284445700000000204e-03
7.579390000000000000e+09	9.613535000000000309e-04	2.004161899999999837e-03
7.579395000000000000e+09	-2.957899999999999852e-04	2.785383900000000090e-03
7.579400000000000000e+09	3.614010000000000182e-04	2.861022899999999831e-03
7.579405000000000000e+09	-9.933490999999999588e-04	2.813634699999999992e-03
7.579410000000000000e+09	-1.893070000000000156e-05	2.446855999999999857e-03
7.579415000000000000e+09	-4.591166999999999948e-04	3.439403399999999868e-03
7.579420000000000000e+09	-5.630522000000000435e-04	2.983529500000000126e-03
7.579425000000000000e+09	-9.742799999999999283e-06	2.156706200000000056e-03
7.579430000000000000e+09	3.809673000000000074e-04	3.302464599999999952e-03
7.579435000000000000e+09	-7.281939999999999605e-05	3.056649800000000097e-03
7.579440000000000000e+09	-8.600851999999999760e-04	3.262273999999999903e-03
7.579445000000000000e+09	-1.681364999999999986e-04	2.512844900000000062e-03
7.579450000000000000e+09	-2.492919999999999842e-05	2.390718600000000214e-03
7.579455000000000000e+09	4.596897000000000179e-04	3.015346700000000150e-03
7.579460000000000000e+09	-6.116637000000000506e-04	3.406612399999999971e-03
7.579465000000000000e+09	-5.321927999999999642e-04	3.124452700000000024e-03
7.579470000000000000e+09	-6.571889999999999720e-04	2.573126499999999969e-03
7.579475000000000000e+09	-3.099334000000000030e-04	2.458356599999999854e-03
7.579480000000000000e+09	-1.643182000000000084e-04	3.416681700000000210e-03
7.579485000000000000e+09	1.753612000000000042e-04	3.255120299999999904e-03
7.579490000000000000e+09	3.019213000000000192e-04	4.371773199999999873e-03
7.579495000000000000e+09	3.422769999999999892e-04	3.250812799999999898e-03
7.579500000000000000e+09	-4.885903000000000034e-04	3.609895799999999957e-03
7.579505000000000000e+09	1.095992700000000082e-03	2.444063399999999928e-03
7.579510000000000000e+09	-9.140227000000000334e-04	2.506140500000000187e-03
7.579515000000000000e+09	-6.122522999999999724e-04	3.946145600000000066e-03
7.579520000000000000e+09	-4.946511999999999914e-04	2.755672499999999980e-03
7.579525000000000000e+09	-6.804397000000000440e-04	2.587191200000000038e-03
7.579530000000000000e+09	-3.247309999999999916e-05	2.671506299999999810e-03
7.579535000000000000e+09	-4.130332999999999813e-04	2.880399300000000169e-03
7.579540000000000000e+09	-4.390838999999999788e-04	2.887508100000000036e-03
7.579545000000000000e+09	-9.721248999999999732e-04	1.786374899999999951e-03
7.579550000000000000e+09	-3.905582000000000107e-04	2.917330000000000097e-03
7.579555000000000000e+09	9.935983999999999702e-04	2.398671399999999926e-03
7.579560000000000000e+09	-6.765185999999999639e-04	2.301455799999999833e-03
7.579565000000000000e+09	1.186195500000000085e-03	3.395273099999999902e-03
7.579570000000000000e+09	4.490884000000000217e-04	1.267298999999999943e-03
7.579575000000000000e+09	1.810644199999999994e-03	3.281160500000000150e-03
7.579580000000000000e+09	-5.102410000000000365e-04	2.728522199999999787e-03
7.579585000000000000e+09	-4.384750000000000193e-04	1.388217300000000069e-03
7.579590000000000000e+09	-3.764659000000000169e-04	3.214616300000000104e-03
7.579595000000000000e+09	1.147676999999999942e-03	2.987881200000000025e-03
7.579600000000000000e+09	-6.834619999999999964e-05	2.520899300000000159e-03
7.579605000000000000e+09	-6.609069999999999387e-05	3.107475900000000041e-03
7.579610000000000000e+09	4.840037000000000159e-04	2.931474500000000056e-03
7.579615000000000000e+09	-4.794468999999999988e-04	2.547133899999999909e-03
7.579620000000000000e+09	-4.831494000000000196e-04	3.176345399999999826e-03
7.579625000000000000e+09	-4.862164999999999890e-04	2.628581499999999797e-03
7.579630000000000000e+09	1.433077899999999922e-03	4.095218099999999896e-03
7.579635000000000000e+09	6.723166999999999728e-04	1.868337999999999987e-03
7.579640000000000000e+09	4.300980000000000281e-05	2.146795200000000022e-03
7.579645000000000000e+09	1.125568599999999956e-03	3.246984899999999941e-03
7.579650000000000000e+09	-5.094159999999999487e-04	3.817966900000000201e-03
7.579655000000000000e+09	5.032730999999999707e-04	3.372049299999999895e-03
7.579660000000000000e+09	1.558336000000000009e-03	2.798350299999999898e-03
7.579665000000000000e+09	5.381922000000000138e-04	2.954557300000000119e-03
7.579670000000000000e+09	7.885389999999999934e-04	2.267569499999999832e-03
7.579675000000000000e+09	5.102753000000000237e-04	3.076732200000000059e-03
7.579680000000000000e+09	9.976375999999999907e-04	2.483829199999999966e-03
7.579685000000000000e+09	7.757273000000000293e-04	2.386024599999999815e-03
7.579690000000000000e+09	7.049317999999999513e-04	2.678215099999999883e-03
7.579695000000000000e+09	3.564403000000000168e-04	2.477704099999999878e-03
7.579700000000000000e+09	6.330987999999999633e-04	2.625514499999999970e-03
7.579705000000000000e+09	-3.372779000000000120e-04	4.121864200000000325e-03
7.579710000000000000e+09	-5.485387000000000205e-04	2.262725599999999924e-03
7.579715000000000000e+09	2.294234999999999938e-03	2.364583500000000133e-03
7.579720000000000000e+09	-1.070903800000000058e-03	2.898613100000000005e-03
7.579725000000000000e+09	-3.852942000000000151e-04	1.955056499999999892e-03
7.579730000000000000e+09	7.846890000000000353e-05	1.991848599999999827e-03
7.579735000000000000e+09	-6.752449999999999360e-05	3.272049600000000169e-03
7.579740000000000000e+09	7.111007000000000135e-04	2.753128100000000120e-03
7.579745000000000000e+09	1.663308999999999968e-03	3.137928500000000068e-03
7.579750000000000000e+09	-2.258558999999999936e-04	2.337747700000000067e-03
7.579755000000000000e+09	3.714842000000000101e-04	2.820950899999999893e-03
7.579760000000000000e+09	-9.676869000000000269e-04	3.899430599999999941e-03
7.579765000000000000e+09	-6.968470000000000046e-05	1.921125999999999997e-03
7.579770000000000000e+09	8.484960000000000158e-05	3.000334800000000173e-03
7.579775000000000000e+09	-5.440743999999999962e-04	1.257380700000000021e-03
7.579780000000000000e+09	6.464507000000000413e-04	3.813919800000000089e-03
7.579785000000000000e+09	-3.021799999999999833e-04	2.816421400000000078e-03
7.579790000000000000e+09	3.440950000000000318e-05	3.029501400000000119e-03
7.579795000000000000e+09	-2.465392000000000061e-04	3.691164199999999885e-03
7.579800000000000000e+09	-6.331676000000000058e-04	1.800307799999999962e-03
7.579805000000000000e+09	2.032511000000000029e-04	2.686409399999999982e-03
7.579810000000000000e+09	1.005005399999999924e-03	3.209527000000000213e-03
7.579815000000000000e+09	3.843639999999999947e-04	2.466554100000000176e-03
7.579820000000000000e+09	8.065585000000000332e-04	2.375127700000000119e-03
7.579825000000000000e+09	1.155094200000000024e-03	3.219106099999999825e-03
7.579830000000000000e+09	1.635401199999999937e-03	3.351030300000000170e-03
7.579835000000000000e+09	1.339475699999999932e-03	2.247060200000000011e-03
7.579840000000000000e+09	2.184803000000000027e-04	2.862366099999999903e-03
7.579845000000000000e+09	1.712596999999999893e-04	1.834459699999999895e-03
7.579850000000000000e+09	1.617876000000000025e-04	4.223393199999999834e-03
7.579855000000000000e+09	-9.096289999999999606e-05	2.876674899999999944e-03
7.579860000000000000e+09	-3.220768000000000264e-04	2.458959100000000179e-03
7.579865000000000000e+09	-6.086343000000000352e-04	3.234300700000000087e-03
7.579870000000000000e+09	6.925990000000000141e-04	3.670583199999999900e-03
7.579875000000000000e+09	1.437775500000000031e-03	3.134210399999999824e-03
7.579880000000000000e+09	4.651100000000000243e-06	2.814629500000000086e-03
7.579885000000000000e+09	8.525361000000000180e-04	3.167470999999999828e-03
7.579890000000000000e+09	4.502130000000000211e-05	2.139353599999999859e-03
7.579895000000000000e+09	5.884160000000000258e-05	2.815455000000000128e-03
7.579900000000000000e+09	7.183864000000000308e-04	3.132623699999999983e-03
7.579905000000000000e+09	2.562552000000000059e-04	2.601560599999999928e-03
7.579910000000000000e+09	-2.285623999999999989e-04	2.948725599999999902e-03
7.579915000000000000e+09	5.929887999999999696e-04	1.836234499999999910e-03
7.579920000000000000e+09	4.082859999999999734e-05	2.579417799999999920e-03
7.579925000000000000e+09	-1.384947999999999941e-04	3.772231200000000090e-03
7.579930000000000000e+09	1.055497899999999949e-03	2.973117899999999821e-03
7.579935000000000000e+09	7.716083000000000100e-04	3.711019700000000102e-03
7.579940000000000000e+09	6.426147999999999583e-04	3.565077299999999932e-03
7.579945000000000000e+09	5.604097000000000158e-04	1.837650799999999973e-03
7.579950000000000000e+09	4.788532999999999982e-04	3.356458200000000166e-03
7.579955000000000000e+09	5.599071000000000386e-04	2.413858300000000165e-03
7.579960000000000000e+09	9.284242000000000276e-04	1.897524299999999928e-03
7.579965000000000000e+09	-5.601675000000000404e-04	3.489745399999999963e-03
7.579970000000000000e+09	7.872426000000000510e-04	2.391123800000000046e-03
7.579975000000000000e+09	3.771003999999999784e-04	2.394085900000000097e-03
7.579980000000000000e+09	-4.131600000000000219e-05	3.129630799999999838e-03
7.579985000000000000e+09	3.336956999999999771e-04	2.626547999999999817e-03
7.579990000000000000e+09	1.204984500000000043e-03	2.656801400000000004e-03
7.579995000000000000e+09	5.623915000000000381e-04	3.229053899999999831e-03
7.580000000000000000e+09	3.084761999999999791e-04	3.141876999999999951e-03
7.580005000000000000e+09	-3.418302000000000124e-04	2.336685099999999838e-03
7.580010000000000000e+09	8.801352999999999824e-04	3.789657599999999866e-03
7.580015000000000000e+09	6.939714999999999946e-04	3.130269399999999896e-03
7.580020000000000000e+09	1.481359999999999925e-03	4.061837900000000307e-03
7.580025000000000000e+09	3.664262000000000053e-04	2.416965699999999891e-03
7.580030000000000000e+09	5.542917999999999977e-04	4.461811100000000023e-03
7.580035000000000000e+09	1.809012200000000101e-03	2.107169400000000019e-03
7.580040000000000000e+09	7.543819999999999476e-04	2.249262900000000009e-03
7.580045000000000000e+09	1.140622399999999910e-03	2.099387800000000141e-03
7.580050000000000000e+09	1.563347999999999995e-04	2.189665899999999801e-03
7.580055000000000000e+09	1.193370299999999906e-03	3.127892699999999977e-03
7.580060000000000000e+09	1.258504500000000087e-03	2.737648799999999917e-03
7.580065000000000000e+09	7.039789999999999763e-04	2.230333599999999913e-03
7.580070000000000000e+09	-8.110854000000000457e-04	2.470038999999999828e-03
7.580075000000000000e+09	-2.385258999999999925e-04	2.722771200000000200e-03
7.580080000000000000e+09	1.237501200000000077e-03	3.022207199999999913e-03
7.580085000000000000e+09	4.371072000000000152e-04	1.978697900000000055e-03
7.580090000000000000e+09	-5.481158000000000080e-04	3.932062299999999726e-03
7.580095000000000000e+09	1.013487800000000038e-03	2.484740999999999946e-03
7.580100000000000000e+09	1.885764000000000060e-04	2.384163500000000078e-03
7.580105000000000000e+09	8.652156000000000039e-04	3.279525499999999885e-03
7.580110000000000000e+09	1.179890899999999935e-03	3.030339400000000086e-03
7.580115000000000000e+09	1.123119699999999919e-03	2.588583399999999906e-03
7.580120000000000000e+09	1.063464399999999995e-03	3.431951700000000164e-03
7.580125000000000000e+09	4.226206999999999837e-04	2.465249200000000154e-03
7.580130000000000000e+09	1.092577099999999992e-03	4.206125399999999931e-03
7.580135000000000000e+09	8.882685999999999880e-04	2.793845699999999901e-03
7.580140000000000000e+09	4.269518000000000141e-04	3.042169200000000018e-03
7.580145000000000000e+09	1.226850999999999886e-04	2.703862500000000189e-03
7.580150000000000000e+09	7.006538999999999563e-04	2.070471400000000080e-03
7.580155000000000000e+09	-5.129947000000000370e-04	2.889819799999999907e-03
7.580160000000000000e+09	1.270176299999999916e-03	3.115491599999999951e-03
7.580165000000000000e+09	7.254393000000000256e-04	2.367803199999999990e-03
7.580170000000000000e+09	1.068260199999999981e-03	2.600813500000000167e-03
7.580175000000000000e+09	-2.041912999999999910e-04	3.035360999999999875e-03
7.580180000000000000e+09	7.493521999999999640e-04	3.609150000000000205e-03
7.580185000000000000e+09	1.051996599999999909e-03	3.299838600000000021e-03
7.580190000000000000e+09	8.555509999999999678e-04	4.470937000000000348e-03
7.580195000000000000e+09	1.754477000000000109e-04	2.758053199999999962e-03
7.580200000000000000e+09	1.278698599999999975e-03	1.363046900000000009e-03
7.580205000000000000e+09	9.748117999999999627e-04	3.251524799999999833e-03
7.580210000000000000e+09	1.249266499999999915e-03	2.695538600000000132e-03
7.580215000000000000e+09	1.287933900000000093e-03	3.839310800000000131e-03
7.580220000000000000e+09	1.834443000000000054e-03	2.256881599999999849e-03
7.580225000000000000e+09	9.322557000000000196e-04	3.269010100000000179e-03
7.580230000000000000e+09	8.657914000000000061e-04	2.633243200000000023e-03
7.580235000000000000e+09	1.928683999999999954e-03	2.924286199999999968e-03
7.580240000000000000e+09	6.034315999999999638e-04	2.161530000000000049e-03
7.580245000000000000e+09	1.619017699999999961e-03	3.324886999999999895e-03
7.580250000000000000e+09	1.411710899999999921e-03	2.033586999999999895e-03
7.580255000000000000e+09	1.568772900000000052e-03	2.292605100000000111e-03
7.580260000000000000e+09	1.092326600000000005e-03	3.563286599999999915e-03
7.580265000000000000e+09	7.884769999999999930e-04	2.203273700000000189e-03
7.580270000000000000e+09	-8.063420000000000396e-04	3.220490800000000171e-03
7.580275000000000000e+09	6.514019000000000016e-04	2.238874899999999946e-03
7.580280000000000000e+09	1.564138600000000061e-03	2.621817900000000118e-03
7.580285000000000000e+09	1.927786899999999999e-03	1.504663800000000107e-03
7.580290000000000000e+09	2.615706000000000194e-04	2.281423199999999939e-03
7.580295000000000000e+09	1.311593999999999911e-03	3.138656200000000153e-03
7.580300000000000000e+09	8.236749000000000241e-04	2.613288499999999806e-03
7.580305000000000000e+09	9.924187999999999586e-04	2.824609599999999832e-03
7.580310000000000000e+09	8.274057999999999717e-04	2.378076700000000040e-03
7.580315000000000000e+09	1.579835300000000022e-03	3.074772500000000092e-03
7.580320000000000000e+09	1.673173700000000043e-03	2.432196299999999853e-03
7.580325000000000000e+09	1.182138799999999951e-03	2.163339499999999971e-03
7.580330000000000000e+09	1.527589800000000043e-03	2.181447899999999860e-03
7.580335000000000000e+09	1.078416399999999930e-03	3.773861600000000087e-03
7.580340000000000000e+09	1.267686399999999993e-03	3.358173099999999921e-03
7.580345000000000000e+09	3.646977000000000031e-04	3.076549400000000174e-03
7.580350000000000000e+09	1.234430199999999971e-03	2.212503800000000052e-03
7.580355000000000000e+09	3.342450999999999756e-04	3.086838499999999905e-03
7.580360000000000000e+09	1.177291299999999900e-03	2.775081999999999896e-03
7.580365000000000000e+09	2.492847299999999960e-03	2.672923599999999997e-03
7.580370000000000000e+09	9.488743999999999694e-04	3.369828699999999864e-03
7.580375000000000000e+09	9.456182999999999516e-04	2.087167300000000118e-03
7.580380000000000000e+09	1.356394699999999938e-03	2.512220999999999812e-03
7.580385000000000000e+09	1.324991699999999994e-03	2.099881699999999862e-03
7.580390000000000000e+09	1.394928900000000013e-03	2.033096800000000134e-03
7.580395000000000000e+09	1.705942200000000073e-03	2.962673800000000142e-03
7.580400000000000000e+09	9.638306000000000347e-04	2.539353500000000007e-03
7.580405000000000000e+09	6.725448000000000190e-04	2.612543900000000030e-03
7.580410000000000000e+09	1.284467999999999981e-03	2.400626700000000127e-03
7.580415000000000000e+09	1.156488000000000004e-03	1.949335900000000047e-03
7.580420000000000000e+09	1.479279299999999896e-03	3.030752199999999907e-03
7.580425000000000000e+09	1.739076499999999944e-03	1.476249399999999927e-03
7.580430000000000000e+09	4.985891999999999798e-04	2.972232899999999872e-03
7.580435000000000000e+09	1.587045800000000092e-03	2.387122399999999905e-03
7.580440000000000000e+09	2.076175999999999890e-04	3.594142199999999891e-03
7.580445000000000000e+09	5.855882000000000188e-04	1.813072300000000093e-03
7.580450000000000000e+09	2.061303400000000143e-03	2.344952700000000213e-03
7.580455000000000000e+09	2.038396699999999850e-03	2.819357800000000039e-03
7.580460000000000000e+09	1.314931199999999937e-03	3.227646499999999984e-03
7.580465000000000000e+09	1.380656199999999922e-03	2.336705599999999890e-03
7.580470000000000000e+09	1.035910599999999900e-03	2.782694499999999790e-03
7.580475000000000000e+09	2.002730500000000045e-03	2.289265899999999836e-03
7.580480000000000000e+09	7.221137000000000519e-04	2.788651000000000064e-03
7.580485000000000000e+09	1.328460299999999943e-03	3.032116400000000201e-03
7.580490000000000000e+09	1.247915000000000049e-03	3.475481800000000156e-03
7.580495000000000000e+09	1.333829699999999939e-03	2.234317200000000055e-03
7.580500000000000000e+09	1.269689299999999946e-03	2.659050000000000042e-03
7.580505000000000000e+09	1.545643300000000076e-03	2.391926999999999855e-03
7.580510000000000000e+09	1.496281300000000015e-03	2.684261199999999920e-03
7.580515000000000000e+09	1.837774500000000089e-03	2.853584799999999994e-03
7.580520000000000000e+09	1.242847000000000049e-03	3.296157599999999851e-03
7.580525000000000000e+09	1.289807299999999905e-03	2.569384999999999985e-03
7.580530000000000000e+09	9.490517000000000397e-04	2.478895200000000125e-03
7.580535000000000000e+09	7.047598999999999878e-04	1.666450000000000093e-03
7.580540000000000000e+09	1.797873000000000125e-04	2.956118499999999937e-03
7.580545000000000000e+09	2.122322700000000076e-03	1.888513099999999901e-03
7.580550000000000000e+09	8.080320000000000590e-05	2.408486499999999784e-03
7.580555000000000000e+09	1.391200700000000011e-03	2.717005299999999870e-03
7.580560000000000000e+09	9.017164000000000255e-04	3.213492399999999787e-03
7.580565000000000000e+09	9.856707999999999616e-04	2.588150999999999907e-03
7.580570000000000000e+09	1.364232400000000081e-03	1.364086200000000099e-03
7.580575000000000000e+09	6.841908000000000495e-04	2.422975999999999863e-03
7.580580000000000000e+09	-3.041399999999999798e-06	1.747629500000000063e-03
7.580585000000000000e+09	1.175129100000000051e-03	2.643422800000000145e-03
7.580590000000000000e+09	1.881361800000000070e-03	2.813888100000000100e-03
7.580595000000000000e+09	1.589738999999999952e-03	2.240014099999999841e-03
7.580600000000000000e+09	1.665568400000000003e-03	2.258266300000000195e-03
7.580605000000000000e+09	1.587622899999999995e-03	1.485120099999999964e-03
7.580610000000000000e+09	3.059798199999999926e-03	3.561300400000000019e-03
7.580615000000000000e+09	2.605389000000000056e-03	2.283897100000000045e-03
7.580620000000000000e+09	1.071491799999999993e-03	2.431549299999999966e-03
7.580625000000000000e+09	9.184466000000000505e-04	3.337152300000000016e-03
7.580630000000000000e+09	1.552572299999999995e-03	1.429709300000000030e-03
7.580635000000000000e+09	1.251970800000000092e-03	3.448593499999999968e-03
7.580640000000000000e+09	1.388759100000000078e-03	2.867837900000000124e-03
7.580645000000000000e+09	5.551771000000000483e-04	1.814396399999999940e-03
7.580650000000000000e+09	1.078648499999999930e-03	3.405147199999999930e-03
7.580655000000000000e+09	4.020262999999999831e-04	2.783527999999999957e-03
7.580660000000000000e+09	2.871186099999999998e-03	2.999345799999999888e-03
7.580665000000000000e+09	1.225294100000000070e-03	2.606010900000000057e-03
7.580670000000000000e+09	9.976048000000000814e-04	2.781720300000000215e-03
7.580675000000000000e+09	1.118478299999999892e-03	2.697010000000000119e-03
7.580680000000000000e+09	1.173928000000000081e-03	2.163430899999999914e-03
7.580685000000000000e+09	1.372266700000000046e-03	2.647672900000000093e-03
7.580690000000000000e+09	9.810038000000000959e-04	2.581200499999999811e-03
7.580695000000000000e+09	1.806012399999999988e-03	2.019378200000000127e-03
7.580700000000000000e+09	1.511361400000000048e-03	2.972921299999999999e-03
7.580705000000000000e+09	1.858025799999999967e-03	1.742312300000000086e-03
7.580710000000000000e+09	1.559401399999999892e-03	2.469134600000000204e-03
7.580715000000000000e+09	1.876709399999999979e-03	2.575582600000000076e-03
7.580720000000000000e+09	2.130360300000000082e-03	3.129205899999999794e-03
7.580725000000000000e+09	1.092203500000000094e-03	2.582144000000000193e-03
7.580730000000000000e+09	2.156807900000000042e-03	2.736475700000000170e-03
7.580735000000000000e+09	6.011900999999999617e-04	2.762827600000000022e-03
7.580740000000000000e+09	9.200064999999999675e-04	1.858090599999999946e-03
7.580745000000000000e+09	1.024975900000000108e-03	3.211680399999999880e-03
7.580750000000000000e+09	1.465845899999999999e-03	1.781998400000000052e-03
7.580755000000000000e+09	1.206675099999999969e-03	2.503588900000000041e-03
7.580760000000000000e+09	2.829335899999999970e-03	3.047025000000000081e-03
7.580765000000000000e+09	7.803848000000000165e-04	2.858626500000000133e-03
7.580770000000000000e+09	1.297000900000000066e-03	2.218544099999999845e-03
7.580775000000000000e+09	1.600237800000000070e-03	2.898326699999999919e-03
7.580780000000000000e+09	2.325919599999999848e-03	2.297066999999999859e-03
7.580785000000000000e+09	1.241946399999999985e-03	2.392087199999999841e-03
7.580790000000000000e+09	2.266306499999999786e-03	1.943517799999999913e-03
7.580795000000000000e+09	1.905376999999999982e-03	2.954677800000000010e-03
7.580800000000000000e+09	1.999790500000000158e-03	2.411746800000000041e-03
7.580805000000000000e+09	8.638537999999999859e-04	3.293824199999999952e-03
7.580810000000000000e+09	1.147887999999999903e-03	2.179246499999999871e-03
7.580815000000000000e+09	1.356111899999999995e-03	3.043764200000000086e-03
7.580820000000000000e+09	1.248969400000000084e-03	1.730632200000000029e-03
7.580825000000000000e+09	2.332902899999999852e-03	2.294582800000000145e-03
7.580830000000000000e+09	1.359756400000000079e-03	3.006008499999999854e-03
7.580835000000000000e+09	1.715641599999999942e-03	2.163064699999999937e-03
7.580840000000000000e+09	2.417601699999999930e-03	3.054318600000000081e-03
7.580845000000000000e+09	1.703871700000000053e-03	2.155260899999999862e-03
7.580850000000000000e+09	2.543985999999999817e-03	3.193762499999999900e-03
7.580855000000000000e+09	3.552286999999999893e-04	3.037857499999999881e-03
7.580860000000000000e+09	1.258910499999999974e-03	2.950993099999999879e-03
7.580865000000000000e+09	2.404508799999999918e-03	8.252084000000000459e-04
7.580870000000000000e+09	9.510894000000000422e-04	2.143125499999999801e-03
7.580875000000000000e+09	1.587773300000000108e-03	2.510069499999999926e-03
7.580880000000000000e+09	1.255269600000000034e-03	2.345515399999999976e-03
7.580885000000000000e+09	1.045727800000000041e-03	2.241881199999999890e-03
7.580890000000000000e+09	1.687504700000000066e-03	1.555392899999999932e-03
7.580895000000000000e+09	2.094118099999999882e-03	3.974635199999999868e-03
7.580900000000000000e+09	1.523474699999999944e-03	2.345344000000000075e-03
7.580905000000000000e+09	1.716202800000000061e-03	1.501743600000000033e-03
7.580910000000000000e+09	2.080045699999999789e-03	2.078013399999999785e-03
7.580915000000000000e+09	1.209255100000000043e-03	2.265236500000000069e-03
7.580920000000000000e+09	7.923385000000000237e-04	1.421500999999999928e-03
7.580925000000000000e+09	2.678049200000000123e-03	1.952894599999999928e-03
7.580930000000000000e+09	1.837085100000000054e-03	2.208355099999999988e-03
7.580935000000000000e+09	1.718036600000000030e-03	2.497287700000000183e-03
7.580940000000000000e+09	1.179109999999999924e-03	3.075720300000000205e-03
7.580945000000000000e+09	2.581784000000000162e-03	2.313443499999999833e-03
7.580950000000000000e+09	1.378044799999999983e-03	3.512980100000000216e-03
7.580955000000000000e+09	1.976072499999999895e-03	2.007022800000000072e-03
7.580960000000000000e+09	1.823332800000000047e-03	2.687767900000000067e-03
7.580965000000000000e+09	4.017545999999999769e-04	2.595856399999999821e-03
7.580970000000000000e+09	1.390135399999999945e-03	2.863206000000000084e-03
7.580975000000000000e+09	2.457132800000000165e-03	2.848723699999999859e-03
7.580980000000000000e+09	1.839018800000000045e-03	3.595608599999999908e-03
7.580985000000000000e+09	2.902479999999999817e-03	1.967602699999999958e-03
7.580990000000000000e+09	1.359065399999999932e-03	3.485315899999999988e-03
7.580995000000000000e+09	9.942066000000000705e-04	2.383484099999999984e-03
7.581000000000000000e+09	2.024319899999999992e-03	1.932475300000000007e-03
7.581005000000000000e+09	1.370356500000000045e-03	1.951147899999999954e-03
7.581010000000000000e+09	2.771154400000000202e-03	1.983734999999999925e-03
7.581015000000000000e+09	1.883723099999999942e-03	1.700645300000000080e-03
7.581020000000000000e+09	1.341168300000000107e-03	2.778350000000000177e-03
7.581025000000000000e+09	1.847810700000000099e-03	2.498963199999999947e-03
7.581030000000000000e+09	2.121305500000000149e-03	2.990396900000000073e-03
7.581035000000000000e+09	2.322558800000000014e-03	2.480733100000000191e-03
7.581040000000000000e+09	9.395322000000000439e-04	2.708294400000000116e-03
7.581045000000000000e+09	1.544643100000000092e-03	3.236301500000000192e-03
7.581050000000000000e+09	1.318423700000000013e-03	9.178613999999999870e-04
7.581055000000000000e+09	2.324142999999999869e-03	1.865649899999999913e-03
7.581060000000000000e+09	2.337603599999999934e-03	2.296264799999999957e-03
7.581065000000000000e+09	6.649075000000000167e-04	2.394909399999999890e-03
7.581070000000000000e+09	1.903541799999999970e-03	1.967512199999999888e-03
7.581075000000000000e+09	2.449243800000000092e-03	2.655541999999999885e-03
7.581080000000000000e+09	1.684111199999999923e-03	1.154466800000000098e-03
7.581085000000000000e+09	2.300225099999999960e-03	2.829934699999999900e-03
7.581090000000000000e+09	1.702784599999999926e-03	1.972831899999999850e-03
7.581095000000000000e+09	2.168557299999999879e-03	2.157284700000000003e-03
7.581100000000000000e+09	1.069601099999999919e-03	1.305516899999999928e-03
7.581105000000000000e+09	1.884646200000000089e-03	3.632942599999999887e-03
7.581110000000000000e+09	2.622555700000000177e-03	3.102715299999999916e-03
7.581115000000000000e+09	2.158358700000000217e-03	1.900022899999999999e-03
7.581120000000000000e+09	1.473694900000000092e-03	1.806456199999999972e-03
7.581125000000000000e+09	2.215957100000000204e-03	2.464259400000000030e-03
7.581130000000000000e+09	2.580812500000000207e-03	1.707156499999999992e-03
7.581135000000000000e+09	3.160772799999999900e-03	4.134471899999999679e-03
7.581140000000000000e+09	2.135961699999999828e-03	2.027674100000000177e-03
7.581145000000000000e+09	2.168738099999999950e-03	2.716123400000000111e-03
7.581150000000000000e+09	2.443518699999999797e-03	1.553943500000000075e-03
7.581155000000000000e+09	1.659877699999999946e-03	1.764903400000000094e-03
7.581160000000000000e+09	2.344585599999999929e-03	8.455587999999999993e-04
7.581165000000000000e+09	1.365032599999999952e-03	2.452751700000000215e-03
7.581170000000000000e+09	2.155091599999999809e-03	2.662485899999999898e-03
7.581175000000000000e+09	6.122817000000000233e-04	2.189731900000000189e-03
7.581180000000000000e+09	1.995055600000000123e-03	2.793466899999999965e-03
7.581185000000000000e+09	3.497539500000000200e-03	2.649170100000000205e-03
7.581190000000000000e+09	1.399506600000000002e-03	2.424313699999999794e-03
7.581195000000000000e+09	2.108625800000000095e-03	1.127657100000000042e-03
7.581200000000000000e+09	9.842698999999999459e-04	2.306993399999999941e-03
7.581205000000000000e+09	2.157431799999999858e-03	2.460910100000000215e-03
7.581210000000000000e+09	2.182586499999999985e-03	2.454142800000000142e-03
7.581215000000000000e+09	2.691010800000000029e-03	1.182761700000000077e-03
7.581220000000000000e+09	2.514647100000000097e-03	1.847948099999999899e-03
7.581225000000000000e+09	2.477846100000000162e-03	1.554696599999999930e-03
7.581230000000000000e+09	2.521303099999999946e-03	1.776591799999999947e-03
7.581235000000000000e+09	2.215400800000000021e-03	1.499473999999999989e-03
7.581240000000000000e+09	2.872780799999999964e-03	2.961974799999999870e-03
7.581245000000000000e+09	8.204713000000000197e-04	2.459833600000000016e-03
7.581250000000000000e+09	1.939323800000000014e-03	1.631802899999999995e-03
7.581255000000000000e+09	1.431310999999999998e-03	2.095253000000000046e-03
7.581260000000000000e+09	1.499092700000000068e-03	1.679908500000000093e-03
7.581265000000000000e+09	3.240202299999999855e-03	1.116492400000000098e-03
7.581270000000000000e+09	1.680075299999999943e-03	2.752009900000000012e-03
7.581275000000000000e+09	2.835073599999999791e-03	1.973087699999999910e-03
7.581280000000000000e+09	2.485675000000000124e-03	1.492753199999999943e-03
7.581285000000000000e+09	2.089515499999999859e-03	2.302919300000000162e-03
7.581290000000000000e+09	2.441543500000000182e-03	1.037912800000000049e-03
7.581295000000000000e+09	2.357004199999999852e-03	5.147520999999999737e-04
7.581300000000000000e+09	2.002381000000000126e-03	1.452272199999999963e-03
7.581305000000000000e+09	1.970608300000000097e-03	1.589987200000000022e-03
7.581310000000000000e+09	2.588822000000000172e-03	2.545093899999999881e-03
7.581315000000000000e+09	2.180596999999999831e-03	1.174054299999999999e-03
7.581320000000000000e+09	2.610710000000000027e-03	2.275740699999999860e-03
7.581325000000000000e+09	2.994454499999999863e-03	1.259246400000000026e-03
7.581330000000000000e+09	1.593974300000000057e-03	2.174263300000000166e-03
7.581335000000000000e+09	2.832202700000000049e-03	1.203030400000000034e-03
7.581340000000000000e+09	1.686841599999999892e-03	1.690345200000000067e-03
7.581345000000000000e+09	1.275102300000000065e-03	1.593236999999999952e-03
7.581350000000000000e+09	2.428815899999999840e-03	2.936333299999999841e-03
7.581355000000000000e+09	2.678285400000000004e-03	2.504620200000000005e-03
7.581360000000000000e+09	1.818888600000000046e-03	1.578872299999999930e-03
7.581365000000000000e+09	3.130857300000000013e-03	1.761795899999999901e-03
7.581370000000000000e+09	2.800118400000000014e-03	2.205970900000000113e-03
7.581375000000000000e+09	1.582403399999999941e-03	1.834700699999999894e-03
7.581380000000000000e+09	1.992264599999999872e-03	2.040169300000000199e-03
7.581385000000000000e+09	1.833231299999999939e-03	2.139891899999999975e-03
7.581390000000000000e+09	2.864245899999999945e-03	2.444013599999999859e-03
7.581395000000000000e+09	1.792388399999999930e-03	1.995300900000000072e-03
7.581400000000000000e+09	2.103897300000000074e-03	1.881736099999999990e-03
7.581405000000000000e+09	1.754663199999999907e-03	1.821355399999999899e-03
7.581410000000000000e+09	2.921105399999999932e-03	1.455775500000000035e-03
7.581415000000000000e+09	2.679306499999999959e-03	1.151151499999999951e-03
7.581420000000000000e+09	1.086286199999999960e-03	2.718203700000000004e-03
7.581425000000000000e+09	1.867589499999999965e-03	1.324659300000000052e-03
7.581430000000000000e+09	2.116121199999999956e-03	2.481758799999999980e-03
7.581435000000000000e+09	2.498650900000000136e-03	2.819942999999999777e-04
7.581440000000000000e+09	1.291930599999999933e-03	1.757048499999999940e-03
7.581445000000000000e+09	4.644634000000000024e-04	1.710869500000000015e-03
7.581450000000000000e+09	1.587974100000000060e-03	1.660770800000000054e-03
7.581455000000000000e+09	9.779705000000000516e-04	1.547116899999999946e-03
7.581460000000000000e+09	2.465243399999999911e-03	8.650039000000000209e-04
7.581465000000000000e+09	2.471676500000000078e-03	1.469908200000000090e-03
7.581470000000000000e+09	2.257509300000000094e-03	2.003995699999999974e-03
7.581475000000000000e+09	1.472278299999999927e-03	2.062276200000000108e-03
7.581480000000000000e+09	1.864827000000000108e-03	8.215774000000000124e-04
7.581485000000000000e+09	2.793272900000000163e-03	1.095392099999999971e-03
7.581490000000000000e+09	2.812794899999999845e-03	6.875791000000000455e-04
7.581495000000000000e+09	2.045317799999999894e-03	1.562147199999999909e-03
7.581500000000000000e+09	3.219349299999999924e-03	2.577373400000000127e-03
7.581505000000000000e+09	2.067768599999999981e-03	6.091224999999999808e-04
7.581510000000000000e+09	2.046975099999999957e-03	2.144891300000000001e-03
7.581515000000000000e+09	1.529354099999999947e-03	2.386842200000000198e-03
7.581520000000000000e+09	3.463057099999999888e-03	7.963259000000000526e-04
7.581525000000000000e+09	3.733527800000000212e-03	2.071323600000000119e-03
7.581530000000000000e+09	2.844164799999999993e-03	1.309934700000000033e-03
7.581535000000000000e+09	3.436790900000000204e-03	1.420470399999999985e-03
7.581540000000000000e+09	2.933677999999999893e-03	1.313581099999999897e-03
7.581545000000000000e+09	1.216521300000000024e-03	1.233182599999999973e-03
7.581550000000000000e+09	2.861738799999999795e-03	2.187267799999999957e-03
7.581555000000000000e+09	3.029356999999999883e-03	1.600057300000000101e-03
7.581560000000000000e+09	2.250105400000000210e-03	1.811091699999999938e-03
7.581565000000000000e+09	2.745331100000000194e-03	1.656359800000000099e-03
7.581570000000000000e+09	2.610869000000000037e-03	1.144378900000000022e-03
7.581575000000000000e+09	2.547305200000000210e-03	2.206755600000000119e-03
7.581580000000000000e+09	2.672900599999999960e-03	1.437353099999999972e-03
7.581585000000000000e+09	1.387999499999999957e-03	1.292692399999999936e-03
7.581590000000000000e+09	3.296849000000000134e-03	2.194562699999999967e-03
7.581595000000000000e+09	3.527746400000000143e-03	1.992275999999999856e-03
7.581600000000000000e+09	3.063924999999999895e-03	1.582502599999999942e-03
7.581605000000000000e+09	2.078366299999999996e-03	1.375800099999999974e-03
7.581610000000000000e+09	2.606656800000000003e-03	5.638649999999999825e-04
7.581615000000000000e+09	2.611536800000000078e-03	1.745820699999999946e-03
7.581620000000000000e+09	3.416669900000000090e-03	3.042921399999999783e-03
7.581625000000000000e+09	1.875158999999999940e-03	1.168492199999999993e-03
7.581630000000000000e+09	3.268777000000000054e-03	2.018769000000000119e-04
7.581635000000000000e+09	3.219300799999999865e-03	2.865856200000000027e-03
7.581640000000000000e+09	1.509176600000000082e-03	1.356009100000000068e-03
7.581645000000000000e+09	1.643492899999999960e-03	1.340032300000000001e-03
7.581650000000000000e+09	2.694883700000000153e-03	1.296239700000000050e-03
7.581655000000000000e+09	1.852076899999999899e-03	5.532812000000000450e-04
7.581660000000000000e+09	2.236920900000000188e-03	1.723700699999999907e-03
7.581665000000000000e+09	1.509758500000000104e-03	1.694375599999999905e-03
7.581670000000000000e+09	1.957634000000000197e-03	9.673881000000000493e-04
7.581675000000000000e+09	2.323178500000000132e-03	1.457785399999999990e-03
7.581680000000000000e+09	2.853799399999999882e-03	8.593321000000000119e-04
7.581685000000000000e+09	2.556418999999999879e-03	1.233297800000000008e-03
7.581690000000000000e+09	2.541181300000000098e-03	1.858415300000000082e-03
7.581695000000000000e+09	2.814746700000000153e-03	1.286154100000000107e-03
7.581700000000000000e+09	3.605695999999999814e-03	8.366880000000000096e-05
7.581705000000000000e+09	4.189764399999999604e-03	7.892598000000000018e-04
7.581710000000000000e+09	2.975959299999999912e-03	3.968670000000000205e-04
7.581715000000000000e+09	2.971156600000000175e-03	1.130286899999999968e-03
7.581720000000000000e+09	1.239558900000000069e-03	1.783092399999999930e-03
7.581725000000000000e+09	2.756784999999999878e-03	1.896235499999999975e-03
7.581730000000000000e+09	2.640444500000000208e-03	8.561054999999999707e-04
7.581735000000000000e+09	2.647203099999999917e-03	2.018572699999999966e-03
7.581740000000000000e+09	4.078714599999999982e-03	2.210735100000000165e-03
7.581745000000000000e+09	2.488155299999999810e-03	1.859379200000000048e-03
7.581750000000000000e+09	3.660537199999999800e-03	1.330789800000000030e-03
7.581755000000000000e+09	2.475553499999999865e-03	1.370399299999999895e-03
7.581760000000000000e+09	2.711632800000000117e-03	4.206235000000000225e-04
7.581765000000000000e+09	2.746293300000000014e-03	1.592731599999999996e-03
7.581770000000000000e+09	2.884739299999999982e-03	9.831728999999999122e-04
7.581775000000000000e+09	2.945434700000000051e-03	3.686427999999999732e-04
7.581780000000000000e+09	3.668841999999999850e-03	1.595374000000000098e-03
7.581785000000000000e+09	3.353731799999999826e-03	1.203559000000000096e-03
7.581790000000000000e+09	3.096488899999999978e-03	2.729328999999999956e-03
7.581795000000000000e+09	2.094420400000000185e-03	1.645804600000000048e-03
7.581800000000000000e+09	2.059963100000000193e-03	1.695413499999999952e-03
7.581805000000000000e+09	3.194603500000000023e-03	1.805848000000000089e-03
7.581810000000000000e+09	3.255342599999999816e-03	1.378947599999999930e-03
7.581815000000000000e+09	2.016470099999999842e-03	1.367144600000000029e-03
7.581820000000000000e+09	3.085634700000000098e-03	1.106678399999999965e-03
7.581825000000000000e+09	2.308613499999999895e-03	2.286624299999999790e-03
7.581830000000000000e+09	2.234536799999999913e-03	1.976589099999999984e-03
7.581835000000000000e+09	3.631371600000000196e-03	1.954816399999999982e-03
7.581840000000000000e+09	3.488437999999999956e-03	-7.321410000000000092e-05
7.581845000000000000e+09	2.254368999999999991e-03	1.172008999999999898e-03
7.581850000000000000e+09	2.637053900000000187e-03	3.252201000000000137e-04
7.581855000000000000e+09	3.313402000000000014e-03	4.143301000000000059e-04
7.581860000000000000e+09	2.816573800000000006e-03	1.553064100000000084e-03
7.581865000000000000e+09	2.583524900000000110e-03	7.472277999999999950e-04
7.581870000000000000e+09	1.835531299999999940e-03	1.748008099999999931e-03
7.581875000000000000e+09	2.632350999999999788e-03	1.936969699999999996e-03
7.581880000000000000e+09	3.876682299999999887e-03	3.788786000000000150e-04
7.581885000000000000e+09	3.079138700000000166e-03	5.125842000000000245e-04
7.581890000000000000e+09	3.474705600000000012e-03	4.407719999999999873e-05
7.581895000000000000e+09	2.890841800000000170e-03	7.951114999999999919e-04
7.581900000000000000e+09	3.411735200000000010e-03	9.733721999999999774e-04
7.581905000000000000e+09	3.462535499999999829e-03	1.827541600000000006e-03
7.581910000000000000e+09	2.505970599999999930e-03	2.305902400000000001e-03
7.581915000000000000e+09	2.026034800000000181e-03	9.054602999999999610e-04
7.581920000000000000e+09	2.190830300000000050e-03	1.240232800000000022e-03
7.581925000000000000e+09	3.056371500000000171e-03	1.128479200000000009e-03
7.581930000000000000e+09	2.809647699999999991e-03	1.165981499999999916e-03
7.581935000000000000e+09	2.263012899999999883e-03	1.661575100000000022e-03
7.581940000000000000e+09	2.356223299999999840e-03	2.023496400000000198e-03
7.581945000000000000e+09	3.569969599999999865e-03	4.633632000000000159e-04
7.581950000000000000e+09	3.500439599999999925e-03	3.843719999999999852e-05
7.581955000000000000e+09	2.298565700000000048e-03	1.126117700000000069e-03
7.581960000000000000e+09	3.094930499999999814e-03	6.681471000000000458e-04
7.581965000000000000e+09	3.302404899999999977e-03	1.334118800000000079e-03
7.581970000000000000e+09	2.859227299999999878e-03	6.405310999999999904e-04
7.581975000000000000e+09	2.908460600000000069e-03	1.165575000000000075e-03
7.581980000000000000e+09	2.035007799999999974e-03	1.961489399999999991e-03
7.581985000000000000e+09	3.167437800000000216e-03	1.251838099999999943e-03
7.581990000000000000e+09	3.026235799999999788e-03	8.073740999999999514e-04
7.581995000000000000e+09	2.318681500000000124e-03	2.683601000000000194e-04
7.582000000000000000e+09	2.724314600000000020e-03	1.189140399999999908e-03
7.582005000000000000e+09	3.231972100000000091e-03	1.038666599999999926e-03
7.582010000000000000e+09	2.204392900000000204e-03	1.174023499999999904e-03
7.582015000000000000e+09	2.455785199999999894e-03	1.445817000000000066e-03
7.582020000000000000e+09	3.133136700000000146e-03	7.943202000000000118e-04
7.582025000000000000e+09	2.930291600000000003e-03	1.303620199999999977e-03
7.582030000000000000e+09	3.051546000000000033e-03	2.004728500000000063e-03
7.582035000000000000e+09	3.401883999999999984e-03	2.206631999999999984e-04
7.582040000000000000e+09	3.039212500000000074e-03	1.043879599999999932e-03
7.582045000000000000e+09	2.390540000000000026e-03	1.508282699999999917e-03
7.582050000000000000e+09	3.228899800000000191e-03	1.217374399999999936e-03
7.582055000000000000e+09	2.766402700000000076e-03	1.653160699999999894e-03
7.582060000000000000e+09	2.378864699999999870e-03	5.411822000000000377e-04
7.582065000000000000e+09	2.863720900000000028e-03	2.942892999999999811e-04
7.582070000000000000e+09	2.173777500000000171e-03	1.100719999999999910e-03
7.582075000000000000e+09	2.515097300000000095e-03	-2.366465000000000051e-04
7.582080000000000000e+09	2.937096799999999990e-03	1.992542999999999940e-04
7.582085000000000000e+09	6.854765999999999550e-04	9.071155999999999924e-04
7.582090000000000000e+09	2.211863100000000144e-03	1.179498400000000098e-03
7.582095000000000000e+09	3.710284099999999925e-03	9.450609000000000440e-04
7.582100000000000000e+09	2.375974999999999789e-03	5.088849999999999906e-05
7.582105000000000000e+09	2.756082700000000215e-03	1.479897000000000038e-04
7.582110000000000000e+09	2.350664799999999978e-03	-2.527749999999999981e-05
7.582115000000000000e+09	2.875401499999999822e-03	1.997210399999999834e-03
7.582120000000000000e+09	2.779329000000000088e-03	9.334451000000000120e-04
7.582125000000000000e+09	1.731491699999999955e-03	-1.363376000000000074e-04
7.582130000000000000e+09	2.006119299999999887e-03	5.665104999999999490e-04
7.582135000000000000e+09	3.851249299999999834e-03	1.136609000000000013e-03
7.582140000000000000e+09	3.034807500000000213e-03	2.498107900000000152e-03
7.582145000000000000e+09	1.330299000000000065e-03	4.936867999999999639e-04
7.582150000000000000e+09	2.922609899999999931e-03	1.022446999999999896e-03
7.582155000000000000e+09	2.928668100000000191e-03	1.081319500000000027e-03
7.582160000000000000e+09	2.432974499999999811e-03	1.814651399999999944e-03
7.582165000000000000e+09	2.169845599999999878e-03	6.252948999999999617e-04
7.582170000000000000e+09	3.684490199999999969e-03	3.508564999999999839e-04
7.582175000000000000e+09	3.089664000000000212e-03	9.337068999999999491e-04
7.582180000000000000e+09	1.412061899999999919e-03	1.561554300000000039e-03
7.582185000000000000e+09	2.181806300000000212e-03	1.504893000000000094e-04
7.582190000000000000e+09	2.621330800000000114e-03	8.891383999999999573e-04
7.582195000000000000e+09	3.753556300000000009e-03	1.408054400000000083e-03
7.582200000000000000e+09	2.985018299999999975e-03	1.073897999999999997e-03
7.582205000000000000e+09	1.974997999999999945e-03	-5.491601999999999942e-04
7.582210000000000000e+09	2.727448700000000177e-03	8.530725000000000287e-04
7.582215000000000000e+09	2.135518800000000151e-03	5.828473000000000464e-04
7.582220000000000000e+09	2.624738799999999997e-03	-9.091920000000000188e-05
7.582225000000000000e+09	1.974375400000000138e-03	6.390557999999999742e-04
7.582230000000000000e+09	2.416850400000000038e-03	1.991716699999999951e-03
7.582235000000000000e+09	4.256439600000000087e-03	8.613156999999999975e-04
7.582240000000000000e+09	1.586095899999999913e-03	8.933349999999999841e-04
7.582245000000000000e+09	3.251574499999999868e-03	-2.968913000000000216e-04
7.582250000000000000e+09	3.679638099999999867e-03	4.790710000000000216e-04
7.582255000000000000e+09	3.487604000000000051e-03	7.824824999999999879e-04
7.582260000000000000e+09	2.788594799999999981e-03	1.333119000000000014e-03
7.582265000000000000e+09	4.232701699999999977e-03	1.009979600000000029e-03
7.582270000000000000e+09	2.726264799999999783e-03	6.230689000000000409e-04
7.582275000000000000e+09	1.854870499999999953e-03	-6.588724999999999703e-04
7.582280000000000000e+09	2.862138399999999885e-03	-7.423697000000000152e-04
7.582285000000000000e+09	3.021592899999999901e-03	3.708518999999999856e-04
7.582290000000000000e+09	2.877699300000000158e-03	6.248510999999999779e-04
7.582295000000000000e+09	2.956597799999999884e-03	-5.585657999999999639e-04
7.582300000000000000e+09	3.559600000000000004e-03	1.730818999999999869e-04
7.582305000000000000e+09	3.377733500000000121e-03	2.732287999999999818e-04
7.582310000000000000e+09	3.026416300000000191e-03	6.072545999999999847e-04
7.582315000000000000e+09	2.533162099999999861e-03	1.064746299999999981e-03
7.582320000000000000e+09	3.041830000000000141e-03	3.444082999999999802e-04
7.582325000000000000e+09	2.972338699999999955e-03	1.742020000000000103e-04
7.582330000000000000e+09	2.436856299999999934e-03	1.855931600000000105e-03
7.582335000000000000e+09	2.294465199999999941e-03	8.199194000000000360e-04
7.582340000000000000e+09	2.581777500000000114e-03	4.643424999999999745e-04
7.582345000000000000e+09	3.160906700000000024e-03	2.150431000000000011e-04
7.582350000000000000e+09	2.514543599999999931e-03	-5.297633999999999633e-04
7.582355000000000000e+09	3.412623100000000079e-03	-5.448573999999999648e-04
7.582360000000000000e+09	3.208616999999999980e-03	7.129674000000000341e-04
7.582365000000000000e+09	3.475619899999999977e-03	8.463350999999999600e-04
7.582370000000000000e+09	2.129062499999999879e-03	-8.012356999999999899e-04
7.582375000000000000e+09	2.551229600000000115e-03	5.579313000000000024e-04
7.582380000000000000e+09	2.396985300000000017e-03	-1.134438999999999999e-04
7.582385000000000000e+09	4.085918600000000220e-03	-1.585699999999999912e-06
7.582390000000000000e+09	2.585390899999999784e-03	-7.782118999999999885e-04
7.582395000000000000e+09	2.520603800000000005e-03	3.039765000000000262e-04
7.582400000000000000e+09	2.477524400000000182e-03	9.804417000000001034e-04
7.582405000000000000e+09	2.963411500000000167e-03	9.437252000000000357e-04
7.582410000000000000e+09	2.875607799999999915e-03	1.058270700000000066e-03
7.582415000000000000e+09	2.222838600000000189e-03	-2.717295000000000214e-04
7.582420000000000000e+09	1.113605500000000104e-03	-4.231940000000000007e-04
7.582425000000000000e+09	2.548962200000000171e-03	6.322500000000000029e-06
7.582430000000000000e+09	2.740823800000000143e-03	-1.379390999999999885e-04
7.582435000000000000e+09	3.530978100000000189e-03	1.461969999999999997e-05
7.582440000000000000e+09	3.571922400000000081e-03	1.928350000000000062e-04
7.582445000000000000e+09	2.960570799999999881e-03	3.713934000000000007e-04
7.582450000000000000e+09	3.218847600000000145e-03	9.321444000000000127e-04
7.582455000000000000e+09	3.680657500000000110e-03	-9.770893999999999153e-04
7.582460000000000000e+09	3.410501600000000015e-03	9.482902999999999558e-04
7.582465000000000000e+09	2.662371699999999987e-03	8.150552000000000361e-04
7.582470000000000000e+09	2.833099300000000050e-03	1.441121999999999922e-04
7.582475000000000000e+09	2.322607500000000141e-03	-1.064337299999999938e-03
7.582480000000000000e+09	3.375021699999999989e-03	-2.204810999999999989e-04
7.582485000000000000e+09	2.869840399999999941e-03	-3.734210000000000285e-05
7.582490000000000000e+09	3.173840199999999889e-03	-5.524519000000000088e-04
7.582495000000000000e+09	2.432054600000000105e-03	-7.128840000000000003e-05
7.582500000000000000e+09	3.127052600000000161e-03	3.185155000000000169e-04
7.582505000000000000e+09	2.217458600000000047e-03	-5.693190000000000289e-05
7.582510000000000000e+09	2.452589900000000118e-03	1.480000000000000018e-07
7.582515000000000000e+09	2.171679699999999949e-03	-8.506018999999999646e-04
7.582520000000000000e+09	3.541121200000000007e-03	3.264416000000000019e-04
7.582525000000000000e+09	2.216248200000000158e-03	-2.232679999999999908e-04
7.582530000000000000e+09	3.270514300000000076e-03	-7.563501999999999942e-04
7.582535000000000000e+09	2.703256800000000074e-03	-4.859489999999999784e-05
7.582540000000000000e+09	3.198885900000000143e-03	-3.517949999999999750e-05
7.582545000000000000e+09	2.524546500000000079e-03	-1.026987499999999992e-03
7.582550000000000000e+09	3.381841300000000116e-03	-2.847257000000000173e-04
7.582555000000000000e+09	2.907678800000000185e-03	-4.583324999999999964e-04
7.582560000000000000e+09	2.008841099999999959e-03	-4.753431999999999926e-04
7.582565000000000000e+09	2.893691900000000192e-03	-5.475955999999999923e-04
7.582570000000000000e+09	2.775073399999999999e-03	-5.347273000000000260e-04
7.582575000000000000e+09	2.345246999999999957e-03	-4.729810000000000036e-05
7.582580000000000000e+09	2.401036599999999827e-03	-2.472745000000000260e-04
7.582585000000000000e+09	2.295427799999999897e-03	-3.536386000000000195e-04
7.582590000000000000e+09	2.983084799999999835e-03	-3.099655999999999787e-04
7.582595000000000000e+09	3.274066200000000024e-03	-4.108652000000000181e-04
7.582600000000000000e+09	2.709824500000000171e-03	-1.070244699999999948e-03
7.582605000000000000e+09	2.183623100000000022e-03	-7.403166999999999994e-04
7.582610000000000000e+09	3.133972899999999933e-03	-7.361962000000000107e-04
7.582615000000000000e+09	2.667543899999999957e-03	-6.871972999999999537e-04
7.582620000000000000e+09	2.391715600000000191e-03	-2.561966000000000265e-04
7.582625000000000000e+09	3.672816900000000061e-03	1.472416000000000100e-04
7.582630000000000000e+09	3.154430399999999871e-03	-7.730570999999999884e-04
7.582635000000000000e+09	2.911025600000000015e-03	-1.671541000000000129e-04
7.582640000000000000e+09	3.520972399999999954e-03	-1.738211999999999884e-04
7.582645000000000000e+09	3.408732900000000128e-03	9.598579999999999840e-05
7.582650000000000000e+09	1.362127000000000086e-03	3.770862999999999949e-04
7.582655000000000000e+09	4.158573700000000282e-03	3.989517000000000042e-04
7.582660000000000000e+09	3.032448799999999927e-03	-1.577377999999999994e-04
7.582665000000000000e+09	1.876249300000000075e-03	-6.719293000000000314e-04
7.582670000000000000e+09	1.493322999999999959e-03	-4.249206999999999854e-04
7.582675000000000000e+09	2.049115700000000029e-03	-3.628039000000000112e-04
7.582680000000000000e+09	2.550206599999999945e-03	3.891661999999999942e-04
7.582685000000000000e+09	3.419737500000000121e-03	-1.960905999999999890e-04
7.582690000000000000e+09	3.244534600000000078e-03	-1.512589999999999963e-04
7.582695000000000000e+09	3.462130600000000100e-03	1.533780000000000077e-05
7.582700000000000000e+09	2.755951500000000144e-03	-1.871604600000000007e-03
7.582705000000000000e+09	2.232489499999999998e-03	-5.722889999999999683e-05
7.582710000000000000e+09	2.077398800000000104e-03	-5.851546000000000438e-04
7.582715000000000000e+09	3.206184899999999817e-03	-2.630635000000000200e-04
7.582720000000000000e+09	3.174299099999999818e-03	1.811071999999999997e-04
7.582725000000000000e+09	2.182995999999999982e-03	-7.846593000000000448e-04
7.582730000000000000e+09	2.601655000000000027e-03	-1.653044999999999959e-04
7.582735000000000000e+09	2.729426200000000143e-03	8.130450000000000058e-05
7.582740000000000000e+09	2.829942900000000094e-03	-1.522502999999999921e-03
7.582745000000000000e+09	2.546003399999999944e-03	-1.317728800000000054e-03
7.582750000000000000e+09	2.224461200000000128e-03	-1.267397000000000022e-04
7.582755000000000000e+09	2.809042700000000115e-03	-9.325264999999999900e-04
7.582760000000000000e+09	3.390079500000000006e-03	-1.319522700000000078e-03
7.582765000000000000e+09	2.078227499999999936e-03	-1.124595500000000105e-03
7.582770000000000000e+09	1.782964400000000083e-03	-1.039826100000000022e-03
7.582775000000000000e+09	2.091412300000000061e-03	-6.419226000000000532e-04
7.582780000000000000e+09	2.367255500000000137e-03	-1.257018099999999972e-03
7.582785000000000000e+09	2.989533500000000118e-03	-7.623865999999999759e-04
7.582790000000000000e+09	2.517291499999999797e-03	-1.096544399999999997e-03
7.582795000000000000e+09	1.845158099999999989e-03	-1.070963099999999897e-03
7.582800000000000000e+09	2.322162500000000181e-03	-1.074242200000000060e-03
7.582805000000000000e+09	3.077351299999999974e-03	-9.602553999999999474e-04
7.582810000000000000e+09	2.756827700000000127e-03	-2.100732299999999789e-03
7.582815000000000000e+09	2.829037300000000060e-03	-2.524590999999999966e-04
7.582820000000000000e+09	3.346745800000000201e-03	-4.947524999999999493e-04
7.582825000000000000e+09	2.959649999999999868e-03	4.224718999999999827e-04
7.582830000000000000e+09	2.942257599999999976e-03	-9.186269999999999852e-04
7.582835000000000000e+09	2.221628199999999866e-03	-1.159907300000000054e-03
7.582840000000000000e+09	1.602314999999999989e-03	-8.498146999999999732e-04
7.582845000000000000e+09	1.824279999999999955e-03	-1.150402700000000044e-03
7.582850000000000000e+09	2.977177499999999859e-03	-1.629853899999999991e-03
7.582855000000000000e+09	2.447646600000000141e-03	-1.585204300000000099e-03
7.582860000000000000e+09	2.384351900000000139e-03	-1.496467899999999896e-03
7.582865000000000000e+09	2.122123799999999904e-03	-6.823639000000000484e-04
7.582870000000000000e+09	2.434918600000000096e-03	-5.888957000000000002e-04
7.582875000000000000e+09	2.083562499999999911e-03	-1.876182299999999996e-03
7.582880000000000000e+09	2.843759500000000127e-03	-1.240090199999999967e-03
7.582885000000000000e+09	1.855946800000000084e-03	-3.507259999999999892e-04
7.582890000000000000e+09	2.541221199999999826e-03	-2.738169999999999908e-05
7.582895000000000000e+09	2.065653099999999794e-03	-1.504355599999999960e-03
7.582900000000000000e+09	2.366165200000000003e-03	-7.700901000000000014e-04
7.582905000000000000e+09	2.168377799999999817e-03	-4.914496000000000185e-04
7.582910000000000000e+09	3.717975100000000133e-03	-1.145555900000000014e-03
7.582915000000000000e+09	2.159838500000000033e-03	-2.620478000000000087e-04
7.582920000000000000e+09	2.296798000000000069e-03	-1.622750199999999912e-03
7.582925000000000000e+09	2.517187699999999962e-03	-2.156170399999999925e-03
7.582930000000000000e+09	1.935701699999999980e-03	-4.990484000000000109e-04
7.582935000000000000e+09	3.398780899999999990e-03	-1.535148999999999975e-03
7.582940000000000000e+09	2.385541200000000205e-03	-1.974437600000000098e-03
7.582945000000000000e+09	2.089903799999999999e-03	-5.476581999999999804e-04
7.582950000000000000e+09	2.444389300000000039e-03	-1.322487399999999931e-03
7.582955000000000000e+09	2.303119000000000173e-03	-1.515063500000000040e-03
7.582960000000000000e+09	1.875212200000000084e-03	-9.711798999999999476e-04
7.582965000000000000e+09	2.327885000000000024e-03	-2.140977599999999842e-03
7.582970000000000000e+09	1.450784500000000055e-03	-5.524160000000000181e-04
7.582975000000000000e+09	2.470251799999999970e-03	-1.270170200000000004e-03
7.582980000000000000e+09	3.101175500000000022e-03	-1.723074499999999957e-03
7.582985000000000000e+09	3.156315299999999918e-03	-1.359414700000000000e-03
7.582990000000000000e+09	1.058599099999999946e-03	-1.633365699999999926e-03
7.582995000000000000e+09	2.035232100000000134e-03	-1.718021099999999949e-03
7.583000000000000000e+09	1.072289300000000027e-03	-3.217952000000000052e-04
7.583005000000000000e+09	1.888007799999999979e-03	-2.783086599999999924e-03
7.583010000000000000e+09	1.624604900000000069e-03	-2.343548500000000156e-03
7.583015000000000000e+09	1.554284699999999983e-03	-2.519794000000000222e-04
7.583020000000000000e+09	1.865544700000000035e-03	-7.435529999999999874e-04
7.583025000000000000e+09	1.903285999999999910e-03	-3.134386999999999980e-04
7.583030000000000000e+09	2.553318299999999836e-03	-1.497311199999999936e-03
7.583035000000000000e+09	1.532515799999999975e-03	-1.566582699999999979e-03
7.583040000000000000e+09	1.822480499999999974e-03	-1.237057200000000025e-03
7.583045000000000000e+09	1.801192199999999922e-03	-1.990791500000000172e-03
7.583050000000000000e+09	2.732658099999999823e-03	-1.199916500000000044e-03
7.583055000000000000e+09	2.131863800000000173e-03	-1.665102799999999958e-03
7.583060000000000000e+09	2.514015000000000086e-03	-1.860060400000000105e-03
7.583065000000000000e+09	6.923711999999999618e-04	-7.292285000000000130e-04
7.583070000000000000e+09	5.280298000000000110e-04	-2.608829000000000009e-03
7.583075000000000000e+09	9.055110000000000112e-04	-2.150072299999999936e-03
7.583080000000000000e+09	1.113836999999999900e-03	-1.084345700000000036e-03
7.583085000000000000e+09	2.031396200000000051e-03	-7.790351000000000047e-04
7.583090000000000000e+09	9.720052999999999549e-04	-1.256325699999999998e-03
7.583095000000000000e+09	1.790526699999999988e-03	-1.725342599999999922e-03
7.583100000000000000e+09	1.403322399999999952e-03	-9.805847000000000781e-04
7.583105000000000000e+09	1.366983999999999908e-03	-2.209101099999999807e-03
7.583110000000000000e+09	1.297212399999999981e-03	-1.916049400000000100e-03
7.583115000000000000e+09	1.299055099999999949e-03	-1.606070000000000024e-04
7.583120000000000000e+09	1.324548000000000045e-03	-1.747830500000000084e-03
7.583125000000000000e+09	1.634600799999999998e-03	-6.273118999999999527e-04
7.583130000000000000e+09	1.718956800000000056e-03	-1.004615599999999923e-03
7.583135000000000000e+09	3.683882999999999776e-04	-1.897087300000000094e-03
7.583140000000000000e+09	1.433306199999999928e-03	-1.257914200000000019e-03
7.583145000000000000e+09	1.932883199999999892e-03	-1.762862200000000091e-03
7.583150000000000000e+09	1.459354800000000002e-03	-1.515646500000000004e-03
7.583155000000000000e+09	7.104751999999999769e-04	-1.759579500000000001e-03
7.583160000000000000e+09	1.218766000000000033e-03	-1.744411400000000101e-03
7.583165000000000000e+09	1.100109200000000008e-03	-2.329402600000000153e-03
7.583170000000000000e+09	1.232220600000000004e-03	-1.728957400000000070e-03
7.583175000000000000e+09	1.469126600000000057e-03	-1.431068900000000057e-03
7.583180000000000000e+09	1.187268100000000038e-03	-6.735816000000000156e-04
7.583185000000000000e+09	4.749237000000000011e-04	-1.964205899999999991e-03
7.583190000000000000e+09	1.865532700000000063e-03	-2.821103100000000186e-03
7.583195000000000000e+09	6.528270000000000297e-04	-1.621835899999999947e-03
7.583200000000000000e+09	1.931123999999999992e-03	-1.625188000000000067e-04
7.583205000000000000e+09	1.635220300000000048e-03	-1.760366699999999993e-03
7.583210000000000000e+09	8.062834000000000060e-04	-1.080034500000000069e-03
7.583215000000000000e+09	8.096782000000000501e-04	-1.831806199999999911e-03
7.583220000000000000e+09	1.589434100000000063e-03	-1.397436300000000050e-03
7.583225000000000000e+09	1.366586999999999999e-04	-1.279296600000000067e-03
7.583230000000000000e+09	4.450225999999999835e-04	-1.614987399999999939e-03
7.583235000000000000e+09	1.513703199999999992e-03	-2.044096999999999928e-03
7.583240000000000000e+09	-3.974146000000000015e-04	-1.047113000000000015e-04
7.583245000000000000e+09	8.987335000000000376e-04	-1.631630900000000106e-03
7.583250000000000000e+09	1.193610099999999931e-03	-2.052099899999999810e-03
7.583255000000000000e+09	1.322789999999999903e-03	-1.519927500000000081e-03
7.583260000000000000e+09	5.918823999999999830e-04	-3.235485000000000075e-04
7.583265000000000000e+09	8.224642000000000324e-04	-2.491028999999999965e-04
7.583270000000000000e+09	1.590948299999999900e-03	-6.809958000000000504e-04
7.583275000000000000e+09	5.944818999999999841e-04	-2.188846200000000002e-03
7.583280000000000000e+09	-6.175027000000000467e-04	-4.249475000000000171e-04
7.583285000000000000e+09	9.034151000000000030e-04	-9.233045999999999962e-04
7.583290000000000000e+09	4.993499999999999709e-06	-1.357916700000000049e-03
7.583295000000000000e+09	-7.434150000000000643e-05	-1.600171899999999932e-03
7.583300000000000000e+09	-1.180802799999999949e-03	-3.945741999999999804e-04
7.583305000000000000e+09	5.454429000000000222e-04	-2.427615000000000155e-03
7.583310000000000000e+09	3.833590000000000001e-05	-1.922858599999999933e-03
7.583315000000000000e+09	7.689808000000000017e-04	-1.059932800000000031e-03
7.583320000000000000e+09	1.593369999999999959e-05	-2.614544000000000221e-04
7.583325000000000000e+09	1.406673900000000085e-03	-9.587788999999999557e-04
7.583330000000000000e+09	7.787490000000000211e-05	-1.168970899999999952e-03
7.583335000000000000e+09	-6.787829999999999689e-05	-6.934982000000000342e-04
7.583340000000000000e+09	6.713711999999999935e-04	-1.125722900000000097e-03
7.583345000000000000e+09	-2.154481000000000083e-04	-2.066733299999999954e-03
7.583350000000000000e+09	1.029708999999999963e-03	-2.137506000000000063e-04
7.583355000000000000e+09	1.106902199999999954e-03	-1.100932800000000052e-03
7.583360000000000000e+09	5.671445999999999909e-04	-1.618465500000000092e-03
7.583365000000000000e+09	-1.842449000000000018e-04	-6.822866999999999604e-04
7.583370000000000000e+09	3.563587999999999804e-04	-1.385277700000000101e-03
7.583375000000000000e+09	6.858142000000000448e-04	-8.685737000000000015e-04
7.583380000000000000e+09	-7.679470000000000523e-05	4.872039999999999791e-04
7.583385000000000000e+09	-4.445763999999999944e-04	-5.512018000000000256e-04
7.583390000000000000e+09	7.889077999999999889e-04	-1.542446399999999971e-03
7.583395000000000000e+09	7.043874000000000316e-04	-8.764124999999999780e-04
7.583400000000000000e+09	6.372380000000000134e-05	1.164199199999999945e-03
7.583405000000000000e+09	6.797033999999999541e-04	-6.736573999999999514e-04
7.583410000000000000e+09	2.720517000000000096e-04	-1.061202600000000010e-03
7.583415000000000000e+09	9.949774999999999245e-04	-4.027241999999999888e-04
7.583420000000000000e+09	1.057734899999999935e-03	-7.662437999999999498e-04
7.583425000000000000e+09	1.161961399999999903e-03	3.353839000000000061e-04
7.583430000000000000e+09	3.319516000000000220e-04	-1.263371000000000004e-04
7.583435000000000000e+09	2.620540000000000087e-04	-4.400094000000000227e-04
7.583440000000000000e+09	-7.120759000000000376e-04	9.448310000000000345e-05
7.583445000000000000e+09	-2.680871999999999834e-04	6.351980000000000126e-04
7.583450000000000000e+09	4.148202000000000031e-04	-1.769881000000000004e-04
7.583455000000000000e+09	-3.538211999999999998e-04	-5.825009999999999986e-05
7.583460000000000000e+09	-5.899171999999999836e-04	-9.803860000000000016e-05
7.583465000000000000e+09	-1.796628000000000038e-04	-7.344657999999999569e-04
7.583470000000000000e+09	7.990719000000000294e-04	-1.365662500000000079e-03
7.583475000000000000e+09	6.935930000000000524e-05	-8.124211000000000540e-04
7.583480000000000000e+09	-2.477876999999999857e-04	-3.140247000000000090e-04
7.583485000000000000e+09	2.263893000000000112e-04	-3.004554000000000101e-04
7.583490000000000000e+09	7.454010000000000280e-04	-6.666003999999999680e-04
7.583495000000000000e+09	2.628520000000000034e-05	-8.616226000000000267e-04
7.583500000000000000e+09	-8.791692999999999513e-04	2.681919999999999964e-04
7.583505000000000000e+09	-2.211109000000000110e-04	-6.949443999999999934e-04
7.583510000000000000e+09	-3.994379000000000267e-04	-4.713364000000000160e-04
7.583515000000000000e+09	-1.549990000000000113e-04	-1.126097300000000051e-03
7.583520000000000000e+09	7.956232999999999621e-04	-1.631251299999999897e-03
7.583525000000000000e+09	2.355325000000000018e-04	5.899273999999999924e-04
7.583530000000000000e+09	-7.437999000000000476e-04	5.216404000000000006e-04
7.583535000000000000e+09	-4.113372000000000230e-04	-7.779481000000000200e-04
7.583540000000000000e+09	-2.566372000000000033e-04	-9.306482999999999509e-04
7.583545000000000000e+09	1.924138000000000042e-04	1.492286999999999965e-04
7.583550000000000000e+09	-7.863982999999999954e-04	9.206619000000000087e-04
7.583555000000000000e+09	4.518802000000000040e-04	-7.158699999999999748e-06
7.583560000000000000e+09	-5.222440000000000095e-05	-1.458249499999999957e-03
7.583565000000000000e+09	2.497350000000000069e-04	5.351600000000000058e-05
7.583570000000000000e+09	-6.792862999999999679e-04	-7.644570999999999962e-04
7.583575000000000000e+09	-1.176487000000000041e-04	-2.974807999999999793e-04
7.583580000000000000e+09	-2.099699999999999988e-06	2.369569999999999880e-04
7.583585000000000000e+09	9.022563999999999628e-04	8.372545000000000117e-04
7.583590000000000000e+09	-1.575101999999999882e-04	1.183617500000000043e-03
7.583595000000000000e+09	-1.198105199999999941e-03	4.145129999999999800e-04
7.583600000000000000e+09	6.608042999999999643e-04	3.968517999999999872e-04
7.583605000000000000e+09	-6.143678000000000507e-04	2.677477999999999846e-04
7.583610000000000000e+09	-1.078266000000000033e-03	1.862528999999999867e-04
7.583615000000000000e+09	6.010440000000000140e-04	-6.774309000000000060e-04
7.583620000000000000e+09	1.067554100000000106e-03	-3.112834999999999886e-04
7.583625000000000000e+09	-2.228502000000000098e-04	-4.111610000000000026e-04
7.583630000000000000e+09	-1.978741999999999968e-04	-8.774911999999999513e-04
7.583635000000000000e+09	-1.116310799999999971e-03	3.311877999999999871e-04
7.583640000000000000e+09	9.945069999999999431e-04	-1.343693000000000079e-04
7.583645000000000000e+09	-5.703429999999999703e-05	3.709324000000000063e-04
7.583650000000000000e+09	9.552750000000000314e-05	4.972731999999999673e-04
7.583655000000000000e+09	-4.024040000000000185e-05	-1.439084999999999995e-04
7.583660000000000000e+09	-7.300218999999999502e-04	-2.664329999999999951e-05
7.583665000000000000e+09	5.496920999999999882e-04	1.129011899999999950e-03
7.583670000000000000e+09	5.181959999999999561e-04	1.007588000000000017e-03
7.583675000000000000e+09	-5.358782000000000085e-04	4.513944999999999893e-04
7.583680000000000000e+09	7.881687999999999542e-04	1.467899999999999956e-06
7.583685000000000000e+09	-1.320487000000000017e-04	1.022137399999999922e-03
7.583690000000000000e+09	7.928826999999999837e-04	2.035547999999999980e-04
7.583695000000000000e+09	7.554728000000000354e-04	1.829785200000000073e-03
7.583700000000000000e+09	6.880811999999999606e-04	6.097105999999999490e-04
7.583705000000000000e+09	1.167048999999999946e-04	9.773857999999999418e-04
7.583710000000000000e+09	2.845152999999999897e-04	9.817388000000000677e-04
7.583715000000000000e+09	6.056203999999999928e-04	4.894923000000000026e-04
7.583720000000000000e+09	9.355748000000000536e-04	6.743702000000000507e-04
7.583725000000000000e+09	1.294430700000000082e-03	6.045945999999999525e-04
7.583730000000000000e+09	1.099321899999999982e-03	8.222077999999999852e-04
7.583735000000000000e+09	1.156546999999999957e-04	4.019650000000000046e-05
7.583740000000000000e+09	1.764534099999999928e-03	1.058535300000000090e-03
7.583745000000000000e+09	6.066528000000000068e-04	2.859922000000000093e-04
7.583750000000000000e+09	9.461180999999999498e-04	1.933736199999999987e-03
7.583755000000000000e+09	-7.804088999999999948e-04	3.249357000000000135e-04
7.583760000000000000e+09	6.842240000000000409e-05	1.259118000000000043e-03
7.583765000000000000e+09	1.012088699999999985e-03	-5.138030999999999935e-04
7.583770000000000000e+09	3.667715999999999902e-04	1.221780300000000104e-03
7.583775000000000000e+09	-8.900090000000000366e-05	9.009457000000000229e-04
7.583780000000000000e+09	1.155893700000000090e-03	2.721514999999999980e-04
7.583785000000000000e+09	1.680885000000000018e-03	7.757007999999999915e-04
7.583790000000000000e+09	-5.494509999999999542e-04	7.676408000000000450e-04
7.583795000000000000e+09	4.318376000000000072e-04	7.966676000000000226e-04
7.583800000000000000e+09	1.352563300000000088e-03	3.856337999999999737e-04
7.583805000000000000e+09	8.814371000000000315e-04	-2.462303999999999795e-04
7.583810000000000000e+09	1.398185400000000059e-03	8.036325999999999669e-04
7.583815000000000000e+09	1.521120099999999972e-03	6.732952999999999638e-04
7.583820000000000000e+09	8.670792999999999773e-04	6.347688999999999459e-04
7.583825000000000000e+09	1.706660200000000103e-03	5.492898999999999872e-04
7.583830000000000000e+09	8.145167999999999939e-04	4.840307000000000073e-04
7.583835000000000000e+09	1.726005999999999981e-03	-3.711680000000000079e-04
7.583840000000000000e+09	1.139094300000000103e-03	-2.166860000000000121e-05
7.583845000000000000e+09	-1.455130000000000009e-04	-5.516476999999999666e-04
7.583850000000000000e+09	2.193974000000000011e-03	9.090237000000000360e-04
7.583855000000000000e+09	5.027052999999999860e-04	1.550374800000000036e-03
7.583860000000000000e+09	2.166686000000000078e-04	8.889838999999999641e-04
7.583865000000000000e+09	1.570003699999999959e-03	1.280738299999999901e-03
7.583870000000000000e+09	4.177443999999999776e-04	1.040604199999999946e-03
7.583875000000000000e+09	6.758721000000000303e-04	5.648374000000000277e-04
7.583880000000000000e+09	6.583216000000000024e-04	1.398852500000000079e-03
7.583885000000000000e+09	1.451191299999999998e-03	6.448429000000000530e-04
7.583890000000000000e+09	3.862927000000000157e-04	2.055310999999999878e-04
7.583895000000000000e+09	5.509269999999999922e-04	-3.319899999999999842e-05
7.583900000000000000e+09	8.148632999999999744e-04	8.411039999999999619e-04
7.583905000000000000e+09	1.316114699999999978e-03	1.445248699999999911e-03
7.583910000000000000e+09	3.842378999999999825e-04	-2.433446999999999878e-04
7.583915000000000000e+09	8.563770999999999970e-04	6.554463999999999863e-04
7.583920000000000000e+09	5.911281999999999691e-04	1.357439599999999986e-03
7.583925000000000000e+09	8.604309000000000089e-04	4.349706000000000058e-04
7.583930000000000000e+09	7.434024999999999488e-04	6.750827000000000477e-04
7.583935000000000000e+09	2.170502700000000174e-03	1.710959499999999914e-03
7.583940000000000000e+09	1.368048599999999951e-03	-9.364750000000000082e-05
7.583945000000000000e+09	3.143873000000000045e-04	1.373953499999999977e-03
7.583950000000000000e+09	7.882005000000000304e-04	6.598640999999999491e-04
7.583955000000000000e+09	1.633372599999999893e-03	9.168600999999999531e-04
7.583960000000000000e+09	2.210713400000000137e-03	8.064985999999999900e-04
7.583965000000000000e+09	1.320976800000000020e-03	-2.790811999999999937e-04
7.583970000000000000e+09	1.255631099999999925e-03	7.209731000000000039e-04
7.583975000000000000e+09	1.913657800000000088e-03	6.759865000000000101e-04
7.583980000000000000e+09	9.035436000000000205e-04	6.398296999999999839e-04
7.583985000000000000e+09	1.487189000000000089e-03	1.789831100000000008e-03
7.583990000000000000e+09	1.319290500000000043e-03	2.145949700000000099e-03
7.583995000000000000e+09	1.106579400000000032e-03	9.676546999999999970e-04
7.584000000000000000e+09	1.454493799999999901e-03	1.000384599999999983e-03
7.584005000000000000e+09	3.894712000000000261e-04	8.612061999999999539e-04
7.584010000000000000e+09	1.539187999999999928e-03	6.115038999999999848e-04
7.584015000000000000e+09	1.179853600000000009e-03	-5.221295000000000363e-04
7.584020000000000000e+09	2.470032300000000146e-03	7.700386000000000036e-04
7.584025000000000000e+09	1.807829400000000083e-03	1.187772199999999985e-03
7.584030000000000000e+09	3.542136000000000199e-04	1.270044999999999865e-04
7.584035000000000000e+09	2.079875100000000161e-03	1.926479200000000107e-03
7.584040000000000000e+09	1.695179700000000022e-03	1.565432700000000087e-03
7.584045000000000000e+09	1.706279300000000101e-03	-2.273770000000000085e-05
7.584050000000000000e+09	1.147284300000000036e-03	-5.634019999999999567e-04
7.584055000000000000e+09	1.188210799999999930e-03	6.609246000000000044e-04
7.584060000000000000e+09	2.136606000000000095e-03	3.216955999999999765e-04
7.584065000000000000e+09	3.245997699999999837e-03	-2.355988000000000049e-04
7.584070000000000000e+09	1.035983000000000086e-03	-3.487260999999999746e-04
7.584075000000000000e+09	2.088432400000000012e-03	1.026871599999999935e-03
7.584080000000000000e+09	9.154404999999999574e-04	1.853661200000000005e-03
7.584085000000000000e+09	1.901695400000000041e-03	-4.473195999999999921e-04
7.584090000000000000e+09	1.540575200000000042e-03	-3.346134999999999973e-04
7.584095000000000000e+09	1.446582999999999983e-03	1.303785200000000082e-03
7.584100000000000000e+09	1.831430599999999981e-03	-1.163311999999999951e-04
7.584105000000000000e+09	2.757333500000000003e-03	8.566676999999999972e-04
7.584110000000000000e+09	1.802387799999999969e-03	-6.259791999999999917e-04
7.584115000000000000e+09	2.711380099999999814e-03	3.425443000000000129e-04
7.584120000000000000e+09	6.540635999999999629e-04	1.003548699999999962e-03
7.584125000000000000e+09	2.523822700000000023e-03	5.114833999999999960e-04
7.584130000000000000e+09	1.855220199999999941e-03	6.072086000000000193e-04
7.584135000000000000e+09	2.415690800000000124e-03	1.319737999999999933e-04
7.584140000000000000e+09	2.713090400000000169e-03	3.488866000000000081e-04
7.584145000000000000e+09	1.583646800000000025e-03	-2.804433999999999855e-04
7.584150000000000000e+09	1.745869799999999993e-03	-2.406730000000000045e-04
7.584155000000000000e+09	1.810697700000000023e-03	8.868960000000000548e-05
7.584160000000000000e+09	2.016316700000000007e-03	7.941130000000000454e-04
7.584165000000000000e+09	1.207706000000000014e-03	-1.560374999999999913e-04
7.584170000000000000e+09	1.921410400000000051e-03	1.549440000000000127e-04
7.584175000000000000e+09	1.478654299999999921e-03	-6.931198000000000177e-04
7.584180000000000000e+09	6.708680999999999542e-04	5.422533999999999471e-04
7.584185000000000000e+09	1.546969200000000103e-03	2.867392999999999873e-04
7.584190000000000000e+09	1.817522100000000052e-03	1.159891099999999951e-03
7.584195000000000000e+09	2.228482200000000014e-03	6.495757000000000224e-04
7.584200000000000000e+09	1.468211000000000082e-03	3.431671999999999761e-04
7.584205000000000000e+09	1.217640799999999924e-03	1.116599600000000008e-03
7.584210000000000000e+09	1.872201999999999894e-03	6.541811000000000240e-04
7.584215000000000000e+09	2.115034200000000079e-03	5.104435000000000265e-04
7.584220000000000000e+09	1.605206999999999988e-03	7.221045999999999845e-04
7.584225000000000000e+09	7.485369999999999654e-04	-6.877944999999999892e-04
7.584230000000000000e+09	1.627178400000000094e-03	1.120514000000000026e-04
7.584235000000000000e+09	1.944037200000000090e-03	9.735253000000000352e-04
7.584240000000000000e+09	3.650707699999999802e-03	5.310188000000000191e-04
7.584245000000000000e+09	3.272011000000000017e-03	6.540037999999999538e-04
7.584250000000000000e+09	2.365327200000000036e-03	5.146064000000000541e-04
7.584255000000000000e+09	1.578179000000000083e-03	9.397754000000000350e-04
7.584260000000000000e+09	2.014062599999999828e-03	6.509220999999999931e-04
7.584265000000000000e+09	1.909791199999999944e-03	-1.624992299999999902e-03
7.584270000000000000e+09	1.929149499999999965e-03	4.491418999999999967e-04
7.584275000000000000e+09	1.820007800000000061e-03	6.958442000000000013e-04
7.584280000000000000e+09	1.451010399999999893e-03	1.217064999999999976e-04
7.584285000000000000e+09	1.548457800000000101e-03	7.483040000000000102e-05
7.584290000000000000e+09	1.776070899999999909e-03	9.232370000000000377e-04
7.584295000000000000e+09	1.631606999999999979e-04	-8.982604999999999626e-04
7.584300000000000000e+09	2.409250400000000070e-03	4.452885999999999975e-04
7.584305000000000000e+09	2.406051000000000196e-03	6.124047000000000084e-04
7.584310000000000000e+09	1.675538600000000058e-03	-8.088117000000000136e-04
7.584315000000000000e+09	1.366505100000000097e-03	-8.493979999999999608e-05
7.584320000000000000e+09	1.185048900000000051e-03	4.376237000000000161e-04
7.584325000000000000e+09	1.629394799999999994e-03	-3.032989999999999840e-04
7.584330000000000000e+09	2.195095700000000011e-03	-6.613377999999999618e-04
7.584335000000000000e+09	1.022317999999999925e-03	-4.896565000000000509e-04
7.584340000000000000e+09	1.840820099999999990e-03	-3.930814000000000140e-04
7.584345000000000000e+09	2.172995000000000048e-03	-1.084787000000000034e-03
7.584350000000000000e+09	1.972818600000000085e-03	4.359605000000000012e-04
7.584355000000000000e+09	2.287655300000000086e-03	4.396536000000000151e-04
7.584360000000000000e+09	1.276070999999999933e-03	8.600351000000000220e-04
7.584365000000000000e+09	2.033865900000000025e-03	-6.238729000000000149e-04
7.584370000000000000e+09	2.569776000000000178e-03	-5.652456000000000147e-04
7.584375000000000000e+09	1.860191100000000005e-03	-5.419570000000000019e-05
7.584380000000000000e+09	1.278190600000000000e-03	-1.679215300000000063e-03
7.584385000000000000e+09	2.039797400000000014e-03	-1.031886500000000042e-03
7.584390000000000000e+09	3.359195000000000150e-03	2.204637699999999981e-03
7.584395000000000000e+09	1.233391699999999936e-03	-3.028860000000000000e-05
7.584400000000000000e+09	2.157871500000000178e-03	-5.053402999999999498e-04
7.584405000000000000e+09	1.819838600000000042e-03	-3.898853000000000193e-04
7.584410000000000000e+09	2.072274600000000022e-03	1.880227000000000048e-04
7.584415000000000000e+09	2.395291400000000050e-03	-3.217488999999999918e-04
7.584420000000000000e+09	3.585727500000000095e-03	1.173016999999999940e-03
7.584425000000000000e+09	2.765381999999999823e-03	8.622296000000000430e-04
7.584430000000000000e+09	3.564251899999999924e-03	5.280989999999999730e-04
7.584435000000000000e+09	3.153459400000000086e-03	-3.998482000000000251e-04
7.584440000000000000e+09	3.057007899999999914e-03	-4.182309999999999739e-04
7.584445000000000000e+09	2.144798199999999912e-03	-4.445221999999999975e-04
7.584450000000000000e+09	2.020919600000000132e-03	-1.123012799999999894e-03
7.584455000000000000e+09	2.232841499999999903e-03	3.675130000000000166e-05
7.584460000000000000e+09	1.010772299999999945e-03	7.140547000000000127e-04
7.584465000000000000e+09	1.963302699999999908e-03	-8.748780000000000489e-04
7.584470000000000000e+09	1.719793799999999899e-03	7.056118000000000329e-04
7.584475000000000000e+09	1.131827200000000032e-03	-3.277309000000000168e-04
7.584480000000000000e+09	1.956761600000000208e-03	-6.509187999999999519e-04
7.584485000000000000e+09	2.212130999999999993e-03	2.900307999999999879e-04
7.584490000000000000e+09	2.010754699999999819e-03	2.719233000000000262e-04
7.584495000000000000e+09	1.518862499999999900e-03	-1.042867700000000078e-03
7.584500000000000000e+09	1.609139199999999950e-03	-3.040575000000000005e-04
7.584505000000000000e+09	2.415647899999999806e-03	-8.900079999999999667e-05
7.584510000000000000e+09	3.355338199999999878e-03	6.026179000000000431e-04
7.584515000000000000e+09	2.062060300000000210e-03	2.731111000000000151e-04
7.584520000000000000e+09	2.568373799999999936e-03	-4.367678000000000164e-04
7.584525000000000000e+09	2.751683500000000164e-03	-3.996377999999999975e-04
7.584530000000000000e+09	3.244116200000000082e-03	-4.295654999999999786e-04
7.584535000000000000e+09	1.605788799999999976e-03	1.333565999999999896e-04
7.584540000000000000e+09	1.196258499999999910e-03	-7.747041000000000083e-04
7.584545000000000000e+09	2.570898600000000051e-03	-3.264947999999999830e-04
7.584550000000000000e+09	1.623576999999999963e-03	-3.746288999999999869e-04
7.584555000000000000e+09	2.351234199999999858e-03	2.632851000000000180e-04
7.584560000000000000e+09	2.096674199999999828e-03	3.806737999999999940e-04
7.584565000000000000e+09	2.677641299999999804e-03	-5.127992000000000487e-04
7.584570000000000000e+09	1.842772099999999934e-03	1.358211700000000032e-03
7.584575000000000000e+09	2.734745600000000002e-03	-9.278786999999999495e-04
7.584580000000000000e+09	2.276605499999999858e-03	2.706647000000000176e-04
7.584585000000000000e+09	1.854736799999999897e-03	1.532554000000000099e-04
7.584590000000000000e+09	2.052416599999999820e-03	-3.146105999999999859e-04
7.584595000000000000e+09	2.416039300000000136e-03	-3.010442000000000001e-04
7.584600000000000000e+09	2.454478300000000057e-03	-3.067624999999999822e-04
7.584605000000000000e+09	3.036546299999999879e-03	-8.061207999999999612e-04
7.584610000000000000e+09	2.052131699999999812e-03	-1.176568299999999900e-03
7.584615000000000000e+09	2.819828800000000191e-03	-7.656133000000000513e-04
7.584620000000000000e+09	2.311994600000000146e-03	-7.347379999999999439e-05
7.584625000000000000e+09	2.588264299999999945e-03	-9.936046999999999501e-04
7.584630000000000000e+09	1.218362400000000097e-03	4.267381999999999794e-04
7.584635000000000000e+09	1.150431400000000073e-03	-7.728299000000000323e-04
7.584640000000000000e+09	1.819646100000000101e-03	3.091254000000000202e-04
7.584645000000000000e+09	1.328504699999999905e-03	-9.388846999999999861e-04
7.584650000000000000e+09	1.974274099999999855e-03	-2.948933999999999844e-04
7.584655000000000000e+09	2.184556099999999858e-03	-3.838061000000000250e-04
7.584660000000000000e+09	2.023306800000000162e-03	6.527185000000000018e-04
7.584665000000000000e+09	2.526751700000000062e-03	-9.526642000000000530e-04
7.584670000000000000e+09	2.890298500000000083e-03	-3.251680000000000011e-05
7.584675000000000000e+09	2.579395099999999986e-03	-6.200341999999999529e-04
7.584680000000000000e+09	3.224442000000000107e-03	-8.771449000000000390e-04
7.584685000000000000e+09	1.491628999999999958e-03	-5.339856000000000463e-04
7.584690000000000000e+09	2.426502100000000120e-03	6.081759999999999857e-05
7.584695000000000000e+09	2.430711400000000032e-03	-2.856716000000000246e-04
7.584700000000000000e+09	1.840012800000000084e-03	-7.984175000000000039e-04
7.584705000000000000e+09	2.887572100000000176e-03	8.428180000000000339e-05
7.584710000000000000e+09	2.464461700000000061e-03	1.009659999999999918e-05
7.584715000000000000e+09	2.560908199999999829e-03	3.933556000000000053e-04
7.584720000000000000e+09	2.717675599999999896e-03	-1.123086500000000090e-03
7.584725000000000000e+09	1.896205700000000004e-03	-7.423775999999999986e-04
7.584730000000000000e+09	1.856610099999999892e-03	-7.325409000000000391e-04
7.584735000000000000e+09	2.830870599999999859e-03	-1.429134999999999997e-04
7.584740000000000000e+09	2.409544500000000179e-03	-1.362440799999999974e-03
7.584745000000000000e+09	1.333540200000000097e-03	-1.000734999999999993e-03
7.584750000000000000e+09	2.774456700000000036e-03	-4.331399999999999899e-04
7.584755000000000000e+09	2.138060099999999821e-03	-1.103057099999999987e-03
7.584760000000000000e+09	1.917362099999999963e-03	-1.356959499999999983e-03
7.584765000000000000e+09	2.324706900000000041e-03	6.924871000000000195e-04
7.584770000000000000e+09	2.823861600000000197e-03	-1.209621099999999951e-03
7.584775000000000000e+09	1.890667599999999943e-03	-6.291355999999999468e-04
7.584780000000000000e+09	1.896256499999999980e-03	1.641373000000000116e-04
7.584785000000000000e+09	2.693756700000000080e-03	-2.560005999999999762e-04
7.584790000000000000e+09	2.325093400000000001e-03	-4.213009999999999834e-05
7.584795000000000000e+09	2.370290399999999860e-03	-1.641304099999999931e-03
7.584800000000000000e+09	2.518432200000000204e-03	-9.690913999999999692e-04
7.584805000000000000e+09	2.100461499999999818e-03	-1.076377000000000106e-03
7.584810000000000000e+09	3.290305800000000152e-03	-4.652945000000000019e-04
7.584815000000000000e+09	3.350474799999999826e-03	-2.244260999999999891e-04
7.584820000000000000e+09	3.132272399999999884e-03	4.467588000000000093e-04
7.584825000000000000e+09	1.680765999999999987e-03	-1.453407199999999944e-03
7.584830000000000000e+09	2.055947199999999878e-03	-1.150197300000000040e-03
7.584835000000000000e+09	1.287610999999999921e-03	6.878919000000000266e-04
7.584840000000000000e+09	1.019574600000000076e-03	-1.815774999999999941e-04
7.584845000000000000e+09	1.342829000000000028e-03	-4.052384999999999928e-04
7.584850000000000000e+09	2.495997199999999867e-03	-3.561849999999999787e-05
7.584855000000000000e+09	3.186363399999999919e-03	-8.925606000000000208e-04
7.584860000000000000e+09	2.460562199999999974e-03	-1.223342799999999932e-03
7.584865000000000000e+09	1.109085199999999957e-03	1.562058000000000012e-04
7.584870000000000000e+09	2.630978200000000031e-03	2.762206000000000231e-04
7.584875000000000000e+09	2.487632500000000208e-03	-1.361371199999999960e-03
7.584880000000000000e+09	1.987036000000000184e-03	-8.737219999999999535e-04
7.584885000000000000e+09	2.903978700000000007e-03	-2.339342000000000006e-04
7.584890000000000000e+09	2.888384999999999824e-03	-1.379809600000000058e-03
7.584895000000000000e+09	2.355031100000000086e-03	-7.709105999999999641e-04
7.584900000000000000e+09	6.339365000000000451e-04	-1.394765899999999940e-03
7.584905000000000000e+09	2.540405800000000193e-03	-1.806558100000000026e-03
7.584910000000000000e+09	1.771876400000000056e-03	8.176114000000000168e-04
7.584915000000000000e+09	1.009443399999999979e-03	-1.054275999999999933e-04
7.584920000000000000e+09	1.586733199999999962e-03	-9.102411999999999613e-04
7.584925000000000000e+09	1.882847499999999947e-03	-1.010128699999999916e-03
7.584930000000000000e+09	1.286202499999999915e-03	-4.040084999999999792e-04
7.584935000000000000e+09	2.428796300000000095e-03	-7.001821999999999994e-04
7.584940000000000000e+09	2.670236500000000048e-03	-6.101146999999999473e-04
7.584945000000000000e+09	2.060940600000000025e-03	-1.161424899999999967e-03
7.584950000000000000e+09	2.346696300000000214e-03	-4.317313000000000249e-04
7.584955000000000000e+09	2.903815799999999968e-03	-1.180428600000000064e-03
7.584960000000000000e+09	2.368061099999999898e-03	-1.243300500000000088e-03
7.584965000000000000e+09	2.606541300000000082e-03	-2.886270999999999932e-04
7.584970000000000000e+09	2.227000099999999847e-03	-5.875716999999999702e-04
7.584975000000000000e+09	2.204033700000000012e-03	-1.610917199999999973e-03
7.584980000000000000e+09	8.779134999999999760e-04	-1.677854199999999959e-03
7.584985000000000000e+09	2.631045900000000132e-03	1.514307000000000001e-04
7.584990000000000000e+09	2.998657899999999932e-03	-3.642259000000000121e-04
7.584995000000000000e+09	2.561617500000000144e-03	-4.988234999999999718e-04
7.585000000000000000e+09	2.209389899999999844e-03	-2.181677400000000058e-03
7.585005000000000000e+09	3.229677199999999877e-03	-1.469035999999999953e-03
7.585010000000000000e+09	2.091454400000000106e-03	-7.298372999999999926e-04
7.585015000000000000e+09	3.688747799999999872e-03	-1.147778099999999940e-03
7.585020000000000000e+09	3.803546899999999970e-03	-1.136102599999999933e-03
7.585025000000000000e+09	2.111453300000000217e-03	-7.016028000000000108e-04
7.585030000000000000e+09	2.637134100000000213e-03	-4.899801999999999543e-04
7.585035000000000000e+09	2.558302200000000214e-03	-1.578743000000000073e-04
7.585040000000000000e+09	2.631817900000000144e-03	-1.258484899999999908e-03
7.585045000000000000e+09	3.167077199999999981e-03	-6.949509999999999672e-04
7.585050000000000000e+09	2.169938299999999830e-03	-1.246004900000000082e-03
7.585055000000000000e+09	1.814253899999999919e-03	-1.069104399999999894e-03
7.585060000000000000e+09	1.998830699999999856e-03	-1.209523799999999948e-03
7.585065000000000000e+09	2.095665599999999799e-03	-1.184932299999999971e-03
7.585070000000000000e+09	3.102684300000000187e-03	-1.698649399999999912e-03
7.585075000000000000e+09	3.570900699999999921e-03	-7.639993000000000088e-04
7.585080000000000000e+09	2.950409199999999826e-03	-7.276522000000000328e-04
7.585085000000000000e+09	2.316794499999999795e-03	-4.357316000000000075e-04
7.585090000000000000e+09	1.658863499999999958e-03	-8.472163000000000220e-04
7.585095000000000000e+09	2.019445800000000193e-03	-9.341456000000000369e-04
7.585100000000000000e+09	1.520095699999999975e-03	-9.259817000000000048e-04
7.585105000000000000e+09	2.383241899999999792e-03	-1.728663199999999926e-03
7.585110000000000000e+09	2.268915800000000094e-03	6.679047000000000022e-04
7.585115000000000000e+09	1.733264700000000007e-03	-1.271810699999999976e-03
7.585120000000000000e+09	2.370378399999999944e-03	-1.079383400000000085e-03
7.585125000000000000e+09	1.999237000000000063e-03	-3.344113999999999811e-04
7.585130000000000000e+09	2.289675299999999799e-03	-9.088050999999999768e-04
7.585135000000000000e+09	2.576365599999999936e-03	-4.743645000000000218e-04
7.585140000000000000e+09	2.170209499999999937e-03	-8.773761999999999837e-04
7.585145000000000000e+09	2.418829899999999818e-03	-5.196623000000000474e-04
7.585150000000000000e+09	3.080513799999999840e-03	-4.699584999999999830e-04
7.585155000000000000e+09	1.345544900000000040e-03	-1.449057899999999996e-03
7.585160000000000000e+09	2.388478700000000107e-03	-9.565827000000000054e-04
7.585165000000000000e+09	2.498144900000000192e-03	-1.600446599999999931e-03
7.585170000000000000e+09	2.314366100000000027e-03	-1.650298500000000083e-03
7.585175000000000000e+09	2.263121400000000019e-03	-2.524303400000000013e-03
7.585180000000000000e+09	2.200356300000000202e-03	-1.245226899999999975e-03
7.585185000000000000e+09	2.584537400000000169e-03	-1.956553599999999969e-03
7.585190000000000000e+09	2.347352599999999803e-03	-1.577851699999999928e-03
7.585195000000000000e+09	2.411109900000000129e-03	-2.433411000000000070e-04
7.585200000000000000e+09	2.200577200000000070e-03	-1.527464999999999986e-03
7.585205000000000000e+09	2.596988900000000034e-03	-3.827735999999999769e-04
7.585210000000000000e+09	1.658117100000000002e-03	-5.768201999999999835e-04
7.585215000000000000e+09	1.592609200000000107e-03	-2.581439799999999882e-03
7.585220000000000000e+09	3.547286699999999994e-03	-1.253481600000000071e-03
7.585225000000000000e+09	3.493344099999999824e-03	-9.860987999999999785e-04
7.585230000000000000e+09	1.898847300000000050e-03	-1.391490800000000057e-03
7.585235000000000000e+09	1.415565599999999910e-03	-1.567194199999999904e-03
7.585240000000000000e+09	1.944183500000000106e-03	-1.854137399999999979e-03
7.585245000000000000e+09	2.082193100000000012e-03	-9.993357000000000889e-04
7.585250000000000000e+09	1.314412600000000033e-03	-8.059248000000000193e-04
7.585255000000000000e+09	2.306430600000000143e-03	-2.006816700000000047e-03
7.585260000000000000e+09	3.224530000000000191e-03	-7.044663999999999744e-04
7.585265000000000000e+09	2.626577199999999800e-03	-4.184392999999999902e-04
7.585270000000000000e+09	1.938933400000000026e-03	-2.412672199999999888e-03
7.585275000000000000e+09	2.014139199999999928e-03	-8.659666000000000108e-04
7.585280000000000000e+09	8.083603000000000403e-04	-1.553077199999999998e-03
7.585285000000000000e+09	3.008095299999999795e-03	-1.581564500000000100e-03
7.585290000000000000e+09	2.998134500000000126e-03	-1.714601600000000047e-03
7.585295000000000000e+09	1.342325199999999967e-03	-1.445261100000000019e-03
7.585300000000000000e+09	2.664384000000000110e-03	-1.601464199999999994e-03
7.585305000000000000e+09	2.715266699999999839e-03	-1.446186199999999981e-03
7.585310000000000000e+09	1.443744100000000094e-03	-1.485299100000000072e-03
7.585315000000000000e+09	1.499927799999999914e-03	-1.915133299999999955e-03
7.585320000000000000e+09	2.485676899999999905e-03	-1.025321899999999918e-03
7.585325000000000000e+09	7.878103000000000015e-04	-1.825845399999999905e-03
7.585330000000000000e+09	2.236229599999999939e-03	-1.336114900000000098e-03
7.585335000000000000e+09	1.684401000000000084e-03	-1.614536300000000068e-03
7.585340000000000000e+09	1.878233100000000020e-03	-6.815455000000000428e-04
7.585345000000000000e+09	3.069226699999999790e-03	-9.257264000000000074e-04
7.585350000000000000e+09	1.514688300000000031e-03	-1.211274399999999951e-03
7.585355000000000000e+09	1.644410100000000046e-03	-1.318070300000000064e-03
7.585360000000000000e+09	2.326584300000000133e-03	-1.139503399999999963e-03
7.585365000000000000e+09	2.879146099999999996e-03	-1.168753000000000023e-04
7.585370000000000000e+09	2.355229500000000087e-03	-2.229344600000000062e-03
7.585375000000000000e+09	1.514281799999999973e-03	-1.643265600000000078e-03
7.585380000000000000e+09	2.568860000000000067e-03	-2.118875699999999904e-03
7.585385000000000000e+09	2.352980199999999810e-03	-8.707437000000000163e-04
7.585390000000000000e+09	2.976418199999999840e-03	-1.047585300000000068e-03
7.585395000000000000e+09	1.234373599999999968e-03	-2.326743699999999845e-03
7.585400000000000000e+09	1.645677699999999926e-03	-1.386194000000000098e-04
7.585405000000000000e+09	2.604098600000000208e-03	-9.387526999999999677e-04
7.585410000000000000e+09	2.232006700000000159e-03	-2.146736700000000022e-03
7.585415000000000000e+09	2.506848600000000094e-03	-1.799892100000000019e-03
7.585420000000000000e+09	1.010452000000000008e-03	-2.311883600000000025e-03
7.585425000000000000e+09	1.741621500000000008e-03	-1.746234400000000074e-03
7.585430000000000000e+09	2.396850299999999951e-03	-2.002199400000000216e-03
7.585435000000000000e+09	2.137973699999999849e-03	-2.348967000000000036e-04
7.585440000000000000e+09	7.185895000000000086e-04	-1.483844200000000073e-03
7.585445000000000000e+09	2.209449300000000151e-03	-1.496740899999999966e-03
7.585450000000000000e+09	1.542478500000000075e-03	-1.735581099999999963e-03
7.585455000000000000e+09	1.346243700000000027e-03	-1.214693300000000082e-03
7.585460000000000000e+09	1.884628499999999908e-03	-1.649472599999999905e-03
7.585465000000000000e+09	9.042708000000000430e-04	-1.612050799999999911e-03
7.585470000000000000e+09	2.859170800000000127e-03	-1.990989400000000003e-03
7.585475000000000000e+09	1.283510199999999928e-03	-1.194154999999999913e-03
7.585480000000000000e+09	3.290663499999999832e-03	-1.356262300000000108e-03
7.585485000000000000e+09	1.428489700000000039e-03	-1.865459500000000038e-03
7.585490000000000000e+09	2.057398099999999813e-03	-2.448631900000000031e-03
7.585495000000000000e+09	2.101985599999999996e-03	-2.343649699999999971e-03
7.585500000000000000e+09	1.961540400000000035e-03	-1.242104900000000041e-03
7.585505000000000000e+09	1.423904400000000061e-03	-1.911482300000000040e-03
7.585510000000000000e+09	1.642452499999999928e-03	-1.096927500000000099e-03
7.585515000000000000e+09	1.516424099999999974e-03	-1.379372499999999974e-03
7.585520000000000000e+09	1.306926400000000058e-03	-2.855097699999999822e-03
7.585525000000000000e+09	1.653898300000000102e-03	-1.093267599999999968e-03
7.585530000000000000e+09	1.679543400000000058e-03	-2.132080299999999842e-03
7.585535000000000000e+09	2.000576699999999809e-03	-2.058808999999999986e-03
7.585540000000000000e+09	1.919331100000000066e-03	-1.950131199999999981e-03
7.585545000000000000e+09	2.237478800000000049e-03	-2.390123999999999981e-03
7.585550000000000000e+09	6.002858999999999712e-04	-1.793660199999999941e-03
7.585555000000000000e+09	2.679229600000000190e-03	-1.902907500000000076e-03
7.585560000000000000e+09	1.933288600000000008e-03	-2.391711600000000128e-03
7.585565000000000000e+09	2.386357799999999814e-03	-2.557223899999999835e-03
7.585570000000000000e+09	2.460816800000000058e-03	-2.048875300000000017e-03
7.585575000000000000e+09	2.052155400000000088e-03	-1.822003300000000093e-03
7.585580000000000000e+09	7.535951999999999842e-04	-1.905033300000000089e-03
7.585585000000000000e+09	2.403072599999999791e-03	-1.482706899999999958e-03
7.585590000000000000e+09	2.540896400000000090e-03	-1.472382900000000034e-03
7.585595000000000000e+09	2.424952900000000057e-03	-1.569770500000000017e-03
7.585600000000000000e+09	1.855900300000000057e-03	-2.209471399999999881e-03
7.585605000000000000e+09	1.696788299999999958e-03	-1.931702599999999973e-03
7.585610000000000000e+09	1.461401100000000010e-03	-8.011137999999999463e-04
7.585615000000000000e+09	1.578748499999999997e-03	-2.258845199999999845e-03
7.585620000000000000e+09	2.608688200000000134e-03	-2.088106699999999968e-03
7.585625000000000000e+09	1.034937000000000096e-03	-8.753167000000000282e-04
7.585630000000000000e+09	2.614711599999999803e-03	-1.787334499999999968e-03
7.585635000000000000e+09	1.742819000000000052e-03	-9.313951000000000435e-04
7.585640000000000000e+09	1.262372799999999943e-03	-2.155040699999999799e-03
7.585645000000000000e+09	2.217990899999999852e-03	-2.492607500000000153e-03
7.585650000000000000e+09	1.369331600000000095e-03	-2.487566999999999990e-03
7.585655000000000000e+09	2.462750699999999900e-03	-4.349245999999999863e-04
7.585660000000000000e+09	6.548558999999999587e-04	-2.261704199999999866e-03
7.585665000000000000e+09	1.921241099999999999e-03	-1.820775300000000057e-03
7.585670000000000000e+09	2.103142499999999856e-03	-2.288521099999999992e-03
7.585675000000000000e+09	2.265326199999999866e-03	-1.187015200000000100e-03
7.585680000000000000e+09	1.947647399999999970e-03	-2.661535899999999902e-03
7.585685000000000000e+09	2.510405199999999910e-03	-3.583273799999999940e-03
7.585690000000000000e+09	2.179640799999999889e-03	-1.688619099999999961e-03
7.585695000000000000e+09	2.801699200000000011e-03	-2.090975499999999862e-03
7.585700000000000000e+09	1.030021400000000024e-03	-5.763438999999999758e-04
7.585705000000000000e+09	1.871940600000000093e-03	-1.177171399999999996e-03
7.585710000000000000e+09	2.161878000000000107e-04	-1.799381500000000024e-03
7.585715000000000000e+09	2.171227500000000137e-03	-1.517827000000000022e-03
7.585720000000000000e+09	5.259648999999999488e-04	-2.168160799999999978e-03
7.585725000000000000e+09	1.970428099999999797e-03	-2.020513499999999994e-03
7.585730000000000000e+09	2.519077000000000208e-03	-8.521591999999999709e-04
7.585735000000000000e+09	4.459879999999999726e-05	-1.898467200000000105e-03
7.585740000000000000e+09	1.188282599999999911e-03	-1.371153200000000023e-03
7.585745000000000000e+09	2.383520899999999956e-03	-2.112924600000000170e-03
7.585750000000000000e+09	2.752401600000000011e-03	-2.370494600000000104e-03
7.585755000000000000e+09	2.551937800000000055e-03	-1.902932699999999996e-03
7.585760000000000000e+09	1.643109499999999973e-03	-1.427184300000000064e-03
7.585765000000000000e+09	9.067845999999999849e-04	-2.637890300000000042e-03
7.585770000000000000e+09	2.307664499999999806e-03	-2.352949899999999886e-03
7.585775000000000000e+09	1.732004500000000049e-03	-1.985445599999999949e-03
7.585780000000000000e+09	1.427464800000000089e-03	-2.291667199999999904e-03
7.585785000000000000e+09	2.326430100000000025e-03	-3.794601999999999893e-04
7.585790000000000000e+09	1.428973899999999922e-03	-1.788038199999999892e-03
7.585795000000000000e+09	2.218824299999999985e-03	-1.458683300000000000e-03
7.585800000000000000e+09	1.224610899999999981e-03	-1.288890100000000035e-03
7.585805000000000000e+09	2.022894700000000146e-03	-1.859861900000000070e-03
7.585810000000000000e+09	1.757107000000000048e-04	-2.321986299999999944e-03
7.585815000000000000e+09	1.721840699999999894e-03	-8.719373000000000314e-04
7.585820000000000000e+09	2.560549300000000174e-03	-2.161211899999999995e-03
7.585825000000000000e+09	1.525052000000000048e-03	-1.415123300000000004e-03
7.585830000000000000e+09	2.254674400000000051e-03	-3.370284299999999969e-03
7.585835000000000000e+09	8.131908999999999665e-04	-2.057525299999999821e-03
7.585840000000000000e+09	1.668337100000000022e-03	-1.130457899999999950e-03
7.585845000000000000e+09	3.111689799999999787e-03	-2.201777499999999985e-03
7.585850000000000000e+09	1.615283500000000080e-03	-2.130267500000000095e-03
7.585855000000000000e+09	1.357193600000000016e-03	-2.625769799999999859e-03
7.585860000000000000e+09	8.526958999999999754e-04	-7.967518000000000039e-04
7.585865000000000000e+09	8.819007000000000452e-04	-2.378297599999999908e-03
7.585870000000000000e+09	1.359807800000000042e-03	-1.250804400000000028e-03
7.585875000000000000e+09	1.594413000000000037e-03	-2.138990900000000209e-03
7.585880000000000000e+09	1.141443499999999969e-03	-2.015214300000000083e-03
7.585885000000000000e+09	2.448657300000000019e-03	-2.864377300000000084e-03
7.585890000000000000e+09	1.804478499999999938e-03	-2.658953600000000129e-03
7.585895000000000000e+09	2.257888799999999835e-03	-2.026401100000000191e-03
7.585900000000000000e+09	2.355538199999999971e-03	-2.122838699999999960e-03
7.585905000000000000e+09	1.433728300000000101e-03	-2.527695400000000078e-03
7.585910000000000000e+09	9.278442000000000026e-04	-2.528421600000000085e-03
7.585915000000000000e+09	1.299636799999999903e-03	-2.548093899999999846e-03
7.585920000000000000e+09	2.020243899999999999e-03	-1.883883600000000030e-03
7.585925000000000000e+09	1.687923000000000028e-03	-2.115652500000000154e-03
7.585930000000000000e+09	2.137632200000000055e-03	-1.913707099999999986e-03
7.585935000000000000e+09	1.295388699999999987e-03	-2.074932399999999955e-03
7.585940000000000000e+09	8.747030000000000039e-04	-6.673532000000000465e-04
7.585945000000000000e+09	1.113654800000000002e-03	-1.752932000000000014e-03
7.585950000000000000e+09	2.281532699999999983e-03	-3.173606499999999993e-03
7.585955000000000000e+09	1.603884799999999921e-03	-1.760538700000000099e-03
7.585960000000000000e+09	1.378917500000000074e-03	-2.925057899999999877e-03
7.585965000000000000e+09	1.021714400000000092e-03	-2.227075199999999870e-03
7.585970000000000000e+09	9.010783999999999547e-04	-2.980939000000000158e-03
7.585975000000000000e+09	1.811515099999999904e-03	-1.994247700000000012e-03
7.585980000000000000e+09	1.308838500000000056e-03	-1.852587200000000009e-03
7.585985000000000000e+09	5.708622999999999909e-04	-3.169062700000000073e-03
7.585990000000000000e+09	1.336621299999999962e-03	-1.328008099999999914e-03
7.585995000000000000e+09	1.186863399999999943e-03	-3.061929100000000160e-03
7.586000000000000000e+09	2.135676100000000015e-03	-2.505468600000000049e-03
