7.581501068000000000e+09	2.271860000000000112e-03	1.687436799999999897e-03
7.581503568000000000e+09	2.467072800000000114e-03	1.471373900000000085e-03
7.581506068000000000e+09	2.387110300000000115e-03	1.703019500000000014e-03
7.581508568000000000e+09	2.585981299999999886e-03	1.228881100000000061e-03
7.581511068000000000e+09	2.513142199999999962e-03	2.183692300000000201e-03
7.581513568000000000e+09	2.956115999999999952e-03	1.027319100000000096e-03
7.581516068000000000e+09	2.288154399999999845e-03	1.364665500000000102e-03
7.581518568000000000e+09	1.878150699999999894e-03	1.694302499999999915e-03
7.581521068000000000e+09	2.865481999999999925e-03	2.108708200000000005e-03
7.581523568000000000e+09	2.247613600000000073e-03	1.296232100000000061e-03
7.581526068000000000e+09	2.621492699999999811e-03	1.691109000000000102e-03
7.581528568000000000e+09	2.239867699999999791e-03	1.765769400000000069e-03
7.581531068000000000e+09	2.957549900000000162e-03	1.755708500000000092e-03
7.581533568000000000e+09	2.373081200000000043e-03	9.764562999999999975e-04
7.581536068000000000e+09	2.168054699999999793e-03	1.626643299999999985e-03
7.581538568000000000e+09	2.688353000000000097e-03	1.337180299999999981e-03
7.581541068000000000e+09	2.122027800000000127e-03	1.451096800000000082e-03
7.581543568000000000e+09	2.889871200000000088e-03	1.325302399999999910e-03
7.581546068000000000e+09	2.716262799999999943e-03	1.912985099999999893e-03
7.581548568000000000e+09	2.496544399999999983e-03	1.756235199999999939e-03
7.581551068000000000e+09	2.165309600000000015e-03	2.014100600000000209e-03
7.581553568000000000e+09	1.817841099999999979e-03	1.412946900000000084e-03
7.581556068000000000e+09	2.873010699999999865e-03	1.573448899999999951e-03
7.581558568000000000e+09	2.493584899999999951e-03	9.015476999999999606e-04
7.581561068000000000e+09	2.487653499999999997e-03	2.205567299999999960e-03
7.581563568000000000e+09	2.671502899999999951e-03	1.960448499999999789e-03
7.581566068000000000e+09	2.555514499999999786e-03	1.806645900000000042e-03
7.581568568000000000e+09	2.053590000000000103e-03	1.655038400000000088e-03
7.581571068000000000e+09	2.229682499999999928e-03	1.724505799999999931e-03
7.581573568000000000e+09	2.307784099999999824e-03	1.534743400000000008e-03
7.581576068000000000e+09	2.222877600000000044e-03	1.576751200000000002e-03
7.581578568000000000e+09	3.381952799999999974e-03	9.819696000000000587e-04
7.581581068000000000e+09	1.892544799999999966e-03	1.922744600000000090e-03
7.581583568000000000e+09	2.616242799999999799e-03	1.666954200000000073e-03
7.581586068000000000e+09	2.820105700000000073e-03	1.109815699999999912e-03
7.581588568000000000e+09	2.409201900000000011e-03	1.060441099999999892e-03
7.581591068000000000e+09	2.099433099999999976e-03	1.619107999999999962e-03
7.581593568000000000e+09	1.798904800000000097e-03	1.499022600000000016e-03
7.581596068000000000e+09	2.395297599999999996e-03	1.874253200000000055e-03
7.581598568000000000e+09	2.045617799999999847e-03	1.722624500000000027e-03
7.581601068000000000e+09	2.299434899999999813e-03	1.660155900000000054e-03
7.581603568000000000e+09	3.543544200000000102e-03	1.218954800000000014e-03
7.581606068000000000e+09	2.851494799999999830e-03	1.521693400000000097e-03
7.581608568000000000e+09	3.099224700000000055e-03	1.811969999999999987e-03
7.581611068000000000e+09	2.673838600000000201e-03	1.364062500000000041e-03
7.581613568000000000e+09	2.866679799999999854e-03	1.880827700000000085e-03
7.581616068000000000e+09	2.149438100000000077e-03	9.472649999999999777e-04
7.581618568000000000e+09	2.183647500000000102e-03	1.348591600000000100e-03
7.581621068000000000e+09	2.891099800000000112e-03	1.311848999999999914e-03
7.581623568000000000e+09	2.530365399999999834e-03	1.495060000000000095e-03
7.581626068000000000e+09	2.593812100000000061e-03	2.020739499999999866e-03
7.581628568000000000e+09	2.556937300000000114e-03	1.236564899999999982e-03
7.581631068000000000e+09	2.110976499999999822e-03	1.591359500000000043e-03
7.581633568000000000e+09	2.403286399999999840e-03	1.299802399999999995e-03
7.581636068000000000e+09	3.045901299999999833e-03	1.901321799999999927e-03
7.581638568000000000e+09	1.929740899999999974e-03	1.114498800000000064e-03
7.581641068000000000e+09	2.477948499999999953e-03	1.748791200000000042e-03
7.581643568000000000e+09	2.293724000000000023e-03	1.921416800000000065e-03
7.581646068000000000e+09	2.089787400000000205e-03	1.902800600000000052e-03
7.581648568000000000e+09	2.942987299999999876e-03	1.885993099999999905e-03
7.581651068000000000e+09	2.474230500000000176e-03	1.413937099999999910e-03
7.581653568000000000e+09	2.405122600000000194e-03	1.518259699999999907e-03
7.581656068000000000e+09	1.942679199999999958e-03	1.694113400000000049e-03
7.581658568000000000e+09	2.843180600000000044e-03	9.342177000000000120e-04
7.581661068000000000e+09	2.670511799999999818e-03	1.674305399999999984e-03
7.581663568000000000e+09	2.391188399999999957e-03	1.659188399999999945e-03
7.581666068000000000e+09	2.144269700000000101e-03	1.654204700000000069e-03
7.581668568000000000e+09	2.855185799999999940e-03	1.893643900000000066e-03
7.581671068000000000e+09	2.609395799999999870e-03	1.203245599999999910e-03
7.581673568000000000e+09	2.199159400000000146e-03	1.206270599999999943e-03
7.581676068000000000e+09	2.931816399999999986e-03	1.710177900000000098e-03
7.581678568000000000e+09	2.921406300000000192e-03	4.412096000000000117e-04
7.581681068000000000e+09	2.398619099999999872e-03	1.341654500000000021e-03
7.581683568000000000e+09	2.473994399999999896e-03	1.439270299999999975e-03
7.581686068000000000e+09	2.784226199999999957e-03	1.706042100000000096e-03
7.581688568000000000e+09	3.089597700000000155e-03	1.326052099999999907e-03
7.581691068000000000e+09	2.458759400000000168e-03	1.295714199999999962e-03
7.581693568000000000e+09	2.212437700000000063e-03	1.187018200000000039e-03
7.581696068000000000e+09	2.552088399999999802e-03	1.239459700000000069e-03
7.581698568000000000e+09	2.912969300000000164e-03	1.943224799999999962e-03
7.581701068000000000e+09	2.380657600000000203e-03	1.098973000000000051e-03
7.581703568000000000e+09	2.625093700000000023e-03	1.124823100000000090e-03
7.581706068000000000e+09	1.946771500000000089e-03	1.537140900000000081e-03
7.581708568000000000e+09	2.235328200000000036e-03	1.507325099999999932e-03
7.581711068000000000e+09	3.180599399999999802e-03	1.505187999999999969e-03
7.581713568000000000e+09	2.567185699999999845e-03	1.878804399999999897e-03
7.581716068000000000e+09	2.357750300000000139e-03	1.200245200000000026e-03
7.581718568000000000e+09	2.289507200000000155e-03	9.307074999999999723e-04
7.581721068000000000e+09	1.648698500000000044e-03	1.806781099999999959e-03
7.581723568000000000e+09	2.416561499999999967e-03	1.934756400000000069e-03
7.581726068000000000e+09	1.982806599999999923e-03	1.192799100000000063e-03
7.581728568000000000e+09	2.498686500000000133e-03	7.558047999999999503e-04
7.581731068000000000e+09	2.607011299999999893e-03	1.744798000000000095e-03
7.581733568000000000e+09	2.514323299999999834e-03	1.594033799999999964e-03
7.581736068000000000e+09	2.368542899999999830e-03	1.477037399999999974e-03
7.581738568000000000e+09	2.985603600000000073e-03	1.357155000000000080e-03
7.581741068000000000e+09	2.222525700000000173e-03	7.036511999999999758e-04
7.581743568000000000e+09	2.582727200000000008e-03	1.589862800000000102e-03
7.581746068000000000e+09	2.516116699999999904e-03	1.652931299999999947e-03
7.581748568000000000e+09	2.415938900000000160e-03	1.644681199999999902e-03
7.581751068000000000e+09	2.661124300000000057e-03	1.977743799999999962e-03
7.581753568000000000e+09	2.296969800000000107e-03	1.241131400000000055e-03
7.581756068000000000e+09	2.649696899999999869e-03	1.143319199999999914e-03
7.581758568000000000e+09	2.769358700000000215e-03	1.378390400000000090e-03
7.581761068000000000e+09	2.194152699999999800e-03	1.054568700000000107e-03
7.581763568000000000e+09	3.154515799999999936e-03	8.906213999999999971e-04
7.581766068000000000e+09	3.366252699999999938e-03	1.884398700000000041e-03
7.581768568000000000e+09	2.520016700000000161e-03	1.009301499999999945e-03
7.581771068000000000e+09	1.947907499999999978e-03	1.459691099999999974e-03
7.581773568000000000e+09	2.197334799999999845e-03	1.796752300000000087e-03
7.581776068000000000e+09	3.055896700000000025e-03	1.296737999999999971e-03
7.581778568000000000e+09	2.814886899999999824e-03	1.669890700000000068e-03
7.581781068000000000e+09	2.330592900000000127e-03	7.918289000000000447e-04
7.581783568000000000e+09	2.903909000000000091e-03	1.740937099999999944e-03
7.581786068000000000e+09	2.854189899999999905e-03	1.696787499999999902e-03
7.581788568000000000e+09	2.647401199999999816e-03	9.795939000000000469e-04
7.581791068000000000e+09	1.917984300000000067e-03	1.884714499999999961e-03
7.581793568000000000e+09	2.607018600000000214e-03	1.376531100000000099e-03
7.581796068000000000e+09	2.166235099999999896e-03	1.188356900000000094e-03
7.581798568000000000e+09	2.863511000000000008e-03	1.401103099999999931e-03
7.581801068000000000e+09	2.217289700000000131e-03	9.857101999999999531e-04
7.581803568000000000e+09	2.122990899999999820e-03	7.119693000000000072e-04
7.581806068000000000e+09	3.038396400000000202e-03	4.925399000000000443e-04
7.581808568000000000e+09	2.733503300000000077e-03	1.388069000000000022e-03
7.581811068000000000e+09	2.835789699999999823e-03	1.441276000000000015e-03
7.581813568000000000e+09	2.522600700000000081e-03	1.228241300000000027e-03
7.581816068000000000e+09	3.198484599999999907e-03	2.018697600000000057e-03
7.581818568000000000e+09	2.929190800000000192e-03	1.221849899999999985e-03
7.581821068000000000e+09	2.693984700000000201e-03	8.257772000000000463e-04
7.581823568000000000e+09	2.697812400000000090e-03	1.921497199999999943e-03
7.581826068000000000e+09	3.169842200000000040e-03	1.262402799999999981e-03
7.581828568000000000e+09	2.100346800000000170e-03	1.486620099999999946e-03
7.581831068000000000e+09	2.717000600000000002e-03	1.015309500000000000e-03
7.581833568000000000e+09	2.439259100000000079e-03	7.423468000000000124e-04
7.581836068000000000e+09	2.470594100000000036e-03	1.136217199999999981e-03
7.581838568000000000e+09	2.805829200000000204e-03	8.161840999999999974e-04
7.581841068000000000e+09	3.155857599999999964e-03	1.226563200000000027e-03
7.581843568000000000e+09	2.410996199999999954e-03	1.060203700000000035e-03
7.581846068000000000e+09	2.789457700000000200e-03	4.585397999999999970e-04
7.581848568000000000e+09	2.275486299999999844e-03	1.303144499999999957e-03
7.581851068000000000e+09	3.036699600000000113e-03	1.596358700000000000e-03
7.581853568000000000e+09	2.576106900000000189e-03	1.613671799999999955e-03
7.581856068000000000e+09	3.125506899999999991e-03	3.626068000000000195e-04
7.581858568000000000e+09	3.261473300000000079e-03	3.603538999999999787e-04
7.581861068000000000e+09	2.535839600000000006e-03	1.400415899999999996e-03
7.581863568000000000e+09	2.781220699999999851e-03	1.486334400000000099e-03
7.581866068000000000e+09	2.166805500000000117e-03	9.024493000000000402e-04
7.581868568000000000e+09	2.303087699999999908e-03	1.384378599999999898e-03
7.581871068000000000e+09	3.092500099999999797e-03	1.378552899999999993e-03
7.581873568000000000e+09	2.716189500000000100e-03	7.605917000000000450e-04
7.581876068000000000e+09	2.933115500000000198e-03	1.653687000000000039e-03
7.581878568000000000e+09	3.497875499999999853e-03	1.254016400000000078e-03
7.581881068000000000e+09	3.192800799999999817e-03	7.790473000000000450e-04
7.581883568000000000e+09	2.584012399999999817e-03	5.689071999999999662e-04
7.581886068000000000e+09	2.701682200000000023e-03	1.036663900000000041e-03
7.581888568000000000e+09	3.088516700000000156e-03	6.173968999999999638e-04
7.581891068000000000e+09	2.943316899999999948e-03	9.578284000000000060e-04
7.581893568000000000e+09	3.278376799999999786e-03	1.139088199999999974e-03
7.581896068000000000e+09	2.847102199999999861e-03	1.187429700000000067e-03
7.581898568000000000e+09	2.533416799999999979e-03	1.210135100000000021e-03
7.581901068000000000e+09	2.360469999999999929e-03	3.623449999999999740e-04
7.581903568000000000e+09	2.491985999999999854e-03	1.235318299999999892e-03
7.581906068000000000e+09	2.684357400000000199e-03	1.604914700000000059e-03
7.581908568000000000e+09	2.805349999999999858e-03	8.993675000000000454e-04
7.581911068000000000e+09	2.578630299999999827e-03	1.041999500000000004e-03
7.581913568000000000e+09	2.975498000000000032e-03	1.335184600000000098e-03
7.581916068000000000e+09	2.619631299999999972e-03	3.430719000000000043e-04
7.581918568000000000e+09	2.678870399999999999e-03	1.383794200000000108e-03
7.581921068000000000e+09	2.663842500000000203e-03	3.610903999999999742e-04
7.581923568000000000e+09	2.806191899999999854e-03	1.262817100000000097e-03
7.581926068000000000e+09	2.350712200000000095e-03	8.407103999999999662e-04
7.581928568000000000e+09	2.359806900000000190e-03	1.168337900000000068e-03
7.581931068000000000e+09	2.292190899999999813e-03	5.658332000000000292e-04
7.581933568000000000e+09	2.572234899999999939e-03	1.212690800000000048e-03
7.581936068000000000e+09	2.685923099999999817e-03	1.257397300000000044e-03
7.581938568000000000e+09	2.609529299999999857e-03	1.009736399999999930e-03
7.581941068000000000e+09	2.280241000000000125e-03	1.415098199999999902e-03
7.581943568000000000e+09	2.731225099999999920e-03	1.161790900000000092e-03
7.581946068000000000e+09	3.060820200000000189e-03	9.080650000000000006e-04
7.581948568000000000e+09	2.760176599999999807e-03	9.147254000000000496e-04
7.581951068000000000e+09	3.035465399999999914e-03	1.097363199999999922e-03
7.581953568000000000e+09	2.897228899999999829e-03	1.174718200000000011e-03
7.581956068000000000e+09	3.145353899999999911e-03	1.106988799999999995e-03
7.581958568000000000e+09	2.470908600000000163e-03	7.527649999999999663e-04
7.581961068000000000e+09	2.834524499999999895e-03	1.021649400000000044e-03
7.581963568000000000e+09	2.503038799999999803e-03	9.769149000000000409e-04
7.581966068000000000e+09	2.713720499999999931e-03	1.180652599999999905e-03
7.581968568000000000e+09	3.269719700000000163e-03	9.021091000000000396e-04
7.581971068000000000e+09	2.261195499999999869e-03	1.165597900000000077e-03
7.581973568000000000e+09	3.158511900000000004e-03	1.513451199999999927e-03
7.581976068000000000e+09	3.135961200000000112e-03	7.678519000000000403e-04
7.581978568000000000e+09	2.762450899999999935e-03	1.600932499999999960e-03
7.581981068000000000e+09	2.726874299999999893e-03	7.964560999999999993e-04
7.581983568000000000e+09	2.997987100000000169e-03	9.995265000000001007e-04
7.581986068000000000e+09	3.569356699999999896e-03	7.624399999999999710e-04
7.581988568000000000e+09	2.674054400000000064e-03	8.605018000000000085e-04
7.581991068000000000e+09	2.599688499999999909e-03	7.371123000000000475e-04
7.581993568000000000e+09	2.676664699999999845e-03	1.351420500000000049e-03
7.581996068000000000e+09	2.645339699999999829e-03	2.055900999999999952e-04
7.581998568000000000e+09	2.879972699999999979e-03	1.512275599999999979e-03
7.582001068000000000e+09	3.040700800000000186e-03	9.101984000000000029e-04
7.582003568000000000e+09	2.465706399999999937e-03	9.613652000000000091e-04
7.582006068000000000e+09	2.810167000000000134e-03	7.079633000000000323e-04
7.582008568000000000e+09	2.115277200000000111e-03	1.040195899999999925e-03
7.582011068000000000e+09	3.138643799999999828e-03	1.116830099999999897e-03
7.582013568000000000e+09	2.815982099999999894e-03	1.149920999999999929e-03
7.582016068000000000e+09	2.816313899999999849e-03	7.741910999999999541e-04
7.582018568000000000e+09	3.055076099999999920e-03	5.966425999999999718e-04
7.582021068000000000e+09	2.100281199999999918e-03	1.139118300000000047e-03
7.582023568000000000e+09	2.502530599999999977e-03	1.673691300000000040e-03
7.582026068000000000e+09	2.810684400000000062e-03	9.866854000000000856e-04
7.582028568000000000e+09	2.960068699999999966e-03	1.186903700000000025e-03
7.582031068000000000e+09	2.572357300000000044e-03	3.774302000000000104e-04
7.582033568000000000e+09	3.156185100000000188e-03	6.351584999999999870e-04
7.582036068000000000e+09	3.266516399999999827e-03	1.067739999999999965e-03
7.582038568000000000e+09	2.663143499999999931e-03	6.204677000000000022e-04
7.582041068000000000e+09	2.360850099999999875e-03	8.883351000000000051e-04
7.582043568000000000e+09	2.508550400000000152e-03	1.262958700000000028e-03
7.582046068000000000e+09	2.870902199999999897e-03	7.396110000000000444e-04
7.582048568000000000e+09	2.840356599999999815e-03	5.644244000000000301e-04
7.582051068000000000e+09	3.096310000000000121e-03	9.696918000000000117e-04
7.582053568000000000e+09	2.406296400000000179e-03	1.046990000000000030e-03
7.582056068000000000e+09	2.929444299999999900e-03	1.133066999999999972e-03
7.582058568000000000e+09	2.991325500000000144e-03	7.025608000000000243e-04
7.582061068000000000e+09	2.136204100000000088e-03	-2.862429999999999968e-05
7.582063568000000000e+09	2.784879000000000087e-03	7.862747999999999482e-04
7.582066068000000000e+09	1.938264699999999894e-03	6.960789999999999469e-04
7.582068568000000000e+09	2.740746200000000136e-03	1.204846700000000107e-03
7.582071068000000000e+09	2.879034800000000206e-03	1.084695600000000091e-03
7.582073568000000000e+09	2.871752600000000190e-03	1.121162499999999937e-03
7.582076068000000000e+09	2.911245099999999839e-03	1.320525699999999933e-03
7.582078568000000000e+09	2.959111999999999854e-03	4.142993000000000196e-04
7.582081068000000000e+09	3.193386500000000051e-03	8.908263999999999723e-04
7.582083568000000000e+09	3.268916599999999954e-03	-2.826614999999999770e-04
7.582086068000000000e+09	2.612389299999999786e-03	2.492400999999999991e-04
7.582088568000000000e+09	2.881922199999999937e-03	7.053196000000000292e-04
7.582091068000000000e+09	3.065015400000000063e-03	7.638559000000000061e-04
7.582093568000000000e+09	2.904901000000000098e-03	9.329601999999999990e-04
7.582096068000000000e+09	2.922206799999999948e-03	2.210477999999999879e-04
7.582098568000000000e+09	2.979188499999999972e-03	9.466375000000000180e-04
7.582101068000000000e+09	2.598423299999999981e-03	1.555477999999999950e-04
7.582103568000000000e+09	2.690271000000000155e-03	1.161646699999999924e-03
7.582106068000000000e+09	2.508428300000000149e-03	5.235625999999999735e-04
7.582108568000000000e+09	3.283941700000000095e-03	9.863569999999999890e-04
7.582111068000000000e+09	2.727936099999999850e-03	8.416441000000000417e-04
7.582113568000000000e+09	2.459023700000000090e-03	1.069565900000000059e-03
7.582116068000000000e+09	2.355789100000000094e-03	6.454963999999999884e-04
7.582118568000000000e+09	2.482129899999999893e-03	1.624660800000000049e-03
7.582121068000000000e+09	2.894605800000000020e-03	2.719843000000000109e-04
7.582123568000000000e+09	2.966484000000000135e-03	4.505873999999999882e-04
7.582126068000000000e+09	2.991705800000000158e-03	1.048826299999999984e-03
7.582128568000000000e+09	2.243768499999999888e-03	5.889520000000000085e-04
7.582131068000000000e+09	2.866939199999999840e-03	6.024659000000000351e-04
7.582133568000000000e+09	2.917734899999999826e-03	1.143924200000000007e-03
7.582136068000000000e+09	2.266086699999999860e-03	5.877096000000000490e-04
7.582138568000000000e+09	2.271910299999999917e-03	7.383070000000000041e-04
7.582141068000000000e+09	2.872760199999999878e-03	7.012023999999999731e-04
7.582143568000000000e+09	2.924002599999999969e-03	1.756215999999999897e-03
7.582146068000000000e+09	3.701620999999999991e-03	4.813829000000000155e-04
7.582148568000000000e+09	2.638524599999999935e-03	7.914989000000000529e-04
7.582151068000000000e+09	2.848757400000000075e-03	2.615342000000000209e-04
7.582153568000000000e+09	2.808501000000000140e-03	4.163729000000000128e-04
7.582156068000000000e+09	3.195714100000000141e-03	4.086267000000000089e-04
7.582158568000000000e+09	3.023851399999999846e-03	6.097378000000000086e-04
7.582161068000000000e+09	3.113498900000000007e-03	5.854869999999999731e-05
7.582163568000000000e+09	2.913190999999999871e-03	1.193716800000000104e-03
7.582166068000000000e+09	2.644258200000000093e-03	3.549102999999999958e-04
7.582168568000000000e+09	2.954851100000000126e-03	1.450423200000000015e-03
7.582171068000000000e+09	2.672377300000000188e-03	6.620474999999999798e-04
7.582173568000000000e+09	3.032765900000000073e-03	1.060642899999999968e-03
7.582176068000000000e+09	3.297351999999999922e-03	8.271730999999999832e-04
7.582178568000000000e+09	2.830820500000000121e-03	4.038040000000000119e-04
7.582181068000000000e+09	2.715523999999999976e-03	6.542250999999999579e-04
7.582183568000000000e+09	2.426779699999999807e-03	8.041094999999999623e-04
7.582186068000000000e+09	3.130669699999999792e-03	-1.395200999999999993e-04
7.582188568000000000e+09	3.251862199999999963e-03	3.939774000000000271e-04
7.582191068000000000e+09	2.915222400000000002e-03	1.056445000000000013e-04
7.582193568000000000e+09	3.028699399999999851e-03	3.931604999999999909e-04
7.582196068000000000e+09	3.108618899999999931e-03	4.114950000000000031e-04
7.582198568000000000e+09	2.693470199999999960e-03	5.613429999999999549e-04
7.582201068000000000e+09	3.032593499999999831e-03	2.666297999999999997e-04
7.582203568000000000e+09	2.956216399999999928e-03	5.784197999999999944e-04
7.582206068000000000e+09	2.325817999999999896e-03	1.465018000000000006e-04
7.582208568000000000e+09	2.232288499999999978e-03	8.267576000000000005e-04
7.582211068000000000e+09	3.283469299999999900e-03	5.998305999999999690e-04
7.582213568000000000e+09	2.802987600000000044e-03	6.483346999999999982e-04
7.582216068000000000e+09	2.527316300000000040e-03	6.054689999999999725e-04
7.582218568000000000e+09	2.167674899999999950e-03	7.736274999999999923e-04
7.582221068000000000e+09	2.462331999999999802e-03	1.126410399999999918e-03
7.582223568000000000e+09	2.667246399999999990e-03	3.860138999999999736e-04
7.582226068000000000e+09	2.878692600000000174e-03	4.490764999999999753e-04
7.582228568000000000e+09	2.273282599999999938e-03	3.720670999999999939e-04
7.582231068000000000e+09	2.785146999999999970e-03	9.290334000000000352e-04
7.582233568000000000e+09	3.203232299999999970e-03	8.768860000000000066e-04
7.582236068000000000e+09	3.606683199999999919e-03	5.024238999999999788e-04
7.582238568000000000e+09	3.684395500000000202e-03	-6.780869999999999335e-05
7.582241068000000000e+09	2.901130500000000199e-03	2.502164000000000189e-04
7.582243568000000000e+09	2.464536900000000117e-03	7.443779999999999668e-04
7.582246068000000000e+09	2.420808200000000056e-03	2.477094999999999905e-04
7.582248568000000000e+09	2.911859399999999851e-03	9.211093000000000275e-04
7.582251068000000000e+09	2.075516700000000145e-03	6.927513000000000160e-04
7.582253568000000000e+09	2.982271099999999914e-03	6.654871000000000137e-04
7.582256068000000000e+09	2.916287799999999885e-03	2.872543999999999987e-04
7.582258568000000000e+09	3.004292999999999894e-03	6.691737000000000336e-04
7.582261068000000000e+09	2.830377700000000045e-03	2.620394999999999973e-04
7.582263568000000000e+09	3.073976600000000170e-03	4.297012000000000119e-04
7.582266068000000000e+09	3.098605800000000209e-03	1.696629999999999916e-04
7.582268568000000000e+09	2.538498399999999846e-03	4.247928999999999898e-04
7.582271068000000000e+09	3.541634100000000136e-03	5.048958999999999782e-04
7.582273568000000000e+09	3.344916600000000066e-03	4.436148000000000001e-04
7.582276068000000000e+09	3.502591499999999948e-03	8.866940000000000455e-04
7.582278568000000000e+09	2.865537400000000168e-03	7.363715999999999751e-04
7.582281068000000000e+09	2.466326899999999895e-03	4.704252000000000238e-04
7.582283568000000000e+09	2.536632100000000070e-03	6.344550999999999490e-04
7.582286068000000000e+09	3.587371199999999857e-03	-5.776679999999999722e-05
7.582288568000000000e+09	2.359196000000000036e-03	3.435048000000000116e-04
7.582291068000000000e+09	2.746265099999999938e-03	7.675288000000000162e-04
7.582293568000000000e+09	3.399151300000000098e-03	6.578686000000000256e-04
7.582296068000000000e+09	2.714441199999999797e-03	9.991272999999999301e-04
7.582298568000000000e+09	2.654164899999999962e-03	1.753489999999999910e-04
7.582301068000000000e+09	3.060156100000000108e-03	5.145621000000000179e-04
7.582303568000000000e+09	2.401907500000000171e-03	5.074866000000000143e-04
7.582306068000000000e+09	2.730795600000000042e-03	1.162697999999999960e-04
7.582308568000000000e+09	3.178857700000000015e-03	-2.449854000000000007e-04
7.582311068000000000e+09	2.741240399999999959e-03	1.095727300000000001e-03
7.582313568000000000e+09	2.999859599999999890e-03	5.842673999999999958e-04
7.582316068000000000e+09	2.649897200000000085e-03	1.317555999999999892e-04
7.582318568000000000e+09	2.686012299999999877e-03	1.602344000000000121e-04
7.582321068000000000e+09	3.040685100000000037e-03	5.571808999999999833e-04
7.582323568000000000e+09	3.141730499999999867e-03	5.068788999999999760e-04
7.582326068000000000e+09	3.141775399999999999e-03	3.943899000000000168e-04
7.582328568000000000e+09	2.451325600000000063e-03	-3.738206999999999901e-04
7.582331068000000000e+09	2.781403000000000000e-03	9.263026000000000376e-04
7.582333568000000000e+09	2.830291600000000175e-03	5.661310000000000181e-05
7.582336068000000000e+09	2.613785899999999853e-03	6.454426999999999994e-04
7.582338568000000000e+09	2.657186499999999920e-03	1.539942000000000036e-04
7.582341068000000000e+09	3.323718900000000118e-03	-3.418184999999999800e-04
7.582343568000000000e+09	3.085348099999999944e-03	1.076820000000000034e-04
7.582346068000000000e+09	2.756614000000000113e-03	5.820530000000000327e-05
7.582348568000000000e+09	3.273656900000000095e-03	7.160060000000000426e-04
7.582351068000000000e+09	2.624745899999999816e-03	-3.849723000000000207e-04
7.582353568000000000e+09	2.499098200000000013e-03	-3.424955000000000143e-04
7.582356068000000000e+09	2.300086700000000036e-03	2.313383999999999872e-04
7.582358568000000000e+09	2.759641299999999846e-03	-3.824489999999999699e-05
7.582361068000000000e+09	2.641098200000000212e-03	2.734899999999999853e-05
7.582363568000000000e+09	2.459396700000000217e-03	3.414054000000000025e-04
7.582366068000000000e+09	2.764308999999999950e-03	3.407783000000000166e-04
7.582368568000000000e+09	2.882558700000000147e-03	2.657715999999999746e-04
7.582371068000000000e+09	2.929024699999999929e-03	2.357318999999999918e-04
7.582373568000000000e+09	3.261832899999999973e-03	2.118497000000000056e-04
7.582376068000000000e+09	2.158038699999999949e-03	2.920096000000000172e-04
7.582378568000000000e+09	2.574874400000000136e-03	8.347343999999999814e-04
7.582381068000000000e+09	2.550053799999999881e-03	4.394755999999999771e-04
7.582383568000000000e+09	3.070639899999999881e-03	3.796262000000000009e-04
7.582386068000000000e+09	2.651376100000000027e-03	2.446627000000000047e-04
7.582388568000000000e+09	3.178903600000000055e-03	7.567271999999999671e-04
7.582391068000000000e+09	2.512966900000000031e-03	4.856087000000000251e-04
7.582393568000000000e+09	3.126766600000000212e-03	3.846834999999999838e-04
7.582396068000000000e+09	2.955435199999999814e-03	2.017019999999999875e-05
7.582398568000000000e+09	2.951923799999999799e-03	6.899790999999999954e-04
7.582401068000000000e+09	2.386950300000000198e-03	-2.768493000000000126e-04
7.582403568000000000e+09	3.024655499999999962e-03	3.395111999999999826e-04
7.582406068000000000e+09	2.446151699999999946e-03	3.863755000000000076e-04
7.582408568000000000e+09	2.134421000000000061e-03	-6.510444999999999904e-04
7.582411068000000000e+09	2.829868499999999877e-03	3.015652999999999975e-04
7.582413568000000000e+09	2.283379900000000184e-03	4.713220000000000251e-05
7.582416068000000000e+09	2.346815700000000164e-03	8.173009999999999867e-05
7.582418568000000000e+09	3.599202399999999833e-03	-6.453754000000000348e-04
7.582421068000000000e+09	3.728555699999999955e-03	-5.640469999999999886e-05
7.582423568000000000e+09	2.559070899999999968e-03	-1.858809999999999911e-05
7.582426068000000000e+09	2.627545800000000067e-03	1.445898999999999893e-04
7.582428568000000000e+09	2.662327899999999796e-03	3.983475000000000210e-04
7.582431068000000000e+09	3.412876100000000051e-03	1.740159999999999954e-05
7.582433568000000000e+09	3.022549399999999945e-03	-6.336828999999999769e-04
7.582436068000000000e+09	2.961018599999999928e-03	-1.936259000000000125e-04
7.582438568000000000e+09	3.344085899999999986e-03	5.182359000000000097e-04
7.582441068000000000e+09	2.608371500000000124e-03	1.538417999999999947e-04
7.582443568000000000e+09	3.236111299999999951e-03	3.963979999999999950e-05
7.582446068000000000e+09	3.058884699999999800e-03	1.902624999999999965e-04
7.582448568000000000e+09	2.420222599999999856e-03	2.173491999999999959e-04
7.582451068000000000e+09	2.564790700000000191e-03	6.101426000000000288e-04
7.582453568000000000e+09	3.260346500000000074e-03	-3.822500000000000078e-05
7.582456068000000000e+09	2.548853399999999932e-03	4.246097000000000217e-04
7.582458568000000000e+09	2.671251400000000057e-03	-2.963614000000000049e-04
7.582461068000000000e+09	2.380733700000000133e-03	7.414130000000000113e-04
7.582463568000000000e+09	3.131128200000000018e-03	7.351059999999999376e-05
7.582466068000000000e+09	2.703704500000000087e-03	-2.199563999999999935e-04
7.582468568000000000e+09	3.087169600000000055e-03	4.102399999999999889e-06
7.582471068000000000e+09	2.600383700000000187e-03	6.246889999999999409e-05
7.582473568000000000e+09	3.059086899999999797e-03	-1.011890000000000065e-05
7.582476068000000000e+09	3.116359500000000140e-03	-3.435226999999999899e-04
7.582478568000000000e+09	2.285019200000000181e-03	-5.698721999999999815e-04
7.582481068000000000e+09	2.595325999999999796e-03	8.391479999999999827e-05
7.582483568000000000e+09	2.559846199999999804e-03	4.129997999999999959e-04
7.582486068000000000e+09	2.907028700000000108e-03	5.161650000000000293e-05
7.582488568000000000e+09	3.086584399999999992e-03	4.524209999999999836e-05
7.582491068000000000e+09	2.746772499999999926e-03	4.494820000000000174e-04
7.582493568000000000e+09	2.183382000000000205e-03	-2.299404999999999917e-04
7.582496068000000000e+09	2.636707399999999989e-03	1.631383000000000030e-04
7.582498568000000000e+09	2.984767199999999784e-03	1.296172999999999965e-04
7.582501068000000000e+09	2.283873000000000066e-03	1.136565000000000052e-04
7.582503568000000000e+09	3.263599399999999977e-03	2.751869999999999794e-04
7.582506068000000000e+09	2.750188299999999867e-03	3.472249999999999832e-05
7.582508568000000000e+09	2.602038499999999831e-03	-2.842017999999999866e-04
7.582511068000000000e+09	2.503485100000000206e-03	9.463090000000000228e-05
7.582513568000000000e+09	2.987397100000000177e-03	-4.109043999999999956e-04
7.582516068000000000e+09	2.791380300000000092e-03	-4.799730000000000207e-04
7.582518568000000000e+09	2.466065300000000026e-03	-2.971377999999999997e-04
7.582521068000000000e+09	3.385197300000000048e-03	3.489593000000000252e-04
7.582523568000000000e+09	2.648052399999999834e-03	4.165379999999999750e-05
7.582526068000000000e+09	3.514686999999999846e-03	-5.851730000000000299e-04
7.582528568000000000e+09	2.479224800000000197e-03	-2.890856999999999823e-04
7.582531068000000000e+09	2.142090399999999843e-03	2.149114000000000037e-04
7.582533568000000000e+09	2.466929599999999854e-03	2.735211999999999995e-04
7.582536068000000000e+09	2.951497100000000009e-03	-3.777898999999999927e-04
7.582538568000000000e+09	2.770691500000000210e-03	1.298074999999999934e-04
7.582541068000000000e+09	3.305982700000000083e-03	1.691301000000000089e-04
7.582543568000000000e+09	3.225460199999999941e-03	-2.179147000000000093e-04
7.582546068000000000e+09	2.398496500000000132e-03	-5.385289000000000135e-04
7.582548568000000000e+09	3.073414699999999812e-03	-8.191170000000000384e-05
7.582551068000000000e+09	2.130729699999999848e-03	-8.245744000000000381e-04
7.582553568000000000e+09	2.886480800000000135e-03	-6.704226999999999669e-04
7.582556068000000000e+09	2.926297899999999886e-03	-6.354594000000000301e-04
7.582558568000000000e+09	3.295742200000000011e-03	-2.342199999999999903e-04
7.582561068000000000e+09	3.091259600000000052e-03	-6.252429999999999360e-05
7.582563568000000000e+09	2.630692699999999818e-03	-6.144113000000000309e-04
7.582566068000000000e+09	2.581289200000000134e-03	1.154074000000000023e-04
7.582568568000000000e+09	3.142077599999999835e-03	-1.230497999999999954e-04
7.582571068000000000e+09	2.956514999999999838e-03	-3.022639000000000250e-04
7.582573568000000000e+09	3.124741099999999924e-03	-8.493189999999999637e-04
7.582576068000000000e+09	2.719481000000000155e-03	-3.019628000000000221e-04
7.582578568000000000e+09	3.162382200000000108e-03	-5.618166000000000175e-04
7.582581068000000000e+09	3.239936499999999855e-03	-9.761329999999999595e-05
7.582583568000000000e+09	2.601061100000000032e-03	1.581559000000000014e-04
7.582586068000000000e+09	2.698322600000000165e-03	-4.429136999999999874e-04
7.582588568000000000e+09	2.635876300000000207e-03	-6.356529999999999939e-05
7.582591068000000000e+09	2.587743899999999861e-03	-3.449085999999999862e-04
7.582593568000000000e+09	2.959247400000000056e-03	-6.616045000000000519e-04
7.582596068000000000e+09	2.645012100000000005e-03	-5.525878999999999817e-04
7.582598568000000000e+09	2.454952199999999897e-03	-2.161982000000000064e-04
7.582601068000000000e+09	2.877605300000000196e-03	-2.292057999999999867e-04
7.582603568000000000e+09	2.541957100000000105e-03	-1.090410800000000046e-03
7.582606068000000000e+09	3.435428899999999793e-03	-4.788099999999999778e-05
7.582608568000000000e+09	2.650835700000000062e-03	-3.990560999999999891e-04
7.582611068000000000e+09	2.992435999999999794e-03	-4.621205000000000083e-04
7.582613568000000000e+09	2.257759700000000046e-03	-2.628398999999999905e-04
7.582616068000000000e+09	2.643692899999999877e-03	-5.558152999999999705e-04
7.582618568000000000e+09	2.850735599999999845e-03	-5.776607999999999700e-04
7.582621068000000000e+09	3.190298700000000071e-03	1.639761999999999904e-04
7.582623568000000000e+09	2.728936500000000119e-03	-5.725152999999999969e-04
7.582626068000000000e+09	3.075333999999999880e-03	3.953570000000000164e-05
7.582628568000000000e+09	3.452004199999999905e-03	-2.453905999999999948e-04
7.582631068000000000e+09	2.322539700000000006e-03	-5.603853999999999693e-04
7.582633568000000000e+09	3.306907799999999828e-03	5.620790000000000101e-05
7.582636068000000000e+09	3.021666000000000109e-03	-2.298482999999999928e-04
7.582638568000000000e+09	2.575768100000000015e-03	-7.467564000000000320e-04
7.582641068000000000e+09	3.027525499999999831e-03	-6.180844000000000008e-04
7.582643568000000000e+09	2.994937500000000204e-03	-7.428393000000000149e-04
7.582646068000000000e+09	2.527687700000000055e-03	-8.063529999999999689e-05
7.582648568000000000e+09	3.108315600000000154e-03	-8.723665999999999495e-04
7.582651068000000000e+09	2.937471399999999795e-03	-4.760634000000000133e-04
7.582653568000000000e+09	3.041054000000000066e-03	-1.103794300000000058e-03
7.582656068000000000e+09	2.472759100000000189e-03	5.117899999999999738e-06
7.582658568000000000e+09	2.329867800000000062e-03	-6.585144000000000457e-04
7.582661068000000000e+09	2.422007800000000165e-03	-5.309228000000000254e-04
7.582663568000000000e+09	2.646352600000000024e-03	-5.876838999999999587e-04
7.582666068000000000e+09	3.075468500000000209e-03	-6.212295000000000057e-04
7.582668568000000000e+09	3.155677099999999995e-03	-7.946637999999999792e-04
7.582671068000000000e+09	2.489616899999999924e-03	-3.691238999999999913e-04
7.582673568000000000e+09	2.647192500000000205e-03	-2.730354000000000049e-04
7.582676068000000000e+09	2.625033200000000209e-03	-4.277166999999999905e-04
7.582678568000000000e+09	2.923418899999999983e-03	-4.142055999999999971e-04
7.582681068000000000e+09	2.695983999999999794e-03	-2.955478000000000098e-04
7.582683568000000000e+09	2.763863799999999923e-03	4.064440000000000002e-04
7.582686068000000000e+09	2.881372799999999939e-03	-5.419160000000000340e-04
7.582688568000000000e+09	2.909157900000000196e-03	-1.594911500000000025e-03
7.582691068000000000e+09	2.349525299999999980e-03	-6.248223000000000232e-04
7.582693568000000000e+09	2.763748199999999967e-03	-1.042232699999999946e-03
7.582696068000000000e+09	2.973055499999999792e-03	2.130339999999999936e-04
7.582698568000000000e+09	3.102006400000000171e-03	-4.500417000000000046e-04
7.582701068000000000e+09	2.876619400000000101e-03	-5.704574000000000450e-04
7.582703568000000000e+09	2.528533099999999943e-03	-5.237370999999999563e-04
7.582706068000000000e+09	2.939016799999999863e-03	-8.687280999999999606e-04
7.582708568000000000e+09	2.432186099999999844e-03	-8.599915000000000077e-04
7.582711068000000000e+09	3.448038699999999863e-03	-5.882532000000000212e-04
7.582713568000000000e+09	2.833671299999999948e-03	-1.936840999999999910e-04
7.582716068000000000e+09	2.341560999999999816e-03	-1.172590000000000047e-03
7.582718568000000000e+09	2.518939899999999860e-03	-5.982716999999999593e-04
7.582721068000000000e+09	2.874358000000000034e-03	-3.759416000000000125e-04
7.582723568000000000e+09	2.890063200000000075e-03	-8.921588000000000478e-04
7.582726068000000000e+09	2.484338999999999905e-03	-7.626423000000000013e-04
7.582728568000000000e+09	2.657137600000000158e-03	-7.409356999999999879e-04
7.582731068000000000e+09	2.517864700000000105e-03	-2.133207999999999990e-04
7.582733568000000000e+09	2.862053900000000126e-03	-1.189828800000000035e-03
7.582736068000000000e+09	2.679159600000000172e-03	-3.594226000000000170e-04
7.582738568000000000e+09	2.394959099999999924e-03	-8.745661999999999750e-04
7.582741068000000000e+09	3.524280500000000031e-03	-9.581271999999999836e-04
7.582743568000000000e+09	2.148534100000000155e-03	-1.079296200000000056e-03
7.582746068000000000e+09	2.210643200000000051e-03	-1.764880900000000011e-03
7.582748568000000000e+09	3.111876799999999804e-03	-1.352218400000000003e-03
7.582751068000000000e+09	2.772560800000000141e-03	-5.860016000000000443e-04
7.582753568000000000e+09	2.310076600000000088e-03	-7.167554999999999716e-04
7.582756068000000000e+09	3.023654099999999786e-03	-3.736122000000000141e-04
7.582758568000000000e+09	2.387600100000000173e-03	-1.304830299999999981e-03
7.582761068000000000e+09	3.460257000000000003e-03	-1.268459100000000027e-03
7.582763568000000000e+09	2.799182999999999793e-03	-1.035464000000000019e-04
7.582766068000000000e+09	2.758561000000000086e-03	-7.495944000000000478e-04
7.582768568000000000e+09	2.644967199999999873e-03	-6.112245000000000091e-04
7.582771068000000000e+09	2.283498599999999896e-03	-9.853180000000000011e-04
7.582773568000000000e+09	2.139365199999999911e-03	-5.034904000000000202e-04
7.582776068000000000e+09	2.804203800000000177e-03	-4.652476999999999806e-04
7.582778568000000000e+09	2.878868200000000207e-03	-1.173587399999999944e-03
7.582781068000000000e+09	2.401006499999999971e-03	-1.327167499999999927e-03
7.582783568000000000e+09	2.687257299999999856e-03	-1.418091399999999933e-03
7.582786068000000000e+09	2.317233599999999911e-03	-1.453428299999999984e-03
7.582788568000000000e+09	3.106878799999999823e-03	-1.467098700000000035e-03
7.582791068000000000e+09	2.702039500000000000e-03	-8.293534000000000409e-04
7.582793568000000000e+09	2.869834300000000029e-03	-1.175206999999999944e-03
7.582796068000000000e+09	2.231144899999999882e-03	-8.294088999999999932e-04
7.582798568000000000e+09	2.623012499999999823e-03	-4.809397000000000194e-04
7.582801068000000000e+09	3.049718199999999942e-03	-1.332204200000000095e-03
7.582803568000000000e+09	2.099296699999999866e-03	-9.750304999999999476e-04
7.582806068000000000e+09	2.741155900000000201e-03	-7.684267000000000267e-04
7.582808568000000000e+09	2.654208899999999788e-03	-1.002864999999999920e-03
7.582811068000000000e+09	2.873907000000000198e-03	-1.347987599999999914e-03
7.582813568000000000e+09	3.051508300000000187e-03	-6.807938000000000140e-04
7.582816068000000000e+09	2.434989800000000090e-03	-9.135162999999999530e-04
7.582818568000000000e+09	2.381961599999999919e-03	-1.399782600000000011e-03
7.582821068000000000e+09	2.896637699999999888e-03	-1.049157399999999917e-03
7.582823568000000000e+09	2.466005700000000085e-03	-1.533925300000000104e-03
7.582826068000000000e+09	2.752492699999999851e-03	-5.783397000000000017e-04
7.582828568000000000e+09	2.117022499999999825e-03	-1.268826499999999979e-03
7.582831068000000000e+09	2.326692100000000030e-03	-9.205457999999999913e-04
7.582833568000000000e+09	2.757663400000000178e-03	-1.002195200000000064e-03
7.582836068000000000e+09	2.500043899999999843e-03	-7.070902999999999477e-04
7.582838568000000000e+09	2.702539299999999999e-03	-9.513905000000000452e-04
7.582841068000000000e+09	2.272915400000000054e-03	-1.157171700000000046e-03
7.582843568000000000e+09	2.964492400000000132e-03	-8.068462000000000203e-04
7.582846068000000000e+09	1.740168100000000087e-03	-1.161955799999999945e-03
7.582848568000000000e+09	2.976040499999999846e-03	-5.518974000000000059e-04
7.582851068000000000e+09	1.719646000000000022e-03	-1.655567599999999921e-03
7.582853568000000000e+09	2.273488100000000192e-03	-1.006069399999999980e-03
7.582856068000000000e+09	2.955389300000000209e-03	-7.359169999999999948e-04
7.582858568000000000e+09	2.090383700000000150e-03	-7.296193000000000296e-04
7.582861068000000000e+09	2.030193300000000117e-03	-6.948170000000000257e-04
7.582863568000000000e+09	1.913927499999999900e-03	-7.607808000000000192e-04
7.582866068000000000e+09	2.165697900000000155e-03	-1.251816300000000099e-03
7.582868568000000000e+09	2.793084500000000102e-03	-1.812732799999999898e-03
7.582871068000000000e+09	2.685779599999999889e-03	-1.243015999999999999e-03
7.582873568000000000e+09	2.782351100000000216e-03	-7.846844999999999645e-04
7.582876068000000000e+09	2.260076299999999854e-03	-1.184418800000000072e-03
7.582878568000000000e+09	2.403257800000000062e-03	-8.243852000000000298e-04
7.582881068000000000e+09	2.343641200000000108e-03	-1.404669400000000019e-03
7.582883568000000000e+09	1.912338300000000074e-03	-1.244740399999999959e-03
7.582886068000000000e+09	2.425302399999999976e-03	-1.294046299999999971e-03
7.582888568000000000e+09	2.514170799999999872e-03	-1.092361899999999900e-03
7.582891068000000000e+09	2.532001900000000177e-03	-1.622023700000000020e-03
7.582893568000000000e+09	2.764449400000000123e-03	-2.029558500000000053e-03
7.582896068000000000e+09	2.130443599999999865e-03	-1.630904000000000078e-03
7.582898568000000000e+09	1.988393199999999826e-03	-1.361152000000000022e-03
7.582901068000000000e+09	1.899732699999999918e-03	-1.485600500000000069e-03
7.582903568000000000e+09	2.051510299999999981e-03	-1.849319699999999898e-03
7.582906068000000000e+09	1.806732500000000083e-03	-1.134415200000000014e-03
7.582908568000000000e+09	2.808972900000000165e-03	-9.385157999999999565e-04
7.582911068000000000e+09	2.209710799999999985e-03	-1.535684500000000004e-03
7.582913568000000000e+09	1.962185500000000141e-03	-1.641007500000000053e-03
7.582916068000000000e+09	1.997272599999999794e-03	-1.563358500000000106e-03
7.582918568000000000e+09	1.779495500000000032e-03	-1.589910599999999922e-03
7.582921068000000000e+09	1.673699100000000098e-03	-1.502810399999999959e-03
7.582923568000000000e+09	1.860774200000000003e-03	-2.237695799999999888e-03
7.582926068000000000e+09	2.454938299999999927e-03	-1.139016600000000061e-03
7.582928568000000000e+09	1.760446599999999917e-03	-1.152634000000000037e-03
7.582931068000000000e+09	2.597577199999999854e-03	-2.038939300000000131e-03
7.582933568000000000e+09	2.418122699999999785e-03	-1.333048600000000077e-03
7.582936068000000000e+09	2.471796100000000097e-03	-1.861043499999999896e-03
7.582938568000000000e+09	2.290682400000000184e-03	-9.489241000000000039e-04
7.582941068000000000e+09	2.040096400000000060e-03	-1.125556399999999915e-03
7.582943568000000000e+09	1.841757600000000061e-03	-1.135937299999999943e-03
7.582946068000000000e+09	1.818668299999999950e-03	-1.352114699999999985e-03
7.582948568000000000e+09	2.466561099999999961e-03	-1.353713899999999968e-03
7.582951068000000000e+09	1.960628099999999884e-03	-1.401246699999999894e-03
7.582953568000000000e+09	2.680400600000000088e-03	-1.307684799999999986e-03
7.582956068000000000e+09	1.904373300000000106e-03	-1.480052400000000067e-03
7.582958568000000000e+09	1.772758300000000032e-03	-1.699220399999999903e-03
7.582961068000000000e+09	1.927343399999999901e-03	-1.758367700000000068e-03
7.582963568000000000e+09	2.195205799999999825e-03	-1.310461099999999995e-03
7.582966068000000000e+09	1.860761600000000043e-03	-1.091471699999999913e-03
7.582968568000000000e+09	2.057225000000000199e-03	-1.572170599999999892e-03
7.582971068000000000e+09	1.333363499999999906e-03	-1.234374199999999956e-03
7.582973568000000000e+09	1.451349599999999986e-03	-7.965726999999999704e-04
7.582976068000000000e+09	2.366207799999999785e-03	-1.722796400000000099e-03
7.582978568000000000e+09	1.573009100000000030e-03	-1.220867899999999919e-03
7.582981068000000000e+09	2.151535899999999866e-03	-8.556345000000000357e-04
7.582983568000000000e+09	1.955196800000000030e-03	-8.472307000000000535e-04
7.582986068000000000e+09	1.493061800000000010e-03	-1.389531999999999963e-03
7.582988568000000000e+09	1.817158900000000014e-03	-6.657813999999999746e-04
7.582991068000000000e+09	1.334385100000000032e-03	-1.474608999999999989e-03
7.582993568000000000e+09	1.996139300000000175e-03	-1.591841999999999997e-03
7.582996068000000000e+09	1.836590599999999912e-03	-1.894963599999999930e-03
7.582998568000000000e+09	1.408442200000000052e-03	-1.458536199999999929e-03
7.583001068000000000e+09	1.935681799999999916e-03	-1.103048799999999975e-03
7.583003568000000000e+09	2.071380399999999972e-03	-1.201288599999999996e-03
7.583006068000000000e+09	2.181489600000000202e-03	-1.185579399999999893e-03
7.583008568000000000e+09	1.587249399999999915e-03	-1.187693700000000104e-03
7.583011068000000000e+09	1.719785900000000024e-03	-1.263186500000000080e-03
7.583013568000000000e+09	1.474427799999999998e-03	-1.780792499999999962e-03
7.583016068000000000e+09	1.685464399999999936e-03	-2.120981999999999989e-03
7.583018568000000000e+09	1.935521900000000033e-03	-9.625322999999999865e-04
7.583021068000000000e+09	1.800622200000000055e-03	-2.058852400000000041e-03
7.583023568000000000e+09	1.941422799999999995e-03	-1.731092700000000069e-03
7.583026068000000000e+09	1.924190699999999907e-03	-1.324561599999999912e-03
7.583028568000000000e+09	1.899169700000000053e-03	-1.337476399999999906e-03
7.583031068000000000e+09	2.010139900000000070e-03	-1.953615699999999931e-03
7.583033568000000000e+09	1.993984900000000168e-03	-1.095529000000000034e-03
7.583036068000000000e+09	1.403672699999999928e-03	-1.771191899999999958e-03
7.583038568000000000e+09	1.251513500000000058e-03	-1.766603100000000088e-03
7.583041068000000000e+09	1.627160699999999913e-03	-1.376623599999999984e-03
7.583043568000000000e+09	1.581596900000000090e-03	-1.085762500000000052e-03
7.583046068000000000e+09	1.196129499999999939e-03	-1.690020300000000079e-03
7.583048568000000000e+09	1.810364100000000104e-03	-1.956755000000000126e-03
7.583051068000000000e+09	1.746670199999999932e-03	-1.480167099999999932e-03
7.583053568000000000e+09	1.538919799999999977e-03	-1.217281099999999996e-03
7.583056068000000000e+09	1.600776599999999923e-03	-1.550230299999999983e-03
7.583058568000000000e+09	1.102405500000000049e-03	-1.474475999999999955e-03
7.583061068000000000e+09	2.560086300000000148e-03	-1.452896699999999984e-03
7.583063568000000000e+09	1.120994499999999894e-03	-1.354763099999999965e-03
7.583066068000000000e+09	1.387271600000000021e-03	-1.285747899999999935e-03
7.583068568000000000e+09	2.317621100000000212e-03	-1.477193300000000011e-03
7.583071068000000000e+09	1.075399400000000023e-03	-2.043197300000000171e-03
7.583073568000000000e+09	1.543385900000000073e-03	-1.295720300000000090e-03
7.583076068000000000e+09	8.017601000000000285e-04	-1.559774500000000053e-03
7.583078568000000000e+09	9.457155999999999549e-04	-1.250377900000000089e-03
7.583081068000000000e+09	1.676073699999999951e-03	-1.550033799999999979e-03
7.583083568000000000e+09	1.070582600000000032e-03	-1.192882799999999983e-03
7.583086068000000000e+09	1.109004800000000079e-03	-1.667137499999999913e-03
7.583088568000000000e+09	1.356792799999999950e-03	-1.700125000000000030e-03
7.583091068000000000e+09	1.509844900000000077e-03	-1.816988899999999940e-03
7.583093568000000000e+09	1.131683299999999967e-03	-1.819171799999999908e-03
7.583096068000000000e+09	1.305887500000000104e-03	-1.892236100000000082e-03
7.583098568000000000e+09	9.679913999999999966e-04	-1.509247499999999973e-03
7.583101068000000000e+09	1.709883500000000103e-03	-1.223370899999999973e-03
7.583103568000000000e+09	1.899333599999999999e-03	-1.895360700000000035e-03
7.583106068000000000e+09	1.562018799999999926e-03	-1.975655900000000079e-03
7.583108568000000000e+09	1.395652600000000035e-03	-1.154963400000000090e-03
7.583111068000000000e+09	1.255489999999999948e-03	-1.056580199999999957e-03
7.583113568000000000e+09	1.457095299999999934e-03	-1.243762700000000058e-03
7.583116068000000000e+09	1.189037200000000061e-03	-2.115033200000000172e-03
7.583118568000000000e+09	1.787440900000000039e-03	-1.978291000000000077e-03
7.583121068000000000e+09	9.354892999999999542e-04	-1.571155299999999963e-03
7.583123568000000000e+09	1.345756600000000023e-03	-1.382299700000000050e-03
7.583126068000000000e+09	1.353709100000000066e-03	-1.316743800000000049e-03
7.583128568000000000e+09	1.081890600000000053e-03	-1.091190699999999934e-03
7.583131068000000000e+09	2.318799299999999963e-03	-1.940021000000000106e-03
7.583133568000000000e+09	1.297878699999999944e-03	-1.984715399999999880e-03
7.583136068000000000e+09	8.837441000000000350e-04	-1.804292799999999931e-03
7.583138568000000000e+09	1.237874099999999953e-03	-1.622870399999999918e-03
7.583141068000000000e+09	1.015946599999999981e-03	-1.657729900000000020e-03
7.583143568000000000e+09	4.442701999999999871e-04	-1.422254599999999954e-03
7.583146068000000000e+09	7.944431999999999969e-04	-1.361582600000000058e-03
7.583148568000000000e+09	3.880406999999999997e-04	-1.663383199999999900e-03
7.583151068000000000e+09	6.924690999999999529e-04	-1.736906700000000105e-03
7.583153568000000000e+09	7.590904000000000531e-04	-1.838724599999999902e-03
7.583156068000000000e+09	1.627864900000000007e-03	-1.363374799999999935e-03
7.583158568000000000e+09	1.393892600000000079e-03	-1.269807100000000001e-03
7.583161068000000000e+09	5.713056000000000210e-04	-7.113179000000000290e-04
7.583163568000000000e+09	8.247306999999999945e-04	-1.433151599999999901e-03
7.583166068000000000e+09	1.140017099999999931e-03	-1.440605300000000069e-03
7.583168568000000000e+09	6.857497999999999849e-04	-1.268115399999999917e-03
7.583171068000000000e+09	8.933463999999999685e-04	-1.927575800000000004e-03
7.583173568000000000e+09	9.823183999999999562e-04	-1.695970999999999894e-03
7.583176068000000000e+09	8.372104999999999695e-04	-1.401181999999999948e-03
7.583178568000000000e+09	6.772224000000000299e-04	-2.452300900000000013e-03
7.583181068000000000e+09	1.120589599999999948e-03	-1.671412300000000043e-03
7.583183568000000000e+09	1.408880599999999929e-03	-1.984115900000000144e-03
7.583186068000000000e+09	1.321045600000000063e-03	-1.643333600000000064e-03
7.583188568000000000e+09	8.479730999999999467e-04	-1.042675799999999908e-03
7.583191068000000000e+09	5.635886999999999798e-04	-1.451022900000000036e-03
7.583193568000000000e+09	3.614722999999999916e-04	-1.369979099999999936e-03
7.583196068000000000e+09	1.472640400000000023e-03	-1.655257800000000095e-03
7.583198568000000000e+09	3.077347999999999932e-04	-1.727914199999999951e-03
7.583201068000000000e+09	7.610628000000000141e-04	-1.148158299999999920e-03
7.583203568000000000e+09	6.834684000000000375e-04	-8.531123000000000482e-04
7.583206068000000000e+09	5.575301000000000172e-04	-8.957229999999999619e-04
7.583208568000000000e+09	5.514390999999999564e-04	-1.530291000000000030e-03
7.583211068000000000e+09	7.908681999999999778e-04	-1.356998699999999907e-03
7.583213568000000000e+09	1.396228200000000077e-03	-1.006325900000000061e-03
7.583216068000000000e+09	5.210710000000000125e-05	-8.053764000000000365e-04
7.583218568000000000e+09	3.052765999999999835e-04	-1.281287400000000014e-03
7.583221068000000000e+09	7.715133999999999577e-04	-1.651191999999999894e-03
7.583223568000000000e+09	9.445830000000000328e-04	-2.175906599999999792e-03
7.583226068000000000e+09	1.146427999999999900e-03	-1.397611100000000026e-03
7.583228568000000000e+09	1.174002699999999967e-03	-8.914974999999999462e-04
7.583231068000000000e+09	5.585416999999999856e-04	-1.557755299999999963e-03
7.583233568000000000e+09	2.718312999999999871e-04	-1.138076399999999938e-03
7.583236068000000000e+09	6.017703999999999805e-04	-1.590026100000000060e-03
7.583238568000000000e+09	1.685214000000000091e-04	-1.312899699999999989e-03
7.583241068000000000e+09	6.372204000000000019e-04	-5.626468999999999611e-04
7.583243568000000000e+09	5.774056000000000067e-04	-1.360461299999999978e-03
7.583246068000000000e+09	4.055055000000000226e-04	-1.376428299999999955e-03
7.583248568000000000e+09	1.111960800000000001e-03	-1.313139600000000047e-03
7.583251068000000000e+09	-3.964451000000000238e-04	-1.080719300000000053e-03
7.583253568000000000e+09	3.113516999999999891e-04	-8.871929999999999877e-04
7.583256068000000000e+09	8.407679999999999841e-04	-1.060583599999999913e-03
7.583258568000000000e+09	8.406915999999999521e-04	-1.454665599999999939e-03
7.583261068000000000e+09	4.465248999999999911e-04	-1.508167799999999984e-03
7.583263568000000000e+09	5.337913999999999593e-04	-6.101375999999999501e-04
7.583266068000000000e+09	3.008565000000000154e-04	-1.362198599999999999e-03
7.583268568000000000e+09	2.077539000000000100e-04	-8.977533000000000431e-04
7.583271068000000000e+09	6.895005999999999965e-04	-1.141590899999999926e-03
7.583273568000000000e+09	2.456127999999999805e-04	-1.209849399999999957e-03
7.583276068000000000e+09	8.981179999999999958e-05	-1.311177900000000049e-03
7.583278568000000000e+09	7.618043999999999597e-04	-1.005888300000000023e-03
7.583281068000000000e+09	-5.657189999999999956e-05	-1.068901099999999956e-03
7.583283568000000000e+09	5.118409999999999670e-05	-1.864052099999999974e-03
7.583286068000000000e+09	1.224695000000000037e-03	-6.072312999999999539e-04
7.583288568000000000e+09	3.555562999999999758e-04	-1.055915599999999923e-03
7.583291068000000000e+09	-2.972222999999999749e-04	-7.366796999999999799e-04
7.583293568000000000e+09	1.945240999999999897e-04	-1.154307299999999918e-03
7.583296068000000000e+09	3.115411000000000113e-04	-1.043534399999999961e-03
7.583298568000000000e+09	-9.490390000000000457e-05	-1.140122500000000094e-03
7.583301068000000000e+09	4.720052999999999987e-04	-7.531906000000000321e-04
7.583303568000000000e+09	4.933869999999999706e-04	-3.664178000000000140e-04
7.583306068000000000e+09	-3.162495999999999884e-04	-4.930025000000000423e-04
7.583308568000000000e+09	9.952550000000000112e-05	-1.204171399999999894e-03
7.583311068000000000e+09	8.311838999999999686e-04	-1.375078700000000086e-03
7.583313568000000000e+09	-1.311676000000000009e-04	-1.174098300000000041e-03
7.583316068000000000e+09	4.482787999999999812e-04	-9.062973999999999466e-04
7.583318568000000000e+09	7.189724000000000418e-04	-1.075929499999999945e-03
7.583321068000000000e+09	4.204540000000000236e-05	-4.274387999999999842e-04
7.583323568000000000e+09	8.100371999999999564e-04	-6.203097000000000081e-04
7.583326068000000000e+09	6.215428000000000489e-04	-7.603265000000000327e-04
7.583328568000000000e+09	1.658778000000000130e-04	-5.418261999999999861e-04
7.583331068000000000e+09	6.128623999999999617e-04	-1.092481599999999952e-03
7.583333568000000000e+09	-4.249742999999999945e-04	-4.160487999999999730e-04
7.583336068000000000e+09	-8.857499999999999475e-06	-7.022105000000000491e-04
7.583338568000000000e+09	7.510375999999999597e-04	-8.639715000000000068e-04
7.583341068000000000e+09	6.957042999999999994e-04	-8.093014999999999627e-04
7.583343568000000000e+09	-1.662223999999999961e-04	-1.094920500000000048e-03
7.583346068000000000e+09	-5.968430000000000046e-05	-6.807262999999999812e-04
7.583348568000000000e+09	1.055887000000000009e-04	-6.952300000000000233e-04
7.583351068000000000e+09	-2.561083999999999822e-04	-5.294310999999999462e-04
7.583353568000000000e+09	2.015424000000000035e-04	-3.907620999999999903e-04
7.583356068000000000e+09	4.653153999999999732e-04	-7.771607999999999945e-04
7.583358568000000000e+09	-6.689099999999999365e-05	-9.902474000000000085e-04
7.583361068000000000e+09	4.360049999999999701e-05	-7.923901999999999812e-04
7.583363568000000000e+09	1.977237999999999923e-04	-7.515631999999999738e-04
7.583366068000000000e+09	-7.844030000000000316e-04	-1.173060999999999982e-03
7.583368568000000000e+09	2.089085999999999873e-04	-1.105765600000000078e-03
7.583371068000000000e+09	-1.946960000000000075e-05	-4.117751999999999806e-04
7.583373568000000000e+09	2.637383999999999887e-04	-8.947656000000000446e-04
7.583376068000000000e+09	2.107168000000000084e-04	-6.862492999999999892e-04
7.583378568000000000e+09	7.801286000000000375e-04	-3.883978999999999969e-04
7.583381068000000000e+09	-1.080266000000000001e-04	-2.864154999999999956e-04
7.583383568000000000e+09	-2.643268999999999849e-04	-8.104104999999999686e-04
7.583386068000000000e+09	1.046605099999999965e-03	5.907609999999999771e-04
7.583388568000000000e+09	7.501709999999999704e-05	-5.338033000000000057e-04
7.583391068000000000e+09	9.118569999999999670e-05	-2.396228999999999991e-04
7.583393568000000000e+09	1.670436000000000078e-04	-6.316002000000000248e-04
7.583396068000000000e+09	-2.620022000000000171e-04	-3.945349999999999758e-05
7.583398568000000000e+09	3.600103999999999913e-04	-5.034189000000000329e-04
7.583401068000000000e+09	5.545043000000000367e-04	-3.929682000000000097e-04
7.583403568000000000e+09	4.054295000000000186e-04	-5.391159000000000402e-04
7.583406068000000000e+09	7.542030000000000023e-05	-5.439508999999999490e-04
7.583408568000000000e+09	-4.048249999999999874e-04	-4.001427000000000000e-04
7.583411068000000000e+09	-4.599059999999999975e-05	-4.013922999999999753e-04
7.583413568000000000e+09	2.068240000000000107e-04	-1.410104000000000077e-04
7.583416068000000000e+09	-1.461471999999999956e-04	-5.863424999999999583e-04
7.583418568000000000e+09	1.637170999999999982e-04	-2.142203000000000130e-04
7.583421068000000000e+09	2.497415999999999807e-04	-2.429297000000000129e-04
7.583423568000000000e+09	-2.433171000000000086e-04	-4.630174999999999829e-04
7.583426068000000000e+09	-4.566072999999999812e-04	-8.395364000000000212e-04
7.583428568000000000e+09	1.301135999999999938e-04	-4.345241000000000229e-04
7.583431068000000000e+09	-1.379018999999999883e-04	-6.778056999999999875e-04
7.583433568000000000e+09	-3.987513000000000255e-04	-1.110714799999999898e-03
7.583436068000000000e+09	2.905386000000000036e-04	-3.999067000000000247e-04
7.583438568000000000e+09	8.388680000000000463e-05	-5.938471000000000288e-04
7.583441068000000000e+09	-3.045710000000000016e-05	2.503992000000000132e-04
7.583443568000000000e+09	3.932695000000000266e-04	-2.985919999999999764e-04
7.583446068000000000e+09	6.465935999999999819e-04	9.203880000000000383e-05
7.583448568000000000e+09	-1.802130000000000040e-04	-4.194240000000000012e-05
7.583451068000000000e+09	5.759199000000000219e-04	-1.230139299999999988e-03
7.583453568000000000e+09	3.292592999999999800e-04	2.911620000000000085e-05
7.583456068000000000e+09	6.712995999999999720e-04	2.282910999999999936e-04
7.583458568000000000e+09	5.453723000000000164e-04	-5.073039999999999798e-05
7.583461068000000000e+09	-9.775540000000000260e-05	7.919919000000000091e-04
7.583463568000000000e+09	4.705210999999999834e-04	1.446882000000000083e-04
7.583466068000000000e+09	1.188366999999999934e-04	1.490290000000000126e-04
7.583468568000000000e+09	-1.154440000000000080e-05	-2.635876999999999903e-04
7.583471068000000000e+09	2.375033000000000135e-04	1.334867999999999905e-04
7.583473568000000000e+09	2.682009999999999754e-04	-1.081632000000000014e-04
7.583476068000000000e+09	-2.204840999999999919e-04	-1.018019000000000053e-04
7.583478568000000000e+09	2.929930999999999985e-04	3.404759999999999840e-04
7.583481068000000000e+09	2.355795999999999899e-04	-3.539883999999999869e-04
7.583483568000000000e+09	3.187854999999999855e-04	6.284522000000000068e-04
7.583486068000000000e+09	8.189179999999999409e-05	-1.986268999999999871e-04
7.583488568000000000e+09	2.287300999999999939e-04	2.277463999999999986e-04
7.583491068000000000e+09	-9.005259999999999903e-05	1.697105999999999875e-04
7.583493568000000000e+09	-5.046809999999999881e-05	-5.061205000000000478e-04
7.583496068000000000e+09	-2.247640000000000049e-05	2.433388999999999886e-04
7.583498568000000000e+09	2.171643999999999972e-04	-9.476595999999999891e-04
7.583501068000000000e+09	5.642782999999999740e-04	-3.205680000000000248e-04
7.583503568000000000e+09	1.454062000000000106e-04	4.055314000000000184e-04
7.583506068000000000e+09	-1.525126000000000075e-04	2.504267000000000125e-04
7.583508568000000000e+09	2.049027999999999993e-04	2.900595000000000170e-04
7.583511068000000000e+09	-6.178651000000000282e-04	7.054312999999999556e-04
7.583513568000000000e+09	-6.574339999999999806e-05	-2.633045999999999998e-04
7.583516068000000000e+09	6.000871000000000503e-04	-5.221419999999999892e-05
7.583518568000000000e+09	5.648378999999999813e-04	-1.049849000000000051e-04
7.583521068000000000e+09	-8.240600000000000350e-06	-3.188646999999999966e-04
7.583523568000000000e+09	5.455201000000000017e-04	1.913430999999999943e-04
7.583526068000000000e+09	3.934233999999999778e-04	4.239358999999999944e-04
7.583528568000000000e+09	-3.031060000000000080e-05	3.952917999999999818e-04
7.583531068000000000e+09	7.709509999999999985e-05	1.798783999999999886e-04
7.583533568000000000e+09	-2.749520000000000197e-04	-3.944401000000000049e-04
7.583536068000000000e+09	2.378252000000000079e-04	-4.573528999999999897e-04
7.583538568000000000e+09	2.641111999999999930e-04	2.952809000000000141e-04
7.583541068000000000e+09	4.982765000000000328e-04	-5.535560000000000242e-05
7.583543568000000000e+09	4.415892999999999837e-04	5.042761999999999679e-04
7.583546068000000000e+09	6.067075000000000115e-04	1.288286999999999885e-04
7.583548568000000000e+09	-5.607000000000000222e-04	-9.997119999999999585e-05
7.583551068000000000e+09	5.498734000000000130e-04	1.014485999999999963e-04
7.583553568000000000e+09	7.351310000000000602e-05	3.015914999999999872e-04
7.583556068000000000e+09	-7.355979999999999323e-05	-3.217283999999999942e-04
7.583558568000000000e+09	5.715476000000000367e-04	4.565646999999999826e-04
7.583561068000000000e+09	6.875308999999999804e-04	2.474574000000000001e-04
7.583563568000000000e+09	3.064144999999999781e-04	-9.219320000000000358e-05
7.583566068000000000e+09	4.877457999999999880e-04	2.883280000000000218e-04
7.583568568000000000e+09	2.984748999999999974e-04	1.354383200000000087e-03
7.583571068000000000e+09	5.095250999999999643e-04	-1.081169000000000016e-04
7.583573568000000000e+09	4.837241000000000262e-04	5.118373000000000063e-04
7.583576068000000000e+09	1.019662000000000064e-04	9.592149999999999971e-05
7.583578568000000000e+09	3.290112999999999783e-04	4.837670000000000051e-05
7.583581068000000000e+09	8.328984000000000214e-04	8.123015000000000357e-04
7.583583568000000000e+09	1.161192000000000046e-04	-1.108269999999999979e-05
7.583586068000000000e+09	-5.055514000000000535e-04	8.804900999999999743e-04
7.583588568000000000e+09	1.812276999999999996e-04	-6.113429999999999505e-05
7.583591068000000000e+09	-1.110752000000000034e-04	6.614735999999999750e-04
7.583593568000000000e+09	3.552669999999999851e-04	2.568436000000000221e-04
7.583596068000000000e+09	4.234942000000000220e-04	7.455877000000000511e-04
7.583598568000000000e+09	3.947186999999999788e-04	7.677896999999999717e-04
7.583601068000000000e+09	-5.017179000000000300e-04	7.841877000000000136e-04
7.583603568000000000e+09	4.617773999999999946e-04	6.287562000000000229e-04
7.583606068000000000e+09	-7.822910000000000627e-05	7.092633000000000097e-04
7.583608568000000000e+09	5.228739999999999679e-05	2.946741999999999916e-04
7.583611068000000000e+09	1.436669000000000119e-04	8.449533999999999864e-04
7.583613568000000000e+09	2.307029999999999899e-04	5.728969000000000205e-04
7.583616068000000000e+09	1.985714999999999876e-04	-3.001139999999999865e-05
7.583618568000000000e+09	2.937268000000000149e-04	3.517282000000000047e-04
7.583621068000000000e+09	-2.368681000000000031e-04	1.080097199999999983e-03
7.583623568000000000e+09	3.244308000000000109e-04	7.171840999999999763e-04
7.583626068000000000e+09	4.479164999999999796e-04	2.891410000000000155e-05
7.583628568000000000e+09	6.734990999999999634e-04	7.956856999999999906e-04
7.583631068000000000e+09	-1.321569999999999952e-05	5.342695999999999643e-04
7.583633568000000000e+09	7.101164999999999561e-04	5.375405999999999674e-04
7.583636068000000000e+09	9.817151000000000089e-04	-5.239999999999999805e-07
7.583638568000000000e+09	4.640827999999999945e-04	2.002569000000000105e-04
7.583641068000000000e+09	2.142519000000000010e-04	-5.071499999999999809e-05
7.583643568000000000e+09	5.125877000000000254e-04	1.599663999999999936e-04
7.583646068000000000e+09	3.639396000000000146e-04	7.506343000000000173e-04
7.583648568000000000e+09	7.110477999999999721e-04	6.432109000000000524e-04
7.583651068000000000e+09	6.248741000000000148e-04	9.137441000000000053e-04
7.583653568000000000e+09	4.752722000000000131e-04	3.616954999999999931e-04
7.583656068000000000e+09	-1.105911999999999992e-04	4.310011000000000094e-04
7.583658568000000000e+09	6.232800000000000363e-04	8.817318999999999461e-04
7.583661068000000000e+09	4.064547999999999967e-04	4.574391000000000026e-04
7.583663568000000000e+09	7.623474999999999783e-04	5.662929000000000140e-04
7.583666068000000000e+09	8.333823000000000186e-04	6.941029999999999509e-04
7.583668568000000000e+09	6.676699999999999822e-04	-1.944970000000000116e-05
7.583671068000000000e+09	8.796866999999999881e-04	3.880711000000000121e-04
7.583673568000000000e+09	9.731638999999999611e-04	3.361532000000000192e-04
7.583676068000000000e+09	4.832111000000000262e-04	4.087338999999999729e-04
7.583678568000000000e+09	1.590205699999999939e-03	7.722064000000000272e-04
7.583681068000000000e+09	7.322628999999999987e-04	4.554730000000000215e-04
7.583683568000000000e+09	6.108755000000000435e-04	8.300281000000000499e-04
7.583686068000000000e+09	1.105165499999999921e-03	7.669661999999999617e-04
7.583688568000000000e+09	7.749477000000000275e-04	4.383818999999999845e-04
7.583691068000000000e+09	5.521106999999999924e-04	3.331039999999999739e-04
7.583693568000000000e+09	3.324590999999999896e-04	1.055223000000000044e-04
7.583696068000000000e+09	3.583979000000000266e-04	8.597509999999999614e-04
7.583698568000000000e+09	7.170810999999999808e-04	9.179261999999999665e-04
7.583701068000000000e+09	5.861542000000000401e-04	1.428810000000000030e-04
7.583703568000000000e+09	1.062412900000000082e-03	6.985699999999999879e-06
7.583706068000000000e+09	5.327046000000000428e-04	5.218612000000000511e-04
7.583708568000000000e+09	6.403837000000000331e-04	6.762517000000000224e-04
7.583711068000000000e+09	4.552490999999999981e-04	1.857000999999999943e-04
7.583713568000000000e+09	1.373582599999999916e-03	1.007424700000000058e-03
7.583716068000000000e+09	9.743275999999999716e-04	5.950534999999999635e-04
7.583718568000000000e+09	6.012577999999999543e-04	7.239749000000000401e-04
7.583721068000000000e+09	1.128121499999999895e-03	1.472293999999999968e-04
7.583723568000000000e+09	2.637680999999999793e-04	-3.342169999999999885e-04
7.583726068000000000e+09	1.405383399999999986e-03	-4.067402999999999926e-04
7.583728568000000000e+09	1.018412200000000075e-03	6.484108000000000363e-04
7.583731068000000000e+09	1.052406400000000007e-03	8.266815999999999965e-04
7.583733568000000000e+09	1.225743799999999897e-03	2.528243999999999912e-04
7.583736068000000000e+09	1.005051099999999895e-03	8.121693999999999832e-04
7.583738568000000000e+09	6.165415000000000261e-04	3.522951000000000077e-04
7.583741068000000000e+09	1.250799000000000084e-04	3.922889000000000042e-04
7.583743568000000000e+09	1.122895199999999908e-03	5.593606000000000533e-04
7.583746068000000000e+09	1.784526200000000106e-03	6.212297999999999995e-04
7.583748568000000000e+09	8.124095000000000014e-04	7.790679000000000224e-04
7.583751068000000000e+09	7.477655000000000152e-04	2.442963999999999943e-04
7.583753568000000000e+09	1.051850900000000097e-03	2.035860000000000122e-04
7.583756068000000000e+09	8.094199000000000055e-04	1.101100000000000012e-04
7.583758568000000000e+09	4.253829999999999894e-04	3.507731999999999842e-04
7.583761068000000000e+09	9.076569999999999734e-04	7.253148999999999968e-04
7.583763568000000000e+09	3.758165000000000160e-04	6.340770000000000347e-04
7.583766068000000000e+09	1.432616000000000054e-03	8.589351000000000494e-04
7.583768568000000000e+09	8.084617000000000322e-04	1.019572399999999976e-03
7.583771068000000000e+09	5.282541999999999880e-04	1.040945000000000043e-04
7.583773568000000000e+09	1.067641999999999940e-03	5.139136999999999785e-04
7.583776068000000000e+09	9.717586999999999970e-04	9.761413000000000251e-04
7.583778568000000000e+09	1.272099100000000094e-03	1.284763900000000054e-03
7.583781068000000000e+09	1.722236399999999956e-03	5.227178999999999983e-04
7.583783568000000000e+09	7.118588999999999820e-04	2.603061000000000047e-04
7.583786068000000000e+09	1.064041400000000082e-03	7.252533000000000243e-04
7.583788568000000000e+09	9.325203999999999698e-04	9.450005000000000471e-04
7.583791068000000000e+09	4.939254000000000127e-04	1.291443000000000029e-04
7.583793568000000000e+09	7.558711000000000076e-04	7.516730000000000113e-04
7.583796068000000000e+09	2.361967999999999880e-04	3.458429999999999751e-04
7.583798568000000000e+09	-7.606280000000000636e-05	1.461070500000000031e-03
7.583801068000000000e+09	9.900023999999999456e-04	5.291799000000000459e-04
7.583803568000000000e+09	1.004714799999999924e-03	6.218823000000000276e-04
7.583806068000000000e+09	4.499152000000000186e-04	-2.147395999999999929e-04
7.583808568000000000e+09	4.995066999999999520e-04	1.011389400000000044e-03
7.583811068000000000e+09	1.238872999999999927e-03	8.637452999999999581e-04
7.583813568000000000e+09	8.377849000000000363e-04	3.039644999999999999e-04
7.583816068000000000e+09	1.016690800000000054e-03	7.438898000000000212e-04
7.583818568000000000e+09	1.522000099999999950e-03	8.545020999999999650e-04
7.583821068000000000e+09	1.107705999999999968e-03	3.344425000000000154e-04
7.583823568000000000e+09	1.131027200000000012e-03	1.158413700000000086e-03
7.583826068000000000e+09	1.595777299999999932e-03	5.445794000000000329e-04
7.583828568000000000e+09	9.933330000000001065e-04	9.051353999999999737e-04
7.583831068000000000e+09	1.138621999999999941e-03	4.503558999999999752e-04
7.583833568000000000e+09	1.596025000000000048e-03	8.347517999999999518e-04
7.583836068000000000e+09	1.295625799999999958e-03	1.076245399999999899e-03
7.583838568000000000e+09	1.379139500000000100e-03	5.967308000000000161e-04
7.583841068000000000e+09	1.008640799999999940e-03	7.143085999999999663e-04
7.583843568000000000e+09	9.011428000000000146e-04	9.940195000000000194e-04
7.583846068000000000e+09	1.264541199999999954e-03	1.228643900000000056e-03
7.583848568000000000e+09	1.281699700000000098e-03	6.104447000000000475e-04
7.583851068000000000e+09	1.169232000000000084e-03	5.054350000000000422e-04
7.583853568000000000e+09	1.522812400000000043e-03	6.331025999999999581e-04
7.583856068000000000e+09	1.306037500000000080e-03	7.151628000000000368e-04
7.583858568000000000e+09	1.401785399999999930e-03	2.733111999999999998e-04
7.583861068000000000e+09	9.724315000000000086e-04	9.716787000000000384e-04
7.583863568000000000e+09	8.688349999999999849e-04	9.376583999999999874e-04
7.583866068000000000e+09	9.006312000000000042e-04	2.331424000000000126e-04
7.583868568000000000e+09	5.400128000000000350e-04	7.254572999999999838e-04
7.583871068000000000e+09	1.389549099999999940e-03	1.325978800000000065e-03
7.583873568000000000e+09	1.317951599999999919e-03	1.140603499999999970e-03
7.583876068000000000e+09	1.066626399999999909e-03	9.257380999999999856e-04
7.583878568000000000e+09	3.566592999999999955e-04	5.808093000000000500e-04
7.583881068000000000e+09	1.196877299999999939e-03	8.655944000000000485e-04
7.583883568000000000e+09	5.781385999999999470e-04	5.618720000000000441e-04
7.583886068000000000e+09	1.378053900000000050e-03	1.014525700000000084e-03
7.583888568000000000e+09	1.842802699999999960e-03	3.527976999999999849e-04
7.583891068000000000e+09	1.304356599999999993e-03	6.320660000000000297e-04
7.583893568000000000e+09	1.020585100000000103e-03	2.232950000000000025e-05
7.583896068000000000e+09	1.581292700000000006e-03	7.908089999999999564e-04
7.583898568000000000e+09	1.279388399999999929e-03	6.266972000000000211e-04
7.583901068000000000e+09	2.695147999999999966e-04	6.357414999999999507e-04
7.583903568000000000e+09	1.364041199999999933e-03	9.260724999999999599e-04
7.583906068000000000e+09	8.625195000000000214e-04	9.974276999999999709e-04
7.583908568000000000e+09	8.957035999999999601e-04	6.552800000000000009e-05
7.583911068000000000e+09	1.592849900000000004e-03	9.372074999999999677e-04
7.583913568000000000e+09	1.067024300000000070e-03	5.804617000000000197e-04
7.583916068000000000e+09	1.172069699999999997e-03	1.073436000000000095e-03
7.583918568000000000e+09	8.436773000000000276e-04	7.140529999999999751e-04
7.583921068000000000e+09	1.653384400000000067e-03	8.131485000000000362e-04
7.583923568000000000e+09	1.363817999999999931e-03	3.696613999999999976e-04
7.583926068000000000e+09	1.605933300000000029e-03	3.386479000000000073e-04
7.583928568000000000e+09	8.987303999999999562e-04	8.537120999999999946e-04
7.583931068000000000e+09	1.723624499999999943e-03	3.785320999999999803e-04
7.583933568000000000e+09	1.453273099999999969e-03	8.039282000000000459e-04
7.583936068000000000e+09	2.058108800000000172e-03	2.714967999999999787e-04
7.583938568000000000e+09	1.564906600000000010e-03	5.467192999999999749e-04
7.583941068000000000e+09	1.230520699999999943e-03	3.822532000000000013e-04
7.583943568000000000e+09	1.359131800000000024e-03	7.167916999999999561e-04
7.583946068000000000e+09	1.031448500000000084e-03	9.169519000000000324e-04
7.583948568000000000e+09	3.088944000000000151e-04	1.070868599999999981e-03
7.583951068000000000e+09	1.228089599999999905e-03	1.146776599999999946e-03
7.583953568000000000e+09	1.335329400000000036e-03	7.420727000000000009e-04
7.583956068000000000e+09	1.336877800000000043e-03	5.366497999999999928e-04
7.583958568000000000e+09	1.138303999999999922e-03	2.486845000000000006e-04
7.583961068000000000e+09	1.600060900000000027e-03	1.299887800000000060e-03
7.583963568000000000e+09	1.968365799999999971e-03	6.340308000000000012e-04
7.583966068000000000e+09	1.913348499999999999e-03	7.885009000000000115e-04
7.583968568000000000e+09	1.821570000000000003e-03	1.207750399999999976e-03
7.583971068000000000e+09	1.543292500000000098e-03	5.735691000000000444e-04
7.583973568000000000e+09	1.545044699999999997e-03	7.579686000000000192e-04
7.583976068000000000e+09	1.695755699999999984e-03	1.457974600000000107e-03
7.583978568000000000e+09	1.815416999999999942e-03	1.300186299999999935e-03
7.583981068000000000e+09	1.924044900000000061e-03	5.699382000000000449e-04
7.583983568000000000e+09	1.010821100000000106e-03	1.238619100000000082e-03
7.583986068000000000e+09	1.721369799999999993e-03	5.553062999999999793e-04
7.583988568000000000e+09	1.419988100000000100e-03	5.415338000000000226e-04
7.583991068000000000e+09	1.413901499999999914e-03	5.526408000000000232e-04
7.583993568000000000e+09	1.773757300000000040e-03	6.146860000000000301e-04
7.583996068000000000e+09	1.232358000000000021e-03	1.312649699999999956e-03
7.583998568000000000e+09	1.268968400000000012e-03	-1.124406999999999956e-04
7.584001068000000000e+09	1.558500999999999897e-03	9.964468000000000630e-04
7.584003568000000000e+09	1.988926299999999904e-03	8.814959999999999506e-04
7.584006068000000000e+09	1.664700000000000077e-03	4.276217999999999925e-04
7.584008568000000000e+09	2.052284299999999808e-03	9.575477000000000207e-04
7.584011068000000000e+09	1.931287399999999984e-03	1.655898000000000049e-04
7.584013568000000000e+09	1.426385299999999952e-03	2.030346000000000093e-04
7.584016068000000000e+09	1.261727200000000099e-03	6.352320000000000058e-04
7.584018568000000000e+09	1.356936900000000083e-03	4.337360999999999756e-04
7.584021068000000000e+09	1.552523500000000051e-03	3.765080999999999875e-04
7.584023568000000000e+09	1.110919099999999960e-03	1.671002000000000099e-04
7.584026068000000000e+09	1.482871599999999960e-03	8.944069999999999495e-04
7.584028568000000000e+09	1.176685800000000070e-03	5.094684000000000365e-04
7.584031068000000000e+09	1.457536699999999966e-03	6.995833999999999603e-04
7.584033568000000000e+09	2.044171699999999814e-03	8.422468000000000012e-04
7.584036068000000000e+09	1.408334700000000040e-03	7.774782999999999521e-04
7.584038568000000000e+09	1.578024500000000090e-03	6.003990000000000498e-04
7.584041068000000000e+09	2.543259799999999810e-03	1.009935900000000089e-03
7.584043568000000000e+09	1.546751899999999945e-03	4.843936999999999765e-04
7.584046068000000000e+09	1.727079600000000058e-03	5.118250000000000403e-04
7.584048568000000000e+09	2.440434999999999913e-03	1.192826199999999981e-03
7.584051068000000000e+09	1.514756500000000086e-03	3.947056999999999909e-04
7.584053568000000000e+09	1.823198399999999969e-03	3.875692999999999825e-04
7.584056068000000000e+09	1.195899700000000072e-03	5.911587999999999956e-04
7.584058568000000000e+09	1.801866700000000080e-03	3.282987999999999813e-04
7.584061068000000000e+09	1.928337200000000088e-03	5.758497999999999699e-04
7.584063568000000000e+09	1.615077199999999987e-03	4.109650000000000201e-05
7.584066068000000000e+09	1.409988399999999959e-03	8.478990000000000485e-04
7.584068568000000000e+09	1.319429999999999908e-03	2.239867999999999948e-04
7.584071068000000000e+09	1.370970200000000069e-03	1.373028799999999935e-03
7.584073568000000000e+09	1.755261599999999918e-03	5.572965999999999727e-04
7.584076068000000000e+09	1.897392199999999984e-03	9.201641999999999677e-04
7.584078568000000000e+09	1.404446400000000086e-03	1.019563499999999977e-03
7.584081068000000000e+09	2.057989999999999993e-03	1.812400000000000130e-05
7.584083568000000000e+09	1.814918100000000034e-03	8.727089000000000157e-04
7.584086068000000000e+09	1.348501800000000053e-03	1.936673000000000084e-04
7.584088568000000000e+09	2.033333599999999786e-03	9.400928999999999926e-04
7.584091068000000000e+09	1.923505299999999935e-03	3.463313999999999889e-04
7.584093568000000000e+09	1.427822899999999905e-03	-4.107129999999999961e-04
7.584096068000000000e+09	1.670927700000000024e-03	5.283193999999999954e-04
7.584098568000000000e+09	1.506751800000000023e-03	6.799967000000000077e-04
7.584101068000000000e+09	2.044982800000000149e-03	1.291081999999999983e-04
7.584103568000000000e+09	1.642048699999999924e-03	-2.931939000000000051e-04
7.584106068000000000e+09	1.927013200000000058e-03	7.295990999999999718e-04
7.584108568000000000e+09	1.928792199999999988e-03	3.466844000000000175e-04
7.584111068000000000e+09	2.135060499999999993e-03	5.716102000000000249e-04
7.584113568000000000e+09	1.224345300000000050e-03	7.633082999999999708e-04
7.584116068000000000e+09	1.870894099999999933e-03	7.540236000000000291e-04
7.584118568000000000e+09	2.083908700000000006e-03	6.088283000000000540e-04
7.584121068000000000e+09	1.955709099999999954e-03	1.259843999999999927e-04
7.584123568000000000e+09	1.841822099999999938e-03	4.989632000000000138e-04
7.584126068000000000e+09	1.660566600000000026e-03	6.101794000000000011e-04
7.584128568000000000e+09	1.928454899999999892e-03	4.067335999999999846e-04
7.584131068000000000e+09	1.876561600000000102e-03	4.411349999999999972e-04
7.584133568000000000e+09	1.674638300000000097e-03	4.997966000000000387e-04
7.584136068000000000e+09	2.033610500000000102e-03	7.695379999999999495e-05
7.584138568000000000e+09	1.655182500000000004e-03	3.199141999999999871e-04
7.584141068000000000e+09	1.608677499999999934e-03	2.372506000000000083e-04
7.584143568000000000e+09	1.772226599999999997e-03	6.317620000000000137e-04
7.584146068000000000e+09	1.934309300000000044e-03	8.854202000000000036e-04
7.584148568000000000e+09	1.446185599999999993e-03	1.619184999999999982e-04
7.584151068000000000e+09	2.024555099999999965e-03	6.451981999999999986e-04
7.584153568000000000e+09	1.347772600000000107e-03	7.743485999999999946e-04
7.584156068000000000e+09	2.472980699999999862e-03	3.540831000000000252e-04
7.584158568000000000e+09	1.940054099999999901e-03	3.780656000000000077e-04
7.584161068000000000e+09	1.576729299999999907e-03	8.050600000000000475e-05
7.584163568000000000e+09	1.593965199999999990e-03	5.484987000000000413e-04
7.584166068000000000e+09	2.198783599999999932e-03	6.209403999999999748e-04
7.584168568000000000e+09	2.050362500000000188e-03	3.233050000000000225e-04
7.584171068000000000e+09	1.733652000000000023e-03	9.590240000000000526e-04
7.584173568000000000e+09	1.409468699999999897e-03	6.440689000000000093e-04
7.584176068000000000e+09	1.784629100000000067e-03	4.931449999999999549e-04
7.584178568000000000e+09	1.440983600000000052e-03	5.804942000000000435e-04
7.584181068000000000e+09	1.279191800000000108e-03	3.732698000000000222e-04
7.584183568000000000e+09	1.836301899999999909e-03	2.115724999999999941e-04
7.584186068000000000e+09	1.407569000000000008e-03	4.697492000000000052e-04
7.584188568000000000e+09	1.898521999999999927e-03	3.287820999999999908e-04
7.584191068000000000e+09	2.663356400000000106e-03	2.529050000000000121e-05
7.584193568000000000e+09	2.056309899999999961e-03	2.612213999999999856e-04
7.584196068000000000e+09	1.910471400000000094e-03	3.370237999999999901e-04
7.584198568000000000e+09	1.992728500000000205e-03	1.771309999999999953e-04
7.584201068000000000e+09	1.597821900000000010e-03	8.602790000000000350e-05
7.584203568000000000e+09	2.142408699999999964e-03	3.229182999999999945e-04
7.584206068000000000e+09	1.931503900000000086e-03	7.814470000000000010e-04
7.584208568000000000e+09	2.282829399999999811e-03	6.393615000000000279e-04
7.584211068000000000e+09	1.972112600000000028e-03	4.674192000000000190e-04
7.584213568000000000e+09	1.779387400000000032e-03	4.516839000000000140e-04
7.584216068000000000e+09	2.419198699999999813e-03	3.481407999999999855e-04
7.584218568000000000e+09	2.656117300000000042e-03	1.568345999999999976e-04
7.584221068000000000e+09	2.289833099999999833e-03	1.092877400000000047e-03
7.584223568000000000e+09	1.334966599999999918e-03	-3.185119999999999754e-05
7.584226068000000000e+09	2.103524500000000016e-03	8.108289999999999985e-04
7.584228568000000000e+09	2.074945199999999983e-03	3.861207000000000181e-04
7.584231068000000000e+09	1.524936400000000093e-03	4.420374000000000243e-04
7.584233568000000000e+09	1.711555299999999906e-03	6.967778000000000426e-04
7.584236068000000000e+09	1.841532299999999994e-03	6.683365000000000139e-04
7.584238568000000000e+09	1.350405500000000005e-03	7.667336000000000073e-04
7.584241068000000000e+09	2.101987200000000108e-03	1.045895000000000055e-04
7.584243568000000000e+09	1.480562900000000027e-03	8.908647999999999480e-04
7.584246068000000000e+09	1.761168100000000056e-03	4.569005999999999805e-04
7.584248568000000000e+09	2.458284800000000089e-03	2.288059000000000111e-04
7.584251068000000000e+09	2.570548299999999859e-03	3.727142000000000237e-04
7.584253568000000000e+09	2.033670999999999916e-03	-2.485834000000000025e-04
7.584256068000000000e+09	2.584432499999999959e-03	8.139359999999999944e-05
7.584258568000000000e+09	1.414181800000000088e-03	3.895098000000000158e-04
7.584261068000000000e+09	1.637188699999999946e-03	8.397090000000000608e-05
7.584263568000000000e+09	1.288107099999999958e-03	8.207028000000000326e-04
7.584266068000000000e+09	1.527709599999999912e-03	6.957307000000000031e-04
7.584268568000000000e+09	1.774556000000000050e-03	2.213062000000000124e-04
7.584271068000000000e+09	1.869312500000000097e-03	1.863799999999999875e-04
7.584273568000000000e+09	1.610901000000000086e-03	-4.408959999999999881e-05
7.584276068000000000e+09	1.879837400000000007e-03	3.131035000000000220e-04
7.584278568000000000e+09	1.778654200000000024e-03	7.233266999999999605e-04
7.584281068000000000e+09	2.169895800000000083e-03	2.609679000000000057e-04
7.584283568000000000e+09	1.677399800000000047e-03	4.575652999999999947e-04
7.584286068000000000e+09	1.962646199999999817e-03	5.644575999999999674e-04
7.584288568000000000e+09	2.083410300000000052e-03	-2.124108999999999893e-04
7.584291068000000000e+09	2.160367299999999945e-03	-3.081135000000000037e-04
7.584293568000000000e+09	1.690133799999999969e-03	1.046108800000000076e-03
7.584296068000000000e+09	2.363574600000000001e-03	2.679736999999999853e-04
7.584298568000000000e+09	1.410628799999999981e-03	-1.389870000000000027e-04
7.584301068000000000e+09	2.331009599999999977e-03	2.313103000000000002e-04
7.584303568000000000e+09	2.131090699999999786e-03	-1.545450999999999986e-04
7.584306068000000000e+09	2.111701499999999853e-03	5.322140999999999634e-04
7.584308568000000000e+09	1.723404599999999983e-03	6.161290000000000093e-05
7.584311068000000000e+09	1.924727900000000082e-03	9.936491999999999460e-04
7.584313568000000000e+09	1.319773300000000099e-03	7.505663000000000308e-04
7.584316068000000000e+09	1.825738699999999949e-03	7.684210000000000075e-05
7.584318568000000000e+09	1.796011199999999986e-03	-1.846537000000000037e-04
7.584321068000000000e+09	2.286830300000000215e-03	1.731865000000000130e-04
7.584323568000000000e+09	1.416213099999999968e-03	3.300555000000000047e-04
7.584326068000000000e+09	1.523367000000000080e-03	-6.572860000000000627e-05
7.584328568000000000e+09	2.389349399999999950e-03	9.712300000000000100e-04
7.584331068000000000e+09	1.736263899999999916e-03	-7.075909999999999817e-05
7.584333568000000000e+09	2.190620800000000166e-03	2.691467000000000230e-04
7.584336068000000000e+09	1.564788199999999968e-03	4.085580999999999805e-04
7.584338568000000000e+09	2.165976599999999783e-03	4.988956999999999810e-04
7.584341068000000000e+09	2.462198499999999814e-03	6.594699999999999727e-06
7.584343568000000000e+09	1.361608000000000046e-03	4.348444000000000137e-04
7.584346068000000000e+09	2.389146300000000080e-03	6.411790000000000490e-05
7.584348568000000000e+09	2.027237900000000183e-03	4.108929999999999977e-05
7.584351068000000000e+09	1.735868100000000037e-03	-8.580670000000000636e-05
7.584353568000000000e+09	2.351014099999999829e-03	-1.054709999999999936e-05
7.584356068000000000e+09	1.317267999999999911e-03	4.090370000000000074e-04
7.584358568000000000e+09	2.503805500000000177e-03	-2.645365000000000108e-04
7.584361068000000000e+09	2.803982999999999910e-03	6.747500000000000195e-06
7.584363568000000000e+09	1.882027299999999978e-03	-1.786469000000000056e-04
7.584366068000000000e+09	2.301614100000000038e-03	-1.338150999999999989e-04
7.584368568000000000e+09	2.424698299999999973e-03	8.433158999999999534e-04
7.584371068000000000e+09	1.942695599999999913e-03	2.158867999999999877e-04
7.584373568000000000e+09	2.077728899999999913e-03	2.631418999999999750e-04
7.584376068000000000e+09	1.962456000000000009e-03	-1.098189000000000066e-04
7.584378568000000000e+09	1.865231300000000066e-03	3.285914999999999930e-04
7.584381068000000000e+09	1.604028599999999952e-03	8.046835000000000012e-04
7.584383568000000000e+09	2.119881599999999880e-03	1.228461000000000028e-04
7.584386068000000000e+09	2.022856700000000198e-03	-3.765576000000000079e-04
7.584388568000000000e+09	1.951403999999999899e-03	2.135853999999999964e-04
7.584391068000000000e+09	2.660295400000000157e-03	-8.091500000000000371e-06
7.584393568000000000e+09	1.893068199999999989e-03	-4.942300000000000097e-06
7.584396068000000000e+09	2.074621999999999925e-03	-4.437830000000000030e-04
7.584398568000000000e+09	1.394623900000000090e-03	3.449864999999999876e-04
7.584401068000000000e+09	2.116132800000000008e-03	3.332483000000000125e-04
7.584403568000000000e+09	2.003723299999999891e-03	2.343858999999999949e-04
7.584406068000000000e+09	1.845207300000000069e-03	-3.564943999999999795e-04
7.584408568000000000e+09	1.964643700000000097e-03	2.023902000000000058e-04
7.584411068000000000e+09	2.133189599999999950e-03	-3.447904000000000116e-04
7.584413568000000000e+09	1.373684499999999970e-03	5.106399999999999763e-05
7.584416068000000000e+09	2.279884900000000124e-03	-4.486862000000000207e-04
7.584418568000000000e+09	2.620399399999999955e-03	-5.331269999999999933e-04
7.584421068000000000e+09	1.948351999999999983e-03	-3.350426999999999897e-04
7.584423568000000000e+09	2.121478200000000060e-03	4.568230000000000137e-05
7.584426068000000000e+09	2.448946799999999861e-03	-2.901331000000000157e-04
7.584428568000000000e+09	2.719355799999999962e-03	-2.722983000000000217e-04
7.584431068000000000e+09	2.475092899999999790e-03	3.587056000000000034e-04
7.584433568000000000e+09	2.038209799999999867e-03	1.380059999999999963e-05
7.584436068000000000e+09	1.370811599999999979e-03	-4.151150000000000261e-04
7.584438568000000000e+09	2.038265200000000110e-03	1.574684999999999984e-04
7.584441068000000000e+09	2.456806699999999986e-03	2.036839999999999967e-05
7.584443568000000000e+09	2.037052299999999802e-03	-1.953237999999999882e-04
7.584446068000000000e+09	2.480904500000000092e-03	-9.121129999999999863e-05
7.584448568000000000e+09	2.157220799999999897e-03	3.937527999999999818e-04
7.584451068000000000e+09	1.798145799999999964e-03	2.197970000000000099e-04
7.584453568000000000e+09	2.299615599999999850e-03	3.533370999999999886e-04
7.584456068000000000e+09	1.919575100000000005e-03	1.272811000000000103e-04
7.584458568000000000e+09	1.944185300000000069e-03	1.176406000000000066e-04
7.584461068000000000e+09	2.357616400000000015e-03	-6.645200000000000344e-06
7.584463568000000000e+09	2.110285500000000109e-03	-2.823882000000000215e-04
7.584466068000000000e+09	2.417903500000000063e-03	3.977779999999999717e-05
7.584468568000000000e+09	2.271893300000000192e-03	-1.966145999999999996e-04
7.584471068000000000e+09	1.740748999999999986e-03	-3.756017000000000058e-04
7.584473568000000000e+09	2.168564100000000029e-03	-4.966546000000000068e-04
7.584476068000000000e+09	2.790038600000000098e-03	-2.501606999999999984e-04
7.584478568000000000e+09	2.431473799999999807e-03	8.464279999999999536e-05
7.584481068000000000e+09	1.823922099999999991e-03	4.098279999999999664e-05
7.584483568000000000e+09	1.885415400000000014e-03	-8.466224999999999532e-04
7.584486068000000000e+09	2.311349099999999903e-03	6.757299999999999661e-06
7.584488568000000000e+09	1.877212600000000052e-03	-4.515189999999999980e-04
7.584491068000000000e+09	2.446595299999999862e-03	5.349928999999999579e-04
7.584493568000000000e+09	2.073853200000000136e-03	1.265190999999999929e-04
7.584496068000000000e+09	2.098744899999999917e-03	-6.143773000000000376e-04
7.584498568000000000e+09	2.483393400000000108e-03	-3.740414000000000065e-04
7.584501068000000000e+09	2.242809699999999927e-03	-1.497130000000000013e-05
7.584503568000000000e+09	2.720219800000000122e-03	-9.373379999999999353e-05
7.584506068000000000e+09	2.587100800000000003e-03	-1.050612000000000030e-04
7.584508568000000000e+09	1.809290500000000027e-03	-3.053743000000000147e-04
7.584511068000000000e+09	2.388599700000000169e-03	-9.652073000000000380e-04
7.584513568000000000e+09	2.120105699999999972e-03	-1.335288000000000013e-04
7.584516068000000000e+09	2.445816799999999801e-03	-1.946918000000000119e-04
7.584518568000000000e+09	2.149926400000000057e-03	1.155025000000000008e-04
7.584521068000000000e+09	2.363911099999999824e-03	-3.405691999999999986e-04
7.584523568000000000e+09	2.386439599999999953e-03	2.925500000000000196e-06
7.584526068000000000e+09	2.407170299999999812e-03	-8.273950000000000293e-05
7.584528568000000000e+09	3.232395999999999794e-03	-4.989258999999999795e-04
7.584531068000000000e+09	2.362291099999999904e-03	5.018683000000000345e-04
7.584533568000000000e+09	1.335436699999999980e-03	-6.407534000000000103e-04
7.584536068000000000e+09	2.385686900000000017e-03	-2.425357999999999963e-04
7.584538568000000000e+09	1.596320999999999938e-03	-4.451354000000000140e-04
7.584541068000000000e+09	2.876283900000000185e-03	-5.561198999999999743e-04
7.584543568000000000e+09	2.114358499999999946e-03	1.638299999999999883e-05
7.584546068000000000e+09	2.435416699999999948e-03	1.966803999999999948e-04
7.584548568000000000e+09	1.979462999999999882e-03	-2.117107000000000125e-04
7.584551068000000000e+09	1.807348700000000093e-03	-5.515141000000000531e-04
7.584553568000000000e+09	2.658544000000000098e-03	-1.444077999999999898e-04
7.584556068000000000e+09	1.973425500000000176e-03	2.470620000000000072e-05
7.584558568000000000e+09	2.219266899999999994e-03	-3.762565000000000050e-04
7.584561068000000000e+09	2.346957599999999981e-03	-3.761030000000000140e-05
7.584563568000000000e+09	1.448077400000000008e-03	-3.836177000000000185e-04
7.584566068000000000e+09	1.866992499999999998e-03	-3.947194000000000006e-04
7.584568568000000000e+09	2.100784599999999842e-03	3.291018999999999737e-04
7.584571068000000000e+09	2.384739900000000176e-03	2.547002000000000250e-04
7.584573568000000000e+09	2.537037499999999970e-03	-5.184178999999999480e-04
7.584576068000000000e+09	1.412435600000000067e-03	-4.524070000000000207e-05
7.584578568000000000e+09	2.321706700000000009e-03	9.224740000000000045e-05
7.584581068000000000e+09	1.922539399999999938e-03	-2.373169000000000114e-04
7.584583568000000000e+09	2.032285899999999867e-03	1.464698000000000117e-04
7.584586068000000000e+09	2.003791899999999866e-03	-8.603772000000000199e-04
7.584588568000000000e+09	2.113392400000000098e-03	-4.107323000000000180e-04
7.584591068000000000e+09	2.169608899999999826e-03	-6.365325000000000453e-04
7.584593568000000000e+09	2.691421199999999899e-03	-6.696599999999999547e-05
7.584596068000000000e+09	2.425463899999999971e-03	-3.997254999999999797e-04
7.584598568000000000e+09	2.380497499999999819e-03	7.245550000000000449e-05
7.584601068000000000e+09	2.193378000000000168e-03	-1.450682000000000013e-04
7.584603568000000000e+09	1.880102700000000054e-03	-3.015955999999999759e-04
7.584606068000000000e+09	2.135592500000000130e-03	-3.470820000000000220e-04
7.584608568000000000e+09	2.105859600000000061e-03	-2.259370000000000020e-05
7.584611068000000000e+09	2.198104900000000077e-03	-1.047861499999999928e-03
7.584613568000000000e+09	2.040395400000000106e-03	3.910399999999999864e-06
7.584616068000000000e+09	2.106415800000000210e-03	-1.054290399999999964e-03
7.584618568000000000e+09	2.067804800000000182e-03	9.584130000000000004e-05
7.584621068000000000e+09	2.602250099999999997e-03	-4.232889999999999786e-04
7.584623568000000000e+09	2.168601999999999943e-03	3.626214999999999907e-04
7.584626068000000000e+09	2.532044800000000061e-03	-2.369049000000000025e-04
7.584628568000000000e+09	2.297495699999999898e-03	-2.242826000000000064e-04
7.584631068000000000e+09	1.848262000000000039e-03	-3.723708000000000161e-04
7.584633568000000000e+09	1.999336100000000029e-03	-5.640925000000000409e-04
7.584636068000000000e+09	2.264618600000000131e-03	-4.443742999999999782e-04
7.584638568000000000e+09	1.830889100000000075e-03	3.030109000000000231e-04
7.584641068000000000e+09	2.170288600000000023e-03	-4.822971000000000007e-04
7.584643568000000000e+09	1.947493200000000079e-03	-1.060475000000000041e-04
7.584646068000000000e+09	2.350002099999999941e-03	-4.861420000000000086e-04
7.584648568000000000e+09	2.571805500000000095e-03	-5.681714999999999726e-04
7.584651068000000000e+09	2.529624299999999951e-03	-4.701420000000000127e-05
7.584653568000000000e+09	2.869110199999999871e-03	-9.384947999999999511e-04
7.584656068000000000e+09	2.178210099999999903e-03	-9.164976999999999716e-04
7.584658568000000000e+09	2.601272300000000062e-03	-8.163258999999999967e-04
7.584661068000000000e+09	2.149341300000000027e-03	-8.367078999999999923e-04
7.584663568000000000e+09	2.828201600000000010e-03	-3.273960000000000075e-05
7.584666068000000000e+09	2.180676500000000052e-03	-8.852398999999999945e-04
7.584668568000000000e+09	2.782762199999999891e-03	-8.999136000000000028e-04
7.584671068000000000e+09	2.158372999999999889e-03	-1.061919900000000017e-03
7.584673568000000000e+09	3.003940999999999990e-03	-1.183405000000000031e-04
7.584676068000000000e+09	1.878750800000000051e-03	-4.534930000000000303e-05
7.584678568000000000e+09	2.287351300000000070e-03	2.129819999999999880e-04
7.584681068000000000e+09	2.814845199999999915e-03	8.886979999999999403e-05
7.584683568000000000e+09	1.974963100000000187e-03	-5.424110000000000216e-04
7.584686068000000000e+09	2.365975900000000069e-03	-4.827473999999999784e-04
7.584688568000000000e+09	1.771605000000000098e-03	-1.258277000000000082e-04
7.584691068000000000e+09	2.002097300000000094e-03	-1.526084999999999942e-04
7.584693568000000000e+09	2.879942400000000055e-03	-6.341445999999999932e-04
7.584696068000000000e+09	2.834035899999999813e-03	-1.784540999999999894e-04
7.584698568000000000e+09	2.307151199999999975e-03	-6.496523000000000141e-04
7.584701068000000000e+09	2.446187399999999977e-03	-1.551609000000000072e-04
7.584703568000000000e+09	1.932984399999999924e-03	-3.032398000000000168e-04
7.584706068000000000e+09	2.503585300000000114e-03	3.523829999999999768e-05
7.584708568000000000e+09	2.717926399999999985e-03	-8.923387000000000289e-04
7.584711068000000000e+09	2.489214000000000010e-03	-4.121195000000000240e-04
7.584713568000000000e+09	2.554429899999999861e-03	-2.897784999999999836e-04
7.584716068000000000e+09	2.894571399999999999e-03	-5.827599999999999838e-04
7.584718568000000000e+09	1.979165000000000178e-03	-1.030613199999999953e-03
7.584721068000000000e+09	2.877241300000000102e-03	-3.794269999999999842e-05
7.584723568000000000e+09	2.254975299999999877e-03	-6.179175000000000076e-04
7.584726068000000000e+09	1.983084300000000078e-03	-2.636300999999999749e-04
7.584728568000000000e+09	3.473463500000000155e-03	-2.911834000000000080e-04
7.584731068000000000e+09	3.191223100000000010e-03	-5.570361999999999709e-04
7.584733568000000000e+09	2.295797400000000165e-03	-3.103784000000000165e-04
7.584736068000000000e+09	2.257887399999999791e-03	-4.311092000000000092e-04
7.584738568000000000e+09	1.923960900000000040e-03	-1.270404000000000043e-04
7.584741068000000000e+09	2.393306999999999900e-03	-9.978280000000000829e-04
7.584743568000000000e+09	2.233348100000000051e-03	-2.698592999999999999e-04
7.584746068000000000e+09	2.756092899999999790e-03	-5.420995000000000501e-04
7.584748568000000000e+09	1.770021400000000014e-03	-5.358666999999999901e-04
7.584751068000000000e+09	1.761868999999999892e-03	-7.694435999999999594e-04
7.584753568000000000e+09	1.943432300000000031e-03	-6.252426000000000164e-04
7.584756068000000000e+09	2.365688800000000178e-03	-9.643763999999999982e-04
7.584758568000000000e+09	1.997633899999999834e-03	-9.369311999999999649e-04
7.584761068000000000e+09	2.589458399999999914e-03	-7.320703000000000236e-04
7.584763568000000000e+09	2.323336499999999801e-03	-5.444815999999999675e-04
7.584766068000000000e+09	2.757284599999999808e-03	-6.442053000000000102e-04
7.584768568000000000e+09	2.135916500000000027e-03	-5.445899999999999613e-04
7.584771068000000000e+09	2.174216000000000083e-03	-8.420129999999999629e-04
7.584773568000000000e+09	2.724985599999999852e-03	-6.389533000000000408e-04
7.584776068000000000e+09	1.795927600000000101e-03	-1.069306799999999958e-03
7.584778568000000000e+09	1.932525899999999915e-03	-9.331625000000000293e-04
7.584781068000000000e+09	2.755758100000000113e-03	-1.084190000000000067e-04
7.584783568000000000e+09	2.374951000000000145e-03	-9.160197000000000348e-04
7.584786068000000000e+09	2.982705100000000026e-03	-8.682009000000000514e-04
7.584788568000000000e+09	2.165396999999999895e-03	-2.222783999999999893e-04
7.584791068000000000e+09	2.374098900000000140e-03	-3.398655000000000209e-04
7.584793568000000000e+09	2.806091100000000175e-03	-2.678002000000000182e-04
7.584796068000000000e+09	2.130825800000000093e-03	-6.783788000000000448e-04
7.584798568000000000e+09	2.741520299999999997e-03	-1.282611300000000010e-03
7.584801068000000000e+09	2.707323000000000195e-03	-2.805635000000000117e-04
7.584803568000000000e+09	2.449464299999999824e-03	-6.423913999999999970e-04
7.584806068000000000e+09	1.873751199999999957e-03	-7.893928999999999616e-04
7.584808568000000000e+09	2.136029900000000099e-03	-2.682984000000000128e-04
7.584811068000000000e+09	2.091367599999999997e-03	-9.059237000000000149e-04
7.584813568000000000e+09	2.990533699999999885e-03	-4.126363000000000188e-04
7.584816068000000000e+09	2.294560800000000015e-03	1.147011000000000054e-04
7.584818568000000000e+09	2.184997100000000188e-03	-6.088932999999999932e-04
7.584821068000000000e+09	1.916186799999999900e-03	-3.144684999999999928e-04
7.584823568000000000e+09	1.853304999999999970e-03	-6.190052000000000141e-04
7.584826068000000000e+09	1.756849800000000053e-03	-4.588343000000000261e-04
7.584828568000000000e+09	2.917592699999999907e-03	-5.851841999999999461e-04
7.584831068000000000e+09	2.155767800000000112e-03	-5.777528000000000091e-04
7.584833568000000000e+09	2.635242199999999948e-03	-5.033939999999999986e-04
7.584836068000000000e+09	2.476463999999999836e-03	-5.189380999999999638e-04
7.584838568000000000e+09	2.013321900000000081e-03	-1.423798800000000047e-03
7.584841068000000000e+09	2.748836199999999796e-03	-7.639998999999999965e-04
7.584843568000000000e+09	2.748118999999999822e-03	-9.663990000000000286e-05
7.584846068000000000e+09	1.869252700000000088e-03	-1.036705900000000052e-03
7.584848568000000000e+09	2.492834299999999864e-03	-6.251438000000000437e-04
7.584851068000000000e+09	1.712915300000000069e-03	-1.121718500000000018e-03
7.584853568000000000e+09	2.054881000000000155e-03	-1.082787300000000088e-03
7.584856068000000000e+09	2.297954799999999895e-03	-7.927334999999999547e-04
7.584858568000000000e+09	1.983968500000000187e-03	-4.670105000000000241e-04
7.584861068000000000e+09	2.055436600000000100e-03	-1.028714600000000005e-03
7.584863568000000000e+09	1.852172700000000042e-03	-1.102568200000000019e-03
7.584866068000000000e+09	2.411140100000000019e-03	-9.277031000000000253e-04
7.584868568000000000e+09	2.970530800000000145e-03	-5.763876000000000242e-04
7.584871068000000000e+09	2.533093199999999785e-03	-1.186834799999999948e-03
7.584873568000000000e+09	1.974691900000000080e-03	-6.619854999999999793e-04
7.584876068000000000e+09	2.407872000000000137e-03	-1.133266699999999983e-03
7.584878568000000000e+09	2.184432699999999845e-03	-9.118566999999999732e-04
7.584881068000000000e+09	2.427729799999999837e-03	-8.602061000000000039e-04
7.584883568000000000e+09	2.229035900000000178e-03	-6.055115999999999710e-04
7.584886068000000000e+09	2.581199000000000167e-03	-8.246322000000000157e-04
7.584888568000000000e+09	2.806455499999999971e-03	-6.663939999999999491e-04
7.584891068000000000e+09	2.587457799999999877e-03	-2.630250000000000101e-04
7.584893568000000000e+09	2.350490599999999989e-03	-1.018026900000000090e-03
7.584896068000000000e+09	2.043624600000000166e-03	-7.504748999999999795e-04
7.584898568000000000e+09	2.441494099999999817e-03	-7.889191000000000476e-04
7.584901068000000000e+09	2.236842499999999907e-03	-3.677848000000000163e-04
7.584903568000000000e+09	2.056297500000000070e-03	-8.005523000000000500e-04
7.584906068000000000e+09	2.225217299999999922e-03	-1.574739199999999981e-03
7.584908568000000000e+09	2.116181500000000135e-03	-6.666789999999999912e-04
7.584911068000000000e+09	2.469090599999999944e-03	-5.590785999999999499e-04
7.584913568000000000e+09	2.462220299999999876e-03	-3.445152999999999844e-04
7.584916068000000000e+09	2.576268400000000184e-03	-6.316482999999999473e-04
7.584918568000000000e+09	1.945314799999999910e-03	-6.620655000000000463e-04
7.584921068000000000e+09	1.941159499999999980e-03	-1.207655300000000072e-03
7.584923568000000000e+09	2.001736599999999824e-03	-1.052790100000000097e-03
7.584926068000000000e+09	2.209772599999999809e-03	-6.577787000000000521e-04
7.584928568000000000e+09	2.171505800000000062e-03	-1.117904099999999894e-03
7.584931068000000000e+09	2.098660300000000124e-03	-6.420946999999999766e-04
7.584933568000000000e+09	2.648453399999999968e-03	-1.159956200000000033e-03
7.584936068000000000e+09	1.423836499999999892e-03	-5.371338000000000241e-04
7.584938568000000000e+09	2.543082800000000167e-03	-4.234527000000000191e-04
7.584941068000000000e+09	1.899489799999999921e-03	-7.016531000000000330e-04
7.584943568000000000e+09	2.447597299999999809e-03	-6.113895000000000050e-04
7.584946068000000000e+09	2.299429300000000072e-03	-1.135806600000000043e-03
7.584948568000000000e+09	2.308177900000000105e-03	-1.287995299999999997e-03
7.584951068000000000e+09	2.356160099999999973e-03	-1.318859500000000087e-03
7.584953568000000000e+09	2.093284400000000080e-03	-9.126820999999999805e-04
7.584956068000000000e+09	1.973677000000000070e-03	-3.127159999999999922e-04
7.584958568000000000e+09	2.195877900000000032e-03	-5.763920000000000068e-04
7.584961068000000000e+09	2.300661500000000022e-03	-1.017143600000000071e-03
7.584963568000000000e+09	2.312290099999999866e-03	-7.706575999999999921e-04
7.584966068000000000e+09	2.694020899999999968e-03	-8.612782000000000033e-04
7.584968568000000000e+09	1.691361900000000040e-03	-5.851661999999999879e-04
7.584971068000000000e+09	2.359896800000000055e-03	-1.147325000000000038e-03
7.584973568000000000e+09	2.851953600000000158e-03	-8.818651999999999741e-04
7.584976068000000000e+09	1.956746499999999830e-03	-7.814745999999999802e-04
7.584978568000000000e+09	2.553911900000000162e-03	-9.264305999999999930e-04
7.584981068000000000e+09	1.563783999999999921e-03	-8.382303999999999493e-04
7.584983568000000000e+09	2.169021299999999812e-03	-2.568507000000000038e-04
7.584986068000000000e+09	2.298903699999999949e-03	-1.170100500000000043e-03
7.584988568000000000e+09	2.417457599999999797e-03	-9.394584999999999568e-04
7.584991068000000000e+09	2.290916999999999953e-03	-8.568675000000000423e-04
7.584993568000000000e+09	2.717143999999999896e-03	-1.160074999999999995e-03
7.584996068000000000e+09	2.003784399999999910e-03	-7.145939000000000024e-04
7.584998568000000000e+09	2.331696600000000060e-03	-1.364496499999999935e-03
7.585001068000000000e+09	1.994631499999999918e-03	-1.498624700000000072e-03
7.585003568000000000e+09	2.653050899999999986e-03	-1.283094399999999951e-03
7.585006068000000000e+09	1.925386299999999953e-03	-1.002803600000000015e-03
7.585008568000000000e+09	2.477756900000000102e-03	-1.602197199999999934e-03
7.585011068000000000e+09	1.725562400000000066e-03	-1.273176200000000063e-03
7.585013568000000000e+09	2.424583899999999993e-03	-7.924273999999999814e-04
7.585016068000000000e+09	2.389819200000000126e-03	-7.479176999999999831e-04
7.585018568000000000e+09	2.737877799999999945e-03	-9.727727999999999505e-04
7.585021068000000000e+09	2.356834600000000130e-03	-9.252178000000000442e-04
7.585023568000000000e+09	2.652141199999999855e-03	-5.439979999999999642e-04
7.585026068000000000e+09	2.510033899999999929e-03	-1.708235399999999925e-03
7.585028568000000000e+09	2.395703999999999802e-03	-1.257003700000000048e-03
7.585031068000000000e+09	2.407166799999999919e-03	-7.670694999999999510e-04
7.585033568000000000e+09	2.605818800000000036e-03	-4.091780999999999847e-04
7.585036068000000000e+09	2.791063500000000048e-03	-1.347650200000000001e-03
7.585038568000000000e+09	2.586150000000000167e-03	-1.054978999999999943e-03
7.585041068000000000e+09	2.051108700000000076e-03	-6.318994999999999560e-04
7.585043568000000000e+09	1.411821699999999975e-03	-1.032246199999999970e-03
7.585046068000000000e+09	1.928651399999999896e-03	-1.229031900000000094e-03
7.585048568000000000e+09	2.124855799999999986e-03	-1.118232800000000093e-03
7.585051068000000000e+09	1.979583699999999842e-03	-5.850881000000000267e-04
7.585053568000000000e+09	1.891091300000000011e-03	-1.458066299999999935e-03
7.585056068000000000e+09	2.317552200000000135e-03	-1.221368700000000041e-03
7.585058568000000000e+09	2.223431899999999978e-03	-1.044743299999999989e-03
7.585061068000000000e+09	2.357743499999999989e-03	-1.510728700000000049e-03
7.585063568000000000e+09	2.146223100000000088e-03	-1.123330199999999926e-03
7.585066068000000000e+09	1.377170700000000065e-03	-7.965071000000000434e-04
7.585068568000000000e+09	2.789841999999999843e-03	-1.318506299999999990e-03
7.585071068000000000e+09	1.859853399999999990e-03	-9.625852000000000280e-04
7.585073568000000000e+09	2.479930699999999787e-03	-1.049839699999999916e-03
7.585076068000000000e+09	2.395720300000000157e-03	-9.204449999999999871e-04
7.585078568000000000e+09	2.640682200000000167e-03	-1.061950000000000090e-03
7.585081068000000000e+09	1.750085499999999919e-03	-1.037713599999999991e-03
7.585083568000000000e+09	2.305204099999999968e-03	-1.440600300000000099e-03
7.585086068000000000e+09	1.976800600000000116e-03	-5.743929000000000482e-04
7.585088568000000000e+09	2.627179500000000056e-03	-1.227787799999999988e-03
7.585091068000000000e+09	2.249019000000000105e-03	-1.321662300000000026e-03
7.585093568000000000e+09	2.614907200000000150e-03	-1.428012999999999895e-03
7.585096068000000000e+09	1.468138599999999896e-03	-1.652077199999999911e-03
7.585098568000000000e+09	2.437379200000000003e-03	-1.137146500000000074e-03
7.585101068000000000e+09	2.118613799999999932e-03	-9.402914999999999537e-04
7.585103568000000000e+09	2.346448799999999949e-03	-8.995912000000000006e-04
7.585106068000000000e+09	2.142189799999999911e-03	-1.556917299999999995e-03
7.585108568000000000e+09	2.076647500000000212e-03	-7.925198999999999742e-04
7.585111068000000000e+09	2.283473900000000147e-03	-1.454383899999999938e-03
7.585113568000000000e+09	1.535651100000000107e-03	-1.252913299999999916e-03
7.585116068000000000e+09	1.978067799999999859e-03	-5.504711000000000022e-04
7.585118568000000000e+09	2.048364999999999908e-03	-1.039195300000000021e-03
7.585121068000000000e+09	2.022436600000000056e-03	-7.718668000000000144e-04
7.585123568000000000e+09	2.218705599999999840e-03	-1.588435399999999940e-03
7.585126068000000000e+09	2.487170800000000192e-03	-1.391080999999999958e-03
7.585128568000000000e+09	2.302405799999999829e-03	-1.555421599999999962e-03
7.585131068000000000e+09	2.457671199999999882e-03	-8.193327000000000032e-04
7.585133568000000000e+09	1.967778199999999957e-03	-5.880389000000000189e-04
7.585136068000000000e+09	1.636820999999999892e-03	-1.155303699999999907e-03
7.585138568000000000e+09	2.454943800000000068e-03	-2.020567300000000125e-03
7.585141068000000000e+09	2.180477399999999812e-03	-2.141767799999999989e-03
7.585143568000000000e+09	2.701593899999999836e-03	-4.543912000000000211e-04
7.585146068000000000e+09	2.461528299999999822e-03	-1.597791000000000098e-03
7.585148568000000000e+09	1.976205799999999815e-03	-5.247488999999999930e-04
7.585151068000000000e+09	2.222925699999999966e-03	-1.534723599999999978e-03
7.585153568000000000e+09	2.885113099999999948e-03	-1.210530800000000082e-03
7.585156068000000000e+09	1.953838299999999945e-03	-4.945121999999999712e-04
7.585158568000000000e+09	1.957808799999999957e-03	-1.276526500000000003e-03
7.585161068000000000e+09	1.931729000000000085e-03	-6.993090999999999891e-04
7.585163568000000000e+09	1.822324499999999903e-03	-1.233043199999999924e-03
7.585166068000000000e+09	2.579109899999999875e-03	-1.250267300000000104e-03
7.585168568000000000e+09	2.259944399999999978e-03	-1.202771500000000002e-03
7.585171068000000000e+09	1.861501800000000054e-03	-1.401069299999999898e-03
7.585173568000000000e+09	1.816577499999999946e-03	-1.641410000000000048e-03
7.585176068000000000e+09	1.683278799999999914e-03	-1.389076799999999995e-03
7.585178568000000000e+09	2.144189800000000177e-03	-1.333871199999999996e-03
7.585181068000000000e+09	1.908199699999999985e-03	-2.169191899999999874e-03
7.585183568000000000e+09	2.238953399999999826e-03	-1.213234400000000020e-03
7.585186068000000000e+09	1.819068000000000074e-03	-1.233951999999999966e-03
7.585188568000000000e+09	1.973381399999999883e-03	-9.631823000000000294e-04
7.585191068000000000e+09	1.391747200000000104e-03	-1.334932700000000068e-03
7.585193568000000000e+09	2.662169199999999888e-03	-8.449847000000000347e-04
7.585196068000000000e+09	2.214064600000000167e-03	-8.765704000000000464e-04
7.585198568000000000e+09	1.579134899999999923e-03	-9.817796000000001029e-04
7.585201068000000000e+09	1.984554899999999792e-03	-1.345170099999999950e-03
7.585203568000000000e+09	2.700416000000000188e-03	-1.662572699999999987e-03
7.585206068000000000e+09	1.582030299999999997e-03	-1.115382600000000037e-03
7.585208568000000000e+09	2.384142699999999924e-03	-9.209834000000000293e-04
7.585211068000000000e+09	1.328358499999999923e-03	-1.045386900000000018e-03
7.585213568000000000e+09	2.091100099999999851e-03	-1.279956600000000050e-03
7.585216068000000000e+09	1.749977800000000056e-03	-1.528772000000000074e-03
7.585218568000000000e+09	2.044379800000000087e-03	-1.166828599999999950e-03
7.585221068000000000e+09	1.935412899999999943e-03	-1.350017900000000104e-03
7.585223568000000000e+09	2.534658799999999802e-03	-9.753102999999999512e-04
7.585226068000000000e+09	2.513237800000000036e-03	-1.784402999999999944e-03
7.585228568000000000e+09	2.384040100000000065e-03	-8.196736999999999513e-04
7.585231068000000000e+09	2.445102599999999984e-03	-9.370094999999999943e-04
7.585233568000000000e+09	2.548754199999999932e-03	-9.906139999999999043e-04
7.585236068000000000e+09	2.760671499999999869e-03	-1.762023200000000000e-03
7.585238568000000000e+09	2.133479399999999894e-03	-9.053645000000000356e-04
7.585241068000000000e+09	2.381013700000000205e-03	-1.203484899999999981e-03
7.585243568000000000e+09	1.867808400000000018e-03	-8.969035999999999892e-04
7.585246068000000000e+09	1.764524499999999907e-03	-7.110333000000000148e-04
7.585248568000000000e+09	2.097960399999999979e-03	-1.603821999999999973e-03
7.585251068000000000e+09	2.236960499999999814e-03	-5.325030999999999601e-04
7.585253568000000000e+09	2.526104700000000175e-03	-1.443298900000000067e-03
7.585256068000000000e+09	2.407864000000000011e-03	-2.030442099999999958e-03
7.585258568000000000e+09	2.133635599999999816e-03	-5.607512000000000260e-04
7.585261068000000000e+09	1.942705999999999990e-03	-7.293240000000000530e-04
7.585263568000000000e+09	1.942401299999999952e-03	-1.146237700000000059e-03
7.585266068000000000e+09	2.357532099999999891e-03	-1.133623100000000087e-03
7.585268568000000000e+09	2.564268800000000029e-03	-1.238397499999999976e-03
7.585271068000000000e+09	2.375280699999999818e-03	-1.434794600000000074e-03
7.585273568000000000e+09	2.002141099999999851e-03	-9.000303000000000079e-04
7.585276068000000000e+09	2.068377699999999954e-03	-7.535919000000000515e-04
7.585278568000000000e+09	2.385510600000000179e-03	-8.193325000000000434e-04
7.585281068000000000e+09	2.199878599999999934e-03	-6.202809999999999791e-04
7.585283568000000000e+09	1.788929299999999969e-03	-1.400979899999999986e-03
7.585286068000000000e+09	2.154930800000000053e-03	-1.131582600000000105e-03
7.585288568000000000e+09	2.786755900000000008e-03	-1.058408999999999956e-03
7.585291068000000000e+09	1.842408000000000023e-03	-1.228469700000000067e-03
7.585293568000000000e+09	2.357779899999999824e-03	-1.184187300000000059e-03
7.585296068000000000e+09	1.961320099999999938e-03	-1.725334000000000026e-03
7.585298568000000000e+09	2.669017200000000159e-03	-1.443133000000000089e-03
7.585301068000000000e+09	1.794340800000000010e-03	-1.072595200000000040e-03
7.585303568000000000e+09	2.242528799999999982e-03	-1.049080300000000080e-03
7.585306068000000000e+09	2.297782899999999823e-03	-1.323303999999999973e-03
7.585308568000000000e+09	2.527264500000000157e-03	-1.391625899999999940e-03
7.585311068000000000e+09	2.324240699999999792e-03	-1.718591399999999918e-03
7.585313568000000000e+09	2.657213099999999883e-03	-8.771236000000000397e-04
7.585316068000000000e+09	1.971711299999999792e-03	-1.363802799999999952e-03
7.585318568000000000e+09	2.128699099999999990e-03	-1.175440999999999942e-03
7.585321068000000000e+09	1.995289400000000053e-03	-1.518874300000000021e-03
7.585323568000000000e+09	2.460454800000000213e-03	-1.544166000000000028e-03
7.585326068000000000e+09	2.456404000000000139e-03	-3.096663999999999732e-04
7.585328568000000000e+09	2.338169299999999853e-03	-1.261583400000000068e-03
7.585331068000000000e+09	1.632297499999999955e-03	-1.488982299999999908e-03
7.585333568000000000e+09	1.984281899999999939e-03	-1.257957000000000086e-03
7.585336068000000000e+09	1.571354000000000067e-03	-1.372033699999999955e-03
7.585338568000000000e+09	2.416217899999999891e-03	-1.923780599999999922e-03
7.585341068000000000e+09	1.734353600000000098e-03	-1.357119099999999981e-03
7.585343568000000000e+09	2.029144999999999994e-03	-1.104762100000000052e-03
7.585346068000000000e+09	2.212875500000000169e-03	-1.119082599999999964e-03
7.585348568000000000e+09	2.647346799999999913e-03	-1.746642500000000027e-03
7.585351068000000000e+09	1.528318199999999932e-03	-9.159828000000000284e-04
7.585353568000000000e+09	1.804679800000000061e-03	-1.369326300000000022e-03
7.585356068000000000e+09	1.555977500000000008e-03	-1.208327199999999994e-03
7.585358568000000000e+09	2.350524499999999840e-03	-1.650791599999999965e-03
7.585361068000000000e+09	1.383931599999999908e-03	-1.594850000000000087e-03
7.585363568000000000e+09	2.186132099999999953e-03	-1.298436600000000022e-03
7.585366068000000000e+09	1.755344899999999918e-03	-5.520418999999999500e-04
7.585368568000000000e+09	2.406376000000000001e-03	-1.344895600000000019e-03
7.585371068000000000e+09	1.960700599999999887e-03	-1.429939700000000102e-03
7.585373568000000000e+09	1.517166900000000004e-03	-1.500293100000000017e-03
7.585376068000000000e+09	2.166641400000000103e-03	-1.764909600000000040e-03
7.585378568000000000e+09	1.691177500000000042e-03	-1.607659800000000054e-03
7.585381068000000000e+09	1.401635499999999987e-03	-6.287959000000000083e-04
7.585383568000000000e+09	1.933618100000000046e-03	-1.006822199999999950e-03
7.585386068000000000e+09	2.043312299999999922e-03	-1.729420800000000015e-03
7.585388568000000000e+09	1.703649300000000108e-03	-9.359869999999999952e-04
7.585391068000000000e+09	1.062442299999999916e-03	-1.739538199999999960e-03
7.585393568000000000e+09	1.970345100000000117e-03	-7.010786999999999661e-04
7.585396068000000000e+09	2.537582100000000066e-03	-1.823679400000000062e-03
7.585398568000000000e+09	2.232473100000000044e-03	-1.856489499999999966e-03
7.585401068000000000e+09	1.638753400000000091e-03	-1.244448800000000051e-03
7.585403568000000000e+09	2.118192200000000146e-03	-1.349404399999999931e-03
7.585406068000000000e+09	1.989285700000000164e-03	-1.930469499999999932e-03
7.585408568000000000e+09	2.122840600000000175e-03	-1.504903799999999982e-03
7.585411068000000000e+09	1.951384999999999925e-03	-1.610454799999999935e-03
7.585413568000000000e+09	2.485892300000000065e-03	-1.247467799999999990e-03
7.585416068000000000e+09	1.930258999999999924e-03	-1.056175500000000080e-03
7.585418568000000000e+09	2.187361000000000080e-03	-1.186376500000000007e-03
7.585421068000000000e+09	1.726262099999999926e-03	-1.310977000000000062e-03
7.585423568000000000e+09	2.188730399999999979e-03	-1.223286299999999964e-03
7.585426068000000000e+09	2.218768800000000142e-03	-1.452088000000000033e-03
7.585428568000000000e+09	2.375452299999999788e-03	-1.507079599999999915e-03
7.585431068000000000e+09	2.101316000000000208e-03	-1.628552599999999895e-03
7.585433568000000000e+09	1.546306199999999964e-03	-1.835679999999999907e-03
7.585436068000000000e+09	2.303675800000000093e-03	-1.046140299999999976e-03
7.585438568000000000e+09	1.692055899999999908e-03	-1.271717300000000002e-03
7.585441068000000000e+09	2.700094699999999910e-03	-1.395658500000000095e-03
7.585443568000000000e+09	1.996671099999999810e-03	-1.606453699999999896e-03
7.585446068000000000e+09	2.052959400000000170e-03	-1.172023199999999970e-03
7.585448568000000000e+09	1.891332699999999931e-03	-1.532222100000000002e-03
7.585451068000000000e+09	2.276637900000000065e-03	-1.336990900000000013e-03
7.585453568000000000e+09	2.591000300000000089e-03	-1.868219699999999978e-03
7.585456068000000000e+09	2.150232000000000185e-03	-1.118579300000000073e-03
7.585458568000000000e+09	1.428856600000000037e-03	-1.677186200000000066e-03
7.585461068000000000e+09	2.210933500000000166e-03	-1.216677599999999981e-03
7.585463568000000000e+09	1.948720199999999991e-03	-1.683973600000000055e-03
7.585466068000000000e+09	2.218868799999999981e-03	-2.225994099999999837e-03
7.585468568000000000e+09	2.011625400000000095e-03	-1.701159800000000104e-03
7.585471068000000000e+09	2.070977099999999922e-03	-1.317157800000000063e-03
7.585473568000000000e+09	2.272684200000000144e-03	-1.448314700000000047e-03
7.585476068000000000e+09	1.730878300000000033e-03	-1.769504899999999959e-03
7.585478568000000000e+09	2.401108400000000025e-03	-1.693450800000000046e-03
7.585481068000000000e+09	1.744932000000000037e-03	-1.747285899999999987e-03
7.585483568000000000e+09	2.400455000000000123e-03	-1.288019399999999976e-03
7.585486068000000000e+09	2.046685800000000183e-03	-2.009891599999999966e-03
7.585488568000000000e+09	1.782028699999999976e-03	-1.889715199999999996e-03
7.585491068000000000e+09	1.648329399999999946e-03	-1.861218499999999941e-03
7.585493568000000000e+09	1.533306199999999973e-03	-1.610005100000000107e-03
7.585496068000000000e+09	2.308291699999999880e-03	-1.764542700000000042e-03
7.585498568000000000e+09	1.974704199999999937e-03	-1.794454399999999934e-03
7.585501068000000000e+09	1.611727700000000103e-03	-1.506539500000000052e-03
