1.018500000000000000e+10	-1.304211300000000101e-03	2.250262900000000142e-03
1.018507500000000000e+10	-1.339584399999999920e-03	2.126021100000000108e-03
1.018515000000000000e+10	-1.377712899999999994e-03	2.127788099999999849e-03
1.018522500000000000e+10	-1.340076599999999929e-03	2.157520300000000113e-03
1.018530000000000000e+10	-1.245537600000000108e-03	2.158788400000000163e-03
1.018537500000000000e+10	-1.365017299999999939e-03	2.139767400000000021e-03
1.018545000000000000e+10	-1.277015000000000051e-03	2.158530799999999923e-03
1.018552500000000000e+10	-1.288653199999999915e-03	2.135606700000000201e-03
1.018560000000000000e+10	-1.273943700000000059e-03	2.240735499999999946e-03
1.018567500000000000e+10	-1.192524900000000018e-03	2.129008200000000010e-03
1.018575000000000000e+10	-1.271460500000000035e-03	2.220989400000000173e-03
1.018582500000000000e+10	-1.343540399999999975e-03	2.158039200000000119e-03
1.018590000000000000e+10	-1.291655199999999911e-03	2.194360800000000073e-03
1.018597500000000000e+10	-1.265100199999999973e-03	2.181617399999999981e-03
1.018605000000000000e+10	-1.285751199999999976e-03	2.132608099999999847e-03
1.018612500000000000e+10	-1.230288300000000057e-03	2.169349100000000138e-03
1.018620000000000000e+10	-1.304578899999999904e-03	2.147331299999999821e-03
1.018627500000000000e+10	-1.230170100000000082e-03	2.114754200000000008e-03
1.018635000000000000e+10	-1.304558699999999955e-03	2.163665300000000048e-03
1.018642500000000000e+10	-1.258054200000000055e-03	2.144343800000000216e-03
1.018650000000000000e+10	-1.330583599999999971e-03	2.173754400000000100e-03
1.018657500000000000e+10	-1.210382500000000035e-03	2.183243999999999983e-03
1.018665000000000000e+10	-1.230012499999999899e-03	2.113498399999999815e-03
1.018672500000000000e+10	-1.300207999999999963e-03	2.112118300000000171e-03
1.018680000000000000e+10	-1.233010099999999913e-03	2.148604399999999841e-03
1.018687500000000000e+10	-1.209911500000000100e-03	2.121055100000000197e-03
1.018695000000000000e+10	-1.281393800000000084e-03	2.117482300000000060e-03
1.018702500000000000e+10	-1.187152599999999900e-03	2.211932800000000060e-03
1.018710000000000000e+10	-1.252744000000000080e-03	2.230800600000000002e-03
1.018717500000000000e+10	-1.268949699999999924e-03	2.183650499999999824e-03
1.018725000000000000e+10	-1.277398500000000072e-03	2.176191799999999902e-03
1.018732500000000000e+10	-1.215053999999999917e-03	2.157855499999999926e-03
1.018740000000000000e+10	-1.286635699999999971e-03	2.168674800000000048e-03
1.018747500000000000e+10	-1.262564899999999964e-03	2.210233499999999986e-03
1.018755000000000000e+10	-1.244327799999999989e-03	2.223513099999999913e-03
1.018762500000000000e+10	-1.217439700000000086e-03	2.212176000000000160e-03
1.018770000000000000e+10	-1.342153499999999963e-03	2.212298599999999900e-03
1.018777500000000000e+10	-1.185011900000000010e-03	2.176226199999999923e-03
1.018785000000000000e+10	-1.139835199999999918e-03	2.260750399999999875e-03
1.018792500000000000e+10	-1.195239000000000067e-03	2.232282199999999998e-03
1.018800000000000000e+10	-1.288484500000000067e-03	2.233859500000000102e-03
1.018807500000000000e+10	-1.162921799999999976e-03	2.244425500000000150e-03
1.018815000000000000e+10	-1.175357199999999989e-03	2.209945599999999823e-03
1.018822500000000000e+10	-1.250347499999999914e-03	2.293925300000000146e-03
1.018830000000000000e+10	-1.170536900000000106e-03	2.249524799999999981e-03
1.018837500000000000e+10	-1.178696699999999932e-03	2.279894399999999894e-03
1.018845000000000000e+10	-1.245917800000000087e-03	2.195616400000000197e-03
1.018852500000000000e+10	-1.113686600000000004e-03	2.240808500000000120e-03
1.018860000000000000e+10	-1.238002200000000051e-03	2.170953900000000079e-03
1.018867500000000000e+10	-1.189368299999999995e-03	2.271988500000000129e-03
1.018875000000000000e+10	-1.210074100000000036e-03	2.179605399999999960e-03
1.018882500000000000e+10	-1.157165199999999998e-03	2.227691300000000062e-03
1.018890000000000000e+10	-1.104840300000000048e-03	2.274420599999999858e-03
1.018897500000000000e+10	-1.166578799999999985e-03	2.250415200000000036e-03
1.018905000000000000e+10	-1.193423500000000050e-03	2.258804699999999912e-03
1.018912500000000000e+10	-1.125120299999999955e-03	2.289187199999999887e-03
1.018920000000000000e+10	-1.141585400000000002e-03	2.222464099999999984e-03
1.018927500000000000e+10	-1.170377900000000096e-03	2.277051100000000022e-03
1.018935000000000000e+10	-1.242016899999999957e-03	2.208864100000000087e-03
1.018942500000000000e+10	-1.152479799999999929e-03	2.245170400000000028e-03
1.018950000000000000e+10	-1.159251899999999905e-03	2.320776300000000191e-03
1.018957500000000000e+10	-1.140753100000000027e-03	2.185585500000000042e-03
1.018965000000000000e+10	-1.120116300000000096e-03	2.297503599999999990e-03
1.018972500000000000e+10	-1.158090399999999994e-03	2.214598099999999948e-03
1.018980000000000000e+10	-1.177139800000000062e-03	2.225405299999999847e-03
1.018987500000000000e+10	-1.179741499999999946e-03	2.223585799999999984e-03
1.018995000000000000e+10	-1.108552600000000049e-03	2.299224199999999954e-03
1.019002500000000000e+10	-1.171354899999999975e-03	2.259124899999999814e-03
1.019010000000000000e+10	-1.173275400000000019e-03	2.317806500000000117e-03
1.019017500000000000e+10	-1.141125300000000098e-03	2.345201900000000190e-03
1.019025000000000000e+10	-1.112778499999999985e-03	2.342859699999999892e-03
1.019032500000000000e+10	-1.180739600000000082e-03	2.177519199999999790e-03
1.019040000000000000e+10	-1.130548600000000087e-03	2.265922100000000109e-03
1.019047500000000000e+10	-1.074771900000000063e-03	2.186530999999999805e-03
1.019055000000000000e+10	-1.134526299999999953e-03	2.358141499999999967e-03
1.019062500000000000e+10	-1.053389000000000061e-03	2.346198900000000167e-03
1.019070000000000000e+10	-1.112679199999999950e-03	2.383463000000000161e-03
1.019077500000000000e+10	-1.097528499999999912e-03	2.308720299999999885e-03
1.019085000000000000e+10	-1.151640200000000067e-03	2.269162999999999823e-03
1.019092500000000000e+10	-1.043138799999999934e-03	2.196218700000000020e-03
1.019100000000000000e+10	-1.096330400000000097e-03	2.312977999999999822e-03
1.019107500000000000e+10	-1.114024099999999951e-03	2.284372599999999996e-03
1.019115000000000000e+10	-1.008723999999999905e-03	2.311026800000000152e-03
1.019122500000000000e+10	-1.084452799999999911e-03	2.291174500000000159e-03
1.019130000000000000e+10	-1.101617700000000069e-03	2.290064100000000109e-03
1.019137500000000000e+10	-1.050171199999999985e-03	2.346753400000000170e-03
1.019145000000000000e+10	-1.135256999999999976e-03	2.305647000000000078e-03
1.019152500000000000e+10	-1.038757599999999949e-03	2.266138200000000075e-03
1.019160000000000000e+10	-1.101516600000000071e-03	2.358749700000000067e-03
1.019167500000000000e+10	-1.047153099999999920e-03	2.242152299999999963e-03
1.019175000000000000e+10	-1.028929999999999949e-03	2.326339399999999887e-03
1.019182500000000000e+10	-1.108483200000000019e-03	2.360518900000000125e-03
1.019190000000000000e+10	-1.102952300000000028e-03	2.270890199999999869e-03
1.019197500000000000e+10	-9.714873999999999645e-04	2.300878799999999964e-03
1.019205000000000000e+10	-1.020889099999999902e-03	2.361050200000000023e-03
1.019212500000000000e+10	-1.016921100000000092e-03	2.266890699999999943e-03
1.019220000000000000e+10	-1.010948299999999897e-03	2.256302300000000063e-03
1.019227500000000000e+10	-1.045464999999999979e-03	2.289457400000000087e-03
1.019235000000000000e+10	-1.102209700000000066e-03	2.315685100000000086e-03
1.019242500000000000e+10	-9.880267999999999776e-04	2.160872999999999787e-03
1.019250000000000000e+10	-9.957068999999999382e-04	2.305215000000000215e-03
1.019257500000000000e+10	-1.078554200000000083e-03	2.309111200000000044e-03
1.019265000000000000e+10	-1.025274700000000086e-03	2.334284500000000009e-03
1.019272500000000000e+10	-9.708409999999999566e-04	2.325001699999999956e-03
1.019280000000000000e+10	-1.035451200000000018e-03	2.290360999999999873e-03
1.019287500000000000e+10	-1.043813900000000079e-03	2.325052700000000000e-03
1.019295000000000000e+10	-1.072857499999999931e-03	2.322838600000000017e-03
1.019302500000000000e+10	-9.656540999999999606e-04	2.341859799999999794e-03
1.019310000000000000e+10	-9.997136999999999690e-04	2.380988399999999817e-03
1.019317500000000000e+10	-9.496087000000000278e-04	2.329777800000000162e-03
1.019325000000000000e+10	-1.014490500000000007e-03	2.305192699999999983e-03
1.019332500000000000e+10	-1.031894999999999904e-03	2.407268499999999905e-03
1.019340000000000000e+10	-9.685416000000000511e-04	2.313201600000000177e-03
1.019347500000000000e+10	-9.774772000000001015e-04	2.328394899999999997e-03
1.019355000000000000e+10	-9.201708999999999757e-04	2.374581499999999911e-03
1.019362500000000000e+10	-9.458080999999999476e-04	2.424061600000000129e-03
1.019370000000000000e+10	-1.066537399999999917e-03	2.343632200000000075e-03
1.019377500000000000e+10	-9.315343999999999491e-04	2.328807999999999920e-03
1.019385000000000000e+10	-9.679044999999999619e-04	2.345603199999999992e-03
1.019392500000000000e+10	-8.757975000000000525e-04	2.386528699999999979e-03
1.019400000000000000e+10	-1.029690700000000011e-03	2.350230300000000130e-03
1.019407500000000000e+10	-9.558556000000000170e-04	2.309129400000000179e-03
1.019415000000000000e+10	-9.196194000000000200e-04	2.396852100000000131e-03
1.019422500000000000e+10	-1.011920199999999988e-03	2.344483999999999978e-03
1.019430000000000000e+10	-1.036699400000000004e-03	2.399332499999999851e-03
1.019437500000000000e+10	-9.403086000000000387e-04	2.391784100000000132e-03
1.019445000000000000e+10	-9.692017999999999944e-04	2.360732500000000105e-03
1.019452500000000000e+10	-9.796397000000000525e-04	2.415322100000000163e-03
1.019460000000000000e+10	-9.458815999999999665e-04	2.305948099999999973e-03
1.019467500000000000e+10	-9.460544999999999458e-04	2.381484799999999957e-03
1.019475000000000000e+10	-8.771666999999999919e-04	2.432624699999999789e-03
1.019482500000000000e+10	-9.738585999999999597e-04	2.402086600000000096e-03
1.019490000000000000e+10	-9.053333999999999470e-04	2.412163499999999891e-03
1.019497500000000000e+10	-8.925247999999999559e-04	2.389688000000000055e-03
1.019505000000000000e+10	-9.099922999999999779e-04	2.405841100000000177e-03
1.019512500000000000e+10	-8.471229999999999732e-04	2.353101199999999872e-03
1.019520000000000000e+10	-9.757239000000000450e-04	2.353969400000000163e-03
1.019527500000000000e+10	-9.338951000000000500e-04	2.387154800000000111e-03
1.019535000000000000e+10	-9.267044000000000106e-04	2.422647500000000165e-03
1.019542500000000000e+10	-9.468970000000000381e-04	2.378116300000000100e-03
1.019550000000000000e+10	-8.949415999999999968e-04	2.373627899999999988e-03
1.019557500000000000e+10	-8.748656999999999745e-04	2.336160400000000022e-03
1.019565000000000000e+10	-8.230559000000000356e-04	2.332517300000000200e-03
1.019572500000000000e+10	-9.365747000000000438e-04	2.332517000000000097e-03
1.019580000000000000e+10	-9.038031000000000406e-04	2.456546300000000092e-03
1.019587500000000000e+10	-9.257348999999999786e-04	2.421448300000000192e-03
1.019595000000000000e+10	-8.421152000000000108e-04	2.411307200000000189e-03
1.019602500000000000e+10	-9.783511999999999851e-04	2.446822700000000211e-03
1.019610000000000000e+10	-8.777868000000000302e-04	2.326696699999999864e-03
1.019617500000000000e+10	-8.344357999999999637e-04	2.459063100000000082e-03
1.019625000000000000e+10	-8.889876000000000332e-04	2.406047399999999836e-03
1.019632500000000000e+10	-8.851205000000000444e-04	2.343720799999999931e-03
1.019640000000000000e+10	-9.119653999999999608e-04	2.448876300000000106e-03
1.019647500000000000e+10	-8.105865000000000292e-04	2.417169600000000033e-03
1.019655000000000000e+10	-8.480430999999999647e-04	2.442569999999999811e-03
1.019662500000000000e+10	-8.347610000000000533e-04	2.321634400000000074e-03
1.019670000000000000e+10	-8.298255999999999515e-04	2.460716700000000184e-03
1.019677500000000000e+10	-8.858652999999999970e-04	2.451029400000000105e-03
1.019685000000000000e+10	-8.910467999999999947e-04	2.371085499999999943e-03
1.019692500000000000e+10	-9.053048999999999862e-04	2.442900899999999893e-03
1.019700000000000000e+10	-8.865526999999999999e-04	2.463798000000000116e-03
1.019707500000000000e+10	-8.359732000000000144e-04	2.418582600000000055e-03
1.019715000000000000e+10	-8.221634999999999490e-04	2.449241400000000141e-03
1.019722500000000000e+10	-7.746663999999999460e-04	2.482874200000000000e-03
1.019730000000000000e+10	-8.151153000000000391e-04	2.413057499999999873e-03
1.019737500000000000e+10	-7.611233000000000451e-04	2.472683299999999928e-03
1.019745000000000000e+10	-7.651882000000000475e-04	2.347360399999999861e-03
1.019752500000000000e+10	-8.821032999999999609e-04	2.454963599999999881e-03
1.019760000000000000e+10	-7.831961000000000348e-04	2.516364000000000101e-03
1.019767500000000000e+10	-7.963020999999999598e-04	2.519336799999999897e-03
1.019775000000000000e+10	-8.711157000000000188e-04	2.453157000000000081e-03
1.019782500000000000e+10	-8.224559000000000210e-04	2.434176200000000203e-03
1.019790000000000000e+10	-7.933162000000000330e-04	2.407482700000000090e-03
1.019797500000000000e+10	-8.599881000000000409e-04	2.509158400000000184e-03
1.019805000000000000e+10	-7.719343999999999728e-04	2.478205800000000091e-03
1.019812500000000000e+10	-8.087676000000000457e-04	2.391858299999999847e-03
1.019820000000000000e+10	-8.357144000000000161e-04	2.385602899999999995e-03
1.019827500000000000e+10	-8.677011999999999789e-04	2.511118599999999888e-03
1.019835000000000000e+10	-8.320488000000000016e-04	2.406943899999999803e-03
1.019842500000000000e+10	-7.855018999999999543e-04	2.466383200000000012e-03
1.019850000000000000e+10	-8.006982000000000379e-04	2.424880600000000122e-03
1.019857500000000000e+10	-7.189024000000000239e-04	2.423200199999999988e-03
1.019865000000000000e+10	-7.122231999999999608e-04	2.448348700000000169e-03
1.019872500000000000e+10	-8.423506999999999783e-04	2.423300499999999930e-03
1.019880000000000000e+10	-7.517835999999999963e-04	2.469674600000000032e-03
1.019887500000000000e+10	-8.300971999999999778e-04	2.431320199999999904e-03
1.019895000000000000e+10	-7.348451999999999892e-04	2.399153299999999892e-03
1.019902500000000000e+10	-7.417222999999999915e-04	2.429646000000000149e-03
1.019910000000000000e+10	-8.326546999999999681e-04	2.467529500000000160e-03
1.019917500000000000e+10	-7.753290999999999829e-04	2.479598099999999992e-03
1.019925000000000000e+10	-7.519230999999999701e-04	2.478695300000000046e-03
1.019932500000000000e+10	-7.759171999999999510e-04	2.457164400000000099e-03
1.019940000000000000e+10	-8.261947999999999862e-04	2.541598200000000016e-03
1.019947500000000000e+10	-8.168153000000000262e-04	2.437046799999999843e-03
1.019955000000000000e+10	-8.045701999999999628e-04	2.546289800000000030e-03
1.019962500000000000e+10	-7.714469000000000491e-04	2.482021200000000122e-03
1.019970000000000000e+10	-6.357761000000000402e-04	2.530619100000000045e-03
1.019977500000000000e+10	-7.453247000000000301e-04	2.563318399999999896e-03
1.019985000000000000e+10	-7.707375999999999507e-04	2.540884900000000071e-03
1.019992500000000000e+10	-7.697964000000000282e-04	2.501266900000000126e-03
1.020000000000000000e+10	-7.359994000000000128e-04	2.534749399999999906e-03
1.020007500000000000e+10	-6.884389999999999997e-04	2.437637400000000013e-03
1.020015000000000000e+10	-7.621690000000000409e-04	2.464291700000000203e-03
1.020022500000000000e+10	-7.693323999999999866e-04	2.433752200000000032e-03
1.020030000000000000e+10	-7.720984999999999871e-04	2.534451000000000065e-03
1.020037500000000000e+10	-6.912726000000000330e-04	2.529893300000000175e-03
1.020045000000000000e+10	-7.304193000000000491e-04	2.492404900000000020e-03
1.020052500000000000e+10	-8.085272999999999592e-04	2.527786599999999953e-03
1.020060000000000000e+10	-7.134507000000000435e-04	2.548082200000000193e-03
1.020067500000000000e+10	-7.205542999999999801e-04	2.563260400000000067e-03
1.020075000000000000e+10	-6.964888999999999716e-04	2.497440300000000179e-03
1.020082500000000000e+10	-6.777203999999999564e-04	2.516348600000000053e-03
1.020090000000000000e+10	-6.963082000000000429e-04	2.486400499999999892e-03
1.020097500000000000e+10	-6.292923999999999653e-04	2.556331099999999829e-03
1.020105000000000000e+10	-7.799471999999999785e-04	2.506768600000000135e-03
1.020112500000000000e+10	-7.023948000000000127e-04	2.479600299999999875e-03
1.020120000000000000e+10	-7.062451000000000189e-04	2.568436400000000033e-03
1.020127500000000000e+10	-7.021506000000000058e-04	2.479515600000000049e-03
1.020135000000000000e+10	-7.153654999999999866e-04	2.584728599999999883e-03
1.020142500000000000e+10	-6.759376000000000316e-04	2.602527700000000117e-03
1.020150000000000000e+10	-6.999369000000000510e-04	2.502093700000000177e-03
1.020157500000000000e+10	-6.538759999999999581e-04	2.565272099999999986e-03
1.020165000000000000e+10	-7.003412000000000092e-04	2.539240999999999807e-03
1.020172500000000000e+10	-6.647362999999999666e-04	2.645202299999999812e-03
1.020180000000000000e+10	-6.450845000000000407e-04	2.573045700000000172e-03
1.020187500000000000e+10	-5.844541000000000189e-04	2.592801400000000183e-03
1.020195000000000000e+10	-6.536438999999999574e-04	2.599951699999999890e-03
1.020202500000000000e+10	-6.365786000000000448e-04	2.449587699999999837e-03
1.020210000000000000e+10	-5.825827999999999476e-04	2.500526999999999785e-03
1.020217500000000000e+10	-6.459372999999999591e-04	2.555003499999999872e-03
1.020225000000000000e+10	-6.106972999999999915e-04	2.617679700000000165e-03
1.020232500000000000e+10	-6.601124999999999788e-04	2.588343099999999928e-03
1.020240000000000000e+10	-5.389633000000000444e-04	2.520729800000000038e-03
1.020247500000000000e+10	-5.725075999999999733e-04	2.597320800000000023e-03
1.020255000000000000e+10	-6.832026999999999631e-04	2.512012799999999938e-03
1.020262500000000000e+10	-6.450552000000000239e-04	2.504620099999999971e-03
1.020270000000000000e+10	-6.489191000000000056e-04	2.536073299999999902e-03
1.020277500000000000e+10	-5.954471999999999933e-04	2.522301800000000069e-03
1.020285000000000000e+10	-6.925854999999999642e-04	2.541619800000000009e-03
1.020292500000000000e+10	-6.479532000000000087e-04	2.506369799999999884e-03
1.020300000000000000e+10	-6.268505999999999644e-04	2.543413300000000113e-03
1.020307500000000000e+10	-6.052893999999999853e-04	2.477028000000000042e-03
1.020315000000000000e+10	-5.902144999999999917e-04	2.619940800000000129e-03
1.020322500000000000e+10	-5.825827999999999476e-04	2.545329099999999855e-03
1.020330000000000000e+10	-5.572978999999999824e-04	2.538533600000000140e-03
1.020337500000000000e+10	-5.744441000000000521e-04	2.488239900000000036e-03
1.020345000000000000e+10	-5.746037000000000497e-04	2.551619900000000069e-03
1.020352500000000000e+10	-6.250716000000000345e-04	2.533517800000000160e-03
1.020360000000000000e+10	-5.625012000000000414e-04	2.551245000000000162e-03
1.020367500000000000e+10	-6.745883000000000478e-04	2.591081099999999887e-03
1.020375000000000000e+10	-5.619670000000000221e-04	2.596101999999999872e-03
1.020382500000000000e+10	-5.478958000000000135e-04	2.563728099999999961e-03
1.020390000000000000e+10	-6.261119000000000320e-04	2.631412400000000210e-03
1.020397500000000000e+10	-5.644549000000000224e-04	2.589843399999999796e-03
1.020405000000000000e+10	-5.707279999999999472e-04	2.599353100000000028e-03
1.020412500000000000e+10	-5.764128000000000524e-04	2.559576899999999912e-03
1.020420000000000000e+10	-5.500551999999999915e-04	2.558663899999999956e-03
1.020427500000000000e+10	-5.887009999999999596e-04	2.598248000000000051e-03
1.020435000000000000e+10	-5.986674000000000205e-04	2.613197299999999931e-03
1.020442500000000000e+10	-5.706002999999999856e-04	2.580807499999999803e-03
1.020450000000000000e+10	-5.289328999999999515e-04	2.607909099999999869e-03
1.020457500000000000e+10	-5.126374999999999856e-04	2.635475500000000141e-03
1.020465000000000000e+10	-4.718640000000000074e-04	2.521867899999999992e-03
1.020472500000000000e+10	-5.623642000000000528e-04	2.558101799999999964e-03
1.020480000000000000e+10	-5.831328999999999679e-04	2.588890300000000044e-03
1.020487500000000000e+10	-5.216660999999999824e-04	2.619878300000000066e-03
1.020495000000000000e+10	-5.403708999999999596e-04	2.545285400000000132e-03
1.020502500000000000e+10	-5.578300000000000446e-04	2.571904800000000130e-03
1.020510000000000000e+10	-5.073204000000000428e-04	2.623088899999999855e-03
1.020517500000000000e+10	-5.381383999999999907e-04	2.604930799999999932e-03
1.020525000000000000e+10	-5.210543999999999896e-04	2.605019000000000085e-03
1.020532500000000000e+10	-5.017056999999999897e-04	2.616281199999999883e-03
1.020540000000000000e+10	-4.552542999999999824e-04	2.725717199999999965e-03
1.020547500000000000e+10	-5.575242999999999909e-04	2.553692800000000040e-03
1.020555000000000000e+10	-5.552124000000000512e-04	2.607594100000000005e-03
1.020562500000000000e+10	-4.696300999999999948e-04	2.669177500000000178e-03
1.020570000000000000e+10	-4.836085999999999965e-04	2.576728800000000191e-03
1.020577500000000000e+10	-4.921545999999999517e-04	2.608328999999999943e-03
1.020585000000000000e+10	-5.034234000000000495e-04	2.574819999999999800e-03
1.020592500000000000e+10	-4.575398000000000269e-04	2.545803599999999899e-03
1.020600000000000000e+10	-5.243830000000000106e-04	2.620913099999999923e-03
1.020607500000000000e+10	-5.210367000000000253e-04	2.616312300000000080e-03
1.020615000000000000e+10	-5.126541000000000084e-04	2.574564000000000106e-03
1.020622500000000000e+10	-4.781351999999999890e-04	2.539269499999999985e-03
1.020630000000000000e+10	-4.910337000000000078e-04	2.634115700000000046e-03
1.020637500000000000e+10	-4.697317999999999806e-04	2.652075500000000002e-03
1.020645000000000000e+10	-4.430276999999999935e-04	2.582318100000000147e-03
1.020652500000000000e+10	-4.511499999999999885e-04	2.583246600000000184e-03
1.020660000000000000e+10	-4.862554000000000268e-04	2.597162000000000082e-03
1.020667500000000000e+10	-4.539190999999999821e-04	2.577087000000000041e-03
1.020675000000000000e+10	-4.745719999999999821e-04	2.640585699999999786e-03
1.020682500000000000e+10	-5.548842999999999484e-04	2.527298700000000110e-03
1.020690000000000000e+10	-4.086917999999999823e-04	2.706397100000000177e-03
1.020697500000000000e+10	-4.622272999999999985e-04	2.607412600000000129e-03
1.020705000000000000e+10	-4.525007000000000161e-04	2.630621499999999825e-03
1.020712500000000000e+10	-4.890991000000000349e-04	2.628807800000000205e-03
1.020720000000000000e+10	-4.373178999999999825e-04	2.652247400000000074e-03
1.020727500000000000e+10	-3.940718999999999971e-04	2.637688400000000148e-03
1.020735000000000000e+10	-3.587465000000000185e-04	2.595148299999999915e-03
1.020742500000000000e+10	-4.382537999999999950e-04	2.612955399999999841e-03
1.020750000000000000e+10	-4.539432000000000146e-04	2.591973400000000156e-03
1.020757500000000000e+10	-5.173276000000000307e-04	2.624885400000000115e-03
1.020765000000000000e+10	-4.638582000000000035e-04	2.733680400000000187e-03
1.020772500000000000e+10	-3.402902999999999766e-04	2.586774500000000188e-03
1.020780000000000000e+10	-3.641949000000000119e-04	2.687336399999999941e-03
1.020787500000000000e+10	-3.763541000000000022e-04	2.589738800000000122e-03
1.020795000000000000e+10	-3.332979000000000128e-04	2.620575899999999861e-03
1.020802500000000000e+10	-4.126957999999999798e-04	2.620354799999999925e-03
1.020810000000000000e+10	-4.245168000000000010e-04	2.734557400000000010e-03
1.020817500000000000e+10	-3.787805000000000100e-04	2.659733599999999833e-03
1.020825000000000000e+10	-3.601101999999999797e-04	2.629520000000000208e-03
1.020832500000000000e+10	-3.529254000000000007e-04	2.691293300000000086e-03
1.020840000000000000e+10	-3.709426999999999950e-04	2.602549500000000179e-03
1.020847500000000000e+10	-4.089558000000000190e-04	2.634282899999999816e-03
1.020855000000000000e+10	-4.169943000000000065e-04	2.652432699999999945e-03
1.020862500000000000e+10	-3.580394000000000198e-04	2.628112000000000156e-03
1.020870000000000000e+10	-3.424081000000000260e-04	2.712098899999999899e-03
1.020877500000000000e+10	-4.371584000000000190e-04	2.690345199999999871e-03
1.020885000000000000e+10	-3.430918000000000140e-04	2.613130300000000069e-03
1.020892500000000000e+10	-3.824478999999999878e-04	2.654317900000000095e-03
1.020900000000000000e+10	-3.898368999999999945e-04	2.688924999999999996e-03
1.020907500000000000e+10	-4.562383000000000259e-04	2.628921299999999878e-03
1.020915000000000000e+10	-2.684890999999999905e-04	2.675132399999999907e-03
1.020922500000000000e+10	-2.848543000000000147e-04	2.677706299999999852e-03
1.020930000000000000e+10	-3.471904000000000158e-04	2.636286399999999974e-03
1.020937500000000000e+10	-3.124638000000000220e-04	2.670990199999999891e-03
1.020945000000000000e+10	-3.835220999999999986e-04	2.626751999999999993e-03
1.020952500000000000e+10	-3.296376999999999966e-04	2.671215800000000060e-03
1.020960000000000000e+10	-3.110454999999999817e-04	2.655034499999999863e-03
1.020967500000000000e+10	-2.974152999999999780e-04	2.674871300000000209e-03
1.020975000000000000e+10	-3.799944999999999885e-04	2.682579899999999913e-03
1.020982500000000000e+10	-3.477768999999999804e-04	2.644780199999999856e-03
1.020990000000000000e+10	-3.000354999999999906e-04	2.712826099999999813e-03
1.020997500000000000e+10	-3.639078999999999925e-04	2.642845899999999876e-03
1.021005000000000000e+10	-3.629109000000000154e-04	2.661222500000000150e-03
1.021012500000000000e+10	-2.974445000000000149e-04	2.644791499999999806e-03
1.021020000000000000e+10	-2.703536000000000199e-04	2.709706499999999831e-03
1.021027500000000000e+10	-3.511283000000000242e-04	2.648478899999999990e-03
1.021035000000000000e+10	-3.045403000000000021e-04	2.715874000000000066e-03
1.021042500000000000e+10	-2.891977999999999910e-04	2.747308600000000160e-03
1.021050000000000000e+10	-3.343482999999999850e-04	2.678008899999999824e-03
1.021057500000000000e+10	-3.426538999999999822e-04	2.665694299999999805e-03
1.021065000000000000e+10	-2.771671999999999981e-04	2.664703400000000173e-03
1.021072500000000000e+10	-3.379896999999999871e-04	2.737184100000000179e-03
1.021080000000000000e+10	-2.587180000000000122e-04	2.694194599999999787e-03
1.021087500000000000e+10	-2.670029999999999778e-04	2.721856300000000031e-03
1.021095000000000000e+10	-3.067036999999999888e-04	2.632991999999999798e-03
1.021102500000000000e+10	-2.415151999999999946e-04	2.681947899999999937e-03
1.021110000000000000e+10	-2.412392999999999927e-04	2.816320800000000034e-03
1.021117500000000000e+10	-2.888267000000000243e-04	2.769262499999999936e-03
1.021125000000000000e+10	-2.826635999999999884e-04	2.688244700000000029e-03
1.021132500000000000e+10	-2.727394999999999863e-04	2.635631399999999961e-03
1.021140000000000000e+10	-3.073417999999999853e-04	2.718584500000000188e-03
1.021147500000000000e+10	-2.851091999999999841e-04	2.733114000000000030e-03
1.021155000000000000e+10	-1.757306999999999945e-04	2.712727700000000085e-03
1.021162500000000000e+10	-2.074676999999999923e-04	2.774957000000000205e-03
1.021170000000000000e+10	-2.515708999999999871e-04	2.702354900000000001e-03
1.021177500000000000e+10	-2.728105999999999999e-04	2.674745699999999879e-03
1.021185000000000000e+10	-2.669254000000000245e-04	2.720785099999999904e-03
1.021192500000000000e+10	-1.125545000000000012e-04	2.759033799999999984e-03
1.021200000000000000e+10	-2.215099000000000050e-04	2.729134700000000052e-03
1.021207500000000000e+10	-1.954308999999999994e-04	2.697045400000000048e-03
1.021215000000000000e+10	-2.670640999999999965e-04	2.750196400000000027e-03
1.021222500000000000e+10	-2.921430000000000251e-04	2.776926700000000112e-03
1.021230000000000000e+10	-2.251904000000000048e-04	2.764855999999999998e-03
1.021237500000000000e+10	-2.290111000000000002e-04	2.751512499999999965e-03
1.021245000000000000e+10	-2.107083000000000100e-04	2.745695800000000093e-03
1.021252500000000000e+10	-1.312704000000000095e-04	2.721409299999999823e-03
1.021260000000000000e+10	-1.702340999999999902e-04	2.768538899999999948e-03
1.021267500000000000e+10	-2.435700000000000007e-04	2.723052699999999916e-03
1.021275000000000000e+10	-2.924733000000000107e-04	2.684366399999999798e-03
1.021282500000000000e+10	-1.912582999999999981e-04	2.765200099999999810e-03
1.021290000000000000e+10	-1.714021000000000034e-04	2.790655899999999832e-03
1.021297500000000000e+10	-2.566305999999999752e-04	2.846039600000000065e-03
1.021305000000000000e+10	-2.549801000000000086e-04	2.863392499999999931e-03
1.021312500000000000e+10	-2.202775999999999931e-04	2.711867199999999818e-03
1.021320000000000000e+10	-1.949908000000000034e-04	2.704536400000000142e-03
1.021327500000000000e+10	-1.740246999999999942e-04	2.711896799999999937e-03
1.021335000000000000e+10	-1.675578999999999903e-04	2.812317899999999815e-03
1.021342500000000000e+10	-1.035079999999999990e-04	2.789025899999999971e-03
1.021350000000000000e+10	-1.479500999999999982e-04	2.737280600000000126e-03
1.021357500000000000e+10	-1.529799999999999888e-04	2.680775099999999859e-03
1.021365000000000000e+10	-1.054326000000000042e-04	2.725996999999999969e-03
1.021372500000000000e+10	-1.406626999999999975e-04	2.738806299999999982e-03
1.021380000000000000e+10	-1.207862000000000058e-04	2.724228300000000082e-03
1.021387500000000000e+10	-1.306385000000000131e-04	2.732346899999999953e-03
1.021395000000000000e+10	-1.627440000000000126e-04	2.766129600000000188e-03
1.021402500000000000e+10	-1.510337000000000105e-04	2.804528499999999879e-03
1.021410000000000000e+10	-1.354179999999999967e-04	2.712942800000000144e-03
1.021417500000000000e+10	-1.395144999999999870e-04	2.739861799999999958e-03
1.021425000000000000e+10	-1.797852000000000011e-04	2.729133800000000179e-03
1.021432500000000000e+10	-5.705689999999999915e-05	2.747264299999999798e-03
1.021440000000000000e+10	-7.575369999999999944e-05	2.795465300000000118e-03
1.021447500000000000e+10	-9.207939999999999799e-05	2.736487899999999994e-03
1.021455000000000000e+10	-1.263740000000000067e-04	2.731511399999999971e-03
1.021462500000000000e+10	-1.236529999999999899e-04	2.790036799999999918e-03
1.021470000000000000e+10	-7.834129999999999480e-05	2.823554099999999855e-03
1.021477500000000000e+10	-1.739654999999999999e-04	2.809314399999999958e-03
1.021485000000000000e+10	-1.773369000000000063e-04	2.778366100000000029e-03
1.021492500000000000e+10	-1.857689999999999895e-04	2.793757300000000113e-03
1.021500000000000000e+10	-1.039701000000000026e-04	2.768620800000000121e-03
1.021507500000000000e+10	-5.956939999999999924e-05	2.823579000000000106e-03
1.021515000000000000e+10	-1.058935000000000052e-04	2.744922900000000207e-03
1.021522500000000000e+10	-1.288999999999999962e-07	2.785005000000000119e-03
1.021530000000000000e+10	-1.036809000000000054e-04	2.738785499999999828e-03
1.021537500000000000e+10	-1.025072000000000000e-04	2.852168200000000046e-03
1.021545000000000000e+10	-9.536770000000000511e-05	2.786145199999999923e-03
1.021552500000000000e+10	-7.880529999999999577e-05	2.878754700000000100e-03
1.021560000000000000e+10	-7.331169999999999809e-05	2.785208600000000159e-03
1.021567500000000000e+10	-1.377829000000000120e-04	2.744676200000000215e-03
1.021575000000000000e+10	-6.713890000000000190e-05	2.794708099999999949e-03
1.021582500000000000e+10	-5.390369999999999689e-05	2.724542400000000072e-03
1.021590000000000000e+10	-7.253289999999999803e-05	2.748292900000000143e-03
1.021597500000000000e+10	-9.279679999999999895e-05	2.814246399999999985e-03
1.021605000000000000e+10	-4.634849999999999848e-05	2.752972900000000105e-03
1.021612500000000000e+10	-3.232970000000000320e-05	2.801331499999999957e-03
1.021620000000000000e+10	-3.963029999999999900e-05	2.856865699999999904e-03
1.021627500000000000e+10	-7.065920000000000274e-05	2.791930000000000193e-03
1.021635000000000000e+10	-2.030289999999999835e-05	2.813486300000000127e-03
1.021642500000000000e+10	-3.453779999999999990e-05	2.833635000000000147e-03
1.021650000000000000e+10	-6.524910000000000519e-05	2.790899700000000136e-03
1.021657500000000000e+10	-2.965100000000000122e-05	2.783441599999999985e-03
1.021665000000000000e+10	-1.520010000000000038e-05	2.845300399999999962e-03
1.021672500000000000e+10	-7.202970000000000596e-05	2.800873900000000038e-03
1.021680000000000000e+10	-8.050680000000000650e-05	2.760570600000000156e-03
1.021687500000000000e+10	-5.046600000000000098e-06	2.850463699999999934e-03
1.021695000000000000e+10	-9.363869999999999507e-05	2.869909800000000188e-03
1.021702500000000000e+10	-1.598449999999999917e-05	2.747677799999999858e-03
1.021710000000000000e+10	4.605599999999999577e-06	2.859691399999999845e-03
1.021717500000000000e+10	-2.611769999999999898e-05	2.801392399999999908e-03
1.021725000000000000e+10	3.741689999999999746e-05	2.741988700000000129e-03
1.021732500000000000e+10	-4.440620000000000184e-05	2.859245800000000115e-03
1.021740000000000000e+10	3.476790000000000300e-05	2.836433299999999852e-03
1.021747500000000000e+10	-9.807500000000000544e-06	2.861609299999999870e-03
1.021755000000000000e+10	-5.618340000000000150e-05	2.818735699999999969e-03
1.021762500000000000e+10	-8.714599999999999539e-06	2.805116900000000166e-03
1.021770000000000000e+10	9.241100000000000342e-06	2.761305199999999991e-03
1.021777500000000000e+10	8.268700000000000301e-05	2.831564799999999795e-03
1.021785000000000000e+10	-2.228699999999999939e-06	2.873499800000000118e-03
1.021792500000000000e+10	-4.192889999999999763e-05	2.821298099999999896e-03
1.021800000000000000e+10	-3.423739999999999851e-05	2.777818599999999812e-03
1.021807500000000000e+10	7.863490000000000161e-05	2.846667000000000208e-03
1.021815000000000000e+10	-8.406399999999999677e-06	2.758443199999999814e-03
1.021822500000000000e+10	-4.102770000000000023e-05	2.819944899999999883e-03
1.021830000000000000e+10	2.800629999999999984e-05	2.843611399999999931e-03
1.021837500000000000e+10	6.973439999999999424e-05	2.791692000000000132e-03
1.021845000000000000e+10	6.984790000000000595e-05	2.793313500000000130e-03
1.021852500000000000e+10	2.136380000000000034e-05	2.903377300000000057e-03
1.021860000000000000e+10	4.048520000000000330e-05	2.842169099999999893e-03
1.021867500000000000e+10	7.214889999999999628e-05	2.830979200000000029e-03
1.021875000000000000e+10	1.659220000000000015e-05	2.884778699999999974e-03
1.021882500000000000e+10	3.770930000000000164e-05	2.858820299999999866e-03
1.021890000000000000e+10	1.615205999999999999e-04	2.815656799999999987e-03
1.021897500000000000e+10	6.720300000000000015e-05	2.917023400000000061e-03
1.021905000000000000e+10	5.213800000000000124e-05	2.832354200000000103e-03
1.021912500000000000e+10	7.373029999999999439e-05	2.839004500000000177e-03
1.021920000000000000e+10	5.841029999999999877e-05	2.860731000000000038e-03
1.021927500000000000e+10	9.109409999999999914e-05	2.812640899999999805e-03
1.021935000000000000e+10	8.027210000000000009e-05	2.836646799999999798e-03
1.021942500000000000e+10	8.479599999999999247e-06	2.935739799999999983e-03
1.021950000000000000e+10	1.713208999999999880e-04	2.873766099999999855e-03
1.021957500000000000e+10	-8.513200000000000078e-06	2.807992200000000108e-03
1.021965000000000000e+10	9.093329999999999892e-05	2.872685499999999992e-03
1.021972500000000000e+10	5.913559999999999672e-05	2.910657200000000156e-03
1.021980000000000000e+10	6.991829999999999768e-05	2.883571699999999943e-03
1.021987500000000000e+10	1.398681000000000034e-04	2.927222199999999792e-03
1.021995000000000000e+10	8.043370000000000207e-05	2.863521799999999787e-03
1.022002500000000000e+10	1.573292999999999914e-04	2.897013500000000102e-03
1.022010000000000000e+10	1.539308999999999936e-04	2.766774799999999895e-03
1.022017500000000000e+10	1.586942999999999893e-04	2.846936699999999803e-03
1.022025000000000000e+10	5.835960000000000279e-05	2.831977199999999913e-03
1.022032500000000000e+10	1.010593999999999967e-04	2.933707199999999876e-03
1.022040000000000000e+10	8.258060000000000010e-05	2.910059999999999904e-03
1.022047500000000000e+10	7.441249999999999948e-05	2.819328900000000158e-03
1.022055000000000000e+10	1.058619000000000037e-04	2.887710500000000100e-03
1.022062500000000000e+10	1.458134000000000090e-04	2.853899500000000190e-03
1.022070000000000000e+10	1.140457000000000048e-04	2.880497399999999795e-03
1.022077500000000000e+10	1.147507000000000057e-04	2.834659299999999892e-03
1.022085000000000000e+10	2.251680999999999897e-04	2.874154299999999961e-03
1.022092500000000000e+10	1.180776999999999961e-04	2.931860599999999879e-03
1.022100000000000000e+10	1.649207999999999881e-04	2.875356899999999792e-03
1.022107500000000000e+10	1.653698000000000104e-04	2.925702999999999984e-03
1.022115000000000000e+10	1.811820000000000010e-04	2.822892400000000159e-03
1.022122500000000000e+10	1.584746999999999957e-04	2.868244800000000101e-03
1.022130000000000000e+10	1.329978999999999959e-04	2.936962899999999866e-03
1.022137500000000000e+10	1.846705000000000135e-04	2.837285199999999789e-03
1.022145000000000000e+10	1.807892999999999870e-04	2.872381600000000011e-03
1.022152500000000000e+10	2.021644000000000121e-04	2.911764199999999914e-03
1.022160000000000000e+10	2.279981999999999951e-04	2.893772599999999955e-03
1.022167500000000000e+10	1.674835999999999968e-04	2.899778799999999830e-03
1.022175000000000000e+10	1.338742000000000133e-04	2.918186299999999799e-03
1.022182500000000000e+10	2.474225000000000252e-04	2.859027000000000096e-03
1.022190000000000000e+10	1.657419999999999998e-04	2.955532199999999932e-03
1.022197500000000000e+10	1.864307999999999905e-04	2.870456400000000099e-03
1.022205000000000000e+10	1.620896999999999941e-04	2.943025299999999823e-03
1.022212500000000000e+10	2.312427999999999944e-04	2.920989499999999874e-03
1.022220000000000000e+10	9.278649999999999669e-05	2.895937500000000074e-03
1.022227500000000000e+10	1.287906000000000066e-04	2.869575699999999882e-03
1.022235000000000000e+10	2.150427000000000003e-04	2.929158299999999951e-03
1.022242500000000000e+10	2.517802999999999990e-04	2.927040599999999881e-03
1.022250000000000000e+10	2.443165000000000180e-04	2.946028800000000114e-03
1.022257500000000000e+10	1.994428999999999874e-04	2.963882200000000217e-03
1.022265000000000000e+10	2.450330000000000238e-04	2.919052000000000105e-03
1.022272500000000000e+10	2.890014000000000211e-04	2.983029099999999923e-03
1.022280000000000000e+10	2.093704999999999904e-04	2.912203099999999961e-03
1.022287500000000000e+10	2.610318000000000035e-04	2.887718200000000124e-03
1.022295000000000000e+10	2.108207000000000126e-04	2.912643300000000018e-03
1.022302500000000000e+10	3.196168999999999790e-04	2.834992699999999959e-03
1.022310000000000000e+10	2.694816999999999851e-04	2.893052499999999860e-03
1.022317500000000000e+10	2.533235000000000217e-04	2.900287899999999964e-03
1.022325000000000000e+10	2.320470000000000095e-04	2.853768000000000016e-03
1.022332500000000000e+10	2.631986000000000113e-04	2.910629000000000081e-03
1.022340000000000000e+10	3.344565000000000190e-04	2.958770999999999797e-03
1.022347500000000000e+10	2.574450000000000262e-04	2.964092199999999837e-03
1.022355000000000000e+10	2.310276999999999904e-04	2.934462100000000129e-03
1.022362500000000000e+10	1.784097000000000005e-04	2.943134200000000096e-03
1.022370000000000000e+10	2.252354000000000086e-04	2.964314300000000114e-03
1.022377500000000000e+10	2.762411000000000207e-04	2.924449400000000109e-03
1.022385000000000000e+10	3.166148000000000031e-04	2.929326900000000199e-03
1.022392500000000000e+10	3.149499999999999847e-04	2.917329099999999790e-03
1.022400000000000000e+10	2.794954000000000210e-04	2.954331499999999881e-03
1.022407500000000000e+10	3.755181999999999921e-04	2.947387200000000165e-03
1.022415000000000000e+10	2.828886000000000074e-04	2.900548599999999960e-03
1.022422500000000000e+10	3.392919000000000100e-04	2.960479800000000074e-03
1.022430000000000000e+10	3.577715999999999882e-04	2.987279299999999905e-03
1.022437500000000000e+10	3.510036999999999814e-04	2.916627000000000195e-03
1.022445000000000000e+10	3.021987999999999975e-04	2.913564699999999803e-03
1.022452500000000000e+10	4.017205000000000038e-04	2.928359699999999975e-03
1.022460000000000000e+10	3.269020000000000085e-04	2.877922599999999977e-03
1.022467500000000000e+10	2.809805000000000180e-04	2.947636699999999811e-03
1.022475000000000000e+10	3.481383000000000004e-04	2.924734500000000185e-03
1.022482500000000000e+10	3.769083999999999911e-04	2.968698300000000186e-03
1.022490000000000000e+10	3.540549999999999839e-04	3.000777999999999952e-03
1.022497500000000000e+10	2.968909999999999735e-04	2.992002399999999819e-03
1.022505000000000000e+10	2.376361999999999865e-04	3.007621099999999853e-03
1.022512500000000000e+10	3.411196000000000128e-04	2.980351400000000144e-03
1.022520000000000000e+10	3.512434000000000259e-04	2.928699400000000022e-03
1.022527500000000000e+10	3.590325000000000222e-04	2.994393599999999912e-03
1.022535000000000000e+10	3.847375000000000209e-04	2.967023100000000090e-03
1.022542500000000000e+10	3.398515999999999972e-04	2.953464500000000000e-03
1.022550000000000000e+10	3.995404999999999942e-04	2.942582300000000112e-03
1.022557500000000000e+10	3.532432999999999862e-04	2.962413699999999917e-03
1.022565000000000000e+10	4.093677000000000210e-04	2.910433200000000099e-03
1.022572500000000000e+10	3.916697999999999816e-04	2.976213599999999893e-03
1.022580000000000000e+10	3.263143000000000142e-04	2.998312700000000178e-03
1.022587500000000000e+10	3.213916000000000147e-04	2.947772699999999784e-03
1.022595000000000000e+10	3.632013000000000017e-04	2.976771300000000120e-03
1.022602500000000000e+10	4.122473000000000196e-04	2.976706400000000106e-03
1.022610000000000000e+10	3.517378000000000258e-04	2.911171000000000158e-03
1.022617500000000000e+10	3.403231999999999742e-04	2.997165999999999893e-03
1.022625000000000000e+10	3.628287999999999913e-04	3.039137099999999949e-03
1.022632500000000000e+10	3.546423000000000045e-04	2.992054699999999873e-03
1.022640000000000000e+10	4.300449999999999932e-04	3.031724999999999871e-03
1.022647500000000000e+10	3.822125999999999801e-04	2.938309899999999933e-03
1.022655000000000000e+10	4.654522000000000021e-04	3.037866199999999812e-03
1.022662500000000000e+10	4.477584000000000056e-04	2.977269500000000006e-03
1.022670000000000000e+10	4.230778000000000034e-04	3.028341899999999805e-03
1.022677500000000000e+10	3.597383999999999912e-04	3.003159100000000071e-03
1.022685000000000000e+10	4.733006999999999796e-04	2.899890799999999859e-03
1.022692500000000000e+10	4.441487000000000256e-04	2.983849499999999960e-03
1.022700000000000000e+10	4.365336000000000043e-04	2.904440299999999989e-03
1.022707500000000000e+10	4.595703999999999935e-04	3.010495499999999922e-03
1.022715000000000000e+10	4.118967999999999761e-04	2.999728299999999785e-03
1.022722500000000000e+10	3.963827999999999753e-04	2.966387899999999890e-03
1.022730000000000000e+10	4.723816999999999838e-04	2.921578700000000001e-03
1.022737500000000000e+10	4.897349000000000060e-04	3.046011799999999783e-03
1.022745000000000000e+10	4.598261000000000188e-04	3.027187699999999999e-03
1.022752500000000000e+10	4.512852999999999938e-04	2.985889499999999988e-03
1.022760000000000000e+10	4.565408000000000183e-04	2.965821999999999903e-03
1.022767500000000000e+10	4.704806999999999761e-04	3.059394500000000173e-03
1.022775000000000000e+10	5.515437999999999895e-04	2.982057199999999832e-03
1.022782500000000000e+10	5.111830000000000150e-04	2.986919599999999977e-03
1.022790000000000000e+10	3.828882000000000249e-04	3.020525100000000067e-03
1.022797500000000000e+10	4.728024999999999849e-04	3.055406200000000162e-03
1.022805000000000000e+10	5.107434999999999796e-04	3.050959900000000096e-03
1.022812500000000000e+10	5.351610000000000351e-04	3.031102400000000065e-03
1.022820000000000000e+10	5.120072000000000468e-04	2.995691300000000081e-03
1.022827500000000000e+10	4.872936999999999928e-04	2.977437999999999786e-03
1.022835000000000000e+10	4.689685999999999876e-04	2.961549200000000021e-03
1.022842500000000000e+10	5.219934000000000292e-04	2.959921999999999814e-03
1.022850000000000000e+10	5.487826999999999593e-04	2.967270599999999921e-03
1.022857500000000000e+10	5.551815999999999566e-04	2.990867600000000123e-03
1.022865000000000000e+10	4.957028999999999732e-04	2.994090100000000067e-03
1.022872500000000000e+10	4.750120000000000254e-04	3.006696899999999981e-03
1.022880000000000000e+10	5.369879999999999619e-04	3.030740499999999820e-03
1.022887500000000000e+10	5.713177000000000273e-04	2.984376999999999863e-03
1.022895000000000000e+10	5.696342000000000289e-04	3.025211900000000179e-03
1.022902500000000000e+10	5.204568000000000345e-04	2.988850800000000200e-03
1.022910000000000000e+10	5.676163999999999819e-04	3.039487100000000039e-03
1.022917500000000000e+10	5.888402000000000480e-04	3.041704599999999880e-03
1.022925000000000000e+10	6.083822000000000448e-04	3.092457500000000015e-03
1.022932500000000000e+10	5.604727999999999577e-04	3.028715300000000069e-03
1.022940000000000000e+10	5.996954999999999777e-04	3.084705200000000154e-03
1.022947500000000000e+10	5.775923999999999555e-04	3.011170899999999952e-03
1.022955000000000000e+10	5.390724999999999857e-04	2.991739700000000009e-03
1.022962500000000000e+10	6.016100999999999610e-04	3.019563299999999950e-03
1.022970000000000000e+10	5.838069999999999891e-04	3.054006699999999973e-03
1.022977500000000000e+10	4.816771999999999764e-04	3.065360499999999783e-03
1.022985000000000000e+10	6.026179000000000431e-04	3.029722700000000123e-03
1.022992500000000000e+10	5.398433999999999481e-04	3.018409699999999914e-03
1.023000000000000000e+10	5.794059000000000492e-04	3.061334000000000190e-03
1.023007500000000000e+10	4.775846999999999948e-04	3.058324199999999920e-03
1.023015000000000000e+10	5.523160999999999956e-04	3.043251700000000094e-03
1.023022500000000000e+10	5.356814000000000107e-04	3.066041700000000057e-03
1.023030000000000000e+10	6.250261000000000228e-04	3.088892900000000073e-03
1.023037500000000000e+10	6.164967000000000363e-04	3.122560300000000021e-03
1.023045000000000000e+10	6.069718999999999679e-04	3.093594600000000062e-03
1.023052500000000000e+10	6.481268000000000098e-04	3.044097400000000085e-03
1.023060000000000000e+10	6.193532999999999981e-04	3.036267000000000046e-03
1.023067500000000000e+10	5.971362000000000241e-04	3.050134800000000191e-03
1.023075000000000000e+10	6.632143999999999973e-04	3.001995600000000129e-03
1.023082500000000000e+10	5.918394999999999906e-04	3.007965500000000202e-03
1.023090000000000000e+10	6.676927999999999509e-04	2.978763100000000191e-03
1.023097500000000000e+10	6.676142000000000361e-04	3.034639699999999805e-03
1.023105000000000000e+10	6.202751999999999528e-04	3.082831099999999887e-03
1.023112500000000000e+10	6.519626999999999844e-04	3.042222399999999945e-03
1.023120000000000000e+10	6.429597000000000437e-04	3.103913800000000084e-03
1.023127500000000000e+10	5.953932000000000105e-04	3.109438099999999993e-03
1.023135000000000000e+10	6.427935999999999980e-04	3.061487099999999923e-03
1.023142500000000000e+10	6.493468000000000287e-04	3.050613499999999933e-03
1.023150000000000000e+10	6.638716000000000018e-04	3.070131099999999849e-03
1.023157500000000000e+10	6.003958999999999685e-04	3.032651600000000128e-03
1.023165000000000000e+10	7.212036000000000011e-04	3.018202700000000016e-03
1.023172500000000000e+10	6.913377000000000064e-04	3.067400000000000074e-03
1.023180000000000000e+10	6.580699999999999657e-04	3.077199499999999817e-03
1.023187500000000000e+10	6.740490000000000240e-04	3.089301300000000128e-03
1.023195000000000000e+10	7.235371000000000424e-04	3.103878999999999926e-03
1.023202500000000000e+10	6.831648000000000494e-04	3.079391099999999933e-03
1.023210000000000000e+10	6.927265000000000159e-04	3.058523400000000194e-03
1.023217500000000000e+10	6.882191000000000393e-04	3.112587799999999832e-03
1.023225000000000000e+10	7.440971999999999474e-04	2.967438599999999965e-03
1.023232500000000000e+10	6.839602000000000182e-04	3.111870200000000156e-03
1.023240000000000000e+10	7.036542000000000231e-04	3.032050799999999949e-03
1.023247500000000000e+10	7.702183000000000250e-04	3.099511499999999843e-03
1.023255000000000000e+10	7.764656000000000422e-04	3.077406400000000115e-03
1.023262500000000000e+10	6.891866000000000398e-04	3.055340799999999978e-03
1.023270000000000000e+10	8.341363999999999983e-04	3.053925400000000005e-03
1.023277500000000000e+10	6.900492999999999731e-04	3.095972299999999889e-03
1.023285000000000000e+10	6.822367000000000405e-04	3.020044999999999848e-03
1.023292500000000000e+10	7.773310000000000289e-04	3.062090600000000155e-03
1.023300000000000000e+10	7.423138999999999606e-04	3.073809700000000068e-03
1.023307500000000000e+10	7.452976000000000045e-04	3.069590699999999884e-03
1.023315000000000000e+10	7.487083000000000496e-04	3.127744799999999849e-03
1.023322500000000000e+10	7.542138000000000531e-04	3.045977799999999899e-03
1.023330000000000000e+10	8.033101999999999647e-04	3.061737499999999876e-03
1.023337500000000000e+10	7.984210000000000048e-04	3.137018000000000098e-03
1.023345000000000000e+10	7.855908000000000205e-04	3.065054299999999884e-03
1.023352500000000000e+10	7.626708999999999962e-04	3.081143599999999934e-03
1.023360000000000000e+10	7.285507000000000311e-04	3.118140900000000021e-03
1.023367500000000000e+10	7.491884000000000520e-04	3.074824099999999907e-03
1.023375000000000000e+10	7.512455999999999821e-04	3.080962500000000194e-03
1.023382500000000000e+10	7.988227999999999778e-04	3.026997699999999826e-03
1.023390000000000000e+10	8.391305999999999852e-04	3.097394700000000081e-03
1.023397500000000000e+10	8.395790000000000197e-04	3.051911300000000136e-03
1.023405000000000000e+10	7.778365000000000192e-04	3.071904199999999936e-03
1.023412500000000000e+10	8.294565999999999962e-04	3.149440099999999913e-03
1.023420000000000000e+10	7.980085999999999950e-04	3.105576499999999820e-03
1.023427500000000000e+10	7.383268000000000339e-04	3.097360799999999796e-03
1.023435000000000000e+10	8.262373999999999847e-04	3.154985800000000180e-03
1.023442500000000000e+10	8.360206999999999491e-04	3.047347599999999934e-03
1.023450000000000000e+10	8.518211000000000359e-04	3.168077599999999817e-03
1.023457500000000000e+10	7.934214000000000197e-04	3.118608100000000178e-03
1.023465000000000000e+10	7.937474999999999826e-04	3.107405799999999989e-03
1.023472500000000000e+10	8.506691000000000035e-04	3.075157600000000008e-03
1.023480000000000000e+10	8.397556999999999938e-04	3.098480900000000118e-03
1.023487500000000000e+10	8.336834000000000215e-04	3.066556199999999864e-03
1.023495000000000000e+10	8.557833000000000367e-04	3.117463200000000073e-03
1.023502500000000000e+10	8.799097000000000298e-04	3.151526600000000185e-03
1.023510000000000000e+10	9.121811000000000069e-04	3.143056999999999882e-03
1.023517500000000000e+10	7.859374000000000351e-04	3.143710300000000183e-03
1.023525000000000000e+10	8.488664000000000149e-04	3.125899299999999794e-03
1.023532500000000000e+10	9.018929999999999655e-04	3.148874399999999994e-03
1.023540000000000000e+10	8.197162999999999498e-04	3.094572199999999929e-03
1.023547500000000000e+10	7.784451999999999648e-04	3.168848399999999853e-03
1.023555000000000000e+10	8.261273999999999874e-04	3.120231499999999956e-03
1.023562500000000000e+10	9.101757999999999941e-04	3.108957299999999969e-03
1.023570000000000000e+10	8.716502000000000321e-04	3.118469500000000186e-03
1.023577500000000000e+10	9.389266999999999969e-04	3.163068099999999817e-03
1.023585000000000000e+10	8.968414000000000290e-04	3.141862999999999947e-03
1.023592500000000000e+10	9.561914999999999608e-04	3.145257700000000066e-03
1.023600000000000000e+10	8.672130000000000333e-04	3.152284999999999896e-03
1.023607500000000000e+10	9.675995999999999642e-04	3.139530000000000185e-03
1.023615000000000000e+10	9.349799000000000434e-04	3.112954900000000115e-03
1.023622500000000000e+10	9.392400000000000401e-04	3.160008499999999911e-03
1.023630000000000000e+10	9.204191000000000455e-04	3.122037099999999850e-03
1.023637500000000000e+10	9.118419999999999477e-04	2.992437399999999838e-03
1.023645000000000000e+10	1.007976799999999893e-03	3.172060200000000052e-03
1.023652500000000000e+10	9.019577000000000193e-04	3.147792999999999859e-03
1.023660000000000000e+10	9.384067999999999750e-04	3.104331100000000138e-03
1.023667500000000000e+10	9.443137000000000319e-04	3.181695899999999883e-03
1.023675000000000000e+10	9.385256999999999714e-04	3.118768400000000197e-03
1.023682500000000000e+10	8.701836999999999810e-04	3.187646499999999879e-03
1.023690000000000000e+10	9.299640000000000293e-04	3.167083700000000029e-03
1.023697500000000000e+10	1.005885499999999936e-03	3.108703400000000124e-03
1.023705000000000000e+10	9.797698999999999991e-04	3.076771900000000153e-03
1.023712500000000000e+10	8.974570999999999764e-04	3.179481499999999797e-03
1.023720000000000000e+10	1.008976800000000026e-03	3.117640599999999852e-03
1.023727500000000000e+10	1.006904699999999894e-03	3.176535600000000067e-03
1.023735000000000000e+10	9.897459000000000812e-04	3.191685100000000129e-03
1.023742500000000000e+10	1.036145100000000069e-03	3.147457399999999909e-03
1.023750000000000000e+10	1.011932600000000097e-03	3.149416700000000173e-03
1.023757500000000000e+10	9.689158000000000449e-04	3.178863999999999995e-03
1.023765000000000000e+10	1.040019500000000053e-03	3.134194700000000108e-03
1.023772500000000000e+10	9.796531000000000683e-04	3.155127599999999963e-03
1.023780000000000000e+10	1.007697699999999912e-03	3.151624200000000074e-03
1.023787500000000000e+10	9.676366000000000047e-04	3.217429500000000119e-03
1.023795000000000000e+10	9.933554999999999729e-04	3.187137300000000145e-03
1.023802500000000000e+10	1.034772999999999899e-03	3.160332499999999809e-03
1.023810000000000000e+10	1.035700099999999893e-03	3.165419999999999952e-03
1.023817500000000000e+10	1.114292600000000005e-03	3.253065199999999931e-03
1.023825000000000000e+10	1.065072299999999909e-03	3.107668400000000199e-03
1.023832500000000000e+10	1.024304499999999923e-03	3.170445000000000034e-03
1.023840000000000000e+10	1.064274800000000092e-03	3.159376800000000037e-03
1.023847500000000000e+10	1.073206099999999977e-03	3.209840800000000102e-03
1.023855000000000000e+10	1.135855399999999987e-03	3.161494099999999970e-03
1.023862500000000000e+10	1.061925299999999907e-03	3.189904500000000087e-03
1.023870000000000000e+10	1.114505999999999917e-03	3.174563300000000140e-03
1.023877500000000000e+10	1.083914899999999931e-03	3.134790299999999814e-03
1.023885000000000000e+10	1.087900200000000003e-03	3.226191900000000088e-03
1.023892500000000000e+10	1.021934699999999972e-03	3.182539900000000161e-03
1.023900000000000000e+10	1.131720899999999995e-03	3.218981100000000133e-03
1.023907500000000000e+10	1.070421999999999910e-03	3.252530000000000004e-03
1.023915000000000000e+10	1.132126700000000031e-03	3.246128200000000102e-03
1.023922500000000000e+10	1.136542200000000002e-03	3.103765899999999956e-03
1.023930000000000000e+10	1.148165000000000036e-03	3.138634700000000194e-03
1.023937500000000000e+10	1.055391099999999959e-03	3.140003299999999820e-03
1.023945000000000000e+10	1.073723800000000008e-03	3.142617900000000200e-03
1.023952500000000000e+10	1.087957899999999947e-03	3.153698600000000123e-03
1.023960000000000000e+10	1.070059200000000009e-03	3.179532100000000139e-03
1.023967500000000000e+10	1.120508600000000082e-03	3.166983600000000156e-03
1.023975000000000000e+10	1.108524799999999894e-03	3.202596499999999999e-03
1.023982500000000000e+10	1.108531399999999976e-03	3.205924599999999958e-03
1.023990000000000000e+10	1.161258600000000070e-03	3.168450000000000173e-03
1.023997500000000000e+10	1.155858299999999944e-03	3.258396199999999843e-03
1.024005000000000000e+10	1.105204999999999946e-03	3.239284600000000031e-03
1.024012500000000000e+10	1.185269799999999919e-03	3.203746099999999972e-03
1.024020000000000000e+10	1.134725000000000057e-03	3.220626900000000178e-03
1.024027500000000000e+10	1.240097500000000071e-03	3.177965200000000111e-03
1.024035000000000000e+10	1.187406000000000008e-03	3.197752700000000125e-03
1.024042500000000000e+10	1.147681200000000073e-03	3.156176899999999994e-03
1.024050000000000000e+10	1.169483999999999932e-03	3.156586600000000058e-03
1.024057500000000000e+10	1.210036000000000054e-03	3.232738000000000191e-03
1.024065000000000000e+10	1.174667799999999955e-03	3.153224300000000146e-03
1.024072500000000000e+10	1.227112600000000026e-03	3.140218399999999879e-03
1.024080000000000000e+10	1.259700600000000087e-03	3.190464899999999934e-03
1.024087500000000000e+10	1.245066900000000058e-03	3.171731499999999853e-03
1.024095000000000000e+10	1.283448800000000023e-03	3.279431299999999855e-03
1.024102500000000000e+10	1.187531099999999951e-03	3.227372699999999858e-03
1.024110000000000000e+10	1.182948799999999911e-03	3.165950800000000113e-03
1.024117500000000000e+10	1.252754999999999928e-03	3.196254700000000174e-03
1.024125000000000000e+10	1.286519799999999913e-03	3.213708500000000187e-03
1.024132500000000000e+10	1.214946200000000020e-03	3.227473099999999834e-03
1.024140000000000000e+10	1.268602400000000104e-03	3.185119000000000145e-03
1.024147500000000000e+10	1.187284600000000027e-03	3.147123600000000139e-03
1.024155000000000000e+10	1.228876100000000091e-03	3.200127499999999830e-03
1.024162500000000000e+10	1.262285900000000016e-03	3.202581999999999825e-03
1.024170000000000000e+10	1.273170699999999923e-03	3.242204199999999901e-03
1.024177500000000000e+10	1.324823699999999951e-03	3.172799000000000019e-03
1.024185000000000000e+10	1.334564500000000060e-03	3.223876200000000154e-03
1.024192500000000000e+10	1.276380199999999987e-03	3.198310299999999884e-03
1.024200000000000000e+10	1.255511900000000044e-03	3.194513899999999827e-03
1.024207500000000000e+10	1.341746900000000088e-03	3.207585499999999947e-03
1.024215000000000000e+10	1.269741499999999966e-03	3.167191199999999825e-03
1.024222500000000000e+10	1.253664399999999957e-03	3.188074300000000045e-03
1.024230000000000000e+10	1.366498999999999969e-03	3.169527799999999947e-03
1.024237500000000000e+10	1.277093800000000034e-03	3.227679099999999825e-03
1.024245000000000000e+10	1.335122300000000104e-03	3.229899799999999890e-03
1.024252500000000000e+10	1.317795899999999951e-03	3.193137899999999845e-03
1.024260000000000000e+10	1.344258700000000107e-03	3.215719399999999832e-03
1.024267500000000000e+10	1.359046999999999946e-03	3.242648600000000089e-03
1.024275000000000000e+10	1.286383600000000089e-03	3.269782699999999962e-03
1.024282500000000000e+10	1.357286799999999922e-03	3.195568000000000193e-03
1.024290000000000000e+10	1.351056599999999989e-03	3.155725800000000122e-03
1.024297500000000000e+10	1.415740300000000070e-03	3.230062499999999861e-03
1.024305000000000000e+10	1.395469899999999966e-03	3.265413400000000133e-03
1.024312500000000000e+10	1.387964700000000016e-03	3.309689900000000080e-03
1.024320000000000000e+10	1.345653499999999994e-03	3.268254400000000087e-03
1.024327500000000000e+10	1.380838099999999935e-03	3.318977400000000001e-03
1.024335000000000000e+10	1.394753099999999912e-03	3.203070000000000136e-03
1.024342500000000000e+10	1.351554999999999944e-03	3.212112300000000142e-03
1.024350000000000000e+10	1.387456000000000019e-03	3.275104100000000070e-03
1.024357500000000000e+10	1.460895299999999918e-03	3.296541999999999962e-03
1.024365000000000000e+10	1.390786499999999929e-03	3.257791900000000206e-03
1.024372500000000000e+10	1.438071699999999989e-03	3.215722800000000124e-03
1.024380000000000000e+10	1.453668499999999928e-03	3.275751800000000196e-03
1.024387500000000000e+10	1.327260299999999914e-03	3.283828400000000057e-03
1.024395000000000000e+10	1.461183000000000013e-03	3.192124299999999845e-03
1.024402500000000000e+10	1.413180800000000048e-03	3.216216400000000177e-03
1.024410000000000000e+10	1.493478500000000077e-03	3.252005599999999857e-03
1.024417500000000000e+10	1.450879800000000027e-03	3.306245000000000191e-03
1.024425000000000000e+10	1.449423700000000053e-03	3.199362800000000139e-03
1.024432500000000000e+10	1.452535299999999910e-03	3.283839599999999973e-03
1.024440000000000000e+10	1.435510500000000038e-03	3.271543300000000123e-03
1.024447500000000000e+10	1.481249600000000008e-03	3.278842000000000128e-03
1.024455000000000000e+10	1.483317899999999929e-03	3.256042800000000063e-03
1.024462500000000000e+10	1.498440699999999993e-03	3.248928999999999793e-03
1.024470000000000000e+10	1.524325100000000020e-03	3.291074499999999906e-03
1.024477500000000000e+10	1.479399200000000017e-03	3.297086700000000092e-03
1.024485000000000000e+10	1.483250800000000032e-03	3.231391299999999793e-03
1.024492500000000000e+10	1.499845000000000084e-03	3.274944299999999787e-03
1.024500000000000000e+10	1.482898199999999923e-03	3.272515699999999951e-03
1.024507500000000000e+10	1.528868100000000101e-03	3.259035400000000107e-03
1.024515000000000000e+10	1.472982999999999975e-03	3.233239100000000199e-03
1.024522500000000000e+10	1.504408500000000001e-03	3.304444799999999970e-03
1.024530000000000000e+10	1.525525900000000105e-03	3.241169199999999976e-03
1.024537500000000000e+10	1.526984099999999928e-03	3.276628699999999984e-03
1.024545000000000000e+10	1.540775899999999960e-03	3.290839700000000069e-03
1.024552500000000000e+10	1.500542899999999982e-03	3.228402200000000076e-03
1.024560000000000000e+10	1.536622199999999926e-03	3.256731000000000122e-03
1.024567500000000000e+10	1.581615599999999962e-03	3.240226000000000130e-03
1.024575000000000000e+10	1.550902500000000007e-03	3.298972600000000047e-03
1.024582500000000000e+10	1.555408400000000014e-03	3.318472600000000033e-03
1.024590000000000000e+10	1.573970799999999896e-03	3.309169199999999894e-03
1.024597500000000000e+10	1.505558099999999974e-03	3.215984199999999925e-03
1.024605000000000000e+10	1.597225299999999962e-03	3.292515199999999833e-03
1.024612500000000000e+10	1.591661500000000028e-03	3.310252000000000073e-03
1.024620000000000000e+10	1.579748699999999981e-03	3.269128100000000085e-03
1.024627500000000000e+10	1.609649400000000025e-03	3.354918799999999975e-03
1.024635000000000000e+10	1.604517499999999919e-03	3.277807099999999804e-03
1.024642500000000000e+10	1.609601900000000091e-03	3.312109699999999952e-03
1.024650000000000000e+10	1.558649999999999966e-03	3.283833600000000096e-03
1.024657500000000000e+10	1.657041499999999893e-03	3.287124399999999912e-03
1.024665000000000000e+10	1.648465100000000034e-03	3.274475499999999952e-03
1.024672500000000000e+10	1.658055500000000029e-03	3.300835199999999862e-03
1.024680000000000000e+10	1.592408700000000040e-03	3.313219599999999831e-03
1.024687500000000000e+10	1.599968800000000062e-03	3.297443599999999933e-03
1.024695000000000000e+10	1.600928200000000011e-03	3.292753600000000030e-03
1.024702500000000000e+10	1.657812700000000066e-03	3.250105899999999968e-03
1.024710000000000000e+10	1.712810400000000077e-03	3.291187599999999876e-03
1.024717500000000000e+10	1.663524599999999980e-03	3.301653800000000152e-03
1.024725000000000000e+10	1.700490000000000031e-03	3.271962800000000060e-03
1.024732500000000000e+10	1.590058699999999901e-03	3.252944399999999937e-03
1.024740000000000000e+10	1.649521300000000032e-03	3.281940599999999889e-03
1.024747500000000000e+10	1.700315200000000054e-03	3.296013300000000083e-03
1.024755000000000000e+10	1.677861500000000063e-03	3.305323299999999870e-03
1.024762500000000000e+10	1.727226400000000028e-03	3.299002799999999937e-03
1.024770000000000000e+10	1.635747099999999930e-03	3.299155299999999898e-03
1.024777500000000000e+10	1.658483199999999944e-03	3.311964200000000209e-03
1.024785000000000000e+10	1.695235499999999968e-03	3.280936899999999795e-03
1.024792500000000000e+10	1.762034800000000052e-03	3.296461100000000130e-03
1.024800000000000000e+10	1.735188500000000092e-03	3.258177699999999927e-03
1.024807500000000000e+10	1.725311200000000057e-03	3.352574499999999829e-03
1.024815000000000000e+10	1.714757500000000084e-03	3.241412500000000110e-03
1.024822500000000000e+10	1.747603300000000019e-03	3.303081199999999881e-03
1.024830000000000000e+10	1.728695099999999962e-03	3.359414199999999871e-03
1.024837500000000000e+10	1.788964000000000092e-03	3.315192499999999962e-03
1.024845000000000000e+10	1.722722500000000052e-03	3.309412500000000028e-03
1.024852500000000000e+10	1.703504200000000067e-03	3.312825900000000018e-03
1.024860000000000000e+10	1.706213299999999929e-03	3.301394999999999937e-03
1.024867500000000000e+10	1.765532599999999983e-03	3.264862999999999793e-03
1.024875000000000000e+10	1.761961399999999959e-03	3.345315399999999884e-03
1.024882500000000000e+10	1.781535699999999911e-03	3.355681499999999852e-03
1.024890000000000000e+10	1.769164200000000004e-03	3.328472299999999957e-03
1.024897500000000000e+10	1.827116599999999928e-03	3.290368699999999917e-03
1.024905000000000000e+10	1.815117599999999977e-03	3.333571400000000153e-03
1.024912500000000000e+10	1.791379399999999981e-03	3.325229900000000165e-03
1.024920000000000000e+10	1.761663899999999991e-03	3.369112200000000130e-03
1.024927500000000000e+10	1.803687499999999952e-03	3.335353799999999942e-03
1.024935000000000000e+10	1.753289000000000106e-03	3.305501199999999820e-03
1.024942500000000000e+10	1.795584999999999933e-03	3.339977499999999787e-03
1.024950000000000000e+10	1.871393899999999931e-03	3.307606499999999998e-03
1.024957500000000000e+10	1.838010400000000084e-03	3.317760700000000132e-03
1.024965000000000000e+10	1.819896799999999940e-03	3.342856400000000089e-03
1.024972500000000000e+10	1.813884100000000017e-03	3.365042300000000049e-03
1.024980000000000000e+10	1.917021199999999941e-03	3.380771299999999965e-03
1.024987500000000000e+10	1.877551199999999941e-03	3.321630999999999802e-03
1.024995000000000000e+10	1.899488499999999911e-03	3.335314499999999984e-03
1.025002500000000000e+10	1.812511400000000076e-03	3.304054500000000016e-03
1.025010000000000000e+10	1.855565700000000014e-03	3.292635700000000158e-03
1.025017500000000000e+10	1.919908699999999923e-03	3.311594100000000204e-03
1.025025000000000000e+10	1.881960299999999899e-03	3.283830199999999803e-03
1.025032500000000000e+10	1.892062500000000081e-03	3.370330700000000179e-03
1.025040000000000000e+10	1.867802399999999923e-03	3.316574300000000187e-03
1.025047500000000000e+10	1.815070100000000042e-03	3.292378999999999792e-03
1.025055000000000000e+10	1.909093400000000081e-03	3.371946900000000105e-03
1.025062500000000000e+10	1.845586400000000108e-03	3.324848100000000074e-03
1.025070000000000000e+10	1.969119100000000112e-03	3.376926699999999951e-03
1.025077500000000000e+10	1.912412700000000075e-03	3.278729499999999929e-03
1.025085000000000000e+10	1.895703199999999953e-03	3.362822299999999789e-03
1.025092500000000000e+10	1.953591900000000055e-03	3.358942499999999914e-03
1.025100000000000000e+10	1.884329300000000011e-03	3.355141700000000091e-03
1.025107500000000000e+10	1.971182599999999913e-03	3.306340499999999797e-03
1.025115000000000000e+10	1.973868799999999989e-03	3.324806599999999800e-03
1.025122500000000000e+10	2.021968099999999890e-03	3.342597699999999908e-03
1.025130000000000000e+10	1.918615700000000056e-03	3.344161100000000043e-03
1.025137500000000000e+10	1.990168300000000161e-03	3.389165500000000143e-03
1.025145000000000000e+10	1.992072100000000148e-03	3.343150200000000096e-03
1.025152500000000000e+10	2.011327700000000059e-03	3.324352500000000207e-03
1.025160000000000000e+10	2.001211200000000204e-03	3.333917400000000180e-03
1.025167500000000000e+10	1.919006299999999896e-03	3.314963800000000037e-03
1.025175000000000000e+10	1.959993900000000025e-03	3.339416300000000101e-03
1.025182500000000000e+10	2.002694000000000175e-03	3.350241900000000203e-03
1.025190000000000000e+10	1.959328700000000003e-03	3.351422299999999837e-03
1.025197500000000000e+10	1.960137199999999885e-03	3.422186600000000009e-03
1.025205000000000000e+10	2.010194900000000177e-03	3.335315900000000028e-03
1.025212500000000000e+10	2.026907699999999906e-03	3.324047200000000181e-03
1.025220000000000000e+10	1.956976000000000028e-03	3.311996700000000016e-03
1.025227500000000000e+10	2.024090699999999896e-03	3.371042600000000080e-03
1.025235000000000000e+10	2.034074700000000104e-03	3.291299900000000007e-03
1.025242500000000000e+10	1.983692100000000041e-03	3.303481400000000175e-03
1.025250000000000000e+10	2.059623300000000112e-03	3.367709699999999785e-03
1.025257500000000000e+10	2.045146700000000095e-03	3.336903899999999878e-03
1.025265000000000000e+10	2.112765899999999829e-03	3.342653200000000185e-03
1.025272500000000000e+10	2.128572599999999787e-03	3.379058900000000195e-03
1.025280000000000000e+10	2.045542899999999893e-03	3.380359099999999915e-03
1.025287500000000000e+10	2.093472800000000140e-03	3.423196600000000082e-03
1.025295000000000000e+10	2.094365600000000147e-03	3.327615199999999981e-03
1.025302500000000000e+10	2.160903400000000179e-03	3.384926700000000146e-03
1.025310000000000000e+10	2.046699700000000153e-03	3.401584999999999939e-03
1.025317500000000000e+10	2.149849599999999888e-03	3.326362700000000047e-03
1.025325000000000000e+10	2.090559599999999851e-03	3.387091100000000094e-03
1.025332500000000000e+10	2.139425400000000057e-03	3.352239400000000050e-03
1.025340000000000000e+10	2.175079900000000208e-03	3.391987600000000158e-03
1.025347500000000000e+10	2.146396699999999873e-03	3.343690399999999993e-03
1.025355000000000000e+10	2.189358599999999960e-03	3.393048499999999808e-03
1.025362500000000000e+10	2.172915899999999963e-03	3.362169800000000194e-03
1.025370000000000000e+10	2.124450899999999823e-03	3.331464399999999829e-03
1.025377500000000000e+10	2.110501600000000075e-03	3.310773600000000132e-03
1.025385000000000000e+10	2.173738900000000019e-03	3.391103400000000049e-03
1.025392500000000000e+10	2.142548900000000069e-03	3.370650499999999945e-03
1.025400000000000000e+10	2.152187900000000157e-03	3.377883800000000200e-03
1.025407500000000000e+10	2.120969199999999961e-03	3.332560999999999943e-03
1.025415000000000000e+10	2.150154100000000075e-03	3.430516099999999808e-03
1.025422500000000000e+10	2.099042800000000021e-03	3.346805699999999811e-03
1.025430000000000000e+10	2.183941100000000041e-03	3.365615199999999821e-03
1.025437500000000000e+10	2.222899700000000207e-03	3.390211800000000018e-03
1.025445000000000000e+10	2.237127900000000086e-03	3.342725600000000154e-03
1.025452500000000000e+10	2.253832400000000021e-03	3.395961600000000063e-03
1.025460000000000000e+10	2.216268200000000039e-03	3.347212500000000188e-03
1.025467500000000000e+10	2.195214300000000122e-03	3.344898900000000102e-03
1.025475000000000000e+10	2.250920200000000072e-03	3.380285700000000039e-03
1.025482500000000000e+10	2.241512199999999826e-03	3.320789800000000045e-03
1.025490000000000000e+10	2.268104999999999861e-03	3.375879500000000203e-03
1.025497500000000000e+10	2.264912500000000172e-03	3.382063800000000096e-03
1.025505000000000000e+10	2.271123199999999960e-03	3.345274699999999882e-03
1.025512500000000000e+10	2.268235099999999990e-03	3.276450299999999864e-03
1.025520000000000000e+10	2.307287600000000084e-03	3.436064899999999832e-03
1.025527500000000000e+10	2.197956300000000144e-03	3.317644800000000074e-03
1.025535000000000000e+10	2.305930600000000077e-03	3.371076699999999999e-03
1.025542500000000000e+10	2.254759700000000082e-03	3.371064699999999810e-03
1.025550000000000000e+10	2.326415699999999885e-03	3.370258699999999913e-03
1.025557500000000000e+10	2.333678000000000054e-03	3.326916699999999880e-03
1.025565000000000000e+10	2.256423500000000193e-03	3.404049599999999908e-03
1.025572500000000000e+10	2.336244600000000112e-03	3.384208699999999900e-03
1.025580000000000000e+10	2.373430699999999963e-03	3.333010999999999873e-03
1.025587500000000000e+10	2.257307200000000132e-03	3.342106100000000104e-03
1.025595000000000000e+10	2.312589700000000116e-03	3.382623999999999874e-03
1.025602500000000000e+10	2.335860899999999806e-03	3.385802199999999890e-03
1.025610000000000000e+10	2.311714900000000177e-03	3.353610500000000095e-03
1.025617500000000000e+10	2.374201900000000136e-03	3.427041500000000199e-03
1.025625000000000000e+10	2.352636999999999871e-03	3.422296300000000121e-03
1.025632500000000000e+10	2.338029100000000183e-03	3.363195299999999915e-03
1.025640000000000000e+10	2.384120600000000194e-03	3.408533899999999922e-03
1.025647500000000000e+10	2.386997599999999848e-03	3.396918599999999844e-03
1.025655000000000000e+10	2.412933800000000191e-03	3.437571300000000045e-03
1.025662500000000000e+10	2.357270399999999988e-03	3.382368199999999814e-03
1.025670000000000000e+10	2.396920800000000139e-03	3.459641399999999981e-03
1.025677500000000000e+10	2.328097800000000165e-03	3.376814000000000118e-03
1.025685000000000000e+10	2.402941500000000188e-03	3.388774099999999814e-03
1.025692500000000000e+10	2.400582400000000199e-03	3.395639199999999844e-03
1.025700000000000000e+10	2.397697299999999952e-03	3.341630600000000152e-03
1.025707500000000000e+10	2.386347000000000034e-03	3.380917499999999947e-03
1.025715000000000000e+10	2.391458500000000122e-03	3.361624899999999996e-03
1.025722500000000000e+10	2.465882899999999843e-03	3.421475800000000050e-03
1.025730000000000000e+10	2.439478399999999835e-03	3.364441599999999904e-03
1.025737500000000000e+10	2.467873700000000007e-03	3.377248700000000034e-03
1.025745000000000000e+10	2.477037000000000076e-03	3.362468200000000036e-03
1.025752500000000000e+10	2.453072399999999854e-03	3.435696099999999836e-03
1.025760000000000000e+10	2.506337100000000009e-03	3.401034399999999965e-03
1.025767500000000000e+10	2.466507599999999932e-03	3.363555399999999980e-03
1.025775000000000000e+10	2.486120200000000151e-03	3.366576500000000201e-03
1.025782500000000000e+10	2.462387400000000046e-03	3.414495500000000201e-03
1.025790000000000000e+10	2.461335700000000064e-03	3.345142299999999836e-03
1.025797500000000000e+10	2.615590300000000205e-03	3.419386500000000124e-03
1.025805000000000000e+10	2.537645900000000138e-03	3.365525299999999956e-03
1.025812500000000000e+10	2.558433599999999919e-03	3.442664900000000101e-03
1.025820000000000000e+10	2.545941999999999823e-03	3.420342700000000066e-03
1.025827500000000000e+10	2.559374000000000111e-03	3.381046300000000067e-03
1.025835000000000000e+10	2.503507400000000004e-03	3.414373300000000163e-03
1.025842500000000000e+10	2.609911600000000120e-03	3.395113200000000019e-03
1.025850000000000000e+10	2.542052300000000042e-03	3.434891399999999949e-03
1.025857500000000000e+10	2.602131900000000022e-03	3.369007299999999920e-03
1.025865000000000000e+10	2.621054399999999968e-03	3.369494700000000027e-03
1.025872500000000000e+10	2.584670199999999918e-03	3.366028000000000076e-03
1.025880000000000000e+10	2.590315000000000152e-03	3.389616600000000014e-03
1.025887500000000000e+10	2.579386700000000157e-03	3.424621100000000123e-03
1.025895000000000000e+10	2.591220899999999855e-03	3.351663400000000088e-03
1.025902500000000000e+10	2.649993499999999964e-03	3.395912400000000199e-03
1.025910000000000000e+10	2.634786100000000107e-03	3.352098500000000141e-03
1.025917500000000000e+10	2.708001399999999947e-03	3.460701000000000055e-03
1.025925000000000000e+10	2.587524600000000105e-03	3.412629500000000093e-03
1.025932500000000000e+10	2.660643700000000101e-03	3.431505799999999898e-03
1.025940000000000000e+10	2.686072399999999989e-03	3.452397500000000015e-03
1.025947500000000000e+10	2.651863700000000202e-03	3.396719500000000037e-03
1.025955000000000000e+10	2.689874899999999958e-03	3.398681800000000024e-03
1.025962500000000000e+10	2.752973399999999841e-03	3.425447800000000140e-03
1.025970000000000000e+10	2.703152999999999806e-03	3.451747299999999904e-03
1.025977500000000000e+10	2.698024900000000129e-03	3.432285499999999934e-03
1.025985000000000000e+10	2.705583799999999959e-03	3.410801199999999832e-03
1.025992500000000000e+10	2.745797700000000147e-03	3.424471000000000112e-03
1.026000000000000000e+10	2.716100200000000006e-03	3.463222699999999980e-03
1.026007500000000000e+10	2.748808699999999959e-03	3.461238399999999864e-03
1.026015000000000000e+10	2.642783599999999882e-03	3.393178299999999835e-03
1.026022500000000000e+10	2.722354199999999814e-03	3.368253700000000111e-03
1.026030000000000000e+10	2.707316400000000112e-03	3.380154900000000105e-03
1.026037500000000000e+10	2.701372699999999866e-03	3.396711499999999911e-03
1.026045000000000000e+10	2.738440700000000210e-03	3.415154699999999911e-03
1.026052500000000000e+10	2.696516300000000033e-03	3.443795700000000168e-03
1.026060000000000000e+10	2.790900199999999873e-03	3.447353599999999994e-03
1.026067500000000000e+10	2.762657899999999833e-03	3.423115200000000080e-03
1.026075000000000000e+10	2.805902199999999944e-03	3.462392700000000139e-03
1.026082500000000000e+10	2.780853199999999865e-03	3.396733299999999973e-03
1.026090000000000000e+10	2.769208699999999804e-03	3.408732600000000026e-03
1.026097500000000000e+10	2.753345199999999993e-03	3.460284899999999976e-03
1.026105000000000000e+10	2.769863999999999920e-03	3.390030599999999811e-03
1.026112500000000000e+10	2.801223600000000025e-03	3.420914699999999965e-03
1.026120000000000000e+10	2.809889999999999784e-03	3.496180099999999808e-03
1.026127500000000000e+10	2.824664199999999802e-03	3.454118500000000116e-03
1.026135000000000000e+10	2.802543099999999822e-03	3.363152700000000134e-03
1.026142500000000000e+10	2.928118899999999827e-03	3.405338400000000078e-03
1.026150000000000000e+10	2.885432399999999977e-03	3.472218799999999845e-03
1.026157500000000000e+10	2.878194100000000186e-03	3.377076799999999962e-03
1.026165000000000000e+10	2.860537700000000041e-03	3.486133599999999971e-03
1.026172500000000000e+10	2.828611300000000075e-03	3.399910800000000184e-03
1.026180000000000000e+10	2.854106800000000190e-03	3.420676699999999903e-03
1.026187500000000000e+10	2.907184000000000157e-03	3.460684900000000203e-03
1.026195000000000000e+10	2.882222199999999891e-03	3.397658200000000083e-03
1.026202500000000000e+10	2.850553699999999833e-03	3.415051499999999848e-03
1.026210000000000000e+10	2.880164900000000035e-03	3.482704399999999798e-03
1.026217500000000000e+10	2.930059599999999820e-03	3.433668400000000100e-03
1.026225000000000000e+10	2.895044099999999863e-03	3.425107000000000151e-03
1.026232500000000000e+10	2.957369000000000057e-03	3.403802699999999848e-03
1.026240000000000000e+10	2.969894700000000071e-03	3.430802100000000191e-03
1.026247500000000000e+10	2.912586600000000199e-03	3.492780200000000085e-03
1.026255000000000000e+10	2.986538999999999860e-03	3.529591900000000199e-03
1.026262500000000000e+10	2.975246899999999840e-03	3.426709000000000005e-03
1.026270000000000000e+10	2.955308800000000079e-03	3.447520400000000061e-03
1.026277500000000000e+10	2.961127699999999835e-03	3.378712800000000134e-03
1.026285000000000000e+10	2.972116600000000112e-03	3.454010500000000150e-03
1.026292500000000000e+10	3.026595999999999887e-03	3.450462100000000094e-03
1.026300000000000000e+10	2.996234700000000202e-03	3.445277200000000130e-03
1.026307500000000000e+10	2.976635300000000147e-03	3.463832799999999861e-03
1.026315000000000000e+10	2.945635299999999936e-03	3.435782899999999945e-03
1.026322500000000000e+10	3.069109600000000191e-03	3.409862599999999820e-03
1.026330000000000000e+10	3.044337399999999961e-03	3.509152699999999996e-03
1.026337500000000000e+10	3.091618799999999809e-03	3.499850300000000199e-03
1.026345000000000000e+10	3.059238399999999851e-03	3.477452099999999834e-03
1.026352500000000000e+10	3.081161299999999898e-03	3.450196100000000026e-03
1.026360000000000000e+10	3.059377800000000116e-03	3.455654700000000083e-03
1.026367500000000000e+10	3.083577699999999911e-03	3.465354800000000190e-03
1.026375000000000000e+10	3.121671900000000215e-03	3.488446200000000150e-03
1.026382500000000000e+10	3.120690499999999919e-03	3.475356000000000192e-03
1.026390000000000000e+10	3.104706000000000046e-03	3.463735199999999972e-03
1.026397500000000000e+10	3.085338899999999843e-03	3.458316099999999942e-03
1.026405000000000000e+10	3.173117599999999809e-03	3.448597500000000031e-03
1.026412500000000000e+10	3.101754100000000004e-03	3.435060000000000197e-03
1.026420000000000000e+10	3.179100800000000081e-03	3.449442300000000149e-03
1.026427500000000000e+10	3.144862500000000175e-03	3.419692099999999818e-03
1.026435000000000000e+10	3.151857100000000130e-03	3.403841800000000171e-03
1.026442500000000000e+10	3.163139599999999912e-03	3.456414300000000203e-03
1.026450000000000000e+10	3.127406499999999846e-03	3.480042599999999802e-03
1.026457500000000000e+10	3.203698100000000083e-03	3.478261199999999921e-03
1.026465000000000000e+10	3.186741199999999948e-03	3.471002200000000010e-03
1.026472500000000000e+10	3.177206000000000127e-03	3.458961300000000082e-03
1.026480000000000000e+10	3.230175899999999933e-03	3.481103799999999988e-03
1.026487500000000000e+10	3.128490900000000137e-03	3.442707299999999814e-03
1.026495000000000000e+10	3.178600100000000209e-03	3.484337799999999950e-03
1.026502500000000000e+10	3.203136100000000125e-03	3.424967899999999989e-03
1.026510000000000000e+10	3.253588100000000000e-03	3.426236799999999878e-03
1.026517500000000000e+10	3.221785400000000150e-03	3.460958200000000158e-03
1.026525000000000000e+10	3.236276000000000170e-03	3.452635500000000076e-03
1.026532500000000000e+10	3.254839499999999993e-03	3.467924700000000072e-03
1.026540000000000000e+10	3.263410400000000145e-03	3.476287700000000019e-03
1.026547500000000000e+10	3.288334300000000064e-03	3.457379200000000076e-03
1.026555000000000000e+10	3.255382299999999909e-03	3.466989800000000021e-03
1.026562500000000000e+10	3.266846800000000172e-03	3.472232799999999849e-03
1.026570000000000000e+10	3.304825600000000155e-03	3.455950800000000007e-03
1.026577500000000000e+10	3.298448600000000036e-03	3.468641499999999909e-03
1.026585000000000000e+10	3.293426900000000213e-03	3.466214200000000082e-03
1.026592500000000000e+10	3.310224300000000168e-03	3.472330100000000069e-03
1.026600000000000000e+10	3.368164800000000153e-03	3.504331600000000057e-03
1.026607500000000000e+10	3.355144699999999813e-03	3.409957600000000123e-03
1.026615000000000000e+10	3.346751700000000045e-03	3.512506600000000079e-03
1.026622500000000000e+10	3.393782699999999940e-03	3.490341100000000137e-03
1.026630000000000000e+10	3.372918400000000060e-03	3.418005500000000172e-03
1.026637500000000000e+10	3.402599400000000211e-03	3.490036499999999917e-03
1.026645000000000000e+10	3.358541300000000146e-03	3.476770599999999892e-03
1.026652500000000000e+10	3.416182499999999983e-03	3.452787699999999935e-03
1.026660000000000000e+10	3.431628800000000208e-03	3.537800900000000106e-03
1.026667500000000000e+10	3.392638400000000040e-03	3.441790799999999966e-03
1.026675000000000000e+10	3.391312100000000093e-03	3.550907299999999951e-03
1.026682500000000000e+10	3.398399299999999967e-03	3.540955299999999813e-03
1.026690000000000000e+10	3.428254099999999971e-03	3.449499600000000173e-03
1.026697500000000000e+10	3.405206999999999939e-03	3.540315699999999847e-03
1.026705000000000000e+10	3.447656800000000171e-03	3.454379400000000180e-03
1.026712500000000000e+10	3.503024999999999889e-03	3.432036800000000127e-03
1.026720000000000000e+10	3.440194299999999820e-03	3.439572899999999989e-03
1.026727500000000000e+10	3.406455699999999878e-03	3.455130399999999970e-03
1.026735000000000000e+10	3.488767700000000062e-03	3.426254499999999842e-03
1.026742500000000000e+10	3.484638400000000108e-03	3.549551800000000021e-03
1.026750000000000000e+10	3.446918800000000043e-03	3.450407700000000192e-03
1.026757500000000000e+10	3.493542100000000122e-03	3.481902800000000100e-03
1.026765000000000000e+10	3.586632900000000061e-03	3.469637499999999979e-03
1.026772500000000000e+10	3.491397299999999919e-03	3.461840500000000053e-03
1.026780000000000000e+10	3.537193100000000142e-03	3.490154300000000188e-03
1.026787500000000000e+10	3.491639400000000077e-03	3.469431499999999988e-03
1.026795000000000000e+10	3.532961099999999861e-03	3.385307199999999794e-03
1.026802500000000000e+10	3.567966200000000174e-03	3.474039600000000151e-03
1.026810000000000000e+10	3.557812899999999914e-03	3.469276199999999939e-03
1.026817500000000000e+10	3.540726799999999955e-03	3.475711399999999954e-03
1.026825000000000000e+10	3.657468999999999998e-03	3.419591300000000139e-03
1.026832500000000000e+10	3.579480700000000140e-03	3.446327700000000136e-03
1.026840000000000000e+10	3.642209899999999858e-03	3.527152899999999851e-03
1.026847500000000000e+10	3.667775099999999889e-03	3.458103499999999868e-03
1.026855000000000000e+10	3.558907500000000213e-03	3.411633099999999887e-03
1.026862500000000000e+10	3.596322199999999955e-03	3.477990600000000019e-03
1.026870000000000000e+10	3.690187100000000189e-03	3.421017799999999994e-03
1.026877500000000000e+10	3.690111299999999928e-03	3.487277300000000101e-03
1.026885000000000000e+10	3.661563599999999828e-03	3.453366099999999848e-03
1.026892500000000000e+10	3.596374500000000009e-03	3.483715799999999915e-03
1.026900000000000000e+10	3.659577499999999966e-03	3.530188699999999881e-03
1.026907500000000000e+10	3.709786999999999980e-03	3.513624700000000153e-03
1.026915000000000000e+10	3.709534500000000179e-03	3.469364899999999828e-03
1.026922500000000000e+10	3.690931699999999965e-03	3.463812900000000014e-03
1.026930000000000000e+10	3.677786900000000036e-03	3.466258600000000044e-03
1.026937500000000000e+10	3.685692700000000200e-03	3.500519399999999816e-03
1.026945000000000000e+10	3.762853899999999904e-03	3.403454700000000006e-03
1.026952500000000000e+10	3.711098500000000085e-03	3.430238500000000121e-03
1.026960000000000000e+10	3.816425799999999865e-03	3.506730899999999877e-03
1.026967500000000000e+10	3.748017800000000028e-03	3.490612299999999810e-03
1.026975000000000000e+10	3.683099400000000145e-03	3.397106400000000134e-03
1.026982500000000000e+10	3.788190099999999907e-03	3.508044599999999864e-03
1.026990000000000000e+10	3.829632500000000085e-03	3.448408699999999834e-03
1.026997500000000000e+10	3.744230700000000106e-03	3.379299699999999910e-03
1.027005000000000000e+10	3.828758900000000121e-03	3.395240700000000129e-03
1.027012500000000000e+10	3.798939199999999943e-03	3.440891000000000175e-03
1.027020000000000000e+10	3.839278700000000027e-03	3.528259599999999940e-03
1.027027500000000000e+10	3.836737399999999923e-03	3.490973200000000148e-03
1.027035000000000000e+10	3.900106999999999879e-03	3.471994500000000119e-03
1.027042500000000000e+10	3.842574499999999813e-03	3.448878700000000078e-03
1.027050000000000000e+10	3.830320199999999974e-03	3.420128299999999812e-03
1.027057500000000000e+10	3.887683399999999987e-03	3.508093900000000195e-03
1.027065000000000000e+10	3.979784600000000304e-03	3.449541999999999886e-03
1.027072500000000000e+10	3.945328100000000150e-03	3.437466200000000201e-03
1.027080000000000000e+10	3.898076099999999919e-03	3.414884700000000214e-03
1.027087500000000000e+10	3.964203200000000413e-03	3.475868200000000081e-03
1.027095000000000000e+10	3.844504600000000095e-03	3.469723200000000146e-03
1.027102500000000000e+10	3.949751999999999950e-03	3.437425500000000200e-03
1.027110000000000000e+10	3.994489300000000041e-03	3.495698399999999911e-03
1.027117500000000000e+10	3.900745599999999938e-03	3.487014300000000188e-03
1.027125000000000000e+10	4.014080500000000336e-03	3.485564799999999862e-03
1.027132500000000000e+10	3.942402700000000038e-03	3.420628199999999845e-03
1.027140000000000000e+10	4.052523899999999589e-03	3.457439499999999822e-03
1.027147500000000000e+10	3.930018399999999669e-03	3.409198300000000105e-03
1.027155000000000000e+10	4.030877599999999755e-03	3.427692699999999783e-03
1.027162500000000000e+10	3.964867599999999728e-03	3.441965899999999828e-03
1.027170000000000000e+10	4.027981699999999728e-03	3.460001299999999978e-03
1.027177500000000000e+10	4.027227900000000284e-03	3.431335800000000040e-03
1.027185000000000000e+10	4.039366200000000032e-03	3.474275699999999998e-03
1.027192500000000000e+10	4.054463300000000006e-03	3.462852000000000204e-03
1.027200000000000000e+10	4.067220800000000136e-03	3.521447100000000066e-03
1.027207500000000000e+10	4.093311700000000324e-03	3.425307700000000070e-03
1.027215000000000000e+10	4.046306399999999651e-03	3.437714900000000007e-03
1.027222500000000000e+10	4.125587099999999605e-03	3.412106199999999888e-03
1.027230000000000000e+10	4.141478399999999789e-03	3.364226200000000177e-03
1.027237500000000000e+10	4.099972799999999744e-03	3.455021999999999868e-03
1.027245000000000000e+10	4.161202800000000403e-03	3.394506399999999962e-03
1.027252500000000000e+10	4.164893299999999909e-03	3.439402700000000063e-03
1.027260000000000000e+10	4.158131100000000274e-03	3.478379800000000032e-03
1.027267500000000000e+10	4.201817299999999721e-03	3.514106700000000152e-03
1.027275000000000000e+10	4.164702299999999829e-03	3.431669300000000141e-03
1.027282500000000000e+10	4.174195599999999673e-03	3.457406200000000176e-03
1.027290000000000000e+10	4.128311400000000096e-03	3.497023299999999814e-03
1.027297500000000000e+10	4.265419200000000396e-03	3.429150699999999972e-03
1.027305000000000000e+10	4.243346299999999939e-03	3.385052200000000008e-03
1.027312500000000000e+10	4.262178299999999816e-03	3.465250200000000082e-03
1.027320000000000000e+10	4.212763100000000045e-03	3.394124799999999938e-03
1.027327500000000000e+10	4.240420499999999690e-03	3.396034500000000202e-03
1.027335000000000000e+10	4.275668199999999898e-03	3.435368399999999978e-03
1.027342500000000000e+10	4.289737299999999733e-03	3.428264199999999946e-03
1.027350000000000000e+10	4.283753199999999588e-03	3.428777999999999947e-03
1.027357500000000000e+10	4.291869400000000376e-03	3.482072799999999958e-03
1.027365000000000000e+10	4.308049999999999900e-03	3.502585300000000002e-03
1.027372500000000000e+10	4.339464900000000215e-03	3.483535600000000048e-03
1.027380000000000000e+10	4.343621100000000235e-03	3.463133800000000023e-03
1.027387500000000000e+10	4.389113899999999915e-03	3.458608000000000168e-03
1.027395000000000000e+10	4.334748599999999584e-03	3.487984300000000065e-03
1.027402500000000000e+10	4.365629099999999811e-03	3.491185300000000050e-03
1.027410000000000000e+10	4.335993800000000065e-03	3.407752600000000208e-03
1.027417500000000000e+10	4.354975599999999850e-03	3.472924000000000063e-03
1.027425000000000000e+10	4.353190800000000110e-03	3.467037000000000070e-03
1.027432500000000000e+10	4.381936999999999811e-03	3.419642999999999988e-03
1.027440000000000000e+10	4.396573099999999575e-03	3.404200999999999928e-03
1.027447500000000000e+10	4.449557600000000022e-03	3.455295100000000189e-03
1.027455000000000000e+10	4.413563399999999824e-03	3.427618999999999805e-03
1.027462500000000000e+10	4.420888799999999827e-03	3.415190700000000044e-03
1.027470000000000000e+10	4.513821399999999595e-03	3.359348399999999984e-03
1.027477500000000000e+10	4.530463000000000198e-03	3.411093300000000127e-03
1.027485000000000000e+10	4.483869500000000306e-03	3.392450600000000184e-03
1.027492500000000000e+10	4.481224600000000002e-03	3.397691799999999832e-03
1.027500000000000000e+10	4.485131399999999977e-03	3.435093199999999809e-03
1.027507500000000000e+10	4.511409299999999747e-03	3.372729899999999965e-03
1.027515000000000000e+10	4.487787200000000094e-03	3.478327099999999842e-03
1.027522500000000000e+10	4.520797299999999679e-03	3.418590100000000031e-03
1.027530000000000000e+10	4.526172900000000054e-03	3.399103599999999878e-03
1.027537500000000000e+10	4.545471500000000317e-03	3.407620100000000127e-03
1.027545000000000000e+10	4.619576900000000111e-03	3.433000600000000058e-03
1.027552500000000000e+10	4.622131899999999682e-03	3.341153500000000089e-03
1.027560000000000000e+10	4.654315800000000287e-03	3.388347400000000023e-03
1.027567500000000000e+10	4.566987699999999588e-03	3.436817600000000202e-03
1.027575000000000000e+10	4.672326000000000083e-03	3.432079499999999943e-03
1.027582500000000000e+10	4.584148799999999968e-03	3.416481600000000063e-03
1.027590000000000000e+10	4.672284100000000107e-03	3.347487599999999890e-03
1.027597500000000000e+10	4.652103700000000119e-03	3.423823500000000054e-03
1.027605000000000000e+10	4.636060600000000212e-03	3.429898800000000074e-03
1.027612500000000000e+10	4.650774400000000017e-03	3.366005300000000141e-03
1.027620000000000000e+10	4.643861200000000064e-03	3.465882100000000025e-03
1.027627500000000000e+10	4.659425600000000230e-03	3.341649400000000058e-03
1.027635000000000000e+10	4.673931699999999897e-03	3.458955000000000102e-03
1.027642500000000000e+10	4.703382800000000148e-03	3.387698800000000024e-03
1.027650000000000000e+10	4.744231800000000068e-03	3.407723100000000123e-03
1.027657500000000000e+10	4.773225100000000332e-03	3.388270200000000152e-03
1.027665000000000000e+10	4.725401199999999802e-03	3.403447899999999856e-03
1.027672500000000000e+10	4.743311800000000328e-03	3.367457700000000154e-03
1.027680000000000000e+10	4.777959299999999694e-03	3.352695100000000188e-03
1.027687500000000000e+10	4.806267900000000225e-03	3.460130899999999936e-03
1.027695000000000000e+10	4.841934400000000131e-03	3.381430700000000178e-03
1.027702500000000000e+10	4.771385700000000188e-03	3.319695799999999950e-03
1.027710000000000000e+10	4.824962999999999821e-03	3.389751900000000182e-03
1.027717500000000000e+10	4.784022599999999958e-03	3.352651800000000168e-03
1.027725000000000000e+10	4.831506499999999905e-03	3.393980200000000069e-03
1.027732500000000000e+10	4.904028199999999581e-03	3.335346900000000191e-03
1.027740000000000000e+10	4.889249000000000026e-03	3.373739800000000004e-03
1.027747500000000000e+10	4.907401100000000072e-03	3.403736499999999825e-03
1.027755000000000000e+10	4.896676200000000048e-03	3.387330500000000199e-03
1.027762500000000000e+10	4.952472099999999898e-03	3.406342100000000171e-03
1.027770000000000000e+10	4.955410399999999639e-03	3.329500200000000062e-03
1.027777500000000000e+10	4.920906299999999733e-03	3.339249800000000136e-03
1.027785000000000000e+10	4.924134699999999955e-03	3.366132999999999886e-03
1.027792500000000000e+10	4.982906100000000088e-03	3.402953599999999999e-03
1.027800000000000000e+10	4.989621700000000312e-03	3.371648300000000195e-03
1.027807500000000000e+10	5.053976299999999623e-03	3.368988099999999878e-03
1.027815000000000000e+10	5.021658299999999693e-03	3.323911100000000174e-03
1.027822500000000000e+10	5.018933100000000196e-03	3.319624099999999786e-03
1.027830000000000000e+10	5.013789000000000266e-03	3.375601499999999946e-03
1.027837500000000000e+10	5.048461399999999884e-03	3.335298899999999869e-03
1.027845000000000000e+10	5.032795599999999835e-03	3.348108199999999882e-03
1.027852500000000000e+10	5.042617400000000243e-03	3.387580600000000049e-03
1.027860000000000000e+10	5.045509299999999774e-03	3.415752199999999832e-03
1.027867500000000000e+10	5.117026099999999814e-03	3.354089599999999973e-03
1.027875000000000000e+10	5.134521999999999871e-03	3.343565199999999800e-03
1.027882500000000000e+10	5.128228200000000368e-03	3.330332200000000152e-03
1.027890000000000000e+10	5.166115599999999974e-03	3.400512499999999803e-03
1.027897500000000000e+10	5.147546999999999713e-03	3.341045400000000089e-03
1.027905000000000000e+10	5.149244100000000338e-03	3.392228900000000043e-03
1.027912500000000000e+10	5.174116000000000305e-03	3.369272799999999818e-03
1.027920000000000000e+10	5.241782099999999986e-03	3.338031300000000087e-03
1.027927500000000000e+10	5.220412500000000400e-03	3.363622900000000013e-03
1.027935000000000000e+10	5.158576599999999991e-03	3.323088200000000152e-03
1.027942500000000000e+10	5.211377599999999881e-03	3.355539700000000070e-03
1.027950000000000000e+10	5.223003300000000036e-03	3.376593000000000216e-03
1.027957500000000000e+10	5.195127800000000177e-03	3.334100699999999803e-03
1.027965000000000000e+10	5.284753799999999946e-03	3.317225000000000035e-03
1.027972500000000000e+10	5.253003800000000285e-03	3.305117000000000211e-03
1.027980000000000000e+10	5.306744999999999865e-03	3.335293599999999796e-03
1.027987500000000000e+10	5.289920200000000107e-03	3.338032600000000096e-03
1.027995000000000000e+10	5.378865499999999772e-03	3.344492499999999861e-03
1.028002500000000000e+10	5.256805699999999616e-03	3.413555500000000145e-03
1.028010000000000000e+10	5.356802899999999791e-03	3.333752199999999791e-03
1.028017500000000000e+10	5.328409200000000165e-03	3.344577200000000122e-03
1.028025000000000000e+10	5.332435100000000421e-03	3.320902599999999913e-03
1.028032500000000000e+10	5.309219500000000175e-03	3.318990500000000132e-03
1.028040000000000000e+10	5.378015600000000083e-03	3.376242099999999819e-03
1.028047500000000000e+10	5.402934499999999599e-03	3.285665699999999918e-03
1.028055000000000000e+10	5.420389500000000020e-03	3.289079099999999908e-03
1.028062500000000000e+10	5.391196899999999882e-03	3.342460399999999925e-03
1.028070000000000000e+10	5.401130900000000387e-03	3.288354099999999877e-03
1.028077500000000000e+10	5.432137499999999813e-03	3.327223299999999915e-03
1.028085000000000000e+10	5.417677400000000219e-03	3.312945099999999900e-03
1.028092500000000000e+10	5.456101199999999728e-03	3.350939199999999896e-03
1.028100000000000000e+10	5.504691600000000129e-03	3.251159500000000164e-03
1.028107500000000000e+10	5.447921900000000407e-03	3.300573199999999856e-03
1.028115000000000000e+10	5.537525300000000275e-03	3.280328299999999992e-03
1.028122500000000000e+10	5.509200599999999892e-03	3.292915699999999796e-03
1.028130000000000000e+10	5.534380099999999802e-03	3.283840499999999846e-03
1.028137500000000000e+10	5.577708800000000071e-03	3.287700000000000171e-03
1.028145000000000000e+10	5.607054900000000078e-03	3.310400399999999937e-03
1.028152500000000000e+10	5.617244700000000208e-03	3.291507800000000213e-03
1.028160000000000000e+10	5.519740399999999679e-03	3.348366800000000029e-03
1.028167500000000000e+10	5.622596599999999875e-03	3.229475400000000017e-03
1.028175000000000000e+10	5.626093599999999750e-03	3.251617000000000049e-03
1.028182500000000000e+10	5.618240299999999708e-03	3.256375799999999994e-03
1.028190000000000000e+10	5.629006899999999640e-03	3.250945800000000149e-03
1.028197500000000000e+10	5.678727800000000006e-03	3.224803400000000181e-03
1.028205000000000000e+10	5.643847199999999648e-03	3.248747499999999917e-03
1.028212500000000000e+10	5.712876500000000149e-03	3.253073899999999862e-03
1.028220000000000000e+10	5.683159999999999601e-03	3.255962900000000139e-03
1.028227500000000000e+10	5.749608800000000075e-03	3.243881300000000210e-03
1.028235000000000000e+10	5.781259900000000271e-03	3.247383099999999988e-03
1.028242500000000000e+10	5.706726799999999912e-03	3.283992199999999969e-03
1.028250000000000000e+10	5.764419300000000329e-03	3.267635499999999808e-03
1.028257500000000000e+10	5.776175300000000248e-03	3.288338999999999932e-03
1.028265000000000000e+10	5.787838699999999816e-03	3.237573899999999973e-03
1.028272500000000000e+10	5.806981600000000326e-03	3.249598900000000117e-03
1.028280000000000000e+10	5.770901000000000156e-03	3.217606200000000093e-03
1.028287500000000000e+10	5.880746299999999732e-03	3.310550000000000211e-03
1.028295000000000000e+10	5.899617400000000365e-03	3.330112999999999997e-03
1.028302500000000000e+10	5.909393599999999969e-03	3.230986800000000200e-03
1.028310000000000000e+10	5.862732899999999713e-03	3.209855800000000012e-03
1.028317500000000000e+10	5.889544600000000234e-03	3.259150699999999960e-03
1.028325000000000000e+10	5.894736200000000315e-03	3.226125099999999860e-03
1.028332500000000000e+10	5.945357699999999877e-03	3.297436999999999851e-03
1.028340000000000000e+10	5.913058700000000355e-03	3.192054299999999827e-03
1.028347500000000000e+10	5.991378799999999734e-03	3.240440299999999916e-03
1.028355000000000000e+10	5.905860100000000223e-03	3.219254400000000089e-03
1.028362500000000000e+10	5.947320899999999737e-03	3.270169900000000161e-03
1.028370000000000000e+10	5.980649400000000344e-03	3.236102800000000088e-03
1.028377500000000000e+10	5.990297999999999803e-03	3.226132500000000215e-03
1.028385000000000000e+10	5.988470800000000351e-03	3.227887000000000031e-03
1.028392500000000000e+10	6.012108900000000256e-03	3.238957499999999944e-03
1.028400000000000000e+10	6.089658599999999734e-03	3.239042900000000010e-03
1.028407500000000000e+10	6.079610800000000322e-03	3.232283700000000096e-03
1.028415000000000000e+10	6.098618000000000094e-03	3.199882800000000086e-03
1.028422500000000000e+10	6.068241599999999597e-03	3.228430699999999820e-03
1.028430000000000000e+10	6.146337899999999854e-03	3.247317999999999906e-03
1.028437500000000000e+10	6.122480999999999930e-03	3.229899200000000119e-03
1.028445000000000000e+10	6.148581699999999990e-03	3.184942699999999873e-03
1.028452500000000000e+10	6.219679900000000400e-03	3.160468100000000079e-03
1.028460000000000000e+10	6.200890899999999574e-03	3.189922100000000017e-03
1.028467500000000000e+10	6.232960699999999868e-03	3.224775000000000037e-03
1.028475000000000000e+10	6.225073099999999839e-03	3.198677300000000133e-03
1.028482500000000000e+10	6.267183499999999692e-03	3.182801900000000166e-03
1.028490000000000000e+10	6.201354000000000068e-03	3.192257600000000198e-03
1.028497500000000000e+10	6.255236800000000229e-03	3.178952799999999919e-03
1.028505000000000000e+10	6.296821799999999594e-03	3.127903200000000088e-03
1.028512500000000000e+10	6.311545000000000002e-03	3.177838699999999909e-03
1.028520000000000000e+10	6.318088200000000418e-03	3.211447499999999823e-03
1.028527500000000000e+10	6.346471999999999704e-03	3.179357399999999979e-03
1.028535000000000000e+10	6.333567499999999753e-03	3.129211299999999901e-03
1.028542500000000000e+10	6.380905899999999957e-03	3.103277499999999942e-03
1.028550000000000000e+10	6.347188999999999609e-03	3.152926099999999940e-03
1.028557500000000000e+10	6.431284500000000390e-03	3.161404400000000173e-03
1.028565000000000000e+10	6.399703999999999983e-03	3.097972200000000120e-03
1.028572500000000000e+10	6.420910499999999896e-03	3.153495399999999785e-03
1.028580000000000000e+10	6.450471800000000429e-03	3.077084400000000032e-03
1.028587500000000000e+10	6.362114399999999580e-03	3.131068900000000179e-03
1.028595000000000000e+10	6.527386599999999810e-03	3.071533200000000057e-03
1.028602500000000000e+10	6.490368399999999968e-03	3.113869600000000216e-03
1.028610000000000000e+10	6.466733799999999956e-03	3.036372500000000026e-03
1.028617500000000000e+10	6.553476400000000056e-03	3.117365400000000116e-03
1.028625000000000000e+10	6.541220000000000367e-03	3.094618700000000174e-03
1.028632500000000000e+10	6.568984400000000071e-03	3.098776900000000008e-03
1.028640000000000000e+10	6.543598599999999633e-03	3.101765199999999886e-03
1.028647500000000000e+10	6.564703800000000131e-03	3.125675100000000102e-03
1.028655000000000000e+10	6.635455999999999646e-03	3.136243300000000032e-03
1.028662500000000000e+10	6.599062299999999825e-03	3.088883399999999869e-03
1.028670000000000000e+10	6.648823400000000022e-03	3.065312499999999895e-03
1.028677500000000000e+10	6.639167599999999843e-03	3.111120299999999873e-03
1.028685000000000000e+10	6.718974499999999690e-03	3.073589800000000108e-03
1.028692500000000000e+10	6.718629099999999868e-03	3.087871199999999913e-03
1.028700000000000000e+10	6.689624699999999723e-03	3.063541700000000159e-03
1.028707500000000000e+10	6.701874299999999694e-03	3.058521600000000014e-03
1.028715000000000000e+10	6.688677500000000248e-03	3.068969400000000087e-03
1.028722500000000000e+10	6.771218300000000391e-03	3.028739400000000047e-03
1.028730000000000000e+10	6.766106800000000303e-03	3.084250599999999957e-03
1.028737500000000000e+10	6.755106799999999710e-03	3.044579999999999856e-03
1.028745000000000000e+10	6.758056200000000201e-03	2.989303899999999885e-03
1.028752500000000000e+10	6.876599199999999801e-03	3.002135799999999799e-03
1.028760000000000000e+10	6.803912799999999907e-03	3.022409499999999943e-03
1.028767500000000000e+10	6.835851000000000427e-03	3.027689400000000211e-03
1.028775000000000000e+10	6.885625499999999989e-03	3.007764200000000079e-03
1.028782500000000000e+10	6.865959599999999809e-03	3.019591299999999957e-03
1.028790000000000000e+10	6.878546299999999808e-03	2.966240900000000069e-03
1.028797500000000000e+10	6.940114100000000300e-03	3.047633200000000181e-03
1.028805000000000000e+10	6.979646800000000213e-03	3.024355600000000043e-03
1.028812500000000000e+10	6.943327200000000074e-03	2.958085499999999791e-03
1.028820000000000000e+10	6.978877999999999991e-03	3.009513399999999821e-03
1.028827500000000000e+10	7.034986699999999822e-03	2.948139800000000067e-03
1.028835000000000000e+10	7.053186999999999825e-03	2.976428599999999917e-03
1.028842500000000000e+10	7.041628299999999965e-03	2.896271399999999878e-03
1.028850000000000000e+10	7.087492899999999797e-03	2.923640500000000090e-03
1.028857500000000000e+10	7.088948299999999966e-03	2.926828499999999979e-03
1.028865000000000000e+10	7.057222900000000021e-03	2.958870800000000002e-03
1.028872500000000000e+10	7.089464699999999987e-03	3.004256900000000161e-03
1.028880000000000000e+10	7.135076399999999881e-03	2.943037999999999817e-03
1.028887500000000000e+10	7.088683499999999874e-03	2.924763400000000065e-03
1.028895000000000000e+10	7.129770100000000152e-03	2.986205400000000159e-03
1.028902500000000000e+10	7.152822500000000257e-03	2.942084800000000031e-03
1.028910000000000000e+10	7.248169500000000223e-03	2.949195200000000010e-03
1.028917500000000000e+10	7.258799600000000012e-03	2.934177699999999857e-03
1.028925000000000000e+10	7.272460799999999961e-03	2.947576099999999963e-03
1.028932500000000000e+10	7.275766599999999688e-03	2.847466099999999920e-03
1.028940000000000000e+10	7.228340699999999570e-03	2.910532999999999870e-03
1.028947500000000000e+10	7.280014900000000323e-03	2.903824000000000162e-03
1.028955000000000000e+10	7.260449900000000290e-03	2.916481399999999984e-03
1.028962500000000000e+10	7.374123899999999662e-03	2.829293300000000188e-03
1.028970000000000000e+10	7.350146499999999847e-03	2.898186899999999951e-03
1.028977500000000000e+10	7.352349700000000016e-03	2.891044100000000200e-03
1.028985000000000000e+10	7.407722000000000265e-03	2.871826999999999974e-03
1.028992500000000000e+10	7.396746600000000255e-03	2.818526300000000120e-03
1.029000000000000000e+10	7.444395000000000352e-03	2.916538199999999838e-03
1.029007500000000000e+10	7.359020899999999844e-03	2.918056100000000069e-03
1.029015000000000000e+10	7.499922000000000012e-03	2.876191699999999969e-03
1.029022500000000000e+10	7.494219699999999686e-03	2.903396500000000099e-03
1.029030000000000000e+10	7.506193500000000150e-03	2.920096999999999970e-03
1.029037500000000000e+10	7.530550999999999912e-03	2.802712199999999806e-03
1.029045000000000000e+10	7.530587099999999645e-03	2.825088400000000041e-03
1.029052500000000000e+10	7.558395699999999676e-03	2.868193199999999853e-03
1.029060000000000000e+10	7.585303300000000373e-03	2.793477999999999847e-03
1.029067500000000000e+10	7.606696100000000065e-03	2.791224399999999838e-03
1.029075000000000000e+10	7.595867200000000138e-03	2.833151800000000171e-03
1.029082500000000000e+10	7.664009400000000409e-03	2.793392400000000147e-03
1.029090000000000000e+10	7.653311599999999652e-03	2.772494300000000016e-03
1.029097500000000000e+10	7.670874700000000074e-03	2.789470300000000159e-03
1.029105000000000000e+10	7.667730000000000205e-03	2.720920899999999809e-03
1.029112500000000000e+10	7.782089699999999652e-03	2.792376999999999967e-03
1.029120000000000000e+10	7.718641200000000112e-03	2.775371799999999840e-03
1.029127500000000000e+10	7.731925500000000340e-03	2.788739200000000217e-03
1.029135000000000000e+10	7.841139299999999243e-03	2.706576799999999873e-03
1.029142500000000000e+10	7.843010200000000154e-03	2.751965500000000051e-03
1.029150000000000000e+10	7.760548299999999594e-03	2.784308699999999900e-03
1.029157500000000000e+10	7.813013599999999934e-03	2.756192000000000190e-03
1.029165000000000000e+10	7.861024799999999715e-03	2.720041299999999967e-03
1.029172500000000000e+10	7.854830800000000418e-03	2.773048699999999984e-03
1.029180000000000000e+10	7.878357699999999700e-03	2.697849899999999867e-03
1.029187500000000000e+10	7.894426700000000199e-03	2.649869400000000146e-03
1.029195000000000000e+10	7.979340300000000233e-03	2.694133699999999836e-03
1.029202500000000000e+10	7.936128000000000626e-03	2.748906800000000018e-03
1.029210000000000000e+10	7.946092000000000086e-03	2.708678099999999988e-03
1.029217500000000000e+10	8.010187199999999411e-03	2.696906299999999885e-03
1.029225000000000000e+10	7.974792099999999245e-03	2.637143099999999813e-03
1.029232500000000000e+10	8.064728000000000174e-03	2.702222900000000091e-03
1.029240000000000000e+10	8.056742199999999618e-03	2.656526900000000073e-03
1.029247500000000000e+10	8.074038599999999732e-03	2.697043899999999970e-03
1.029255000000000000e+10	8.108521400000000615e-03	2.615549200000000067e-03
1.029262500000000000e+10	8.165760299999999874e-03	2.639278699999999915e-03
1.029270000000000000e+10	8.167118100000000588e-03	2.682389600000000072e-03
1.029277500000000000e+10	8.115807900000000796e-03	2.573609799999999979e-03
1.029285000000000000e+10	8.260217599999999591e-03	2.623678200000000016e-03
1.029292500000000000e+10	8.225628999999999927e-03	2.582523000000000197e-03
1.029300000000000000e+10	8.204827799999999879e-03	2.602837800000000045e-03
1.029307500000000000e+10	8.201409499999999519e-03	2.635591999999999969e-03
1.029315000000000000e+10	8.182018500000000708e-03	2.559375400000000154e-03
1.029322500000000000e+10	8.273908099999999557e-03	2.639292499999999850e-03
1.029330000000000000e+10	8.221058599999999175e-03	2.594107799999999849e-03
1.029337500000000000e+10	8.339308199999999338e-03	2.540463699999999988e-03
1.029345000000000000e+10	8.387934399999999804e-03	2.505958600000000175e-03
1.029352500000000000e+10	8.337199700000000671e-03	2.486093600000000188e-03
1.029360000000000000e+10	8.416240499999999916e-03	2.558751699999999973e-03
1.029367500000000000e+10	8.439357700000000434e-03	2.560342900000000047e-03
1.029375000000000000e+10	8.411630099999999402e-03	2.513496000000000046e-03
1.029382500000000000e+10	8.418299599999999952e-03	2.444223499999999879e-03
1.029390000000000000e+10	8.491159099999999460e-03	2.511016200000000097e-03
1.029397500000000000e+10	8.464678099999999386e-03	2.501118000000000091e-03
1.029405000000000000e+10	8.534238600000000619e-03	2.453187300000000005e-03
1.029412500000000000e+10	8.531171599999999924e-03	2.459516799999999972e-03
1.029420000000000000e+10	8.563822199999999649e-03	2.483992500000000141e-03
1.029427500000000000e+10	8.640941699999999878e-03	2.499491999999999860e-03
1.029435000000000000e+10	8.648585199999999501e-03	2.497488099999999999e-03
1.029442500000000000e+10	8.648406699999999780e-03	2.468551299999999921e-03
1.029450000000000000e+10	8.615278699999999457e-03	2.446351099999999855e-03
1.029457500000000000e+10	8.686788200000000043e-03	2.474508800000000102e-03
1.029465000000000000e+10	8.755512800000000290e-03	2.458779600000000117e-03
1.029472500000000000e+10	8.704512200000000255e-03	2.374410899999999849e-03
1.029480000000000000e+10	8.696146800000000357e-03	2.404762500000000129e-03
1.029487500000000000e+10	8.770787199999999575e-03	2.397494400000000150e-03
1.029495000000000000e+10	8.795077400000000239e-03	2.441890300000000048e-03
1.029502500000000000e+10	8.848828300000000091e-03	2.438281200000000110e-03
1.029510000000000000e+10	8.817619400000000635e-03	2.346252300000000162e-03
1.029517500000000000e+10	8.882981800000000136e-03	2.363562599999999812e-03
1.029525000000000000e+10	8.899995900000000695e-03	2.320211700000000214e-03
1.029532500000000000e+10	8.969949499999999368e-03	2.393901700000000167e-03
1.029540000000000000e+10	8.884921400000000621e-03	2.385587499999999948e-03
1.029547500000000000e+10	9.011070100000000832e-03	2.343055200000000206e-03
1.029555000000000000e+10	8.979996100000000106e-03	2.284625800000000036e-03
1.029562500000000000e+10	8.971471400000000096e-03	2.276679299999999871e-03
1.029570000000000000e+10	9.011790400000000562e-03	2.278480900000000135e-03
1.029577500000000000e+10	9.032716099999999262e-03	2.327670699999999804e-03
1.029585000000000000e+10	9.046699000000000060e-03	2.262581100000000088e-03
1.029592500000000000e+10	9.105762499999999621e-03	2.293853900000000084e-03
1.029600000000000000e+10	9.132378400000000160e-03	2.204576599999999963e-03
1.029607500000000000e+10	9.145722400000000363e-03	2.227498200000000133e-03
1.029615000000000000e+10	9.214911399999999378e-03	2.186693600000000175e-03
1.029622500000000000e+10	9.210482399999999140e-03	2.244598200000000061e-03
1.029630000000000000e+10	9.224467099999999684e-03	2.249350399999999923e-03
1.029637500000000000e+10	9.211421799999999424e-03	2.170719199999999842e-03
1.029645000000000000e+10	9.290916899999999631e-03	2.225320700000000054e-03
1.029652500000000000e+10	9.276859900000000020e-03	2.184793300000000080e-03
1.029660000000000000e+10	9.333699100000000456e-03	2.199996000000000070e-03
1.029667500000000000e+10	9.334254599999999499e-03	2.223575199999999839e-03
1.029675000000000000e+10	9.421732699999999308e-03	2.140674999999999870e-03
1.029682500000000000e+10	9.365529299999999710e-03	2.105064199999999875e-03
1.029690000000000000e+10	9.386947499999999389e-03	2.144316600000000048e-03
1.029697500000000000e+10	9.474608400000000819e-03	2.161497200000000139e-03
1.029705000000000000e+10	9.473694899999999391e-03	2.077432100000000184e-03
1.029712500000000000e+10	9.504980300000000215e-03	2.143417099999999926e-03
1.029720000000000000e+10	9.499554300000000867e-03	2.054786700000000091e-03
1.029727500000000000e+10	9.509672599999999601e-03	2.026026399999999918e-03
1.029735000000000000e+10	9.642733199999999755e-03	2.086279300000000014e-03
1.029742500000000000e+10	9.591532099999999436e-03	2.094880199999999987e-03
1.029750000000000000e+10	9.638982699999999737e-03	2.068722800000000108e-03
1.029757500000000000e+10	9.620464299999999247e-03	2.000368599999999969e-03
1.029765000000000000e+10	9.627837300000000736e-03	2.057458700000000095e-03
1.029772500000000000e+10	9.719452199999999154e-03	2.048475100000000156e-03
1.029780000000000000e+10	9.667040000000000008e-03	2.026546900000000036e-03
1.029787500000000000e+10	9.735221100000000100e-03	2.020758000000000103e-03
1.029795000000000000e+10	9.826058400000000498e-03	1.966176799999999874e-03
1.029802500000000000e+10	9.822239999999999444e-03	1.984989899999999811e-03
1.029810000000000000e+10	9.879440200000000685e-03	2.024950299999999856e-03
1.029817500000000000e+10	9.862403500000000225e-03	1.974220400000000191e-03
1.029825000000000000e+10	9.861735800000000218e-03	1.926289299999999968e-03
1.029832500000000000e+10	9.920651100000000416e-03	1.975425199999999906e-03
1.029840000000000000e+10	9.919355499999999229e-03	1.961294399999999848e-03
1.029847500000000000e+10	9.942964599999999653e-03	1.870559099999999971e-03
1.029855000000000000e+10	9.983090999999999493e-03	1.958029500000000190e-03
1.029862500000000000e+10	1.003539089999999981e-02	1.870504899999999920e-03
1.029870000000000000e+10	1.001633719999999936e-02	1.892046500000000046e-03
1.029877500000000000e+10	1.010285900000000049e-02	1.870235700000000062e-03
1.029885000000000000e+10	1.012929169999999927e-02	1.819176499999999993e-03
1.029892500000000000e+10	1.013147820000000025e-02	1.783685199999999983e-03
1.029900000000000000e+10	1.021081469999999929e-02	1.754304699999999955e-03
1.029907500000000000e+10	1.022128020000000019e-02	1.821683400000000076e-03
1.029915000000000000e+10	1.028551290000000000e-02	1.743764600000000066e-03
1.029922500000000000e+10	1.026615519999999997e-02	1.761741100000000079e-03
1.029930000000000000e+10	1.027384829999999916e-02	1.734536000000000064e-03
1.029937500000000000e+10	1.024980529999999952e-02	1.722259399999999992e-03
1.029945000000000000e+10	1.032768730000000086e-02	1.717411000000000068e-03
1.029952500000000000e+10	1.030321229999999963e-02	1.701730299999999925e-03
1.029960000000000000e+10	1.040161099999999984e-02	1.790268600000000012e-03
1.029967500000000000e+10	1.045244220000000022e-02	1.739436800000000076e-03
1.029975000000000000e+10	1.043774450000000027e-02	1.668741000000000061e-03
1.029982500000000000e+10	1.052734529999999925e-02	1.683532900000000044e-03
1.029990000000000000e+10	1.043615780000000000e-02	1.659242200000000077e-03
1.029997500000000000e+10	1.048645360000000082e-02	1.645145200000000052e-03
1.030005000000000000e+10	1.048633730000000062e-02	1.591163499999999993e-03
1.030012500000000000e+10	1.053862059999999962e-02	1.623776200000000020e-03
1.030020000000000000e+10	1.061271400000000052e-02	1.552712199999999997e-03
1.030027500000000000e+10	1.060312639999999931e-02	1.556083700000000011e-03
1.030035000000000000e+10	1.074637500000000072e-02	1.565523400000000008e-03
1.030042500000000000e+10	1.070022680000000045e-02	1.559782800000000065e-03
1.030050000000000000e+10	1.068378390000000039e-02	1.540411700000000016e-03
1.030057500000000000e+10	1.077749610000000059e-02	1.542837299999999913e-03
1.030065000000000000e+10	1.078053290000000053e-02	1.484427499999999922e-03
1.030072500000000000e+10	1.089319830000000031e-02	1.486775099999999893e-03
1.030080000000000000e+10	1.087947480000000036e-02	1.453773000000000001e-03
1.030087500000000000e+10	1.087508899999999924e-02	1.468105799999999987e-03
1.030095000000000000e+10	1.094639480000000019e-02	1.391467099999999998e-03
1.030102500000000000e+10	1.094189769999999971e-02	1.440609000000000030e-03
1.030110000000000000e+10	1.094564630000000038e-02	1.417635499999999943e-03
1.030117500000000000e+10	1.094527089999999987e-02	1.456743099999999961e-03
1.030125000000000000e+10	1.097986859999999960e-02	1.355938600000000096e-03
1.030132500000000000e+10	1.107154569999999928e-02	1.402335700000000018e-03
1.030140000000000000e+10	1.104070310000000027e-02	1.314251499999999958e-03
1.030147500000000000e+10	1.120173950000000022e-02	1.377073099999999960e-03
1.030155000000000000e+10	1.114997159999999918e-02	1.339441899999999899e-03
1.030162500000000000e+10	1.115934990000000057e-02	1.286351000000000031e-03
1.030170000000000000e+10	1.118731950000000086e-02	1.283889999999999988e-03
1.030177500000000000e+10	1.127788889999999968e-02	1.322477799999999910e-03
1.030185000000000000e+10	1.131336070000000041e-02	1.225380099999999906e-03
1.030192500000000000e+10	1.128176380000000048e-02	1.256015700000000105e-03
1.030200000000000000e+10	1.132093560000000006e-02	1.147648299999999913e-03
1.030207500000000000e+10	1.138524439999999936e-02	1.197915199999999986e-03
1.030215000000000000e+10	1.141608050000000006e-02	1.201631799999999936e-03
1.030222500000000000e+10	1.143401599999999997e-02	1.105743499999999914e-03
1.030230000000000000e+10	1.141769980000000018e-02	1.128851200000000011e-03
1.030237500000000000e+10	1.140457729999999961e-02	1.188346799999999903e-03
1.030245000000000000e+10	1.151755689999999985e-02	1.111033999999999893e-03
1.030252500000000000e+10	1.159714849999999957e-02	1.103374799999999904e-03
1.030260000000000000e+10	1.156060759999999986e-02	1.158575900000000103e-03
1.030267500000000000e+10	1.161427540000000043e-02	1.064891799999999941e-03
1.030275000000000000e+10	1.164285210000000001e-02	9.859000000000000576e-04
1.030282500000000000e+10	1.169659860000000010e-02	9.748213999999999838e-04
1.030290000000000000e+10	1.176749659999999989e-02	1.041632499999999972e-03
1.030297500000000000e+10	1.171776729999999926e-02	1.001580499999999915e-03
1.030305000000000000e+10	1.181595679999999926e-02	1.018995800000000026e-03
1.030312500000000000e+10	1.179244859999999985e-02	9.755941000000000179e-04
1.030320000000000000e+10	1.184857169999999939e-02	8.677964000000000250e-04
1.030327500000000000e+10	1.188317329999999915e-02	9.014713000000000370e-04
1.030335000000000000e+10	1.191516540000000027e-02	9.384925999999999598e-04
1.030342500000000000e+10	1.189272029999999952e-02	9.128690999999999976e-04
1.030350000000000000e+10	1.199605620000000067e-02	8.772012000000000472e-04
1.030357500000000000e+10	1.197965819999999987e-02	8.088505000000000174e-04
1.030365000000000000e+10	1.204243969999999921e-02	8.976346000000000065e-04
1.030372500000000000e+10	1.207579020000000038e-02	8.188241000000000399e-04
1.030380000000000000e+10	1.216640100000000030e-02	7.580504000000000495e-04
1.030387500000000000e+10	1.210643179999999937e-02	7.671334999999999829e-04
1.030395000000000000e+10	1.213690540000000005e-02	7.399426000000000397e-04
1.030402500000000000e+10	1.224767679999999928e-02	6.619936999999999567e-04
1.030410000000000000e+10	1.227936219999999946e-02	6.782961999999999585e-04
1.030417500000000000e+10	1.226948540000000025e-02	7.174735000000000010e-04
1.030425000000000000e+10	1.230246959999999924e-02	5.939740999999999684e-04
1.030432500000000000e+10	1.238943829999999968e-02	6.592138000000000208e-04
1.030440000000000000e+10	1.239174850000000078e-02	6.053210000000000274e-04
1.030447500000000000e+10	1.235061439999999948e-02	5.606727000000000368e-04
1.030455000000000000e+10	1.249351089999999921e-02	6.170518000000000270e-04
1.030462500000000000e+10	1.249979659999999985e-02	5.730763000000000480e-04
1.030470000000000000e+10	1.252917849999999993e-02	4.569625000000000011e-04
1.030477500000000000e+10	1.253912889999999995e-02	5.322045999999999765e-04
1.030485000000000000e+10	1.254942109999999944e-02	4.435042000000000151e-04
1.030492500000000000e+10	1.261780179999999994e-02	4.421105999999999951e-04
1.030500000000000000e+10	1.267285209999999968e-02	4.087168999999999763e-04
1.030507500000000000e+10	1.270130199999999938e-02	3.696538000000000081e-04
1.030515000000000000e+10	1.276981750000000075e-02	4.629805999999999765e-04
1.030522500000000000e+10	1.280931840000000023e-02	4.155340000000000097e-04
1.030530000000000000e+10	1.282899680000000077e-02	3.655363000000000123e-04
1.030537500000000000e+10	1.290295150000000078e-02	3.234595000000000157e-04
1.030545000000000000e+10	1.291417819999999932e-02	2.828533999999999844e-04
1.030552500000000000e+10	1.297072990000000016e-02	2.197699999999999914e-04
1.030560000000000000e+10	1.296275220000000020e-02	2.437805000000000083e-04
1.030567500000000000e+10	1.299467150000000078e-02	1.881456000000000101e-04
1.030575000000000000e+10	1.304899479999999980e-02	2.042299000000000078e-04
1.030582500000000000e+10	1.304404810000000040e-02	1.733931999999999986e-04
1.030590000000000000e+10	1.316129039999999924e-02	2.224838999999999994e-04
1.030597500000000000e+10	1.312785099999999941e-02	1.667402000000000066e-04
1.030605000000000000e+10	1.321644140000000078e-02	5.281919999999999736e-05
1.030612500000000000e+10	1.324716249999999956e-02	1.281928000000000104e-04
1.030620000000000000e+10	1.322320090000000080e-02	-1.306419999999999936e-05
1.030627500000000000e+10	1.328682670000000052e-02	-2.324539999999999940e-05
1.030635000000000000e+10	1.337131660000000048e-02	-2.927909999999999890e-05
1.030642500000000000e+10	1.337422840000000029e-02	-8.532910000000000267e-05
1.030650000000000000e+10	1.342057980000000046e-02	-9.352519999999999692e-05
1.030657500000000000e+10	1.346249459999999953e-02	-1.144725000000000056e-04
1.030665000000000000e+10	1.354646460000000045e-02	-1.772316999999999925e-04
1.030672500000000000e+10	1.354437659999999967e-02	-2.046028999999999990e-04
1.030680000000000000e+10	1.354848869999999983e-02	-1.883282999999999973e-04
1.030687500000000000e+10	1.360985200000000041e-02	-1.612422000000000128e-04
1.030695000000000000e+10	1.375399170000000081e-02	-2.276572999999999997e-04
1.030702500000000000e+10	1.373456560000000000e-02	-2.974718999999999801e-04
1.030710000000000000e+10	1.370804299999999962e-02	-3.259191999999999948e-04
1.030717500000000000e+10	1.372524609999999957e-02	-3.345620999999999795e-04
1.030725000000000000e+10	1.382580649999999925e-02	-3.914535999999999819e-04
1.030732500000000000e+10	1.383856810000000034e-02	-4.562619999999999762e-04
1.030740000000000000e+10	1.391709539999999926e-02	-3.479247999999999998e-04
1.030747500000000000e+10	1.394303549999999919e-02	-4.592984999999999733e-04
1.030755000000000000e+10	1.397570790000000028e-02	-5.416089000000000450e-04
1.030762500000000000e+10	1.410045539999999972e-02	-5.219934999999999549e-04
1.030770000000000000e+10	1.406626610000000048e-02	-5.687983000000000188e-04
1.030777500000000000e+10	1.407502719999999957e-02	-5.254164000000000403e-04
1.030785000000000000e+10	1.411507629999999951e-02	-5.201207999999999483e-04
1.030792500000000000e+10	1.418001059999999917e-02	-6.633401000000000358e-04
1.030800000000000000e+10	1.431122339999999979e-02	-6.886074999999999965e-04
1.030807500000000000e+10	1.430811580000000000e-02	-6.805818999999999628e-04
1.030815000000000000e+10	1.433684359999999949e-02	-7.580401000000000066e-04
1.030822500000000000e+10	1.433245260000000007e-02	-8.105874000000000109e-04
1.030830000000000000e+10	1.439844699999999998e-02	-7.690893000000000295e-04
1.030837500000000000e+10	1.446236480000000039e-02	-7.966167000000000126e-04
1.030845000000000000e+10	1.451336680000000004e-02	-8.085797999999999727e-04
1.030852500000000000e+10	1.448869700000000003e-02	-8.880313999999999829e-04
1.030860000000000000e+10	1.461118349999999955e-02	-9.656623000000000463e-04
1.030867500000000000e+10	1.462132759999999927e-02	-1.004852199999999940e-03
1.030875000000000000e+10	1.471617199999999959e-02	-1.005559100000000088e-03
1.030882500000000000e+10	1.475465590000000007e-02	-1.011234099999999995e-03
1.030890000000000000e+10	1.475578550000000017e-02	-1.001656999999999981e-03
1.030897500000000000e+10	1.480972080000000045e-02	-1.035805500000000056e-03
1.030905000000000000e+10	1.479750699999999967e-02	-1.123354499999999973e-03
1.030912500000000000e+10	1.492682329999999932e-02	-1.190818400000000091e-03
1.030920000000000000e+10	1.495681150000000015e-02	-1.208842600000000107e-03
1.030927500000000000e+10	1.504958969999999931e-02	-1.225952599999999976e-03
1.030935000000000000e+10	1.506849780000000041e-02	-1.230356300000000043e-03
1.030942500000000000e+10	1.506521409999999998e-02	-1.317241200000000096e-03
1.030950000000000000e+10	1.512896719999999931e-02	-1.361510200000000089e-03
1.030957500000000000e+10	1.519634890000000002e-02	-1.393542499999999955e-03
1.030965000000000000e+10	1.522114909999999939e-02	-1.370462700000000048e-03
1.030972500000000000e+10	1.523345039999999921e-02	-1.396794000000000030e-03
1.030980000000000000e+10	1.528042129999999943e-02	-1.482627899999999907e-03
1.030987500000000000e+10	1.535125199999999926e-02	-1.538298900000000099e-03
1.030995000000000000e+10	1.536724490000000026e-02	-1.517262699999999929e-03
1.031002500000000000e+10	1.544600550000000024e-02	-1.581554200000000058e-03
1.031010000000000000e+10	1.552721370000000045e-02	-1.618652900000000028e-03
1.031017500000000000e+10	1.552876150000000004e-02	-1.620145199999999987e-03
1.031025000000000000e+10	1.558486369999999982e-02	-1.712771700000000107e-03
1.031032500000000000e+10	1.561528560000000065e-02	-1.695993800000000079e-03
1.031040000000000000e+10	1.565044009999999944e-02	-1.758846099999999925e-03
1.031047500000000000e+10	1.575802969999999872e-02	-1.856870700000000070e-03
1.031055000000000000e+10	1.577728210000000145e-02	-1.888038400000000006e-03
1.031062500000000000e+10	1.585875620000000083e-02	-1.932819500000000070e-03
1.031070000000000000e+10	1.584660690000000080e-02	-1.991746400000000104e-03
1.031077500000000000e+10	1.597354549999999845e-02	-2.025743899999999861e-03
1.031085000000000000e+10	1.601202690000000026e-02	-2.041424400000000153e-03
1.031092500000000000e+10	1.612293520000000063e-02	-2.040225599999999882e-03
1.031100000000000000e+10	1.606892099999999990e-02	-2.076282999999999948e-03
1.031107500000000000e+10	1.616106319999999902e-02	-2.177091999999999829e-03
1.031115000000000000e+10	1.620555090000000073e-02	-2.225892699999999953e-03
1.031122500000000000e+10	1.617505259999999986e-02	-2.265245500000000103e-03
1.031130000000000000e+10	1.627072660000000032e-02	-2.330185700000000047e-03
1.031137500000000000e+10	1.628311320000000104e-02	-2.330489900000000131e-03
1.031145000000000000e+10	1.638993539999999971e-02	-2.423873300000000102e-03
1.031152500000000000e+10	1.642294550000000103e-02	-2.495967700000000216e-03
1.031160000000000000e+10	1.647614689999999868e-02	-2.518035499999999802e-03
1.031167500000000000e+10	1.655747239999999856e-02	-2.561888200000000081e-03
1.031175000000000000e+10	1.654554620000000045e-02	-2.554582599999999891e-03
1.031182500000000000e+10	1.661641820000000005e-02	-2.617294799999999883e-03
1.031190000000000000e+10	1.669725010000000162e-02	-2.761380899999999784e-03
1.031197500000000000e+10	1.674141670000000096e-02	-2.717220199999999860e-03
1.031205000000000000e+10	1.676456139999999914e-02	-2.773915200000000129e-03
1.031212500000000000e+10	1.678472190000000058e-02	-2.828928599999999856e-03
1.031220000000000000e+10	1.682045319999999830e-02	-2.926349999999999871e-03
1.031227500000000000e+10	1.695263849999999878e-02	-2.923114599999999865e-03
1.031235000000000000e+10	1.703049969999999996e-02	-2.977850499999999938e-03
1.031242500000000000e+10	1.705389930000000137e-02	-3.024463700000000043e-03
1.031250000000000000e+10	1.705952430000000006e-02	-2.983480399999999862e-03
1.031257500000000000e+10	1.713611979999999854e-02	-3.079948500000000058e-03
1.031265000000000000e+10	1.718849630000000156e-02	-3.147829799999999831e-03
1.031272500000000000e+10	1.729746750000000013e-02	-3.175588899999999895e-03
1.031280000000000000e+10	1.729219300000000084e-02	-3.155313099999999902e-03
1.031287500000000000e+10	1.734485610000000011e-02	-3.321720499999999965e-03
1.031295000000000000e+10	1.741117249999999880e-02	-3.346955300000000084e-03
1.031302500000000000e+10	1.741639359999999984e-02	-3.408085999999999841e-03
1.031310000000000000e+10	1.756085170000000126e-02	-3.455579800000000128e-03
1.031317500000000000e+10	1.755889949999999908e-02	-3.485527699999999788e-03
1.031325000000000000e+10	1.755230030000000038e-02	-3.510252499999999901e-03
1.031332500000000000e+10	1.764805930000000120e-02	-3.691702500000000001e-03
1.031340000000000000e+10	1.773504940000000113e-02	-3.672298400000000192e-03
1.031347500000000000e+10	1.785346410000000078e-02	-3.766713100000000126e-03
1.031355000000000000e+10	1.782777890000000059e-02	-3.832213200000000181e-03
1.031362500000000000e+10	1.792772330000000011e-02	-3.844724700000000123e-03
1.031370000000000000e+10	1.797192389999999890e-02	-3.975274699999999800e-03
1.031377500000000000e+10	1.803839169999999978e-02	-4.024066100000000222e-03
1.031385000000000000e+10	1.806741720000000148e-02	-4.028117500000000066e-03
1.031392500000000000e+10	1.811357920000000038e-02	-4.099712800000000421e-03
1.031400000000000000e+10	1.821586669999999963e-02	-4.191654900000000260e-03
1.031407500000000000e+10	1.828291430000000134e-02	-4.324714200000000404e-03
1.031415000000000000e+10	1.831060669999999904e-02	-4.327661299999999676e-03
1.031422500000000000e+10	1.832134250000000061e-02	-4.380322800000000134e-03
1.031430000000000000e+10	1.842413260000000039e-02	-4.355678899999999854e-03
1.031437500000000000e+10	1.846708249999999898e-02	-4.467730900000000359e-03
1.031445000000000000e+10	1.852213570000000101e-02	-4.602298500000000063e-03
1.031452500000000000e+10	1.862007090000000059e-02	-4.619874799999999782e-03
1.031460000000000000e+10	1.862586369999999839e-02	-4.634917300000000219e-03
1.031467500000000000e+10	1.869017660000000039e-02	-4.634099699999999836e-03
1.031475000000000000e+10	1.877428189999999844e-02	-4.754214799999999935e-03
1.031482500000000000e+10	1.878128119999999956e-02	-4.859331399999999856e-03
1.031490000000000000e+10	1.889662699999999917e-02	-4.873375000000000103e-03
1.031497500000000000e+10	1.896055079999999990e-02	-4.977754000000000033e-03
1.031505000000000000e+10	1.899309750000000019e-02	-5.052952700000000116e-03
1.031512500000000000e+10	1.908864929999999974e-02	-5.104739900000000372e-03
1.031520000000000000e+10	1.916366929999999830e-02	-5.235241199999999921e-03
1.031527500000000000e+10	1.920212610000000125e-02	-5.273219099999999597e-03
1.031535000000000000e+10	1.922333249999999896e-02	-5.348136199999999930e-03
1.031542500000000000e+10	1.930237430000000115e-02	-5.341927100000000254e-03
1.031550000000000000e+10	1.939183820000000072e-02	-5.488196499999999610e-03
1.031557500000000000e+10	1.941057560000000043e-02	-5.538826499999999903e-03
1.031565000000000000e+10	1.953357600000000041e-02	-5.622041700000000169e-03
1.031572500000000000e+10	1.951968269999999894e-02	-5.719363199999999946e-03
1.031580000000000000e+10	1.959443190000000057e-02	-5.800457299999999851e-03
1.031587500000000000e+10	1.962334649999999958e-02	-5.808648300000000125e-03
1.031595000000000000e+10	1.978172049999999890e-02	-5.938034600000000225e-03
1.031602500000000000e+10	1.981298269999999875e-02	-6.008292499999999883e-03
1.031610000000000000e+10	1.978966080000000086e-02	-6.066503400000000136e-03
1.031617500000000000e+10	1.994753739999999970e-02	-6.193634499999999682e-03
1.031625000000000000e+10	2.001030590000000067e-02	-6.272701700000000123e-03
1.031632500000000000e+10	2.009237120000000043e-02	-6.269581899999999638e-03
1.031640000000000000e+10	2.017031069999999926e-02	-6.322054899999999568e-03
1.031647500000000000e+10	2.016124190000000149e-02	-6.545603799999999937e-03
1.031655000000000000e+10	2.029051839999999884e-02	-6.597684700000000166e-03
1.031662500000000000e+10	2.031173240000000088e-02	-6.718275099999999715e-03
1.031670000000000000e+10	2.036108340000000044e-02	-6.787407300000000178e-03
1.031677500000000000e+10	2.037382990000000116e-02	-6.761682800000000035e-03
1.031685000000000000e+10	2.046818699999999880e-02	-6.898784899999999692e-03
1.031692500000000000e+10	2.057656180000000043e-02	-6.903185400000000187e-03
1.031700000000000000e+10	2.063446669999999955e-02	-7.112879100000000371e-03
1.031707500000000000e+10	2.066357980000000164e-02	-7.202964400000000204e-03
1.031715000000000000e+10	2.082350269999999962e-02	-7.276526000000000174e-03
1.031722500000000000e+10	2.082039349999999928e-02	-7.285428899999999916e-03
1.031730000000000000e+10	2.090052430000000072e-02	-7.387951400000000377e-03
1.031737500000000000e+10	2.092926180000000136e-02	-7.570242999999999937e-03
1.031745000000000000e+10	2.101727620000000060e-02	-7.478807999999999984e-03
1.031752500000000000e+10	2.109786019999999873e-02	-7.685694800000000132e-03
1.031760000000000000e+10	2.113663539999999924e-02	-7.690175399999999752e-03
1.031767500000000000e+10	2.115980510000000162e-02	-7.993245499999999254e-03
1.031775000000000000e+10	2.124283340000000103e-02	-7.949967299999999293e-03
1.031782500000000000e+10	2.133180729999999831e-02	-8.113343400000000427e-03
1.031790000000000000e+10	2.143900660000000111e-02	-8.128589300000000836e-03
1.031797500000000000e+10	2.151469480000000115e-02	-8.232531100000000865e-03
1.031805000000000000e+10	2.152525989999999959e-02	-8.414844600000000521e-03
1.031812500000000000e+10	2.156338489999999955e-02	-8.458361200000000246e-03
1.031820000000000000e+10	2.169565769999999907e-02	-8.495916900000000799e-03
1.031827500000000000e+10	2.172901500000000083e-02	-8.624630799999999722e-03
1.031835000000000000e+10	2.172902139999999954e-02	-8.745159299999999414e-03
1.031842500000000000e+10	2.183972740000000162e-02	-8.823200600000000865e-03
1.031850000000000000e+10	2.191126750000000137e-02	-9.038584900000000422e-03
1.031857500000000000e+10	2.201745949999999938e-02	-9.098945199999999844e-03
1.031865000000000000e+10	2.210489460000000100e-02	-9.068245399999999221e-03
1.031872500000000000e+10	2.222836820000000102e-02	-9.336772599999999464e-03
1.031880000000000000e+10	2.219742040000000083e-02	-9.417216399999999224e-03
1.031887500000000000e+10	2.222547409999999987e-02	-9.616256099999999710e-03
1.031895000000000000e+10	2.235517169999999901e-02	-9.588114300000000548e-03
1.031902500000000000e+10	2.244306050000000052e-02	-9.746998899999999647e-03
1.031910000000000000e+10	2.249506149999999996e-02	-9.782307100000000102e-03
1.031917500000000000e+10	2.252580809999999920e-02	-1.001565920000000061e-02
1.031925000000000000e+10	2.263024630000000023e-02	-1.017627200000000010e-02
1.031932500000000000e+10	2.273120390000000005e-02	-1.022485570000000038e-02
1.031940000000000000e+10	2.269721720000000137e-02	-1.038636090000000060e-02
1.031947500000000000e+10	2.290974830000000115e-02	-1.046406539999999996e-02
1.031955000000000000e+10	2.294176770000000073e-02	-1.064654569999999925e-02
1.031962500000000000e+10	2.304273730000000117e-02	-1.074532949999999938e-02
1.031970000000000000e+10	2.314094430000000063e-02	-1.089965929999999958e-02
1.031977500000000000e+10	2.316214180000000095e-02	-1.101606379999999982e-02
1.031985000000000000e+10	2.318052589999999857e-02	-1.110505390000000002e-02
1.031992500000000000e+10	2.332918410000000067e-02	-1.130842779999999964e-02
1.032000000000000000e+10	2.333008110000000038e-02	-1.131857210000000030e-02
1.032007500000000000e+10	2.344841510000000157e-02	-1.146020990000000059e-02
1.032015000000000000e+10	2.344942679999999918e-02	-1.166831800000000044e-02
1.032022500000000000e+10	2.362010709999999916e-02	-1.175221019999999998e-02
1.032030000000000000e+10	2.362217169999999977e-02	-1.185265129999999931e-02
1.032037500000000000e+10	2.378330749999999980e-02	-1.195360170000000014e-02
1.032045000000000000e+10	2.379324320000000131e-02	-1.226285010000000009e-02
1.032052500000000000e+10	2.381953399999999985e-02	-1.234535060000000080e-02
1.032060000000000000e+10	2.391118940000000123e-02	-1.246094430000000038e-02
1.032067500000000000e+10	2.404423719999999876e-02	-1.258528029999999957e-02
1.032075000000000000e+10	2.410968130000000140e-02	-1.280566139999999957e-02
1.032082500000000000e+10	2.412948009999999963e-02	-1.287887679999999944e-02
1.032090000000000000e+10	2.418759100000000134e-02	-1.305878159999999955e-02
1.032097500000000000e+10	2.421374540000000020e-02	-1.310598829999999951e-02
1.032105000000000000e+10	2.440196219999999847e-02	-1.336818830000000013e-02
1.032112500000000000e+10	2.441029070000000009e-02	-1.348676650000000046e-02
1.032120000000000000e+10	2.452065100000000095e-02	-1.366659500000000013e-02
1.032127500000000000e+10	2.454648619999999851e-02	-1.388407510000000053e-02
1.032135000000000000e+10	2.458394670000000129e-02	-1.402315370000000068e-02
1.032142500000000000e+10	2.471126170000000066e-02	-1.418848479999999974e-02
1.032150000000000000e+10	2.478871070000000093e-02	-1.434101049999999926e-02
1.032157500000000000e+10	2.472716510000000020e-02	-1.449458479999999987e-02
1.032165000000000000e+10	2.487461380000000055e-02	-1.473874130000000018e-02
1.032172500000000000e+10	2.496735049999999900e-02	-1.481645390000000014e-02
1.032180000000000000e+10	2.503288719999999939e-02	-1.494107930000000001e-02
1.032187500000000000e+10	2.508082069999999913e-02	-1.523142090000000060e-02
1.032195000000000000e+10	2.511337879999999897e-02	-1.531057230000000026e-02
1.032202500000000000e+10	2.524239199999999891e-02	-1.545427379999999955e-02
1.032210000000000000e+10	2.528815980000000130e-02	-1.569336539999999919e-02
1.032217500000000000e+10	2.540187890000000087e-02	-1.587090570000000006e-02
1.032225000000000000e+10	2.543047270000000151e-02	-1.601136540000000150e-02
1.032232500000000000e+10	2.549589190000000130e-02	-1.622260470000000052e-02
1.032240000000000000e+10	2.551725259999999829e-02	-1.644850830000000111e-02
1.032247500000000000e+10	2.561946799999999941e-02	-1.666717430000000041e-02
1.032255000000000000e+10	2.570663440000000091e-02	-1.676831330000000050e-02
1.032262500000000000e+10	2.571974230000000083e-02	-1.697496210000000103e-02
1.032270000000000000e+10	2.576412789999999939e-02	-1.711876899999999896e-02
1.032277500000000000e+10	2.587410830000000037e-02	-1.733224660000000014e-02
1.032285000000000000e+10	2.594916419999999946e-02	-1.754910700000000129e-02
1.032292500000000000e+10	2.593676580000000079e-02	-1.778093429999999878e-02
1.032300000000000000e+10	2.600004330000000100e-02	-1.802987959999999973e-02
1.032307500000000000e+10	2.611822219999999917e-02	-1.821719990000000150e-02
1.032315000000000000e+10	2.621559069999999936e-02	-1.846889219999999984e-02
1.032322500000000000e+10	2.625135110000000049e-02	-1.866509859999999910e-02
1.032330000000000000e+10	2.625898039999999961e-02	-1.890946270000000082e-02
1.032337500000000000e+10	2.632868459999999911e-02	-1.896638299999999985e-02
1.032345000000000000e+10	2.649911099999999881e-02	-1.917957090000000156e-02
1.032352500000000000e+10	2.649097720000000156e-02	-1.942243520000000098e-02
1.032360000000000000e+10	2.650598969999999957e-02	-1.970193159999999999e-02
1.032367500000000000e+10	2.661047340000000094e-02	-1.986909259999999899e-02
1.032375000000000000e+10	2.661344939999999923e-02	-2.016288860000000141e-02
1.032382500000000000e+10	2.676030839999999841e-02	-2.031337000000000073e-02
1.032390000000000000e+10	2.679280950000000050e-02	-2.061479800000000015e-02
1.032397500000000000e+10	2.677499750000000150e-02	-2.076482560000000172e-02
1.032405000000000000e+10	2.698837499999999848e-02	-2.102076950000000138e-02
1.032412500000000000e+10	2.684055579999999885e-02	-2.125017889999999965e-02
1.032420000000000000e+10	2.698174689999999903e-02	-2.149479779999999979e-02
1.032427500000000000e+10	2.694204799999999969e-02	-2.171167049999999862e-02
1.032435000000000000e+10	2.711719090000000096e-02	-2.202002600000000157e-02
1.032442500000000000e+10	2.707423490000000071e-02	-2.225966409999999979e-02
1.032450000000000000e+10	2.722615739999999923e-02	-2.254810369999999883e-02
1.032457500000000000e+10	2.713127670000000172e-02	-2.284572090000000152e-02
1.032465000000000000e+10	2.719163479999999952e-02	-2.305875029999999992e-02
1.032472500000000000e+10	2.729763160000000036e-02	-2.335796999999999873e-02
1.032480000000000000e+10	2.736094240000000108e-02	-2.367356829999999954e-02
1.032487500000000000e+10	2.740563810000000086e-02	-2.389082260000000013e-02
1.032495000000000000e+10	2.738044569999999872e-02	-2.412799100000000141e-02
1.032502500000000000e+10	2.751009949999999940e-02	-2.437952200000000069e-02
1.032510000000000000e+10	2.741390230000000094e-02	-2.469302259999999957e-02
1.032517500000000000e+10	2.746113370000000109e-02	-2.500416369999999833e-02
1.032525000000000000e+10	2.749265520000000046e-02	-2.520591269999999939e-02
1.032532500000000000e+10	2.763006969999999909e-02	-2.548663220000000132e-02
1.032540000000000000e+10	2.757685979999999898e-02	-2.581970089999999912e-02
1.032547500000000000e+10	2.766291430000000079e-02	-2.613126069999999884e-02
1.032555000000000000e+10	2.763372130000000051e-02	-2.648594240000000030e-02
1.032562500000000000e+10	2.761742240000000098e-02	-2.667463620000000077e-02
1.032570000000000000e+10	2.773608080000000004e-02	-2.705374979999999874e-02
1.032577500000000000e+10	2.769997089999999898e-02	-2.732843310000000053e-02
1.032585000000000000e+10	2.772978380000000118e-02	-2.766507350000000157e-02
1.032592500000000000e+10	2.771982840000000031e-02	-2.793556850000000064e-02
1.032600000000000000e+10	2.780270699999999942e-02	-2.825590830000000026e-02
1.032607500000000000e+10	2.777505389999999907e-02	-2.862210499999999838e-02
1.032615000000000000e+10	2.772959670000000112e-02	-2.891072600000000117e-02
1.032622500000000000e+10	2.772671479999999980e-02	-2.929061880000000118e-02
1.032630000000000000e+10	2.778454799999999919e-02	-2.963431019999999971e-02
1.032637500000000000e+10	2.773953599999999867e-02	-2.990673979999999843e-02
1.032645000000000000e+10	2.778104790000000129e-02	-3.023733430000000166e-02
1.032652500000000000e+10	2.772651840000000048e-02	-3.054633340000000030e-02
1.032660000000000000e+10	2.777406409999999895e-02	-3.098239510000000071e-02
1.032667500000000000e+10	2.763220079999999940e-02	-3.129045290000000146e-02
1.032675000000000000e+10	2.763385050000000120e-02	-3.169528070000000169e-02
1.032682500000000000e+10	2.772200970000000125e-02	-3.195472280000000165e-02
1.032690000000000000e+10	2.750990219999999847e-02	-3.244821290000000219e-02
1.032697500000000000e+10	2.756833540000000124e-02	-3.269631869999999746e-02
1.032705000000000000e+10	2.749127089999999982e-02	-3.308508770000000154e-02
1.032712500000000000e+10	2.753891860000000011e-02	-3.354587149999999768e-02
1.032720000000000000e+10	2.752287770000000008e-02	-3.382723929999999907e-02
1.032727500000000000e+10	2.734515020000000129e-02	-3.425327119999999753e-02
1.032735000000000000e+10	2.731209100000000015e-02	-3.462527010000000099e-02
1.032742500000000000e+10	2.736278970000000088e-02	-3.502788739999999901e-02
1.032750000000000000e+10	2.724061319999999953e-02	-3.538283939999999766e-02
1.032757500000000000e+10	2.711961759999999971e-02	-3.573871060000000099e-02
1.032765000000000000e+10	2.711738699999999974e-02	-3.619099939999999987e-02
1.032772500000000000e+10	2.701302800000000143e-02	-3.665070630000000218e-02
1.032780000000000000e+10	2.692318520000000145e-02	-3.697980299999999859e-02
1.032787500000000000e+10	2.682439829999999983e-02	-3.740236520000000259e-02
1.032795000000000000e+10	2.682217719999999833e-02	-3.776043369999999844e-02
1.032802500000000000e+10	2.666420099999999849e-02	-3.824775279999999972e-02
1.032810000000000000e+10	2.658508370000000134e-02	-3.858695410000000103e-02
1.032817500000000000e+10	2.646040399999999987e-02	-3.902342219999999778e-02
1.032825000000000000e+10	2.634776750000000084e-02	-3.956140310000000326e-02
1.032832500000000000e+10	2.620874020000000040e-02	-3.996748270000000103e-02
1.032840000000000000e+10	2.612837999999999966e-02	-4.037621799999999844e-02
1.032847500000000000e+10	2.592042099999999905e-02	-4.082781530000000048e-02
1.032855000000000000e+10	2.583389850000000071e-02	-4.135339820000000222e-02
1.032862500000000000e+10	2.566364789999999937e-02	-4.170995059999999671e-02
1.032870000000000000e+10	2.541999829999999974e-02	-4.214659309999999742e-02
1.032877500000000000e+10	2.539265909999999932e-02	-4.265787239999999786e-02
1.032885000000000000e+10	2.518637810000000019e-02	-4.309255099999999977e-02
1.032892500000000000e+10	2.504819759999999881e-02	-4.352757100000000101e-02
1.032900000000000000e+10	2.477594899999999850e-02	-4.394826129999999942e-02
1.032907500000000000e+10	2.459275010000000136e-02	-4.449067520000000303e-02
1.032915000000000000e+10	2.436271140000000057e-02	-4.493739869999999886e-02
1.032922500000000000e+10	2.413950759999999862e-02	-4.540400790000000131e-02
1.032930000000000000e+10	2.407892829999999998e-02	-4.593150000000000011e-02
1.032937500000000000e+10	2.378869750000000075e-02	-4.635343809999999815e-02
1.032945000000000000e+10	2.353722050000000079e-02	-4.677542929999999738e-02
1.032952500000000000e+10	2.333681489999999900e-02	-4.718237690000000317e-02
1.032960000000000000e+10	2.303382580000000110e-02	-4.780030290000000098e-02
1.032967500000000000e+10	2.276218240000000073e-02	-4.827808690000000291e-02
1.032975000000000000e+10	2.257151840000000062e-02	-4.874959489999999840e-02
1.032982500000000000e+10	2.229242420000000086e-02	-4.923495070000000196e-02
1.032990000000000000e+10	2.193242509999999978e-02	-4.974714310000000195e-02
1.032997500000000000e+10	2.164118859999999978e-02	-5.018767500000000104e-02
1.033005000000000000e+10	2.134987539999999920e-02	-5.067793550000000008e-02
1.033012500000000000e+10	2.097868469999999985e-02	-5.109584639999999872e-02
1.033020000000000000e+10	2.068188489999999921e-02	-5.164461179999999679e-02
1.033027500000000000e+10	2.030994870000000022e-02	-5.211423689999999942e-02
1.033035000000000000e+10	1.996417779999999989e-02	-5.264748529999999788e-02
1.033042500000000000e+10	1.962711279999999892e-02	-5.311594630000000122e-02
1.033050000000000000e+10	1.923711560000000015e-02	-5.369071739999999732e-02
1.033057500000000000e+10	1.877383159999999884e-02	-5.413789640000000319e-02
1.033065000000000000e+10	1.840391510000000119e-02	-5.467219339999999927e-02
1.033072500000000000e+10	1.800780769999999961e-02	-5.517508659999999926e-02
1.033080000000000000e+10	1.752727210000000133e-02	-5.559551339999999758e-02
1.033087500000000000e+10	1.713086739999999941e-02	-5.605572389999999988e-02
1.033095000000000000e+10	1.672695440000000061e-02	-5.651760439999999747e-02
1.033102500000000000e+10	1.623861669999999979e-02	-5.704147259999999692e-02
1.033110000000000000e+10	1.586942629999999951e-02	-5.741793049999999871e-02
1.033117500000000000e+10	1.529918010000000037e-02	-5.791763379999999989e-02
1.033125000000000000e+10	1.472705560000000038e-02	-5.846487279999999787e-02
1.033132500000000000e+10	1.417962950000000062e-02	-5.892471640000000038e-02
1.033140000000000000e+10	1.373490670000000052e-02	-5.932209909999999753e-02
1.033147500000000000e+10	1.316194749999999997e-02	-5.986893399999999865e-02
1.033155000000000000e+10	1.263964140000000021e-02	-6.033380530000000130e-02
1.033162500000000000e+10	1.202870359999999930e-02	-6.063874019999999920e-02
1.033170000000000000e+10	1.144867599999999964e-02	-6.121003459999999757e-02
1.033177500000000000e+10	1.088027599999999949e-02	-6.159911500000000290e-02
1.033185000000000000e+10	1.031002089999999947e-02	-6.198665829999999710e-02
1.033192500000000000e+10	9.536392499999999176e-03	-6.241098390000000135e-02
1.033200000000000000e+10	8.998487700000000131e-03	-6.288160310000000253e-02
1.033207500000000000e+10	8.365095100000000811e-03	-6.315386970000000377e-02
1.033215000000000000e+10	7.685802799999999664e-03	-6.361039159999999637e-02
1.033222500000000000e+10	7.009122799999999848e-03	-6.398309829999999920e-02
1.033230000000000000e+10	6.404649999999999579e-03	-6.438563040000000459e-02
1.033237500000000000e+10	5.694215499999999604e-03	-6.470854560000000033e-02
1.033245000000000000e+10	4.894186200000000091e-03	-6.507040040000000580e-02
1.033252500000000000e+10	4.284544799999999778e-03	-6.547843790000000552e-02
1.033260000000000000e+10	3.485862699999999967e-03	-6.583273850000000149e-02
1.033267500000000000e+10	2.769670100000000152e-03	-6.613232469999999474e-02
1.033275000000000000e+10	1.957303200000000149e-03	-6.639794039999999398e-02
1.033282500000000000e+10	1.121721399999999922e-03	-6.669904779999999422e-02
1.033290000000000000e+10	3.920834000000000211e-04	-6.700082570000000237e-02
1.033297500000000000e+10	-3.423977999999999831e-04	-6.722892989999999791e-02
1.033305000000000000e+10	-1.235609699999999948e-03	-6.754302530000000360e-02
1.033312500000000000e+10	-2.079742099999999910e-03	-6.771561959999999880e-02
1.033320000000000000e+10	-2.861201600000000053e-03	-6.792901329999999349e-02
1.033327500000000000e+10	-3.744278299999999858e-03	-6.814603180000000648e-02
1.033335000000000000e+10	-4.566216599999999882e-03	-6.829350780000000010e-02
1.033342500000000000e+10	-5.377087099999999613e-03	-6.851145679999999516e-02
1.033350000000000000e+10	-6.349887200000000308e-03	-6.872115219999999636e-02
1.033357500000000000e+10	-7.202071800000000266e-03	-6.880750160000000115e-02
1.033365000000000000e+10	-8.046923600000000301e-03	-6.886687469999999700e-02
1.033372500000000000e+10	-8.927063500000000443e-03	-6.897348670000000292e-02
1.033380000000000000e+10	-9.791323799999999619e-03	-6.914178140000000472e-02
1.033387500000000000e+10	-1.072397999999999928e-02	-6.911749870000000184e-02
1.033395000000000000e+10	-1.163031269999999923e-02	-6.913956350000000084e-02
1.033402500000000000e+10	-1.251914619999999929e-02	-6.916927230000000093e-02
1.033410000000000000e+10	-1.351678629999999992e-02	-6.907318179999999419e-02
1.033417500000000000e+10	-1.440070970000000006e-02	-6.916161290000000239e-02
1.033425000000000000e+10	-1.525636170000000021e-02	-6.910279129999999381e-02
1.033432500000000000e+10	-1.617418890000000067e-02	-6.896288259999999726e-02
1.033440000000000000e+10	-1.714064889999999952e-02	-6.892704010000000325e-02
1.033447500000000000e+10	-1.798332110000000136e-02	-6.879669709999999827e-02
1.033455000000000000e+10	-1.895771599999999946e-02	-6.871229889999999618e-02
1.033462500000000000e+10	-1.987372750000000049e-02	-6.851160119999999409e-02
1.033470000000000000e+10	-2.083371419999999891e-02	-6.835205639999999971e-02
1.033477500000000000e+10	-2.167993990000000037e-02	-6.818348370000000547e-02
1.033485000000000000e+10	-2.262129010000000010e-02	-6.800401320000000471e-02
1.033492500000000000e+10	-2.356360290000000107e-02	-6.773632139999999358e-02
1.033500000000000000e+10	-2.451437089999999874e-02	-6.745493650000000674e-02
1.033507500000000000e+10	-2.532565449999999926e-02	-6.726305700000000110e-02
1.033515000000000000e+10	-2.617830969999999924e-02	-6.695421490000000309e-02
1.033522500000000000e+10	-2.714965180000000061e-02	-6.663037210000000155e-02
1.033530000000000000e+10	-2.800710799999999931e-02	-6.628150659999999805e-02
1.033537500000000000e+10	-2.885769389999999837e-02	-6.586827889999999353e-02
1.033545000000000000e+10	-2.974010599999999879e-02	-6.549834670000000136e-02
1.033552500000000000e+10	-3.062227849999999904e-02	-6.514288460000000613e-02
1.033560000000000000e+10	-3.147165130000000033e-02	-6.477900050000000298e-02
1.033567500000000000e+10	-3.236801799999999840e-02	-6.432312369999999835e-02
1.033575000000000000e+10	-3.303692090000000248e-02	-6.383164239999999934e-02
1.033582500000000000e+10	-3.384225679999999792e-02	-6.342486579999999374e-02
1.033590000000000000e+10	-3.461334039999999779e-02	-6.288006990000000185e-02
1.033597500000000000e+10	-3.545279540000000063e-02	-6.248656429999999845e-02
1.033605000000000000e+10	-3.626930569999999715e-02	-6.188923030000000047e-02
1.033612500000000000e+10	-3.700960710000000126e-02	-6.130646070000000253e-02
1.033620000000000000e+10	-3.772484260000000256e-02	-6.078218450000000272e-02
1.033627500000000000e+10	-3.840203810000000079e-02	-6.030429390000000001e-02
1.033635000000000000e+10	-3.920606640000000309e-02	-5.966929740000000149e-02
1.033642500000000000e+10	-3.984184679999999701e-02	-5.900396730000000145e-02
1.033650000000000000e+10	-4.060953739999999951e-02	-5.847767360000000192e-02
1.033657500000000000e+10	-4.122058110000000053e-02	-5.785000259999999866e-02
1.033665000000000000e+10	-4.179859219999999820e-02	-5.713943779999999806e-02
1.033672500000000000e+10	-4.245445070000000015e-02	-5.652457090000000128e-02
1.033680000000000000e+10	-4.313800079999999953e-02	-5.596879379999999959e-02
1.033687500000000000e+10	-4.371820190000000328e-02	-5.526355349999999972e-02
1.033695000000000000e+10	-4.425649930000000176e-02	-5.461580869999999727e-02
1.033702500000000000e+10	-4.492694729999999886e-02	-5.385406620000000172e-02
1.033710000000000000e+10	-4.532387840000000334e-02	-5.321402890000000163e-02
1.033717500000000000e+10	-4.588848709999999997e-02	-5.254460319999999796e-02
1.033725000000000000e+10	-4.636931460000000282e-02	-5.183072639999999898e-02
1.033732500000000000e+10	-4.694461540000000044e-02	-5.100157050000000275e-02
1.033740000000000000e+10	-4.734456439999999711e-02	-5.036189540000000214e-02
1.033747500000000000e+10	-4.781674410000000264e-02	-4.969585680000000033e-02
1.033755000000000000e+10	-4.826812119999999984e-02	-4.904888279999999878e-02
1.033762500000000000e+10	-4.873751679999999836e-02	-4.825747340000000052e-02
1.033770000000000000e+10	-4.925138359999999688e-02	-4.755060970000000303e-02
1.033777500000000000e+10	-4.954792969999999991e-02	-4.668142370000000207e-02
1.033785000000000000e+10	-4.984722209999999792e-02	-4.599998050000000255e-02
1.033792500000000000e+10	-5.022315940000000173e-02	-4.528396789999999950e-02
1.033800000000000000e+10	-5.056037020000000298e-02	-4.453823710000000269e-02
1.033807500000000000e+10	-5.082037100000000307e-02	-4.376505559999999823e-02
1.033815000000000000e+10	-5.124377950000000292e-02	-4.321424590000000343e-02
1.033822500000000000e+10	-5.145050140000000105e-02	-4.235307890000000047e-02
1.033830000000000000e+10	-5.178431640000000225e-02	-4.166854689999999889e-02
1.033837500000000000e+10	-5.191041200000000300e-02	-4.078997119999999699e-02
1.033845000000000000e+10	-5.221912459999999978e-02	-4.018042349999999957e-02
1.033852500000000000e+10	-5.237085379999999873e-02	-3.946611829999999849e-02
1.033860000000000000e+10	-5.262218200000000345e-02	-3.875716080000000258e-02
1.033867500000000000e+10	-5.284955029999999915e-02	-3.806572529999999871e-02
1.033875000000000000e+10	-5.298042359999999978e-02	-3.732004710000000336e-02
1.033882500000000000e+10	-5.310294780000000131e-02	-3.656649990000000044e-02
1.033890000000000000e+10	-5.330229300000000059e-02	-3.579462149999999843e-02
1.033897500000000000e+10	-5.353630520000000198e-02	-3.514263019999999682e-02
1.033905000000000000e+10	-5.361757109999999715e-02	-3.450725760000000059e-02
1.033912500000000000e+10	-5.371173259999999922e-02	-3.376910450000000091e-02
1.033920000000000000e+10	-5.388898889999999692e-02	-3.307432290000000136e-02
1.033927500000000000e+10	-5.388556490000000199e-02	-3.223454130000000251e-02
1.033935000000000000e+10	-5.387168030000000218e-02	-3.170988150000000200e-02
1.033942500000000000e+10	-5.403211849999999677e-02	-3.099094830000000134e-02
1.033950000000000000e+10	-5.406026540000000158e-02	-3.028037100000000037e-02
1.033957500000000000e+10	-5.413859919999999826e-02	-2.962364459999999866e-02
1.033965000000000000e+10	-5.407168839999999810e-02	-2.908413409999999893e-02
1.033972500000000000e+10	-5.418047530000000278e-02	-2.829633429999999991e-02
1.033980000000000000e+10	-5.419804279999999863e-02	-2.763140299999999883e-02
1.033987500000000000e+10	-5.412586729999999818e-02	-2.710060610000000064e-02
1.033995000000000000e+10	-5.413757339999999973e-02	-2.636407249999999855e-02
1.034002500000000000e+10	-5.410336159999999672e-02	-2.575113450000000165e-02
1.034010000000000000e+10	-5.414200200000000157e-02	-2.508224389999999873e-02
1.034017500000000000e+10	-5.400804599999999706e-02	-2.451935439999999855e-02
1.034025000000000000e+10	-5.396383929999999662e-02	-2.390612459999999842e-02
1.034032500000000000e+10	-5.396815869999999765e-02	-2.345244250000000016e-02
1.034040000000000000e+10	-5.381754960000000032e-02	-2.270311670000000129e-02
1.034047500000000000e+10	-5.380496779999999896e-02	-2.210666879999999973e-02
1.034055000000000000e+10	-5.371697470000000307e-02	-2.149794780000000016e-02
1.034062500000000000e+10	-5.358578209999999981e-02	-2.107793609999999984e-02
1.034070000000000000e+10	-5.346380839999999995e-02	-2.038691780000000120e-02
1.034077500000000000e+10	-5.343611999999999668e-02	-1.984361379999999980e-02
1.034085000000000000e+10	-5.325814289999999951e-02	-1.932336780000000129e-02
1.034092500000000000e+10	-5.319830360000000341e-02	-1.879724019999999898e-02
1.034100000000000000e+10	-5.313076340000000286e-02	-1.809958639999999924e-02
1.034107500000000000e+10	-5.293572939999999921e-02	-1.777471339999999941e-02
1.034115000000000000e+10	-5.281441569999999891e-02	-1.712625239999999993e-02
1.034122500000000000e+10	-5.268456170000000022e-02	-1.664731360000000146e-02
1.034130000000000000e+10	-5.243338899999999692e-02	-1.615163609999999833e-02
1.034137500000000000e+10	-5.234876749999999718e-02	-1.571907650000000170e-02
1.034145000000000000e+10	-5.227106900000000334e-02	-1.509422680000000079e-02
1.034152500000000000e+10	-5.216175519999999982e-02	-1.463385030000000087e-02
1.034160000000000000e+10	-5.194556709999999938e-02	-1.432110999999999974e-02
1.034167500000000000e+10	-5.182812319999999945e-02	-1.371118070000000057e-02
1.034175000000000000e+10	-5.165849129999999789e-02	-1.328260950000000051e-02
1.034182500000000000e+10	-5.151085130000000040e-02	-1.291901640000000032e-02
1.034190000000000000e+10	-5.119167169999999656e-02	-1.236775420000000084e-02
1.034197500000000000e+10	-5.116590470000000057e-02	-1.195785119999999944e-02
1.034205000000000000e+10	-5.086826679999999906e-02	-1.148228490000000046e-02
1.034212500000000000e+10	-5.072019970000000294e-02	-1.104224099999999952e-02
1.034220000000000000e+10	-5.057245569999999774e-02	-1.068350380000000072e-02
1.034227500000000000e+10	-5.040038229999999758e-02	-1.017338159999999977e-02
1.034235000000000000e+10	-5.022875279999999831e-02	-9.793213199999999466e-03
1.034242500000000000e+10	-4.999830470000000276e-02	-9.350061200000000725e-03
1.034250000000000000e+10	-4.964739330000000200e-02	-8.997634100000000482e-03
1.034257500000000000e+10	-4.959756490000000184e-02	-8.545339000000000754e-03
1.034265000000000000e+10	-4.946137119999999970e-02	-8.173600600000000688e-03
1.034272500000000000e+10	-4.921162770000000325e-02	-7.833077399999999191e-03
1.034280000000000000e+10	-4.903536060000000113e-02	-7.518920699999999922e-03
1.034287500000000000e+10	-4.873270689999999877e-02	-7.123710699999999917e-03
1.034295000000000000e+10	-4.862135480000000232e-02	-6.780654399999999811e-03
1.034302500000000000e+10	-4.842160379999999736e-02	-6.309481500000000201e-03
1.034310000000000000e+10	-4.818225489999999889e-02	-6.023027999999999715e-03
1.034317500000000000e+10	-4.800879229999999859e-02	-5.701435999999999830e-03
1.034325000000000000e+10	-4.774365500000000290e-02	-5.311590300000000250e-03
1.034332500000000000e+10	-4.758988780000000113e-02	-5.049792800000000269e-03
1.034340000000000000e+10	-4.728356119999999746e-02	-4.703971099999999968e-03
1.034347500000000000e+10	-4.723549080000000178e-02	-4.339880200000000021e-03
1.034355000000000000e+10	-4.699675939999999746e-02	-4.087887600000000322e-03
1.034362500000000000e+10	-4.668479650000000036e-02	-3.826265100000000169e-03
1.034370000000000000e+10	-4.651214089999999857e-02	-3.498146199999999789e-03
1.034377500000000000e+10	-4.633159149999999810e-02	-3.092421599999999916e-03
1.034385000000000000e+10	-4.610735409999999757e-02	-2.733517500000000149e-03
1.034392500000000000e+10	-4.591454949999999868e-02	-2.620575200000000056e-03
1.034400000000000000e+10	-4.568822649999999819e-02	-2.306610100000000205e-03
1.034407500000000000e+10	-4.539188520000000254e-02	-1.903137399999999977e-03
1.034415000000000000e+10	-4.525682129999999970e-02	-1.737845000000000015e-03
1.034422500000000000e+10	-4.505313870000000193e-02	-1.467431900000000034e-03
1.034430000000000000e+10	-4.482185870000000155e-02	-1.214144300000000003e-03
1.034437500000000000e+10	-4.457623019999999714e-02	-8.366035999999999872e-04
1.034445000000000000e+10	-4.440571160000000156e-02	-6.505216999999999554e-04
1.034452500000000000e+10	-4.414124269999999961e-02	-4.143037000000000022e-04
1.034460000000000000e+10	-4.392232399999999870e-02	-1.140329999999999973e-04
1.034467500000000000e+10	-4.369706899999999811e-02	2.078698000000000134e-04
1.034475000000000000e+10	-4.351623780000000302e-02	3.733731999999999915e-04
1.034482500000000000e+10	-4.331916949999999739e-02	5.536825999999999900e-04
1.034490000000000000e+10	-4.313690579999999997e-02	9.003992999999999632e-04
1.034497500000000000e+10	-4.289079319999999917e-02	1.105645599999999923e-03
1.034505000000000000e+10	-4.267134069999999751e-02	1.231936799999999938e-03
1.034512500000000000e+10	-4.254486860000000065e-02	1.535549200000000053e-03
1.034520000000000000e+10	-4.225265570000000248e-02	1.690926400000000067e-03
1.034527500000000000e+10	-4.214042889999999875e-02	1.995765000000000039e-03
1.034535000000000000e+10	-4.184858770000000200e-02	2.165251100000000015e-03
1.034542500000000000e+10	-4.156442829999999755e-02	2.386528699999999979e-03
1.034550000000000000e+10	-4.139661060000000142e-02	2.558944400000000199e-03
1.034557500000000000e+10	-4.124611670000000174e-02	2.748883799999999981e-03
1.034565000000000000e+10	-4.094952339999999996e-02	2.979025000000000162e-03
1.034572500000000000e+10	-4.073923690000000319e-02	3.149012699999999883e-03
1.034580000000000000e+10	-4.068562359999999822e-02	3.317034700000000193e-03
1.034587500000000000e+10	-4.037791749999999902e-02	3.515540199999999792e-03
1.034595000000000000e+10	-4.013445219999999675e-02	3.863106399999999968e-03
1.034602500000000000e+10	-4.001832279999999881e-02	3.969768799999999660e-03
1.034610000000000000e+10	-3.978084550000000191e-02	4.211985599999999892e-03
1.034617500000000000e+10	-3.950313650000000093e-02	4.303500899999999907e-03
1.034625000000000000e+10	-3.939016050000000019e-02	4.494864799999999730e-03
1.034632500000000000e+10	-3.913144190000000106e-02	4.735452499999999974e-03
1.034640000000000000e+10	-3.896224019999999788e-02	4.732179399999999689e-03
1.034647500000000000e+10	-3.877640029999999960e-02	5.069381000000000408e-03
1.034655000000000000e+10	-3.857438330000000082e-02	5.071782599999999711e-03
1.034662500000000000e+10	-3.836538550000000158e-02	5.273976399999999801e-03
1.034670000000000000e+10	-3.820418939999999791e-02	5.465217799999999918e-03
1.034677500000000000e+10	-3.799449080000000256e-02	5.645407399999999992e-03
1.034685000000000000e+10	-3.769379789999999925e-02	5.863077999999999866e-03
1.034692500000000000e+10	-3.760583879999999934e-02	5.901730200000000065e-03
1.034700000000000000e+10	-3.741010279999999744e-02	6.074523299999999744e-03
1.034707500000000000e+10	-3.722433049999999966e-02	6.218525800000000194e-03
1.034715000000000000e+10	-3.699708549999999874e-02	6.399531699999999775e-03
1.034722500000000000e+10	-3.682730099999999979e-02	6.504218899999999852e-03
1.034730000000000000e+10	-3.667135970000000300e-02	6.598998899999999890e-03
1.034737500000000000e+10	-3.648862790000000078e-02	6.821743199999999972e-03
1.034745000000000000e+10	-3.615129909999999919e-02	6.965237099999999591e-03
1.034752500000000000e+10	-3.612358539999999812e-02	7.113517700000000429e-03
1.034760000000000000e+10	-3.589945600000000320e-02	7.161094599999999998e-03
1.034767500000000000e+10	-3.573182280000000016e-02	7.282622100000000348e-03
1.034775000000000000e+10	-3.544642829999999911e-02	7.440654399999999807e-03
1.034782500000000000e+10	-3.532372029999999996e-02	7.618869900000000209e-03
1.034790000000000000e+10	-3.512956180000000039e-02	7.728090400000000096e-03
1.034797500000000000e+10	-3.485443270000000010e-02	7.794104799999999889e-03
1.034805000000000000e+10	-3.478218279999999857e-02	7.942455500000000779e-03
1.034812500000000000e+10	-3.462026650000000344e-02	8.094432599999999700e-03
1.034820000000000000e+10	-3.438357560000000063e-02	8.210590300000000785e-03
1.034827500000000000e+10	-3.429342180000000129e-02	8.295832300000000048e-03
1.034835000000000000e+10	-3.400889039999999836e-02	8.428681900000000241e-03
1.034842500000000000e+10	-3.383254670000000047e-02	8.566353299999999310e-03
1.034850000000000000e+10	-3.375178060000000313e-02	8.718281899999999474e-03
1.034857500000000000e+10	-3.350290429999999708e-02	8.699891499999999264e-03
1.034865000000000000e+10	-3.331772570000000183e-02	8.848451599999999570e-03
1.034872500000000000e+10	-3.316827890000000056e-02	8.996817000000000702e-03
1.034880000000000000e+10	-3.301036200000000143e-02	8.935247000000000328e-03
1.034887500000000000e+10	-3.289798950000000222e-02	9.166006600000000185e-03
1.034895000000000000e+10	-3.263727550000000005e-02	9.150688800000000844e-03
1.034902500000000000e+10	-3.253484599999999921e-02	9.394314600000000168e-03
1.034910000000000000e+10	-3.240455350000000234e-02	9.426472700000000648e-03
1.034917500000000000e+10	-3.216481639999999725e-02	9.544994899999999227e-03
1.034925000000000000e+10	-3.197531979999999885e-02	9.660644899999999355e-03
1.034932500000000000e+10	-3.175929970000000019e-02	9.708710299999999405e-03
1.034940000000000000e+10	-3.157436000000000270e-02	9.784772299999999409e-03
1.034947500000000000e+10	-3.144025500000000028e-02	9.935970599999999903e-03
1.034955000000000000e+10	-3.135417110000000146e-02	9.954182400000000791e-03
1.034962500000000000e+10	-3.122760860000000152e-02	1.015748659999999963e-02
1.034970000000000000e+10	-3.098336599999999830e-02	1.014505480000000084e-02
1.034977500000000000e+10	-3.081965130000000053e-02	1.021602989999999961e-02
1.034985000000000000e+10	-3.067984450000000099e-02	1.032820870000000085e-02
1.034992500000000000e+10	-3.051933810000000136e-02	1.047358909999999976e-02
1.035000000000000000e+10	-3.027572939999999962e-02	1.045401179999999944e-02
1.035007500000000000e+10	-3.018505440000000123e-02	1.052754040000000030e-02
1.035015000000000000e+10	-3.007426280000000118e-02	1.061390100000000024e-02
1.035022500000000000e+10	-2.992313040000000104e-02	1.071537239999999919e-02
1.035030000000000000e+10	-2.973416480000000070e-02	1.082271320000000037e-02
1.035037500000000000e+10	-2.955427190000000162e-02	1.088759130000000082e-02
1.035045000000000000e+10	-2.951691940000000097e-02	1.095425579999999982e-02
1.035052500000000000e+10	-2.928755699999999879e-02	1.096757450000000050e-02
1.035060000000000000e+10	-2.913213610000000078e-02	1.107633539999999979e-02
1.035067500000000000e+10	-2.896933640000000018e-02	1.115991659999999996e-02
1.035075000000000000e+10	-2.883267269999999910e-02	1.119591649999999994e-02
1.035082500000000000e+10	-2.862726230000000108e-02	1.122721259999999964e-02
1.035090000000000000e+10	-2.848030110000000087e-02	1.136559109999999914e-02
1.035097500000000000e+10	-2.838579999999999923e-02	1.137451519999999917e-02
1.035105000000000000e+10	-2.825366569999999966e-02	1.149775590000000000e-02
1.035112500000000000e+10	-2.807705259999999925e-02	1.152950380000000025e-02
1.035120000000000000e+10	-2.790903800000000060e-02	1.155299390000000086e-02
1.035127500000000000e+10	-2.779836860000000145e-02	1.166950360000000055e-02
1.035135000000000000e+10	-2.760026960000000126e-02	1.164667739999999951e-02
1.035142500000000000e+10	-2.755814870000000000e-02	1.176074040000000057e-02
1.035150000000000000e+10	-2.747406789999999946e-02	1.181809500000000068e-02
1.035157500000000000e+10	-2.723449699999999987e-02	1.181152610000000061e-02
1.035165000000000000e+10	-2.704134019999999972e-02	1.194783729999999988e-02
1.035172500000000000e+10	-2.697863140000000132e-02	1.200483240000000014e-02
1.035180000000000000e+10	-2.685272290000000062e-02	1.203715399999999956e-02
1.035187500000000000e+10	-2.664977240000000053e-02	1.211439540000000016e-02
1.035195000000000000e+10	-2.654508490000000165e-02	1.209172730000000057e-02
1.035202500000000000e+10	-2.641449220000000042e-02	1.214785630000000081e-02
1.035210000000000000e+10	-2.611903930000000068e-02	1.228013099999999969e-02
1.035217500000000000e+10	-2.615326080000000136e-02	1.233857850000000082e-02
1.035225000000000000e+10	-2.595163190000000092e-02	1.231953199999999936e-02
1.035232500000000000e+10	-2.584654460000000015e-02	1.241362449999999958e-02
1.035240000000000000e+10	-2.569467480000000095e-02	1.249022420000000036e-02
1.035247500000000000e+10	-2.566868820000000120e-02	1.246074869999999959e-02
1.035255000000000000e+10	-2.540320689999999923e-02	1.256596360000000051e-02
1.035262500000000000e+10	-2.535461090000000126e-02	1.259988369999999989e-02
1.035270000000000000e+10	-2.521083780000000010e-02	1.258081590000000027e-02
1.035277500000000000e+10	-2.495247789999999882e-02	1.270907079999999967e-02
1.035285000000000000e+10	-2.491307619999999848e-02	1.270592279999999998e-02
1.035292500000000000e+10	-2.485022840000000038e-02	1.280346700000000067e-02
1.035300000000000000e+10	-2.480926519999999968e-02	1.284045540000000075e-02
1.035307500000000000e+10	-2.451199080000000113e-02	1.289082209999999930e-02
1.035315000000000000e+10	-2.434396850000000029e-02	1.292239520000000065e-02
1.035322500000000000e+10	-2.425894459999999864e-02	1.294524040000000036e-02
1.035330000000000000e+10	-2.416445710000000163e-02	1.293587660000000000e-02
1.035337500000000000e+10	-2.396787499999999960e-02	1.296215260000000043e-02
1.035345000000000000e+10	-2.393486049999999851e-02	1.300123480000000067e-02
1.035352500000000000e+10	-2.377553669999999883e-02	1.301952320000000080e-02
1.035360000000000000e+10	-2.372287090000000168e-02	1.310076620000000074e-02
1.035367500000000000e+10	-2.360483440000000002e-02	1.316121360000000080e-02
1.035375000000000000e+10	-2.336172430000000091e-02	1.318154520000000031e-02
1.035382500000000000e+10	-2.335362699999999833e-02	1.314619059999999964e-02
1.035390000000000000e+10	-2.320011530000000086e-02	1.330650040000000076e-02
1.035397500000000000e+10	-2.307768909999999979e-02	1.326934750000000052e-02
1.035405000000000000e+10	-2.290641090000000019e-02	1.327033170000000047e-02
1.035412500000000000e+10	-2.279854820000000101e-02	1.325984610000000008e-02
1.035420000000000000e+10	-2.273156499999999872e-02	1.334245149999999970e-02
1.035427500000000000e+10	-2.266330500000000164e-02	1.335054419999999985e-02
1.035435000000000000e+10	-2.239749489999999857e-02	1.348224079999999978e-02
1.035442500000000000e+10	-2.239438969999999959e-02	1.347144970000000060e-02
1.035450000000000000e+10	-2.226213180000000125e-02	1.363218350000000058e-02
1.035457500000000000e+10	-2.212006799999999967e-02	1.348191720000000045e-02
1.035465000000000000e+10	-2.199722150000000057e-02	1.361520100000000039e-02
1.035472500000000000e+10	-2.201971369999999872e-02	1.354020679999999935e-02
1.035480000000000000e+10	-2.174809670000000042e-02	1.362220729999999956e-02
1.035487500000000000e+10	-2.171990719999999930e-02	1.372020539999999934e-02
1.035495000000000000e+10	-2.159566530000000054e-02	1.375201709999999966e-02
1.035502500000000000e+10	-2.138783669999999928e-02	1.370588499999999925e-02
1.035510000000000000e+10	-2.141083610000000040e-02	1.374168580000000028e-02
1.035517500000000000e+10	-2.125802590000000145e-02	1.383903050000000017e-02
1.035525000000000000e+10	-2.116266699999999959e-02	1.380761079999999995e-02
1.035532500000000000e+10	-2.108466269999999948e-02	1.384486769999999922e-02
1.035540000000000000e+10	-2.101206489999999857e-02	1.381241939999999953e-02
1.035547500000000000e+10	-2.082419799999999863e-02	1.387109010000000045e-02
1.035555000000000000e+10	-2.081919800000000056e-02	1.395736210000000053e-02
1.035562500000000000e+10	-2.063411470000000095e-02	1.387268219999999996e-02
1.035570000000000000e+10	-2.051940699999999992e-02	1.389516470000000045e-02
1.035577500000000000e+10	-2.042580509999999960e-02	1.388282469999999914e-02
1.035585000000000000e+10	-2.032301300000000088e-02	1.402790179999999914e-02
1.035592500000000000e+10	-2.023123909999999942e-02	1.404250840000000056e-02
1.035600000000000000e+10	-2.011214399999999847e-02	1.394278550000000068e-02
1.035607500000000000e+10	-1.999652440000000003e-02	1.407098080000000057e-02
1.035615000000000000e+10	-1.990640850000000017e-02	1.402238129999999923e-02
1.035622500000000000e+10	-1.982061670000000164e-02	1.412876700000000041e-02
1.035630000000000000e+10	-1.963138539999999960e-02	1.411296270000000040e-02
1.035637500000000000e+10	-1.955600840000000160e-02	1.426399989999999930e-02
1.035645000000000000e+10	-1.945852780000000004e-02	1.415575070000000060e-02
1.035652500000000000e+10	-1.935282610000000139e-02	1.416037570000000002e-02
1.035660000000000000e+10	-1.926650690000000082e-02	1.420370919999999933e-02
1.035667500000000000e+10	-1.916185070000000004e-02	1.426131320000000036e-02
1.035675000000000000e+10	-1.909377170000000137e-02	1.417678259999999996e-02
1.035682500000000000e+10	-1.902486629999999845e-02	1.418287669999999945e-02
1.035690000000000000e+10	-1.887785830000000137e-02	1.432472729999999944e-02
1.035697500000000000e+10	-1.885322110000000120e-02	1.424192900000000039e-02
1.035705000000000000e+10	-1.869505009999999912e-02	1.423465640000000018e-02
1.035712500000000000e+10	-1.856850950000000014e-02	1.424854969999999992e-02
1.035720000000000000e+10	-1.846348059999999847e-02	1.434915259999999977e-02
1.035727500000000000e+10	-1.833567740000000001e-02	1.440056879999999928e-02
1.035735000000000000e+10	-1.826563670000000070e-02	1.433555090000000060e-02
1.035742500000000000e+10	-1.816954830000000118e-02	1.428420780000000043e-02
1.035750000000000000e+10	-1.803231029999999985e-02	1.430871210000000081e-02
1.035757500000000000e+10	-1.803160709999999944e-02	1.439994399999999959e-02
1.035765000000000000e+10	-1.793545969999999976e-02	1.436532790000000052e-02
1.035772500000000000e+10	-1.782073019999999910e-02	1.444546090000000012e-02
1.035780000000000000e+10	-1.776031499999999874e-02	1.438360529999999950e-02
1.035787500000000000e+10	-1.768535159999999953e-02	1.455749339999999961e-02
1.035795000000000000e+10	-1.763428750000000170e-02	1.443268410000000078e-02
1.035802500000000000e+10	-1.745969589999999891e-02	1.437305189999999941e-02
1.035810000000000000e+10	-1.736802980000000038e-02	1.449571239999999928e-02
1.035817500000000000e+10	-1.731997130000000051e-02	1.449757129999999956e-02
1.035825000000000000e+10	-1.716514129999999888e-02	1.451952169999999945e-02
1.035832500000000000e+10	-1.700804820000000050e-02	1.449438609999999933e-02
1.035840000000000000e+10	-1.711420060000000062e-02	1.460990780000000037e-02
1.035847500000000000e+10	-1.687183670000000010e-02	1.453344560000000008e-02
1.035855000000000000e+10	-1.681454699999999913e-02	1.461959590000000073e-02
1.035862500000000000e+10	-1.680094039999999872e-02	1.462143810000000009e-02
1.035870000000000000e+10	-1.663079900000000166e-02	1.460088350000000000e-02
1.035877500000000000e+10	-1.660953329999999978e-02	1.457008230000000036e-02
1.035885000000000000e+10	-1.645769269999999840e-02	1.461831019999999988e-02
1.035892500000000000e+10	-1.634820879999999976e-02	1.453527750000000070e-02
1.035900000000000000e+10	-1.626798659999999924e-02	1.451155269999999942e-02
1.035907500000000000e+10	-1.619321820000000148e-02	1.459094820000000035e-02
1.035915000000000000e+10	-1.612060969999999996e-02	1.455933920000000020e-02
1.035922500000000000e+10	-1.602620780000000092e-02	1.458519760000000047e-02
1.035930000000000000e+10	-1.594524719999999840e-02	1.471691659999999936e-02
1.035937500000000000e+10	-1.600302389999999977e-02	1.462562929999999990e-02
1.035945000000000000e+10	-1.580320069999999882e-02	1.460781499999999969e-02
1.035952500000000000e+10	-1.571303699999999914e-02	1.461032379999999999e-02
1.035960000000000000e+10	-1.561569540000000075e-02	1.470708930000000011e-02
1.035967500000000000e+10	-1.544437809999999953e-02	1.473592649999999962e-02
1.035975000000000000e+10	-1.544626550000000043e-02	1.471781999999999951e-02
1.035982500000000000e+10	-1.550366859999999930e-02	1.477128400000000084e-02
1.035990000000000000e+10	-1.526027639999999984e-02	1.476375989999999944e-02
1.035997500000000000e+10	-1.517240629999999993e-02	1.464666220000000046e-02
1.036005000000000000e+10	-1.511227690000000075e-02	1.470100910000000059e-02
1.036012500000000000e+10	-1.501980720000000054e-02	1.472052949999999930e-02
1.036020000000000000e+10	-1.500100440000000021e-02	1.485483230000000064e-02
1.036027500000000000e+10	-1.485211240000000078e-02	1.473632450000000003e-02
1.036035000000000000e+10	-1.471227829999999931e-02	1.481815430000000058e-02
1.036042500000000000e+10	-1.467367299999999992e-02	1.469422020000000009e-02
1.036050000000000000e+10	-1.467538000000000002e-02	1.480230589999999985e-02
1.036057500000000000e+10	-1.451534749999999936e-02	1.476987610000000083e-02
1.036065000000000000e+10	-1.446773349999999972e-02	1.476700639999999932e-02
1.036072500000000000e+10	-1.437125220000000023e-02	1.477273490000000078e-02
1.036080000000000000e+10	-1.430021650000000075e-02	1.472273630000000069e-02
1.036087500000000000e+10	-1.419253550000000065e-02	1.474195719999999918e-02
1.036095000000000000e+10	-1.412355250000000076e-02	1.480342439999999919e-02
1.036102500000000000e+10	-1.401920629999999987e-02	1.470572979999999925e-02
1.036110000000000000e+10	-1.403317509999999976e-02	1.481039439999999943e-02
1.036117500000000000e+10	-1.387052090000000064e-02	1.475226099999999915e-02
1.036125000000000000e+10	-1.391248070000000031e-02	1.481009129999999972e-02
1.036132500000000000e+10	-1.376371009999999978e-02	1.482980130000000063e-02
1.036140000000000000e+10	-1.375517430000000076e-02	1.479421809999999921e-02
1.036147500000000000e+10	-1.356835680000000044e-02	1.470509360000000001e-02
1.036155000000000000e+10	-1.360602439999999969e-02	1.465270850000000014e-02
1.036162500000000000e+10	-1.357677179999999990e-02	1.478502230000000063e-02
1.036170000000000000e+10	-1.350491059999999952e-02	1.475396780000000005e-02
1.036177500000000000e+10	-1.338249440000000012e-02	1.482956740000000023e-02
1.036185000000000000e+10	-1.325660679999999918e-02	1.477500489999999944e-02
1.036192500000000000e+10	-1.311530850000000060e-02	1.485028740000000035e-02
1.036200000000000000e+10	-1.316657459999999967e-02	1.475848450000000027e-02
1.036207500000000000e+10	-1.303346619999999970e-02	1.483282449999999940e-02
1.036215000000000000e+10	-1.302980429999999953e-02	1.473031269999999955e-02
1.036222500000000000e+10	-1.286859429999999936e-02	1.476826430000000023e-02
1.036230000000000000e+10	-1.277468099999999954e-02	1.488942610000000034e-02
1.036237500000000000e+10	-1.281189079999999966e-02	1.483472440000000066e-02
1.036245000000000000e+10	-1.272220880000000075e-02	1.481934659999999994e-02
1.036252500000000000e+10	-1.270705379999999968e-02	1.474172200000000051e-02
1.036260000000000000e+10	-1.244707349999999921e-02	1.474036509999999967e-02
1.036267500000000000e+10	-1.240914249999999948e-02	1.474886159999999960e-02
1.036275000000000000e+10	-1.240007700000000067e-02	1.473421429999999949e-02
1.036282500000000000e+10	-1.226208630000000070e-02	1.476180220000000015e-02
1.036290000000000000e+10	-1.230873229999999985e-02	1.472763810000000083e-02
1.036297500000000000e+10	-1.226535500000000035e-02	1.473122399999999936e-02
1.036305000000000000e+10	-1.209168440000000025e-02	1.477150609999999982e-02
1.036312500000000000e+10	-1.208473439999999989e-02	1.476339750000000076e-02
1.036320000000000000e+10	-1.196240670000000075e-02	1.476308299999999976e-02
1.036327500000000000e+10	-1.189667900000000028e-02	1.487042080000000079e-02
1.036335000000000000e+10	-1.171803239999999989e-02	1.473897549999999938e-02
1.036342500000000000e+10	-1.176053380000000037e-02	1.474136430000000039e-02
1.036350000000000000e+10	-1.169430089999999936e-02	1.473106400000000031e-02
1.036357500000000000e+10	-1.163959690000000019e-02	1.484298170000000056e-02
1.036365000000000000e+10	-1.155362170000000070e-02	1.478091269999999915e-02
1.036372500000000000e+10	-1.138064020000000010e-02	1.480340399999999917e-02
1.036380000000000000e+10	-1.145363909999999943e-02	1.476051639999999970e-02
1.036387500000000000e+10	-1.124823860000000002e-02	1.472689010000000076e-02
1.036395000000000000e+10	-1.125922990000000068e-02	1.475347140000000078e-02
1.036402500000000000e+10	-1.119474999999999984e-02	1.475189489999999964e-02
1.036410000000000000e+10	-1.118009179999999991e-02	1.469846449999999936e-02
1.036417500000000000e+10	-1.107373340000000067e-02	1.470721510000000051e-02
1.036425000000000000e+10	-1.098826349999999959e-02	1.471406339999999958e-02
1.036432500000000000e+10	-1.098377619999999985e-02	1.469976500000000005e-02
1.036440000000000000e+10	-1.080889879999999935e-02	1.466354270000000057e-02
1.036447500000000000e+10	-1.074554259999999963e-02	1.467751959999999932e-02
1.036455000000000000e+10	-1.078522479999999978e-02	1.471217610000000002e-02
1.036462500000000000e+10	-1.059928880000000039e-02	1.471692970000000079e-02
1.036470000000000000e+10	-1.063789610000000045e-02	1.471113150000000029e-02
1.036477500000000000e+10	-1.056065819999999975e-02	1.474587490000000070e-02
1.036485000000000000e+10	-1.049250810000000068e-02	1.463641419999999957e-02
1.036492500000000000e+10	-1.040596690000000074e-02	1.473124949999999982e-02
1.036500000000000000e+10	-1.038356539999999925e-02	1.464861490000000065e-02
1.036507500000000000e+10	-1.024946059999999950e-02	1.470529259999999935e-02
1.036515000000000000e+10	-1.024475499999999949e-02	1.468840979999999977e-02
1.036522500000000000e+10	-1.006820349999999926e-02	1.464145719999999928e-02
1.036530000000000000e+10	-1.005505620000000065e-02	1.464263849999999922e-02
1.036537500000000000e+10	-1.001609279999999928e-02	1.464066579999999916e-02
1.036545000000000000e+10	-9.944847799999999988e-03	1.468395649999999948e-02
1.036552500000000000e+10	-9.948222899999999494e-03	1.461406980000000064e-02
1.036560000000000000e+10	-9.848500700000000288e-03	1.454968929999999987e-02
1.036567500000000000e+10	-9.772335999999999523e-03	1.467540539999999914e-02
1.036575000000000000e+10	-9.696477000000000221e-03	1.455475290000000053e-02
1.036582500000000000e+10	-9.669624499999999664e-03	1.470976929999999981e-02
1.036590000000000000e+10	-9.555068200000000830e-03	1.455028730000000083e-02
1.036597500000000000e+10	-9.560564699999999499e-03	1.464140079999999913e-02
1.036605000000000000e+10	-9.507256199999999588e-03	1.460893570000000065e-02
1.036612500000000000e+10	-9.441439100000000723e-03	1.459440189999999977e-02
1.036620000000000000e+10	-9.348936599999999736e-03	1.451787409999999966e-02
1.036627500000000000e+10	-9.307343500000000644e-03	1.446622269999999974e-02
1.036635000000000000e+10	-9.219710000000000752e-03	1.453937509999999982e-02
1.036642500000000000e+10	-9.184438899999999503e-03	1.452740119999999975e-02
1.036650000000000000e+10	-9.195053800000000180e-03	1.456657150000000012e-02
1.036657500000000000e+10	-9.035423399999999161e-03	1.457470129999999947e-02
1.036665000000000000e+10	-8.954712700000000761e-03	1.445292949999999951e-02
1.036672500000000000e+10	-8.890081399999999467e-03	1.445978929999999947e-02
1.036680000000000000e+10	-8.946894900000000247e-03	1.451047559999999945e-02
1.036687500000000000e+10	-8.826966800000000599e-03	1.443379680000000075e-02
1.036695000000000000e+10	-8.823332799999999976e-03	1.449182780000000080e-02
1.036702500000000000e+10	-8.719227700000000206e-03	1.453343049999999970e-02
1.036710000000000000e+10	-8.609728900000000393e-03	1.446908639999999920e-02
1.036717500000000000e+10	-8.620297199999999924e-03	1.446930859999999951e-02
1.036725000000000000e+10	-8.569657099999999222e-03	1.448201820000000022e-02
1.036732500000000000e+10	-8.455113499999999949e-03	1.448170699999999991e-02
1.036740000000000000e+10	-8.381080200000000022e-03	1.440732129999999951e-02
1.036747500000000000e+10	-8.354846299999999643e-03	1.454324629999999979e-02
1.036755000000000000e+10	-8.346832999999999683e-03	1.449134590000000083e-02
1.036762500000000000e+10	-8.217481800000000711e-03	1.445919810000000083e-02
1.036770000000000000e+10	-8.187550400000000173e-03	1.448887010000000052e-02
1.036777500000000000e+10	-8.120909399999999209e-03	1.441518829999999946e-02
1.036785000000000000e+10	-8.136633000000000754e-03	1.447740420000000021e-02
1.036792500000000000e+10	-8.158841800000000283e-03	1.430837779999999913e-02
1.036800000000000000e+10	-7.981762999999999358e-03	1.428253590000000059e-02
1.036807500000000000e+10	-7.998505899999999377e-03	1.425465750000000018e-02
1.036815000000000000e+10	-7.941631700000000016e-03	1.435724069999999922e-02
1.036822500000000000e+10	-7.805852299999999945e-03	1.434237860000000045e-02
1.036830000000000000e+10	-7.778114299999999703e-03	1.430978150000000032e-02
1.036837500000000000e+10	-7.745815199999999713e-03	1.432894600000000039e-02
1.036845000000000000e+10	-7.647741100000000035e-03	1.431000990000000014e-02
1.036852500000000000e+10	-7.535647000000000352e-03	1.422019000000000061e-02
1.036860000000000000e+10	-7.567386199999999799e-03	1.428846630000000020e-02
1.036867500000000000e+10	-7.498405599999999858e-03	1.425412659999999998e-02
1.036875000000000000e+10	-7.447593899999999621e-03	1.429487270000000081e-02
1.036882500000000000e+10	-7.435886499999999795e-03	1.425994520000000050e-02
1.036890000000000000e+10	-7.318208300000000194e-03	1.427928789999999976e-02
1.036897500000000000e+10	-7.401962399999999914e-03	1.419598759999999953e-02
1.036905000000000000e+10	-7.230492899999999695e-03	1.418445850000000022e-02
1.036912500000000000e+10	-7.200257499999999575e-03	1.418169040000000040e-02
1.036920000000000000e+10	-7.142541799999999920e-03	1.418471339999999997e-02
1.036927500000000000e+10	-7.118280200000000335e-03	1.419483359999999979e-02
1.036935000000000000e+10	-7.016982500000000338e-03	1.411671970000000047e-02
1.036942500000000000e+10	-6.985776800000000238e-03	1.409855909999999969e-02
1.036950000000000000e+10	-6.887810099999999887e-03	1.417520390000000068e-02
1.036957500000000000e+10	-6.883747699999999761e-03	1.414848559999999991e-02
1.036965000000000000e+10	-6.830450400000000200e-03	1.401814870000000005e-02
1.036972500000000000e+10	-6.808180599999999819e-03	1.419555789999999915e-02
1.036980000000000000e+10	-6.771687799999999598e-03	1.419101520000000047e-02
1.036987500000000000e+10	-6.672351699999999781e-03	1.409487350000000055e-02
1.036995000000000000e+10	-6.647216699999999867e-03	1.404281609999999923e-02
1.037002500000000000e+10	-6.561812700000000005e-03	1.408466509999999929e-02
1.037010000000000000e+10	-6.517263799999999975e-03	1.409854190000000076e-02
1.037017500000000000e+10	-6.483791000000000034e-03	1.392819969999999942e-02
1.037025000000000000e+10	-6.474764299999999709e-03	1.400502780000000003e-02
1.037032500000000000e+10	-6.382359300000000311e-03	1.395907759999999963e-02
1.037040000000000000e+10	-6.362315200000000399e-03	1.395351790000000022e-02
1.037047500000000000e+10	-6.332453400000000177e-03	1.399398309999999937e-02
1.037055000000000000e+10	-6.189883299999999859e-03	1.395892689999999985e-02
1.037062500000000000e+10	-6.227805700000000125e-03	1.392121760000000069e-02
1.037070000000000000e+10	-6.095830499999999735e-03	1.405794510000000011e-02
1.037077500000000000e+10	-6.088745900000000315e-03	1.396548910000000067e-02
1.037085000000000000e+10	-6.003590900000000362e-03	1.393515040000000045e-02
1.037092500000000000e+10	-5.921299199999999728e-03	1.398709130000000064e-02
1.037100000000000000e+10	-5.960358899999999675e-03	1.381608649999999973e-02
1.037107500000000000e+10	-5.963380899999999769e-03	1.385773159999999921e-02
1.037115000000000000e+10	-5.872418899999999782e-03	1.385897690000000015e-02
1.037122500000000000e+10	-5.803155800000000218e-03	1.377676130000000075e-02
1.037130000000000000e+10	-5.699028800000000353e-03	1.386181489999999995e-02
1.037137500000000000e+10	-5.666418999999999796e-03	1.379976119999999987e-02
1.037145000000000000e+10	-5.702703699999999744e-03	1.379335060000000043e-02
1.037152500000000000e+10	-5.619551500000000144e-03	1.379229990000000079e-02
1.037160000000000000e+10	-5.530187300000000312e-03	1.372848129999999951e-02
1.037167500000000000e+10	-5.521996900000000243e-03	1.376618100000000060e-02
1.037175000000000000e+10	-5.500923500000000181e-03	1.374892760000000040e-02
1.037182500000000000e+10	-5.397072099999999754e-03	1.371138499999999955e-02
1.037190000000000000e+10	-5.383518700000000136e-03	1.374003099999999977e-02
1.037197500000000000e+10	-5.348679200000000349e-03	1.376975819999999920e-02
1.037205000000000000e+10	-5.225465200000000386e-03	1.373588069999999960e-02
1.037212500000000000e+10	-5.224795499999999697e-03	1.366709060000000087e-02
1.037220000000000000e+10	-5.234177300000000116e-03	1.366249429999999952e-02
1.037227500000000000e+10	-5.230451900000000418e-03	1.369543640000000020e-02
1.037235000000000000e+10	-4.992185399999999815e-03	1.365912839999999968e-02
1.037242500000000000e+10	-4.991634899999999875e-03	1.369399519999999967e-02
1.037250000000000000e+10	-4.988758799999999660e-03	1.358580310000000006e-02
1.037257500000000000e+10	-4.899106599999999631e-03	1.356049219999999958e-02
1.037265000000000000e+10	-4.818951099999999738e-03	1.357744280000000060e-02
1.037272500000000000e+10	-4.904648499999999904e-03	1.362862140000000062e-02
1.037280000000000000e+10	-4.813486900000000374e-03	1.363163549999999932e-02
1.037287500000000000e+10	-4.714628499999999958e-03	1.360323230000000036e-02
1.037295000000000000e+10	-4.809562600000000070e-03	1.353369419999999983e-02
1.037302500000000000e+10	-4.800560700000000396e-03	1.353843859999999920e-02
1.037310000000000000e+10	-4.692594399999999721e-03	1.351598809999999921e-02
1.037317500000000000e+10	-4.655426899999999708e-03	1.341753499999999953e-02
1.037325000000000000e+10	-4.667407099999999753e-03	1.351457489999999956e-02
1.037332500000000000e+10	-4.517668800000000130e-03	1.351499599999999961e-02
1.037340000000000000e+10	-4.471511800000000335e-03	1.345112889999999957e-02
1.037347500000000000e+10	-4.463776600000000233e-03	1.347683199999999935e-02
1.037355000000000000e+10	-4.394750400000000355e-03	1.339448610000000019e-02
1.037362500000000000e+10	-4.328403199999999833e-03	1.347434620000000083e-02
1.037370000000000000e+10	-4.354327699999999655e-03	1.339071879999999964e-02
1.037377500000000000e+10	-4.247085500000000007e-03	1.334890740000000027e-02
1.037385000000000000e+10	-4.195278499999999938e-03	1.339722179999999936e-02
1.037392500000000000e+10	-4.182558400000000419e-03	1.334557530000000068e-02
1.037400000000000000e+10	-4.119937800000000004e-03	1.336065349999999985e-02
1.037407500000000000e+10	-4.169158200000000133e-03	1.333146590000000055e-02
1.037415000000000000e+10	-4.066395000000000426e-03	1.328327380000000023e-02
1.037422500000000000e+10	-4.110164599999999689e-03	1.319518759999999992e-02
1.037430000000000000e+10	-4.007556699999999597e-03	1.326200989999999982e-02
1.037437500000000000e+10	-3.922539899999999934e-03	1.329107170000000046e-02
1.037445000000000000e+10	-3.893105899999999876e-03	1.316010999999999917e-02
1.037452500000000000e+10	-3.798460899999999904e-03	1.318340879999999916e-02
1.037460000000000000e+10	-3.708967400000000216e-03	1.320179030000000024e-02
1.037467500000000000e+10	-3.726416499999999927e-03	1.317371810000000053e-02
1.037475000000000000e+10	-3.654224199999999822e-03	1.317004710000000030e-02
1.037482500000000000e+10	-3.748938700000000075e-03	1.316842200000000081e-02
1.037490000000000000e+10	-3.697185500000000138e-03	1.310006409999999941e-02
1.037497500000000000e+10	-3.551274799999999936e-03	1.317768849999999964e-02
1.037505000000000000e+10	-3.625922199999999807e-03	1.315873380000000085e-02
1.037512500000000000e+10	-3.532397200000000122e-03	1.309164269999999949e-02
1.037520000000000000e+10	-3.487110800000000135e-03	1.306551740000000059e-02
1.037527500000000000e+10	-3.409069299999999917e-03	1.314660779999999966e-02
1.037535000000000000e+10	-3.452284999999999816e-03	1.306998919999999981e-02
1.037542500000000000e+10	-3.403736499999999825e-03	1.299114950000000018e-02
1.037550000000000000e+10	-3.353107900000000009e-03	1.296892380000000053e-02
1.037557500000000000e+10	-3.320867700000000155e-03	1.286183850000000017e-02
1.037565000000000000e+10	-3.237016000000000112e-03	1.292299119999999919e-02
1.037572500000000000e+10	-3.226764799999999860e-03	1.294530210000000015e-02
1.037580000000000000e+10	-3.132479000000000079e-03	1.296159120000000067e-02
1.037587500000000000e+10	-3.246491700000000025e-03	1.293156799999999919e-02
1.037595000000000000e+10	-3.102259600000000211e-03	1.292379249999999966e-02
1.037602500000000000e+10	-3.078571300000000101e-03	1.293704770000000080e-02
1.037610000000000000e+10	-3.098077700000000101e-03	1.295159669999999992e-02
1.037617500000000000e+10	-2.970478500000000091e-03	1.280264899999999928e-02
1.037625000000000000e+10	-2.968544599999999815e-03	1.291380439999999935e-02
1.037632500000000000e+10	-2.951462599999999954e-03	1.280640920000000044e-02
1.037640000000000000e+10	-2.911213000000000169e-03	1.280949739999999969e-02
1.037647500000000000e+10	-2.866173599999999842e-03	1.278722090000000006e-02
1.037655000000000000e+10	-2.861428100000000096e-03	1.279291450000000045e-02
1.037662500000000000e+10	-2.786314800000000078e-03	1.265412469999999991e-02
1.037670000000000000e+10	-2.674625099999999953e-03	1.270909930000000028e-02
1.037677500000000000e+10	-2.747366199999999852e-03	1.276258230000000028e-02
1.037685000000000000e+10	-2.657271899999999985e-03	1.269778920000000019e-02
1.037692500000000000e+10	-2.670411000000000139e-03	1.260691170000000083e-02
1.037700000000000000e+10	-2.605981700000000074e-03	1.260145849999999915e-02
1.037707500000000000e+10	-2.518052599999999995e-03	1.275109840000000078e-02
1.037715000000000000e+10	-2.512290199999999991e-03	1.256948670000000018e-02
1.037722500000000000e+10	-2.432407799999999985e-03	1.256050099999999996e-02
1.037730000000000000e+10	-2.403102700000000081e-03	1.262631579999999934e-02
1.037737500000000000e+10	-2.471677199999999883e-03	1.258320159999999979e-02
1.037745000000000000e+10	-2.422825899999999852e-03	1.253457479999999999e-02
1.037752500000000000e+10	-2.316546499999999793e-03	1.247404059999999981e-02
1.037760000000000000e+10	-2.315476800000000179e-03	1.252515369999999961e-02
1.037767500000000000e+10	-2.284459899999999842e-03	1.258056909999999938e-02
1.037775000000000000e+10	-2.264087000000000131e-03	1.257279579999999973e-02
1.037782500000000000e+10	-2.260683199999999945e-03	1.243006819999999991e-02
1.037790000000000000e+10	-2.176152599999999979e-03	1.246286809999999981e-02
1.037797500000000000e+10	-2.196902499999999880e-03	1.244502890000000021e-02
1.037805000000000000e+10	-2.107479599999999981e-03	1.236542009999999983e-02
1.037812500000000000e+10	-2.100238800000000204e-03	1.241269350000000042e-02
1.037820000000000000e+10	-2.044863699999999868e-03	1.239190209999999938e-02
1.037827500000000000e+10	-1.903854699999999985e-03	1.237221940000000041e-02
1.037835000000000000e+10	-1.973804300000000112e-03	1.236041430000000066e-02
1.037842500000000000e+10	-1.976428000000000126e-03	1.231070700000000059e-02
1.037850000000000000e+10	-1.897951699999999957e-03	1.230391739999999942e-02
1.037857500000000000e+10	-1.919634300000000026e-03	1.230257360000000001e-02
1.037865000000000000e+10	-1.860466100000000107e-03	1.229735719999999928e-02
1.037872500000000000e+10	-1.775704400000000047e-03	1.231025489999999951e-02
1.037880000000000000e+10	-1.781860500000000081e-03	1.231653039999999928e-02
1.037887500000000000e+10	-1.781614099999999975e-03	1.216208650000000051e-02
1.037895000000000000e+10	-1.679429299999999963e-03	1.223023839999999932e-02
1.037902500000000000e+10	-1.679292399999999900e-03	1.218294399999999937e-02
1.037910000000000000e+10	-1.566714299999999969e-03	1.218579350000000006e-02
1.037917500000000000e+10	-1.672883900000000099e-03	1.211239329999999961e-02
1.037925000000000000e+10	-1.582833399999999989e-03	1.209659930000000008e-02
1.037932500000000000e+10	-1.479359100000000003e-03	1.210252929999999956e-02
1.037940000000000000e+10	-1.434143799999999976e-03	1.206403089999999977e-02
1.037947500000000000e+10	-1.487055699999999953e-03	1.206394570000000020e-02
1.037955000000000000e+10	-1.441964800000000062e-03	1.203496650000000084e-02
1.037962500000000000e+10	-1.354514800000000078e-03	1.197568530000000034e-02
1.037970000000000000e+10	-1.340396200000000060e-03	1.199982519999999962e-02
1.037977500000000000e+10	-1.346219999999999969e-03	1.192207309999999965e-02
1.037985000000000000e+10	-1.340260200000000087e-03	1.195992040000000076e-02
1.037992500000000000e+10	-1.262666900000000052e-03	1.192035479999999960e-02
1.038000000000000000e+10	-1.194754400000000048e-03	1.191864410000000041e-02
1.038007500000000000e+10	-1.214828100000000079e-03	1.193112460000000062e-02
1.038015000000000000e+10	-1.187752100000000069e-03	1.192017840000000016e-02
1.038022500000000000e+10	-1.072821100000000095e-03	1.184525070000000055e-02
1.038030000000000000e+10	-1.010933899999999974e-03	1.181842739999999954e-02
1.038037500000000000e+10	-1.139252299999999989e-03	1.180979799999999982e-02
1.038045000000000000e+10	-1.037815299999999977e-03	1.185733459999999996e-02
1.038052500000000000e+10	-1.052587800000000066e-03	1.179778719999999975e-02
1.038060000000000000e+10	-9.286022000000000113e-04	1.173997319999999997e-02
1.038067500000000000e+10	-9.351557999999999616e-04	1.179710209999999988e-02
1.038075000000000000e+10	-8.447443999999999483e-04	1.182056509999999949e-02
1.038082500000000000e+10	-9.070452999999999806e-04	1.175080669999999973e-02
1.038090000000000000e+10	-8.943493000000000059e-04	1.167329249999999978e-02
1.038097500000000000e+10	-8.543459000000000426e-04	1.167870740000000011e-02
1.038105000000000000e+10	-7.763779999999999857e-04	1.164277520000000024e-02
1.038112500000000000e+10	-7.899299999999999941e-04	1.151796599999999927e-02
1.038120000000000000e+10	-6.504294999999999565e-04	1.152687359999999932e-02
1.038127500000000000e+10	-7.946116999999999937e-04	1.158002609999999981e-02
1.038135000000000000e+10	-6.341788999999999803e-04	1.151620469999999931e-02
1.038142500000000000e+10	-6.477549000000000414e-04	1.162833609999999913e-02
1.038150000000000000e+10	-5.132277000000000193e-04	1.149076140000000051e-02
1.038157500000000000e+10	-5.931616000000000232e-04	1.148073250000000017e-02
1.038165000000000000e+10	-6.316774000000000043e-04	1.143887260000000031e-02
1.038172500000000000e+10	-4.901792000000000519e-04	1.149832540000000035e-02
1.038180000000000000e+10	-5.321764000000000095e-04	1.146613039999999986e-02
1.038187500000000000e+10	-4.866029000000000231e-04	1.145346709999999976e-02
1.038195000000000000e+10	-5.304832999999999901e-04	1.141102169999999930e-02
1.038202500000000000e+10	-4.318972000000000024e-04	1.138140730000000017e-02
1.038210000000000000e+10	-4.230862999999999746e-04	1.144127779999999997e-02
1.038217500000000000e+10	-4.131356999999999890e-04	1.137788890000000080e-02
1.038225000000000000e+10	-2.998486999999999876e-04	1.128155399999999919e-02
1.038232500000000000e+10	-3.677085999999999983e-04	1.139282489999999919e-02
1.038240000000000000e+10	-2.192937000000000109e-04	1.124820720000000059e-02
1.038247500000000000e+10	-3.043651999999999773e-04	1.133705439999999932e-02
1.038255000000000000e+10	-2.258104000000000090e-04	1.123597039999999977e-02
1.038262500000000000e+10	-1.108921999999999951e-04	1.117644039999999943e-02
1.038270000000000000e+10	-2.042222000000000113e-04	1.121276849999999943e-02
1.038277500000000000e+10	-9.463150000000000359e-05	1.116237290000000014e-02
1.038285000000000000e+10	-1.609736000000000066e-04	1.114659519999999966e-02
1.038292500000000000e+10	-1.029255999999999959e-04	1.115329900000000020e-02
1.038300000000000000e+10	-8.553649999999999665e-05	1.109402219999999946e-02
1.038307500000000000e+10	-4.470769999999999887e-05	1.114301990000000041e-02
1.038315000000000000e+10	-7.130760000000000147e-05	1.106903700000000032e-02
1.038322500000000000e+10	-6.167200000000000177e-05	1.102408979999999934e-02
1.038330000000000000e+10	2.670809999999999929e-05	1.100507769999999920e-02
1.038337500000000000e+10	1.089670000000000021e-05	1.102131530000000081e-02
1.038345000000000000e+10	6.947960000000000475e-05	1.099757179999999966e-02
1.038352500000000000e+10	5.649500000000000035e-05	1.090206179999999962e-02
1.038360000000000000e+10	1.471005000000000056e-04	1.093294040000000050e-02
1.038367500000000000e+10	1.332136999999999948e-04	1.087358050000000048e-02
1.038375000000000000e+10	1.998575999999999955e-04	1.087715090000000023e-02
1.038382500000000000e+10	2.177838999999999936e-04	1.090744350000000078e-02
1.038390000000000000e+10	1.399778000000000068e-04	1.092423260000000007e-02
1.038397500000000000e+10	1.891623000000000100e-04	1.084015189999999913e-02
1.038405000000000000e+10	2.699348999999999759e-04	1.089875629999999956e-02
1.038412500000000000e+10	3.169366000000000175e-04	1.074240610000000082e-02
1.038420000000000000e+10	2.478024999999999911e-04	1.084443870000000032e-02
1.038427500000000000e+10	3.091174999999999826e-04	1.078992359999999921e-02
1.038435000000000000e+10	3.527393000000000195e-04	1.076369500000000021e-02
1.038442500000000000e+10	2.816501000000000226e-04	1.072253840000000034e-02
1.038450000000000000e+10	3.974251999999999841e-04	1.080020710000000050e-02
1.038457500000000000e+10	4.964007999999999789e-04	1.068509439999999928e-02
1.038465000000000000e+10	4.709240999999999861e-04	1.071297000000000048e-02
1.038472500000000000e+10	6.195484999999999924e-04	1.063781450000000038e-02
1.038480000000000000e+10	5.175648000000000358e-04	1.064197319999999995e-02
1.038487500000000000e+10	6.107231000000000075e-04	1.066899139999999933e-02
1.038495000000000000e+10	5.655143000000000279e-04	1.056567129999999924e-02
1.038502500000000000e+10	6.411652999999999580e-04	1.061531630000000018e-02
1.038510000000000000e+10	6.019444000000000097e-04	1.061871600000000027e-02
1.038517500000000000e+10	6.176762000000000138e-04	1.051630580000000037e-02
1.038525000000000000e+10	6.528681999999999845e-04	1.055016200000000008e-02
1.038532500000000000e+10	6.979743999999999966e-04	1.051724079999999915e-02
1.038540000000000000e+10	7.629206999999999612e-04	1.055313649999999916e-02
1.038547500000000000e+10	7.977708000000000022e-04	1.049609900000000005e-02
1.038555000000000000e+10	7.829506000000000182e-04	1.044156809999999963e-02
1.038562500000000000e+10	7.753239000000000528e-04	1.042785610000000057e-02
1.038570000000000000e+10	7.907271000000000005e-04	1.040179010000000064e-02
1.038577500000000000e+10	8.820937000000000482e-04	1.051000329999999920e-02
1.038585000000000000e+10	8.618735999999999672e-04	1.036441270000000060e-02
1.038592500000000000e+10	8.905389000000000534e-04	1.039979279999999999e-02
1.038600000000000000e+10	9.543334999999999796e-04	1.031459719999999920e-02
1.038607500000000000e+10	8.980832000000000008e-04	1.020806850000000043e-02
1.038615000000000000e+10	9.782837999999999864e-04	1.035898889999999940e-02
1.038622500000000000e+10	8.957407999999999603e-04	1.024651229999999982e-02
1.038630000000000000e+10	1.042899599999999897e-03	1.031053829999999984e-02
1.038637500000000000e+10	9.321054999999999749e-04	1.019943320000000000e-02
1.038645000000000000e+10	9.991845999999999541e-04	1.018745339999999923e-02
1.038652500000000000e+10	1.079506600000000030e-03	1.018424369999999975e-02
1.038660000000000000e+10	1.089560500000000005e-03	1.026917259999999936e-02
1.038667500000000000e+10	1.147798900000000094e-03	1.013942909999999975e-02
1.038675000000000000e+10	1.115566400000000047e-03	1.009497129999999999e-02
1.038682500000000000e+10	1.171283099999999994e-03	1.011676339999999924e-02
1.038690000000000000e+10	1.192864899999999950e-03	1.013469210000000030e-02
1.038697500000000000e+10	1.254642399999999960e-03	1.000008710000000085e-02
1.038705000000000000e+10	1.341205299999999930e-03	1.005094829999999932e-02
1.038712500000000000e+10	1.218834600000000008e-03	9.921725299999999831e-03
1.038720000000000000e+10	1.185921699999999959e-03	9.893249399999999930e-03
1.038727500000000000e+10	1.224361800000000038e-03	9.975037399999999235e-03
1.038735000000000000e+10	1.224581900000000067e-03	9.874575999999999493e-03
1.038742500000000000e+10	1.370067200000000054e-03	9.920249799999999313e-03
1.038750000000000000e+10	1.313274899999999999e-03	9.970045000000000296e-03
1.038757500000000000e+10	1.336756599999999913e-03	9.853580100000000272e-03
1.038765000000000000e+10	1.442572700000000060e-03	9.870090899999999640e-03
1.038772500000000000e+10	1.428562399999999894e-03	9.842168999999999571e-03
1.038780000000000000e+10	1.447251199999999944e-03	9.937978700000000762e-03
1.038787500000000000e+10	1.493911400000000030e-03	9.728723899999999758e-03
1.038795000000000000e+10	1.417281600000000041e-03	9.750419300000000289e-03
1.038802500000000000e+10	1.399405600000000038e-03	9.736400100000000557e-03
1.038810000000000000e+10	1.561035500000000067e-03	9.751649500000000859e-03
1.038817500000000000e+10	1.537576500000000087e-03	9.709268599999999402e-03
1.038825000000000000e+10	1.464335900000000076e-03	9.687779500000000266e-03
1.038832500000000000e+10	1.553701300000000099e-03	9.564059899999999628e-03
1.038840000000000000e+10	1.596832799999999908e-03	9.630022900000000108e-03
1.038847500000000000e+10	1.563431400000000028e-03	9.680024100000000215e-03
1.038855000000000000e+10	1.635798200000000008e-03	9.571691800000000500e-03
1.038862500000000000e+10	1.623527800000000099e-03	9.539424200000000409e-03
1.038870000000000000e+10	1.606369700000000091e-03	9.567669100000000468e-03
1.038877500000000000e+10	1.723311400000000077e-03	9.512226599999999699e-03
1.038885000000000000e+10	1.630450600000000073e-03	9.510953500000000546e-03
1.038892500000000000e+10	1.635520600000000104e-03	9.573157800000000814e-03
1.038900000000000000e+10	1.686372499999999955e-03	9.502422999999999426e-03
1.038907500000000000e+10	1.693378699999999962e-03	9.420373100000000582e-03
1.038915000000000000e+10	1.782906899999999991e-03	9.366153599999999663e-03
1.038922500000000000e+10	1.706589600000000097e-03	9.376323199999999844e-03
1.038930000000000000e+10	1.775925600000000017e-03	9.419425900000000240e-03
1.038937500000000000e+10	1.762408299999999916e-03	9.381043299999999169e-03
1.038945000000000000e+10	1.845357099999999978e-03	9.453329400000000035e-03
1.038952500000000000e+10	1.837425300000000055e-03	9.349065800000000426e-03
1.038960000000000000e+10	1.856067400000000010e-03	9.313160200000000083e-03
1.038967500000000000e+10	1.943509900000000038e-03	9.284248700000000826e-03
1.038975000000000000e+10	1.903435800000000035e-03	9.275881099999999310e-03
1.038982500000000000e+10	1.892021200000000092e-03	9.255996600000000046e-03
1.038990000000000000e+10	2.041556099999999960e-03	9.299052699999999297e-03
1.038997500000000000e+10	1.935747100000000066e-03	9.183429200000000833e-03
1.039005000000000000e+10	1.988977299999999948e-03	9.272251800000000724e-03
1.039012500000000000e+10	1.936828100000000065e-03	9.217964999999999839e-03
1.039020000000000000e+10	1.975988299999999805e-03	9.192247599999999949e-03
1.039027500000000000e+10	2.049921200000000190e-03	9.148117399999999150e-03
1.039035000000000000e+10	2.062978999999999941e-03	9.108994699999999403e-03
1.039042500000000000e+10	2.004415199999999911e-03	9.114408699999999863e-03
1.039050000000000000e+10	2.026271400000000198e-03	9.042720199999999819e-03
1.039057500000000000e+10	2.073444700000000047e-03	9.064338800000000182e-03
1.039065000000000000e+10	2.124094899999999855e-03	9.026952700000000218e-03
1.039072500000000000e+10	2.071643299999999851e-03	9.004941500000000418e-03
1.039080000000000000e+10	2.220892099999999952e-03	9.051180400000000820e-03
1.039087500000000000e+10	2.207886300000000152e-03	8.990186100000000305e-03
1.039095000000000000e+10	2.161155100000000141e-03	8.950066799999999850e-03
1.039102500000000000e+10	2.148143199999999996e-03	8.987833199999999828e-03
1.039110000000000000e+10	2.205615299999999848e-03	8.966772600000000662e-03
1.039117500000000000e+10	2.194548299999999827e-03	8.888333199999999198e-03
1.039125000000000000e+10	2.198627500000000044e-03	8.901394199999999174e-03
1.039132500000000000e+10	2.229096099999999889e-03	8.862017899999999684e-03
1.039140000000000000e+10	2.265292500000000084e-03	8.759397900000000237e-03
1.039147500000000000e+10	2.330847200000000109e-03	8.838289399999999310e-03
1.039155000000000000e+10	2.288377299999999961e-03	8.708931700000000289e-03
1.039162500000000000e+10	2.366353500000000030e-03	8.735210199999999398e-03
1.039170000000000000e+10	2.273424000000000018e-03	8.732154900000000525e-03
1.039177500000000000e+10	2.327968900000000011e-03	8.707158899999999438e-03
1.039185000000000000e+10	2.389271100000000137e-03	8.610977800000000834e-03
1.039192500000000000e+10	2.370793899999999819e-03	8.654099400000000303e-03
1.039200000000000000e+10	2.338224600000000063e-03	8.588790900000000533e-03
1.039207500000000000e+10	2.407621600000000184e-03	8.637157700000000146e-03
1.039215000000000000e+10	2.492613700000000099e-03	8.668834300000000798e-03
1.039222500000000000e+10	2.408993900000000205e-03	8.509467499999999462e-03
1.039230000000000000e+10	2.476048700000000029e-03	8.541555600000000359e-03
1.039237500000000000e+10	2.514085200000000173e-03	8.542658200000000784e-03
1.039245000000000000e+10	2.505976300000000139e-03	8.479352100000000364e-03
1.039252500000000000e+10	2.405705599999999941e-03	8.514432900000000470e-03
1.039260000000000000e+10	2.507631599999999954e-03	8.514921199999999149e-03
1.039267500000000000e+10	2.517214199999999891e-03	8.476678300000000180e-03
1.039275000000000000e+10	2.553274999999999816e-03	8.489108800000000690e-03
1.039282500000000000e+10	2.518698700000000009e-03	8.450774399999999575e-03
1.039290000000000000e+10	2.527761900000000204e-03	8.401991600000000351e-03
1.039297500000000000e+10	2.557879700000000121e-03	8.329904500000000558e-03
1.039305000000000000e+10	2.527018199999999867e-03	8.362843599999999350e-03
1.039312500000000000e+10	2.633238100000000019e-03	8.405727899999999864e-03
1.039320000000000000e+10	2.590858299999999805e-03	8.306006899999999332e-03
1.039327500000000000e+10	2.635617600000000026e-03	8.320095700000000247e-03
1.039335000000000000e+10	2.663056899999999890e-03	8.258677500000000463e-03
1.039342500000000000e+10	2.598503700000000076e-03	8.235825299999999238e-03
1.039350000000000000e+10	2.556582200000000020e-03	8.329242199999999791e-03
1.039357500000000000e+10	2.658662999999999912e-03	8.240079200000000048e-03
1.039365000000000000e+10	2.665608299999999969e-03	8.218243599999999413e-03
1.039372500000000000e+10	2.687489899999999810e-03	8.141861499999999974e-03
1.039380000000000000e+10	2.808870000000000203e-03	8.133653899999999243e-03
1.039387500000000000e+10	2.718545800000000002e-03	8.148312200000000505e-03
1.039395000000000000e+10	2.723255200000000015e-03	8.117311599999999655e-03
1.039402500000000000e+10	2.697016600000000201e-03	8.134773300000000193e-03
1.039410000000000000e+10	2.764238300000000127e-03	8.158999899999999986e-03
1.039417500000000000e+10	2.809122500000000005e-03	8.095379899999999643e-03
1.039425000000000000e+10	2.802668800000000186e-03	8.030796200000000704e-03
1.039432500000000000e+10	2.755089899999999935e-03	8.009442000000000297e-03
1.039440000000000000e+10	2.788935099999999799e-03	8.039666399999999269e-03
1.039447500000000000e+10	2.827739799999999960e-03	7.973127400000000128e-03
1.039455000000000000e+10	2.767506199999999941e-03	7.929817699999999400e-03
1.039462500000000000e+10	2.873703999999999929e-03	7.911854100000000750e-03
1.039470000000000000e+10	2.825448099999999969e-03	7.935772100000000259e-03
1.039477500000000000e+10	2.830150200000000095e-03	7.892389899999999528e-03
1.039485000000000000e+10	2.838220199999999874e-03	7.922327800000000114e-03
1.039492500000000000e+10	3.026441700000000179e-03	7.879608700000000424e-03
1.039500000000000000e+10	2.933274799999999877e-03	7.854666999999999205e-03
1.039507500000000000e+10	2.930189100000000178e-03	7.792657899999999582e-03
1.039515000000000000e+10	2.975400899999999880e-03	7.861751900000000029e-03
1.039522500000000000e+10	2.850390999999999862e-03	7.804906500000000080e-03
1.039530000000000000e+10	3.009033700000000172e-03	7.781932000000000085e-03
1.039537500000000000e+10	2.996999499999999927e-03	7.709932800000000343e-03
1.039545000000000000e+10	2.923281099999999830e-03	7.785709499999999769e-03
1.039552500000000000e+10	2.949063699999999837e-03	7.734721400000000094e-03
1.039560000000000000e+10	2.963004899999999858e-03	7.754864499999999938e-03
1.039567500000000000e+10	2.982433200000000114e-03	7.703284500000000083e-03
1.039575000000000000e+10	2.988363099999999991e-03	7.643633700000000177e-03
1.039582500000000000e+10	3.052894699999999812e-03	7.643972500000000350e-03
1.039590000000000000e+10	3.040476399999999992e-03	7.609828600000000109e-03
1.039597500000000000e+10	3.115481600000000011e-03	7.697067200000000213e-03
1.039605000000000000e+10	2.999931500000000122e-03	7.616736300000000355e-03
1.039612500000000000e+10	3.140521199999999919e-03	7.601927500000000247e-03
1.039620000000000000e+10	3.104874000000000089e-03	7.550070499999999608e-03
1.039627500000000000e+10	3.023658499999999985e-03	7.509834200000000022e-03
1.039635000000000000e+10	3.061622600000000159e-03	7.505606899999999609e-03
1.039642500000000000e+10	3.117352700000000122e-03	7.458826899999999871e-03
1.039650000000000000e+10	3.147189099999999923e-03	7.501848200000000265e-03
1.039657500000000000e+10	3.026922899999999906e-03	7.461838400000000288e-03
1.039665000000000000e+10	3.195067399999999922e-03	7.460448899999999606e-03
1.039672500000000000e+10	3.069202500000000212e-03	7.326988199999999625e-03
1.039680000000000000e+10	3.184411700000000078e-03	7.432951800000000414e-03
1.039687500000000000e+10	3.106470799999999904e-03	7.369985699999999709e-03
1.039695000000000000e+10	3.230492499999999909e-03	7.304697199999999821e-03
1.039702500000000000e+10	3.149377400000000216e-03	7.387257999999999845e-03
1.039710000000000000e+10	3.166177599999999825e-03	7.340619999999999958e-03
1.039717500000000000e+10	3.196350799999999985e-03	7.264640699999999965e-03
1.039725000000000000e+10	3.100726700000000068e-03	7.212398600000000277e-03
1.039732500000000000e+10	3.269422599999999898e-03	7.299054400000000269e-03
1.039740000000000000e+10	3.301952999999999833e-03	7.270630699999999953e-03
1.039747500000000000e+10	3.214621400000000108e-03	7.244952100000000283e-03
1.039755000000000000e+10	3.364392700000000142e-03	7.242969999999999617e-03
1.039762500000000000e+10	3.248836800000000011e-03	7.162809400000000153e-03
1.039770000000000000e+10	3.311942000000000011e-03	7.232099500000000250e-03
1.039777500000000000e+10	3.309505099999999946e-03	7.128860499999999621e-03
1.039785000000000000e+10	3.277461000000000176e-03	7.140105199999999958e-03
1.039792500000000000e+10	3.273255699999999893e-03	7.089920999999999897e-03
1.039800000000000000e+10	3.365141299999999981e-03	7.094564000000000252e-03
1.039807500000000000e+10	3.214488599999999925e-03	7.023586000000000065e-03
1.039815000000000000e+10	3.305763800000000030e-03	7.011303800000000253e-03
1.039822500000000000e+10	3.263582799999999954e-03	7.097689100000000376e-03
1.039830000000000000e+10	3.310518399999999844e-03	6.946951800000000093e-03
1.039837500000000000e+10	3.318461400000000117e-03	7.040270300000000050e-03
1.039845000000000000e+10	3.421493800000000116e-03	6.981007000000000011e-03
1.039852500000000000e+10	3.396576399999999812e-03	6.951145799999999993e-03
1.039860000000000000e+10	3.423074300000000011e-03	6.909099099999999744e-03
1.039867500000000000e+10	3.369371600000000116e-03	6.877677700000000248e-03
1.039875000000000000e+10	3.335408399999999912e-03	6.962697500000000067e-03
1.039882500000000000e+10	3.446182400000000028e-03	6.873877900000000332e-03
1.039890000000000000e+10	3.406343999999999952e-03	6.879669799999999988e-03
1.039897500000000000e+10	3.422306999999999867e-03	6.773290799999999792e-03
1.039905000000000000e+10	3.316859399999999829e-03	6.817791299999999798e-03
1.039912500000000000e+10	3.464291400000000121e-03	6.710653199999999652e-03
1.039920000000000000e+10	3.499050200000000145e-03	6.778773299999999759e-03
1.039927500000000000e+10	3.414955999999999808e-03	6.725587899999999758e-03
1.039935000000000000e+10	3.523651400000000176e-03	6.786534500000000053e-03
1.039942500000000000e+10	3.483475900000000073e-03	6.764374299999999750e-03
1.039950000000000000e+10	3.546320500000000112e-03	6.681228200000000061e-03
1.039957500000000000e+10	3.497112299999999806e-03	6.727267200000000384e-03
1.039965000000000000e+10	3.505122600000000043e-03	6.779404999999999633e-03
1.039972500000000000e+10	3.449208499999999785e-03	6.676161899999999774e-03
1.039980000000000000e+10	3.478788500000000190e-03	6.640303099999999778e-03
1.039987500000000000e+10	3.483363900000000044e-03	6.626572699999999649e-03
1.039995000000000000e+10	3.579054899999999789e-03	6.563990900000000323e-03
1.040002500000000000e+10	3.480401599999999925e-03	6.574367499999999968e-03
1.040010000000000000e+10	3.562956700000000174e-03	6.592151200000000155e-03
1.040017500000000000e+10	3.486337200000000011e-03	6.477208199999999992e-03
1.040025000000000000e+10	3.532649399999999822e-03	6.600086600000000005e-03
1.040032500000000000e+10	3.610349899999999983e-03	6.462823099999999953e-03
1.040040000000000000e+10	3.580510600000000061e-03	6.525122900000000260e-03
1.040047500000000000e+10	3.630442800000000057e-03	6.593919799999999574e-03
1.040055000000000000e+10	3.565189099999999892e-03	6.434343200000000422e-03
1.040062500000000000e+10	3.546649700000000047e-03	6.353018400000000343e-03
1.040070000000000000e+10	3.551303500000000182e-03	6.411087200000000277e-03
1.040077500000000000e+10	3.609898700000000078e-03	6.396323100000000234e-03
1.040085000000000000e+10	3.609741100000000112e-03	6.434622299999999753e-03
1.040092500000000000e+10	3.642339300000000182e-03	6.314439500000000420e-03
1.040100000000000000e+10	3.685155500000000025e-03	6.319239600000000137e-03
1.040107500000000000e+10	3.591508199999999835e-03	6.212769400000000067e-03
1.040115000000000000e+10	3.703101600000000080e-03	6.286299399999999669e-03
1.040122500000000000e+10	3.599460400000000209e-03	6.320945300000000225e-03
1.040130000000000000e+10	3.644597399999999991e-03	6.227372800000000388e-03
1.040137500000000000e+10	3.651799900000000151e-03	6.297244100000000053e-03
1.040145000000000000e+10	3.675030699999999942e-03	6.218754600000000153e-03
1.040152500000000000e+10	3.646463600000000166e-03	6.236525599999999912e-03
1.040160000000000000e+10	3.676397000000000085e-03	6.193936500000000317e-03
1.040167500000000000e+10	3.692023000000000006e-03	6.212508799999999672e-03
1.040175000000000000e+10	3.724590700000000084e-03	6.152804500000000169e-03
1.040182500000000000e+10	3.724234400000000014e-03	6.155979599999999996e-03
1.040190000000000000e+10	3.698113099999999868e-03	6.117326000000000187e-03
1.040197500000000000e+10	3.607954100000000056e-03	6.112745999999999631e-03
1.040205000000000000e+10	3.718874699999999856e-03	6.055263200000000033e-03
1.040212500000000000e+10	3.768860000000000179e-03	6.081687900000000424e-03
1.040220000000000000e+10	3.768887399999999981e-03	6.171141399999999916e-03
1.040227500000000000e+10	3.701303100000000006e-03	6.064440699999999740e-03
1.040235000000000000e+10	3.717691099999999998e-03	6.025276700000000221e-03
1.040242500000000000e+10	3.730191800000000162e-03	5.956691899999999942e-03
1.040250000000000000e+10	3.665132700000000004e-03	6.010759400000000204e-03
1.040257500000000000e+10	3.716370999999999997e-03	5.983730700000000277e-03
1.040265000000000000e+10	3.816867600000000034e-03	5.892718899999999788e-03
1.040272500000000000e+10	3.759081200000000123e-03	5.981188600000000334e-03
1.040280000000000000e+10	3.673051599999999865e-03	5.907306299999999857e-03
1.040287500000000000e+10	3.715160700000000142e-03	5.920026299999999776e-03
1.040295000000000000e+10	3.842042200000000008e-03	5.879668799999999626e-03
1.040302500000000000e+10	3.788937999999999941e-03	5.901545700000000033e-03
1.040310000000000000e+10	3.796067299999999860e-03	5.968557700000000008e-03
1.040317500000000000e+10	3.795987800000000072e-03	5.850404000000000021e-03
1.040325000000000000e+10	3.841023299999999936e-03	5.882048400000000100e-03
1.040332500000000000e+10	3.900290900000000140e-03	5.866996699999999995e-03
1.040340000000000000e+10	3.835269300000000194e-03	5.736619499999999830e-03
1.040347500000000000e+10	3.718426400000000073e-03	5.760640899999999905e-03
1.040355000000000000e+10	3.698220700000000132e-03	5.766958400000000116e-03
1.040362500000000000e+10	3.828994799999999900e-03	5.779088400000000070e-03
1.040370000000000000e+10	3.910809399999999603e-03	5.763160600000000015e-03
1.040377500000000000e+10	3.785261199999999902e-03	5.650776700000000388e-03
1.040385000000000000e+10	3.863058300000000046e-03	5.736490599999999676e-03
1.040392500000000000e+10	3.806133299999999841e-03	5.665023499999999670e-03
1.040400000000000000e+10	3.890025899999999953e-03	5.756322999999999822e-03
1.040407500000000000e+10	3.794670400000000124e-03	5.664097400000000018e-03
1.040415000000000000e+10	3.906663799999999728e-03	5.591356900000000324e-03
1.040422500000000000e+10	3.883691099999999913e-03	5.539947199999999995e-03
1.040430000000000000e+10	3.874035499999999802e-03	5.642065299999999596e-03
1.040437500000000000e+10	3.859626299999999784e-03	5.639283299999999811e-03
1.040445000000000000e+10	3.928737699999999659e-03	5.565816300000000008e-03
1.040452500000000000e+10	3.866527499999999982e-03	5.534601899999999977e-03
1.040460000000000000e+10	3.828211299999999869e-03	5.469270099999999635e-03
1.040467500000000000e+10	3.927063599999999939e-03	5.549501200000000155e-03
1.040475000000000000e+10	3.839994099999999820e-03	5.502122600000000120e-03
1.040482500000000000e+10	3.899171900000000194e-03	5.532916300000000238e-03
1.040490000000000000e+10	3.873447500000000085e-03	5.470077700000000077e-03
1.040497500000000000e+10	3.888173700000000215e-03	5.397835000000000133e-03
1.040505000000000000e+10	3.815501599999999993e-03	5.520039000000000022e-03
1.040512500000000000e+10	3.912023500000000320e-03	5.433916199999999641e-03
1.040520000000000000e+10	3.890319900000000029e-03	5.408822699999999567e-03
1.040527500000000000e+10	3.951577999999999861e-03	5.409017999999999812e-03
1.040535000000000000e+10	3.980942200000000403e-03	5.437339299999999903e-03
1.040542500000000000e+10	3.923869400000000104e-03	5.380309199999999854e-03
1.040550000000000000e+10	3.999145499999999694e-03	5.404150600000000131e-03
1.040557500000000000e+10	3.968480699999999729e-03	5.293819600000000160e-03
1.040565000000000000e+10	3.862746700000000040e-03	5.318583600000000196e-03
1.040572500000000000e+10	3.988076499999999858e-03	5.303342899999999825e-03
1.040580000000000000e+10	3.906133400000000137e-03	5.214945799999999750e-03
1.040587500000000000e+10	4.005351100000000344e-03	5.252798999999999836e-03
1.040595000000000000e+10	3.899123600000000203e-03	5.137098100000000132e-03
1.040602500000000000e+10	4.037717599999999900e-03	5.219088099999999800e-03
1.040610000000000000e+10	3.941156300000000015e-03	5.144389800000000353e-03
1.040617500000000000e+10	4.064874700000000243e-03	5.203013099999999856e-03
1.040625000000000000e+10	3.883960200000000171e-03	5.179630400000000308e-03
1.040632500000000000e+10	4.014122799999999582e-03	5.184159800000000089e-03
1.040640000000000000e+10	3.985525000000000179e-03	5.164453000000000273e-03
1.040647500000000000e+10	3.940115800000000383e-03	5.136370300000000014e-03
1.040655000000000000e+10	4.001344599999999765e-03	5.109688299999999919e-03
1.040662500000000000e+10	3.954300600000000207e-03	5.051031899999999970e-03
1.040670000000000000e+10	3.997501300000000195e-03	5.106972199999999622e-03
1.040677500000000000e+10	3.934684699999999730e-03	5.074650200000000062e-03
1.040685000000000000e+10	3.967955399999999709e-03	5.078636499999999825e-03
1.040692500000000000e+10	3.917865300000000078e-03	5.019998500000000079e-03
1.040700000000000000e+10	3.954061000000000034e-03	5.073391400000000148e-03
1.040707500000000000e+10	3.943819999999999791e-03	4.941841599999999973e-03
1.040715000000000000e+10	3.947259199999999905e-03	4.900384199999999885e-03
1.040722500000000000e+10	3.878369300000000103e-03	4.934103599999999784e-03
1.040730000000000000e+10	3.981155899999999984e-03	4.978445899999999619e-03
1.040737500000000000e+10	4.051473499999999617e-03	5.025619400000000403e-03
1.040745000000000000e+10	3.965081799999999913e-03	4.913275499999999671e-03
1.040752500000000000e+10	4.044242600000000180e-03	4.901086100000000279e-03
1.040760000000000000e+10	3.987876300000000110e-03	4.907958900000000332e-03
1.040767500000000000e+10	3.980836800000000023e-03	4.855763400000000056e-03
1.040775000000000000e+10	3.976578700000000383e-03	4.775911699999999677e-03
1.040782500000000000e+10	4.012414300000000274e-03	4.811390900000000331e-03
1.040790000000000000e+10	4.050808000000000360e-03	4.847874400000000417e-03
1.040797500000000000e+10	4.001636900000000129e-03	4.772852400000000307e-03
1.040805000000000000e+10	3.934718700000000048e-03	4.808061800000000031e-03
1.040812500000000000e+10	3.964341199999999767e-03	4.801861400000000286e-03
1.040820000000000000e+10	4.121886100000000420e-03	4.800660600000000201e-03
1.040827500000000000e+10	3.990042499999999805e-03	4.758823799999999972e-03
1.040835000000000000e+10	4.063836300000000026e-03	4.716828299999999835e-03
1.040842500000000000e+10	3.982539000000000218e-03	4.715948699999999993e-03
1.040850000000000000e+10	4.033669800000000416e-03	4.715120300000000264e-03
1.040857500000000000e+10	3.945084100000000212e-03	4.702401099999999751e-03
1.040865000000000000e+10	4.045141099999999962e-03	4.660759900000000303e-03
1.040872500000000000e+10	4.125096800000000244e-03	4.589792300000000193e-03
1.040880000000000000e+10	3.986043300000000414e-03	4.652102699999999778e-03
1.040887500000000000e+10	3.997720599999999951e-03	4.532517800000000069e-03
1.040895000000000000e+10	4.025156099999999820e-03	4.659752399999999781e-03
1.040902500000000000e+10	4.075083699999999982e-03	4.607121300000000148e-03
1.040910000000000000e+10	3.986098399999999688e-03	4.622205199999999958e-03
1.040917500000000000e+10	4.096991399999999617e-03	4.517687000000000265e-03
1.040925000000000000e+10	4.036598100000000217e-03	4.526338100000000010e-03
1.040932500000000000e+10	4.079201699999999986e-03	4.579055900000000151e-03
1.040940000000000000e+10	4.017991099999999871e-03	4.502192999999999820e-03
1.040947500000000000e+10	4.046790100000000230e-03	4.566307399999999621e-03
1.040955000000000000e+10	4.055840800000000065e-03	4.457331000000000140e-03
1.040962500000000000e+10	4.031919499999999865e-03	4.481593899999999735e-03
1.040970000000000000e+10	4.032906400000000301e-03	4.352453600000000256e-03
1.040977500000000000e+10	4.038696999999999947e-03	4.481889499999999922e-03
1.040985000000000000e+10	4.062125300000000300e-03	4.487880700000000320e-03
1.040992500000000000e+10	4.048039699999999609e-03	4.421772800000000302e-03
1.041000000000000000e+10	4.092589300000000312e-03	4.428665899999999905e-03
1.041007500000000000e+10	4.084741099999999840e-03	4.380249400000000258e-03
1.041015000000000000e+10	4.128323799999999988e-03	4.308369400000000397e-03
1.041022500000000000e+10	4.133553300000000416e-03	4.386489000000000360e-03
1.041030000000000000e+10	4.089914699999999854e-03	4.406010400000000271e-03
1.041037500000000000e+10	4.088943200000000333e-03	4.378460699999999622e-03
1.041045000000000000e+10	4.056212299999999681e-03	4.327169999999999975e-03
1.041052500000000000e+10	4.102102399999999968e-03	4.324961999999999904e-03
1.041060000000000000e+10	4.061213900000000022e-03	4.298912799999999625e-03
1.041067500000000000e+10	4.085982900000000029e-03	4.297622000000000074e-03
1.041075000000000000e+10	4.147470000000000323e-03	4.291271099999999748e-03
1.041082500000000000e+10	4.166631500000000238e-03	4.238027699999999919e-03
1.041090000000000000e+10	4.016493799999999725e-03	4.238840500000000400e-03
1.041097500000000000e+10	4.135077299999999692e-03	4.233854900000000310e-03
1.041105000000000000e+10	4.037633900000000414e-03	4.189527999999999655e-03
1.041112500000000000e+10	4.116677400000000146e-03	4.154979300000000153e-03
1.041120000000000000e+10	4.114234399999999736e-03	4.222724599999999953e-03
1.041127500000000000e+10	4.097203199999999851e-03	4.183677700000000034e-03
1.041135000000000000e+10	4.126911599999999805e-03	4.160449000000000092e-03
1.041142500000000000e+10	4.031711900000000195e-03	4.146497800000000129e-03
1.041150000000000000e+10	4.120709699999999982e-03	4.137671400000000020e-03
1.041157500000000000e+10	4.080544600000000389e-03	4.109748899999999747e-03
1.041165000000000000e+10	4.044078199999999630e-03	4.111346699999999903e-03
1.041172500000000000e+10	4.208300199999999956e-03	4.174418699999999857e-03
1.041180000000000000e+10	4.154172999999999720e-03	4.000601200000000399e-03
1.041187500000000000e+10	4.125632199999999805e-03	4.059427800000000273e-03
1.041195000000000000e+10	4.172674500000000085e-03	3.967035100000000300e-03
1.041202500000000000e+10	4.190287400000000141e-03	4.014255700000000232e-03
1.041210000000000000e+10	4.097794899999999962e-03	4.019954600000000267e-03
1.041217500000000000e+10	4.165461700000000315e-03	4.082324600000000227e-03
1.041225000000000000e+10	4.107550399999999879e-03	3.976020400000000385e-03
1.041232500000000000e+10	4.023298100000000273e-03	3.990449299999999748e-03
1.041240000000000000e+10	4.150623800000000259e-03	4.006744900000000324e-03
1.041247500000000000e+10	4.055443300000000258e-03	3.985373399999999657e-03
1.041255000000000000e+10	4.162072699999999972e-03	3.960571599999999741e-03
1.041262500000000000e+10	4.199750500000000095e-03	3.945842500000000357e-03
1.041270000000000000e+10	4.157339799999999752e-03	3.955546800000000161e-03
1.041277500000000000e+10	4.041840399999999806e-03	3.893571299999999853e-03
1.041285000000000000e+10	4.089163500000000430e-03	3.927040300000000234e-03
1.041292500000000000e+10	4.103598299999999637e-03	3.856351999999999957e-03
1.041300000000000000e+10	4.114231000000000311e-03	3.831152600000000200e-03
1.041307500000000000e+10	4.089831300000000038e-03	3.895507800000000149e-03
1.041315000000000000e+10	4.136658599999999859e-03	3.862947099999999856e-03
1.041322500000000000e+10	4.157014700000000347e-03	3.884027999999999873e-03
1.041330000000000000e+10	4.078118999999999841e-03	3.840173799999999950e-03
1.041337500000000000e+10	4.125143700000000191e-03	3.817756399999999977e-03
1.041345000000000000e+10	4.107471199999999760e-03	3.741381099999999821e-03
1.041352500000000000e+10	4.146827599999999836e-03	3.891350599999999788e-03
1.041360000000000000e+10	4.128043900000000384e-03	3.761928199999999955e-03
1.041367500000000000e+10	4.114307600000000412e-03	3.766645800000000162e-03
1.041375000000000000e+10	4.087766300000000158e-03	3.745521700000000159e-03
1.041382500000000000e+10	4.019109600000000081e-03	3.767219799999999875e-03
1.041390000000000000e+10	4.114136699999999813e-03	3.735102499999999864e-03
1.041397500000000000e+10	4.105575299999999865e-03	3.667848400000000165e-03
1.041405000000000000e+10	4.092336599999999575e-03	3.637008499999999905e-03
1.041412500000000000e+10	4.129581900000000097e-03	3.671845999999999877e-03
1.041420000000000000e+10	4.131061099999999708e-03	3.651280499999999974e-03
1.041427500000000000e+10	4.166246900000000059e-03	3.640898599999999822e-03
1.041435000000000000e+10	4.155427700000000404e-03	3.670177199999999796e-03
1.041442500000000000e+10	4.089705199999999971e-03	3.615922699999999951e-03
1.041450000000000000e+10	4.137430800000000373e-03	3.644234000000000102e-03
1.041457500000000000e+10	4.213972699999999662e-03	3.559761399999999965e-03
1.041465000000000000e+10	4.165355299999999594e-03	3.571846000000000049e-03
1.041472500000000000e+10	4.156911200000000181e-03	3.592872100000000027e-03
1.041480000000000000e+10	4.106544200000000235e-03	3.567649300000000096e-03
1.041487500000000000e+10	4.216008099999999856e-03	3.559437700000000170e-03
1.041495000000000000e+10	4.126761399999999760e-03	3.484706299999999844e-03
1.041502500000000000e+10	4.040948600000000140e-03	3.495075800000000104e-03
1.041510000000000000e+10	4.144416300000000261e-03	3.529266100000000121e-03
1.041517500000000000e+10	4.208422199999999926e-03	3.480249400000000066e-03
1.041525000000000000e+10	4.064912900000000259e-03	3.454017199999999833e-03
1.041532500000000000e+10	4.137820300000000055e-03	3.472655500000000010e-03
1.041540000000000000e+10	4.122304099999999846e-03	3.414354999999999994e-03
1.041547500000000000e+10	4.113839799999999616e-03	3.470354299999999816e-03
1.041555000000000000e+10	4.156867600000000058e-03	3.448777399999999795e-03
1.041562500000000000e+10	4.080951999999999670e-03	3.453708800000000051e-03
1.041570000000000000e+10	4.102892599999999682e-03	3.500186800000000022e-03
1.041577500000000000e+10	4.179866699999999768e-03	3.333682100000000172e-03
1.041585000000000000e+10	4.127496399999999732e-03	3.386431899999999950e-03
1.041592500000000000e+10	4.094310399999999579e-03	3.379159899999999942e-03
1.041600000000000000e+10	4.071492599999999677e-03	3.273887499999999801e-03
1.041607500000000000e+10	4.140326399999999865e-03	3.297014400000000157e-03
1.041615000000000000e+10	4.197344999999999896e-03	3.327314400000000189e-03
1.041622500000000000e+10	4.164236099999999580e-03	3.285316300000000033e-03
1.041630000000000000e+10	4.074930400000000182e-03	3.333798600000000001e-03
1.041637500000000000e+10	4.133598399999999749e-03	3.308106800000000167e-03
1.041645000000000000e+10	4.144163299999999855e-03	3.289647799999999983e-03
1.041652500000000000e+10	4.108851999999999643e-03	3.388797199999999885e-03
1.041660000000000000e+10	4.030623700000000344e-03	3.250503100000000107e-03
1.041667500000000000e+10	4.156040899999999608e-03	3.228951400000000006e-03
1.041675000000000000e+10	4.087903300000000038e-03	3.208536699999999919e-03
1.041682500000000000e+10	4.082805800000000387e-03	3.249914500000000185e-03
1.041690000000000000e+10	4.128968900000000095e-03	3.272404599999999796e-03
1.041697500000000000e+10	4.048773099999999903e-03	3.193766399999999929e-03
1.041705000000000000e+10	4.045618800000000230e-03	3.168568799999999918e-03
1.041712500000000000e+10	4.045300299999999606e-03	3.090560300000000111e-03
1.041720000000000000e+10	4.167628500000000215e-03	3.136172300000000107e-03
1.041727500000000000e+10	4.093806499999999918e-03	3.193191800000000011e-03
1.041735000000000000e+10	4.131611099999999911e-03	3.130164600000000154e-03
1.041742500000000000e+10	4.094222500000000396e-03	3.165491500000000048e-03
1.041750000000000000e+10	4.134667399999999993e-03	3.111827599999999940e-03
1.041757500000000000e+10	4.135109500000000264e-03	3.076828199999999836e-03
1.041765000000000000e+10	4.130531599999999991e-03	3.106095699999999928e-03
1.041772500000000000e+10	4.090351600000000087e-03	3.063067000000000047e-03
1.041780000000000000e+10	4.106081499999999877e-03	2.970490699999999915e-03
1.041787500000000000e+10	4.100523600000000220e-03	3.075544700000000173e-03
1.041795000000000000e+10	4.107437499999999977e-03	3.089901099999999966e-03
1.041802500000000000e+10	4.182759799999999709e-03	3.079955799999999945e-03
1.041810000000000000e+10	4.134304000000000104e-03	3.066583600000000100e-03
1.041817500000000000e+10	4.052644499999999948e-03	2.969689900000000056e-03
1.041825000000000000e+10	4.051546900000000360e-03	3.047160200000000214e-03
1.041832500000000000e+10	4.148598100000000337e-03	3.060462999999999812e-03
1.041840000000000000e+10	3.977722300000000044e-03	2.994504800000000102e-03
1.041847500000000000e+10	4.061945100000000433e-03	3.012621000000000049e-03
1.041855000000000000e+10	4.117551100000000144e-03	2.914971900000000015e-03
1.041862500000000000e+10	4.024416200000000346e-03	2.915857999999999905e-03
1.041870000000000000e+10	4.043578400000000066e-03	2.933853000000000155e-03
1.041877500000000000e+10	4.016977899999999574e-03	2.836021299999999870e-03
1.041885000000000000e+10	4.064452399999999785e-03	2.923098399999999979e-03
1.041892500000000000e+10	4.111093100000000160e-03	2.869474400000000033e-03
1.041900000000000000e+10	4.080781599999999676e-03	2.928430200000000164e-03
1.041907500000000000e+10	4.134362600000000137e-03	2.875413600000000045e-03
1.041915000000000000e+10	4.113800400000000058e-03	2.803377899999999999e-03
1.041922500000000000e+10	4.049575100000000170e-03	2.843246800000000067e-03
1.041930000000000000e+10	4.131992999999999604e-03	2.831541099999999953e-03
1.041937500000000000e+10	3.995463200000000381e-03	2.799198200000000206e-03
1.041945000000000000e+10	4.180513799999999690e-03	2.821442500000000131e-03
1.041952500000000000e+10	4.098571300000000174e-03	2.780029099999999868e-03
1.041960000000000000e+10	4.034176300000000097e-03	2.785356499999999853e-03
1.041967500000000000e+10	4.170242799999999625e-03	2.800055799999999918e-03
1.041975000000000000e+10	4.117182100000000081e-03	2.734155399999999968e-03
1.041982500000000000e+10	4.070884999999999782e-03	2.769851900000000131e-03
1.041990000000000000e+10	3.995338499999999925e-03	2.776043100000000208e-03
1.041997500000000000e+10	4.098765300000000410e-03	2.699821600000000023e-03
1.042005000000000000e+10	4.041331399999999706e-03	2.710650199999999847e-03
1.042012500000000000e+10	4.043651799999999942e-03	2.670333600000000199e-03
1.042020000000000000e+10	4.125040400000000093e-03	2.719480399999999951e-03
1.042027500000000000e+10	4.063221199999999741e-03	2.735707600000000187e-03
1.042035000000000000e+10	4.027314700000000393e-03	2.696508299999999907e-03
1.042042500000000000e+10	4.061826800000000424e-03	2.716618999999999978e-03
1.042050000000000000e+10	4.048514700000000258e-03	2.678981100000000018e-03
1.042057500000000000e+10	4.075487800000000306e-03	2.637999900000000120e-03
1.042065000000000000e+10	4.010451800000000219e-03	2.703685999999999850e-03
1.042072500000000000e+10	4.063573800000000284e-03	2.606418100000000137e-03
1.042080000000000000e+10	4.101535699999999708e-03	2.614425699999999887e-03
1.042087500000000000e+10	4.007163099999999818e-03	2.669752799999999902e-03
1.042095000000000000e+10	4.021919500000000272e-03	2.578229799999999863e-03
1.042102500000000000e+10	3.990461399999999971e-03	2.687408999999999978e-03
1.042110000000000000e+10	4.039262800000000334e-03	2.593265300000000082e-03
1.042117500000000000e+10	4.053663800000000157e-03	2.547950299999999883e-03
1.042125000000000000e+10	4.037909099999999717e-03	2.527752700000000102e-03
1.042132500000000000e+10	4.137289100000000192e-03	2.510507999999999837e-03
1.042140000000000000e+10	4.059058600000000142e-03	2.418324800000000181e-03
1.042147500000000000e+10	4.060831400000000126e-03	2.529677900000000014e-03
1.042155000000000000e+10	4.089058100000000050e-03	2.440310399999999925e-03
1.042162500000000000e+10	4.031193800000000028e-03	2.495572599999999926e-03
1.042170000000000000e+10	4.119337899999999698e-03	2.456322600000000137e-03
1.042177500000000000e+10	3.944472699999999887e-03	2.523988699999999818e-03
1.042185000000000000e+10	3.998911200000000027e-03	2.435783700000000197e-03
1.042192500000000000e+10	4.019486600000000270e-03	2.429489600000000159e-03
1.042200000000000000e+10	4.003628399999999664e-03	2.509933199999999850e-03
1.042207500000000000e+10	3.997605199999999630e-03	2.435233299999999858e-03
1.042215000000000000e+10	4.068120199999999791e-03	2.419272799999999928e-03
1.042222500000000000e+10	4.122741099999999680e-03	2.450505999999999865e-03
1.042230000000000000e+10	4.021685799999999943e-03	2.436157400000000129e-03
1.042237500000000000e+10	3.952211599999999950e-03	2.458062600000000212e-03
1.042245000000000000e+10	3.944650299999999735e-03	2.363755300000000038e-03
1.042252500000000000e+10	4.069407100000000180e-03	2.378569100000000117e-03
1.042260000000000000e+10	4.062157299999999936e-03	2.338738099999999962e-03
1.042267500000000000e+10	3.927693900000000203e-03	2.354065600000000008e-03
1.042275000000000000e+10	4.075754299999999677e-03	2.390532199999999968e-03
1.042282500000000000e+10	4.104394499999999661e-03	2.403437699999999826e-03
1.042290000000000000e+10	4.035462000000000077e-03	2.303817699999999909e-03
1.042297500000000000e+10	4.027045800000000203e-03	2.368295099999999896e-03
1.042305000000000000e+10	3.969298399999999713e-03	2.311174899999999914e-03
1.042312500000000000e+10	3.966609000000000280e-03	2.252037799999999975e-03
1.042320000000000000e+10	3.953704700000000398e-03	2.335865199999999971e-03
1.042327500000000000e+10	3.956150000000000291e-03	2.271667399999999920e-03
1.042335000000000000e+10	4.056214699999999632e-03	2.170963799999999985e-03
1.042342500000000000e+10	4.049681799999999693e-03	2.284279399999999873e-03
1.042350000000000000e+10	4.061666999999999708e-03	2.266106400000000073e-03
1.042357500000000000e+10	3.991720800000000090e-03	2.248823200000000123e-03
1.042365000000000000e+10	3.992345399999999711e-03	2.221948799999999904e-03
1.042372500000000000e+10	3.998983900000000098e-03	2.237189100000000139e-03
1.042380000000000000e+10	4.051276000000000356e-03	2.187239200000000178e-03
1.042387500000000000e+10	4.044467500000000111e-03	2.220797599999999820e-03
1.042395000000000000e+10	3.903686700000000200e-03	2.273514400000000053e-03
1.042402500000000000e+10	3.971455399999999740e-03	2.205493800000000049e-03
1.042410000000000000e+10	4.002227700000000367e-03	2.188237300000000097e-03
1.042417500000000000e+10	4.007764500000000202e-03	2.166582099999999830e-03
1.042425000000000000e+10	3.917379799999999752e-03	2.153427900000000166e-03
1.042432500000000000e+10	3.937193400000000426e-03	2.192584999999999933e-03
1.042440000000000000e+10	4.016139099999999768e-03	2.060933400000000172e-03
1.042447500000000000e+10	3.963234500000000111e-03	2.091303899999999959e-03
1.042455000000000000e+10	3.942842799999999627e-03	2.132641900000000097e-03
1.042462500000000000e+10	3.938168899999999577e-03	2.129160499999999904e-03
1.042470000000000000e+10	3.873475899999999795e-03	2.108124500000000019e-03
1.042477500000000000e+10	3.885759600000000119e-03	2.038976999999999977e-03
1.042485000000000000e+10	3.922074600000000424e-03	2.141076300000000106e-03
1.042492500000000000e+10	3.986525299999999980e-03	2.073611400000000080e-03
1.042500000000000000e+10	3.983566699999999822e-03	2.105412499999999819e-03
1.042507500000000000e+10	3.984487099999999699e-03	2.061323800000000161e-03
1.042515000000000000e+10	4.001939999999999838e-03	2.085712699999999788e-03
1.042522500000000000e+10	3.923587899999999955e-03	2.034447300000000094e-03
1.042530000000000000e+10	3.921185199999999843e-03	2.017979999999999947e-03
1.042537500000000000e+10	3.839172000000000071e-03	2.039886099999999904e-03
1.042545000000000000e+10	3.896228500000000015e-03	2.009905199999999833e-03
1.042552500000000000e+10	3.929013400000000433e-03	2.054734800000000174e-03
1.042560000000000000e+10	3.906395699999999811e-03	1.928107299999999970e-03
1.042567500000000000e+10	3.993499400000000317e-03	2.027283400000000086e-03
1.042575000000000000e+10	3.926187900000000126e-03	2.019945300000000089e-03
1.042582500000000000e+10	3.986969800000000203e-03	1.906089599999999905e-03
1.042590000000000000e+10	3.884194399999999804e-03	1.921719400000000038e-03
1.042597500000000000e+10	3.854331500000000073e-03	1.919995999999999986e-03
1.042605000000000000e+10	3.916484500000000195e-03	1.951723999999999950e-03
1.042612500000000000e+10	4.012435800000000233e-03	1.918422699999999944e-03
1.042620000000000000e+10	3.951612200000000248e-03	1.926593699999999904e-03
1.042627500000000000e+10	3.905854399999999973e-03	1.905514500000000033e-03
1.042635000000000000e+10	3.926911499999999680e-03	1.908245100000000071e-03
1.042642500000000000e+10	3.903559200000000090e-03	1.896862899999999900e-03
1.042650000000000000e+10	3.853395099999999945e-03	1.896361000000000054e-03
1.042657500000000000e+10	3.891940699999999788e-03	1.921182599999999999e-03
1.042665000000000000e+10	3.869305799999999806e-03	1.913309100000000007e-03
1.042672500000000000e+10	3.853647400000000112e-03	1.846604400000000090e-03
1.042680000000000000e+10	3.929849000000000016e-03	1.893592400000000068e-03
1.042687500000000000e+10	3.815152200000000108e-03	1.918958500000000076e-03
1.042695000000000000e+10	3.970575399999999762e-03	1.812611599999999984e-03
1.042702500000000000e+10	3.877371000000000116e-03	1.781718299999999946e-03
1.042710000000000000e+10	3.880750399999999788e-03	1.889665900000000098e-03
1.042717500000000000e+10	3.897501099999999864e-03	1.838399899999999983e-03
1.042725000000000000e+10	3.936966099999999677e-03	1.727928699999999908e-03
1.042732500000000000e+10	3.864601899999999934e-03	1.813646599999999909e-03
1.042740000000000000e+10	3.902475099999999902e-03	1.803438299999999975e-03
1.042747500000000000e+10	3.857766199999999954e-03	1.782136300000000022e-03
1.042755000000000000e+10	3.871862499999999957e-03	1.742926299999999996e-03
1.042762500000000000e+10	3.885373499999999862e-03	1.686049800000000067e-03
1.042770000000000000e+10	3.886257900000000039e-03	1.751556499999999987e-03
1.042777500000000000e+10	3.863267699999999895e-03	1.718086900000000052e-03
1.042785000000000000e+10	3.758990099999999848e-03	1.674539299999999948e-03
1.042792500000000000e+10	3.872952499999999989e-03	1.717723100000000027e-03
1.042800000000000000e+10	3.827042000000000117e-03	1.695886499999999918e-03
1.042807500000000000e+10	3.823948000000000191e-03	1.624413600000000103e-03
1.042815000000000000e+10	3.862558199999999945e-03	1.712717699999999907e-03
1.042822500000000000e+10	3.842257799999999803e-03	1.648493599999999995e-03
1.042830000000000000e+10	3.836598999999999999e-03	1.716494199999999901e-03
1.042837500000000000e+10	3.712982499999999825e-03	1.706980000000000086e-03
1.042845000000000000e+10	3.752370799999999937e-03	1.691562800000000026e-03
1.042852500000000000e+10	3.837494600000000092e-03	1.636297699999999904e-03
1.042860000000000000e+10	3.831337900000000071e-03	1.633615099999999971e-03
1.042867500000000000e+10	3.783778399999999931e-03	1.619549000000000075e-03
1.042875000000000000e+10	3.818474799999999926e-03	1.674408299999999945e-03
1.042882500000000000e+10	3.862813000000000097e-03	1.693431200000000084e-03
1.042890000000000000e+10	3.703694600000000201e-03	1.653930299999999956e-03
1.042897500000000000e+10	3.828948400000000123e-03	1.628012399999999998e-03
1.042905000000000000e+10	3.761475600000000006e-03	1.606710099999999943e-03
1.042912500000000000e+10	3.853053700000000185e-03	1.622162199999999978e-03
1.042920000000000000e+10	3.775475300000000027e-03	1.576855000000000053e-03
1.042927500000000000e+10	3.833149499999999842e-03	1.560459200000000003e-03
1.042935000000000000e+10	3.810997999999999903e-03	1.635700300000000017e-03
1.042942500000000000e+10	3.860480199999999969e-03	1.540651700000000108e-03
1.042950000000000000e+10	3.779024399999999888e-03	1.634907600000000101e-03
1.042957500000000000e+10	3.800858800000000114e-03	1.532318800000000017e-03
1.042965000000000000e+10	3.837098699999999963e-03	1.570221300000000002e-03
1.042972500000000000e+10	3.779542099999999918e-03	1.578157900000000044e-03
1.042980000000000000e+10	3.725928299999999981e-03	1.565752600000000104e-03
1.042987500000000000e+10	3.723433200000000019e-03	1.560998000000000073e-03
1.042995000000000000e+10	3.798669399999999880e-03	1.478375199999999940e-03
1.043002500000000000e+10	3.662002200000000207e-03	1.541643400000000013e-03
1.043010000000000000e+10	3.749119799999999815e-03	1.523588100000000016e-03
1.043017500000000000e+10	3.854017400000000083e-03	1.480377099999999986e-03
1.043025000000000000e+10	3.785115500000000091e-03	1.454081999999999987e-03
1.043032500000000000e+10	3.783470799999999988e-03	1.471007099999999904e-03
1.043040000000000000e+10	3.764514300000000157e-03	1.522539100000000088e-03
1.043047500000000000e+10	3.717191800000000171e-03	1.468072900000000043e-03
1.043055000000000000e+10	3.706006999999999878e-03	1.463071600000000021e-03
1.043062500000000000e+10	3.723275299999999951e-03	1.469123500000000084e-03
1.043070000000000000e+10	3.714669900000000177e-03	1.437533599999999941e-03
1.043077500000000000e+10	3.743199500000000176e-03	1.397513599999999955e-03
1.043085000000000000e+10	3.699165800000000191e-03	1.418667699999999997e-03
1.043092500000000000e+10	3.787226199999999942e-03	1.351620100000000026e-03
1.043100000000000000e+10	3.662602000000000045e-03	1.339118700000000058e-03
1.043107500000000000e+10	3.687510000000000180e-03	1.387837000000000055e-03
1.043115000000000000e+10	3.704611699999999820e-03	1.402046500000000062e-03
1.043122500000000000e+10	3.704584199999999983e-03	1.426708799999999895e-03
1.043130000000000000e+10	3.766581800000000022e-03	1.438436599999999956e-03
1.043137500000000000e+10	3.687566099999999795e-03	1.384700499999999947e-03
1.043145000000000000e+10	3.797551100000000172e-03	1.377061099999999988e-03
1.043152500000000000e+10	3.725952499999999994e-03	1.373873999999999972e-03
1.043160000000000000e+10	3.710192800000000016e-03	1.347641400000000036e-03
1.043167500000000000e+10	3.635226899999999955e-03	1.328047200000000020e-03
1.043175000000000000e+10	3.723705299999999999e-03	1.391279800000000096e-03
1.043182500000000000e+10	3.687186099999999883e-03	1.314243600000000083e-03
1.043190000000000000e+10	3.694852399999999908e-03	1.336792799999999897e-03
1.043197500000000000e+10	3.665844399999999836e-03	1.323648200000000037e-03
1.043205000000000000e+10	3.684848299999999785e-03	1.321835500000000108e-03
1.043212500000000000e+10	3.728575999999999939e-03	1.270817399999999960e-03
1.043220000000000000e+10	3.739639400000000034e-03	1.257349000000000053e-03
1.043227500000000000e+10	3.683783200000000004e-03	1.263619899999999987e-03
1.043235000000000000e+10	3.688027899999999845e-03	1.267685200000000017e-03
1.043242500000000000e+10	3.681758900000000126e-03	1.240592800000000053e-03
1.043250000000000000e+10	3.669508000000000145e-03	1.258785699999999917e-03
1.043257500000000000e+10	3.688512000000000127e-03	1.198426299999999934e-03
1.043265000000000000e+10	3.708965399999999968e-03	1.253519999999999938e-03
1.043272500000000000e+10	3.678615100000000131e-03	1.272211299999999974e-03
1.043280000000000000e+10	3.696032799999999976e-03	1.273759800000000015e-03
1.043287500000000000e+10	3.648918900000000000e-03	1.250650000000000069e-03
1.043295000000000000e+10	3.726581400000000214e-03	1.197567299999999961e-03
1.043302500000000000e+10	3.634020099999999993e-03	1.140605500000000001e-03
1.043310000000000000e+10	3.601079399999999788e-03	1.211262000000000059e-03
1.043317500000000000e+10	3.660041599999999933e-03	1.221398199999999910e-03
1.043325000000000000e+10	3.628918799999999913e-03	1.205921499999999943e-03
1.043332500000000000e+10	3.693288400000000003e-03	1.179961999999999895e-03
1.043340000000000000e+10	3.633993500000000029e-03	1.248955900000000034e-03
1.043347500000000000e+10	3.680600599999999788e-03	1.187914100000000018e-03
1.043355000000000000e+10	3.628875699999999961e-03	1.136683899999999968e-03
1.043362500000000000e+10	3.660895899999999821e-03	1.207676300000000078e-03
1.043370000000000000e+10	3.682576400000000041e-03	1.135656600000000066e-03
1.043377500000000000e+10	3.600507000000000186e-03	1.209273500000000029e-03
1.043385000000000000e+10	3.656951299999999967e-03	1.130128999999999899e-03
1.043392500000000000e+10	3.657662400000000029e-03	1.109867799999999897e-03
1.043400000000000000e+10	3.577448799999999839e-03	1.154017499999999974e-03
1.043407500000000000e+10	3.578252799999999921e-03	1.142412800000000041e-03
1.043415000000000000e+10	3.616773599999999981e-03	1.169256000000000028e-03
1.043422500000000000e+10	3.588827299999999831e-03	1.101904799999999960e-03
1.043430000000000000e+10	3.569651899999999947e-03	1.119711100000000048e-03
1.043437500000000000e+10	3.637051000000000086e-03	1.131119899999999965e-03
1.043445000000000000e+10	3.589401900000000183e-03	1.108105100000000105e-03
1.043452500000000000e+10	3.511735299999999872e-03	1.089833599999999892e-03
1.043460000000000000e+10	3.581166299999999879e-03	1.105672600000000023e-03
1.043467500000000000e+10	3.620203199999999857e-03	1.084474999999999892e-03
1.043475000000000000e+10	3.630111599999999872e-03	1.160603399999999988e-03
1.043482500000000000e+10	3.597435899999999829e-03	1.109720999999999928e-03
1.043490000000000000e+10	3.573587899999999904e-03	1.073451499999999960e-03
1.043497500000000000e+10	3.536606099999999898e-03	1.030848800000000063e-03
1.043505000000000000e+10	3.590267600000000055e-03	1.079620199999999954e-03
1.043512500000000000e+10	3.549752199999999837e-03	9.593212999999999524e-04
1.043520000000000000e+10	3.537218500000000130e-03	1.003675899999999970e-03
1.043527500000000000e+10	3.573669700000000043e-03	1.042383399999999944e-03
1.043535000000000000e+10	3.557572299999999833e-03	9.752702999999999720e-04
1.043542500000000000e+10	3.622064500000000097e-03	1.024703700000000094e-03
1.043550000000000000e+10	3.474017299999999919e-03	9.777406999999999678e-04
1.043557500000000000e+10	3.579515499999999864e-03	9.666181999999999943e-04
1.043565000000000000e+10	3.533403999999999972e-03	1.044017900000000039e-03
1.043572500000000000e+10	3.546062500000000169e-03	9.930449999999999087e-04
1.043580000000000000e+10	3.521581900000000064e-03	1.057103900000000082e-03
1.043587500000000000e+10	3.655531799999999897e-03	9.568028999999999597e-04
1.043595000000000000e+10	3.609285099999999871e-03	9.403770999999999788e-04
1.043602500000000000e+10	3.410684599999999969e-03	9.779562999999999798e-04
1.043610000000000000e+10	3.538105599999999927e-03	9.723629000000000343e-04
1.043617500000000000e+10	3.543892500000000046e-03	9.235123999999999504e-04
1.043625000000000000e+10	3.458272399999999785e-03	9.360304999999999754e-04
1.043632500000000000e+10	3.475017799999999789e-03	8.859105000000000148e-04
1.043640000000000000e+10	3.581749099999999991e-03	9.526944999999999771e-04
1.043647500000000000e+10	3.541040200000000141e-03	9.346813000000000256e-04
1.043655000000000000e+10	3.486085099999999912e-03	9.198061000000000431e-04
1.043662500000000000e+10	3.586143899999999843e-03	9.018219000000000062e-04
1.043670000000000000e+10	3.458293500000000041e-03	8.623203999999999982e-04
1.043677500000000000e+10	3.469602999999999923e-03	9.213822999999999892e-04
1.043685000000000000e+10	3.537404599999999840e-03	8.557172999999999733e-04
1.043692500000000000e+10	3.475953999999999849e-03	8.170331000000000295e-04
1.043700000000000000e+10	3.597278399999999897e-03	8.938289000000000303e-04
1.043707500000000000e+10	3.577706300000000044e-03	8.700930999999999856e-04
1.043715000000000000e+10	3.474524799999999941e-03	8.514392000000000184e-04
1.043722500000000000e+10	3.472616300000000086e-03	8.613428999999999487e-04
1.043730000000000000e+10	3.516736500000000078e-03	8.662290000000000441e-04
1.043737500000000000e+10	3.445290399999999861e-03	8.221749000000000418e-04
1.043745000000000000e+10	3.503031399999999903e-03	8.333651000000000079e-04
1.043752500000000000e+10	3.451042799999999924e-03	8.589741000000000130e-04
1.043760000000000000e+10	3.509236499999999950e-03	8.261479000000000392e-04
1.043767500000000000e+10	3.518030100000000149e-03	7.958216999999999635e-04
1.043775000000000000e+10	3.471408000000000046e-03	8.050944000000000416e-04
1.043782500000000000e+10	3.488298899999999793e-03	7.791095000000000052e-04
1.043790000000000000e+10	3.427391499999999855e-03	8.007433999999999472e-04
1.043797500000000000e+10	3.499333800000000144e-03	8.029200999999999699e-04
1.043805000000000000e+10	3.490332799999999909e-03	7.703888999999999789e-04
1.043812500000000000e+10	3.439846999999999783e-03	7.904004999999999755e-04
1.043820000000000000e+10	3.447721700000000184e-03	6.949190000000000055e-04
1.043827500000000000e+10	3.451391600000000039e-03	7.965462999999999667e-04
1.043835000000000000e+10	3.506066999999999864e-03	7.741466999999999923e-04
1.043842500000000000e+10	3.405528599999999885e-03	7.651449000000000271e-04
1.043850000000000000e+10	3.489923299999999912e-03	7.389912000000000000e-04
1.043857500000000000e+10	3.457905199999999901e-03	7.183779999999999853e-04
1.043865000000000000e+10	3.462913499999999926e-03	7.208676999999999490e-04
1.043872500000000000e+10	3.420718200000000177e-03	8.318880999999999542e-04
1.043880000000000000e+10	3.471706399999999887e-03	7.749621999999999847e-04
1.043887500000000000e+10	3.401314400000000036e-03	7.701681000000000369e-04
1.043895000000000000e+10	3.440231000000000192e-03	6.605540000000000456e-04
1.043902500000000000e+10	3.414581800000000139e-03	7.080555999999999569e-04
1.043910000000000000e+10	3.478442500000000163e-03	7.029930999999999897e-04
1.043917500000000000e+10	3.460973799999999840e-03	7.053180000000000257e-04
1.043925000000000000e+10	3.359017900000000039e-03	6.754944999999999613e-04
1.043932500000000000e+10	3.427069699999999840e-03	6.806596000000000044e-04
1.043940000000000000e+10	3.405225600000000210e-03	7.533124000000000417e-04
1.043947500000000000e+10	3.395354000000000167e-03	6.748611999999999753e-04
1.043955000000000000e+10	3.406780500000000048e-03	6.920045000000000319e-04
1.043962500000000000e+10	3.432131799999999996e-03	6.985560000000000250e-04
1.043970000000000000e+10	3.406878600000000108e-03	6.944266000000000371e-04
1.043977500000000000e+10	3.372267999999999880e-03	6.468580000000000467e-04
1.043985000000000000e+10	3.434173500000000170e-03	6.627881000000000180e-04
1.043992500000000000e+10	3.367323099999999791e-03	6.163266000000000360e-04
1.044000000000000000e+10	3.395969799999999823e-03	6.060551000000000176e-04
1.044007500000000000e+10	3.338351499999999989e-03	6.467171999999999548e-04
1.044015000000000000e+10	3.413896300000000134e-03	6.175907000000000228e-04
1.044022500000000000e+10	3.370848200000000142e-03	6.444232999999999732e-04
1.044030000000000000e+10	3.381593200000000080e-03	6.415910999999999836e-04
1.044037500000000000e+10	3.373940499999999922e-03	5.176555999999999909e-04
1.044045000000000000e+10	3.384725900000000193e-03	5.890612999999999839e-04
1.044052500000000000e+10	3.426995799999999794e-03	6.576185999999999924e-04
1.044060000000000000e+10	3.411297099999999801e-03	5.966993000000000080e-04
1.044067500000000000e+10	3.420140400000000035e-03	5.423563000000000169e-04
1.044075000000000000e+10	3.362969400000000077e-03	6.399488999999999742e-04
1.044082500000000000e+10	3.376499399999999956e-03	5.451784000000000317e-04
1.044090000000000000e+10	3.361275400000000076e-03	5.591611000000000021e-04
1.044097500000000000e+10	3.380073099999999966e-03	5.281739000000000355e-04
1.044105000000000000e+10	3.366047000000000049e-03	5.329749999999999852e-04
1.044112500000000000e+10	3.427476100000000081e-03	5.583260000000000479e-04
1.044120000000000000e+10	3.380547499999999976e-03	5.805750999999999837e-04
1.044127500000000000e+10	3.315369500000000039e-03	5.150741999999999821e-04
1.044135000000000000e+10	3.379602099999999814e-03	6.196765999999999820e-04
1.044142500000000000e+10	3.361243299999999972e-03	5.263426000000000519e-04
1.044150000000000000e+10	3.401289400000000185e-03	5.373506000000000116e-04
1.044157500000000000e+10	3.418181399999999873e-03	5.896474000000000290e-04
1.044165000000000000e+10	3.336589100000000082e-03	5.369142999999999832e-04
1.044172500000000000e+10	3.297152199999999877e-03	5.679133999999999962e-04
1.044180000000000000e+10	3.246021799999999815e-03	5.278241000000000139e-04
1.044187500000000000e+10	3.368817499999999816e-03	5.002315000000000234e-04
1.044195000000000000e+10	3.240527999999999898e-03	5.056506999999999799e-04
1.044202500000000000e+10	3.297653700000000021e-03	5.798056999999999907e-04
1.044210000000000000e+10	3.299018400000000052e-03	4.525986999999999870e-04
1.044217500000000000e+10	3.287681800000000036e-03	5.347072000000000023e-04
1.044225000000000000e+10	3.306302699999999917e-03	5.109246000000000447e-04
1.044232500000000000e+10	3.252559999999999826e-03	4.904727999999999909e-04
1.044240000000000000e+10	3.325162100000000030e-03	4.676637999999999997e-04
1.044247500000000000e+10	3.234895499999999955e-03	4.097152000000000172e-04
1.044255000000000000e+10	3.274738000000000128e-03	5.049390999999999645e-04
1.044262500000000000e+10	3.311276000000000150e-03	4.742441000000000018e-04
1.044270000000000000e+10	3.295462800000000143e-03	4.904618999999999602e-04
1.044277500000000000e+10	3.219046399999999850e-03	4.594005000000000072e-04
1.044285000000000000e+10	3.280987200000000034e-03	4.462151000000000030e-04
1.044292500000000000e+10	3.322244499999999975e-03	4.763365999999999889e-04
1.044300000000000000e+10	3.278266499999999903e-03	4.281263000000000212e-04
1.044307500000000000e+10	3.193893000000000166e-03	4.648491999999999945e-04
1.044315000000000000e+10	3.290867199999999906e-03	4.925001000000000248e-04
1.044322500000000000e+10	3.172173400000000056e-03	4.245415000000000213e-04
1.044330000000000000e+10	3.242249799999999838e-03	4.069561999999999984e-04
1.044337500000000000e+10	3.287397300000000164e-03	4.572587999999999935e-04
1.044345000000000000e+10	3.272938600000000180e-03	4.134429000000000120e-04
1.044352500000000000e+10	3.205422400000000008e-03	3.680914999999999773e-04
1.044360000000000000e+10	3.265597500000000028e-03	3.682566999999999872e-04
1.044367500000000000e+10	3.258987100000000116e-03	4.539591000000000156e-04
1.044375000000000000e+10	3.329525399999999982e-03	3.788082000000000233e-04
1.044382500000000000e+10	3.159449899999999811e-03	4.175854000000000219e-04
1.044390000000000000e+10	3.189739100000000063e-03	3.902948000000000159e-04
1.044397500000000000e+10	3.200824699999999922e-03	3.506671999999999957e-04
1.044405000000000000e+10	3.209863299999999968e-03	4.302396999999999797e-04
1.044412500000000000e+10	3.220799500000000055e-03	3.441785000000000048e-04
1.044420000000000000e+10	3.205396799999999952e-03	3.164233000000000236e-04
1.044427500000000000e+10	3.195867299999999907e-03	3.188762999999999949e-04
1.044435000000000000e+10	3.264124900000000065e-03	3.601515000000000228e-04
1.044442500000000000e+10	3.162823899999999810e-03	3.765018000000000076e-04
1.044450000000000000e+10	3.126076399999999905e-03	3.050144000000000184e-04
1.044457500000000000e+10	3.072710599999999969e-03	3.327701999999999874e-04
1.044465000000000000e+10	3.127335000000000184e-03	3.490127000000000203e-04
1.044472500000000000e+10	3.213674900000000004e-03	2.734244000000000041e-04
1.044480000000000000e+10	3.209060899999999997e-03	3.354615000000000136e-04
1.044487500000000000e+10	3.156405799999999987e-03	3.593798000000000045e-04
1.044495000000000000e+10	3.239304100000000176e-03	2.778208000000000218e-04
1.044502500000000000e+10	3.216481700000000006e-03	2.473603999999999907e-04
1.044510000000000000e+10	3.171684699999999940e-03	3.541387999999999914e-04
1.044517500000000000e+10	3.145702800000000059e-03	3.087106000000000051e-04
1.044525000000000000e+10	3.148885200000000207e-03	3.332154000000000149e-04
1.044532500000000000e+10	3.181763700000000018e-03	3.244394999999999961e-04
1.044540000000000000e+10	3.179054000000000168e-03	2.746609999999999915e-04
1.044547500000000000e+10	3.220252500000000007e-03	2.143436999999999990e-04
1.044555000000000000e+10	3.150289499999999864e-03	2.767603000000000207e-04
1.044562500000000000e+10	3.263274899999999909e-03	2.365399000000000017e-04
1.044570000000000000e+10	3.186766499999999901e-03	2.250719000000000092e-04
1.044577500000000000e+10	3.211084600000000105e-03	2.132914000000000023e-04
1.044585000000000000e+10	3.065961900000000167e-03	2.294134999999999881e-04
1.044592500000000000e+10	3.141505800000000004e-03	2.590231000000000239e-04
1.044600000000000000e+10	3.114796600000000176e-03	2.633320000000000192e-04
1.044607500000000000e+10	3.148612700000000091e-03	2.571386999999999848e-04
1.044615000000000000e+10	3.102902399999999967e-03	2.335949000000000087e-04
1.044622500000000000e+10	3.117886800000000107e-03	2.533713000000000046e-04
1.044630000000000000e+10	3.124064100000000215e-03	2.933351000000000166e-04
1.044637500000000000e+10	3.152814500000000048e-03	1.940734999999999910e-04
1.044645000000000000e+10	3.075722600000000122e-03	2.134573999999999868e-04
1.044652500000000000e+10	3.083103600000000003e-03	2.637936999999999812e-04
1.044660000000000000e+10	3.079925800000000123e-03	1.998174000000000022e-04
1.044667500000000000e+10	3.070368400000000105e-03	2.635949000000000061e-04
1.044675000000000000e+10	3.152500600000000125e-03	1.651380000000000035e-04
1.044682500000000000e+10	3.054670000000000215e-03	1.898737999999999912e-04
1.044690000000000000e+10	3.067273000000000135e-03	2.349193999999999924e-04
1.044697500000000000e+10	3.116958600000000173e-03	1.285009999999999950e-04
1.044705000000000000e+10	3.076733199999999967e-03	8.646929999999999558e-05
1.044712500000000000e+10	3.157143600000000046e-03	1.747986000000000038e-04
1.044720000000000000e+10	3.073184799999999911e-03	1.252535999999999895e-04
1.044727500000000000e+10	3.059408999999999913e-03	1.689802999999999921e-04
1.044735000000000000e+10	3.093407500000000011e-03	1.771750999999999903e-04
1.044742500000000000e+10	3.099056000000000206e-03	1.548191000000000031e-04
1.044750000000000000e+10	3.022449400000000105e-03	1.739548000000000103e-04
1.044757500000000000e+10	3.106632299999999899e-03	5.366140000000000092e-05
1.044765000000000000e+10	3.092459899999999966e-03	1.236803000000000023e-04
1.044772500000000000e+10	3.038032600000000177e-03	1.749129000000000037e-04
1.044780000000000000e+10	3.052608100000000092e-03	1.641942000000000076e-04
1.044787500000000000e+10	3.078326599999999923e-03	1.616932000000000124e-04
1.044795000000000000e+10	3.094550699999999970e-03	1.009901000000000006e-04
1.044802500000000000e+10	3.077013700000000209e-03	1.092375000000000057e-04
1.044810000000000000e+10	2.983517199999999835e-03	1.677462999999999968e-04
1.044817500000000000e+10	3.001181999999999808e-03	5.724799999999999805e-05
1.044825000000000000e+10	3.005883899999999866e-03	1.449659000000000006e-04
1.044832500000000000e+10	3.043952600000000147e-03	1.573888999999999865e-04
1.044840000000000000e+10	3.024442899999999889e-03	1.561204999999999971e-04
1.044847500000000000e+10	3.027858400000000162e-03	4.085369999999999816e-05
1.044855000000000000e+10	3.024078400000000059e-03	1.456937000000000108e-04
1.044862500000000000e+10	3.086751500000000162e-03	8.416500000000000478e-05
1.044870000000000000e+10	2.981843300000000183e-03	8.093909999999999896e-05
1.044877500000000000e+10	2.940945199999999999e-03	9.236680000000000476e-05
1.044885000000000000e+10	2.994098000000000159e-03	4.356459999999999960e-05
1.044892500000000000e+10	3.021639100000000043e-03	1.050606999999999952e-04
1.044900000000000000e+10	2.984255999999999801e-03	6.836479999999999977e-05
1.044907500000000000e+10	2.948743900000000071e-03	4.208929999999999697e-05
1.044915000000000000e+10	3.000919700000000134e-03	5.204139999999999949e-05
1.044922500000000000e+10	2.923384099999999826e-03	6.646800000000000126e-05
1.044930000000000000e+10	2.913039300000000182e-03	5.279139999999999739e-05
1.044937500000000000e+10	2.985971000000000024e-03	1.639140000000000031e-04
1.044945000000000000e+10	2.953963200000000056e-03	9.419170000000000147e-05
1.044952500000000000e+10	2.936910500000000212e-03	1.253515000000000076e-04
1.044960000000000000e+10	2.986902400000000183e-03	3.868350000000000326e-05
1.044967500000000000e+10	2.922479700000000201e-03	6.300140000000000297e-05
1.044975000000000000e+10	2.854341700000000061e-03	7.065090000000000486e-05
1.044982500000000000e+10	2.912557100000000114e-03	-2.492899999999999883e-06
1.044990000000000000e+10	2.954870899999999939e-03	2.808169999999999915e-05
1.044997500000000000e+10	2.954425100000000141e-03	7.552849999999999354e-05
1.045005000000000000e+10	2.948210199999999788e-03	-5.000950000000000290e-05
1.045012500000000000e+10	2.952476999999999793e-03	6.919199999999999754e-06
1.045020000000000000e+10	2.964661899999999819e-03	6.257549999999999744e-05
1.045027500000000000e+10	2.879429699999999995e-03	-2.773350000000000137e-05
1.045035000000000000e+10	2.940710999999999933e-03	-1.399369999999999953e-05
1.045042500000000000e+10	2.942210599999999995e-03	3.670460000000000091e-05
1.045050000000000000e+10	2.919944299999999941e-03	-8.906799999999999155e-06
1.045057500000000000e+10	2.948951200000000071e-03	8.204000000000000141e-07
1.045065000000000000e+10	2.898207099999999901e-03	-2.572709999999999971e-05
1.045072500000000000e+10	2.917655700000000140e-03	-8.252279999999999533e-05
1.045080000000000000e+10	2.885332999999999908e-03	-1.745350000000000154e-05
1.045087500000000000e+10	2.839099900000000183e-03	-4.943150000000000267e-05
1.045095000000000000e+10	2.924368799999999945e-03	-4.276210000000000178e-05
1.045102500000000000e+10	2.934256399999999806e-03	-2.061089999999999946e-05
1.045110000000000000e+10	2.870784300000000025e-03	-3.261719999999999664e-05
1.045117500000000000e+10	2.862602699999999920e-03	-3.043450000000000143e-05
1.045125000000000000e+10	2.884397700000000155e-03	-4.808199999999999806e-05
1.045132500000000000e+10	2.861511499999999913e-03	-2.612960000000000136e-05
1.045140000000000000e+10	2.948809499999999889e-03	-1.372300000000000058e-05
1.045147500000000000e+10	2.889363900000000134e-03	-1.752329999999999874e-05
1.045155000000000000e+10	2.898644499999999870e-03	-2.450169999999999955e-05
1.045162500000000000e+10	2.869962000000000207e-03	-1.000343000000000055e-04
1.045170000000000000e+10	2.811937100000000064e-03	-3.936789999999999962e-05
1.045177500000000000e+10	2.797922100000000030e-03	-9.315319999999999438e-05
1.045185000000000000e+10	2.889871500000000190e-03	-1.537956999999999953e-04
1.045192500000000000e+10	2.869948299999999872e-03	-8.368650000000000589e-05
1.045200000000000000e+10	2.832121400000000080e-03	-1.618187000000000098e-04
1.045207500000000000e+10	2.892515999999999924e-03	-1.531892999999999937e-04
1.045215000000000000e+10	2.793349300000000195e-03	-1.415214000000000034e-04
1.045222500000000000e+10	2.860317099999999842e-03	-1.452105000000000084e-04
1.045230000000000000e+10	2.864485600000000153e-03	-1.106757999999999950e-04
1.045237500000000000e+10	2.876407499999999832e-03	-1.229573000000000027e-04
1.045245000000000000e+10	2.840629400000000034e-03	-1.317851999999999999e-04
1.045252500000000000e+10	2.847667400000000043e-03	-1.413639999999999970e-04
1.045260000000000000e+10	2.854172099999999906e-03	-1.187208000000000035e-04
1.045267500000000000e+10	2.806234500000000069e-03	-1.799411000000000109e-04
1.045275000000000000e+10	2.806526499999999896e-03	-8.198510000000000216e-05
1.045282500000000000e+10	2.843187599999999829e-03	-1.533803999999999994e-04
1.045290000000000000e+10	2.872437800000000093e-03	-2.011035999999999900e-04
1.045297500000000000e+10	2.803467599999999796e-03	-1.086286000000000055e-04
1.045305000000000000e+10	2.847381400000000094e-03	-1.483115999999999981e-04
1.045312500000000000e+10	2.823650000000000031e-03	-1.461668999999999913e-04
1.045320000000000000e+10	2.766336700000000121e-03	-1.674315000000000113e-04
1.045327500000000000e+10	2.815786099999999844e-03	-1.688031999999999901e-04
1.045335000000000000e+10	2.776744800000000100e-03	-2.254714000000000110e-04
1.045342500000000000e+10	2.811949399999999922e-03	-1.668920000000000006e-04
1.045350000000000000e+10	2.801295100000000121e-03	-2.038832999999999932e-04
1.045357500000000000e+10	2.778846399999999883e-03	-1.456618000000000019e-04
1.045365000000000000e+10	2.796981400000000170e-03	-1.643185000000000023e-04
1.045372500000000000e+10	2.800517000000000197e-03	-1.739656000000000069e-04
1.045380000000000000e+10	2.766117399999999931e-03	-1.825347000000000059e-04
1.045387500000000000e+10	2.763509300000000033e-03	-1.853067000000000126e-04
1.045395000000000000e+10	2.827084399999999810e-03	-1.474047999999999884e-04
1.045402500000000000e+10	2.812414699999999865e-03	-2.000937000000000050e-04
1.045410000000000000e+10	2.807880600000000216e-03	-2.214135000000000105e-04
1.045417500000000000e+10	2.806780699999999844e-03	-1.836813999999999927e-04
1.045425000000000000e+10	2.797518599999999911e-03	-2.154144999999999888e-04
1.045432500000000000e+10	2.748660300000000094e-03	-2.280236999999999900e-04
1.045440000000000000e+10	2.705065100000000021e-03	-1.980721999999999973e-04
1.045447500000000000e+10	2.728071500000000052e-03	-2.400350999999999950e-04
1.045455000000000000e+10	2.746195700000000125e-03	-2.534824999999999774e-04
1.045462500000000000e+10	2.809557800000000126e-03	-1.929753999999999888e-04
1.045470000000000000e+10	2.686062899999999785e-03	-2.168462999999999977e-04
1.045477500000000000e+10	2.755393699999999883e-03	-2.216762999999999904e-04
1.045485000000000000e+10	2.717380699999999948e-03	-2.466117999999999891e-04
1.045492500000000000e+10	2.753084700000000065e-03	-2.388225000000000059e-04
1.045500000000000000e+10	2.716362899999999816e-03	-2.414046999999999894e-04
1.045507500000000000e+10	2.719813399999999881e-03	-2.623680000000000196e-04
1.045515000000000000e+10	2.744532599999999819e-03	-2.127244999999999993e-04
1.045522500000000000e+10	2.689960099999999955e-03	-1.887357999999999896e-04
1.045530000000000000e+10	2.762558000000000027e-03	-2.285920999999999895e-04
1.045537500000000000e+10	2.740698900000000052e-03	-2.124946999999999969e-04
1.045545000000000000e+10	2.737643300000000210e-03	-2.741593999999999759e-04
1.045552500000000000e+10	2.721401500000000199e-03	-2.849570999999999962e-04
1.045560000000000000e+10	2.694269799999999843e-03	-2.473442999999999757e-04
1.045567500000000000e+10	2.666366700000000114e-03	-2.330753000000000078e-04
1.045575000000000000e+10	2.708259399999999890e-03	-3.132769999999999891e-04
1.045582500000000000e+10	2.716559099999999935e-03	-2.755109000000000052e-04
1.045590000000000000e+10	2.722592600000000012e-03	-2.908257000000000030e-04
1.045597500000000000e+10	2.686003100000000209e-03	-2.974631000000000150e-04
1.045605000000000000e+10	2.719203300000000000e-03	-3.523860999999999769e-04
1.045612500000000000e+10	2.644320199999999985e-03	-3.167851999999999973e-04
1.045620000000000000e+10	2.700952700000000192e-03	-2.842534999999999984e-04
1.045627500000000000e+10	2.658771500000000048e-03	-2.535079000000000195e-04
1.045635000000000000e+10	2.681159499999999970e-03	-2.780635999999999850e-04
1.045642500000000000e+10	2.678012500000000184e-03	-2.979898000000000247e-04
1.045650000000000000e+10	2.630008200000000154e-03	-2.754689999999999743e-04
1.045657500000000000e+10	2.654278500000000103e-03	-2.867184999999999959e-04
1.045665000000000000e+10	2.667604000000000069e-03	-3.906154999999999805e-04
1.045672500000000000e+10	2.659377200000000163e-03	-2.986689999999999961e-04
1.045680000000000000e+10	2.651325500000000120e-03	-3.605489999999999932e-04
1.045687500000000000e+10	2.623731800000000079e-03	-3.610840000000000143e-04
1.045695000000000000e+10	2.676503199999999850e-03	-3.372742999999999770e-04
1.045702500000000000e+10	2.707991400000000007e-03	-3.592851000000000204e-04
1.045710000000000000e+10	2.678137499999999876e-03	-3.536263999999999792e-04
1.045717500000000000e+10	2.700884000000000184e-03	-3.922209999999999976e-04
1.045725000000000000e+10	2.701395799999999937e-03	-4.325280999999999831e-04
1.045732500000000000e+10	2.616504600000000170e-03	-3.793223999999999988e-04
1.045740000000000000e+10	2.707666499999999803e-03	-3.655654999999999951e-04
1.045747500000000000e+10	2.700548899999999971e-03	-3.586411000000000178e-04
1.045755000000000000e+10	2.663846899999999969e-03	-3.527215000000000211e-04
1.045762500000000000e+10	2.580087999999999913e-03	-3.862754000000000252e-04
1.045770000000000000e+10	2.619889800000000084e-03	-3.406571999999999747e-04
1.045777500000000000e+10	2.663285799999999884e-03	-3.460412999999999966e-04
1.045785000000000000e+10	2.631619799999999811e-03	-4.006961000000000073e-04
1.045792500000000000e+10	2.625810699999999928e-03	-4.175785000000000000e-04
1.045800000000000000e+10	2.639110100000000101e-03	-3.890125000000000028e-04
1.045807500000000000e+10	2.516140799999999882e-03	-3.106289999999999833e-04
1.045815000000000000e+10	2.581721300000000031e-03	-3.971364000000000014e-04
1.045822500000000000e+10	2.625258300000000208e-03	-4.104771999999999805e-04
1.045830000000000000e+10	2.595916000000000196e-03	-3.894618999999999989e-04
1.045837500000000000e+10	2.570315799999999939e-03	-3.590887999999999762e-04
1.045845000000000000e+10	2.554625300000000140e-03	-3.612865000000000043e-04
1.045852500000000000e+10	2.620297000000000164e-03	-4.225922000000000229e-04
1.045860000000000000e+10	2.506019600000000160e-03	-4.448469000000000251e-04
1.045867500000000000e+10	2.582357899999999842e-03	-4.044025000000000029e-04
1.045875000000000000e+10	2.625904000000000085e-03	-3.576928999999999851e-04
1.045882500000000000e+10	2.561264900000000035e-03	-3.720083000000000005e-04
1.045890000000000000e+10	2.544775899999999862e-03	-4.883269999999999885e-04
1.045897500000000000e+10	2.607379500000000117e-03	-4.283183999999999885e-04
1.045905000000000000e+10	2.589017199999999949e-03	-4.326485999999999830e-04
1.045912500000000000e+10	2.562381900000000167e-03	-4.184497000000000130e-04
1.045920000000000000e+10	2.544399299999999808e-03	-4.550380000000000028e-04
1.045927500000000000e+10	2.526769299999999992e-03	-4.326430000000000249e-04
1.045935000000000000e+10	2.487418899999999794e-03	-4.097231999999999806e-04
1.045942500000000000e+10	2.540870900000000068e-03	-3.759783999999999848e-04
1.045950000000000000e+10	2.560187700000000031e-03	-5.176796999999999692e-04
1.045957500000000000e+10	2.543294299999999866e-03	-4.198259000000000084e-04
1.045965000000000000e+10	2.499420699999999832e-03	-4.449890999999999981e-04
1.045972500000000000e+10	2.476283599999999901e-03	-3.991291000000000001e-04
1.045980000000000000e+10	2.542160400000000042e-03	-3.984700999999999781e-04
1.045987500000000000e+10	2.481729900000000100e-03	-4.405950999999999856e-04
1.045995000000000000e+10	2.495331899999999811e-03	-4.096236000000000061e-04
1.046002500000000000e+10	2.463508599999999875e-03	-4.340052000000000168e-04
1.046010000000000000e+10	2.548564200000000193e-03	-4.641342999999999923e-04
1.046017500000000000e+10	2.531126500000000033e-03	-4.860158000000000165e-04
1.046025000000000000e+10	2.481517099999999958e-03	-5.022005000000000175e-04
1.046032500000000000e+10	2.485718300000000144e-03	-5.127273999999999591e-04
1.046040000000000000e+10	2.530032299999999870e-03	-4.653812000000000226e-04
1.046047500000000000e+10	2.511853599999999860e-03	-5.617728999999999692e-04
1.046055000000000000e+10	2.506210200000000103e-03	-5.196258999999999947e-04
1.046062500000000000e+10	2.470260199999999799e-03	-4.877549999999999811e-04
1.046070000000000000e+10	2.418997799999999827e-03	-4.689038000000000082e-04
1.046077500000000000e+10	2.452175500000000185e-03	-4.563643999999999839e-04
1.046085000000000000e+10	2.540697100000000215e-03	-5.211906999999999564e-04
1.046092500000000000e+10	2.454580300000000145e-03	-4.941779000000000310e-04
1.046100000000000000e+10	2.468207400000000176e-03	-4.934403999999999657e-04
1.046107500000000000e+10	2.447486000000000019e-03	-4.935001999999999748e-04
1.046115000000000000e+10	2.499285799999999801e-03	-5.296421000000000158e-04
1.046122500000000000e+10	2.471825500000000148e-03	-5.468794999999999603e-04
1.046130000000000000e+10	2.461213800000000129e-03	-5.126488999999999699e-04
1.046137500000000000e+10	2.481469999999999943e-03	-5.753754999999999937e-04
1.046145000000000000e+10	2.502543500000000039e-03	-4.966907999999999913e-04
1.046152500000000000e+10	2.513974799999999822e-03	-5.194066999999999478e-04
1.046160000000000000e+10	2.465009299999999879e-03	-5.846358999999999974e-04
1.046167500000000000e+10	2.466996999999999853e-03	-5.148794000000000157e-04
1.046175000000000000e+10	2.453002100000000168e-03	-5.263022999999999703e-04
1.046182500000000000e+10	2.486464299999999964e-03	-5.884450999999999744e-04
1.046190000000000000e+10	2.453635599999999788e-03	-5.735156000000000151e-04
1.046197500000000000e+10	2.449505099999999859e-03	-4.904837999999999473e-04
1.046205000000000000e+10	2.429758499999999915e-03	-5.308602999999999629e-04
1.046212500000000000e+10	2.322251200000000071e-03	-5.744549000000000486e-04
1.046220000000000000e+10	2.486053099999999821e-03	-5.052347999999999692e-04
1.046227500000000000e+10	2.399431499999999783e-03	-5.817069999999999923e-04
1.046235000000000000e+10	2.434981200000000193e-03	-4.906386000000000427e-04
1.046242500000000000e+10	2.440243800000000199e-03	-5.517413000000000092e-04
1.046250000000000000e+10	2.441152800000000091e-03	-5.506585999999999729e-04
1.046257500000000000e+10	2.417790600000000161e-03	-5.372671000000000521e-04
1.046265000000000000e+10	2.379049600000000039e-03	-5.103366000000000022e-04
1.046272500000000000e+10	2.399063999999999797e-03	-5.520729000000000044e-04
1.046280000000000000e+10	2.372696499999999830e-03	-5.729555999999999798e-04
1.046287500000000000e+10	2.388808400000000214e-03	-5.124632999999999966e-04
1.046295000000000000e+10	2.373351799999999946e-03	-5.420804999999999678e-04
1.046302500000000000e+10	2.428062700000000167e-03	-6.728780000000000178e-04
1.046310000000000000e+10	2.406589099999999811e-03	-5.553361999999999838e-04
1.046317500000000000e+10	2.435513600000000032e-03	-5.448052999999999793e-04
1.046325000000000000e+10	2.451700299999999902e-03	-5.810227999999999964e-04
1.046332500000000000e+10	2.348222599999999841e-03	-5.751890999999999645e-04
1.046340000000000000e+10	2.376473799999999879e-03	-6.122922999999999517e-04
1.046347500000000000e+10	2.370446799999999851e-03	-5.874985000000000537e-04
1.046355000000000000e+10	2.399473599999999828e-03	-5.571204999999999864e-04
1.046362500000000000e+10	2.402242800000000018e-03	-5.667590000000000128e-04
1.046370000000000000e+10	2.310170600000000050e-03	-5.841231000000000114e-04
1.046377500000000000e+10	2.361009500000000021e-03	-5.683466000000000516e-04
1.046385000000000000e+10	2.368827799999999838e-03	-5.332718999999999654e-04
1.046392500000000000e+10	2.285903299999999822e-03	-6.318689999999999637e-04
1.046400000000000000e+10	2.371877499999999837e-03	-5.842907000000000265e-04
1.046407500000000000e+10	2.425047499999999790e-03	-6.119135000000000156e-04
1.046415000000000000e+10	2.346886399999999987e-03	-6.128270999999999588e-04
1.046422500000000000e+10	2.424310800000000106e-03	-6.537758999999999758e-04
1.046430000000000000e+10	2.364597700000000205e-03	-6.602643999999999527e-04
1.046437500000000000e+10	2.352147900000000052e-03	-6.112392999999999603e-04
1.046445000000000000e+10	2.369566200000000102e-03	-6.213441999999999793e-04
1.046452500000000000e+10	2.347536999999999801e-03	-6.048874999999999781e-04
1.046460000000000000e+10	2.329328900000000174e-03	-5.962445999999999935e-04
1.046467500000000000e+10	2.370686600000000092e-03	-5.918126999999999589e-04
1.046475000000000000e+10	2.353880999999999942e-03	-6.769575000000000115e-04
1.046482500000000000e+10	2.336407100000000014e-03	-5.747985000000000160e-04
1.046490000000000000e+10	2.268308100000000164e-03	-6.187417999999999651e-04
1.046497500000000000e+10	2.324450999999999948e-03	-5.517588000000000137e-04
1.046505000000000000e+10	2.368570400000000100e-03	-6.218085000000000149e-04
1.046512500000000000e+10	2.270110000000000097e-03	-6.256566000000000297e-04
1.046520000000000000e+10	2.274968000000000042e-03	-6.673160999999999720e-04
1.046527500000000000e+10	2.253736200000000175e-03	-7.459740000000000511e-04
1.046535000000000000e+10	2.323017900000000011e-03	-6.823772999999999558e-04
1.046542500000000000e+10	2.250538099999999878e-03	-6.138138000000000014e-04
1.046550000000000000e+10	2.302368099999999983e-03	-6.019549000000000124e-04
1.046557500000000000e+10	2.290567600000000068e-03	-6.817029000000000491e-04
1.046565000000000000e+10	2.253452200000000041e-03	-5.861376000000000173e-04
1.046572500000000000e+10	2.288582600000000147e-03	-6.135478000000000416e-04
1.046580000000000000e+10	2.265547799999999973e-03	-6.703631000000000260e-04
1.046587500000000000e+10	2.275070900000000004e-03	-5.876736999999999499e-04
1.046595000000000000e+10	2.203583299999999946e-03	-6.546551000000000063e-04
1.046602500000000000e+10	2.300279200000000194e-03	-6.918455999999999478e-04
1.046610000000000000e+10	2.304555499999999969e-03	-5.526901000000000296e-04
1.046617500000000000e+10	2.257809400000000081e-03	-6.408397999999999829e-04
1.046625000000000000e+10	2.274118800000000159e-03	-6.319290000000000410e-04
1.046632500000000000e+10	2.274869100000000144e-03	-6.374561999999999633e-04
1.046640000000000000e+10	2.251498399999999917e-03	-6.471460000000000276e-04
1.046647500000000000e+10	2.246775999999999808e-03	-7.201449000000000175e-04
1.046655000000000000e+10	2.236709400000000056e-03	-6.467047000000000290e-04
1.046662500000000000e+10	2.277029900000000166e-03	-7.241783000000000118e-04
1.046670000000000000e+10	2.254130300000000125e-03	-6.431543000000000503e-04
1.046677500000000000e+10	2.201491600000000069e-03	-7.001995000000000441e-04
1.046685000000000000e+10	2.257733300000000151e-03	-5.946764999999999907e-04
1.046692500000000000e+10	2.275763499999999828e-03	-6.428217000000000392e-04
1.046700000000000000e+10	2.225039299999999939e-03	-6.943968999999999923e-04
1.046707500000000000e+10	2.164712999999999967e-03	-6.706756000000000132e-04
1.046715000000000000e+10	2.271344700000000032e-03	-7.147072000000000407e-04
1.046722500000000000e+10	2.216202100000000050e-03	-6.881943999999999648e-04
1.046730000000000000e+10	2.212568499999999997e-03	-6.627538000000000309e-04
1.046737500000000000e+10	2.265333599999999788e-03	-6.884570999999999920e-04
1.046745000000000000e+10	2.267860899999999888e-03	-7.026226999999999907e-04
1.046752500000000000e+10	2.210601600000000177e-03	-7.364481999999999669e-04
1.046760000000000000e+10	2.228860000000000043e-03	-6.918497000000000448e-04
1.046767500000000000e+10	2.189867600000000060e-03	-6.803786000000000252e-04
1.046775000000000000e+10	2.212104900000000200e-03	-7.009072000000000306e-04
1.046782500000000000e+10	2.190161999999999838e-03	-6.502886000000000473e-04
1.046790000000000000e+10	2.252428700000000134e-03	-7.180545000000000417e-04
1.046797500000000000e+10	2.218967499999999812e-03	-7.521319000000000485e-04
1.046805000000000000e+10	2.217240899999999969e-03	-7.537110000000000077e-04
1.046812500000000000e+10	2.206605999999999845e-03	-7.131283000000000413e-04
1.046820000000000000e+10	2.203364499999999927e-03	-7.034876000000000237e-04
1.046827500000000000e+10	2.258238499999999822e-03	-7.261811000000000394e-04
1.046835000000000000e+10	2.189321399999999852e-03	-7.249294000000000527e-04
1.046842500000000000e+10	2.211493699999999944e-03	-6.931268000000000195e-04
1.046850000000000000e+10	2.168729999999999790e-03	-6.620522999999999903e-04
1.046857500000000000e+10	2.196195100000000212e-03	-7.195994999999999735e-04
1.046865000000000000e+10	2.193860199999999802e-03	-7.123561999999999950e-04
1.046872500000000000e+10	2.170466800000000075e-03	-6.756747999999999704e-04
1.046880000000000000e+10	2.146578000000000114e-03	-7.634278999999999892e-04
1.046887500000000000e+10	2.220765500000000149e-03	-7.590477000000000205e-04
1.046895000000000000e+10	2.152914100000000164e-03	-7.414430999999999756e-04
1.046902500000000000e+10	2.144965200000000047e-03	-7.189002000000000326e-04
1.046910000000000000e+10	2.164892800000000131e-03	-8.155805999999999820e-04
1.046917500000000000e+10	2.162099399999999928e-03	-7.990572000000000039e-04
1.046925000000000000e+10	2.173799699999999935e-03	-7.286149999999999485e-04
1.046932500000000000e+10	2.146303000000000013e-03	-7.516899000000000280e-04
1.046940000000000000e+10	2.179584999999999943e-03	-7.422149999999999538e-04
1.046947500000000000e+10	2.127446900000000158e-03	-7.391990999999999883e-04
1.046955000000000000e+10	2.153173400000000116e-03	-8.031521999999999707e-04
1.046962500000000000e+10	2.145196299999999924e-03	-7.486202999999999651e-04
1.046970000000000000e+10	2.170922300000000145e-03	-7.514773999999999890e-04
1.046977500000000000e+10	2.163257599999999798e-03	-7.388753999999999765e-04
1.046985000000000000e+10	2.131752800000000052e-03	-7.225263999999999472e-04
1.046992500000000000e+10	2.164263699999999842e-03	-7.109555000000000475e-04
1.047000000000000000e+10	2.135628100000000126e-03	-7.494900000000000086e-04
1.047007500000000000e+10	2.164088700000000014e-03	-8.102903999999999966e-04
1.047015000000000000e+10	2.122758099999999797e-03	-7.090876000000000514e-04
1.047022500000000000e+10	2.115193500000000192e-03	-7.422381999999999504e-04
1.047030000000000000e+10	2.101927700000000201e-03	-8.262936999999999929e-04
1.047037500000000000e+10	2.094194199999999811e-03	-8.016195000000000048e-04
1.047045000000000000e+10	2.072982000000000123e-03	-7.717795999999999858e-04
1.047052500000000000e+10	2.108638999999999826e-03	-7.227238000000000412e-04
1.047060000000000000e+10	2.099534599999999893e-03	-7.955644999999999687e-04
1.047067500000000000e+10	2.171748299999999923e-03	-8.216877000000000035e-04
1.047075000000000000e+10	2.080983399999999928e-03	-7.425415000000000531e-04
1.047082500000000000e+10	2.052326000000000150e-03	-7.158398999999999969e-04
1.047090000000000000e+10	2.058303300000000145e-03	-7.864175000000000375e-04
1.047097500000000000e+10	2.088586700000000154e-03	-8.019050000000000006e-04
1.047105000000000000e+10	2.053746300000000059e-03	-8.308340999999999470e-04
1.047112500000000000e+10	2.134603300000000210e-03	-7.661454000000000051e-04
1.047120000000000000e+10	2.039978999999999924e-03	-8.281847999999999857e-04
1.047127500000000000e+10	2.044793100000000079e-03	-7.906171000000000032e-04
1.047135000000000000e+10	2.073947300000000132e-03	-7.796202999999999597e-04
1.047142500000000000e+10	2.021380900000000012e-03	-8.097986000000000160e-04
1.047150000000000000e+10	2.048951499999999981e-03	-8.156281000000000251e-04
1.047157500000000000e+10	2.036612900000000018e-03	-8.537007000000000102e-04
1.047165000000000000e+10	2.083795800000000104e-03	-7.921906000000000043e-04
1.047172500000000000e+10	2.077115400000000174e-03	-8.138670000000000192e-04
1.047180000000000000e+10	2.042317699999999896e-03	-7.826038999999999695e-04
1.047187500000000000e+10	2.092246299999999965e-03	-7.780963000000000332e-04
1.047195000000000000e+10	2.051517799999999937e-03	-8.289032000000000431e-04
1.047202500000000000e+10	2.024767399999999936e-03	-7.894088999999999967e-04
1.047210000000000000e+10	2.037848000000000090e-03	-8.170958999999999774e-04
1.047217500000000000e+10	2.026986000000000152e-03	-7.898157999999999741e-04
1.047225000000000000e+10	2.068873199999999787e-03	-7.825434999999999726e-04
1.047232500000000000e+10	2.080674099999999839e-03	-8.218083000000000376e-04
1.047240000000000000e+10	2.064820099999999797e-03	-8.394275999999999995e-04
1.047247500000000000e+10	1.992809400000000036e-03	-8.096340000000000481e-04
1.047255000000000000e+10	1.966575099999999954e-03	-8.135761000000000251e-04
1.047262500000000000e+10	2.042853099999999891e-03	-8.451064000000000102e-04
1.047270000000000000e+10	2.041617099999999945e-03	-7.996954000000000345e-04
1.047277500000000000e+10	2.064646399999999979e-03	-8.840798000000000189e-04
1.047285000000000000e+10	2.033156300000000041e-03	-8.482879999999999934e-04
1.047292500000000000e+10	1.997535999999999843e-03	-8.569832999999999574e-04
1.047300000000000000e+10	2.014976700000000159e-03	-8.768483000000000527e-04
1.047307500000000000e+10	2.015307300000000138e-03	-8.467162999999999556e-04
1.047315000000000000e+10	2.029645999999999968e-03	-7.776086999999999669e-04
1.047322500000000000e+10	2.014724600000000060e-03	-8.485247000000000449e-04
1.047330000000000000e+10	2.009491799999999807e-03	-8.295255999999999984e-04
1.047337500000000000e+10	2.039754200000000028e-03	-8.225787999999999720e-04
1.047345000000000000e+10	1.981543799999999945e-03	-8.469582000000000456e-04
1.047352500000000000e+10	2.018567399999999894e-03	-8.685761999999999866e-04
1.047360000000000000e+10	2.037645600000000026e-03	-8.509652000000000362e-04
1.047367500000000000e+10	1.938548100000000041e-03	-8.786628999999999794e-04
1.047375000000000000e+10	2.015066700000000058e-03	-8.400709999999999601e-04
1.047382500000000000e+10	1.949910999999999919e-03	-7.778163999999999955e-04
1.047390000000000000e+10	1.983175900000000089e-03	-8.719695999999999871e-04
1.047397500000000000e+10	1.969274699999999829e-03	-8.345332000000000010e-04
1.047405000000000000e+10	1.978372600000000148e-03	-8.711408000000000129e-04
1.047412500000000000e+10	1.959471500000000126e-03	-8.304653999999999855e-04
1.047420000000000000e+10	1.991561199999999834e-03	-8.408571000000000101e-04
1.047427500000000000e+10	1.921755800000000090e-03	-8.385502000000000407e-04
1.047435000000000000e+10	1.979989200000000209e-03	-8.881555000000000179e-04
1.047442500000000000e+10	1.959035400000000166e-03	-9.328941000000000100e-04
1.047450000000000000e+10	2.040807200000000019e-03	-8.526844999999999911e-04
1.047457500000000000e+10	1.934577199999999893e-03	-8.542896999999999600e-04
1.047465000000000000e+10	1.907543399999999962e-03	-8.914335999999999484e-04
1.047472500000000000e+10	1.955356300000000210e-03	-9.110328999999999693e-04
1.047480000000000000e+10	1.946922800000000075e-03	-8.417159000000000229e-04
1.047487500000000000e+10	1.979123199999999801e-03	-8.636527999999999653e-04
1.047495000000000000e+10	1.936665400000000094e-03	-8.940220999999999932e-04
1.047502500000000000e+10	1.971027900000000069e-03	-8.245686000000000118e-04
1.047510000000000000e+10	1.991940800000000043e-03	-9.250048000000000515e-04
1.047517500000000000e+10	1.973504100000000091e-03	-8.857185999999999532e-04
1.047525000000000000e+10	1.887216699999999959e-03	-8.471018000000000081e-04
1.047532500000000000e+10	1.928338900000000017e-03	-8.471789999999999876e-04
1.047540000000000000e+10	1.882751200000000067e-03	-8.560581999999999957e-04
1.047547500000000000e+10	1.959111800000000198e-03	-8.750612999999999968e-04
1.047555000000000000e+10	1.875867100000000063e-03	-8.517158000000000151e-04
1.047562500000000000e+10	1.914937499999999973e-03	-8.912415000000000354e-04
1.047570000000000000e+10	1.974372600000000050e-03	-8.378644999999999669e-04
1.047577500000000000e+10	1.934171799999999993e-03	-9.701456000000000445e-04
1.047585000000000000e+10	1.923911400000000074e-03	-8.977259999999999494e-04
1.047592500000000000e+10	1.944614299999999994e-03	-8.824176000000000198e-04
1.047600000000000000e+10	1.957531099999999802e-03	-9.194768999999999989e-04
1.047607500000000000e+10	1.956960499999999947e-03	-8.836081999999999877e-04
1.047615000000000000e+10	1.945847899999999988e-03	-9.142860000000000483e-04
1.047622500000000000e+10	1.918177500000000030e-03	-9.029484000000000165e-04
1.047630000000000000e+10	1.925505099999999916e-03	-8.594425999999999628e-04
1.047637500000000000e+10	1.906138199999999998e-03	-8.723513000000000447e-04
1.047645000000000000e+10	1.910543100000000041e-03	-8.906625000000000262e-04
1.047652500000000000e+10	1.891420200000000062e-03	-8.723021999999999981e-04
1.047660000000000000e+10	1.880321500000000073e-03	-8.859987999999999848e-04
1.047667500000000000e+10	1.854590599999999916e-03	-9.662830999999999981e-04
1.047675000000000000e+10	1.838855300000000019e-03	-8.937186000000000392e-04
1.047682500000000000e+10	1.904260299999999953e-03	-9.250551999999999993e-04
1.047690000000000000e+10	1.886578700000000105e-03	-8.352232999999999489e-04
1.047697500000000000e+10	1.868909399999999898e-03	-9.100208999999999729e-04
1.047705000000000000e+10	1.910328599999999970e-03	-8.996561000000000141e-04
1.047712500000000000e+10	1.861706999999999989e-03	-8.897323999999999858e-04
1.047720000000000000e+10	1.884129999999999919e-03	-9.297825999999999704e-04
1.047727500000000000e+10	1.891451300000000042e-03	-9.025822000000000402e-04
1.047735000000000000e+10	1.799015599999999934e-03	-8.928893000000000029e-04
1.047742500000000000e+10	1.866612300000000018e-03	-9.164714000000000020e-04
1.047750000000000000e+10	1.896180500000000085e-03	-9.083752999999999966e-04
1.047757500000000000e+10	1.883955899999999965e-03	-9.408997000000000541e-04
1.047765000000000000e+10	1.898640100000000084e-03	-9.144514999999999979e-04
1.047772500000000000e+10	1.882413799999999937e-03	-9.405214999999999973e-04
1.047780000000000000e+10	1.857951800000000103e-03	-9.564889000000000030e-04
1.047787500000000000e+10	1.858406400000000083e-03	-9.056932000000000177e-04
1.047795000000000000e+10	1.877174799999999956e-03	-9.056844999999999783e-04
1.047802500000000000e+10	1.791553900000000072e-03	-9.051499000000000393e-04
1.047810000000000000e+10	1.807181300000000037e-03	-8.986368999999999477e-04
1.047817500000000000e+10	1.806867300000000081e-03	-9.675439999999999778e-04
1.047825000000000000e+10	1.865628899999999908e-03	-9.354101999999999773e-04
1.047832500000000000e+10	1.754186999999999934e-03	-8.989646000000000225e-04
1.047840000000000000e+10	1.796211999999999939e-03	-9.120785999999999651e-04
1.047847500000000000e+10	1.800412900000000023e-03	-8.776186999999999530e-04
1.047855000000000000e+10	1.823948500000000103e-03	-9.534158000000000476e-04
1.047862500000000000e+10	1.857202000000000072e-03	-9.475818999999999475e-04
1.047870000000000000e+10	1.817514799999999948e-03	-9.516493999999999691e-04
1.047877500000000000e+10	1.764322499999999979e-03	-9.416423000000000154e-04
1.047885000000000000e+10	1.821706399999999896e-03	-8.955258999999999702e-04
1.047892500000000000e+10	1.756187200000000051e-03	-9.351798000000000142e-04
1.047900000000000000e+10	1.849938699999999995e-03	-9.685987000000000069e-04
1.047907500000000000e+10	1.820072299999999938e-03	-9.524327000000000400e-04
1.047915000000000000e+10	1.872996200000000104e-03	-9.497425000000000095e-04
1.047922500000000000e+10	1.806949599999999956e-03	-8.975710000000000025e-04
1.047930000000000000e+10	1.811748300000000063e-03	-1.000799199999999984e-03
1.047937500000000000e+10	1.772814599999999931e-03	-9.084683999999999772e-04
1.047945000000000000e+10	1.796487600000000028e-03	-9.628209999999999893e-04
1.047952500000000000e+10	1.800906599999999892e-03	-9.123786999999999522e-04
1.047960000000000000e+10	1.777961900000000085e-03	-9.471917999999999527e-04
1.047967500000000000e+10	1.774704200000000063e-03	-9.475055000000000239e-04
1.047975000000000000e+10	1.738767800000000060e-03	-9.447068999999999996e-04
1.047982500000000000e+10	1.720349599999999911e-03	-9.329216999999999892e-04
1.047990000000000000e+10	1.778912400000000034e-03	-9.263229999999999468e-04
1.047997500000000000e+10	1.795360100000000002e-03	-9.628097000000000391e-04
1.048005000000000000e+10	1.787283200000000039e-03	-9.394162999999999862e-04
1.048012500000000000e+10	1.781481099999999941e-03	-9.494930000000000384e-04
1.048020000000000000e+10	1.772945300000000049e-03	-9.198033999999999898e-04
1.048027500000000000e+10	1.771878900000000041e-03	-9.954624000000000458e-04
1.048035000000000000e+10	1.767915699999999916e-03	-9.757122999999999925e-04
1.048042500000000000e+10	1.719369400000000025e-03	-9.777811000000000835e-04
1.048050000000000000e+10	1.728050600000000060e-03	-9.553225999999999732e-04
1.048057500000000000e+10	1.780785700000000029e-03	-9.801904000000000606e-04
1.048065000000000000e+10	1.727341999999999983e-03	-9.742343999999999570e-04
1.048072500000000000e+10	1.799168500000000032e-03	-9.707388000000000171e-04
1.048080000000000000e+10	1.690001000000000003e-03	-1.000299199999999918e-03
1.048087500000000000e+10	1.720705000000000108e-03	-9.624425000000000471e-04
1.048095000000000000e+10	1.729667600000000041e-03	-9.860163000000000347e-04
1.048102500000000000e+10	1.731003299999999941e-03	-9.892820999999999993e-04
1.048110000000000000e+10	1.715375699999999908e-03	-1.016470499999999957e-03
1.048117500000000000e+10	1.751353300000000083e-03	-9.494320000000000537e-04
1.048125000000000000e+10	1.707505300000000106e-03	-9.240239999999999608e-04
1.048132500000000000e+10	1.736604500000000053e-03	-1.017815100000000073e-03
1.048140000000000000e+10	1.731285599999999930e-03	-9.866774999999999938e-04
1.048147500000000000e+10	1.781518200000000015e-03	-1.056602200000000087e-03
1.048155000000000000e+10	1.754479800000000034e-03	-1.037352999999999973e-03
1.048162500000000000e+10	1.736014799999999973e-03	-9.601025999999999918e-04
1.048170000000000000e+10	1.762237800000000104e-03	-1.040864399999999988e-03
1.048177500000000000e+10	1.740899699999999984e-03	-1.020141499999999970e-03
1.048185000000000000e+10	1.710600999999999962e-03	-9.848233000000000074e-04
1.048192500000000000e+10	1.723259100000000023e-03	-1.013076500000000078e-03
1.048200000000000000e+10	1.695719100000000080e-03	-1.069864200000000083e-03
1.048207500000000000e+10	1.701894100000000054e-03	-1.038464299999999896e-03
1.048215000000000000e+10	1.704158199999999956e-03	-9.575341999999999708e-04
1.048222500000000000e+10	1.679842300000000069e-03	-1.025442099999999924e-03
1.048230000000000000e+10	1.721177900000000040e-03	-9.785346999999998928e-04
1.048237500000000000e+10	1.694013500000000026e-03	-1.068076100000000086e-03
1.048245000000000000e+10	1.670778799999999989e-03	-1.085942199999999965e-03
1.048252500000000000e+10	1.690309000000000082e-03	-1.064727599999999892e-03
1.048260000000000000e+10	1.733220499999999897e-03	-9.762450000000000424e-04
1.048267500000000000e+10	1.696331900000000014e-03	-9.771197000000000563e-04
1.048275000000000000e+10	1.692800200000000015e-03	-9.753411000000000459e-04
1.048282500000000000e+10	1.750022599999999937e-03	-1.026841599999999896e-03
1.048290000000000000e+10	1.678528600000000082e-03	-1.017384700000000105e-03
1.048297500000000000e+10	1.734949599999999941e-03	-9.722516999999999531e-04
1.048305000000000000e+10	1.643806999999999950e-03	-1.055216699999999902e-03
1.048312500000000000e+10	1.645129800000000005e-03	-1.051372299999999956e-03
1.048320000000000000e+10	1.631320599999999893e-03	-1.010183599999999989e-03
1.048327500000000000e+10	1.635187499999999922e-03	-1.028460300000000023e-03
1.048335000000000000e+10	1.680077400000000009e-03	-1.051865099999999952e-03
1.048342500000000000e+10	1.647540100000000106e-03	-1.014663899999999940e-03
1.048350000000000000e+10	1.625805699999999937e-03	-9.974485999999999422e-04
1.048357500000000000e+10	1.706806400000000085e-03	-1.053650699999999964e-03
1.048365000000000000e+10	1.629952800000000106e-03	-1.062604300000000081e-03
1.048372500000000000e+10	1.670461100000000072e-03	-9.931583999999999812e-04
1.048380000000000000e+10	1.648482099999999976e-03	-1.045316199999999978e-03
1.048387500000000000e+10	1.696636700000000086e-03	-1.064213999999999959e-03
1.048395000000000000e+10	1.632717400000000029e-03	-1.031274700000000015e-03
1.048402500000000000e+10	1.621520700000000014e-03	-1.041672499999999951e-03
1.048410000000000000e+10	1.637778500000000061e-03	-9.844495000000000415e-04
1.048417500000000000e+10	1.624939799999999997e-03	-1.028164200000000099e-03
1.048425000000000000e+10	1.635598999999999950e-03	-1.098216400000000086e-03
1.048432500000000000e+10	1.646246400000000000e-03	-1.019650700000000005e-03
1.048440000000000000e+10	1.658236700000000020e-03	-1.045664699999999990e-03
1.048447500000000000e+10	1.628536999999999997e-03	-1.051943700000000084e-03
1.048455000000000000e+10	1.620691000000000059e-03	-1.083609199999999986e-03
1.048462500000000000e+10	1.625244199999999932e-03	-1.054647500000000090e-03
1.048470000000000000e+10	1.621938500000000023e-03	-1.092855900000000088e-03
1.048477500000000000e+10	1.609243599999999989e-03	-1.084246199999999933e-03
1.048485000000000000e+10	1.587177599999999933e-03	-1.045078700000000088e-03
1.048492500000000000e+10	1.612690900000000047e-03	-1.048248199999999956e-03
1.048500000000000000e+10	1.581778399999999966e-03	-1.040219100000000030e-03
