7.403000000000000000e+09	4.379395799999999742e-03	-1.702624499999999975e-03
7.403002429000000000e+09	4.414050299999999760e-03	-1.733427199999999909e-03
7.403004857000000000e+09	4.318362800000000341e-03	-1.765920100000000067e-03
7.403007286000000000e+09	4.394948499999999821e-03	-1.723343700000000032e-03
7.403009714000000000e+09	4.359529800000000281e-03	-1.755857100000000025e-03
7.403012143000000000e+09	4.382965400000000088e-03	-1.827524700000000097e-03
7.403014571000000000e+09	4.352653800000000003e-03	-1.751427500000000016e-03
7.403017000000000000e+09	4.355965100000000305e-03	-1.743399199999999928e-03
7.403019429000000000e+09	4.328901599999999787e-03	-1.840839599999999918e-03
7.403021857000000000e+09	4.335247900000000279e-03	-1.783269699999999892e-03
7.403024286000000000e+09	4.313036999999999600e-03	-1.803278400000000092e-03
7.403026714000000000e+09	4.306294300000000110e-03	-1.774376499999999988e-03
7.403029143000000000e+09	4.291112599999999909e-03	-1.796280199999999994e-03
7.403031571000000000e+09	4.298444600000000428e-03	-1.798731100000000062e-03
7.403034000000000000e+09	4.286495799999999815e-03	-1.788691700000000044e-03
7.403036429000000000e+09	4.338052700000000032e-03	-1.866595200000000041e-03
7.403038857000000000e+09	4.338201300000000399e-03	-1.808483199999999904e-03
7.403041286000000000e+09	4.369703499999999692e-03	-1.833940299999999935e-03
7.403043714000000000e+09	4.354527000000000397e-03	-1.796115200000000106e-03
7.403046143000000000e+09	4.300863299999999924e-03	-1.871980600000000073e-03
7.403048571000000000e+09	4.256520599999999953e-03	-1.891523100000000023e-03
7.403051000000000000e+09	4.299920100000000078e-03	-1.882869599999999893e-03
7.403053429000000000e+09	4.323315900000000191e-03	-1.890420899999999951e-03
7.403055857000000000e+09	4.286283999999999580e-03	-1.870057399999999976e-03
7.403058286000000000e+09	4.279424999999999896e-03	-1.878095599999999969e-03
7.403060714000000000e+09	4.318556099999999905e-03	-1.890620300000000076e-03
7.403063143000000000e+09	4.300295800000000258e-03	-1.911055000000000045e-03
7.403065571000000000e+09	4.230875099999999861e-03	-1.863832699999999967e-03
7.403068000000000000e+09	4.258598199999999792e-03	-1.932355900000000057e-03
7.403070429000000000e+09	4.312811800000000001e-03	-1.874043099999999967e-03
7.403072857000000000e+09	4.259540299999999696e-03	-1.892655100000000066e-03
7.403075286000000000e+09	4.313475500000000379e-03	-1.896004800000000018e-03
7.403077714000000000e+09	4.332569399999999793e-03	-1.938884899999999967e-03
7.403080143000000000e+09	4.309867200000000280e-03	-1.920669600000000053e-03
7.403082571000000000e+09	4.250915800000000348e-03	-1.907318600000000065e-03
7.403085000000000000e+09	4.243293300000000080e-03	-1.954721899999999849e-03
7.403087429000000000e+09	4.214217600000000341e-03	-1.965792499999999797e-03
7.403089857000000000e+09	4.202898499999999787e-03	-1.921518500000000051e-03
7.403092286000000000e+09	4.231771799999999896e-03	-1.892804400000000021e-03
7.403094714000000000e+09	4.286382600000000244e-03	-1.967356500000000136e-03
7.403097143000000000e+09	4.227281700000000073e-03	-1.943256300000000079e-03
7.403099571000000000e+09	4.252329299999999673e-03	-1.931414000000000004e-03
7.403102000000000000e+09	4.200634100000000433e-03	-2.006599300000000072e-03
7.403104429000000000e+09	4.214584799999999791e-03	-1.995066800000000039e-03
7.403106857000000000e+09	4.271774300000000420e-03	-1.995074400000000029e-03
7.403109286000000000e+09	4.192891100000000273e-03	-1.983131600000000161e-03
7.403111714000000000e+09	4.209688500000000229e-03	-1.999886299999999867e-03
7.403114143000000000e+09	4.212695100000000276e-03	-2.027493699999999809e-03
7.403116571000000000e+09	4.224999999999999589e-03	-1.987932500000000151e-03
7.403119000000000000e+09	4.235897700000000425e-03	-1.985261700000000122e-03
7.403121429000000000e+09	4.243246499999999734e-03	-2.051996600000000146e-03
7.403123857000000000e+09	4.249613299999999844e-03	-2.075595700000000196e-03
7.403126286000000000e+09	4.233216199999999783e-03	-2.019310500000000026e-03
7.403128714000000000e+09	4.186620999999999745e-03	-2.001071599999999871e-03
7.403131143000000000e+09	4.229240599999999767e-03	-2.067181300000000069e-03
7.403133571000000000e+09	4.201674300000000396e-03	-2.069203999999999835e-03
7.403136000000000000e+09	4.215643600000000026e-03	-2.069979500000000174e-03
7.403138429000000000e+09	4.188884000000000357e-03	-2.046294299999999820e-03
7.403140857000000000e+09	4.154216100000000106e-03	-2.120885900000000178e-03
7.403143286000000000e+09	4.165939300000000116e-03	-2.107677599999999846e-03
7.403145714000000000e+09	4.194184800000000379e-03	-2.084063100000000182e-03
7.403148143000000000e+09	4.197011300000000160e-03	-2.074753600000000132e-03
7.403150571000000000e+09	4.117202300000000030e-03	-2.023516500000000114e-03
7.403153000000000000e+09	4.164982499999999969e-03	-2.104546899999999981e-03
7.403155429000000000e+09	4.153596800000000124e-03	-2.045925499999999824e-03
7.403157857000000000e+09	4.209033699999999850e-03	-2.157717899999999842e-03
7.403160286000000000e+09	4.246355200000000336e-03	-2.127975600000000037e-03
7.403162714000000000e+09	4.158657500000000236e-03	-2.155397400000000005e-03
7.403165143000000000e+09	4.138782700000000377e-03	-2.182586900000000121e-03
7.403167571000000000e+09	4.161427599999999866e-03	-2.154353999999999818e-03
7.403170000000000000e+09	4.174292700000000259e-03	-2.146254499999999954e-03
7.403172429000000000e+09	4.150786499999999796e-03	-2.154923200000000063e-03
7.403174857000000000e+09	4.183618099999999659e-03	-2.130181499999999825e-03
7.403177286000000000e+09	4.148174800000000405e-03	-2.212799499999999839e-03
7.403179714000000000e+09	4.087841899999999917e-03	-2.184143899999999808e-03
7.403182143000000000e+09	4.131281900000000409e-03	-2.155585199999999861e-03
7.403184571000000000e+09	4.135214499999999641e-03	-2.132753499999999990e-03
7.403187000000000000e+09	4.138946999999999592e-03	-2.124961900000000171e-03
7.403189429000000000e+09	4.156878299999999804e-03	-2.222093599999999843e-03
7.403191857000000000e+09	4.115139099999999897e-03	-2.151224599999999963e-03
7.403194286000000000e+09	4.128892999999999799e-03	-2.193716899999999942e-03
7.403196714000000000e+09	4.109388500000000014e-03	-2.188344899999999926e-03
7.403199143000000000e+09	4.115121900000000103e-03	-2.197501000000000142e-03
7.403201571000000000e+09	4.101824399999999711e-03	-2.214718000000000069e-03
7.403204000000000000e+09	4.119177199999999976e-03	-2.214500099999999923e-03
7.403206429000000000e+09	4.115333900000000406e-03	-2.288170899999999834e-03
7.403208857000000000e+09	4.125267799999999575e-03	-2.233467900000000138e-03
7.403211286000000000e+09	4.175689199999999858e-03	-2.256363099999999979e-03
7.403213714000000000e+09	4.111161399999999598e-03	-2.263556800000000174e-03
7.403216143000000000e+09	4.060708500000000283e-03	-2.207065299999999911e-03
7.403218571000000000e+09	4.157690200000000412e-03	-2.243220800000000036e-03
7.403221000000000000e+09	4.105842200000000240e-03	-2.241987300000000075e-03
7.403223429000000000e+09	4.129720899999999792e-03	-2.255335900000000112e-03
7.403225857000000000e+09	4.090341699999999747e-03	-2.293642399999999953e-03
7.403228286000000000e+09	4.047140700000000091e-03	-2.306452000000000068e-03
7.403230714000000000e+09	4.082453100000000244e-03	-2.290821599999999948e-03
7.403233143000000000e+09	4.112740000000000146e-03	-2.239180800000000176e-03
7.403235571000000000e+09	4.013336299999999829e-03	-2.315825799999999927e-03
7.403238000000000000e+09	4.059675700000000241e-03	-2.319447000000000089e-03
7.403240429000000000e+09	4.068470400000000382e-03	-2.305540000000000020e-03
7.403242857000000000e+09	4.114255500000000426e-03	-2.292483599999999878e-03
7.403245286000000000e+09	4.036202600000000223e-03	-2.349635000000000092e-03
7.403247714000000000e+09	4.049547500000000300e-03	-2.263920300000000097e-03
7.403250143000000000e+09	4.119147800000000359e-03	-2.291508299999999929e-03
7.403252571000000000e+09	4.081656700000000151e-03	-2.329134599999999836e-03
7.403255000000000000e+09	4.098069900000000064e-03	-2.337177599999999949e-03
7.403257429000000000e+09	4.048757499999999787e-03	-2.361234600000000020e-03
7.403259857000000000e+09	4.061797399999999940e-03	-2.323337200000000040e-03
7.403262286000000000e+09	4.064374800000000211e-03	-2.331220699999999972e-03
7.403264714000000000e+09	4.060573799999999886e-03	-2.371299400000000026e-03
7.403267143000000000e+09	4.041147299999999810e-03	-2.344009199999999831e-03
7.403269571000000000e+09	4.003510800000000328e-03	-2.370395799999999806e-03
7.403272000000000000e+09	3.960821899999999660e-03	-2.358916899999999837e-03
7.403274429000000000e+09	4.016423699999999673e-03	-2.303549900000000095e-03
7.403276857000000000e+09	4.039186999999999639e-03	-2.345964399999999998e-03
7.403279286000000000e+09	3.987604999999999969e-03	-2.364737400000000139e-03
7.403281714000000000e+09	4.033678700000000415e-03	-2.376661400000000101e-03
7.403284143000000000e+09	4.003896600000000049e-03	-2.386059399999999973e-03
7.403286571000000000e+09	3.913066399999999903e-03	-2.361968400000000017e-03
7.403289000000000000e+09	3.999805700000000179e-03	-2.380656799999999931e-03
7.403291429000000000e+09	3.979261300000000098e-03	-2.391321200000000140e-03
7.403293857000000000e+09	4.012426300000000029e-03	-2.418015099999999955e-03
7.403296286000000000e+09	3.977804899999999588e-03	-2.390404100000000087e-03
7.403298714000000000e+09	4.001961699999999865e-03	-2.434648399999999897e-03
7.403301143000000000e+09	3.996959300000000118e-03	-2.473864599999999869e-03
7.403303571000000000e+09	3.995709000000000066e-03	-2.383628799999999888e-03
7.403306000000000000e+09	3.986412200000000010e-03	-2.410121800000000151e-03
7.403308429000000000e+09	3.960196099999999629e-03	-2.390234299999999864e-03
7.403310857000000000e+09	4.031041899999999838e-03	-2.399457600000000010e-03
7.403313286000000000e+09	3.952560299999999596e-03	-2.468680699999999811e-03
7.403315714000000000e+09	3.980867100000000380e-03	-2.443868999999999989e-03
7.403318143000000000e+09	3.933069899999999848e-03	-2.498786399999999939e-03
7.403320571000000000e+09	3.924781900000000323e-03	-2.457861600000000191e-03
7.403323000000000000e+09	3.971853499999999752e-03	-2.540499600000000087e-03
7.403325429000000000e+09	3.947299599999999804e-03	-2.454071400000000080e-03
7.403327857000000000e+09	3.975571800000000065e-03	-2.436086100000000101e-03
7.403330286000000000e+09	3.940352000000000264e-03	-2.528497399999999912e-03
7.403332714000000000e+09	3.998505400000000425e-03	-2.468471299999999962e-03
7.403335143000000000e+09	3.940926499999999714e-03	-2.530526300000000058e-03
7.403337571000000000e+09	3.920185100000000110e-03	-2.483618500000000107e-03
7.403340000000000000e+09	3.952920900000000265e-03	-2.474234599999999840e-03
7.403342429000000000e+09	4.008718300000000193e-03	-2.588990800000000054e-03
7.403344857000000000e+09	3.933853799999999581e-03	-2.505537400000000092e-03
7.403347286000000000e+09	3.920429900000000321e-03	-2.509195200000000157e-03
7.403349714000000000e+09	3.923062399999999866e-03	-2.576083500000000016e-03
7.403352143000000000e+09	3.828189000000000071e-03	-2.517371999999999926e-03
7.403354571000000000e+09	3.961440400000000236e-03	-2.541955299999999925e-03
7.403357000000000000e+09	3.864302999999999922e-03	-2.562624299999999994e-03
7.403359429000000000e+09	3.943708399999999899e-03	-2.530828199999999792e-03
7.403361857000000000e+09	3.916800399999999932e-03	-2.554995699999999814e-03
7.403364286000000000e+09	3.895873700000000023e-03	-2.589857499999999833e-03
7.403366714000000000e+09	3.878969500000000077e-03	-2.582200800000000046e-03
7.403369143000000000e+09	3.922534400000000226e-03	-2.567884800000000151e-03
7.403371571000000000e+09	3.848051300000000004e-03	-2.603592100000000093e-03
7.403374000000000000e+09	3.904406200000000091e-03	-2.596479599999999832e-03
7.403376429000000000e+09	3.920032000000000377e-03	-2.594152399999999879e-03
7.403378857000000000e+09	3.865027000000000046e-03	-2.590679499999999982e-03
7.403381286000000000e+09	3.873172199999999881e-03	-2.608059499999999982e-03
7.403383714000000000e+09	3.855970099999999831e-03	-2.570925600000000151e-03
7.403386143000000000e+09	3.835852099999999872e-03	-2.585142900000000216e-03
7.403388571000000000e+09	3.848318099999999912e-03	-2.583924100000000064e-03
7.403391000000000000e+09	3.885334900000000143e-03	-2.587159900000000207e-03
7.403393429000000000e+09	3.851512699999999883e-03	-2.642009399999999987e-03
7.403395857000000000e+09	3.839105700000000013e-03	-2.651707499999999846e-03
7.403398286000000000e+09	3.838007499999999787e-03	-2.578564800000000042e-03
7.403400714000000000e+09	3.849551300000000204e-03	-2.626405400000000195e-03
7.403403143000000000e+09	3.856020999999999841e-03	-2.648405200000000011e-03
7.403405571000000000e+09	3.807890300000000075e-03	-2.592912800000000007e-03
7.403408000000000000e+09	3.859210300000000173e-03	-2.679625499999999886e-03
7.403410429000000000e+09	3.829691499999999822e-03	-2.619742300000000093e-03
7.403412857000000000e+09	3.833115700000000025e-03	-2.640098500000000181e-03
7.403415286000000000e+09	3.813665300000000039e-03	-2.709154799999999915e-03
7.403417714000000000e+09	3.796417299999999950e-03	-2.639786800000000141e-03
7.403420143000000000e+09	3.835173199999999949e-03	-2.672865099999999997e-03
7.403422571000000000e+09	3.757358699999999944e-03	-2.690837000000000177e-03
7.403425000000000000e+09	3.805231400000000201e-03	-2.687652100000000044e-03
7.403427429000000000e+09	3.796227799999999947e-03	-2.745039300000000002e-03
7.403429857000000000e+09	3.791047100000000114e-03	-2.716980500000000086e-03
7.403432286000000000e+09	3.820111900000000039e-03	-2.677339400000000071e-03
7.403434714000000000e+09	3.831163399999999979e-03	-2.698228699999999803e-03
7.403437143000000000e+09	3.834611099999999956e-03	-2.715897000000000103e-03
7.403439571000000000e+09	3.835563499999999904e-03	-2.731701300000000110e-03
7.403442000000000000e+09	3.835822300000000119e-03	-2.693436899999999880e-03
7.403444429000000000e+09	3.763800099999999905e-03	-2.689246000000000171e-03
7.403446857000000000e+09	3.814248000000000118e-03	-2.763821000000000073e-03
7.403449286000000000e+09	3.809500300000000055e-03	-2.731003100000000110e-03
7.403451714000000000e+09	3.791697299999999791e-03	-2.767479299999999875e-03
7.403454143000000000e+09	3.737816799999999981e-03	-2.744805199999999969e-03
7.403456571000000000e+09	3.795604599999999936e-03	-2.746388599999999985e-03
7.403459000000000000e+09	3.766092300000000066e-03	-2.747575199999999999e-03
7.403461429000000000e+09	3.743302100000000035e-03	-2.780666499999999951e-03
7.403463857000000000e+09	3.823333099999999974e-03	-2.782427300000000180e-03
7.403466286000000000e+09	3.754439500000000211e-03	-2.784469999999999827e-03
7.403468714000000000e+09	3.751580300000000121e-03	-2.773702299999999954e-03
7.403471143000000000e+09	3.758347300000000092e-03	-2.808155100000000147e-03
7.403473571000000000e+09	3.738334399999999978e-03	-2.800342300000000038e-03
7.403476000000000000e+09	3.733441499999999840e-03	-2.779666899999999954e-03
7.403478429000000000e+09	3.727747100000000039e-03	-2.807480199999999853e-03
7.403480857000000000e+09	3.721864699999999880e-03	-2.808335300000000014e-03
7.403483286000000000e+09	3.774202600000000143e-03	-2.803466000000000118e-03
7.403485714000000000e+09	3.691148699999999803e-03	-2.834933899999999857e-03
7.403488143000000000e+09	3.735064199999999814e-03	-2.800703500000000044e-03
7.403490571000000000e+09	3.752071599999999823e-03	-2.820835199999999904e-03
7.403493000000000000e+09	3.724513799999999882e-03	-2.793456699999999956e-03
7.403495429000000000e+09	3.693483300000000111e-03	-2.838554899999999950e-03
7.403497857000000000e+09	3.673676500000000022e-03	-2.763906899999999875e-03
7.403500286000000000e+09	3.689793900000000113e-03	-2.844967400000000032e-03
7.403502714000000000e+09	3.721594400000000080e-03	-2.826327999999999913e-03
7.403505143000000000e+09	3.680447999999999793e-03	-2.805134500000000097e-03
7.403507571000000000e+09	3.733838900000000047e-03	-2.807338600000000139e-03
7.403510000000000000e+09	3.663157199999999853e-03	-2.834332100000000205e-03
7.403512429000000000e+09	3.690478699999999879e-03	-2.906551900000000146e-03
7.403514857000000000e+09	3.747106899999999921e-03	-2.834805900000000010e-03
7.403517286000000000e+09	3.645414699999999838e-03	-2.876331599999999971e-03
7.403519714000000000e+09	3.654960100000000101e-03	-2.874680299999999786e-03
7.403522143000000000e+09	3.673849600000000069e-03	-2.895452000000000182e-03
7.403524571000000000e+09	3.692907899999999920e-03	-2.902093499999999857e-03
7.403527000000000000e+09	3.621623899999999903e-03	-2.922271900000000030e-03
7.403529429000000000e+09	3.653401499999999868e-03	-2.905525600000000153e-03
7.403531857000000000e+09	3.683862300000000090e-03	-2.894904099999999827e-03
7.403534286000000000e+09	3.673216600000000186e-03	-2.857806400000000198e-03
7.403536714000000000e+09	3.668047299999999903e-03	-2.904391599999999862e-03
7.403539143000000000e+09	3.650689099999999965e-03	-2.910280199999999966e-03
7.403541571000000000e+09	3.653535500000000026e-03	-2.900140500000000007e-03
7.403544000000000000e+09	3.669322000000000035e-03	-2.923714400000000137e-03
7.403546429000000000e+09	3.624146300000000067e-03	-2.905666700000000130e-03
7.403548857000000000e+09	3.615641399999999870e-03	-2.940938499999999883e-03
7.403551286000000000e+09	3.613889700000000142e-03	-2.939244699999999950e-03
7.403553714000000000e+09	3.630262300000000088e-03	-2.906146599999999847e-03
7.403556143000000000e+09	3.663496100000000061e-03	-2.967894999999999908e-03
7.403558571000000000e+09	3.594821700000000019e-03	-2.939319799999999972e-03
7.403561000000000000e+09	3.617473099999999990e-03	-2.907431600000000022e-03
7.403563429000000000e+09	3.568754600000000141e-03	-2.924220600000000149e-03
7.403565857000000000e+09	3.600381299999999823e-03	-2.983906100000000179e-03
7.403568286000000000e+09	3.613506399999999973e-03	-2.974259099999999965e-03
7.403570714000000000e+09	3.593577100000000177e-03	-2.930220700000000112e-03
7.403573143000000000e+09	3.595400400000000034e-03	-2.985852499999999948e-03
7.403575571000000000e+09	3.603628299999999882e-03	-2.989693199999999933e-03
7.403578000000000000e+09	3.577510900000000198e-03	-2.911663100000000132e-03
7.403580429000000000e+09	3.651301500000000196e-03	-2.992439600000000154e-03
7.403582857000000000e+09	3.568945000000000017e-03	-2.977319400000000109e-03
7.403585286000000000e+09	3.590222699999999923e-03	-2.998681999999999910e-03
7.403587714000000000e+09	3.599889700000000019e-03	-3.004598900000000124e-03
7.403590143000000000e+09	3.511816300000000172e-03	-2.982680000000000140e-03
7.403592571000000000e+09	3.543426100000000162e-03	-3.020642000000000032e-03
7.403595000000000000e+09	3.481884099999999795e-03	-3.042157499999999931e-03
7.403597429000000000e+09	3.542728199999999831e-03	-2.951844700000000148e-03
7.403599857000000000e+09	3.469640999999999871e-03	-2.990784600000000008e-03
7.403602286000000000e+09	3.520912100000000208e-03	-3.011481999999999788e-03
7.403604714000000000e+09	3.531212100000000187e-03	-3.005830200000000202e-03
7.403607143000000000e+09	3.537405400000000113e-03	-3.058944499999999810e-03
7.403609571000000000e+09	3.537224800000000110e-03	-3.004113300000000198e-03
7.403612000000000000e+09	3.536518499999999950e-03	-3.051706099999999984e-03
7.403614429000000000e+09	3.440732100000000199e-03	-3.018848199999999826e-03
7.403616857000000000e+09	3.463566899999999827e-03	-3.063866900000000032e-03
7.403619286000000000e+09	3.491348000000000021e-03	-3.034058499999999804e-03
7.403621714000000000e+09	3.516578499999999975e-03	-3.089900500000000196e-03
7.403624143000000000e+09	3.499248400000000078e-03	-3.067021000000000070e-03
7.403626571000000000e+09	3.525978099999999959e-03	-3.051921400000000111e-03
7.403629000000000000e+09	3.460289499999999810e-03	-3.084059799999999945e-03
7.403631429000000000e+09	3.502477600000000139e-03	-3.021331500000000100e-03
7.403633857000000000e+09	3.440205600000000204e-03	-3.127400199999999866e-03
7.403636286000000000e+09	3.506732900000000125e-03	-3.049861000000000065e-03
7.403638714000000000e+09	3.502531799999999973e-03	-3.061569100000000130e-03
7.403641143000000000e+09	3.481004000000000216e-03	-3.107288699999999956e-03
7.403643571000000000e+09	3.458586400000000175e-03	-3.121351400000000210e-03
7.403646000000000000e+09	3.444968699999999880e-03	-3.154996900000000062e-03
7.403648429000000000e+09	3.467276599999999809e-03	-3.166820700000000117e-03
7.403650857000000000e+09	3.430017999999999956e-03	-3.144799499999999942e-03
7.403653286000000000e+09	3.455554500000000175e-03	-3.126497900000000090e-03
7.403655714000000000e+09	3.501036600000000110e-03	-3.147748699999999931e-03
7.403658143000000000e+09	3.515507000000000180e-03	-3.129412900000000126e-03
7.403660571000000000e+09	3.451022099999999804e-03	-3.124328100000000035e-03
7.403663000000000000e+09	3.470647500000000052e-03	-3.141018599999999966e-03
7.403665429000000000e+09	3.484886999999999881e-03	-3.158738400000000047e-03
7.403667857000000000e+09	3.433447999999999969e-03	-3.181100899999999947e-03
7.403670286000000000e+09	3.480537200000000195e-03	-3.155605399999999831e-03
7.403672714000000000e+09	3.442739599999999987e-03	-3.104343500000000030e-03
7.403675143000000000e+09	3.456622099999999941e-03	-3.199235099999999960e-03
7.403677571000000000e+09	3.492753300000000019e-03	-3.124581999999999880e-03
7.403680000000000000e+09	3.427437800000000031e-03	-3.142485400000000120e-03
7.403682429000000000e+09	3.401384099999999952e-03	-3.144710900000000087e-03
7.403684857000000000e+09	3.421484900000000117e-03	-3.178254399999999851e-03
7.403687286000000000e+09	3.419763799999999982e-03	-3.165433100000000083e-03
7.403689714000000000e+09	3.380222600000000206e-03	-3.162072499999999883e-03
7.403692143000000000e+09	3.391743300000000117e-03	-3.205867299999999934e-03
7.403694571000000000e+09	3.436314000000000209e-03	-3.162447000000000088e-03
7.403697000000000000e+09	3.355155399999999993e-03	-3.235814300000000154e-03
7.403699429000000000e+09	3.474267300000000169e-03	-3.194177800000000140e-03
7.403701857000000000e+09	3.385437900000000128e-03	-3.180586899999999877e-03
7.403704286000000000e+09	3.360661699999999835e-03	-3.150759300000000040e-03
7.403706714000000000e+09	3.325950800000000099e-03	-3.228980199999999853e-03
7.403709143000000000e+09	3.460865500000000206e-03	-3.195796600000000084e-03
7.403711571000000000e+09	3.400762800000000155e-03	-3.204439999999999806e-03
7.403714000000000000e+09	3.382301700000000123e-03	-3.231820199999999900e-03
7.403716429000000000e+09	3.319229400000000066e-03	-3.227106400000000121e-03
7.403718857000000000e+09	3.395954599999999844e-03	-3.209291600000000171e-03
7.403721286000000000e+09	3.338073200000000063e-03	-3.230732200000000116e-03
7.403723714000000000e+09	3.319862099999999847e-03	-3.294743399999999853e-03
7.403726143000000000e+09	3.364973900000000143e-03	-3.223292500000000168e-03
7.403728571000000000e+09	3.365761499999999837e-03	-3.231595900000000174e-03
7.403731000000000000e+09	3.350886500000000139e-03	-3.267446600000000010e-03
7.403733429000000000e+09	3.372086800000000106e-03	-3.260752100000000042e-03
7.403735857000000000e+09	3.311802400000000111e-03	-3.216671899999999813e-03
7.403738286000000000e+09	3.345814300000000008e-03	-3.209400099999999874e-03
7.403740714000000000e+09	3.299740700000000030e-03	-3.241237100000000145e-03
7.403743143000000000e+09	3.318256800000000169e-03	-3.298328399999999813e-03
7.403745571000000000e+09	3.312115200000000093e-03	-3.310151500000000063e-03
7.403748000000000000e+09	3.262249000000000052e-03	-3.253962300000000103e-03
7.403750429000000000e+09	3.270067000000000199e-03	-3.270771000000000008e-03
7.403752857000000000e+09	3.360381700000000197e-03	-3.232929500000000008e-03
7.403755286000000000e+09	3.303821599999999959e-03	-3.292533299999999934e-03
7.403757714000000000e+09	3.285381100000000013e-03	-3.297652199999999943e-03
7.403760143000000000e+09	3.344522899999999820e-03	-3.304178699999999868e-03
7.403762571000000000e+09	3.252138800000000177e-03	-3.334869199999999922e-03
7.403765000000000000e+09	3.294960699999999795e-03	-3.296489000000000103e-03
7.403767429000000000e+09	3.253131600000000023e-03	-3.311156300000000097e-03
7.403769857000000000e+09	3.284557599999999786e-03	-3.365793299999999839e-03
7.403772286000000000e+09	3.342280999999999898e-03	-3.361028199999999914e-03
7.403774714000000000e+09	3.245688200000000113e-03	-3.317859700000000064e-03
7.403777143000000000e+09	3.264952199999999853e-03	-3.366942400000000075e-03
7.403779571000000000e+09	3.221363200000000159e-03	-3.277196699999999820e-03
7.403782000000000000e+09	3.259322800000000100e-03	-3.343312000000000193e-03
7.403784429000000000e+09	3.265403499999999792e-03	-3.368847600000000105e-03
7.403786857000000000e+09	3.214192500000000001e-03	-3.350717100000000052e-03
7.403789286000000000e+09	3.250705600000000205e-03	-3.369546499999999910e-03
7.403791714000000000e+09	3.211144400000000114e-03	-3.367039300000000158e-03
7.403794143000000000e+09	3.226088599999999990e-03	-3.361232100000000056e-03
7.403796571000000000e+09	3.309892899999999916e-03	-3.374646199999999877e-03
7.403799000000000000e+09	3.279983499999999941e-03	-3.405176700000000015e-03
7.403801429000000000e+09	3.245396099999999819e-03	-3.375422900000000191e-03
7.403803857000000000e+09	3.219356899999999914e-03	-3.381669800000000180e-03
7.403806286000000000e+09	3.151603299999999885e-03	-3.361014700000000081e-03
7.403808714000000000e+09	3.233642200000000182e-03	-3.384305299999999881e-03
7.403811143000000000e+09	3.191665399999999916e-03	-3.447228899999999971e-03
7.403813571000000000e+09	3.138988599999999879e-03	-3.450059599999999883e-03
7.403816000000000000e+09	3.202326399999999833e-03	-3.414848199999999910e-03
7.403818429000000000e+09	3.199121000000000083e-03	-3.423521799999999955e-03
7.403820857000000000e+09	3.192640999999999969e-03	-3.415553300000000094e-03
7.403823286000000000e+09	3.170122899999999917e-03	-3.392793800000000123e-03
7.403825714000000000e+09	3.208910299999999816e-03	-3.392536800000000088e-03
7.403828143000000000e+09	3.174683699999999997e-03	-3.437064399999999794e-03
7.403830571000000000e+09	3.194362300000000172e-03	-3.450214000000000059e-03
7.403833000000000000e+09	3.199450700000000189e-03	-3.348365199999999917e-03
7.403835429000000000e+09	3.149060200000000035e-03	-3.397921899999999801e-03
7.403837857000000000e+09	3.153077299999999892e-03	-3.440150900000000199e-03
7.403840286000000000e+09	3.109212499999999824e-03	-3.455660699999999960e-03
7.403842714000000000e+09	3.089969399999999838e-03	-3.434601399999999936e-03
7.403845143000000000e+09	3.134696399999999886e-03	-3.382782500000000147e-03
7.403847571000000000e+09	3.156466599999999904e-03	-3.460391199999999796e-03
7.403850000000000000e+09	3.185294300000000075e-03	-3.476387999999999961e-03
7.403852429000000000e+09	3.082278199999999996e-03	-3.452281199999999821e-03
7.403854857000000000e+09	3.162776799999999795e-03	-3.481233299999999913e-03
7.403857286000000000e+09	3.132605799999999951e-03	-3.430305399999999949e-03
7.403859714000000000e+09	3.106491900000000160e-03	-3.444248599999999785e-03
7.403862143000000000e+09	3.127462799999999963e-03	-3.514523600000000070e-03
7.403864571000000000e+09	3.055104600000000097e-03	-3.479302799999999928e-03
7.403867000000000000e+09	3.162159999999999797e-03	-3.454934800000000056e-03
7.403869429000000000e+09	3.147392199999999793e-03	-3.466650800000000213e-03
7.403871857000000000e+09	3.136151800000000055e-03	-3.498502599999999893e-03
7.403874286000000000e+09	3.099797200000000124e-03	-3.466312000000000039e-03
7.403876714000000000e+09	3.050361399999999834e-03	-3.463253800000000177e-03
7.403879143000000000e+09	3.080147899999999966e-03	-3.486282800000000109e-03
7.403881571000000000e+09	3.075126699999999880e-03	-3.519459400000000092e-03
7.403884000000000000e+09	3.091796099999999988e-03	-3.507169000000000085e-03
7.403886429000000000e+09	3.083627299999999911e-03	-3.481447099999999961e-03
7.403888857000000000e+09	3.022021000000000169e-03	-3.544392500000000112e-03
7.403891286000000000e+09	3.099609100000000166e-03	-3.496536699999999980e-03
7.403893714000000000e+09	3.047727200000000143e-03	-3.526295500000000208e-03
7.403896143000000000e+09	3.006106200000000211e-03	-3.531267900000000133e-03
7.403898571000000000e+09	3.039689999999999840e-03	-3.533552100000000168e-03
7.403901000000000000e+09	3.051853399999999907e-03	-3.539773099999999999e-03
7.403903429000000000e+09	2.985462400000000061e-03	-3.521551700000000173e-03
7.403905857000000000e+09	2.950838600000000103e-03	-3.543624699999999798e-03
7.403908286000000000e+09	3.086349500000000121e-03	-3.540463399999999906e-03
7.403910714000000000e+09	3.054861199999999929e-03	-3.519936100000000019e-03
7.403913143000000000e+09	3.001183799999999988e-03	-3.522553999999999789e-03
7.403915571000000000e+09	3.023106199999999865e-03	-3.510607399999999927e-03
7.403918000000000000e+09	3.009102200000000112e-03	-3.587602799999999904e-03
7.403920429000000000e+09	2.976906100000000117e-03	-3.564098899999999792e-03
7.403922857000000000e+09	2.995662599999999835e-03	-3.585391500000000009e-03
7.403925286000000000e+09	2.989509600000000208e-03	-3.548897000000000076e-03
7.403927714000000000e+09	3.026413300000000035e-03	-3.612050199999999964e-03
7.403930143000000000e+09	2.997247900000000066e-03	-3.542081099999999910e-03
7.403932571000000000e+09	2.990264700000000095e-03	-3.582109200000000056e-03
7.403935000000000000e+09	2.950482999999999838e-03	-3.597680600000000006e-03
7.403937429000000000e+09	2.967019899999999866e-03	-3.524372400000000145e-03
7.403939857000000000e+09	2.920022200000000050e-03	-3.600271899999999813e-03
7.403942286000000000e+09	2.959277299999999843e-03	-3.603110300000000182e-03
7.403944714000000000e+09	2.918606099999999839e-03	-3.540529199999999793e-03
7.403947143000000000e+09	2.997292300000000027e-03	-3.540217400000000153e-03
7.403949571000000000e+09	2.957525899999999784e-03	-3.683304699999999897e-03
7.403952000000000000e+09	2.957511400000000044e-03	-3.583681599999999790e-03
7.403954429000000000e+09	2.935456099999999950e-03	-3.603769100000000190e-03
7.403956857000000000e+09	2.855515500000000047e-03	-3.643373000000000098e-03
7.403959286000000000e+09	2.957414700000000028e-03	-3.620404800000000083e-03
7.403961714000000000e+09	2.921341599999999813e-03	-3.608198899999999834e-03
7.403964143000000000e+09	2.954882800000000094e-03	-3.649694099999999802e-03
7.403966571000000000e+09	2.898860400000000202e-03	-3.623163600000000196e-03
7.403969000000000000e+09	2.888006099999999854e-03	-3.677748599999999986e-03
7.403971429000000000e+09	2.835819500000000010e-03	-3.617438499999999901e-03
7.403973857000000000e+09	2.918675700000000154e-03	-3.619866099999999830e-03
7.403976286000000000e+09	2.890373999999999808e-03	-3.613016299999999813e-03
7.403978714000000000e+09	2.872099800000000192e-03	-3.622366100000000162e-03
7.403981143000000000e+09	2.892499700000000003e-03	-3.605743700000000034e-03
7.403983571000000000e+09	2.903229900000000099e-03	-3.636036200000000111e-03
7.403986000000000000e+09	2.857044699999999795e-03	-3.660926699999999916e-03
7.403988429000000000e+09	2.931592800000000065e-03	-3.644491900000000010e-03
7.403990857000000000e+09	2.825957400000000171e-03	-3.667358600000000107e-03
7.403993286000000000e+09	2.899595799999999876e-03	-3.686043700000000197e-03
7.403995714000000000e+09	2.818587400000000139e-03	-3.670470199999999964e-03
7.403998143000000000e+09	2.828756400000000115e-03	-3.641231600000000186e-03
7.404000571000000000e+09	2.800242599999999867e-03	-3.677383700000000019e-03
7.404003000000000000e+09	2.826863399999999908e-03	-3.606409300000000193e-03
7.404005429000000000e+09	2.874478399999999892e-03	-3.698105499999999879e-03
7.404007857000000000e+09	2.835261200000000013e-03	-3.651034799999999889e-03
7.404010286000000000e+09	2.811826800000000182e-03	-3.689201899999999899e-03
7.404012714000000000e+09	2.860588800000000119e-03	-3.663259199999999941e-03
7.404015143000000000e+09	2.817699900000000205e-03	-3.682173099999999991e-03
7.404017571000000000e+09	2.828965299999999794e-03	-3.705383899999999901e-03
7.404020000000000000e+09	2.811747800000000130e-03	-3.722226300000000022e-03
7.404022429000000000e+09	2.809706800000000195e-03	-3.710761600000000125e-03
7.404024857000000000e+09	2.806110200000000183e-03	-3.695242499999999795e-03
7.404027286000000000e+09	2.823992600000000200e-03	-3.678928900000000019e-03
7.404029714000000000e+09	2.822629899999999983e-03	-3.715707400000000087e-03
7.404032143000000000e+09	2.836645799999999891e-03	-3.702944699999999919e-03
7.404034571000000000e+09	2.779059099999999990e-03	-3.700913100000000153e-03
7.404037000000000000e+09	2.765173599999999881e-03	-3.718550599999999925e-03
7.404039429000000000e+09	2.763251899999999862e-03	-3.730384900000000090e-03
7.404041857000000000e+09	2.838471799999999802e-03	-3.734047800000000160e-03
7.404044286000000000e+09	2.761087299999999845e-03	-3.692151700000000092e-03
7.404046714000000000e+09	2.779296200000000178e-03	-3.751736500000000044e-03
7.404049143000000000e+09	2.759529000000000148e-03	-3.801091400000000068e-03
7.404051571000000000e+09	2.729866899999999937e-03	-3.720121199999999913e-03
7.404054000000000000e+09	2.764850299999999789e-03	-3.731861500000000116e-03
7.404056429000000000e+09	2.749508300000000002e-03	-3.742160699999999823e-03
7.404058857000000000e+09	2.741562400000000042e-03	-3.775581100000000110e-03
7.404061286000000000e+09	2.677275700000000033e-03	-3.840350800000000026e-03
7.404063714000000000e+09	2.740970399999999828e-03	-3.769202000000000143e-03
7.404066143000000000e+09	2.730321500000000134e-03	-3.782123100000000116e-03
7.404068571000000000e+09	2.727122800000000066e-03	-3.803131600000000164e-03
7.404071000000000000e+09	2.693469500000000155e-03	-3.764418800000000117e-03
7.404073429000000000e+09	2.749003199999999932e-03	-3.802754399999999906e-03
7.404075857000000000e+09	2.756215700000000032e-03	-3.802506099999999802e-03
7.404078286000000000e+09	2.726603499999999923e-03	-3.820922899999999907e-03
7.404080714000000000e+09	2.714593600000000159e-03	-3.782002200000000088e-03
7.404083143000000000e+09	2.659189199999999805e-03	-3.806872299999999876e-03
7.404085571000000000e+09	2.693613000000000084e-03	-3.726303800000000093e-03
7.404088000000000000e+09	2.680426300000000178e-03	-3.783909199999999865e-03
7.404090429000000000e+09	2.676886399999999985e-03	-3.816356099999999949e-03
7.404092857000000000e+09	2.685063200000000188e-03	-3.795791699999999987e-03
7.404095286000000000e+09	2.720427999999999995e-03	-3.818227699999999798e-03
7.404097714000000000e+09	2.625923000000000059e-03	-3.765178499999999838e-03
7.404100143000000000e+09	2.657325800000000151e-03	-3.813792700000000115e-03
7.404102571000000000e+09	2.642299500000000034e-03	-3.792667999999999907e-03
7.404105000000000000e+09	2.611607399999999867e-03	-3.844181199999999968e-03
7.404107429000000000e+09	2.620779699999999969e-03	-3.828324900000000010e-03
7.404109857000000000e+09	2.615277400000000189e-03	-3.815809600000000072e-03
7.404112286000000000e+09	2.651561399999999898e-03	-3.841780999999999842e-03
7.404114714000000000e+09	2.567424500000000179e-03	-3.868916100000000056e-03
7.404117143000000000e+09	2.616138499999999794e-03	-3.843526700000000126e-03
7.404119571000000000e+09	2.663939900000000024e-03	-3.806738999999999956e-03
7.404122000000000000e+09	2.659654200000000079e-03	-3.840461700000000114e-03
7.404124429000000000e+09	2.604640300000000182e-03	-3.820786599999999832e-03
7.404126857000000000e+09	2.608315400000000076e-03	-3.859832200000000175e-03
7.404129286000000000e+09	2.615950900000000006e-03	-3.856537799999999998e-03
7.404131714000000000e+09	2.592566299999999810e-03	-3.854146699999999939e-03
7.404134143000000000e+09	2.596731599999999897e-03	-3.817110099999999895e-03
7.404136571000000000e+09	2.514106500000000063e-03	-3.904364999999999919e-03
7.404139000000000000e+09	2.560009499999999980e-03	-3.906772700000000001e-03
7.404141429000000000e+09	2.511256500000000075e-03	-3.889369599999999930e-03
7.404143857000000000e+09	2.557789200000000051e-03	-3.909848599999999827e-03
7.404146286000000000e+09	2.552097299999999801e-03	-3.886914400000000130e-03
7.404148714000000000e+09	2.605479200000000023e-03	-3.873657300000000071e-03
7.404151143000000000e+09	2.570175699999999869e-03	-3.893088199999999912e-03
7.404153571000000000e+09	2.516713700000000088e-03	-3.880767800000000083e-03
7.404156000000000000e+09	2.579927599999999859e-03	-3.878160199999999922e-03
7.404158429000000000e+09	2.508497399999999860e-03	-3.813894999999999872e-03
7.404160857000000000e+09	2.538948100000000107e-03	-3.872331699999999929e-03
7.404163286000000000e+09	2.570270700000000172e-03	-3.867954299999999939e-03
7.404165714000000000e+09	2.517236099999999987e-03	-3.911054800000000019e-03
7.404168143000000000e+09	2.491811100000000060e-03	-3.938890399999999715e-03
7.404170571000000000e+09	2.516683999999999935e-03	-3.879546199999999844e-03
7.404173000000000000e+09	2.486876500000000014e-03	-3.902628100000000034e-03
7.404175429000000000e+09	2.547102600000000078e-03	-3.883046399999999943e-03
7.404177857000000000e+09	2.507833699999999916e-03	-3.891436600000000058e-03
7.404180286000000000e+09	2.519229600000000204e-03	-3.907977299999999647e-03
7.404182714000000000e+09	2.481027199999999867e-03	-3.931323900000000329e-03
7.404185143000000000e+09	2.502614299999999896e-03	-3.902771699999999996e-03
7.404187571000000000e+09	2.470420999999999988e-03	-3.885383899999999939e-03
7.404190000000000000e+09	2.465131299999999848e-03	-3.911234399999999681e-03
7.404192429000000000e+09	2.453480400000000207e-03	-3.917078299999999721e-03
7.404194857000000000e+09	2.482046999999999812e-03	-3.950306899999999656e-03
7.404197286000000000e+09	2.419878900000000180e-03	-3.902705399999999939e-03
7.404199714000000000e+09	2.486102899999999890e-03	-3.915965999999999891e-03
7.404202143000000000e+09	2.407764299999999840e-03	-3.964783799999999775e-03
7.404204571000000000e+09	2.458753499999999891e-03	-3.925212099999999572e-03
7.404207000000000000e+09	2.464478799999999820e-03	-3.968972799999999704e-03
7.404209429000000000e+09	2.449135299999999956e-03	-3.960696399999999798e-03
7.404211857000000000e+09	2.439347799999999969e-03	-3.954988199999999628e-03
7.404214286000000000e+09	2.416030300000000103e-03	-3.986029200000000376e-03
7.404216714000000000e+09	2.369816500000000020e-03	-3.950401499999999823e-03
7.404219143000000000e+09	2.445967900000000153e-03	-3.942043999999999583e-03
7.404221571000000000e+09	2.453322100000000002e-03	-3.978575600000000025e-03
7.404224000000000000e+09	2.416127100000000152e-03	-3.904160299999999938e-03
7.404226429000000000e+09	2.392333200000000028e-03	-3.967969800000000283e-03
7.404228857000000000e+09	2.348990100000000053e-03	-4.029359899999999592e-03
7.404231286000000000e+09	2.387168800000000115e-03	-3.956259799999999570e-03
7.404233714000000000e+09	2.344595799999999938e-03	-3.980165499999999655e-03
7.404236143000000000e+09	2.401228400000000179e-03	-3.995861899999999731e-03
7.404238571000000000e+09	2.347984699999999814e-03	-3.991354899999999782e-03
7.404241000000000000e+09	2.344082300000000039e-03	-3.961370900000000389e-03
7.404243429000000000e+09	2.389337000000000058e-03	-3.963710599999999834e-03
7.404245857000000000e+09	2.363401199999999851e-03	-3.984070000000000146e-03
7.404248286000000000e+09	2.350978699999999900e-03	-4.008060400000000058e-03
7.404250714000000000e+09	2.345328199999999891e-03	-3.977985499999999591e-03
7.404253143000000000e+09	2.296566800000000158e-03	-3.983245199999999910e-03
7.404255571000000000e+09	2.315844100000000096e-03	-3.989407000000000370e-03
7.404258000000000000e+09	2.306181400000000166e-03	-4.008635200000000044e-03
7.404260429000000000e+09	2.331624899999999896e-03	-4.020166300000000033e-03
7.404262857000000000e+09	2.356663100000000195e-03	-4.007565900000000132e-03
7.404265286000000000e+09	2.350027199999999827e-03	-4.004533600000000429e-03
7.404267714000000000e+09	2.346614400000000041e-03	-4.002530899999999676e-03
7.404270143000000000e+09	2.304474500000000103e-03	-4.023993499999999751e-03
7.404272571000000000e+09	2.244587200000000213e-03	-4.021816600000000311e-03
7.404275000000000000e+09	2.336844900000000121e-03	-4.050421000000000230e-03
7.404277429000000000e+09	2.302967099999999982e-03	-4.038751400000000283e-03
7.404279857000000000e+09	2.303706799999999822e-03	-3.984627900000000007e-03
7.404282286000000000e+09	2.289515000000000213e-03	-4.004299799999999632e-03
7.404284714000000000e+09	2.314315799999999788e-03	-3.996740300000000030e-03
7.404287143000000000e+09	2.271979899999999799e-03	-4.040228499999999612e-03
7.404289571000000000e+09	2.204684799999999997e-03	-4.014431300000000265e-03
7.404292000000000000e+09	2.325246400000000133e-03	-4.039428200000000357e-03
7.404294429000000000e+09	2.226994700000000174e-03	-4.051621400000000178e-03
7.404296857000000000e+09	2.262477199999999786e-03	-4.085079200000000209e-03
7.404299286000000000e+09	2.282762299999999914e-03	-4.031107600000000124e-03
7.404301714000000000e+09	2.258068499999999965e-03	-4.069290700000000385e-03
7.404304143000000000e+09	2.244593400000000159e-03	-4.036989599999999713e-03
7.404306571000000000e+09	2.208980499999999882e-03	-4.089388799999999630e-03
7.404309000000000000e+09	2.254490899999999926e-03	-4.083344299999999705e-03
7.404311429000000000e+09	2.211199300000000166e-03	-4.027361499999999872e-03
7.404313857000000000e+09	2.228942399999999952e-03	-4.093324899999999621e-03
7.404316286000000000e+09	2.191058300000000170e-03	-4.096672600000000192e-03
7.404318714000000000e+09	2.274584000000000068e-03	-4.108027299999999875e-03
7.404321143000000000e+09	2.199502800000000154e-03	-4.060656799999999567e-03
7.404323571000000000e+09	2.136078799999999861e-03	-4.052532799999999588e-03
7.404326000000000000e+09	2.239540300000000036e-03	-4.081898900000000344e-03
7.404328429000000000e+09	2.210534000000000110e-03	-4.111097900000000062e-03
7.404330857000000000e+09	2.201073699999999810e-03	-4.113870399999999643e-03
7.404333286000000000e+09	2.158959399999999928e-03	-4.070822800000000255e-03
7.404335714000000000e+09	2.144848799999999819e-03	-4.056386399999999635e-03
7.404338143000000000e+09	2.141422300000000133e-03	-4.077873099999999688e-03
7.404340571000000000e+09	2.161562499999999856e-03	-4.071861599999999741e-03
7.404343000000000000e+09	2.186296099999999933e-03	-4.119858900000000421e-03
7.404345429000000000e+09	2.136472500000000108e-03	-4.105751599999999703e-03
7.404347857000000000e+09	2.144463799999999937e-03	-4.119021300000000156e-03
7.404350286000000000e+09	2.140527399999999844e-03	-4.121993800000000284e-03
7.404352714000000000e+09	2.111062199999999989e-03	-4.129244199999999865e-03
7.404355143000000000e+09	2.135153500000000048e-03	-4.057324299999999842e-03
7.404357571000000000e+09	2.116525800000000016e-03	-4.094525899999999774e-03
7.404360000000000000e+09	2.112888299999999935e-03	-4.064831199999999721e-03
7.404362429000000000e+09	2.098622200000000142e-03	-4.129331499999999711e-03
7.404364857000000000e+09	2.093483399999999852e-03	-4.160473300000000138e-03
7.404367286000000000e+09	2.138863999999999869e-03	-4.139885900000000139e-03
7.404369714000000000e+09	2.066578900000000212e-03	-4.131807799999999767e-03
7.404372143000000000e+09	2.086020699999999867e-03	-4.129118499999999935e-03
7.404374571000000000e+09	2.098647300000000028e-03	-4.157342900000000376e-03
7.404377000000000000e+09	2.050507999999999931e-03	-4.111234899999999942e-03
7.404379429000000000e+09	2.032595600000000093e-03	-4.142104100000000219e-03
7.404381857000000000e+09	2.019349599999999915e-03	-4.145936400000000376e-03
7.404384286000000000e+09	2.053770600000000106e-03	-4.138255100000000006e-03
7.404386714000000000e+09	2.072359299999999849e-03	-4.142061699999999638e-03
7.404389143000000000e+09	2.040389000000000091e-03	-4.181963500000000084e-03
7.404391571000000000e+09	2.082413300000000075e-03	-4.091750499999999638e-03
7.404394000000000000e+09	2.091008499999999840e-03	-4.157597399999999992e-03
7.404396429000000000e+09	2.017222899999999812e-03	-4.128614800000000341e-03
7.404398857000000000e+09	2.048954500000000137e-03	-4.152183099999999863e-03
7.404401286000000000e+09	2.019439100000000077e-03	-4.167007999999999823e-03
7.404403714000000000e+09	2.020044800000000192e-03	-4.138455400000000221e-03
7.404406143000000000e+09	2.015979299999999877e-03	-4.154038799999999927e-03
7.404408571000000000e+09	1.999214899999999899e-03	-4.147059899999999688e-03
7.404411000000000000e+09	2.009059300000000207e-03	-4.123995499999999828e-03
7.404413429000000000e+09	1.983849900000000076e-03	-4.230802399999999790e-03
7.404415857000000000e+09	2.000233299999999801e-03	-4.165559999999999576e-03
7.404418286000000000e+09	1.984485499999999979e-03	-4.193934600000000061e-03
7.404420714000000000e+09	2.006059000000000141e-03	-4.150775100000000245e-03
7.404423143000000000e+09	1.979031500000000190e-03	-4.160833400000000203e-03
7.404425571000000000e+09	1.958668499999999951e-03	-4.215820599999999668e-03
7.404428000000000000e+09	1.996443999999999996e-03	-4.247629799999999567e-03
7.404430429000000000e+09	1.959566700000000064e-03	-4.171816299999999735e-03
7.404432857000000000e+09	1.917202000000000012e-03	-4.176698500000000126e-03
7.404435286000000000e+09	1.961135900000000008e-03	-4.197523400000000016e-03
7.404437714000000000e+09	1.972788999999999966e-03	-4.219091500000000071e-03
7.404440143000000000e+09	1.943932399999999915e-03	-4.199212299999999579e-03
7.404442571000000000e+09	1.974432800000000196e-03	-4.159114700000000019e-03
7.404445000000000000e+09	1.943975500000000084e-03	-4.229851100000000218e-03
7.404447429000000000e+09	1.964087099999999812e-03	-4.205521799999999664e-03
7.404449857000000000e+09	1.986676599999999925e-03	-4.181981999999999887e-03
7.404452286000000000e+09	1.951325799999999904e-03	-4.178152099999999682e-03
7.404454714000000000e+09	1.922884799999999977e-03	-4.214503599999999857e-03
7.404457143000000000e+09	1.935107300000000032e-03	-4.186897600000000393e-03
7.404459571000000000e+09	1.942318599999999940e-03	-4.243875099999999852e-03
7.404462000000000000e+09	1.912704199999999948e-03	-4.231475600000000371e-03
7.404464429000000000e+09	1.927213299999999989e-03	-4.217670500000000357e-03
7.404466857000000000e+09	1.841079499999999976e-03	-4.171545500000000198e-03
7.404469286000000000e+09	1.911718599999999955e-03	-4.198343999999999687e-03
7.404471714000000000e+09	1.871464900000000074e-03	-4.228129700000000414e-03
7.404474143000000000e+09	1.882503800000000053e-03	-4.224219999999999885e-03
7.404476571000000000e+09	1.856083300000000011e-03	-4.258911800000000046e-03
7.404479000000000000e+09	1.796244700000000031e-03	-4.244287299999999902e-03
7.404481429000000000e+09	1.809131500000000017e-03	-4.224056000000000338e-03
7.404483857000000000e+09	1.868171500000000021e-03	-4.213382199999999959e-03
7.404486286000000000e+09	1.803445400000000011e-03	-4.266736699999999945e-03
7.404488714000000000e+09	1.842456599999999899e-03	-4.214098399999999592e-03
7.404491143000000000e+09	1.868038200000000102e-03	-4.244153500000000245e-03
7.404493571000000000e+09	1.800606200000000020e-03	-4.270879099999999595e-03
7.404496000000000000e+09	1.851096900000000081e-03	-4.244457499999999828e-03
7.404498429000000000e+09	1.798365500000000073e-03	-4.226564500000000099e-03
7.404500857000000000e+09	1.826516100000000068e-03	-4.235200500000000333e-03
7.404503286000000000e+09	1.788037199999999985e-03	-4.255781600000000352e-03
7.404505714000000000e+09	1.769081299999999924e-03	-4.199800499999999798e-03
7.404508143000000000e+09	1.787283900000000061e-03	-4.273047799999999709e-03
7.404510571000000000e+09	1.780228999999999926e-03	-4.275351499999999888e-03
7.404513000000000000e+09	1.788995700000000060e-03	-4.271515200000000102e-03
7.404515429000000000e+09	1.711359499999999924e-03	-4.227857500000000400e-03
7.404517857000000000e+09	1.807815599999999931e-03	-4.259247600000000064e-03
7.404520286000000000e+09	1.764800599999999950e-03	-4.290535100000000303e-03
7.404522714000000000e+09	1.748733699999999950e-03	-4.295618299999999848e-03
7.404525143000000000e+09	1.789963500000000055e-03	-4.345603299999999634e-03
7.404527571000000000e+09	1.791787100000000015e-03	-4.306338899999999706e-03
7.404530000000000000e+09	1.733493399999999933e-03	-4.252850800000000132e-03
7.404532429000000000e+09	1.743638800000000101e-03	-4.272725899999999660e-03
7.404534857000000000e+09	1.743971499999999930e-03	-4.301335800000000154e-03
7.404537286000000000e+09	1.739303499999999940e-03	-4.263172499999999705e-03
7.404539714000000000e+09	1.717921199999999926e-03	-4.237817900000000367e-03
7.404542143000000000e+09	1.703514400000000076e-03	-4.283714000000000098e-03
7.404544571000000000e+09	1.723605700000000037e-03	-4.281353400000000031e-03
7.404547000000000000e+09	1.762208300000000019e-03	-4.267835900000000078e-03
7.404549429000000000e+09	1.729627199999999925e-03	-4.304305100000000057e-03
7.404551857000000000e+09	1.734307000000000036e-03	-4.328333600000000385e-03
7.404554286000000000e+09	1.703214100000000021e-03	-4.304281099999999680e-03
7.404556714000000000e+09	1.653929599999999934e-03	-4.271417599999999780e-03
7.404559143000000000e+09	1.674443999999999976e-03	-4.361343000000000164e-03
7.404561571000000000e+09	1.619726699999999957e-03	-4.299150800000000119e-03
7.404564000000000000e+09	1.680945000000000095e-03	-4.303327499999999757e-03
7.404566429000000000e+09	1.669686299999999972e-03	-4.313790599999999843e-03
7.404568857000000000e+09	1.654786500000000058e-03	-4.264866899999999843e-03
7.404571286000000000e+09	1.706909300000000046e-03	-4.304015999999999918e-03
7.404573714000000000e+09	1.685136600000000043e-03	-4.324169899999999976e-03
7.404576143000000000e+09	1.667477799999999948e-03	-4.305808399999999647e-03
7.404578571000000000e+09	1.703794499999999965e-03	-4.298666900000000339e-03
7.404581000000000000e+09	1.644243199999999945e-03	-4.366611400000000413e-03
7.404583429000000000e+09	1.643298899999999941e-03	-4.310423699999999664e-03
7.404585857000000000e+09	1.618241600000000068e-03	-4.287334299999999952e-03
7.404588286000000000e+09	1.640523199999999919e-03	-4.334965300000000188e-03
7.404590714000000000e+09	1.595103000000000059e-03	-4.330704999999999798e-03
7.404593143000000000e+09	1.622200899999999947e-03	-4.285536500000000117e-03
7.404595571000000000e+09	1.622898700000000027e-03	-4.362934199999999804e-03
7.404598000000000000e+09	1.589792000000000028e-03	-4.323941199999999617e-03
7.404600429000000000e+09	1.600290799999999928e-03	-4.354407400000000379e-03
7.404602857000000000e+09	1.571284399999999968e-03	-4.328021599999999809e-03
7.404605286000000000e+09	1.600705800000000066e-03	-4.374259499999999870e-03
7.404607714000000000e+09	1.534957599999999976e-03	-4.352324799999999702e-03
7.404610143000000000e+09	1.541567499999999934e-03	-4.287310100000000374e-03
7.404612571000000000e+09	1.582101200000000105e-03	-4.351528000000000340e-03
7.404615000000000000e+09	1.572262700000000074e-03	-4.302020900000000023e-03
7.404617429000000000e+09	1.614626999999999989e-03	-4.394574600000000254e-03
7.404619857000000000e+09	1.557056999999999929e-03	-4.346459799999999839e-03
7.404622286000000000e+09	1.558238499999999938e-03	-4.389599699999999910e-03
7.404624714000000000e+09	1.549243999999999968e-03	-4.327256600000000016e-03
7.404627143000000000e+09	1.562343299999999994e-03	-4.321436700000000353e-03
7.404629571000000000e+09	1.489138899999999967e-03	-4.375641100000000026e-03
7.404632000000000000e+09	1.523475199999999898e-03	-4.286715099999999570e-03
7.404634429000000000e+09	1.517675399999999933e-03	-4.354335699999999781e-03
7.404636857000000000e+09	1.539335499999999919e-03	-4.355121299999999661e-03
7.404639286000000000e+09	1.533466600000000027e-03	-4.348175900000000003e-03
7.404641714000000000e+09	1.525253899999999942e-03	-4.304213999999999783e-03
7.404644143000000000e+09	1.467260499999999915e-03	-4.401916700000000314e-03
7.404646571000000000e+09	1.487145600000000034e-03	-4.357780900000000207e-03
7.404649000000000000e+09	1.491397800000000048e-03	-4.376227499999999632e-03
7.404651429000000000e+09	1.450709099999999930e-03	-4.357859999999999859e-03
7.404653857000000000e+09	1.473840400000000052e-03	-4.398199700000000011e-03
7.404656286000000000e+09	1.483076899999999929e-03	-4.359089400000000156e-03
7.404658714000000000e+09	1.456785300000000040e-03	-4.382733699999999573e-03
7.404661143000000000e+09	1.427098300000000011e-03	-4.363914600000000192e-03
7.404663571000000000e+09	1.487155700000000009e-03	-4.392653199999999904e-03
7.404666000000000000e+09	1.448395099999999925e-03	-4.438466400000000422e-03
7.404668429000000000e+09	1.412661699999999973e-03	-4.293750899999999697e-03
7.404670857000000000e+09	1.488345700000000098e-03	-4.353553199999999658e-03
7.404673286000000000e+09	1.410679400000000106e-03	-4.379044099999999939e-03
7.404675714000000000e+09	1.433435600000000035e-03	-4.363847199999999760e-03
7.404678143000000000e+09	1.444399899999999947e-03	-4.390461099999999617e-03
7.404680571000000000e+09	1.423421700000000040e-03	-4.350825200000000073e-03
7.404683000000000000e+09	1.389939300000000077e-03	-4.424924000000000218e-03
7.404685429000000000e+09	1.414173300000000008e-03	-4.371022100000000049e-03
7.404687857000000000e+09	1.433370000000000000e-03	-4.345091199999999779e-03
7.404690286000000000e+09	1.373525000000000006e-03	-4.334184300000000142e-03
7.404692714000000000e+09	1.424059699999999894e-03	-4.367313400000000408e-03
7.404695143000000000e+09	1.429009800000000021e-03	-4.354161999999999963e-03
7.404697571000000000e+09	1.384285399999999992e-03	-4.384671199999999776e-03
7.404700000000000000e+09	1.362007900000000021e-03	-4.395491399999999771e-03
7.404702429000000000e+09	1.389093500000000052e-03	-4.355295799999999752e-03
7.404704857000000000e+09	1.362519300000000072e-03	-4.380592600000000197e-03
7.404707286000000000e+09	1.336531200000000029e-03	-4.418069799999999568e-03
7.404709714000000000e+09	1.388036000000000044e-03	-4.421291800000000209e-03
7.404712143000000000e+09	1.294279699999999981e-03	-4.436230200000000276e-03
7.404714571000000000e+09	1.333570000000000068e-03	-4.440743599999999805e-03
7.404717000000000000e+09	1.355792300000000080e-03	-4.381738999999999946e-03
7.404719429000000000e+09	1.358647699999999958e-03	-4.374077300000000189e-03
7.404721857000000000e+09	1.329064800000000083e-03	-4.440156899999999664e-03
7.404724286000000000e+09	1.335513900000000068e-03	-4.422146299999999731e-03
7.404726714000000000e+09	1.314795199999999964e-03	-4.460397700000000298e-03
7.404729143000000000e+09	1.304801699999999986e-03	-4.426902400000000057e-03
7.404731571000000000e+09	1.265945199999999942e-03	-4.411759399999999609e-03
7.404734000000000000e+09	1.344989800000000050e-03	-4.428717700000000222e-03
7.404736429000000000e+09	1.312792300000000011e-03	-4.348625200000000128e-03
7.404738857000000000e+09	1.299808400000000089e-03	-4.391254800000000090e-03
7.404741286000000000e+09	1.204175700000000059e-03	-4.465384499999999930e-03
7.404743714000000000e+09	1.259202299999999950e-03	-4.339166400000000340e-03
7.404746143000000000e+09	1.276523099999999928e-03	-4.476298099999999683e-03
7.404748571000000000e+09	1.220866400000000058e-03	-4.389128100000000421e-03
7.404751000000000000e+09	1.274794600000000088e-03	-4.420856100000000385e-03
7.404753429000000000e+09	1.217969300000000055e-03	-4.415261200000000254e-03
7.404755857000000000e+09	1.200547699999999964e-03	-4.430004700000000212e-03
7.404758286000000000e+09	1.225189800000000065e-03	-4.414799300000000169e-03
7.404760714000000000e+09	1.221297699999999899e-03	-4.380494300000000070e-03
7.404763143000000000e+09	1.281699899999999949e-03	-4.385603099999999671e-03
7.404765571000000000e+09	1.243416999999999916e-03	-4.424049999999999684e-03
7.404768000000000000e+09	1.245739199999999899e-03	-4.382512400000000002e-03
7.404770429000000000e+09	1.214692000000000072e-03	-4.419467300000000376e-03
7.404772857000000000e+09	1.220619199999999896e-03	-4.415264300000000010e-03
7.404775286000000000e+09	1.230098399999999918e-03	-4.445010699999999912e-03
7.404777714000000000e+09	1.231932100000000070e-03	-4.487808999999999722e-03
7.404780143000000000e+09	1.188746899999999947e-03	-4.427389599999999661e-03
7.404782571000000000e+09	1.210985799999999982e-03	-4.459268300000000275e-03
7.404785000000000000e+09	1.211943999999999955e-03	-4.424763100000000428e-03
7.404787429000000000e+09	1.186877700000000049e-03	-4.413118399999999865e-03
7.404789857000000000e+09	1.161624800000000046e-03	-4.444884900000000381e-03
7.404792286000000000e+09	1.125943099999999943e-03	-4.389457400000000391e-03
7.404794714000000000e+09	1.175822700000000000e-03	-4.495928700000000403e-03
7.404797143000000000e+09	1.153541199999999966e-03	-4.464558900000000288e-03
7.404799571000000000e+09	1.129361099999999984e-03	-4.438621900000000106e-03
7.404802000000000000e+09	1.120330500000000064e-03	-4.432077500000000149e-03
7.404804429000000000e+09	1.094006800000000071e-03	-4.460022000000000118e-03
7.404806857000000000e+09	1.133978400000000032e-03	-4.480664500000000258e-03
7.404809286000000000e+09	1.087969800000000101e-03	-4.457828199999999685e-03
7.404811714000000000e+09	1.121582899999999964e-03	-4.518876199999999864e-03
7.404814143000000000e+09	1.112887099999999938e-03	-4.453801000000000287e-03
7.404816571000000000e+09	1.125708499999999957e-03	-4.413786999999999745e-03
7.404819000000000000e+09	1.086724100000000101e-03	-4.467061500000000206e-03
7.404821429000000000e+09	1.108703499999999899e-03	-4.475034999999999603e-03
7.404823857000000000e+09	1.086826099999999972e-03	-4.472850599999999774e-03
7.404826286000000000e+09	1.113983800000000086e-03	-4.437738899999999972e-03
7.404828714000000000e+09	1.037354699999999902e-03	-4.464981199999999879e-03
7.404831143000000000e+09	1.060401899999999968e-03	-4.505510600000000102e-03
7.404833571000000000e+09	1.060852300000000034e-03	-4.439757400000000041e-03
7.404836000000000000e+09	1.042507000000000026e-03	-4.469347999999999724e-03
7.404838429000000000e+09	1.014660099999999945e-03	-4.440972300000000164e-03
7.404840857000000000e+09	1.070553199999999981e-03	-4.444519099999999674e-03
7.404843286000000000e+09	1.010704100000000107e-03	-4.405269100000000319e-03
7.404845714000000000e+09	1.020543000000000058e-03	-4.465069599999999667e-03
7.404848143000000000e+09	9.843835000000000866e-04	-4.446796799999999661e-03
7.404850571000000000e+09	1.041146699999999977e-03	-4.441485099999999825e-03
7.404853000000000000e+09	1.035164000000000093e-03	-4.437258799999999753e-03
7.404855429000000000e+09	1.018377300000000100e-03	-4.539752799999999602e-03
7.404857857000000000e+09	1.013689900000000000e-03	-4.478698799999999980e-03
7.404860286000000000e+09	9.916511999999999289e-04	-4.547556000000000341e-03
7.404862714000000000e+09	1.001974799999999933e-03	-4.478621099999999938e-03
7.404865143000000000e+09	1.032873500000000078e-03	-4.488278299999999728e-03
7.404867571000000000e+09	1.010053699999999928e-03	-4.530801800000000372e-03
7.404870000000000000e+09	1.020155999999999927e-03	-4.509441000000000317e-03
7.404872429000000000e+09	1.017752700000000045e-03	-4.435007200000000427e-03
7.404874857000000000e+09	9.901801000000000439e-04	-4.504033299999999837e-03
7.404877286000000000e+09	9.956560999999999623e-04	-4.448756400000000027e-03
7.404879714000000000e+09	9.675105000000000467e-04	-4.491814900000000096e-03
7.404882143000000000e+09	9.592846000000000142e-04	-4.464606900000000177e-03
7.404884571000000000e+09	9.362656999999999490e-04	-4.505192800000000150e-03
7.404887000000000000e+09	9.393147999999999602e-04	-4.494358799999999786e-03
7.404889429000000000e+09	9.793003999999999251e-04	-4.494664100000000245e-03
7.404891857000000000e+09	9.200754000000000441e-04	-4.453280100000000033e-03
7.404894286000000000e+09	9.174533000000000341e-04	-4.459331900000000279e-03
7.404896714000000000e+09	9.356804999999999940e-04	-4.547932400000000326e-03
7.404899143000000000e+09	9.080280999999999943e-04	-4.505623999999999740e-03
7.404901571000000000e+09	9.271658000000000330e-04	-4.502555099999999699e-03
7.404904000000000000e+09	9.170870999999999494e-04	-4.479965699999999620e-03
7.404906429000000000e+09	8.917893000000000304e-04	-4.467276899999999933e-03
7.404908857000000000e+09	9.267894999999999736e-04	-4.492869600000000234e-03
7.404911286000000000e+09	8.889784000000000401e-04	-4.468600399999999792e-03
7.404913714000000000e+09	9.350368999999999651e-04	-4.490341800000000397e-03
7.404916143000000000e+09	8.976707999999999910e-04	-4.506837300000000185e-03
7.404918571000000000e+09	8.781957999999999648e-04	-4.525027899999999915e-03
7.404921000000000000e+09	9.136144000000000123e-04	-4.547220499999999992e-03
7.404923429000000000e+09	8.811881000000000141e-04	-4.509704199999999864e-03
7.404925857000000000e+09	8.505026000000000383e-04	-4.511711100000000314e-03
7.404928286000000000e+09	8.525536999999999482e-04	-4.498097700000000185e-03
7.404930714000000000e+09	8.279395999999999631e-04	-4.514999399999999712e-03
7.404933143000000000e+09	9.027682999999999671e-04	-4.470321799999999596e-03
7.404935571000000000e+09	9.059658999999999855e-04	-4.495995299999999695e-03
7.404938000000000000e+09	8.725395000000000373e-04	-4.530368400000000031e-03
7.404940429000000000e+09	9.140360000000000151e-04	-4.516628699999999767e-03
7.404942857000000000e+09	8.419473000000000018e-04	-4.503393100000000100e-03
7.404945286000000000e+09	8.205152000000000279e-04	-4.466731199999999895e-03
7.404947714000000000e+09	8.224451000000000244e-04	-4.500395499999999653e-03
7.404950143000000000e+09	8.219431999999999607e-04	-4.493494199999999855e-03
7.404952571000000000e+09	8.413573000000000362e-04	-4.539330400000000411e-03
7.404955000000000000e+09	7.723136000000000454e-04	-4.525357600000000022e-03
7.404957429000000000e+09	7.490730999999999822e-04	-4.508522200000000119e-03
7.404959857000000000e+09	7.698397999999999743e-04	-4.532435799999999862e-03
7.404962286000000000e+09	8.095898999999999717e-04	-4.493922099999999621e-03
7.404964714000000000e+09	7.520527999999999632e-04	-4.487409399999999632e-03
7.404967143000000000e+09	7.133642000000000368e-04	-4.528792599999999571e-03
7.404969571000000000e+09	7.353515999999999612e-04	-4.510978700000000362e-03
7.404972000000000000e+09	7.458459999999999873e-04	-4.529157899999999674e-03
7.404974429000000000e+09	7.798370000000000215e-04	-4.522285899999999893e-03
7.404976857000000000e+09	7.204429000000000475e-04	-4.504957399999999675e-03
7.404979286000000000e+09	7.353355000000000004e-04	-4.496389499999999678e-03
7.404981714000000000e+09	7.763660000000000136e-04	-4.485487100000000275e-03
7.404984143000000000e+09	7.573982000000000154e-04	-4.469978900000000192e-03
7.404986571000000000e+09	6.947071999999999883e-04	-4.448596400000000110e-03
7.404989000000000000e+09	7.277232999999999922e-04	-4.531259099999999755e-03
7.404991429000000000e+09	7.561849000000000045e-04	-4.520052299999999766e-03
7.404993857000000000e+09	7.027446999999999600e-04	-4.556256300000000384e-03
7.404996286000000000e+09	7.161993000000000395e-04	-4.507345099999999875e-03
7.404998714000000000e+09	6.782255000000000271e-04	-4.532322499999999824e-03
7.405001143000000000e+09	7.335567000000000303e-04	-4.510964200000000188e-03
7.405003571000000000e+09	6.881024999999999598e-04	-4.530362900000000324e-03
7.405006000000000000e+09	6.784529999999999771e-04	-4.488022500000000102e-03
7.405008429000000000e+09	6.440620000000000416e-04	-4.532847999999999912e-03
7.405010857000000000e+09	7.410518000000000053e-04	-4.488747199999999597e-03
7.405013286000000000e+09	6.813066000000000001e-04	-4.551204799999999939e-03
7.405015714000000000e+09	6.655027000000000208e-04	-4.564132999999999732e-03
7.405018143000000000e+09	6.609880999999999743e-04	-4.521828099999999906e-03
7.405020571000000000e+09	6.781073999999999782e-04	-4.549646099999999672e-03
7.405023000000000000e+09	6.381321999999999819e-04	-4.559214199999999870e-03
7.405025429000000000e+09	6.398285000000000083e-04	-4.515542899999999867e-03
7.405027857000000000e+09	6.130229999999999750e-04	-4.571718300000000325e-03
7.405030286000000000e+09	6.461334000000000435e-04	-4.568681500000000388e-03
7.405032714000000000e+09	6.353783999999999474e-04	-4.546944100000000280e-03
7.405035143000000000e+09	6.212811999999999632e-04	-4.575559800000000149e-03
7.405037571000000000e+09	5.954746000000000128e-04	-4.489179799999999665e-03
7.405040000000000000e+09	6.123667999999999863e-04	-4.549581999999999932e-03
7.405042429000000000e+09	6.201234000000000130e-04	-4.554422399999999947e-03
7.405044857000000000e+09	6.036941999999999569e-04	-4.535471600000000325e-03
7.405047286000000000e+09	5.922988999999999815e-04	-4.540553600000000328e-03
7.405049714000000000e+09	5.719098999999999841e-04	-4.529172199999999780e-03
7.405052143000000000e+09	5.577613000000000362e-04	-4.502225599999999661e-03
7.405054571000000000e+09	6.149999999999999868e-04	-4.558644399999999854e-03
7.405057000000000000e+09	5.498961999999999817e-04	-4.578133300000000391e-03
7.405059429000000000e+09	5.375424000000000391e-04	-4.516801499999999712e-03
7.405061857000000000e+09	5.512677999999999806e-04	-4.509571000000000413e-03
7.405064286000000000e+09	5.726397999999999515e-04	-4.565419599999999585e-03
7.405066714000000000e+09	5.240718999999999586e-04	-4.592608399999999896e-03
7.405069143000000000e+09	5.486283000000000002e-04	-4.562490500000000379e-03
7.405071571000000000e+09	5.487836999999999750e-04	-4.554181899999999901e-03
7.405074000000000000e+09	5.409348000000000238e-04	-4.545778000000000318e-03
7.405076429000000000e+09	4.795000000000000000e-04	-4.535873900000000035e-03
7.405078857000000000e+09	5.099622999999999743e-04	-4.571869400000000243e-03
7.405081286000000000e+09	5.265755000000000002e-04	-4.566147799999999840e-03
7.405083714000000000e+09	5.503937999999999886e-04	-4.604992300000000129e-03
7.405086143000000000e+09	5.353276999999999602e-04	-4.565448199999999797e-03
7.405088571000000000e+09	4.995969999999999534e-04	-4.571770699999999979e-03
7.405091000000000000e+09	4.905251000000000446e-04	-4.547573899999999940e-03
7.405093429000000000e+09	4.653783000000000095e-04	-4.546551599999999575e-03
7.405095857000000000e+09	4.866555999999999963e-04	-4.536930199999999851e-03
7.405098286000000000e+09	4.577040000000000210e-04	-4.558845500000000342e-03
7.405100714000000000e+09	4.159222000000000071e-04	-4.561608899999999855e-03
7.405103143000000000e+09	4.475967999999999765e-04	-4.544021999999999992e-03
7.405105571000000000e+09	4.814242999999999843e-04	-4.585448899999999654e-03
7.405108000000000000e+09	4.479570000000000210e-04	-4.519259099999999897e-03
7.405110429000000000e+09	4.363616999999999865e-04	-4.471201999999999642e-03
7.405112857000000000e+09	4.793260000000000251e-04	-4.593729999999999862e-03
7.405115286000000000e+09	4.479466999999999781e-04	-4.566824599999999915e-03
7.405117714000000000e+09	4.635293999999999873e-04	-4.520164200000000194e-03
7.405120143000000000e+09	4.768128000000000167e-04	-4.555930599999999907e-03
7.405122571000000000e+09	4.034107000000000101e-04	-4.567280600000000156e-03
7.405125000000000000e+09	3.159920999999999997e-04	-4.516478200000000054e-03
7.405127429000000000e+09	4.215876000000000020e-04	-4.549223600000000013e-03
7.405129857000000000e+09	3.996270999999999808e-04	-4.570753700000000121e-03
7.405132286000000000e+09	4.566867999999999861e-04	-4.544497300000000309e-03
7.405134714000000000e+09	3.526599999999999744e-04	-4.518722499999999927e-03
7.405137143000000000e+09	3.786611999999999856e-04	-4.518831899999999936e-03
7.405139571000000000e+09	3.834654000000000166e-04	-4.571477499999999743e-03
7.405142000000000000e+09	3.793787000000000071e-04	-4.559321399999999996e-03
7.405144429000000000e+09	3.456857999999999828e-04	-4.592842500000000362e-03
7.405146857000000000e+09	3.378041999999999937e-04	-4.491025299999999720e-03
7.405149286000000000e+09	3.664424000000000002e-04	-4.610765299999999844e-03
7.405151714000000000e+09	3.409482000000000029e-04	-4.563463599999999579e-03
7.405154143000000000e+09	3.913152999999999835e-04	-4.524264099999999664e-03
7.405156571000000000e+09	2.922205999999999784e-04	-4.530266500000000411e-03
7.405159000000000000e+09	3.601044000000000076e-04	-4.606721999999999727e-03
7.405161429000000000e+09	3.731135999999999914e-04	-4.567350399999999672e-03
7.405163857000000000e+09	3.069926999999999856e-04	-4.550365599999999996e-03
7.405166286000000000e+09	2.631514000000000162e-04	-4.583631999999999811e-03
7.405168714000000000e+09	2.990795999999999884e-04	-4.523413000000000433e-03
7.405171143000000000e+09	2.246931999999999987e-04	-4.574310600000000039e-03
7.405173571000000000e+09	2.533419999999999878e-04	-4.570205400000000064e-03
7.405176000000000000e+09	2.698668999999999894e-04	-4.611711600000000313e-03
7.405178429000000000e+09	2.618087000000000062e-04	-4.563960100000000186e-03
7.405180857000000000e+09	2.797512000000000262e-04	-4.550995500000000124e-03
7.405183286000000000e+09	3.115651000000000097e-04	-4.560803900000000299e-03
7.405185714000000000e+09	2.691907000000000110e-04	-4.596464399999999895e-03
7.405188143000000000e+09	2.568930999999999884e-04	-4.601780599999999964e-03
7.405190571000000000e+09	2.357086999999999952e-04	-4.591090600000000133e-03
7.405193000000000000e+09	2.838162000000000085e-04	-4.573390299999999763e-03
7.405195429000000000e+09	2.782134000000000018e-04	-4.541947900000000045e-03
7.405197857000000000e+09	2.429212999999999945e-04	-4.590766500000000201e-03
7.405200286000000000e+09	2.561547999999999755e-04	-4.555318699999999846e-03
7.405202714000000000e+09	2.478757999999999960e-04	-4.548786800000000248e-03
7.405205143000000000e+09	2.239658999999999964e-04	-4.545175499999999993e-03
7.405207571000000000e+09	2.173185999999999965e-04	-4.614544200000000006e-03
7.405210000000000000e+09	1.990603000000000023e-04	-4.584617400000000169e-03
7.405212429000000000e+09	1.932931999999999944e-04	-4.559563299999999653e-03
7.405214857000000000e+09	1.278948000000000075e-04	-4.554024099999999867e-03
7.405217286000000000e+09	2.378868000000000074e-04	-4.523204700000000092e-03
7.405219714000000000e+09	1.809451999999999968e-04	-4.496678100000000081e-03
7.405222143000000000e+09	1.804191000000000020e-04	-4.579840299999999621e-03
7.405224571000000000e+09	1.916255999999999971e-04	-4.554687800000000245e-03
7.405227000000000000e+09	1.883017000000000067e-04	-4.519783200000000375e-03
7.405229429000000000e+09	2.119521000000000133e-04	-4.556727699999999805e-03
7.405231857000000000e+09	1.672265999999999889e-04	-4.574967400000000232e-03
7.405234286000000000e+09	1.582865000000000032e-04	-4.618648000000000371e-03
7.405236714000000000e+09	1.467820000000000051e-04	-4.545864900000000028e-03
7.405239143000000000e+09	1.323096000000000114e-04	-4.547535800000000392e-03
7.405241571000000000e+09	9.279169999999999454e-05	-4.541689399999999932e-03
7.405244000000000000e+09	9.498459999999999857e-05	-4.567046299999999621e-03
7.405246429000000000e+09	1.247249000000000025e-04	-4.546452799999999711e-03
7.405248857000000000e+09	1.174393999999999991e-04	-4.558997500000000133e-03
7.405251286000000000e+09	1.568492999999999960e-04	-4.622556100000000355e-03
7.405253714000000000e+09	9.680889999999999396e-05	-4.560265400000000115e-03
7.405256143000000000e+09	9.004490000000000248e-05	-4.563405599999999750e-03
7.405258571000000000e+09	1.101494999999999997e-04	-4.567769499999999906e-03
7.405261000000000000e+09	9.157640000000000636e-05	-4.578969100000000042e-03
7.405263429000000000e+09	1.225297999999999936e-04	-4.605086000000000422e-03
7.405265857000000000e+09	1.330972000000000036e-04	-4.537742600000000195e-03
7.405268286000000000e+09	1.237688999999999933e-04	-4.521592900000000366e-03
7.405270714000000000e+09	1.398391999999999875e-04	-4.615369000000000242e-03
7.405273143000000000e+09	7.674789999999999748e-05	-4.581706599999999831e-03
7.405275571000000000e+09	7.513900000000000176e-06	-4.589788299999999696e-03
7.405278000000000000e+09	8.340400000000000309e-05	-4.538715500000000194e-03
7.405280429000000000e+09	8.047119999999999621e-05	-4.617160000000000361e-03
7.405282857000000000e+09	1.418899999999999917e-05	-4.607383900000000358e-03
7.405285286000000000e+09	2.657760000000000114e-05	-4.520168199999999824e-03
7.405287714000000000e+09	6.054559999999999846e-05	-4.524605800000000393e-03
7.405290143000000000e+09	2.393589999999999897e-05	-4.543446900000000337e-03
7.405292571000000000e+09	-1.344100000000000057e-05	-4.573388599999999617e-03
7.405295000000000000e+09	1.293190000000000065e-05	-4.604121400000000218e-03
7.405297429000000000e+09	5.225820000000000053e-05	-4.589438399999999640e-03
7.405299857000000000e+09	-1.130889999999999942e-05	-4.576027199999999941e-03
7.405302286000000000e+09	4.136639999999999751e-05	-4.574293099999999709e-03
7.405304714000000000e+09	-9.068000000000000255e-06	-4.568356299999999648e-03
7.405307143000000000e+09	1.745970000000000158e-05	-4.559356900000000393e-03
7.405309571000000000e+09	-3.675209999999999664e-05	-4.543252299999999896e-03
7.405312000000000000e+09	-1.359770000000000027e-05	-4.566632400000000293e-03
7.405314429000000000e+09	-1.232809999999999975e-05	-4.618136600000000321e-03
7.405316857000000000e+09	-2.167590000000000028e-05	-4.522230900000000220e-03
7.405319286000000000e+09	-7.403440000000000389e-05	-4.607536100000000218e-03
7.405321714000000000e+09	-3.327730000000000071e-05	-4.538983600000000111e-03
7.405324143000000000e+09	-9.963400000000000186e-06	-4.538793400000000304e-03
7.405326571000000000e+09	-3.397870000000000046e-05	-4.518581600000000018e-03
7.405329000000000000e+09	-2.106829999999999952e-05	-4.628863500000000158e-03
7.405331429000000000e+09	5.664199999999999911e-06	-4.581789699999999979e-03
7.405333857000000000e+09	-7.182160000000000367e-05	-4.617511999999999832e-03
7.405336286000000000e+09	-4.028559999999999932e-05	-4.560681500000000194e-03
7.405338714000000000e+09	-7.745680000000000013e-05	-4.537415099999999972e-03
7.405341143000000000e+09	-7.464970000000000459e-05	-4.562754799999999868e-03
7.405343571000000000e+09	-1.306439000000000114e-04	-4.526513900000000111e-03
7.405346000000000000e+09	-1.329690999999999870e-04	-4.535393000000000410e-03
7.405348429000000000e+09	-6.399129999999999836e-05	-4.569459799999999947e-03
7.405350857000000000e+09	-1.635429000000000093e-04	-4.546475300000000011e-03
7.405353286000000000e+09	-1.634248999999999945e-04	-4.587810900000000199e-03
7.405355714000000000e+09	-8.065830000000000666e-05	-4.558902000000000093e-03
7.405358143000000000e+09	-1.360784999999999881e-04	-4.586599400000000368e-03
7.405360571000000000e+09	-1.176834000000000056e-04	-4.559347699999999858e-03
7.405363000000000000e+09	-1.489905000000000027e-04	-4.545930400000000246e-03
7.405365429000000000e+09	-1.315568999999999940e-04	-4.565614899999999830e-03
7.405367857000000000e+09	-1.422383000000000100e-04	-4.562296999999999880e-03
7.405370286000000000e+09	-1.461695000000000106e-04	-4.549313900000000015e-03
7.405372714000000000e+09	-1.922571999999999996e-04	-4.550029899999999579e-03
7.405375143000000000e+09	-1.484420999999999928e-04	-4.602273700000000280e-03
7.405377571000000000e+09	-1.799522000000000014e-04	-4.528456099999999748e-03
7.405380000000000000e+09	-1.278616999999999959e-04	-4.626402200000000013e-03
7.405382429000000000e+09	-1.620636000000000114e-04	-4.596716899999999696e-03
7.405384857000000000e+09	-2.045996000000000121e-04	-4.520912000000000194e-03
7.405387286000000000e+09	-2.075442000000000042e-04	-4.553564900000000269e-03
7.405389714000000000e+09	-1.313793000000000111e-04	-4.525330999999999625e-03
7.405392143000000000e+09	-1.941691000000000109e-04	-4.501822400000000078e-03
7.405394571000000000e+09	-2.830307999999999804e-04	-4.542023499999999804e-03
7.405397000000000000e+09	-2.072468999999999961e-04	-4.564710900000000342e-03
7.405399429000000000e+09	-2.098260000000000066e-04	-4.537378899999999771e-03
7.405401857000000000e+09	-1.912131999999999873e-04	-4.517170800000000312e-03
7.405404286000000000e+09	-2.323259000000000045e-04	-4.488121700000000103e-03
7.405406714000000000e+09	-2.800093000000000026e-04	-4.524951800000000419e-03
7.405409143000000000e+09	-2.573830000000000258e-04	-4.537681800000000279e-03
7.405411571000000000e+09	-1.957809000000000079e-04	-4.517010600000000327e-03
7.405414000000000000e+09	-2.183522999999999931e-04	-4.508568000000000124e-03
7.405416429000000000e+09	-2.328719999999999889e-04	-4.561545400000000319e-03
7.405418857000000000e+09	-2.569744000000000108e-04	-4.503136999999999938e-03
7.405421286000000000e+09	-2.907240000000000171e-04	-4.575204099999999850e-03
7.405423714000000000e+09	-1.734956000000000063e-04	-4.560271400000000426e-03
7.405426143000000000e+09	-2.892948999999999803e-04	-4.554353799999999973e-03
7.405428571000000000e+09	-2.224347000000000000e-04	-4.580914600000000371e-03
7.405431000000000000e+09	-2.713459000000000205e-04	-4.546160199999999679e-03
7.405433429000000000e+09	-2.551200000000000104e-04	-4.511326900000000271e-03
7.405435857000000000e+09	-2.459747000000000084e-04	-4.520995199999999943e-03
7.405438286000000000e+09	-3.477118999999999870e-04	-4.532666099999999899e-03
7.405440714000000000e+09	-3.342764000000000239e-04	-4.544460400000000302e-03
7.405443143000000000e+09	-3.450729000000000144e-04	-4.513983499999999795e-03
7.405445571000000000e+09	-3.083175000000000173e-04	-4.529462300000000261e-03
7.405448000000000000e+09	-3.101940999999999986e-04	-4.547305599999999955e-03
7.405450429000000000e+09	-3.493411000000000086e-04	-4.492351200000000398e-03
7.405452857000000000e+09	-3.059963999999999761e-04	-4.555524800000000304e-03
7.405455286000000000e+09	-3.624704999999999984e-04	-4.517486900000000118e-03
7.405457714000000000e+09	-3.712265999999999873e-04	-4.512508400000000280e-03
7.405460143000000000e+09	-3.611412999999999841e-04	-4.558926300000000140e-03
7.405462571000000000e+09	-3.737168999999999929e-04	-4.626131399999999609e-03
7.405465000000000000e+09	-3.720433999999999894e-04	-4.498063200000000129e-03
7.405467429000000000e+09	-4.136284000000000054e-04	-4.548448000000000074e-03
7.405469857000000000e+09	-3.301670000000000256e-04	-4.511438799999999832e-03
7.405472286000000000e+09	-3.575070999999999978e-04	-4.533644899999999742e-03
7.405474714000000000e+09	-3.353381999999999804e-04	-4.581226600000000079e-03
7.405477143000000000e+09	-4.072411000000000065e-04	-4.529607599999999935e-03
7.405479571000000000e+09	-3.997620000000000123e-04	-4.522689899999999749e-03
7.405482000000000000e+09	-3.544919000000000000e-04	-4.529717600000000149e-03
7.405484429000000000e+09	-4.113289000000000116e-04	-4.506232300000000308e-03
7.405486857000000000e+09	-4.141441999999999845e-04	-4.515176600000000290e-03
7.405489286000000000e+09	-3.912949000000000201e-04	-4.501846999999999793e-03
7.405491714000000000e+09	-4.792810000000000212e-04	-4.573391199999999636e-03
7.405494143000000000e+09	-4.091788999999999865e-04	-4.493994700000000092e-03
7.405496571000000000e+09	-3.754289999999999862e-04	-4.521317099999999992e-03
7.405499000000000000e+09	-4.131936000000000007e-04	-4.456912199999999574e-03
7.405501429000000000e+09	-4.478576000000000063e-04	-4.475172999999999825e-03
7.405503857000000000e+09	-4.193083000000000118e-04	-4.515678700000000205e-03
7.405506286000000000e+09	-4.603060000000000073e-04	-4.517401400000000018e-03
7.405508714000000000e+09	-4.319007000000000033e-04	-4.554987800000000198e-03
7.405511143000000000e+09	-4.889382999999999533e-04	-4.494021499999999690e-03
7.405513571000000000e+09	-4.703188999999999872e-04	-4.555857299999999631e-03
7.405516000000000000e+09	-4.770326999999999771e-04	-4.512306100000000250e-03
7.405518429000000000e+09	-4.868385000000000247e-04	-4.523665999999999972e-03
7.405520857000000000e+09	-5.009075000000000420e-04	-4.514850100000000407e-03
7.405523286000000000e+09	-4.831478999999999960e-04	-4.503288400000000392e-03
7.405525714000000000e+09	-5.242272000000000078e-04	-4.501794100000000402e-03
7.405528143000000000e+09	-5.095653000000000118e-04	-4.526366000000000417e-03
7.405530571000000000e+09	-4.897277000000000444e-04	-4.517480800000000206e-03
7.405533000000000000e+09	-5.060114999999999578e-04	-4.503864500000000388e-03
7.405535429000000000e+09	-4.926881999999999833e-04	-4.495128699999999949e-03
7.405537857000000000e+09	-4.958071000000000526e-04	-4.473433100000000218e-03
7.405540286000000000e+09	-4.657026000000000091e-04	-4.477502599999999729e-03
7.405542714000000000e+09	-4.721179999999999951e-04	-4.507337200000000217e-03
7.405545143000000000e+09	-4.989013000000000475e-04	-4.537651200000000253e-03
7.405547571000000000e+09	-5.657658999999999562e-04	-4.544415599999999771e-03
7.405550000000000000e+09	-5.720325999999999753e-04	-4.449716599999999599e-03
7.405552429000000000e+09	-5.308551000000000328e-04	-4.512443799999999935e-03
7.405554857000000000e+09	-5.313479000000000292e-04	-4.523603400000000309e-03
7.405557286000000000e+09	-5.591854000000000486e-04	-4.538599200000000000e-03
7.405559714000000000e+09	-5.532732000000000275e-04	-4.492005900000000176e-03
7.405562143000000000e+09	-5.699197999999999504e-04	-4.455226999999999972e-03
7.405564571000000000e+09	-5.494633999999999543e-04	-4.506455300000000025e-03
7.405567000000000000e+09	-6.022946999999999849e-04	-4.471817799999999732e-03
7.405569429000000000e+09	-6.050238000000000534e-04	-4.494359800000000127e-03
7.405571857000000000e+09	-5.774095999999999613e-04	-4.446553699999999595e-03
7.405574286000000000e+09	-5.831165000000000133e-04	-4.479766799999999882e-03
7.405576714000000000e+09	-5.973041000000000331e-04	-4.471603900000000083e-03
7.405579143000000000e+09	-6.929189000000000312e-04	-4.504814799999999619e-03
7.405581571000000000e+09	-6.544701000000000208e-04	-4.533413099999999626e-03
7.405584000000000000e+09	-6.738930999999999871e-04	-4.516716900000000354e-03
7.405586429000000000e+09	-6.742118000000000286e-04	-4.552302900000000131e-03
7.405588857000000000e+09	-6.309398000000000133e-04	-4.491886700000000295e-03
7.405591286000000000e+09	-6.277751999999999725e-04	-4.524032600000000084e-03
7.405593714000000000e+09	-6.375025000000000309e-04	-4.505985700000000350e-03
7.405596143000000000e+09	-6.508005999999999774e-04	-4.511750099999999736e-03
7.405598571000000000e+09	-6.440493000000000476e-04	-4.479351099999999940e-03
7.405601000000000000e+09	-6.959232000000000525e-04	-4.514938900000000331e-03
7.405603429000000000e+09	-6.375082000000000231e-04	-4.475372400000000167e-03
7.405605857000000000e+09	-6.690167999999999809e-04	-4.473109999999999760e-03
7.405608286000000000e+09	-6.792337000000000288e-04	-4.460834099999999927e-03
7.405610714000000000e+09	-6.979465000000000235e-04	-4.513556000000000165e-03
7.405613143000000000e+09	-6.784894999999999555e-04	-4.483190800000000018e-03
7.405615571000000000e+09	-6.742977999999999732e-04	-4.510036999999999727e-03
7.405618000000000000e+09	-6.542813999999999661e-04	-4.493188199999999591e-03
7.405620429000000000e+09	-6.666667999999999509e-04	-4.472731800000000028e-03
7.405622857000000000e+09	-7.153491999999999577e-04	-4.451114200000000007e-03
7.405625286000000000e+09	-6.767661000000000119e-04	-4.429896099999999608e-03
7.405627714000000000e+09	-7.208813000000000330e-04	-4.431794499999999921e-03
7.405630143000000000e+09	-7.259913000000000434e-04	-4.476251599999999872e-03
7.405632571000000000e+09	-7.673998999999999708e-04	-4.509571000000000413e-03
7.405635000000000000e+09	-8.243413999999999473e-04	-4.479164300000000425e-03
7.405637429000000000e+09	-7.696943000000000144e-04	-4.422618599999999893e-03
7.405639857000000000e+09	-7.153765999999999771e-04	-4.462863800000000346e-03
7.405642286000000000e+09	-7.397910999999999853e-04	-4.441864400000000365e-03
7.405644714000000000e+09	-8.056816999999999538e-04	-4.487707599999999838e-03
7.405647143000000000e+09	-7.580335000000000328e-04	-4.477610800000000196e-03
7.405649571000000000e+09	-7.370865000000000316e-04	-4.433325699999999918e-03
7.405652000000000000e+09	-7.533118999999999796e-04	-4.513891899999999784e-03
7.405654429000000000e+09	-8.557595000000000523e-04	-4.440889800000000220e-03
7.405656857000000000e+09	-8.197712000000000228e-04	-4.449789600000000206e-03
7.405659286000000000e+09	-7.973223000000000419e-04	-4.446876500000000385e-03
7.405661714000000000e+09	-7.976765999999999718e-04	-4.419726900000000430e-03
7.405664143000000000e+09	-8.146978000000000249e-04	-4.456223300000000144e-03
7.405666571000000000e+09	-7.777891000000000101e-04	-4.441089399999999764e-03
7.405669000000000000e+09	-7.497663000000000114e-04	-4.474396700000000081e-03
7.405671429000000000e+09	-8.433305000000000532e-04	-4.455391000000000386e-03
7.405673857000000000e+09	-8.234811999999999991e-04	-4.417853200000000299e-03
7.405676286000000000e+09	-8.162598000000000076e-04	-4.459305799999999619e-03
7.405678714000000000e+09	-8.578459999999999992e-04	-4.461197600000000284e-03
7.405681143000000000e+09	-7.954242000000000474e-04	-4.476623899999999760e-03
7.405683571000000000e+09	-8.202767000000000131e-04	-4.463886799999999648e-03
7.405686000000000000e+09	-8.125854999999999537e-04	-4.441118200000000044e-03
7.405688429000000000e+09	-8.403597999999999971e-04	-4.447538000000000012e-03
7.405690857000000000e+09	-8.642071000000000084e-04	-4.459153700000000227e-03
7.405693286000000000e+09	-8.565638999999999458e-04	-4.458287699999999819e-03
7.405695714000000000e+09	-8.943373999999999595e-04	-4.431556399999999826e-03
7.405698143000000000e+09	-8.119651999999999556e-04	-4.425530300000000104e-03
7.405700571000000000e+09	-9.207457999999999962e-04	-4.456857499999999569e-03
7.405703000000000000e+09	-9.531121999999999511e-04	-4.429552699999999600e-03
7.405705429000000000e+09	-8.968515000000000037e-04	-4.449961700000000346e-03
7.405707857000000000e+09	-8.794882999999999867e-04	-4.425987099999999751e-03
7.405710286000000000e+09	-8.584216999999999672e-04	-4.440483999999999751e-03
7.405712714000000000e+09	-8.972176999999999800e-04	-4.437355300000000134e-03
7.405715143000000000e+09	-8.982185999999999860e-04	-4.458521800000000285e-03
7.405717571000000000e+09	-8.998206999999999820e-04	-4.431127800000000255e-03
7.405720000000000000e+09	-9.520784000000000018e-04	-4.458852800000000401e-03
7.405722429000000000e+09	-9.277578000000000300e-04	-4.397134700000000264e-03
7.405724857000000000e+09	-9.096405999999999589e-04	-4.448877700000000192e-03
7.405727286000000000e+09	-9.609602000000000291e-04	-4.456264399999999848e-03
7.405729714000000000e+09	-9.372022000000000035e-04	-4.433567599999999574e-03
7.405732143000000000e+09	-9.491992000000000311e-04	-4.469187000000000333e-03
7.405734571000000000e+09	-9.671633999999999700e-04	-4.440543499999999658e-03
7.405737000000000000e+09	-9.471271000000000074e-04	-4.402455000000000430e-03
7.405739429000000000e+09	-9.464518000000000106e-04	-4.432035099999999568e-03
7.405741857000000000e+09	-9.153850000000000051e-04	-4.401595799999999739e-03
7.405744286000000000e+09	-9.819118000000000811e-04	-4.408946799999999798e-03
7.405746714000000000e+09	-1.051128400000000051e-03	-4.452757199999999964e-03
7.405749143000000000e+09	-9.379732000000000000e-04	-4.418515799999999868e-03
7.405751571000000000e+09	-9.901981999999999277e-04	-4.447140199999999668e-03
7.405754000000000000e+09	-1.019433099999999962e-03	-4.427581400000000014e-03
7.405756429000000000e+09	-1.006367800000000038e-03	-4.440330400000000281e-03
7.405758857000000000e+09	-9.484105999999999960e-04	-4.397284700000000240e-03
7.405761286000000000e+09	-1.013524700000000044e-03	-4.421005399999999690e-03
7.405763714000000000e+09	-9.994947000000000987e-04	-4.454286600000000214e-03
7.405766143000000000e+09	-1.075006099999999912e-03	-4.375117599999999753e-03
7.405768571000000000e+09	-1.033342800000000084e-03	-4.388598900000000372e-03
7.405771000000000000e+09	-1.030031899999999919e-03	-4.394304699999999723e-03
7.405773429000000000e+09	-1.020998800000000014e-03	-4.415900099999999981e-03
7.405775857000000000e+09	-1.036741199999999946e-03	-4.422149900000000092e-03
7.405778286000000000e+09	-1.056959899999999983e-03	-4.384406900000000287e-03
7.405780714000000000e+09	-1.076462000000000035e-03	-4.409353199999999605e-03
7.405783143000000000e+09	-1.085836099999999997e-03	-4.429118200000000186e-03
7.405785571000000000e+09	-1.046268799999999994e-03	-4.361214000000000410e-03
7.405788000000000000e+09	-1.116547299999999954e-03	-4.409250600000000180e-03
7.405790429000000000e+09	-1.057509500000000050e-03	-4.461627200000000196e-03
7.405792857000000000e+09	-1.127320700000000037e-03	-4.413608000000000288e-03
7.405795286000000000e+09	-1.035388599999999921e-03	-4.384030500000000302e-03
7.405797714000000000e+09	-1.113706300000000000e-03	-4.347835700000000220e-03
7.405800143000000000e+09	-1.104276900000000046e-03	-4.393469900000000414e-03
7.405802571000000000e+09	-1.101092400000000049e-03	-4.388818499999999796e-03
7.405805000000000000e+09	-1.081899799999999938e-03	-4.436754000000000218e-03
7.405807429000000000e+09	-1.074769300000000044e-03	-4.417142399999999906e-03
7.405809857000000000e+09	-1.123313199999999984e-03	-4.380322699999999667e-03
7.405812286000000000e+09	-1.124592599999999984e-03	-4.375027200000000151e-03
7.405814714000000000e+09	-1.130384699999999925e-03	-4.398905600000000034e-03
7.405817143000000000e+09	-1.140208100000000011e-03	-4.354987900000000141e-03
7.405819571000000000e+09	-1.126962700000000038e-03	-4.344354600000000129e-03
7.405822000000000000e+09	-1.174250400000000083e-03	-4.351782200000000288e-03
7.405824429000000000e+09	-1.102040500000000048e-03	-4.376342499999999816e-03
7.405826857000000000e+09	-1.160236200000000105e-03	-4.367576300000000286e-03
7.405829286000000000e+09	-1.154903400000000012e-03	-4.445236699999999784e-03
7.405831714000000000e+09	-1.195143299999999959e-03	-4.375366500000000061e-03
7.405834143000000000e+09	-1.124834500000000074e-03	-4.411563200000000358e-03
7.405836571000000000e+09	-1.130788300000000078e-03	-4.331098799999999645e-03
7.405839000000000000e+09	-1.184588799999999930e-03	-4.315483799999999572e-03
7.405841429000000000e+09	-1.171334499999999957e-03	-4.367140999999999731e-03
7.405843857000000000e+09	-1.197171699999999934e-03	-4.351666899999999567e-03
7.405846286000000000e+09	-1.196493999999999986e-03	-4.316712399999999596e-03
7.405848714000000000e+09	-1.200330799999999943e-03	-4.369649500000000360e-03
7.405851143000000000e+09	-1.181662499999999944e-03	-4.360537500000000004e-03
7.405853571000000000e+09	-1.222327299999999934e-03	-4.364252699999999693e-03
7.405856000000000000e+09	-1.183236999999999961e-03	-4.354252700000000101e-03
7.405858429000000000e+09	-1.207853500000000005e-03	-4.308913600000000357e-03
7.405860857000000000e+09	-1.297853299999999956e-03	-4.404034700000000052e-03
7.405863286000000000e+09	-1.247883200000000047e-03	-4.337004400000000343e-03
7.405865714000000000e+09	-1.213108500000000022e-03	-4.314555399999999569e-03
7.405868143000000000e+09	-1.231265199999999902e-03	-4.356128600000000115e-03
7.405870571000000000e+09	-1.269740099999999922e-03	-4.318641500000000404e-03
7.405873000000000000e+09	-1.246351300000000028e-03	-4.321099200000000189e-03
7.405875429000000000e+09	-1.240541900000000043e-03	-4.345694199999999841e-03
7.405877857000000000e+09	-1.255583599999999991e-03	-4.334361200000000185e-03
7.405880286000000000e+09	-1.309075499999999993e-03	-4.363311199999999994e-03
7.405882714000000000e+09	-1.272510699999999939e-03	-4.371304999999999809e-03
7.405885143000000000e+09	-1.262274700000000100e-03	-4.379429899999999660e-03
7.405887571000000000e+09	-1.292790399999999961e-03	-4.351168300000000412e-03
7.405890000000000000e+09	-1.260434099999999981e-03	-4.297439400000000256e-03
7.405892429000000000e+09	-1.307846400000000015e-03	-4.337596099999999587e-03
7.405894857000000000e+09	-1.291347100000000015e-03	-4.350348500000000146e-03
7.405897286000000000e+09	-1.295700500000000061e-03	-4.329186500000000229e-03
7.405899714000000000e+09	-1.258774000000000047e-03	-4.315836600000000182e-03
7.405902143000000000e+09	-1.295415399999999984e-03	-4.320418900000000222e-03
7.405904571000000000e+09	-1.327102099999999960e-03	-4.340025400000000096e-03
7.405907000000000000e+09	-1.339961599999999961e-03	-4.322219900000000281e-03
7.405909429000000000e+09	-1.343698900000000031e-03	-4.308687500000000017e-03
7.405911857000000000e+09	-1.310131400000000106e-03	-4.291784600000000081e-03
7.405914286000000000e+09	-1.347374599999999912e-03	-4.355823899999999860e-03
7.405916714000000000e+09	-1.378212599999999958e-03	-4.298660400000000291e-03
7.405919143000000000e+09	-1.337379999999999992e-03	-4.355107999999999896e-03
7.405921571000000000e+09	-1.349346200000000034e-03	-4.281160699999999805e-03
7.405924000000000000e+09	-1.379649200000000004e-03	-4.247813799999999862e-03
7.405926429000000000e+09	-1.354832800000000097e-03	-4.318557399999999914e-03
7.405928857000000000e+09	-1.353569700000000018e-03	-4.340170600000000170e-03
7.405931286000000000e+09	-1.428662100000000065e-03	-4.249651200000000191e-03
7.405933714000000000e+09	-1.383460599999999973e-03	-4.321826400000000103e-03
7.405936143000000000e+09	-1.402351499999999985e-03	-4.333175800000000147e-03
7.405938571000000000e+09	-1.336474100000000073e-03	-4.297246299999999894e-03
7.405941000000000000e+09	-1.332478800000000060e-03	-4.293006999999999726e-03
7.405943429000000000e+09	-1.382529900000000053e-03	-4.227885300000000339e-03
7.405945857000000000e+09	-1.404934399999999963e-03	-4.262464599999999867e-03
7.405948286000000000e+09	-1.412308699999999945e-03	-4.284418199999999975e-03
7.405950714000000000e+09	-1.389388899999999955e-03	-4.251208999999999717e-03
7.405953143000000000e+09	-1.415776099999999918e-03	-4.252750799999999859e-03
7.405955571000000000e+09	-1.421759299999999972e-03	-4.228242200000000180e-03
7.405958000000000000e+09	-1.387169200000000014e-03	-4.240835499999999827e-03
7.405960429000000000e+09	-1.481811100000000013e-03	-4.238249200000000425e-03
7.405962857000000000e+09	-1.388619900000000098e-03	-4.266071899999999625e-03
7.405965286000000000e+09	-1.478994400000000105e-03	-4.219495600000000395e-03
7.405967714000000000e+09	-1.437920099999999901e-03	-4.235448799999999570e-03
7.405970143000000000e+09	-1.430960599999999989e-03	-4.286802299999999816e-03
7.405972571000000000e+09	-1.439511899999999962e-03	-4.272903399999999907e-03
7.405975000000000000e+09	-1.407819700000000063e-03	-4.244145799999999788e-03
7.405977429000000000e+09	-1.462391400000000088e-03	-4.249590299999999807e-03
7.405979857000000000e+09	-1.476567299999999913e-03	-4.264970100000000340e-03
7.405982286000000000e+09	-1.458794000000000020e-03	-4.259042499999999946e-03
7.405984714000000000e+09	-1.434846499999999992e-03	-4.224013300000000089e-03
7.405987143000000000e+09	-1.503158500000000052e-03	-4.276921799999999774e-03
7.405989571000000000e+09	-1.477878900000000051e-03	-4.240552600000000068e-03
7.405992000000000000e+09	-1.463068600000000082e-03	-4.278441400000000151e-03
7.405994429000000000e+09	-1.474329900000000007e-03	-4.300943100000000248e-03
7.405996857000000000e+09	-1.495087800000000034e-03	-4.284461699999999630e-03
7.405999286000000000e+09	-1.485687799999999914e-03	-4.243031700000000211e-03
7.406001714000000000e+09	-1.544864300000000062e-03	-4.342012600000000333e-03
7.406004143000000000e+09	-1.511104699999999898e-03	-4.221674699999999718e-03
7.406006571000000000e+09	-1.504718799999999997e-03	-4.242609599999999821e-03
7.406009000000000000e+09	-1.559121199999999969e-03	-4.225776700000000337e-03
7.406011429000000000e+09	-1.512679399999999983e-03	-4.207066899999999630e-03
7.406013857000000000e+09	-1.583037999999999937e-03	-4.227937299999999857e-03
7.406016286000000000e+09	-1.496762100000000040e-03	-4.235544800000000214e-03
7.406018714000000000e+09	-1.552676900000000103e-03	-4.249037399999999916e-03
7.406021143000000000e+09	-1.568144000000000048e-03	-4.220516799999999950e-03
7.406023571000000000e+09	-1.578259800000000098e-03	-4.208732199999999819e-03
7.406026000000000000e+09	-1.589450999999999972e-03	-4.219262300000000201e-03
7.406028429000000000e+09	-1.610910899999999993e-03	-4.213120899999999759e-03
7.406030857000000000e+09	-1.574442899999999989e-03	-4.182821399999999898e-03
7.406033286000000000e+09	-1.548495399999999913e-03	-4.221859199999999750e-03
7.406035714000000000e+09	-1.577818599999999917e-03	-4.215657200000000326e-03
7.406038143000000000e+09	-1.537576799999999973e-03	-4.201206699999999669e-03
7.406040571000000000e+09	-1.575608000000000043e-03	-4.207210799999999695e-03
7.406043000000000000e+09	-1.577155700000000028e-03	-4.208816699999999578e-03
7.406045429000000000e+09	-1.568766000000000084e-03	-4.199683600000000266e-03
7.406047857000000000e+09	-1.631941299999999919e-03	-4.208381800000000027e-03
7.406050286000000000e+09	-1.609521800000000098e-03	-4.147226700000000189e-03
7.406052714000000000e+09	-1.560766699999999911e-03	-4.165372300000000187e-03
7.406055143000000000e+09	-1.592207100000000031e-03	-4.137272699999999803e-03
7.406057571000000000e+09	-1.719264700000000100e-03	-4.222940100000000148e-03
7.406060000000000000e+09	-1.630101400000000039e-03	-4.154005900000000417e-03
7.406062429000000000e+09	-1.628366900000000105e-03	-4.132308399999999604e-03
7.406064857000000000e+09	-1.656540599999999953e-03	-4.160995899999999671e-03
7.406067286000000000e+09	-1.611882800000000084e-03	-4.127877999999999756e-03
7.406069714000000000e+09	-1.596982899999999919e-03	-4.254011299999999919e-03
7.406072143000000000e+09	-1.690187500000000067e-03	-4.168986300000000061e-03
7.406074571000000000e+09	-1.609963399999999982e-03	-4.110639999999999607e-03
7.406077000000000000e+09	-1.686529200000000048e-03	-4.157811699999999777e-03
7.406079429000000000e+09	-1.701797300000000004e-03	-4.182146999999999774e-03
7.406081857000000000e+09	-1.693635300000000078e-03	-4.170641899999999978e-03
7.406084286000000000e+09	-1.648390999999999919e-03	-4.211989999999999658e-03
7.406086714000000000e+09	-1.696263500000000108e-03	-4.217332499999999589e-03
7.406089143000000000e+09	-1.632927099999999980e-03	-4.171119800000000315e-03
7.406091571000000000e+09	-1.678265900000000055e-03	-4.139547700000000170e-03
7.406094000000000000e+09	-1.704771600000000095e-03	-4.178409800000000389e-03
7.406096429000000000e+09	-1.717339999999999926e-03	-4.151186700000000090e-03
7.406098857000000000e+09	-1.701777200000000089e-03	-4.118253700000000343e-03
7.406101286000000000e+09	-1.729844199999999981e-03	-4.111040899999999707e-03
7.406103714000000000e+09	-1.694468399999999892e-03	-4.159869400000000203e-03
7.406106143000000000e+09	-1.755526799999999931e-03	-4.168493100000000146e-03
7.406108571000000000e+09	-1.725747599999999903e-03	-4.207611200000000058e-03
7.406111000000000000e+09	-1.638352999999999945e-03	-4.177847999999999631e-03
7.406113429000000000e+09	-1.713983899999999960e-03	-4.132438700000000235e-03
7.406115857000000000e+09	-1.737004600000000096e-03	-4.149557400000000035e-03
7.406118286000000000e+09	-1.750905400000000002e-03	-4.109402100000000314e-03
7.406120714000000000e+09	-1.736297400000000064e-03	-4.110364200000000100e-03
7.406123143000000000e+09	-1.822027599999999923e-03	-4.092345499999999574e-03
7.406125571000000000e+09	-1.741457399999999994e-03	-4.166864600000000363e-03
7.406128000000000000e+09	-1.751256400000000000e-03	-4.098041099999999784e-03
7.406130429000000000e+09	-1.768912400000000008e-03	-4.142983900000000129e-03
7.406132857000000000e+09	-1.828321799999999995e-03	-4.048351900000000253e-03
7.406135286000000000e+09	-1.756153600000000085e-03	-4.124640100000000198e-03
7.406137714000000000e+09	-1.740479000000000071e-03	-4.116204600000000248e-03
7.406140143000000000e+09	-1.817441099999999969e-03	-4.105874300000000345e-03
7.406142571000000000e+09	-1.749948700000000107e-03	-4.137031200000000283e-03
7.406145000000000000e+09	-1.822465299999999995e-03	-4.129095000000000161e-03
7.406147429000000000e+09	-1.792184999999999959e-03	-4.126609199999999901e-03
7.406149857000000000e+09	-1.794995200000000036e-03	-4.115273400000000158e-03
7.406152286000000000e+09	-1.822536700000000056e-03	-4.134122599999999828e-03
7.406154714000000000e+09	-1.805224899999999895e-03	-4.136155100000000334e-03
7.406157143000000000e+09	-1.790272799999999926e-03	-4.134361799999999865e-03
7.406159571000000000e+09	-1.793416200000000002e-03	-4.099020400000000230e-03
7.406162000000000000e+09	-1.852417899999999956e-03	-4.110248500000000110e-03
7.406164429000000000e+09	-1.846599399999999903e-03	-4.063718400000000154e-03
7.406166857000000000e+09	-1.801103700000000101e-03	-4.034842999999999763e-03
7.406169286000000000e+09	-1.839711499999999904e-03	-4.081532399999999831e-03
7.406171714000000000e+09	-1.862717899999999935e-03	-4.100071999999999744e-03
7.406174143000000000e+09	-1.781091000000000054e-03	-4.127442999999999737e-03
7.406176571000000000e+09	-1.856449100000000067e-03	-4.074550500000000304e-03
7.406179000000000000e+09	-1.885397200000000096e-03	-4.055087899999999627e-03
7.406181429000000000e+09	-1.867084599999999962e-03	-4.111771200000000244e-03
7.406183857000000000e+09	-1.879043499999999900e-03	-4.023783300000000063e-03
7.406186286000000000e+09	-1.888971099999999957e-03	-4.067981299999999696e-03
7.406188714000000000e+09	-1.836529499999999893e-03	-4.071136000000000373e-03
7.406191143000000000e+09	-1.857167500000000016e-03	-4.043677699999999667e-03
7.406193571000000000e+09	-1.899775899999999905e-03	-4.077261300000000095e-03
7.406196000000000000e+09	-1.880069899999999928e-03	-4.101301299999999574e-03
7.406198429000000000e+09	-1.907521500000000083e-03	-4.088424400000000361e-03
7.406200857000000000e+09	-1.930492700000000037e-03	-4.040793099999999589e-03
7.406203286000000000e+09	-1.912555000000000028e-03	-4.078542099999999705e-03
7.406205714000000000e+09	-1.955106900000000165e-03	-4.003746400000000004e-03
7.406208143000000000e+09	-1.927186700000000025e-03	-4.079832900000000123e-03
7.406210571000000000e+09	-1.921989800000000088e-03	-4.069863400000000089e-03
7.406213000000000000e+09	-1.945004800000000016e-03	-4.070237099999999587e-03
7.406215429000000000e+09	-1.937300099999999907e-03	-4.056130800000000078e-03
7.406217857000000000e+09	-1.947278399999999906e-03	-4.033393100000000168e-03
7.406220286000000000e+09	-1.904968499999999893e-03	-3.987141399999999739e-03
7.406222714000000000e+09	-1.923472799999999911e-03	-4.053585799999999580e-03
7.406225143000000000e+09	-1.997694999999999853e-03	-4.062081000000000372e-03
7.406227571000000000e+09	-1.967330900000000080e-03	-4.056674100000000165e-03
7.406230000000000000e+09	-1.943941800000000084e-03	-4.039824600000000224e-03
7.406232429000000000e+09	-1.936907500000000035e-03	-4.039016900000000181e-03
7.406234857000000000e+09	-1.986231699999999999e-03	-4.049551699999999997e-03
7.406237286000000000e+09	-1.989416899999999801e-03	-4.054825100000000217e-03
7.406239714000000000e+09	-2.018833700000000064e-03	-4.053987200000000284e-03
7.406242143000000000e+09	-1.934453999999999948e-03	-3.946711999999999790e-03
7.406244571000000000e+09	-1.996409399999999907e-03	-4.010049199999999973e-03
7.406247000000000000e+09	-1.954474500000000052e-03	-4.025928199999999867e-03
7.406249429000000000e+09	-1.976702700000000125e-03	-4.063933999999999949e-03
7.406251857000000000e+09	-2.035026300000000211e-03	-4.014677099999999950e-03
7.406254286000000000e+09	-1.994600200000000087e-03	-3.974771000000000207e-03
7.406256714000000000e+09	-1.963498799999999992e-03	-3.988771200000000398e-03
7.406259143000000000e+09	-2.012888999999999911e-03	-3.944847900000000331e-03
7.406261571000000000e+09	-1.995669199999999897e-03	-3.954573799999999695e-03
7.406264000000000000e+09	-2.022638399999999916e-03	-4.019329000000000304e-03
7.406266429000000000e+09	-2.007829699999999842e-03	-3.983712999999999838e-03
7.406268857000000000e+09	-2.046539100000000031e-03	-3.992447199999999731e-03
7.406271286000000000e+09	-2.091512900000000105e-03	-4.006255099999999833e-03
7.406273714000000000e+09	-2.047320500000000213e-03	-3.951974700000000264e-03
7.406276143000000000e+09	-2.022785100000000068e-03	-3.972197900000000101e-03
7.406278571000000000e+09	-2.103946800000000041e-03	-3.967234400000000175e-03
7.406281000000000000e+09	-1.996977599999999811e-03	-3.988008599999999688e-03
7.406283429000000000e+09	-2.102934600000000084e-03	-3.996688200000000045e-03
7.406285857000000000e+09	-2.058203399999999905e-03	-4.010757999999999684e-03
7.406288286000000000e+09	-2.053286000000000087e-03	-3.924545500000000374e-03
7.406290714000000000e+09	-2.091071700000000141e-03	-3.930854000000000119e-03
7.406293143000000000e+09	-2.053976600000000097e-03	-3.953486899999999853e-03
7.406295571000000000e+09	-2.113739999999999803e-03	-3.928813899999999623e-03
7.406298000000000000e+09	-2.067949500000000086e-03	-3.954675199999999578e-03
7.406300429000000000e+09	-2.097973400000000075e-03	-3.959759900000000069e-03
7.406302857000000000e+09	-2.081854599999999941e-03	-3.931205600000000321e-03
7.406305286000000000e+09	-2.112657500000000160e-03	-3.910796200000000306e-03
7.406307714000000000e+09	-2.060229099999999827e-03	-3.962697500000000005e-03
7.406310143000000000e+09	-2.115693599999999858e-03	-3.914876900000000166e-03
7.406312571000000000e+09	-2.104175399999999932e-03	-3.924873800000000003e-03
7.406315000000000000e+09	-2.126451200000000191e-03	-3.923319399999999901e-03
7.406317429000000000e+09	-2.167028899999999970e-03	-3.938266799999999568e-03
7.406319857000000000e+09	-2.164349900000000181e-03	-3.931925299999999845e-03
7.406322286000000000e+09	-2.121245199999999970e-03	-3.926228599999999694e-03
7.406324714000000000e+09	-2.091784499999999915e-03	-3.904974099999999892e-03
7.406327143000000000e+09	-2.168751600000000217e-03	-3.856303599999999932e-03
7.406329571000000000e+09	-2.110117299999999998e-03	-3.891514500000000168e-03
7.406332000000000000e+09	-2.168527700000000193e-03	-3.901616000000000112e-03
7.406334429000000000e+09	-2.104570899999999925e-03	-3.943300900000000150e-03
7.406336857000000000e+09	-2.082136999999999964e-03	-3.922710499999999996e-03
7.406339286000000000e+09	-2.182368000000000068e-03	-3.883178599999999921e-03
7.406341714000000000e+09	-2.183608400000000213e-03	-3.881848499999999980e-03
7.406344143000000000e+09	-2.128600799999999862e-03	-3.878934399999999817e-03
7.406346571000000000e+09	-2.139998000000000161e-03	-3.920330700000000321e-03
7.406349000000000000e+09	-2.245787300000000059e-03	-3.867449800000000073e-03
7.406351429000000000e+09	-2.204629699999999855e-03	-3.888850100000000153e-03
7.406353857000000000e+09	-2.198606999999999992e-03	-3.938288499999999595e-03
7.406356286000000000e+09	-2.133165099999999835e-03	-3.852880200000000002e-03
7.406358714000000000e+09	-2.221487199999999922e-03	-3.906962100000000403e-03
7.406361143000000000e+09	-2.208485499999999786e-03	-3.893821699999999806e-03
7.406363571000000000e+09	-2.197667600000000141e-03	-3.852240099999999865e-03
7.406366000000000000e+09	-2.242760099999999927e-03	-3.838400400000000195e-03
7.406368429000000000e+09	-2.213463299999999818e-03	-3.953858799999999604e-03
7.406370857000000000e+09	-2.248869200000000197e-03	-3.885006400000000013e-03
7.406373286000000000e+09	-2.190525100000000058e-03	-3.854435900000000113e-03
7.406375714000000000e+09	-2.170383399999999824e-03	-3.854552900000000112e-03
7.406378143000000000e+09	-2.231404000000000200e-03	-3.837753800000000010e-03
7.406380571000000000e+09	-2.236817600000000090e-03	-3.855309600000000111e-03
7.406383000000000000e+09	-2.279803400000000087e-03	-3.838941199999999863e-03
7.406385429000000000e+09	-2.233434900000000160e-03	-3.906815299999999783e-03
7.406387857000000000e+09	-2.263381000000000073e-03	-3.875004300000000138e-03
7.406390286000000000e+09	-2.289407299999999916e-03	-3.870625400000000070e-03
7.406392714000000000e+09	-2.280409100000000203e-03	-3.865037400000000123e-03
7.406395143000000000e+09	-2.255257799999999934e-03	-3.806183099999999910e-03
7.406397571000000000e+09	-2.271657199999999911e-03	-3.846105800000000109e-03
7.406400000000000000e+09	-2.254915399999999834e-03	-3.831796299999999829e-03
7.406402429000000000e+09	-2.267691100000000098e-03	-3.815113599999999956e-03
7.406404857000000000e+09	-2.233486800000000078e-03	-3.776484000000000091e-03
7.406407286000000000e+09	-2.305292000000000018e-03	-3.802407500000000006e-03
7.406409714000000000e+09	-2.299058200000000159e-03	-3.791809499999999888e-03
7.406412143000000000e+09	-2.255445699999999824e-03	-3.877519399999999981e-03
7.406414571000000000e+09	-2.344757399999999967e-03	-3.840263000000000010e-03
7.406417000000000000e+09	-2.264212399999999958e-03	-3.830674300000000160e-03
7.406419429000000000e+09	-2.321760700000000208e-03	-3.828660099999999823e-03
7.406421857000000000e+09	-2.331353400000000121e-03	-3.810097499999999873e-03
7.406424286000000000e+09	-2.282603099999999836e-03	-3.804100899999999803e-03
7.406426714000000000e+09	-2.330054199999999874e-03	-3.821611200000000000e-03
7.406429143000000000e+09	-2.362461900000000035e-03	-3.812437200000000186e-03
7.406431571000000000e+09	-2.315488399999999797e-03	-3.804019999999999971e-03
7.406434000000000000e+09	-2.346323600000000190e-03	-3.761807299999999927e-03
7.406436429000000000e+09	-2.315540400000000183e-03	-3.792613800000000073e-03
7.406438857000000000e+09	-2.309861900000000166e-03	-3.805531100000000052e-03
7.406441286000000000e+09	-2.367006599999999829e-03	-3.763216900000000090e-03
7.406443714000000000e+09	-2.301503700000000121e-03	-3.769627700000000026e-03
7.406446143000000000e+09	-2.312389099999999798e-03	-3.765259100000000001e-03
7.406448571000000000e+09	-2.401319099999999884e-03	-3.828349100000000022e-03
7.406451000000000000e+09	-2.332577599999999945e-03	-3.744434200000000112e-03
7.406453429000000000e+09	-2.373949700000000003e-03	-3.776898500000000058e-03
7.406455857000000000e+09	-2.366473000000000014e-03	-3.770927400000000009e-03
7.406458286000000000e+09	-2.369290100000000059e-03	-3.767750500000000002e-03
7.406460714000000000e+09	-2.372412300000000061e-03	-3.788402000000000176e-03
7.406463143000000000e+09	-2.426283799999999838e-03	-3.728079100000000062e-03
7.406465571000000000e+09	-2.400806200000000189e-03	-3.712790100000000135e-03
7.406468000000000000e+09	-2.440367399999999846e-03	-3.778371799999999826e-03
7.406470429000000000e+09	-2.430255899999999962e-03	-3.789177400000000046e-03
7.406472857000000000e+09	-2.392741500000000049e-03	-3.759795199999999872e-03
7.406475286000000000e+09	-2.470749600000000153e-03	-3.711879600000000164e-03
7.406477714000000000e+09	-2.356386600000000015e-03	-3.713062999999999954e-03
7.406480143000000000e+09	-2.452798700000000196e-03	-3.745311800000000139e-03
7.406482571000000000e+09	-2.475259499999999790e-03	-3.688880900000000157e-03
7.406485000000000000e+09	-2.386102800000000027e-03	-3.710571299999999850e-03
7.406487429000000000e+09	-2.399618400000000200e-03	-3.736849600000000191e-03
7.406489857000000000e+09	-2.403758199999999831e-03	-3.792948500000000150e-03
7.406492286000000000e+09	-2.428344299999999917e-03	-3.672948499999999835e-03
7.406494714000000000e+09	-2.413946900000000020e-03	-3.699645100000000138e-03
7.406497143000000000e+09	-2.478812999999999850e-03	-3.762381999999999879e-03
7.406499571000000000e+09	-2.497623599999999802e-03	-3.706186900000000076e-03
7.406502000000000000e+09	-2.492942699999999966e-03	-3.735112499999999804e-03
7.406504429000000000e+09	-2.393664399999999911e-03	-3.724964199999999948e-03
7.406506857000000000e+09	-2.481868500000000092e-03	-3.705662599999999963e-03
7.406509286000000000e+09	-2.484291799999999856e-03	-3.742479899999999818e-03
7.406511714000000000e+09	-2.509923199999999910e-03	-3.722303299999999825e-03
7.406514143000000000e+09	-2.505313199999999966e-03	-3.637160999999999866e-03
7.406516571000000000e+09	-2.466584600000000169e-03	-3.697082700000000211e-03
7.406519000000000000e+09	-2.515822200000000092e-03	-3.682369200000000075e-03
7.406521429000000000e+09	-2.489367299999999811e-03	-3.660847300000000162e-03
7.406523857000000000e+09	-2.499145600000000130e-03	-3.679445500000000108e-03
7.406526286000000000e+09	-2.510706900000000009e-03	-3.711369899999999826e-03
7.406528714000000000e+09	-2.521351700000000039e-03	-3.680390099999999998e-03
7.406531143000000000e+09	-2.495175799999999923e-03	-3.701313600000000117e-03
7.406533571000000000e+09	-2.493932899999999793e-03	-3.728463699999999808e-03
7.406536000000000000e+09	-2.530772799999999982e-03	-3.622031899999999822e-03
7.406538429000000000e+09	-2.468798600000000117e-03	-3.642370099999999843e-03
7.406540857000000000e+09	-2.532684800000000163e-03	-3.637144100000000175e-03
7.406543286000000000e+09	-2.573955499999999903e-03	-3.688987500000000079e-03
7.406545714000000000e+09	-2.565076099999999935e-03	-3.666140599999999795e-03
7.406548143000000000e+09	-2.495485200000000046e-03	-3.591297099999999839e-03
7.406550571000000000e+09	-2.536231400000000039e-03	-3.644481299999999865e-03
7.406553000000000000e+09	-2.510046199999999787e-03	-3.632366199999999788e-03
7.406555429000000000e+09	-2.573514700000000075e-03	-3.595093499999999897e-03
7.406557857000000000e+09	-2.532447900000000043e-03	-3.656064599999999873e-03
7.406560286000000000e+09	-2.585322299999999809e-03	-3.639388800000000184e-03
7.406562714000000000e+09	-2.540533800000000040e-03	-3.636142099999999794e-03
7.406565143000000000e+09	-2.600695899999999963e-03	-3.619448899999999809e-03
7.406567571000000000e+09	-2.556781299999999826e-03	-3.579175899999999851e-03
7.406570000000000000e+09	-2.584534500000000047e-03	-3.608301400000000093e-03
7.406572429000000000e+09	-2.553305100000000105e-03	-3.601439200000000184e-03
7.406574857000000000e+09	-2.546866200000000129e-03	-3.591957199999999857e-03
7.406577286000000000e+09	-2.573147000000000021e-03	-3.595985600000000098e-03
7.406579714000000000e+09	-2.548027100000000052e-03	-3.571849299999999873e-03
7.406582143000000000e+09	-2.580532899999999838e-03	-3.608982599999999933e-03
7.406584571000000000e+09	-2.623548900000000159e-03	-3.623313999999999875e-03
7.406587000000000000e+09	-2.597541399999999789e-03	-3.640360899999999910e-03
7.406589429000000000e+09	-2.616180300000000170e-03	-3.618274400000000019e-03
7.406591857000000000e+09	-2.580182299999999977e-03	-3.620986300000000185e-03
7.406594286000000000e+09	-2.592287600000000181e-03	-3.615639300000000021e-03
7.406596714000000000e+09	-2.607291199999999930e-03	-3.585731500000000158e-03
7.406599143000000000e+09	-2.645621199999999978e-03	-3.553875100000000210e-03
7.406601571000000000e+09	-2.667180600000000103e-03	-3.525637199999999936e-03
7.406604000000000000e+09	-2.617727199999999883e-03	-3.583241100000000064e-03
7.406606429000000000e+09	-2.625963299999999924e-03	-3.540644199999999978e-03
7.406608857000000000e+09	-2.622943100000000010e-03	-3.574948799999999940e-03
7.406611286000000000e+09	-2.629503599999999820e-03	-3.580035799999999914e-03
7.406613714000000000e+09	-2.652855899999999843e-03	-3.552467899999999998e-03
7.406616143000000000e+09	-2.676642899999999783e-03	-3.541252999999999849e-03
7.406618571000000000e+09	-2.663440899999999865e-03	-3.566356100000000161e-03
7.406621000000000000e+09	-2.655181700000000186e-03	-3.497351599999999876e-03
7.406623429000000000e+09	-2.651408200000000132e-03	-3.596072200000000139e-03
7.406625857000000000e+09	-2.603163400000000054e-03	-3.528774900000000020e-03
7.406628286000000000e+09	-2.637127500000000131e-03	-3.524714200000000040e-03
7.406630714000000000e+09	-2.652835200000000157e-03	-3.514338200000000165e-03
7.406633143000000000e+09	-2.651096800000000194e-03	-3.497319200000000104e-03
7.406635571000000000e+09	-2.672418499999999926e-03	-3.550418799999999903e-03
7.406638000000000000e+09	-2.648801300000000209e-03	-3.532068399999999889e-03
7.406640429000000000e+09	-2.683195800000000037e-03	-3.506955999999999875e-03
7.406642857000000000e+09	-2.687351900000000023e-03	-3.493119099999999859e-03
7.406645286000000000e+09	-2.663000500000000173e-03	-3.499540099999999803e-03
7.406647714000000000e+09	-2.674803099999999937e-03	-3.547902999999999821e-03
7.406650143000000000e+09	-2.715352400000000006e-03	-3.514914499999999796e-03
7.406652571000000000e+09	-2.729011400000000073e-03	-3.492672400000000187e-03
7.406655000000000000e+09	-2.662962200000000123e-03	-3.475538800000000077e-03
7.406657429000000000e+09	-2.682822400000000208e-03	-3.549722799999999786e-03
7.406659857000000000e+09	-2.712609099999999974e-03	-3.484971999999999809e-03
7.406662286000000000e+09	-2.729975800000000209e-03	-3.488809500000000004e-03
7.406664714000000000e+09	-2.708185300000000208e-03	-3.483275599999999857e-03
7.406667143000000000e+09	-2.725432199999999923e-03	-3.501234599999999975e-03
7.406669571000000000e+09	-2.791410299999999914e-03	-3.469398199999999908e-03
7.406672000000000000e+09	-2.683868399999999980e-03	-3.535428900000000055e-03
7.406674429000000000e+09	-2.748454500000000172e-03	-3.478782900000000015e-03
7.406676857000000000e+09	-2.751265499999999871e-03	-3.512208900000000043e-03
7.406679286000000000e+09	-2.767888500000000203e-03	-3.496896199999999840e-03
7.406681714000000000e+09	-2.732141600000000201e-03	-3.452919899999999914e-03
7.406684143000000000e+09	-2.767005800000000171e-03	-3.445276000000000154e-03
7.406686571000000000e+09	-2.776618299999999897e-03	-3.539228599999999936e-03
7.406689000000000000e+09	-2.785975999999999904e-03	-3.448028200000000185e-03
7.406691429000000000e+09	-2.688325699999999895e-03	-3.508191700000000152e-03
7.406693857000000000e+09	-2.757811000000000203e-03	-3.463103800000000201e-03
7.406696286000000000e+09	-2.791482100000000112e-03	-3.455850400000000031e-03
7.406698714000000000e+09	-2.762214199999999883e-03	-3.411407400000000117e-03
7.406701143000000000e+09	-2.774213099999999800e-03	-3.491441599999999847e-03
7.406703571000000000e+09	-2.792532600000000118e-03	-3.432435000000000173e-03
7.406706000000000000e+09	-2.807648399999999964e-03	-3.395399800000000173e-03
7.406708429000000000e+09	-2.820400900000000124e-03	-3.464763599999999815e-03
7.406710857000000000e+09	-2.816181200000000134e-03	-3.456126800000000176e-03
7.406713286000000000e+09	-2.834753000000000186e-03	-3.447902899999999958e-03
7.406715714000000000e+09	-2.775768000000000072e-03	-3.453930000000000021e-03
7.406718143000000000e+09	-2.771328600000000190e-03	-3.449461699999999825e-03
7.406720571000000000e+09	-2.799053799999999970e-03	-3.408968100000000102e-03
7.406723000000000000e+09	-2.829052900000000176e-03	-3.430994699999999949e-03
7.406725429000000000e+09	-2.827685099999999955e-03	-3.437001900000000165e-03
7.406727857000000000e+09	-2.860110099999999943e-03	-3.377536500000000164e-03
7.406730286000000000e+09	-2.831909999999999983e-03	-3.439346099999999844e-03
7.406732714000000000e+09	-2.834508600000000111e-03	-3.432123500000000202e-03
7.406735143000000000e+09	-2.841206599999999971e-03	-3.376497999999999913e-03
7.406737571000000000e+09	-2.795417100000000162e-03	-3.409481199999999865e-03
7.406740000000000000e+09	-2.835625300000000140e-03	-3.383812999999999838e-03
7.406742429000000000e+09	-2.818976300000000049e-03	-3.379070799999999916e-03
7.406744857000000000e+09	-2.866272699999999809e-03	-3.375330599999999941e-03
7.406747286000000000e+09	-2.837270099999999844e-03	-3.421082000000000203e-03
7.406749714000000000e+09	-2.875818200000000106e-03	-3.369710299999999822e-03
7.406752143000000000e+09	-2.825951000000000157e-03	-3.408738399999999835e-03
7.406754571000000000e+09	-2.907064100000000036e-03	-3.372779099999999829e-03
7.406757000000000000e+09	-2.926472600000000045e-03	-3.307925299999999857e-03
7.406759429000000000e+09	-2.864400300000000121e-03	-3.380844599999999808e-03
7.406761857000000000e+09	-2.865217299999999866e-03	-3.311532500000000014e-03
7.406764286000000000e+09	-2.860858899999999851e-03	-3.346163300000000191e-03
7.406766714000000000e+09	-2.864990999999999892e-03	-3.319501700000000114e-03
7.406769143000000000e+09	-2.922202599999999817e-03	-3.334360099999999789e-03
7.406771571000000000e+09	-2.900931600000000027e-03	-3.370268899999999922e-03
7.406774000000000000e+09	-2.855171300000000200e-03	-3.363811600000000176e-03
7.406776429000000000e+09	-2.858354400000000153e-03	-3.379545299999999960e-03
7.406778857000000000e+09	-2.947628299999999982e-03	-3.337328899999999956e-03
7.406781286000000000e+09	-2.856411499999999843e-03	-3.319768500000000021e-03
7.406783714000000000e+09	-2.926675300000000212e-03	-3.329093899999999856e-03
7.406786143000000000e+09	-2.961218600000000041e-03	-3.267945999999999872e-03
7.406788571000000000e+09	-2.924498299999999870e-03	-3.380543800000000015e-03
7.406791000000000000e+09	-2.888476000000000064e-03	-3.310649100000000178e-03
7.406793429000000000e+09	-2.884239099999999847e-03	-3.286984800000000012e-03
7.406795857000000000e+09	-2.942577999999999947e-03	-3.295946499999999856e-03
7.406798286000000000e+09	-2.936381799999999900e-03	-3.313333900000000210e-03
7.406800714000000000e+09	-2.901269299999999825e-03	-3.274958200000000191e-03
7.406803143000000000e+09	-2.968026500000000081e-03	-3.341304199999999870e-03
7.406805571000000000e+09	-2.963639299999999786e-03	-3.305467299999999969e-03
7.406808000000000000e+09	-2.959137299999999807e-03	-3.313697500000000167e-03
7.406810429000000000e+09	-2.954888299999999801e-03	-3.331728600000000151e-03
7.406812857000000000e+09	-2.921009999999999926e-03	-3.282675699999999894e-03
7.406815286000000000e+09	-2.960919099999999825e-03	-3.292893500000000032e-03
7.406817714000000000e+09	-3.004486399999999925e-03	-3.298023900000000060e-03
7.406820143000000000e+09	-2.978142000000000029e-03	-3.224033299999999949e-03
7.406822571000000000e+09	-2.951262000000000069e-03	-3.264739999999999916e-03
7.406825000000000000e+09	-2.975785999999999796e-03	-3.209765099999999875e-03
7.406827429000000000e+09	-2.983314999999999838e-03	-3.299014199999999921e-03
7.406829857000000000e+09	-2.984281899999999960e-03	-3.227386100000000091e-03
7.406832286000000000e+09	-2.950175099999999793e-03	-3.271959699999999870e-03
7.406834714000000000e+09	-2.940679099999999897e-03	-3.249897500000000026e-03
7.406837143000000000e+09	-3.038475100000000151e-03	-3.231694700000000038e-03
7.406839571000000000e+09	-2.997852100000000103e-03	-3.295710099999999906e-03
7.406842000000000000e+09	-2.995200200000000014e-03	-3.206919600000000120e-03
7.406844429000000000e+09	-2.976354699999999871e-03	-3.247588200000000105e-03
7.406846857000000000e+09	-2.962343399999999797e-03	-3.226241500000000088e-03
7.406849286000000000e+09	-3.046094300000000161e-03	-3.167306400000000077e-03
7.406851714000000000e+09	-3.030896600000000142e-03	-3.284309699999999818e-03
7.406854143000000000e+09	-3.021559300000000153e-03	-3.230601899999999919e-03
7.406856571000000000e+09	-3.001214900000000185e-03	-3.233647100000000118e-03
7.406859000000000000e+09	-3.021100599999999858e-03	-3.239391900000000192e-03
7.406861429000000000e+09	-2.968682199999999900e-03	-3.237602400000000151e-03
7.406863857000000000e+09	-3.029711400000000172e-03	-3.220791900000000065e-03
7.406866286000000000e+09	-3.014042199999999831e-03	-3.196741600000000110e-03
7.406868714000000000e+09	-3.056335700000000107e-03	-3.134174600000000192e-03
7.406871143000000000e+09	-3.028562600000000039e-03	-3.216501000000000082e-03
7.406873571000000000e+09	-3.033333899999999909e-03	-3.155135299999999986e-03
7.406876000000000000e+09	-3.061409800000000018e-03	-3.203782200000000139e-03
7.406878429000000000e+09	-3.054733200000000082e-03	-3.216526700000000173e-03
7.406880857000000000e+09	-3.044801099999999792e-03	-3.197120900000000217e-03
7.406883286000000000e+09	-3.099680999999999964e-03	-3.234554599999999933e-03
7.406885714000000000e+09	-3.076175600000000208e-03	-3.192366600000000072e-03
7.406888143000000000e+09	-3.077070400000000028e-03	-3.214716399999999977e-03
7.406890571000000000e+09	-3.054615599999999879e-03	-3.200342899999999990e-03
7.406893000000000000e+09	-3.099340700000000146e-03	-3.198925699999999837e-03
7.406895429000000000e+09	-3.070848100000000188e-03	-3.192694199999999895e-03
7.406897857000000000e+09	-3.068926699999999837e-03	-3.152975699999999940e-03
7.406900286000000000e+09	-3.106932199999999818e-03	-3.112521500000000208e-03
7.406902714000000000e+09	-3.048476000000000050e-03	-3.118555900000000158e-03
7.406905143000000000e+09	-3.129420400000000081e-03	-3.135879700000000075e-03
7.406907571000000000e+09	-3.118771199999999851e-03	-3.123108600000000078e-03
7.406910000000000000e+09	-3.143207900000000166e-03	-3.177714500000000056e-03
7.406912429000000000e+09	-3.123035399999999837e-03	-3.114044500000000010e-03
7.406914857000000000e+09	-3.101419199999999859e-03	-3.135305000000000123e-03
7.406917286000000000e+09	-3.126781800000000191e-03	-3.116080099999999839e-03
7.406919714000000000e+09	-3.090178299999999951e-03	-3.080679800000000069e-03
7.406922143000000000e+09	-3.129653300000000138e-03	-3.094857800000000176e-03
7.406924571000000000e+09	-3.169115200000000195e-03	-3.091529999999999886e-03
7.406927000000000000e+09	-3.084752000000000067e-03	-3.062494600000000011e-03
7.406929429000000000e+09	-3.107038400000000037e-03	-3.072000400000000214e-03
7.406931857000000000e+09	-3.059083000000000201e-03	-3.113737499999999839e-03
7.406934286000000000e+09	-3.105566599999999913e-03	-3.116355600000000111e-03
7.406936714000000000e+09	-3.160087399999999928e-03	-3.087948799999999921e-03
7.406939143000000000e+09	-3.178053599999999899e-03	-3.079187599999999927e-03
7.406941571000000000e+09	-3.113215400000000042e-03	-3.109492199999999793e-03
7.406944000000000000e+09	-3.208810800000000147e-03	-3.026849299999999961e-03
7.406946429000000000e+09	-3.128702000000000132e-03	-3.065724100000000174e-03
7.406948857000000000e+09	-3.182214300000000152e-03	-3.056412899999999978e-03
7.406951286000000000e+09	-3.143929900000000041e-03	-3.071400000000000172e-03
7.406953714000000000e+09	-3.146241900000000015e-03	-3.033169000000000056e-03
7.406956143000000000e+09	-3.197857799999999969e-03	-3.028559699999999917e-03
7.406958571000000000e+09	-3.200805499999999880e-03	-3.054431399999999949e-03
7.406961000000000000e+09	-3.171475799999999828e-03	-3.040304299999999852e-03
7.406963429000000000e+09	-3.129327099999999924e-03	-3.034986200000000002e-03
7.406965857000000000e+09	-3.136499699999999863e-03	-3.061860500000000186e-03
7.406968286000000000e+09	-3.199776599999999867e-03	-2.970381399999999939e-03
7.406970714000000000e+09	-3.238834999999999804e-03	-3.024816699999999855e-03
7.406973143000000000e+09	-3.200341900000000083e-03	-2.993018499999999804e-03
7.406975571000000000e+09	-3.245797400000000055e-03	-3.042366700000000146e-03
7.406978000000000000e+09	-3.185947299999999840e-03	-3.040905400000000133e-03
7.406980429000000000e+09	-3.213048500000000203e-03	-3.017721699999999924e-03
7.406982857000000000e+09	-3.217106500000000129e-03	-3.025117800000000183e-03
7.406985286000000000e+09	-3.220644200000000006e-03	-3.030015300000000154e-03
7.406987714000000000e+09	-3.207490199999999975e-03	-3.022949599999999806e-03
7.406990143000000000e+09	-3.222408500000000127e-03	-3.000945100000000122e-03
7.406992571000000000e+09	-3.258012700000000039e-03	-2.957796999999999857e-03
7.406995000000000000e+09	-3.212389799999999795e-03	-3.044635600000000168e-03
7.406997429000000000e+09	-3.218197900000000205e-03	-3.040324400000000201e-03
7.406999857000000000e+09	-3.211769100000000203e-03	-2.974851599999999915e-03
7.407002286000000000e+09	-3.232955699999999835e-03	-3.000006600000000145e-03
7.407004714000000000e+09	-3.163387599999999914e-03	-2.979680800000000015e-03
7.407007143000000000e+09	-3.236391600000000125e-03	-3.003550700000000035e-03
7.407009571000000000e+09	-3.259620200000000034e-03	-2.942680899999999908e-03
7.407012000000000000e+09	-3.198028299999999997e-03	-3.009824600000000124e-03
7.407014429000000000e+09	-3.282688599999999957e-03	-2.964169699999999810e-03
7.407016857000000000e+09	-3.291255099999999909e-03	-2.915985299999999947e-03
7.407019286000000000e+09	-3.299067499999999882e-03	-2.892176199999999843e-03
7.407021714000000000e+09	-3.273611899999999929e-03	-2.970490499999999846e-03
7.407024143000000000e+09	-3.283783099999999788e-03	-2.986423399999999905e-03
7.407026571000000000e+09	-3.289921199999999973e-03	-2.915659200000000201e-03
7.407029000000000000e+09	-3.239287699999999787e-03	-2.937291500000000031e-03
7.407031429000000000e+09	-3.320772999999999954e-03	-2.952356000000000164e-03
7.407033857000000000e+09	-3.299343499999999891e-03	-2.961602600000000016e-03
7.407036286000000000e+09	-3.296841799999999847e-03	-2.877308800000000135e-03
7.407038714000000000e+09	-3.260353000000000123e-03	-2.964650000000000098e-03
7.407041143000000000e+09	-3.297957299999999901e-03	-2.941554400000000007e-03
7.407043571000000000e+09	-3.273181600000000212e-03	-2.921885700000000172e-03
7.407046000000000000e+09	-3.313054800000000012e-03	-2.913075199999999847e-03
7.407048429000000000e+09	-3.287844600000000041e-03	-2.933632299999999922e-03
7.407050857000000000e+09	-3.374167099999999999e-03	-2.975759399999999832e-03
7.407053286000000000e+09	-3.325373700000000196e-03	-2.899198600000000171e-03
7.407055714000000000e+09	-3.278038799999999885e-03	-2.913451499999999798e-03
7.407058143000000000e+09	-3.314944499999999961e-03	-2.889100099999999949e-03
7.407060571000000000e+09	-3.343951099999999989e-03	-2.923741200000000168e-03
7.407063000000000000e+09	-3.239731400000000171e-03	-2.890104200000000179e-03
7.407065429000000000e+09	-3.327170999999999861e-03	-2.905962900000000088e-03
7.407067857000000000e+09	-3.336039700000000083e-03	-2.886364499999999941e-03
7.407070286000000000e+09	-3.363002899999999792e-03	-2.908701300000000184e-03
7.407072714000000000e+09	-3.356639900000000110e-03	-2.878998499999999971e-03
7.407075143000000000e+09	-3.374716600000000032e-03	-2.878618400000000025e-03
7.407077571000000000e+09	-3.311873600000000105e-03	-2.871124899999999945e-03
7.407080000000000000e+09	-3.324299499999999914e-03	-2.844463900000000073e-03
7.407082429000000000e+09	-3.357085699999999909e-03	-2.882787999999999844e-03
7.407084857000000000e+09	-3.330795300000000212e-03	-2.835893899999999794e-03
7.407087286000000000e+09	-3.356809200000000163e-03	-2.843432500000000075e-03
7.407089714000000000e+09	-3.316069899999999921e-03	-2.884127399999999921e-03
7.407092143000000000e+09	-3.380918599999999889e-03	-2.903494099999999987e-03
7.407094571000000000e+09	-3.378400499999999890e-03	-2.796635999999999914e-03
7.407097000000000000e+09	-3.399023900000000022e-03	-2.828086499999999791e-03
7.407099429000000000e+09	-3.372733199999999789e-03	-2.874388299999999959e-03
7.407101857000000000e+09	-3.374868999999999959e-03	-2.812209100000000010e-03
7.407104286000000000e+09	-3.398092299999999795e-03	-2.846490200000000199e-03
7.407106714000000000e+09	-3.403549200000000139e-03	-2.759726699999999911e-03
7.407109143000000000e+09	-3.325960599999999972e-03	-2.839150899999999794e-03
7.407111571000000000e+09	-3.369720100000000128e-03	-2.838205199999999963e-03
7.407114000000000000e+09	-3.381356299999999961e-03	-2.817782400000000149e-03
7.407116429000000000e+09	-3.430185000000000092e-03	-2.834578999999999831e-03
7.407118857000000000e+09	-3.457356600000000175e-03	-2.781125199999999811e-03
7.407121286000000000e+09	-3.375201899999999856e-03	-2.788723600000000101e-03
7.407123714000000000e+09	-3.419879700000000040e-03	-2.815359400000000054e-03
7.407126143000000000e+09	-3.433331500000000140e-03	-2.756390499999999792e-03
7.407128571000000000e+09	-3.421565899999999983e-03	-2.775010499999999800e-03
7.407131000000000000e+09	-3.401691200000000158e-03	-2.785376600000000202e-03
7.407133429000000000e+09	-3.423406999999999839e-03	-2.753214099999999956e-03
7.407135857000000000e+09	-3.375036799999999934e-03	-2.750683099999999895e-03
7.407138286000000000e+09	-3.382327000000000077e-03	-2.779012700000000214e-03
7.407140714000000000e+09	-3.479045300000000156e-03	-2.777329800000000095e-03
7.407143143000000000e+09	-3.426845300000000080e-03	-2.705495000000000035e-03
7.407145571000000000e+09	-3.451210399999999831e-03	-2.726435699999999948e-03
7.407148000000000000e+09	-3.387946399999999889e-03	-2.721925200000000107e-03
7.407150429000000000e+09	-3.381861800000000168e-03	-2.749136100000000148e-03
7.407152857000000000e+09	-3.436738999999999853e-03	-2.691366000000000158e-03
7.407155286000000000e+09	-3.417562700000000096e-03	-2.801010699999999850e-03
7.407157714000000000e+09	-3.485563899999999989e-03	-2.700158800000000085e-03
7.407160143000000000e+09	-3.394386899999999978e-03	-2.735503199999999874e-03
7.407162571000000000e+09	-3.485576399999999915e-03	-2.747663999999999922e-03
7.407165000000000000e+09	-3.439280199999999923e-03	-2.774586700000000131e-03
7.407167429000000000e+09	-3.430936800000000154e-03	-2.740207399999999849e-03
7.407169857000000000e+09	-3.519363800000000018e-03	-2.727307799999999834e-03
7.407172286000000000e+09	-3.486315600000000018e-03	-2.668957899999999887e-03
7.407174714000000000e+09	-3.385563399999999990e-03	-2.679167899999999967e-03
7.407177143000000000e+09	-3.482369600000000120e-03	-2.698862700000000028e-03
7.407179571000000000e+09	-3.510313299999999817e-03	-2.665892899999999874e-03
7.407182000000000000e+09	-3.466003000000000053e-03	-2.625991700000000068e-03
7.407184429000000000e+09	-3.504469400000000210e-03	-2.725079799999999882e-03
7.407186857000000000e+09	-3.508889700000000084e-03	-2.683950200000000119e-03
7.407189286000000000e+09	-3.480433199999999859e-03	-2.646941299999999980e-03
7.407191714000000000e+09	-3.449111400000000067e-03	-2.716472900000000031e-03
7.407194143000000000e+09	-3.490319100000000008e-03	-2.697296200000000137e-03
7.407196571000000000e+09	-3.425282100000000014e-03	-2.655977500000000074e-03
7.407199000000000000e+09	-3.481703899999999928e-03	-2.716493300000000048e-03
7.407201429000000000e+09	-3.453279799999999910e-03	-2.666173100000000015e-03
7.407203857000000000e+09	-3.515017799999999894e-03	-2.675626600000000164e-03
7.407206286000000000e+09	-3.513251599999999992e-03	-2.632925899999999809e-03
7.407208714000000000e+09	-3.538440700000000140e-03	-2.649882100000000140e-03
7.407211143000000000e+09	-3.536760500000000074e-03	-2.632923599999999892e-03
7.407213571000000000e+09	-3.557955600000000003e-03	-2.626117900000000168e-03
7.407216000000000000e+09	-3.579417300000000204e-03	-2.636491700000000160e-03
7.407218429000000000e+09	-3.597739999999999879e-03	-2.568582800000000083e-03
7.407220857000000000e+09	-3.550913599999999930e-03	-2.585161199999999951e-03
7.407223286000000000e+09	-3.541751699999999906e-03	-2.593093600000000078e-03
7.407225714000000000e+09	-3.511966200000000114e-03	-2.650374599999999817e-03
7.407228143000000000e+09	-3.522752599999999859e-03	-2.608814300000000200e-03
7.407230571000000000e+09	-3.492675099999999807e-03	-2.577557299999999954e-03
7.407233000000000000e+09	-3.553536400000000071e-03	-2.606605799999999959e-03
7.407235429000000000e+09	-3.558491300000000100e-03	-2.583020399999999810e-03
7.407237857000000000e+09	-3.542602100000000198e-03	-2.648584900000000141e-03
7.407240286000000000e+09	-3.535836899999999974e-03	-2.576190199999999972e-03
7.407242714000000000e+09	-3.531843700000000027e-03	-2.538385199999999842e-03
7.407245143000000000e+09	-3.504882500000000133e-03	-2.565041499999999846e-03
7.407247571000000000e+09	-3.558841000000000088e-03	-2.568641500000000150e-03
7.407250000000000000e+09	-3.567027099999999992e-03	-2.588070500000000211e-03
7.407252429000000000e+09	-3.530990099999999944e-03	-2.562765500000000005e-03
7.407254857000000000e+09	-3.600998099999999820e-03	-2.563107199999999867e-03
7.407257286000000000e+09	-3.607814200000000054e-03	-2.556180199999999979e-03
7.407259714000000000e+09	-3.543029300000000159e-03	-2.569367600000000123e-03
7.407262143000000000e+09	-3.609727400000000211e-03	-2.554117099999999880e-03
7.407264571000000000e+09	-3.619865500000000059e-03	-2.566317700000000056e-03
7.407267000000000000e+09	-3.629857900000000095e-03	-2.538079899999999816e-03
7.407269429000000000e+09	-3.611497700000000210e-03	-2.552213099999999825e-03
7.407271857000000000e+09	-3.610476599999999821e-03	-2.563270600000000076e-03
7.407274286000000000e+09	-3.597834199999999909e-03	-2.559225999999999949e-03
7.407276714000000000e+09	-3.568373000000000118e-03	-2.533334400000000070e-03
7.407279143000000000e+09	-3.607002199999999846e-03	-2.482180499999999800e-03
7.407281571000000000e+09	-3.601145500000000211e-03	-2.496645000000000027e-03
7.407284000000000000e+09	-3.611700700000000045e-03	-2.524447600000000180e-03
7.407286429000000000e+09	-3.635362799999999894e-03	-2.467581500000000112e-03
7.407288857000000000e+09	-3.557755899999999992e-03	-2.518744099999999878e-03
7.407291286000000000e+09	-3.632707700000000015e-03	-2.433594900000000168e-03
7.407293714000000000e+09	-3.573719600000000145e-03	-2.483195399999999810e-03
7.407296143000000000e+09	-3.649885800000000121e-03	-2.475345299999999991e-03
7.407298571000000000e+09	-3.646847500000000106e-03	-2.469953300000000095e-03
7.407301000000000000e+09	-3.625069299999999963e-03	-2.468289199999999881e-03
7.407303429000000000e+09	-3.614319400000000088e-03	-2.422093399999999865e-03
7.407305857000000000e+09	-3.638726300000000215e-03	-2.453397300000000059e-03
7.407308286000000000e+09	-3.638794600000000087e-03	-2.478028599999999946e-03
7.407310714000000000e+09	-3.673074699999999936e-03	-2.390012799999999792e-03
7.407313143000000000e+09	-3.656873499999999892e-03	-2.512037899999999824e-03
7.407315571000000000e+09	-3.615508999999999824e-03	-2.418932999999999847e-03
7.407318000000000000e+09	-3.643847899999999845e-03	-2.429959900000000072e-03
7.407320429000000000e+09	-3.657651599999999815e-03	-2.495796199999999847e-03
7.407322857000000000e+09	-3.688365299999999975e-03	-2.381371599999999953e-03
7.407325286000000000e+09	-3.660340399999999911e-03	-2.366652099999999939e-03
7.407327714000000000e+09	-3.651295000000000148e-03	-2.486319299999999958e-03
7.407330143000000000e+09	-3.634988100000000055e-03	-2.473136099999999945e-03
7.407332571000000000e+09	-3.678802499999999850e-03	-2.439843900000000006e-03
7.407335000000000000e+09	-3.699318200000000119e-03	-2.401794400000000201e-03
7.407337429000000000e+09	-3.683480900000000134e-03	-2.408466499999999903e-03
7.407339857000000000e+09	-3.661474599999999836e-03	-2.356934000000000199e-03
7.407342286000000000e+09	-3.697638300000000156e-03	-2.446622700000000098e-03
7.407344714000000000e+09	-3.653650400000000176e-03	-2.401993099999999871e-03
7.407347143000000000e+09	-3.680875599999999890e-03	-2.381328199999999898e-03
7.407349571000000000e+09	-3.691157100000000066e-03	-2.360732899999999808e-03
7.407352000000000000e+09	-3.700175200000000060e-03	-2.404680299999999854e-03
7.407354429000000000e+09	-3.700005900000000007e-03	-2.363985299999999973e-03
7.407356857000000000e+09	-3.657510100000000135e-03	-2.360184699999999785e-03
7.407359286000000000e+09	-3.735432300000000004e-03	-2.361857599999999963e-03
7.407361714000000000e+09	-3.688196500000000093e-03	-2.368410999999999954e-03
7.407364143000000000e+09	-3.726839599999999791e-03	-2.372454899999999842e-03
7.407366571000000000e+09	-3.672151900000000108e-03	-2.416992000000000185e-03
7.407369000000000000e+09	-3.727028199999999920e-03	-2.285308299999999886e-03
7.407371429000000000e+09	-3.708803799999999939e-03	-2.369585200000000075e-03
7.407373857000000000e+09	-3.716015799999999869e-03	-2.311325800000000198e-03
7.407376286000000000e+09	-3.653179999999999795e-03	-2.309062599999999951e-03
7.407378714000000000e+09	-3.732326800000000059e-03	-2.372364400000000206e-03
7.407381143000000000e+09	-3.727503000000000066e-03	-2.334108200000000171e-03
7.407383571000000000e+09	-3.716861799999999962e-03	-2.349382599999999890e-03
7.407386000000000000e+09	-3.697523199999999937e-03	-2.307463100000000083e-03
7.407388429000000000e+09	-3.691838199999999872e-03	-2.358945299999999981e-03
7.407390857000000000e+09	-3.721533400000000096e-03	-2.268524200000000129e-03
7.407393286000000000e+09	-3.741639599999999934e-03	-2.282094299999999805e-03
7.407395714000000000e+09	-3.728543099999999996e-03	-2.302510199999999868e-03
7.407398143000000000e+09	-3.734788900000000043e-03	-2.337876500000000187e-03
7.407400571000000000e+09	-3.704124799999999884e-03	-2.307204599999999970e-03
7.407403000000000000e+09	-3.721450099999999879e-03	-2.253766500000000100e-03
7.407405429000000000e+09	-3.716342599999999854e-03	-2.254993299999999944e-03
7.407407857000000000e+09	-3.782749699999999986e-03	-2.294233599999999894e-03
7.407410286000000000e+09	-3.764903400000000136e-03	-2.206085200000000059e-03
7.407412714000000000e+09	-3.812986200000000048e-03	-2.269522600000000150e-03
7.407415143000000000e+09	-3.744965099999999873e-03	-2.288621700000000037e-03
7.407417571000000000e+09	-3.776489899999999934e-03	-2.299535599999999892e-03
7.407420000000000000e+09	-3.731413099999999865e-03	-2.270720700000000182e-03
7.407422429000000000e+09	-3.810389500000000134e-03	-2.223735799999999960e-03
7.407424857000000000e+09	-3.778092099999999856e-03	-2.228619399999999962e-03
7.407427286000000000e+09	-3.785489500000000125e-03	-2.279625799999999806e-03
7.407429714000000000e+09	-3.788911199999999910e-03	-2.233813700000000096e-03
7.407432143000000000e+09	-3.730905599999999843e-03	-2.222814799999999879e-03
7.407434571000000000e+09	-3.790143900000000031e-03	-2.215114600000000003e-03
7.407437000000000000e+09	-3.768942099999999986e-03	-2.271546900000000029e-03
7.407439429000000000e+09	-3.785185999999999846e-03	-2.260671599999999892e-03
7.407441857000000000e+09	-3.850366300000000134e-03	-2.150954999999999968e-03
7.407444286000000000e+09	-3.779475699999999827e-03	-2.264232200000000205e-03
7.407446714000000000e+09	-3.745356400000000169e-03	-2.256293199999999995e-03
7.407449143000000000e+09	-3.774991399999999813e-03	-2.163925399999999839e-03
7.407451571000000000e+09	-3.821750400000000197e-03	-2.200135700000000003e-03
7.407454000000000000e+09	-3.804284199999999859e-03	-2.193424199999999876e-03
7.407456429000000000e+09	-3.796255499999999852e-03	-2.191337900000000106e-03
7.407458857000000000e+09	-3.769497399999999828e-03	-2.180563400000000082e-03
7.407461286000000000e+09	-3.813815600000000118e-03	-2.183109800000000190e-03
7.407463714000000000e+09	-3.805828399999999952e-03	-2.164704099999999968e-03
7.407466143000000000e+09	-3.847831300000000010e-03	-2.109717000000000103e-03
7.407468571000000000e+09	-3.788164799999999954e-03	-2.148642699999999892e-03
7.407471000000000000e+09	-3.796242899999999892e-03	-2.154279099999999864e-03
7.407473429000000000e+09	-3.829253999999999818e-03	-2.131340600000000002e-03
7.407475857000000000e+09	-3.860930399999999967e-03	-2.147878000000000200e-03
7.407478286000000000e+09	-3.800743899999999963e-03	-2.097962100000000125e-03
7.407480714000000000e+09	-3.803861999999999868e-03	-2.136543800000000135e-03
7.407483143000000000e+09	-3.898605700000000104e-03	-2.127233300000000178e-03
7.407485571000000000e+09	-3.835402400000000045e-03	-2.064124899999999953e-03
7.407488000000000000e+09	-3.834204700000000150e-03	-2.139799899999999828e-03
7.407490429000000000e+09	-3.833924299999999941e-03	-2.083804299999999967e-03
7.407492857000000000e+09	-3.841425099999999909e-03	-2.137371500000000060e-03
7.407495286000000000e+09	-3.841041199999999968e-03	-2.051970100000000217e-03
7.407497714000000000e+09	-3.895187699999999847e-03	-2.101716400000000137e-03
7.407500143000000000e+09	-3.866900600000000143e-03	-2.092844600000000159e-03
7.407502571000000000e+09	-3.888927700000000161e-03	-2.076108299999999789e-03
7.407505000000000000e+09	-3.886295399999999817e-03	-2.053768799999999926e-03
7.407507429000000000e+09	-3.871444800000000200e-03	-2.086272200000000195e-03
7.407509857000000000e+09	-3.857490299999999980e-03	-2.163043500000000081e-03
7.407512286000000000e+09	-3.902525799999999843e-03	-2.050668600000000053e-03
7.407514714000000000e+09	-3.883164599999999918e-03	-2.085340099999999797e-03
7.407517143000000000e+09	-3.885260599999999960e-03	-2.091967499999999869e-03
7.407519571000000000e+09	-3.855131600000000127e-03	-2.046864299999999904e-03
7.407522000000000000e+09	-3.873362500000000156e-03	-2.006295400000000090e-03
7.407524429000000000e+09	-3.902581799999999858e-03	-2.071932900000000161e-03
7.407526857000000000e+09	-3.841779400000000164e-03	-2.091160500000000064e-03
7.407529286000000000e+09	-3.936857099999999804e-03	-2.066670999999999959e-03
7.407531714000000000e+09	-3.865840800000000001e-03	-2.046250600000000096e-03
7.407534143000000000e+09	-3.876245500000000122e-03	-2.050191700000000058e-03
7.407536571000000000e+09	-3.893424199999999998e-03	-2.042113099999999948e-03
7.407539000000000000e+09	-3.822964600000000081e-03	-2.013211899999999867e-03
7.407541429000000000e+09	-3.904055200000000093e-03	-2.103554599999999872e-03
7.407543857000000000e+09	-3.866053500000000108e-03	-2.018704000000000071e-03
7.407546286000000000e+09	-3.863064299999999923e-03	-1.988375200000000193e-03
7.407548714000000000e+09	-3.861879999999999827e-03	-1.969671100000000129e-03
7.407551143000000000e+09	-3.843092000000000209e-03	-2.019998500000000016e-03
7.407553571000000000e+09	-3.907113000000000252e-03	-2.040416499999999928e-03
7.407556000000000000e+09	-3.954944600000000372e-03	-2.006989700000000060e-03
7.407558429000000000e+09	-3.900017699999999785e-03	-2.019165299999999951e-03
7.407560857000000000e+09	-3.927536700000000373e-03	-1.960385399999999955e-03
7.407563286000000000e+09	-3.875011700000000059e-03	-2.002658699999999847e-03
7.407565714000000000e+09	-3.921845099999999792e-03	-2.017920500000000041e-03
7.407568143000000000e+09	-3.916175899999999911e-03	-1.964528699999999913e-03
7.407570571000000000e+09	-3.891202299999999958e-03	-1.969522999999999933e-03
7.407573000000000000e+09	-3.929379900000000078e-03	-1.972268499999999848e-03
7.407575429000000000e+09	-3.886037800000000011e-03	-1.955461999999999825e-03
7.407577857000000000e+09	-3.913268900000000002e-03	-1.988191900000000137e-03
7.407580286000000000e+09	-3.912293899999999720e-03	-1.950868900000000006e-03
7.407582714000000000e+09	-3.923132699999999987e-03	-1.968005699999999907e-03
7.407585143000000000e+09	-3.911006399999999994e-03	-1.923630499999999912e-03
7.407587571000000000e+09	-3.944691400000000306e-03	-1.913474999999999985e-03
7.407590000000000000e+09	-3.952976999999999880e-03	-1.941482299999999902e-03
7.407592429000000000e+09	-3.895067199999999955e-03	-1.948419399999999982e-03
7.407594857000000000e+09	-3.936022699999999763e-03	-1.891135699999999973e-03
7.407597286000000000e+09	-3.916891399999999739e-03	-1.887564100000000029e-03
7.407599714000000000e+09	-3.915618000000000050e-03	-1.879931899999999923e-03
7.407602143000000000e+09	-3.902571599999999849e-03	-1.854592699999999981e-03
7.407604571000000000e+09	-3.901196000000000004e-03	-1.878590799999999917e-03
7.407607000000000000e+09	-3.921522099999999802e-03	-1.882766699999999932e-03
7.407609429000000000e+09	-3.970415700000000381e-03	-1.841480499999999893e-03
7.407611857000000000e+09	-3.998840899999999907e-03	-1.872664299999999898e-03
7.407614286000000000e+09	-3.929874699999999672e-03	-1.903715800000000107e-03
7.407616714000000000e+09	-3.999899700000000141e-03	-1.833709499999999944e-03
7.407619143000000000e+09	-3.974339000000000344e-03	-1.832736200000000025e-03
7.407621571000000000e+09	-3.992424500000000230e-03	-1.886071499999999969e-03
7.407624000000000000e+09	-3.999164399999999633e-03	-1.820452499999999918e-03
7.407626429000000000e+09	-3.950298399999999793e-03	-1.820343999999999999e-03
7.407628857000000000e+09	-4.000384200000000126e-03	-1.813352000000000063e-03
7.407631286000000000e+09	-3.923447299999999714e-03	-1.900239800000000021e-03
7.407633714000000000e+09	-3.953541399999999789e-03	-1.769118299999999965e-03
7.407636143000000000e+09	-3.901698900000000192e-03	-1.814734900000000012e-03
7.407638571000000000e+09	-3.948613999999999596e-03	-1.879195900000000044e-03
7.407641000000000000e+09	-4.001992999999999696e-03	-1.852972000000000039e-03
7.407643429000000000e+09	-4.013836399999999929e-03	-1.854522200000000010e-03
7.407645857000000000e+09	-3.990415700000000433e-03	-1.788028400000000019e-03
7.407648286000000000e+09	-4.011210799999999702e-03	-1.827693499999999980e-03
7.407650714000000000e+09	-4.041491799999999759e-03	-1.765740900000000108e-03
7.407653143000000000e+09	-4.033542700000000009e-03	-1.830035899999999912e-03
7.407655571000000000e+09	-3.963833400000000076e-03	-1.848822800000000021e-03
7.407658000000000000e+09	-4.020289500000000411e-03	-1.813981799999999939e-03
7.407660429000000000e+09	-4.009158500000000250e-03	-1.782744800000000008e-03
7.407662857000000000e+09	-4.000283900000000184e-03	-1.756827199999999936e-03
7.407665286000000000e+09	-4.010555100000000317e-03	-1.786238199999999957e-03
7.407667714000000000e+09	-4.064910899999999577e-03	-1.784803300000000056e-03
7.407670143000000000e+09	-4.035802300000000328e-03	-1.769439499999999992e-03
7.407672571000000000e+09	-3.993270800000000426e-03	-1.798630799999999903e-03
7.407675000000000000e+09	-4.028173500000000080e-03	-1.796277599999999974e-03
7.407677429000000000e+09	-4.052333800000000250e-03	-1.763400899999999910e-03
7.407679857000000000e+09	-4.025383199999999634e-03	-1.762978300000000000e-03
7.407682286000000000e+09	-4.065992099999999644e-03	-1.727560499999999900e-03
7.407684714000000000e+09	-4.023605700000000215e-03	-1.710719899999999958e-03
7.407687143000000000e+09	-4.009196500000000198e-03	-1.793255299999999995e-03
7.407689571000000000e+09	-4.058751700000000004e-03	-1.783599999999999986e-03
7.407692000000000000e+09	-4.010742799999999705e-03	-1.686597200000000034e-03
7.407694429000000000e+09	-3.995883100000000021e-03	-1.730440300000000075e-03
7.407696857000000000e+09	-4.007617699999999582e-03	-1.747339799999999936e-03
7.407699286000000000e+09	-4.010790600000000393e-03	-1.696902599999999903e-03
7.407701714000000000e+09	-4.041637499999999571e-03	-1.709960900000000042e-03
7.407704143000000000e+09	-3.976477499999999700e-03	-1.713904999999999942e-03
7.407706571000000000e+09	-4.066056200000000252e-03	-1.706328800000000067e-03
7.407709000000000000e+09	-3.989707000000000323e-03	-1.698108000000000039e-03
7.407711429000000000e+09	-4.046006300000000097e-03	-1.707143099999999976e-03
7.407713857000000000e+09	-4.035276099999999568e-03	-1.696708299999999999e-03
7.407716286000000000e+09	-4.032171900000000066e-03	-1.669728299999999983e-03
7.407718714000000000e+09	-4.037801599999999921e-03	-1.661151999999999941e-03
7.407721143000000000e+09	-4.011851000000000306e-03	-1.639781099999999912e-03
7.407723571000000000e+09	-4.092485300000000409e-03	-1.628509900000000080e-03
7.407726000000000000e+09	-4.047375100000000225e-03	-1.678715600000000099e-03
7.407728429000000000e+09	-4.064372699999999929e-03	-1.597381599999999919e-03
7.407730857000000000e+09	-4.053361999999999590e-03	-1.657402699999999899e-03
7.407733286000000000e+09	-4.082925400000000406e-03	-1.683343599999999893e-03
7.407735714000000000e+09	-4.096688599999999576e-03	-1.639681700000000060e-03
7.407738143000000000e+09	-4.060166599999999806e-03	-1.596277299999999998e-03
7.407740571000000000e+09	-4.058528799999999888e-03	-1.663467600000000058e-03
7.407743000000000000e+09	-3.992079299999999609e-03	-1.629622799999999897e-03
7.407745429000000000e+09	-4.013079899999999998e-03	-1.604127199999999965e-03
7.407747857000000000e+09	-4.075593399999999887e-03	-1.609839199999999913e-03
7.407750286000000000e+09	-4.082440700000000353e-03	-1.612353099999999997e-03
7.407752714000000000e+09	-4.071170100000000291e-03	-1.626889799999999909e-03
7.407755143000000000e+09	-4.078601700000000080e-03	-1.582742800000000102e-03
7.407757571000000000e+09	-4.046193600000000216e-03	-1.543995899999999919e-03
7.407760000000000000e+09	-4.082536900000000198e-03	-1.603076300000000039e-03
7.407762429000000000e+09	-4.075548099999999618e-03	-1.607041399999999945e-03
7.407764857000000000e+09	-4.098595899999999889e-03	-1.539473400000000106e-03
7.407767286000000000e+09	-4.081194800000000067e-03	-1.533194899999999966e-03
7.407769714000000000e+09	-4.119572499999999901e-03	-1.549531299999999927e-03
7.407772143000000000e+09	-4.114114999999999786e-03	-1.512156800000000016e-03
7.407774571000000000e+09	-4.119030200000000155e-03	-1.525856799999999970e-03
7.407777000000000000e+09	-4.108966500000000091e-03	-1.658502600000000054e-03
7.407779429000000000e+09	-4.028503999999999592e-03	-1.556757200000000044e-03
7.407781857000000000e+09	-4.071270999999999571e-03	-1.573582100000000053e-03
7.407784286000000000e+09	-4.081302299999999862e-03	-1.555538499999999926e-03
7.407786714000000000e+09	-4.112966099999999618e-03	-1.502931199999999953e-03
7.407789143000000000e+09	-4.101457200000000261e-03	-1.530659800000000025e-03
7.407791571000000000e+09	-4.099287800000000342e-03	-1.533125200000000051e-03
7.407794000000000000e+09	-4.126313199999999577e-03	-1.536594899999999941e-03
7.407796429000000000e+09	-4.072733799999999661e-03	-1.491717499999999997e-03
7.407798857000000000e+09	-4.124978300000000167e-03	-1.524970500000000012e-03
7.407801286000000000e+09	-4.074249700000000078e-03	-1.485554000000000041e-03
7.407803714000000000e+09	-4.073358400000000150e-03	-1.487614300000000053e-03
7.407806143000000000e+09	-4.096612099999999944e-03	-1.502657400000000044e-03
7.407808571000000000e+09	-4.156317199999999719e-03	-1.512579599999999995e-03
7.407811000000000000e+09	-4.114764299999999590e-03	-1.503592499999999946e-03
7.407813429000000000e+09	-4.095956599999999760e-03	-1.432005400000000003e-03
7.407815857000000000e+09	-4.118643499999999694e-03	-1.454262999999999910e-03
7.407818286000000000e+09	-4.156351899999999842e-03	-1.427454400000000012e-03
7.407820714000000000e+09	-4.123207499999999998e-03	-1.462548300000000032e-03
7.407823143000000000e+09	-4.081174899999999786e-03	-1.427027100000000017e-03
7.407825571000000000e+09	-4.112959900000000106e-03	-1.413082599999999954e-03
7.407828000000000000e+09	-4.121437900000000237e-03	-1.470457000000000101e-03
7.407830429000000000e+09	-4.149121599999999743e-03	-1.416329800000000081e-03
7.407832857000000000e+09	-4.074513600000000298e-03	-1.425688499999999996e-03
7.407835286000000000e+09	-4.070529300000000350e-03	-1.403538300000000067e-03
7.407837714000000000e+09	-4.186848299999999627e-03	-1.405187999999999923e-03
7.407840143000000000e+09	-4.184902199999999961e-03	-1.458922600000000071e-03
7.407842571000000000e+09	-4.160736200000000017e-03	-1.384624199999999949e-03
7.407845000000000000e+09	-4.155626299999999607e-03	-1.407276500000000010e-03
7.407847429000000000e+09	-4.089564799999999799e-03	-1.367741900000000099e-03
7.407849857000000000e+09	-4.113833100000000367e-03	-1.391424000000000046e-03
7.407852286000000000e+09	-4.131343400000000131e-03	-1.433292600000000061e-03
7.407854714000000000e+09	-4.169064400000000239e-03	-1.398022299999999952e-03
7.407857143000000000e+09	-4.118377700000000127e-03	-1.368676199999999945e-03
7.407859571000000000e+09	-4.115332799999999597e-03	-1.369034000000000093e-03
7.407862000000000000e+09	-4.117432199999999931e-03	-1.365302299999999981e-03
7.407864429000000000e+09	-4.120587200000000276e-03	-1.364241200000000046e-03
7.407866857000000000e+09	-4.153026199999999835e-03	-1.349139000000000067e-03
7.407869286000000000e+09	-4.143970999999999766e-03	-1.329272600000000037e-03
7.407871714000000000e+09	-4.206286800000000325e-03	-1.329169500000000007e-03
7.407874143000000000e+09	-4.118734199999999832e-03	-1.325811999999999997e-03
7.407876571000000000e+09	-4.158838599999999976e-03	-1.289942799999999924e-03
7.407879000000000000e+09	-4.180424200000000361e-03	-1.350744500000000030e-03
7.407881429000000000e+09	-4.157919799999999777e-03	-1.269870300000000085e-03
7.407883857000000000e+09	-4.220011499999999811e-03	-1.359252000000000030e-03
7.407886286000000000e+09	-4.221763199999999973e-03	-1.321198800000000046e-03
7.407888714000000000e+09	-4.150770399999999943e-03	-1.312614699999999947e-03
7.407891143000000000e+09	-4.100363299999999767e-03	-1.275076399999999907e-03
7.407893571000000000e+09	-4.157695900000000187e-03	-1.268685999999999989e-03
7.407896000000000000e+09	-4.214036200000000065e-03	-1.291206100000000072e-03
7.407898429000000000e+09	-4.157917199999999758e-03	-1.270622300000000000e-03
7.407900857000000000e+09	-4.165755000000000152e-03	-1.260205900000000009e-03
7.407903286000000000e+09	-4.188927400000000412e-03	-1.250461000000000020e-03
7.407905714000000000e+09	-4.209406800000000011e-03	-1.248294600000000041e-03
7.407908143000000000e+09	-4.174063700000000231e-03	-1.306881499999999925e-03
7.407910571000000000e+09	-4.165895799999999594e-03	-1.320933299999999932e-03
7.407913000000000000e+09	-4.172432799999999629e-03	-1.204689799999999946e-03
7.407915429000000000e+09	-4.185441600000000019e-03	-1.254288699999999909e-03
7.407917857000000000e+09	-4.154963599999999570e-03	-1.245001199999999988e-03
7.407920286000000000e+09	-4.222219499999999882e-03	-1.226465200000000002e-03
7.407922714000000000e+09	-4.222357999999999841e-03	-1.282364600000000018e-03
7.407925143000000000e+09	-4.246428299999999677e-03	-1.213972599999999999e-03
7.407927571000000000e+09	-4.142874199999999583e-03	-1.252844199999999988e-03
7.407930000000000000e+09	-4.178416499999999638e-03	-1.225625300000000037e-03
7.407932429000000000e+09	-4.228769999999999751e-03	-1.186921500000000023e-03
7.407934857000000000e+09	-4.225168399999999769e-03	-1.264338600000000038e-03
7.407937286000000000e+09	-4.189533100000000093e-03	-1.202391500000000090e-03
7.407939714000000000e+09	-4.248070599999999829e-03	-1.197558800000000099e-03
7.407942143000000000e+09	-4.148972400000000040e-03	-1.229739699999999897e-03
7.407944571000000000e+09	-4.215706500000000224e-03	-1.136635499999999943e-03
7.407947000000000000e+09	-4.213058199999999628e-03	-1.192713900000000066e-03
7.407949429000000000e+09	-4.173295500000000213e-03	-1.159244100000000064e-03
7.407951857000000000e+09	-4.205149299999999708e-03	-1.205348100000000000e-03
7.407954286000000000e+09	-4.145651000000000197e-03	-1.194755299999999921e-03
7.407956714000000000e+09	-4.221640900000000335e-03	-1.133050299999999915e-03
7.407959143000000000e+09	-4.196972600000000407e-03	-1.131300100000000048e-03
7.407961571000000000e+09	-4.211817300000000180e-03	-1.151820200000000082e-03
7.407964000000000000e+09	-4.172874200000000096e-03	-1.178820900000000001e-03
7.407966429000000000e+09	-4.226057499999999814e-03	-1.144557299999999925e-03
7.407968857000000000e+09	-4.171823899999999724e-03	-1.086994200000000049e-03
7.407971286000000000e+09	-4.218609299999999569e-03	-1.114405900000000043e-03
7.407973714000000000e+09	-4.222761299999999891e-03	-1.159885800000000095e-03
7.407976143000000000e+09	-4.196639500000000009e-03	-1.084008399999999940e-03
7.407978571000000000e+09	-4.235878900000000086e-03	-1.142227100000000033e-03
7.407981000000000000e+09	-4.236520599999999900e-03	-1.053005500000000040e-03
7.407983429000000000e+09	-4.197544200000000170e-03	-1.088865700000000080e-03
7.407985857000000000e+09	-4.225984500000000074e-03	-1.081205200000000081e-03
7.407988286000000000e+09	-4.253966799999999923e-03	-1.101536099999999999e-03
7.407990714000000000e+09	-4.193070000000000130e-03	-1.127163499999999990e-03
7.407993143000000000e+09	-4.207779600000000238e-03	-1.091133700000000012e-03
7.407995571000000000e+09	-4.216605000000000006e-03	-1.106491000000000028e-03
7.407998000000000000e+09	-4.201926499999999662e-03	-1.086349599999999896e-03
7.408000429000000000e+09	-4.234374600000000155e-03	-1.041096600000000023e-03
7.408002857000000000e+09	-4.205930099999999686e-03	-1.116437700000000094e-03
7.408005286000000000e+09	-4.226647699999999848e-03	-1.060677199999999955e-03
7.408007714000000000e+09	-4.237875599999999660e-03	-1.075431800000000012e-03
7.408010143000000000e+09	-4.228966300000000338e-03	-1.060803799999999976e-03
7.408012571000000000e+09	-4.228824699999999756e-03	-1.121493600000000087e-03
7.408015000000000000e+09	-4.223484100000000040e-03	-1.029065600000000002e-03
7.408017429000000000e+09	-4.203784599999999677e-03	-1.041699199999999948e-03
7.408019857000000000e+09	-4.246723899999999864e-03	-9.719569999999999642e-04
7.408022286000000000e+09	-4.221301000000000220e-03	-1.050483199999999910e-03
7.408024714000000000e+09	-4.251567799999999772e-03	-1.070300699999999963e-03
7.408027143000000000e+09	-4.271785799999999571e-03	-1.081470300000000060e-03
7.408029571000000000e+09	-4.277023799999999862e-03	-1.008683899999999892e-03
7.408032000000000000e+09	-4.258969399999999739e-03	-1.017870599999999917e-03
7.408034429000000000e+09	-4.237329199999999817e-03	-9.871438000000000608e-04
7.408036857000000000e+09	-4.267703500000000032e-03	-9.078896999999999618e-04
7.408039286000000000e+09	-4.219737999999999788e-03	-9.479177999999999996e-04
7.408041714000000000e+09	-4.225650000000000066e-03	-9.545576999999999968e-04
7.408044143000000000e+09	-4.272554599999999793e-03	-9.873989999999999156e-04
7.408046571000000000e+09	-4.259326600000000115e-03	-9.602492000000000015e-04
7.408049000000000000e+09	-4.237617499999999683e-03	-9.885404999999999453e-04
7.408051429000000000e+09	-4.245701200000000231e-03	-9.713849000000000311e-04
7.408053857000000000e+09	-4.259232699999999754e-03	-9.359556999999999469e-04
7.408056286000000000e+09	-4.289811400000000281e-03	-9.605805000000000029e-04
7.408058714000000000e+09	-4.286261700000000216e-03	-9.354190000000000508e-04
7.408061143000000000e+09	-4.231497300000000399e-03	-9.097114999999999585e-04
7.408063571000000000e+09	-4.251073299999999847e-03	-9.415851999999999512e-04
7.408066000000000000e+09	-4.283210899999999842e-03	-9.216594000000000479e-04
7.408068429000000000e+09	-4.230183700000000012e-03	-9.162757000000000540e-04
7.408070857000000000e+09	-4.255159500000000282e-03	-8.994081000000000124e-04
7.408073286000000000e+09	-4.270738900000000358e-03	-8.859605000000000431e-04
7.408075714000000000e+09	-4.261501499999999741e-03	-8.763091999999999887e-04
7.408078143000000000e+09	-4.278693699999999885e-03	-8.687929999999999741e-04
7.408080571000000000e+09	-4.281241800000000139e-03	-9.345634000000000450e-04
7.408083000000000000e+09	-4.233565400000000034e-03	-8.491574999999999688e-04
7.408085429000000000e+09	-4.299573499999999847e-03	-8.705492000000000438e-04
7.408087857000000000e+09	-4.263334700000000373e-03	-9.254979000000000417e-04
7.408090286000000000e+09	-4.222219400000000282e-03	-8.612253999999999960e-04
7.408092714000000000e+09	-4.281937999999999890e-03	-8.664913999999999689e-04
7.408095143000000000e+09	-4.288381600000000168e-03	-8.677131999999999510e-04
7.408097571000000000e+09	-4.255115599999999623e-03	-8.121536000000000163e-04
7.408100000000000000e+09	-4.282876199999999765e-03	-8.463747000000000197e-04
7.408102429000000000e+09	-4.296735799999999716e-03	-8.760905000000000038e-04
7.408104857000000000e+09	-4.270815499999999591e-03	-9.193391999999999883e-04
7.408107286000000000e+09	-4.260729300000000094e-03	-8.407684000000000121e-04
7.408109714000000000e+09	-4.275127499999999831e-03	-8.152556999999999946e-04
7.408112143000000000e+09	-4.298482400000000307e-03	-8.381884000000000470e-04
7.408114571000000000e+09	-4.235815000000000413e-03	-8.633676999999999975e-04
7.408117000000000000e+09	-4.295852000000000177e-03	-8.292589000000000167e-04
7.408119429000000000e+09	-4.244084500000000135e-03	-7.915262999999999639e-04
7.408121857000000000e+09	-4.318949600000000083e-03	-7.607221999999999856e-04
7.408124286000000000e+09	-4.267334000000000231e-03	-8.419083000000000382e-04
7.408126714000000000e+09	-4.288676899999999820e-03	-8.052924000000000150e-04
7.408129143000000000e+09	-4.221799899999999911e-03	-7.776963000000000235e-04
7.408131571000000000e+09	-4.278692700000000411e-03	-7.763203000000000421e-04
7.408134000000000000e+09	-4.287246599999999970e-03	-7.613888999999999770e-04
7.408136429000000000e+09	-4.300826800000000054e-03	-7.584151999999999821e-04
7.408138857000000000e+09	-4.278013199999999849e-03	-7.802198000000000206e-04
7.408141286000000000e+09	-4.293447799999999988e-03	-7.058112000000000500e-04
7.408143714000000000e+09	-4.289129400000000168e-03	-7.512907999999999999e-04
7.408146143000000000e+09	-4.273599399999999590e-03	-7.457997999999999537e-04
7.408148571000000000e+09	-4.358526599999999925e-03	-7.645940999999999849e-04
7.408151000000000000e+09	-4.271614800000000239e-03	-7.754163000000000115e-04
7.408153429000000000e+09	-4.327672999999999763e-03	-7.382015999999999491e-04
7.408155857000000000e+09	-4.265944100000000280e-03	-7.235199000000000318e-04
7.408158286000000000e+09	-4.303581899999999773e-03	-6.885647999999999639e-04
7.408160714000000000e+09	-4.302381499999999824e-03	-7.389964999999999642e-04
7.408163143000000000e+09	-4.286222200000000190e-03	-6.507611999999999858e-04
7.408165571000000000e+09	-4.333096300000000359e-03	-8.009316000000000482e-04
7.408168000000000000e+09	-4.301808399999999984e-03	-7.298442999999999944e-04
7.408170429000000000e+09	-4.284936399999999743e-03	-7.282245999999999598e-04
7.408172857000000000e+09	-4.309923499999999963e-03	-6.961763999999999843e-04
7.408175286000000000e+09	-4.290544200000000370e-03	-6.735126000000000134e-04
7.408177714000000000e+09	-4.328316599999999792e-03	-6.874615999999999843e-04
7.408180143000000000e+09	-4.295844299999999720e-03	-7.461428999999999674e-04
7.408182571000000000e+09	-4.302372500000000224e-03	-6.357727999999999990e-04
7.408185000000000000e+09	-4.380974400000000289e-03	-6.939482999999999980e-04
7.408187429000000000e+09	-4.303727599999999584e-03	-6.928852000000000318e-04
7.408189857000000000e+09	-4.326994100000000273e-03	-6.695241000000000430e-04
7.408192286000000000e+09	-4.317173100000000138e-03	-6.374351999999999579e-04
7.408194714000000000e+09	-4.357424999999999840e-03	-6.250758999999999829e-04
7.408197143000000000e+09	-4.318164700000000009e-03	-6.713981999999999849e-04
7.408199571000000000e+09	-4.334921499999999997e-03	-6.417699000000000233e-04
7.408202000000000000e+09	-4.331134900000000246e-03	-6.263027000000000438e-04
7.408204429000000000e+09	-4.320809499999999845e-03	-6.135480000000000014e-04
7.408206857000000000e+09	-4.295224000000000264e-03	-6.533053999999999945e-04
7.408209286000000000e+09	-4.325237600000000210e-03	-6.525549999999999753e-04
7.408211714000000000e+09	-4.324958400000000411e-03	-5.759561000000000064e-04
7.408214143000000000e+09	-4.320487199999999660e-03	-6.342175999999999500e-04
7.408216571000000000e+09	-4.352912300000000116e-03	-5.918937000000000417e-04
7.408219000000000000e+09	-4.386631499999999947e-03	-5.320452999999999728e-04
7.408221429000000000e+09	-4.308852699999999973e-03	-6.256929999999999740e-04
7.408223857000000000e+09	-4.292965600000000354e-03	-5.986259999999999975e-04
7.408226286000000000e+09	-4.325652600000000347e-03	-5.543765000000000411e-04
7.408228714000000000e+09	-4.300205900000000393e-03	-5.785948999999999650e-04
7.408231143000000000e+09	-4.339995600000000342e-03	-5.641436000000000107e-04
7.408233571000000000e+09	-4.326450100000000382e-03	-5.917391000000000144e-04
7.408236000000000000e+09	-4.282303500000000061e-03	-5.328483999999999651e-04
7.408238429000000000e+09	-4.279955499999999954e-03	-5.278496000000000360e-04
7.408240857000000000e+09	-4.304946999999999940e-03	-5.397009000000000355e-04
7.408243286000000000e+09	-4.284464499999999718e-03	-5.462085999999999461e-04
7.408245714000000000e+09	-4.298874700000000076e-03	-5.046258000000000297e-04
7.408248143000000000e+09	-4.395462800000000426e-03	-5.353848999999999501e-04
7.408250571000000000e+09	-4.298643799999999834e-03	-5.428284000000000017e-04
7.408253000000000000e+09	-4.327429500000000429e-03	-5.868181000000000525e-04
7.408255429000000000e+09	-4.296999400000000267e-03	-5.417701999999999718e-04
7.408257857000000000e+09	-4.315929199999999667e-03	-5.043575999999999702e-04
7.408260286000000000e+09	-4.332860899999999883e-03	-5.017932000000000121e-04
7.408262714000000000e+09	-4.320237999999999683e-03	-4.970884000000000500e-04
7.408265143000000000e+09	-4.311680200000000095e-03	-5.211813000000000036e-04
7.408267571000000000e+09	-4.335021700000000339e-03	-4.874065000000000233e-04
7.408270000000000000e+09	-4.318967600000000150e-03	-4.545667000000000197e-04
7.408272429000000000e+09	-4.323989299999999973e-03	-4.685806000000000042e-04
7.408274857000000000e+09	-4.332490999999999946e-03	-4.439603000000000191e-04
7.408277286000000000e+09	-4.361251099999999617e-03	-4.694173999999999959e-04
7.408279714000000000e+09	-4.311804899999999684e-03	-4.753490999999999988e-04
7.408282143000000000e+09	-4.327653600000000086e-03	-4.066707000000000026e-04
7.408284571000000000e+09	-4.290478200000000415e-03	-4.778919999999999978e-04
7.408287000000000000e+09	-4.349806300000000001e-03	-4.283007000000000242e-04
7.408289429000000000e+09	-4.289319100000000239e-03	-4.650244999999999791e-04
7.408291857000000000e+09	-4.317769299999999616e-03	-3.997963999999999793e-04
7.408294286000000000e+09	-4.357363500000000119e-03	-3.950008000000000078e-04
7.408296714000000000e+09	-4.292586600000000349e-03	-4.008764999999999963e-04
7.408299143000000000e+09	-4.359230900000000269e-03	-4.055516000000000221e-04
7.408301571000000000e+09	-4.377814800000000110e-03	-4.471012999999999810e-04
7.408304000000000000e+09	-4.360734899999999664e-03	-4.202100999999999970e-04
7.408306429000000000e+09	-4.265122100000000131e-03	-4.431533999999999777e-04
7.408308857000000000e+09	-4.315316399999999733e-03	-3.807991999999999844e-04
7.408311286000000000e+09	-4.333820700000000185e-03	-3.660194000000000078e-04
7.408313714000000000e+09	-4.390851799999999708e-03	-3.421988999999999738e-04
7.408316143000000000e+09	-4.340823700000000403e-03	-3.676924000000000034e-04
7.408318571000000000e+09	-4.322328099999999881e-03	-3.606684999999999774e-04
7.408321000000000000e+09	-4.333915399999999953e-03	-2.928024000000000208e-04
7.408323429000000000e+09	-4.351682100000000414e-03	-3.201405000000000158e-04
7.408325857000000000e+09	-4.308928800000000336e-03	-3.264458000000000247e-04
7.408328286000000000e+09	-4.367952900000000339e-03	-3.229479000000000052e-04
7.408330714000000000e+09	-4.362414400000000358e-03	-3.461798999999999888e-04
7.408333143000000000e+09	-4.293064400000000218e-03	-3.719158000000000078e-04
7.408335571000000000e+09	-4.347460400000000176e-03	-3.677519000000000187e-04
7.408338000000000000e+09	-4.308715700000000093e-03	-3.738696000000000228e-04
7.408340429000000000e+09	-4.357162700000000166e-03	-2.526952000000000061e-04
7.408342857000000000e+09	-4.272109900000000370e-03	-3.532966999999999813e-04
7.408345286000000000e+09	-4.352932700000000134e-03	-3.075315999999999814e-04
7.408347714000000000e+09	-4.357480599999999718e-03	-2.898932999999999914e-04
7.408350143000000000e+09	-4.291506300000000156e-03	-3.538419000000000113e-04
7.408352571000000000e+09	-4.334115700000000168e-03	-2.723909999999999743e-04
7.408355000000000000e+09	-4.335971499999999833e-03	-3.132443999999999854e-04
7.408357429000000000e+09	-4.404263299999999944e-03	-2.845279000000000037e-04
7.408359857000000000e+09	-4.332008899999999912e-03	-3.067829999999999798e-04
7.408362286000000000e+09	-4.309491599999999700e-03	-3.019947000000000039e-04
7.408364714000000000e+09	-4.302780899999999846e-03	-2.270758000000000054e-04
7.408367143000000000e+09	-4.394867499999999955e-03	-2.221733000000000095e-04
7.408369571000000000e+09	-4.346016999999999762e-03	-2.698110999999999890e-04
7.408372000000000000e+09	-4.380212100000000115e-03	-2.227761000000000032e-04
7.408374429000000000e+09	-4.272729400000000420e-03	-1.952098999999999892e-04
7.408376857000000000e+09	-4.333030800000000141e-03	-1.965443999999999948e-04
7.408379286000000000e+09	-4.340055399999999917e-03	-2.145900999999999972e-04
7.408381714000000000e+09	-4.321309700000000413e-03	-2.129088999999999971e-04
7.408384143000000000e+09	-4.374595600000000424e-03	-2.377904000000000129e-04
7.408386571000000000e+09	-4.356534399999999717e-03	-2.048747000000000122e-04
7.408389000000000000e+09	-4.337343300000000117e-03	-1.753943999999999957e-04
7.408391429000000000e+09	-4.372702499999999749e-03	-1.989217999999999900e-04
7.408393857000000000e+09	-4.399341200000000257e-03	-1.508515000000000040e-04
7.408396286000000000e+09	-4.388276400000000119e-03	-1.427384000000000020e-04
7.408398714000000000e+09	-4.337163300000000318e-03	-1.851543000000000036e-04
7.408401143000000000e+09	-4.327064200000000325e-03	-1.771320999999999909e-04
7.408403571000000000e+09	-4.297772400000000187e-03	-1.042754999999999946e-04
7.408406000000000000e+09	-4.323107199999999713e-03	-1.741114999999999948e-04
7.408408429000000000e+09	-4.287084099999999634e-03	-1.430968000000000019e-04
7.408410857000000000e+09	-4.292139799999999776e-03	-1.461974000000000108e-04
7.408413286000000000e+09	-4.374347599999999989e-03	-1.956683999999999984e-04
7.408415714000000000e+09	-4.329629800000000042e-03	-1.957591000000000008e-04
7.408418143000000000e+09	-4.326954800000000316e-03	-1.391983000000000120e-04
7.408420571000000000e+09	-4.374602600000000209e-03	-1.655279000000000114e-04
7.408423000000000000e+09	-4.273534199999999908e-03	-2.092309999999999895e-04
7.408425429000000000e+09	-4.308280700000000074e-03	-1.153933000000000053e-04
7.408427857000000000e+09	-4.315560199999999604e-03	-2.026530999999999927e-04
7.408430286000000000e+09	-4.356562700000000260e-03	-8.757419999999999918e-05
7.408432714000000000e+09	-4.403608399999999964e-03	-8.403690000000000172e-05
7.408435143000000000e+09	-4.351486600000000100e-03	-8.284950000000000018e-05
7.408437571000000000e+09	-4.308400100000000024e-03	-1.381715999999999901e-04
7.408440000000000000e+09	-4.376631100000000218e-03	-1.679941000000000116e-04
7.408442429000000000e+09	-4.332115600000000302e-03	-6.567920000000000637e-05
7.408444857000000000e+09	-4.312186800000000243e-03	-5.710740000000000147e-05
7.408447286000000000e+09	-4.363184800000000259e-03	-2.165130000000000055e-05
7.408449714000000000e+09	-4.379551800000000029e-03	-8.381390000000000064e-05
7.408452143000000000e+09	-4.338374899999999749e-03	-8.493680000000000305e-05
7.408454571000000000e+09	-4.336183099999999999e-03	-5.622300000000000024e-05
7.408457000000000000e+09	-4.342512100000000229e-03	-4.607140000000000074e-05
7.408459429000000000e+09	-4.336858699999999664e-03	-8.992389999999999466e-05
7.408461857000000000e+09	-4.347593099999999891e-03	-4.950659999999999794e-05
7.408464286000000000e+09	-4.331690400000000156e-03	-5.155420000000000185e-05
7.408466714000000000e+09	-4.332464599999999617e-03	-6.732900000000000369e-06
7.408469143000000000e+09	-4.335133599999999900e-03	-8.506680000000000350e-05
7.408471571000000000e+09	-4.344388000000000243e-03	-3.336529999999999715e-05
7.408474000000000000e+09	-4.366059999999999733e-03	-4.684700000000000057e-05
7.408476429000000000e+09	-4.314309599999999884e-03	-4.977710000000000153e-05
7.408478857000000000e+09	-4.317909400000000120e-03	4.520270000000000006e-05
7.408481286000000000e+09	-4.329201500000000140e-03	-6.005520000000000058e-05
7.408483714000000000e+09	-4.366008900000000088e-03	-7.012559999999999822e-05
7.408486143000000000e+09	-4.268171900000000164e-03	3.763500000000000050e-06
7.408488571000000000e+09	-4.300093599999999829e-03	3.062459999999999813e-05
7.408491000000000000e+09	-4.296957199999999755e-03	2.602430000000000086e-05
7.408493429000000000e+09	-4.325194400000000224e-03	3.116279999999999918e-05
7.408495857000000000e+09	-4.400588900000000289e-03	-4.648809999999999965e-05
7.408498286000000000e+09	-4.307949099999999754e-03	4.182640000000000327e-05
7.408500714000000000e+09	-4.333387699999999981e-03	1.490829999999999921e-05
7.408503143000000000e+09	-4.348212500000000341e-03	8.093490000000000330e-05
7.408505571000000000e+09	-4.316020999999999747e-03	5.467820000000000107e-05
7.408508000000000000e+09	-4.344674100000000226e-03	8.668830000000000144e-05
7.408510429000000000e+09	-4.336381200000000331e-03	2.030799999999999936e-05
7.408512857000000000e+09	-4.354088100000000350e-03	9.581540000000000423e-05
7.408515286000000000e+09	-4.373861100000000189e-03	2.529780000000000028e-05
7.408517714000000000e+09	-4.324403800000000374e-03	1.246502000000000081e-04
7.408520143000000000e+09	-4.329160700000000105e-03	1.313900000000000075e-05
7.408522571000000000e+09	-4.339527499999999878e-03	3.430990000000000163e-05
7.408525000000000000e+09	-4.303955400000000070e-03	3.853319999999999895e-05
7.408527429000000000e+09	-4.338844300000000223e-03	1.234673000000000096e-04
7.408529857000000000e+09	-4.267894900000000248e-03	4.976810000000000213e-05
7.408532286000000000e+09	-4.286240200000000257e-03	6.838170000000000294e-05
7.408534714000000000e+09	-4.367453799999999713e-03	8.394479999999999629e-05
7.408537143000000000e+09	-4.359091899999999707e-03	9.710060000000000338e-05
7.408539571000000000e+09	-4.315843399999999899e-03	1.142503000000000062e-04
7.408542000000000000e+09	-4.284716000000000045e-03	1.656024999999999988e-04
7.408544429000000000e+09	-4.302972099999999994e-03	1.486457000000000056e-04
7.408546857000000000e+09	-4.318097499999999644e-03	1.424471000000000070e-04
7.408549286000000000e+09	-4.397075400000000425e-03	1.314370999999999888e-04
7.408551714000000000e+09	-4.369536900000000126e-03	1.722307999999999977e-04
7.408554143000000000e+09	-4.350846900000000100e-03	1.421299999999999961e-04
7.408556571000000000e+09	-4.355312800000000345e-03	2.175722999999999904e-04
7.408559000000000000e+09	-4.368071500000000017e-03	1.555620000000000126e-04
7.408561429000000000e+09	-4.308158999999999773e-03	1.056174999999999963e-04
7.408563857000000000e+09	-4.306393900000000247e-03	2.087942999999999874e-04
7.408566286000000000e+09	-4.345622199999999574e-03	1.486765999999999988e-04
7.408568714000000000e+09	-4.378650399999999693e-03	1.733844000000000064e-04
7.408571143000000000e+09	-4.308161599999999793e-03	2.500452000000000230e-04
7.408573571000000000e+09	-4.357793700000000235e-03	1.823332000000000045e-04
7.408576000000000000e+09	-4.324406700000000062e-03	1.973702000000000030e-04
7.408578429000000000e+09	-4.325145899999999731e-03	2.133869999999999951e-04
7.408580857000000000e+09	-4.389714200000000358e-03	1.693576000000000131e-04
7.408583286000000000e+09	-4.324310199999999681e-03	2.138033999999999866e-04
7.408585714000000000e+09	-4.266901899999999900e-03	2.109387000000000002e-04
7.408588143000000000e+09	-4.327974200000000125e-03	2.585938999999999773e-04
7.408590571000000000e+09	-4.366694299999999626e-03	2.832072999999999947e-04
7.408593000000000000e+09	-4.319137399999999939e-03	2.485726000000000060e-04
7.408595429000000000e+09	-4.336905200000000342e-03	2.772623999999999900e-04
7.408597857000000000e+09	-4.319287899999999653e-03	2.690182000000000055e-04
7.408600286000000000e+09	-4.331621899999999782e-03	2.338545000000000088e-04
7.408602714000000000e+09	-4.336369100000000108e-03	2.537352000000000097e-04
7.408605143000000000e+09	-4.352087900000000016e-03	1.918124000000000001e-04
7.408607571000000000e+09	-4.340868599999999668e-03	2.712007999999999802e-04
7.408610000000000000e+09	-4.330711000000000109e-03	2.616388000000000199e-04
7.408612429000000000e+09	-4.311065299999999878e-03	2.940093999999999976e-04
7.408614857000000000e+09	-4.338656100000000231e-03	2.612458000000000119e-04
7.408617286000000000e+09	-4.382407300000000158e-03	2.805926999999999944e-04
7.408619714000000000e+09	-4.300056400000000154e-03	2.993595000000000262e-04
7.408622143000000000e+09	-4.312973000000000327e-03	2.993448000000000007e-04
7.408624571000000000e+09	-4.305861599999999574e-03	2.711535999999999851e-04
7.408627000000000000e+09	-4.325620399999999775e-03	3.285890000000000078e-04
7.408629429000000000e+09	-4.344560299999999584e-03	3.337511000000000037e-04
7.408631857000000000e+09	-4.319971199999999775e-03	3.123471000000000168e-04
7.408634286000000000e+09	-4.274975900000000176e-03	3.485798999999999929e-04
7.408636714000000000e+09	-4.328700999999999903e-03	3.417760999999999954e-04
7.408639143000000000e+09	-4.255543300000000188e-03	3.796812999999999794e-04
7.408641571000000000e+09	-4.267216400000000028e-03	3.085292999999999803e-04
7.408644000000000000e+09	-4.299230700000000044e-03	3.700659000000000240e-04
7.408646429000000000e+09	-4.286972899999999878e-03	3.051128999999999972e-04
7.408648857000000000e+09	-4.324694900000000328e-03	3.211631999999999747e-04
7.408651286000000000e+09	-4.329549599999999582e-03	4.006511999999999834e-04
7.408653714000000000e+09	-4.335960800000000087e-03	3.623564999999999924e-04
7.408656143000000000e+09	-4.343988200000000084e-03	4.192876999999999802e-04
7.408658571000000000e+09	-4.283042100000000393e-03	4.112200999999999899e-04
7.408661000000000000e+09	-4.294858700000000161e-03	4.255834000000000223e-04
7.408663429000000000e+09	-4.290024600000000125e-03	4.120454000000000174e-04
7.408665857000000000e+09	-4.296083600000000224e-03	4.219997000000000179e-04
7.408668286000000000e+09	-4.295328900000000040e-03	4.189724999999999938e-04
7.408670714000000000e+09	-4.336195299999999822e-03	3.557745999999999869e-04
7.408673143000000000e+09	-4.309502199999999845e-03	3.821857000000000227e-04
7.408675571000000000e+09	-4.262344700000000181e-03	4.557984999999999966e-04
7.408678000000000000e+09	-4.311899200000000182e-03	3.773831999999999751e-04
7.408680429000000000e+09	-4.341733999999999871e-03	4.213252000000000230e-04
7.408682857000000000e+09	-4.319033100000000368e-03	3.960581000000000019e-04
7.408685286000000000e+09	-4.246674699999999567e-03	4.211670000000000149e-04
7.408687714000000000e+09	-4.283028200000000424e-03	4.065315000000000226e-04
7.408690143000000000e+09	-4.332179900000000111e-03	4.405599999999999968e-04
7.408692571000000000e+09	-4.266898600000000076e-03	4.752371000000000243e-04
7.408695000000000000e+09	-4.340997299999999753e-03	4.866596999999999850e-04
7.408697429000000000e+09	-4.266900900000000427e-03	4.743021999999999733e-04
7.408699857000000000e+09	-4.279798399999999725e-03	4.898491000000000260e-04
7.408702286000000000e+09	-4.263166999999999998e-03	4.459406999999999976e-04
7.408704714000000000e+09	-4.356574400000000347e-03	4.756027999999999927e-04
7.408707143000000000e+09	-4.344353500000000187e-03	5.198054999999999820e-04
7.408709571000000000e+09	-4.334998300000000165e-03	4.311960000000000098e-04
7.408712000000000000e+09	-4.283302200000000184e-03	5.858118000000000483e-04
7.408714429000000000e+09	-4.299893699999999749e-03	5.075986999999999687e-04
7.408716857000000000e+09	-4.266644699999999797e-03	5.159970999999999525e-04
7.408719286000000000e+09	-4.307421799999999919e-03	5.249060000000000054e-04
7.408721714000000000e+09	-4.281127699999999828e-03	5.756617000000000114e-04
7.408724143000000000e+09	-4.311677600000000075e-03	5.461529000000000340e-04
7.408726571000000000e+09	-4.331273600000000272e-03	5.317450000000000258e-04
7.408729000000000000e+09	-4.307733299999999890e-03	5.245462000000000432e-04
7.408731429000000000e+09	-4.240395400000000238e-03	5.614307000000000455e-04
7.408733857000000000e+09	-4.288607600000000040e-03	5.404064000000000307e-04
7.408736286000000000e+09	-4.313076199999999957e-03	5.406665999999999642e-04
7.408738714000000000e+09	-4.218235899999999740e-03	5.161401999999999613e-04
7.408741143000000000e+09	-4.278670200000000111e-03	5.323701000000000344e-04
7.408743571000000000e+09	-4.268443099999999837e-03	6.368654000000000502e-04
7.408746000000000000e+09	-4.264693800000000229e-03	6.324559999999999904e-04
7.408748429000000000e+09	-4.319690499999999898e-03	6.071431000000000180e-04
7.408750857000000000e+09	-4.295635600000000109e-03	5.551726000000000317e-04
7.408753286000000000e+09	-4.272037499999999967e-03	5.727120999999999948e-04
7.408755714000000000e+09	-4.242726799999999888e-03	5.760783000000000440e-04
7.408758143000000000e+09	-4.229504200000000318e-03	5.915750000000000001e-04
7.408760571000000000e+09	-4.325515000000000262e-03	6.019975000000000109e-04
7.408763000000000000e+09	-4.304212800000000241e-03	5.938022000000000048e-04
7.408765429000000000e+09	-4.320611099999999843e-03	6.272063000000000464e-04
7.408767857000000000e+09	-4.276107099999999946e-03	6.236842999999999944e-04
7.408770286000000000e+09	-4.240080000000000238e-03	6.191217999999999852e-04
7.408772714000000000e+09	-4.246962800000000232e-03	5.906772999999999494e-04
7.408775143000000000e+09	-4.244945699999999773e-03	6.482045000000000515e-04
7.408777571000000000e+09	-4.294323899999999937e-03	6.025416000000000452e-04
7.408780000000000000e+09	-4.269341299999999950e-03	7.227699999999999663e-04
7.408782429000000000e+09	-4.268513600000000026e-03	5.803231999999999531e-04
7.408784857000000000e+09	-4.235668899999999598e-03	6.923276999999999817e-04
7.408787286000000000e+09	-4.331241900000000304e-03	6.399277000000000090e-04
7.408789714000000000e+09	-4.219528999999999641e-03	6.782649000000000187e-04
7.408792143000000000e+09	-4.295259099999999657e-03	6.746150999999999710e-04
7.408794571000000000e+09	-4.251242300000000231e-03	7.062124000000000353e-04
7.408797000000000000e+09	-4.268173200000000174e-03	6.550465000000000107e-04
7.408799429000000000e+09	-4.222771000000000163e-03	6.683797000000000002e-04
7.408801857000000000e+09	-4.248879199999999745e-03	7.035455999999999611e-04
7.408804286000000000e+09	-4.304106299999999920e-03	7.246947000000000328e-04
7.408806714000000000e+09	-4.273148400000000187e-03	7.041235999999999546e-04
7.408809143000000000e+09	-4.313767999999999943e-03	7.073056999999999999e-04
7.408811571000000000e+09	-4.280612100000000080e-03	6.780245000000000065e-04
7.408814000000000000e+09	-4.261526199999999924e-03	6.450365999999999695e-04
7.408816429000000000e+09	-4.304016499999999655e-03	7.176436000000000013e-04
7.408818857000000000e+09	-4.266723899999999917e-03	7.249787999999999849e-04
7.408821286000000000e+09	-4.283159899999999798e-03	6.997722000000000490e-04
7.408823714000000000e+09	-4.253050399999999676e-03	7.590998000000000060e-04
7.408826143000000000e+09	-4.234903699999999736e-03	7.346800999999999592e-04
7.408828571000000000e+09	-4.240667200000000116e-03	7.219906999999999584e-04
7.408831000000000000e+09	-4.239974799999999926e-03	7.993152999999999803e-04
7.408833429000000000e+09	-4.237066900000000143e-03	7.564798999999999872e-04
7.408835857000000000e+09	-4.214610799999999984e-03	7.871137000000000055e-04
7.408838286000000000e+09	-4.262013799999999665e-03	7.388333000000000400e-04
7.408840714000000000e+09	-4.263973499999999632e-03	7.226720999999999753e-04
7.408843143000000000e+09	-4.274933499999999595e-03	7.754310999999999626e-04
7.408845571000000000e+09	-4.250008300000000100e-03	7.874718000000000386e-04
7.408848000000000000e+09	-4.246501700000000420e-03	7.561831000000000412e-04
7.408850429000000000e+09	-4.259155399999999848e-03	7.934328000000000040e-04
7.408852857000000000e+09	-4.264910700000000034e-03	8.177561999999999548e-04
7.408855286000000000e+09	-4.247450499999999574e-03	8.556227000000000233e-04
7.408857714000000000e+09	-4.217514099999999932e-03	8.382691999999999531e-04
7.408860143000000000e+09	-4.223372300000000079e-03	8.166968999999999835e-04
7.408862571000000000e+09	-4.211814099999999957e-03	7.411438000000000444e-04
7.408865000000000000e+09	-4.204991699999999742e-03	7.733304000000000523e-04
7.408867429000000000e+09	-4.218860999999999965e-03	7.927547000000000283e-04
7.408869857000000000e+09	-4.267209000000000106e-03	8.816110000000000266e-04
7.408872286000000000e+09	-4.285535499999999776e-03	8.455964999999999532e-04
7.408874714000000000e+09	-4.171372999999999921e-03	8.459455999999999530e-04
7.408877143000000000e+09	-4.214713200000000208e-03	8.472148999999999782e-04
7.408879571000000000e+09	-4.173870900000000404e-03	8.631287000000000291e-04
7.408882000000000000e+09	-4.210839099999999675e-03	8.619946999999999549e-04
7.408884429000000000e+09	-4.201391700000000305e-03	8.664865000000000327e-04
7.408886857000000000e+09	-4.222151900000000249e-03	8.626795000000000470e-04
7.408889286000000000e+09	-4.238944599999999903e-03	8.408641000000000119e-04
7.408891714000000000e+09	-4.237549999999999650e-03	8.622372000000000326e-04
7.408894143000000000e+09	-4.198460999999999686e-03	9.018102999999999536e-04
7.408896571000000000e+09	-4.224808800000000308e-03	8.984836999999999642e-04
7.408899000000000000e+09	-4.245446899999999815e-03	8.663886000000000417e-04
7.408901429000000000e+09	-4.237124600000000303e-03	8.703057999999999845e-04
7.408903857000000000e+09	-4.169654000000000069e-03	8.742510999999999685e-04
7.408906286000000000e+09	-4.176764000000000344e-03	9.296439999999999782e-04
7.408908714000000000e+09	-4.228229600000000220e-03	9.567284000000000335e-04
7.408911143000000000e+09	-4.202721700000000213e-03	9.161552999999999797e-04
7.408913571000000000e+09	-4.169586999999999773e-03	8.660836000000000099e-04
7.408916000000000000e+09	-4.187425500000000432e-03	9.405915000000000152e-04
7.408918429000000000e+09	-4.204672399999999713e-03	9.135983999999999772e-04
7.408920857000000000e+09	-4.256725599999999603e-03	8.946041999999999753e-04
7.408923286000000000e+09	-4.256831499999999720e-03	9.648735999999999771e-04
7.408925714000000000e+09	-4.180668099999999832e-03	9.248408999999999970e-04
7.408928143000000000e+09	-4.225636900000000369e-03	9.801424999999999894e-04
7.408930571000000000e+09	-4.197362399999999757e-03	1.005553699999999981e-03
7.408933000000000000e+09	-4.162217999999999647e-03	9.187639999999999739e-04
7.408935429000000000e+09	-4.196074999999999632e-03	9.314985999999999926e-04
7.408937857000000000e+09	-4.248273000000000327e-03	9.735998999999999955e-04
7.408940286000000000e+09	-4.184439199999999935e-03	9.511825000000000228e-04
7.408942714000000000e+09	-4.198496000000000346e-03	9.806235000000000819e-04
7.408945143000000000e+09	-4.181228399999999644e-03	9.822304000000000885e-04
7.408947571000000000e+09	-4.113044599999999933e-03	1.049384900000000084e-03
7.408950000000000000e+09	-4.192315200000000346e-03	1.052888299999999973e-03
7.408952429000000000e+09	-4.141227100000000397e-03	1.029198899999999922e-03
7.408954857000000000e+09	-4.175057499999999984e-03	1.013060400000000008e-03
7.408957286000000000e+09	-4.233712700000000391e-03	1.053175599999999932e-03
7.408959714000000000e+09	-4.169672000000000135e-03	1.062746299999999932e-03
7.408962143000000000e+09	-4.152169699999999630e-03	1.038137300000000060e-03
7.408964571000000000e+09	-4.224886500000000350e-03	1.039775499999999898e-03
7.408967000000000000e+09	-4.160538899999999957e-03	1.004647800000000061e-03
7.408969429000000000e+09	-4.163606299999999920e-03	1.048657699999999953e-03
7.408971857000000000e+09	-4.202139899999999574e-03	1.042716699999999977e-03
7.408974286000000000e+09	-4.140042600000000232e-03	1.048410799999999893e-03
7.408976714000000000e+09	-4.182479200000000299e-03	1.054385900000000004e-03
7.408979143000000000e+09	-4.201766099999999608e-03	1.059175699999999895e-03
7.408981571000000000e+09	-4.158192399999999928e-03	1.015689300000000060e-03
7.408984000000000000e+09	-4.123656600000000054e-03	1.068378999999999943e-03
7.408986429000000000e+09	-4.185093800000000246e-03	1.050541600000000093e-03
7.408988857000000000e+09	-4.164034199999999686e-03	1.116068299999999893e-03
7.408991286000000000e+09	-4.165770099999999664e-03	1.077501299999999908e-03
7.408993714000000000e+09	-4.190557600000000341e-03	1.131442199999999933e-03
7.408996143000000000e+09	-4.161296699999999897e-03	1.098253200000000058e-03
7.408998571000000000e+09	-4.225491100000000090e-03	1.078962599999999921e-03
7.409001000000000000e+09	-4.101998100000000397e-03	1.095336500000000093e-03
7.409003429000000000e+09	-4.163312300000000278e-03	1.135198100000000057e-03
7.409005857000000000e+09	-4.157213300000000417e-03	1.082332899999999959e-03
7.409008286000000000e+09	-4.136731299999999931e-03	1.161743700000000042e-03
7.409010714000000000e+09	-4.140989299999999970e-03	1.110339199999999969e-03
7.409013143000000000e+09	-4.105169399999999795e-03	1.113810000000000017e-03
7.409015571000000000e+09	-4.194819500000000409e-03	1.135516800000000099e-03
7.409018000000000000e+09	-4.213672699999999709e-03	1.182265299999999937e-03
7.409020429000000000e+09	-4.197309699999999567e-03	1.132722799999999908e-03
7.409022857000000000e+09	-4.105873300000000004e-03	1.144511599999999954e-03
7.409025286000000000e+09	-4.103220599999999642e-03	1.190201099999999923e-03
7.409027714000000000e+09	-4.162542200000000046e-03	1.139793199999999907e-03
7.409030143000000000e+09	-4.132754699999999573e-03	1.207866300000000033e-03
7.409032571000000000e+09	-4.104987400000000182e-03	1.237158199999999989e-03
7.409035000000000000e+09	-4.122135199999999930e-03	1.225248900000000052e-03
7.409037429000000000e+09	-4.131411500000000368e-03	1.161180400000000074e-03
7.409039857000000000e+09	-4.164250799999999822e-03	1.209148800000000006e-03
7.409042286000000000e+09	-4.146226499999999988e-03	1.214432799999999937e-03
7.409044714000000000e+09	-4.147353900000000197e-03	1.256318599999999962e-03
7.409047143000000000e+09	-4.127020700000000146e-03	1.202956399999999954e-03
7.409049571000000000e+09	-4.127271200000000133e-03	1.194699600000000009e-03
7.409052000000000000e+09	-4.117670399999999627e-03	1.269720399999999926e-03
7.409054429000000000e+09	-4.125560200000000406e-03	1.263540999999999970e-03
7.409056857000000000e+09	-4.118634900000000230e-03	1.253686800000000006e-03
7.409059286000000000e+09	-4.151923800000000345e-03	1.190191499999999902e-03
7.409061714000000000e+09	-4.124989600000000117e-03	1.269195199999999940e-03
7.409064143000000000e+09	-4.128338500000000230e-03	1.238991800000000107e-03
7.409066571000000000e+09	-4.097189299999999881e-03	1.252817399999999956e-03
7.409069000000000000e+09	-4.081173799999999845e-03	1.312026599999999979e-03
7.409071429000000000e+09	-4.044187599999999640e-03	1.269672899999999991e-03
7.409073857000000000e+09	-4.069864999999999768e-03	1.275348699999999955e-03
7.409076286000000000e+09	-4.137265999999999687e-03	1.272011399999999895e-03
7.409078714000000000e+09	-4.103180100000000143e-03	1.243075699999999974e-03
7.409081143000000000e+09	-4.066135900000000108e-03	1.256263400000000004e-03
7.409083571000000000e+09	-4.107812899999999622e-03	1.263350799999999946e-03
7.409086000000000000e+09	-4.149500799999999816e-03	1.277223000000000074e-03
7.409088429000000000e+09	-4.099013599999999646e-03	1.293409500000000092e-03
7.409090857000000000e+09	-4.097272899999999766e-03	1.300477699999999992e-03
7.409093286000000000e+09	-4.035198200000000325e-03	1.254817899999999958e-03
7.409095714000000000e+09	-4.142338399999999886e-03	1.329581100000000069e-03
7.409098143000000000e+09	-4.091201600000000244e-03	1.317349300000000096e-03
7.409100571000000000e+09	-4.081837399999999755e-03	1.303753300000000045e-03
7.409103000000000000e+09	-4.078122400000000133e-03	1.328313399999999939e-03
7.409105429000000000e+09	-4.127325500000000001e-03	1.357183999999999995e-03
7.409107857000000000e+09	-4.052855200000000241e-03	1.329235800000000065e-03
7.409110286000000000e+09	-4.138211400000000283e-03	1.306082399999999996e-03
7.409112714000000000e+09	-4.062127399999999715e-03	1.320679900000000040e-03
7.409115143000000000e+09	-4.114321199999999845e-03	1.320405300000000075e-03
7.409117571000000000e+09	-4.006970299999999992e-03	1.388257599999999934e-03
7.409120000000000000e+09	-4.096831599999999768e-03	1.356360499999999985e-03
7.409122429000000000e+09	-4.073128999999999986e-03	1.342342600000000045e-03
7.409124857000000000e+09	-4.107359500000000267e-03	1.343882899999999892e-03
7.409127286000000000e+09	-4.081492699999999738e-03	1.381694900000000024e-03
7.409129714000000000e+09	-4.043892000000000320e-03	1.400958400000000027e-03
7.409132143000000000e+09	-4.087242500000000216e-03	1.431175600000000013e-03
7.409134571000000000e+09	-4.087492600000000066e-03	1.350325199999999944e-03
7.409137000000000000e+09	-4.067765299999999765e-03	1.393299599999999958e-03
7.409139429000000000e+09	-4.081859999999999655e-03	1.395013199999999920e-03
7.409141857000000000e+09	-4.055819900000000311e-03	1.410855300000000024e-03
7.409144286000000000e+09	-4.011620500000000200e-03	1.357630799999999917e-03
7.409146714000000000e+09	-4.067833400000000002e-03	1.365027399999999913e-03
7.409149143000000000e+09	-4.063433699999999781e-03	1.431457799999999968e-03
7.409151571000000000e+09	-4.025769900000000096e-03	1.394467500000000099e-03
7.409154000000000000e+09	-4.024434200000000413e-03	1.400856399999999939e-03
7.409156429000000000e+09	-4.019196699999999858e-03	1.392797199999999940e-03
7.409158857000000000e+09	-4.110291000000000292e-03	1.435514099999999965e-03
7.409161286000000000e+09	-4.001824999999999653e-03	1.446394200000000003e-03
7.409163714000000000e+09	-4.048775400000000253e-03	1.493252200000000102e-03
7.409166143000000000e+09	-4.028455499999999967e-03	1.468250599999999925e-03
7.409168571000000000e+09	-4.043739400000000324e-03	1.437378700000000028e-03
7.409171000000000000e+09	-4.046623200000000128e-03	1.428030199999999906e-03
7.409173429000000000e+09	-4.052343199999999986e-03	1.444422099999999928e-03
7.409175857000000000e+09	-4.058481000000000068e-03	1.452083199999999914e-03
7.409178286000000000e+09	-4.018908600000000060e-03	1.425243199999999934e-03
7.409180714000000000e+09	-3.968756300000000035e-03	1.489068399999999995e-03
7.409183143000000000e+09	-4.049028900000000396e-03	1.504448399999999946e-03
7.409185571000000000e+09	-4.038636699999999767e-03	1.500413699999999942e-03
7.409188000000000000e+09	-3.983730900000000304e-03	1.463139499999999973e-03
7.409190429000000000e+09	-4.036103299999999755e-03	1.421079499999999959e-03
7.409192857000000000e+09	-4.063480999999999864e-03	1.526914299999999978e-03
7.409195286000000000e+09	-3.979337799999999731e-03	1.497449000000000089e-03
7.409197714000000000e+09	-4.043850899999999748e-03	1.498427799999999931e-03
7.409200143000000000e+09	-4.054853800000000029e-03	1.501401899999999954e-03
7.409202571000000000e+09	-3.985903699999999647e-03	1.512140500000000096e-03
7.409205000000000000e+09	-4.039406899999999599e-03	1.520381199999999971e-03
7.409207429000000000e+09	-4.064501400000000014e-03	1.569511999999999904e-03
7.409209857000000000e+09	-3.979531599999999898e-03	1.546436599999999979e-03
7.409212286000000000e+09	-3.956789100000000087e-03	1.526500799999999918e-03
7.409214714000000000e+09	-4.011724799999999772e-03	1.576053700000000024e-03
7.409217143000000000e+09	-4.008785499999999689e-03	1.573156000000000034e-03
7.409219571000000000e+09	-4.006229099999999640e-03	1.569456099999999923e-03
7.409222000000000000e+09	-3.951178799999999908e-03	1.572897400000000103e-03
7.409224429000000000e+09	-4.034766099999999994e-03	1.520622400000000039e-03
7.409226857000000000e+09	-3.995061299999999940e-03	1.583266799999999896e-03
7.409229286000000000e+09	-4.042755700000000112e-03	1.570718999999999935e-03
7.409231714000000000e+09	-4.037484899999999911e-03	1.524284799999999938e-03
7.409234143000000000e+09	-3.979265600000000264e-03	1.643211099999999925e-03
7.409236571000000000e+09	-3.996903199999999635e-03	1.546892000000000015e-03
7.409239000000000000e+09	-3.956122099999999885e-03	1.586921899999999908e-03
7.409241429000000000e+09	-3.965809699999999632e-03	1.588441300000000000e-03
7.409243857000000000e+09	-3.914268000000000261e-03	1.591298099999999922e-03
7.409246286000000000e+09	-3.957100600000000058e-03	1.596030100000000052e-03
7.409248714000000000e+09	-4.045738699999999917e-03	1.571768899999999953e-03
7.409251143000000000e+09	-3.980383599999999869e-03	1.636215799999999948e-03
7.409253571000000000e+09	-3.974647799999999828e-03	1.565419300000000071e-03
7.409256000000000000e+09	-3.884405400000000199e-03	1.568202600000000082e-03
7.409258429000000000e+09	-4.016456800000000119e-03	1.618618999999999961e-03
7.409260857000000000e+09	-4.000703700000000224e-03	1.574367199999999979e-03
7.409263286000000000e+09	-3.921665300000000062e-03	1.581508599999999903e-03
7.409265714000000000e+09	-3.980221600000000137e-03	1.628314399999999983e-03
7.409268143000000000e+09	-3.923716199999999904e-03	1.666613200000000017e-03
7.409270571000000000e+09	-3.958103400000000278e-03	1.637781299999999931e-03
7.409273000000000000e+09	-3.924304200000000055e-03	1.683167200000000021e-03
7.409275429000000000e+09	-4.054392399999999681e-03	1.671528800000000089e-03
7.409277857000000000e+09	-3.972873499999999766e-03	1.639735999999999928e-03
7.409280286000000000e+09	-3.885716200000000065e-03	1.663251300000000025e-03
7.409282714000000000e+09	-3.919571299999999835e-03	1.703404400000000079e-03
7.409285143000000000e+09	-3.952898699999999634e-03	1.646219499999999935e-03
7.409287571000000000e+09	-3.900604199999999858e-03	1.697355499999999955e-03
7.409290000000000000e+09	-3.963478799999999719e-03	1.670271700000000104e-03
7.409292429000000000e+09	-3.901501999999999835e-03	1.696919899999999948e-03
7.409294857000000000e+09	-3.881664799999999787e-03	1.710897500000000022e-03
7.409297286000000000e+09	-3.969916399999999686e-03	1.665787900000000044e-03
7.409299714000000000e+09	-3.950129400000000277e-03	1.725976900000000033e-03
7.409302143000000000e+09	-3.925148899999999705e-03	1.688157299999999911e-03
7.409304571000000000e+09	-3.905763699999999835e-03	1.710018999999999905e-03
7.409307000000000000e+09	-3.918922800000000303e-03	1.733715100000000073e-03
7.409309429000000000e+09	-3.915158099999999780e-03	1.691509799999999951e-03
7.409311857000000000e+09	-3.881852500000000043e-03	1.741777099999999943e-03
7.409314286000000000e+09	-3.949322100000000370e-03	1.750001200000000012e-03
7.409316714000000000e+09	-3.892812299999999937e-03	1.780433199999999954e-03
7.409319143000000000e+09	-3.954127299999999658e-03	1.702127899999999984e-03
7.409321571000000000e+09	-3.930320299999999836e-03	1.744984300000000091e-03
7.409324000000000000e+09	-3.903635300000000020e-03	1.722154299999999931e-03
7.409326429000000000e+09	-3.877557800000000065e-03	1.739045299999999929e-03
7.409328857000000000e+09	-3.914000100000000412e-03	1.745429200000000016e-03
7.409331286000000000e+09	-3.901289400000000195e-03	1.735183400000000088e-03
7.409333714000000000e+09	-3.892893000000000134e-03	1.818269599999999949e-03
7.409336143000000000e+09	-3.860396199999999948e-03	1.768752499999999908e-03
7.409338571000000000e+09	-3.876973699999999943e-03	1.798482300000000004e-03
7.409341000000000000e+09	-3.861813500000000135e-03	1.796451199999999975e-03
7.409343429000000000e+09	-3.864521599999999873e-03	1.777349400000000036e-03
7.409345857000000000e+09	-3.860723400000000069e-03	1.815127900000000020e-03
7.409348286000000000e+09	-3.878182899999999857e-03	1.751402100000000028e-03
7.409350714000000000e+09	-3.807985700000000081e-03	1.815987800000000083e-03
7.409353143000000000e+09	-3.871152000000000100e-03	1.783473600000000034e-03
7.409355571000000000e+09	-3.835961499999999882e-03	1.824297099999999932e-03
7.409358000000000000e+09	-3.834903299999999852e-03	1.820625200000000046e-03
7.409360429000000000e+09	-3.841787900000000026e-03	1.884500799999999946e-03
7.409362857000000000e+09	-3.876671899999999810e-03	1.807493600000000065e-03
7.409365286000000000e+09	-3.872677900000000024e-03	1.859174899999999986e-03
7.409367714000000000e+09	-3.861943799999999899e-03	1.833027500000000047e-03
7.409370143000000000e+09	-3.851302300000000126e-03	1.838355000000000067e-03
7.409372571000000000e+09	-3.856700099999999833e-03	1.857610300000000093e-03
7.409375000000000000e+09	-3.827437500000000110e-03	1.849170399999999943e-03
7.409377429000000000e+09	-3.873140499999999913e-03	1.880379200000000016e-03
7.409379857000000000e+09	-3.859406799999999960e-03	1.875185699999999938e-03
7.409382286000000000e+09	-3.790776999999999949e-03	1.832503500000000037e-03
7.409384714000000000e+09	-3.819492900000000159e-03	1.905517900000000108e-03
7.409387143000000000e+09	-3.807977699999999955e-03	1.884229199999999920e-03
7.409389571000000000e+09	-3.770512699999999974e-03	1.908695300000000069e-03
7.409392000000000000e+09	-3.897339000000000098e-03	1.850744799999999926e-03
7.409394429000000000e+09	-3.867918499999999874e-03	1.865346199999999999e-03
7.409396857000000000e+09	-3.823566300000000133e-03	1.892137500000000069e-03
7.409399286000000000e+09	-3.865114599999999994e-03	1.877565500000000047e-03
7.409401714000000000e+09	-3.799679099999999851e-03	1.904944700000000017e-03
7.409404143000000000e+09	-3.790522900000000035e-03	1.911267500000000084e-03
7.409406571000000000e+09	-3.775032099999999814e-03	2.002619099999999788e-03
7.409409000000000000e+09	-3.786790500000000118e-03	1.883763899999999977e-03
7.409411429000000000e+09	-3.890598600000000091e-03	1.941886799999999929e-03
7.409413857000000000e+09	-3.780642500000000027e-03	1.930743900000000046e-03
7.409416286000000000e+09	-3.851111099999999978e-03	1.933096200000000101e-03
7.409418714000000000e+09	-3.767756299999999812e-03	1.951000199999999895e-03
7.409421143000000000e+09	-3.796717399999999937e-03	1.926644599999999914e-03
7.409423571000000000e+09	-3.798992599999999938e-03	1.929232799999999965e-03
7.409426000000000000e+09	-3.780458100000000030e-03	1.923066100000000002e-03
7.409428429000000000e+09	-3.836358000000000216e-03	1.992784799999999888e-03
7.409430857000000000e+09	-3.776690499999999819e-03	2.001489999999999866e-03
7.409433286000000000e+09	-3.788903299999999818e-03	1.994124800000000169e-03
7.409435714000000000e+09	-3.815539100000000204e-03	2.014365299999999834e-03
7.409438143000000000e+09	-3.754943800000000009e-03	2.004761299999999972e-03
7.409440571000000000e+09	-3.779852900000000085e-03	2.022632800000000175e-03
7.409443000000000000e+09	-3.774131400000000150e-03	1.971728399999999985e-03
7.409445429000000000e+09	-3.768010000000000023e-03	2.019326699999999912e-03
7.409447857000000000e+09	-3.785554100000000036e-03	1.966042900000000183e-03
7.409450286000000000e+09	-3.832070099999999955e-03	1.956934000000000017e-03
7.409452714000000000e+09	-3.813882099999999810e-03	2.052717800000000183e-03
7.409455143000000000e+09	-3.823672800000000021e-03	1.980534099999999974e-03
7.409457571000000000e+09	-3.743061800000000057e-03	2.001727000000000020e-03
7.409460000000000000e+09	-3.720375699999999963e-03	1.973829900000000168e-03
7.409462429000000000e+09	-3.787351300000000101e-03	2.049037999999999988e-03
7.409464857000000000e+09	-3.752039600000000186e-03	2.028457899999999876e-03
7.409467286000000000e+09	-3.774403500000000130e-03	2.024447300000000068e-03
7.409469714000000000e+09	-3.792486500000000031e-03	2.069287400000000086e-03
7.409472143000000000e+09	-3.754612499999999790e-03	1.988052200000000203e-03
7.409474571000000000e+09	-3.710253000000000162e-03	2.058701100000000055e-03
7.409477000000000000e+09	-3.763599299999999953e-03	2.040992699999999958e-03
7.409479429000000000e+09	-3.746936900000000063e-03	2.036534300000000103e-03
7.409481857000000000e+09	-3.724360899999999783e-03	2.079826299999999999e-03
7.409484286000000000e+09	-3.744108700000000137e-03	2.010670699999999797e-03
7.409486714000000000e+09	-3.725202500000000111e-03	2.070991500000000061e-03
7.409489143000000000e+09	-3.693009399999999838e-03	2.038025199999999801e-03
7.409491571000000000e+09	-3.736038499999999856e-03	2.073782799999999982e-03
7.409494000000000000e+09	-3.685665299999999964e-03	2.069168399999999838e-03
7.409496429000000000e+09	-3.662718900000000010e-03	2.076910899999999827e-03
7.409498857000000000e+09	-3.785021400000000095e-03	2.035044699999999981e-03
7.409501286000000000e+09	-3.766142200000000169e-03	2.129710500000000107e-03
7.409503714000000000e+09	-3.752506000000000071e-03	2.086821999999999896e-03
7.409506143000000000e+09	-3.698292100000000193e-03	2.088954799999999910e-03
7.409508571000000000e+09	-3.676599699999999818e-03	2.141774899999999808e-03
7.409511000000000000e+09	-3.720888299999999989e-03	2.118431999999999954e-03
7.409513429000000000e+09	-3.689647500000000063e-03	2.103845300000000123e-03
7.409515857000000000e+09	-3.638950199999999805e-03	2.126485400000000144e-03
7.409518286000000000e+09	-3.706771800000000037e-03	2.049397200000000179e-03
7.409520714000000000e+09	-3.732291799999999833e-03	2.136495700000000213e-03
7.409523143000000000e+09	-3.687272699999999924e-03	2.076073299999999996e-03
7.409525571000000000e+09	-3.697699799999999877e-03	2.099264100000000025e-03
7.409528000000000000e+09	-3.699079100000000116e-03	2.165761300000000091e-03
7.409530429000000000e+09	-3.743632900000000083e-03	2.128927999999999984e-03
7.409532857000000000e+09	-3.692981900000000001e-03	2.189205699999999862e-03
7.409535286000000000e+09	-3.695761699999999903e-03	2.189853299999999954e-03
7.409537714000000000e+09	-3.664181399999999998e-03	2.161436799999999925e-03
7.409540143000000000e+09	-3.666523000000000091e-03	2.275385200000000063e-03
7.409542571000000000e+09	-3.723840700000000201e-03	2.164339600000000138e-03
7.409545000000000000e+09	-3.738352700000000146e-03	2.158309499999999919e-03
7.409547429000000000e+09	-3.661422300000000216e-03	2.093934799999999825e-03
7.409549857000000000e+09	-3.710938500000000168e-03	2.180624500000000101e-03
7.409552286000000000e+09	-3.697012700000000193e-03	2.176499900000000015e-03
7.409554714000000000e+09	-3.667028000000000128e-03	2.193727899999999790e-03
7.409557143000000000e+09	-3.665866299999999932e-03	2.248114800000000114e-03
7.409559571000000000e+09	-3.655707700000000032e-03	2.245666299999999997e-03
7.409562000000000000e+09	-3.645523099999999940e-03	2.227373400000000076e-03
7.409564429000000000e+09	-3.679123700000000094e-03	2.170581799999999825e-03
7.409566857000000000e+09	-3.680952999999999829e-03	2.215402200000000064e-03
7.409569286000000000e+09	-3.679772500000000161e-03	2.196824600000000204e-03
7.409571714000000000e+09	-3.618275499999999961e-03	2.210147200000000048e-03
7.409574143000000000e+09	-3.639400399999999803e-03	2.211422599999999985e-03
7.409576571000000000e+09	-3.601115700000000024e-03	2.251722700000000077e-03
7.409579000000000000e+09	-3.629790899999999799e-03	2.251186200000000141e-03
7.409581429000000000e+09	-3.624364399999999847e-03	2.296531100000000127e-03
7.409583857000000000e+09	-3.636651800000000132e-03	2.257724200000000084e-03
7.409586286000000000e+09	-3.600387500000000202e-03	2.255319200000000055e-03
7.409588714000000000e+09	-3.598131100000000106e-03	2.279281599999999960e-03
7.409591143000000000e+09	-3.607222700000000011e-03	2.228814400000000105e-03
7.409593571000000000e+09	-3.621410499999999991e-03	2.247524900000000183e-03
7.409596000000000000e+09	-3.582233900000000078e-03	2.277598999999999943e-03
7.409598429000000000e+09	-3.617603000000000051e-03	2.262839999999999904e-03
7.409600857000000000e+09	-3.660343999999999837e-03	2.205233300000000122e-03
7.409603286000000000e+09	-3.554564200000000142e-03	2.261792900000000189e-03
7.409605714000000000e+09	-3.623121400000000117e-03	2.264526499999999949e-03
7.409608143000000000e+09	-3.621751700000000115e-03	2.309700000000000034e-03
7.409610571000000000e+09	-3.627327000000000069e-03	2.338468800000000070e-03
7.409613000000000000e+09	-3.622722899999999968e-03	2.287008699999999901e-03
7.409615429000000000e+09	-3.566911099999999901e-03	2.305815200000000190e-03
7.409617857000000000e+09	-3.578566000000000039e-03	2.330275100000000175e-03
7.409620286000000000e+09	-3.608164599999999847e-03	2.279433400000000116e-03
7.409622714000000000e+09	-3.599045400000000072e-03	2.327797300000000041e-03
7.409625143000000000e+09	-3.558285100000000041e-03	2.229362800000000196e-03
7.409627571000000000e+09	-3.571622899999999864e-03	2.322066600000000005e-03
7.409630000000000000e+09	-3.556035400000000062e-03	2.337653299999999969e-03
7.409632429000000000e+09	-3.564450499999999994e-03	2.334218199999999951e-03
7.409634857000000000e+09	-3.547338799999999980e-03	2.325874099999999944e-03
7.409637286000000000e+09	-3.544275400000000079e-03	2.315676000000000019e-03
7.409639714000000000e+09	-3.542123700000000125e-03	2.312068899999999896e-03
7.409642143000000000e+09	-3.566571799999999990e-03	2.297883499999999867e-03
7.409644571000000000e+09	-3.539249600000000159e-03	2.316012599999999876e-03
7.409647000000000000e+09	-3.519851100000000090e-03	2.343474800000000177e-03
7.409649429000000000e+09	-3.585025800000000203e-03	2.343736999999999817e-03
7.409651857000000000e+09	-3.551145300000000012e-03	2.345836799999999854e-03
7.409654286000000000e+09	-3.545129199999999797e-03	2.363969999999999960e-03
7.409656714000000000e+09	-3.556980700000000190e-03	2.396009000000000159e-03
7.409659143000000000e+09	-3.506284599999999908e-03	2.393180799999999799e-03
7.409661571000000000e+09	-3.519920900000000040e-03	2.448978599999999863e-03
7.409664000000000000e+09	-3.513899500000000186e-03	2.383335600000000085e-03
7.409666429000000000e+09	-3.486627500000000126e-03	2.365610900000000068e-03
7.409668857000000000e+09	-3.532759300000000002e-03	2.405576899999999855e-03
7.409671286000000000e+09	-3.530320100000000020e-03	2.386595200000000104e-03
7.409673714000000000e+09	-3.500662900000000178e-03	2.359951900000000196e-03
7.409676143000000000e+09	-3.517961999999999912e-03	2.389704400000000010e-03
7.409678571000000000e+09	-3.486250299999999868e-03	2.408755099999999871e-03
7.409681000000000000e+09	-3.485253800000000061e-03	2.401217800000000034e-03
7.409683429000000000e+09	-3.516724799999999991e-03	2.387831600000000186e-03
7.409685857000000000e+09	-3.494989200000000063e-03	2.420450299999999874e-03
7.409688286000000000e+09	-3.464332100000000123e-03	2.411277900000000172e-03
7.409690714000000000e+09	-3.527297999999999892e-03	2.436255899999999891e-03
7.409693143000000000e+09	-3.485670599999999945e-03	2.438108400000000165e-03
7.409695571000000000e+09	-3.530061299999999805e-03	2.348184599999999893e-03
7.409698000000000000e+09	-3.475557000000000212e-03	2.426131000000000208e-03
7.409700429000000000e+09	-3.480337899999999887e-03	2.413358600000000201e-03
7.409702857000000000e+09	-3.494882999999999844e-03	2.446871299999999871e-03
7.409705286000000000e+09	-3.486333299999999982e-03	2.439516699999999885e-03
7.409707714000000000e+09	-3.440230600000000055e-03	2.461539300000000104e-03
7.409710143000000000e+09	-3.462089900000000098e-03	2.426863699999999829e-03
7.409712571000000000e+09	-3.443724300000000106e-03	2.413467500000000040e-03
7.409715000000000000e+09	-3.504509800000000109e-03	2.399527499999999994e-03
7.409717429000000000e+09	-3.407798899999999950e-03	2.435968599999999932e-03
7.409719857000000000e+09	-3.486878499999999850e-03	2.411538400000000099e-03
7.409722286000000000e+09	-3.465703300000000202e-03	2.428497200000000016e-03
7.409724714000000000e+09	-3.438136300000000159e-03	2.493244600000000134e-03
7.409727143000000000e+09	-3.411343700000000079e-03	2.533439599999999948e-03
7.409729571000000000e+09	-3.464126399999999800e-03	2.501769999999999949e-03
7.409732000000000000e+09	-3.461121699999999968e-03	2.478886000000000023e-03
7.409734429000000000e+09	-3.413352399999999842e-03	2.444844900000000144e-03
7.409736857000000000e+09	-3.438394999999999906e-03	2.534477700000000062e-03
7.409739286000000000e+09	-3.417435500000000088e-03	2.488284400000000032e-03
7.409741714000000000e+09	-3.433790200000000001e-03	2.483928600000000035e-03
7.409744143000000000e+09	-3.387775899999999861e-03	2.439833000000000193e-03
7.409746571000000000e+09	-3.366419299999999937e-03	2.500676399999999990e-03
7.409749000000000000e+09	-3.398302199999999815e-03	2.551873799999999914e-03
7.409751429000000000e+09	-3.415125499999999929e-03	2.515476899999999870e-03
7.409753857000000000e+09	-3.395956299999999990e-03	2.582606199999999946e-03
7.409756286000000000e+09	-3.404751299999999800e-03	2.552503700000000042e-03
7.409758714000000000e+09	-3.420393500000000041e-03	2.476212399999999907e-03
7.409761143000000000e+09	-3.401516800000000101e-03	2.593084900000000147e-03
7.409763571000000000e+09	-3.443248600000000086e-03	2.604366600000000091e-03
7.409766000000000000e+09	-3.380389599999999908e-03	2.582316800000000138e-03
7.409768429000000000e+09	-3.424769199999999885e-03	2.549401699999999989e-03
7.409770857000000000e+09	-3.397777700000000067e-03	2.579792000000000023e-03
7.409773286000000000e+09	-3.390574200000000000e-03	2.524102600000000061e-03
7.409775714000000000e+09	-3.363898799999999988e-03	2.544769799999999950e-03
7.409778143000000000e+09	-3.386788099999999985e-03	2.495835699999999872e-03
7.409780571000000000e+09	-3.394098099999999941e-03	2.576155000000000111e-03
7.409783000000000000e+09	-3.380179599999999854e-03	2.573948200000000016e-03
7.409785429000000000e+09	-3.400316000000000016e-03	2.553729299999999910e-03
7.409787857000000000e+09	-3.388232399999999839e-03	2.587564699999999902e-03
7.409790286000000000e+09	-3.356352300000000049e-03	2.616345899999999829e-03
7.409792714000000000e+09	-3.385435799999999846e-03	2.583245000000000072e-03
7.409795143000000000e+09	-3.333388699999999868e-03	2.600414399999999814e-03
7.409797571000000000e+09	-3.315677899999999820e-03	2.573700300000000048e-03
7.409800000000000000e+09	-3.352128099999999826e-03	2.582767000000000136e-03
7.409802429000000000e+09	-3.332129200000000149e-03	2.636646900000000175e-03
7.409804857000000000e+09	-3.340503400000000012e-03	2.611440799999999868e-03
7.409807286000000000e+09	-3.361551099999999983e-03	2.599270999999999786e-03
7.409809714000000000e+09	-3.318949199999999926e-03	2.593483100000000194e-03
7.409812143000000000e+09	-3.342238300000000082e-03	2.584933900000000069e-03
7.409814571000000000e+09	-3.327141599999999810e-03	2.641283199999999980e-03
7.409817000000000000e+09	-3.278779299999999997e-03	2.603306399999999812e-03
7.409819429000000000e+09	-3.316729599999999802e-03	2.683853899999999806e-03
7.409821857000000000e+09	-3.377336500000000050e-03	2.670203099999999934e-03
7.409824286000000000e+09	-3.322691799999999852e-03	2.633736199999999871e-03
7.409826714000000000e+09	-3.355868000000000132e-03	2.665441299999999833e-03
7.409829143000000000e+09	-3.343101800000000071e-03	2.617825600000000044e-03
7.409831571000000000e+09	-3.290230999999999798e-03	2.682691699999999874e-03
7.409834000000000000e+09	-3.271761299999999869e-03	2.651578999999999828e-03
7.409836429000000000e+09	-3.232757399999999868e-03	2.665002300000000185e-03
7.409838857000000000e+09	-3.319672999999999981e-03	2.686374699999999859e-03
7.409841286000000000e+09	-3.299035000000000075e-03	2.701493100000000157e-03
7.409843714000000000e+09	-3.260841899999999873e-03	2.688350899999999814e-03
7.409846143000000000e+09	-3.308618699999999954e-03	2.707897400000000045e-03
7.409848571000000000e+09	-3.268509699999999976e-03	2.666303599999999847e-03
7.409851000000000000e+09	-3.290107200000000082e-03	2.701601699999999894e-03
7.409853429000000000e+09	-3.296637099999999865e-03	2.691076699999999950e-03
7.409855857000000000e+09	-3.233451200000000102e-03	2.721273000000000181e-03
7.409858286000000000e+09	-3.306186300000000123e-03	2.652110899999999931e-03
7.409860714000000000e+09	-3.263875600000000054e-03	2.734752699999999821e-03
7.409863143000000000e+09	-3.255695399999999993e-03	2.634480700000000047e-03
7.409865571000000000e+09	-3.269956000000000078e-03	2.706019400000000182e-03
7.409868000000000000e+09	-3.222100600000000082e-03	2.720761400000000062e-03
7.409870429000000000e+09	-3.280464399999999999e-03	2.723964699999999965e-03
7.409872857000000000e+09	-3.207482399999999918e-03	2.733565600000000071e-03
7.409875286000000000e+09	-3.283977300000000092e-03	2.748552799999999866e-03
7.409877714000000000e+09	-3.274819200000000062e-03	2.688095599999999925e-03
7.409880143000000000e+09	-3.215820800000000149e-03	2.718257799999999804e-03
7.409882571000000000e+09	-3.168502499999999861e-03	2.719840800000000117e-03
7.409885000000000000e+09	-3.268099899999999877e-03	2.686774199999999915e-03
7.409887429000000000e+09	-3.278137200000000046e-03	2.746261700000000080e-03
7.409889857000000000e+09	-3.279337900000000097e-03	2.794039199999999966e-03
7.409892286000000000e+09	-3.276892200000000067e-03	2.782463399999999913e-03
7.409894714000000000e+09	-3.219956500000000117e-03	2.780818200000000073e-03
7.409897143000000000e+09	-3.231866600000000110e-03	2.701638599999999901e-03
7.409899571000000000e+09	-3.228128700000000052e-03	2.720387299999999994e-03
7.409902000000000000e+09	-3.212067400000000010e-03	2.750405799999999876e-03
7.409904429000000000e+09	-3.184074299999999948e-03	2.705664999999999893e-03
7.409906857000000000e+09	-3.192394900000000181e-03	2.811485099999999886e-03
7.409909286000000000e+09	-3.195726299999999964e-03	2.764721899999999805e-03
7.409911714000000000e+09	-3.181446100000000134e-03	2.812544599999999926e-03
7.409914143000000000e+09	-3.192059399999999832e-03	2.807988500000000148e-03
7.409916571000000000e+09	-3.182217499999999942e-03	2.800181399999999814e-03
7.409919000000000000e+09	-3.228623500000000080e-03	2.819336100000000012e-03
7.409921429000000000e+09	-3.209567600000000180e-03	2.837511100000000060e-03
7.409923857000000000e+09	-3.143210599999999785e-03	2.812904099999999786e-03
7.409926286000000000e+09	-3.177111499999999995e-03	2.815858100000000110e-03
7.409928714000000000e+09	-3.129923100000000201e-03	2.746299700000000028e-03
7.409931143000000000e+09	-3.152077200000000159e-03	2.825435500000000009e-03
7.409933571000000000e+09	-3.138524699999999980e-03	2.830737900000000144e-03
7.409936000000000000e+09	-3.160247799999999982e-03	2.840397499999999884e-03
7.409938429000000000e+09	-3.151616400000000016e-03	2.810997700000000214e-03
7.409940857000000000e+09	-3.171821699999999820e-03	2.800251699999999934e-03
7.409943286000000000e+09	-3.194682400000000040e-03	2.831352499999999824e-03
7.409945714000000000e+09	-3.143023400000000134e-03	2.849199499999999913e-03
7.409948143000000000e+09	-3.149616100000000082e-03	2.799029199999999822e-03
7.409950571000000000e+09	-3.106311599999999826e-03	2.849863700000000027e-03
7.409953000000000000e+09	-3.136088100000000017e-03	2.794595300000000081e-03
7.409955429000000000e+09	-3.164573799999999791e-03	2.791203300000000016e-03
7.409957857000000000e+09	-3.141511599999999814e-03	2.820438399999999901e-03
7.409960286000000000e+09	-3.105310999999999922e-03	2.885171599999999947e-03
7.409962714000000000e+09	-3.144311099999999928e-03	2.859318100000000050e-03
7.409965143000000000e+09	-3.146173899999999812e-03	2.841381300000000130e-03
7.409967571000000000e+09	-3.150018000000000089e-03	2.847288400000000039e-03
7.409970000000000000e+09	-3.059028300000000197e-03	2.827689300000000086e-03
7.409972429000000000e+09	-3.151697399999999882e-03	2.854586300000000205e-03
7.409974857000000000e+09	-3.100512699999999951e-03	2.888028799999999788e-03
7.409977286000000000e+09	-3.140337899999999863e-03	2.888249399999999988e-03
7.409979714000000000e+09	-3.112437500000000187e-03	2.879518599999999953e-03
7.409982143000000000e+09	-3.095385600000000181e-03	2.899568800000000210e-03
7.409984571000000000e+09	-3.100972599999999788e-03	2.872032999999999964e-03
7.409987000000000000e+09	-3.057485999999999884e-03	2.822090800000000028e-03
7.409989429000000000e+09	-3.142393900000000143e-03	2.899847799999999941e-03
7.409991857000000000e+09	-3.076616900000000206e-03	2.895781200000000118e-03
7.409994286000000000e+09	-3.066044799999999813e-03	2.850928700000000208e-03
7.409996714000000000e+09	-3.083224600000000065e-03	2.890129300000000064e-03
7.409999143000000000e+09	-3.077337400000000004e-03	2.922069199999999863e-03
7.410001571000000000e+09	-3.082750200000000055e-03	2.908528799999999907e-03
7.410004000000000000e+09	-3.090895099999999788e-03	2.920182500000000070e-03
7.410006429000000000e+09	-3.033028599999999884e-03	2.908007499999999950e-03
7.410008857000000000e+09	-3.038867099999999818e-03	2.955851800000000064e-03
7.410011286000000000e+09	-3.046301600000000161e-03	2.894677500000000184e-03
7.410013714000000000e+09	-3.067502699999999968e-03	2.977848999999999861e-03
7.410016143000000000e+09	-3.009692300000000112e-03	2.902438099999999840e-03
7.410018571000000000e+09	-3.060436399999999849e-03	2.973905099999999812e-03
7.410021000000000000e+09	-3.017517999999999850e-03	2.895363499999999927e-03
7.410023429000000000e+09	-3.057766200000000024e-03	2.908069799999999944e-03
7.410025857000000000e+09	-3.011321999999999870e-03	2.952484899999999884e-03
7.410028286000000000e+09	-3.015011199999999801e-03	2.889886400000000067e-03
7.410030714000000000e+09	-3.018683199999999938e-03	2.908967799999999989e-03
7.410033143000000000e+09	-2.993008599999999898e-03	2.958711399999999856e-03
7.410035571000000000e+09	-3.025579599999999800e-03	2.912733299999999918e-03
7.410038000000000000e+09	-3.004597899999999783e-03	2.931758999999999928e-03
7.410040429000000000e+09	-3.021988199999999826e-03	2.918219000000000108e-03
7.410042857000000000e+09	-3.048362599999999978e-03	2.934892699999999948e-03
7.410045286000000000e+09	-2.982973099999999909e-03	2.962947699999999868e-03
7.410047714000000000e+09	-2.974776699999999961e-03	2.939368999999999836e-03
7.410050143000000000e+09	-2.963454199999999983e-03	2.991342100000000167e-03
7.410052571000000000e+09	-3.039709700000000053e-03	3.070726299999999853e-03
7.410055000000000000e+09	-3.018549599999999916e-03	2.991280099999999841e-03
7.410057429000000000e+09	-2.981230400000000214e-03	2.978237300000000001e-03
7.410059857000000000e+09	-2.985007000000000025e-03	3.035926100000000023e-03
7.410062286000000000e+09	-2.961369000000000154e-03	3.026748699999999917e-03
7.410064714000000000e+09	-2.960365500000000129e-03	3.002086199999999799e-03
7.410067143000000000e+09	-2.982540300000000207e-03	3.035721099999999940e-03
7.410069571000000000e+09	-2.962541600000000164e-03	3.058583000000000135e-03
7.410072000000000000e+09	-2.936663200000000015e-03	3.004638400000000150e-03
7.410074429000000000e+09	-2.962197100000000215e-03	3.030104300000000146e-03
7.410076857000000000e+09	-2.956814400000000020e-03	3.009575100000000045e-03
7.410079286000000000e+09	-2.932151300000000130e-03	2.992448400000000119e-03
7.410081714000000000e+09	-2.896067699999999804e-03	2.963502099999999837e-03
7.410084143000000000e+09	-2.942697399999999897e-03	3.028105599999999890e-03
7.410086571000000000e+09	-2.921159500000000166e-03	3.041742200000000125e-03
7.410089000000000000e+09	-2.957306800000000097e-03	3.035854799999999996e-03
7.410091429000000000e+09	-2.893021300000000063e-03	3.062468499999999785e-03
7.410093857000000000e+09	-2.919964100000000187e-03	3.020689599999999784e-03
7.410096286000000000e+09	-2.867973800000000063e-03	3.097376599999999980e-03
7.410098714000000000e+09	-2.924952599999999965e-03	3.031622999999999783e-03
7.410101143000000000e+09	-2.877332199999999875e-03	2.997281000000000077e-03
7.410103571000000000e+09	-2.943172100000000010e-03	3.047751799999999858e-03
7.410106000000000000e+09	-2.893822900000000194e-03	3.097658799999999935e-03
7.410108429000000000e+09	-2.889273500000000099e-03	3.049132200000000039e-03
7.410110857000000000e+09	-2.896635900000000142e-03	3.071630100000000141e-03
7.410113286000000000e+09	-2.891506399999999987e-03	3.056003600000000049e-03
7.410115714000000000e+09	-2.896367200000000020e-03	3.032804799999999894e-03
7.410118143000000000e+09	-2.905758300000000141e-03	3.040063500000000137e-03
7.410120571000000000e+09	-2.821686900000000206e-03	3.091718499999999981e-03
7.410123000000000000e+09	-2.917011499999999907e-03	3.021789699999999790e-03
7.410125429000000000e+09	-2.895513199999999801e-03	3.086178499999999922e-03
7.410127857000000000e+09	-2.907320299999999798e-03	3.131178200000000154e-03
7.410130286000000000e+09	-2.884174499999999936e-03	3.067770999999999953e-03
7.410132714000000000e+09	-2.870845300000000010e-03	3.102728900000000217e-03
7.410135143000000000e+09	-2.891013400000000139e-03	3.081862500000000053e-03
7.410137571000000000e+09	-2.912897399999999932e-03	3.106475100000000069e-03
7.410140000000000000e+09	-2.829475699999999937e-03	3.115374499999999918e-03
7.410142429000000000e+09	-2.828228400000000042e-03	3.154599699999999923e-03
7.410144857000000000e+09	-2.802150499999999950e-03	3.169058499999999941e-03
7.410147286000000000e+09	-2.842825499999999950e-03	3.136455700000000037e-03
7.410149714000000000e+09	-2.827531199999999949e-03	3.168101699999999795e-03
7.410152143000000000e+09	-2.820426600000000214e-03	3.110598500000000179e-03
7.410154571000000000e+09	-2.851242099999999960e-03	3.121990099999999869e-03
7.410157000000000000e+09	-2.837369199999999810e-03	3.165504500000000145e-03
7.410159429000000000e+09	-2.794944299999999830e-03	3.102175100000000019e-03
7.410161857000000000e+09	-2.815516300000000215e-03	3.119250899999999934e-03
7.410164286000000000e+09	-2.794251099999999800e-03	3.131320099999999971e-03
7.410166714000000000e+09	-2.802097700000000160e-03	3.116441299999999845e-03
7.410169143000000000e+09	-2.854766199999999969e-03	3.187167600000000069e-03
7.410171571000000000e+09	-2.759934800000000184e-03	3.158634699999999813e-03
7.410174000000000000e+09	-2.786490899999999847e-03	3.132081000000000101e-03
7.410176429000000000e+09	-2.782363099999999971e-03	3.150438399999999899e-03
7.410178857000000000e+09	-2.832979700000000031e-03	3.099659800000000107e-03
7.410181286000000000e+09	-2.813279699999999932e-03	3.084378899999999906e-03
7.410183714000000000e+09	-2.785964499999999885e-03	3.123492600000000053e-03
7.410186143000000000e+09	-2.732015099999999998e-03	3.141681700000000139e-03
7.410188571000000000e+09	-2.735458400000000210e-03	3.135127699999999944e-03
7.410191000000000000e+09	-2.778702799999999921e-03	3.178720900000000203e-03
7.410193429000000000e+09	-2.767920499999999839e-03	3.151981099999999914e-03
7.410195857000000000e+09	-2.803517000000000162e-03	3.132435399999999957e-03
7.410198286000000000e+09	-2.797497199999999986e-03	3.153102599999999846e-03
7.410200714000000000e+09	-2.759023499999999941e-03	3.117658499999999885e-03
7.410203143000000000e+09	-2.774943900000000074e-03	3.146733599999999853e-03
7.410205571000000000e+09	-2.770872199999999813e-03	3.162589700000000177e-03
7.410208000000000000e+09	-2.667587700000000148e-03	3.185585999999999800e-03
7.410210429000000000e+09	-2.727202599999999956e-03	3.182102300000000123e-03
7.410212857000000000e+09	-2.720766600000000101e-03	3.218087899999999991e-03
7.410215286000000000e+09	-2.695136500000000056e-03	3.162390000000000166e-03
7.410217714000000000e+09	-2.749820799999999881e-03	3.182022300000000165e-03
7.410220143000000000e+09	-2.727692600000000082e-03	3.171884299999999917e-03
7.410222571000000000e+09	-2.743414999999999916e-03	3.184096799999999814e-03
7.410225000000000000e+09	-2.741147800000000041e-03	3.198579999999999913e-03
7.410227429000000000e+09	-2.687039899999999881e-03	3.184067799999999900e-03
7.410229857000000000e+09	-2.671818399999999986e-03	3.230699300000000173e-03
7.410232286000000000e+09	-2.682111300000000146e-03	3.188354699999999819e-03
7.410234714000000000e+09	-2.715694700000000072e-03	3.226538799999999988e-03
7.410237143000000000e+09	-2.754082200000000213e-03	3.199317699999999938e-03
7.410239571000000000e+09	-2.714279500000000168e-03	3.190387700000000062e-03
7.410242000000000000e+09	-2.661195800000000153e-03	3.186292500000000028e-03
7.410244429000000000e+09	-2.682064000000000063e-03	3.222668000000000147e-03
7.410246857000000000e+09	-2.697044999999999911e-03	3.272840400000000087e-03
7.410249286000000000e+09	-2.671317199999999944e-03	3.213328499999999841e-03
7.410251714000000000e+09	-2.660408500000000127e-03	3.251833799999999820e-03
7.410254143000000000e+09	-2.677329400000000130e-03	3.276348699999999912e-03
7.410256571000000000e+09	-2.643104099999999887e-03	3.250851099999999948e-03
7.410259000000000000e+09	-2.660818499999999861e-03	3.268438600000000017e-03
7.410261429000000000e+09	-2.616405899999999906e-03	3.255089999999999980e-03
7.410263857000000000e+09	-2.655061499999999963e-03	3.233802799999999870e-03
7.410266286000000000e+09	-2.650017699999999976e-03	3.190367400000000079e-03
7.410268714000000000e+09	-2.593241699999999841e-03	3.245190700000000032e-03
7.410271143000000000e+09	-2.646085299999999946e-03	3.234084300000000019e-03
7.410273571000000000e+09	-2.642551099999999962e-03	3.220329699999999878e-03
7.410276000000000000e+09	-2.624519499999999807e-03	3.237451599999999902e-03
7.410278429000000000e+09	-2.696013499999999879e-03	3.277543600000000154e-03
7.410280857000000000e+09	-2.588466700000000009e-03	3.172666299999999870e-03
7.410283286000000000e+09	-2.612460500000000213e-03	3.304183500000000204e-03
7.410285714000000000e+09	-2.531208000000000069e-03	3.296308700000000202e-03
7.410288143000000000e+09	-2.602355800000000045e-03	3.304545400000000015e-03
7.410290571000000000e+09	-2.637443000000000166e-03	3.224686400000000182e-03
7.410293000000000000e+09	-2.591133099999999839e-03	3.301670400000000175e-03
7.410295429000000000e+09	-2.554719100000000034e-03	3.263971000000000060e-03
7.410297857000000000e+09	-2.605428500000000081e-03	3.274253200000000041e-03
7.410300286000000000e+09	-2.570033599999999984e-03	3.272002200000000052e-03
7.410302714000000000e+09	-2.618549500000000134e-03	3.263017100000000035e-03
7.410305143000000000e+09	-2.542980700000000045e-03	3.321457400000000018e-03
7.410307571000000000e+09	-2.591003499999999880e-03	3.273051999999999819e-03
7.410310000000000000e+09	-2.635226999999999969e-03	3.319576600000000068e-03
7.410312429000000000e+09	-2.609558599999999874e-03	3.312721499999999979e-03
7.410314857000000000e+09	-2.636075400000000013e-03	3.304506100000000057e-03
7.410317286000000000e+09	-2.559633099999999994e-03	3.330113200000000065e-03
7.410319714000000000e+09	-2.534232600000000182e-03	3.341606500000000174e-03
7.410322143000000000e+09	-2.617795899999999891e-03	3.303728399999999836e-03
7.410324571000000000e+09	-2.605913799999999905e-03	3.328607400000000056e-03
7.410327000000000000e+09	-2.537296100000000117e-03	3.335232100000000074e-03
7.410329429000000000e+09	-2.543303499999999967e-03	3.255242700000000010e-03
7.410331857000000000e+09	-2.564545399999999808e-03	3.357276499999999921e-03
7.410334286000000000e+09	-2.550727799999999868e-03	3.306144400000000146e-03
7.410336714000000000e+09	-2.568534500000000092e-03	3.353043699999999801e-03
7.410339143000000000e+09	-2.565036699999999944e-03	3.371436900000000098e-03
7.410341571000000000e+09	-2.591636599999999797e-03	3.325090699999999969e-03
7.410344000000000000e+09	-2.498239000000000189e-03	3.284845499999999949e-03
7.410346429000000000e+09	-2.573050300000000006e-03	3.332858699999999980e-03
7.410348857000000000e+09	-2.517717999999999953e-03	3.307341499999999837e-03
7.410351286000000000e+09	-2.470929599999999952e-03	3.317913599999999796e-03
7.410353714000000000e+09	-2.521791099999999824e-03	3.319511700000000055e-03
7.410356143000000000e+09	-2.485912199999999912e-03	3.361268499999999892e-03
7.410358571000000000e+09	-2.504623100000000126e-03	3.373663500000000006e-03
7.410361000000000000e+09	-2.517148299999999971e-03	3.413851900000000172e-03
7.410363429000000000e+09	-2.481991399999999934e-03	3.350827700000000037e-03
7.410365857000000000e+09	-2.483227299999999846e-03	3.392293099999999818e-03
7.410368286000000000e+09	-2.565168100000000083e-03	3.384267800000000104e-03
7.410370714000000000e+09	-2.462829299999999815e-03	3.361834100000000210e-03
7.410373143000000000e+09	-2.461607299999999873e-03	3.337123899999999872e-03
7.410375571000000000e+09	-2.477722300000000013e-03	3.388211400000000050e-03
7.410378000000000000e+09	-2.477733800000000031e-03	3.397835999999999999e-03
7.410380429000000000e+09	-2.462790900000000165e-03	3.353279299999999911e-03
7.410382857000000000e+09	-2.458727799999999800e-03	3.412186299999999881e-03
7.410385286000000000e+09	-2.488932100000000158e-03	3.345653300000000184e-03
7.410387714000000000e+09	-2.464722099999999954e-03	3.351925799999999796e-03
7.410390143000000000e+09	-2.485368400000000089e-03	3.410305900000000067e-03
7.410392571000000000e+09	-2.398400900000000058e-03	3.367003400000000059e-03
7.410395000000000000e+09	-2.412050499999999955e-03	3.442658899999999789e-03
7.410397429000000000e+09	-2.473631899999999880e-03	3.388030499999999945e-03
7.410399857000000000e+09	-2.454706400000000212e-03	3.346902699999999928e-03
7.410402286000000000e+09	-2.434550000000000169e-03	3.378360899999999830e-03
7.410404714000000000e+09	-2.413612600000000080e-03	3.398133399999999932e-03
7.410407143000000000e+09	-2.470228699999999899e-03	3.397605199999999791e-03
7.410409571000000000e+09	-2.417778800000000040e-03	3.381022799999999860e-03
7.410412000000000000e+09	-2.374639100000000037e-03	3.449841400000000068e-03
7.410414429000000000e+09	-2.409877300000000042e-03	3.405390299999999995e-03
7.410416857000000000e+09	-2.469131199999999911e-03	3.431865799999999928e-03
7.410419286000000000e+09	-2.393451799999999838e-03	3.420835399999999811e-03
7.410421714000000000e+09	-2.382255099999999823e-03	3.385506400000000068e-03
7.410424143000000000e+09	-2.392263800000000214e-03	3.410706299999999996e-03
7.410426571000000000e+09	-2.445344099999999937e-03	3.425163100000000200e-03
7.410429000000000000e+09	-2.441332599999999822e-03	3.420655400000000013e-03
7.410431429000000000e+09	-2.399932699999999825e-03	3.409676700000000178e-03
7.410433857000000000e+09	-2.378471200000000126e-03	3.408302199999999841e-03
7.410436286000000000e+09	-2.382540299999999934e-03	3.405060599999999889e-03
7.410438714000000000e+09	-2.391923599999999997e-03	3.417667499999999838e-03
7.410441143000000000e+09	-2.335822999999999892e-03	3.460646799999999787e-03
7.410443571000000000e+09	-2.373632999999999993e-03	3.427541499999999831e-03
7.410446000000000000e+09	-2.398334900000000103e-03	3.442615400000000134e-03
7.410448429000000000e+09	-2.351560300000000037e-03	3.424740099999999936e-03
7.410450857000000000e+09	-2.419504600000000043e-03	3.400448199999999994e-03
7.410453286000000000e+09	-2.378117800000000177e-03	3.460413099999999891e-03
7.410455714000000000e+09	-2.318507699999999838e-03	3.448380400000000158e-03
7.410458143000000000e+09	-2.336518699999999907e-03	3.449561700000000099e-03
7.410460571000000000e+09	-2.359608000000000018e-03	3.481026099999999946e-03
7.410463000000000000e+09	-2.322075399999999970e-03	3.411089400000000098e-03
7.410465429000000000e+09	-2.391277700000000051e-03	3.398139399999999810e-03
7.410467857000000000e+09	-2.343483500000000108e-03	3.427575500000000150e-03
7.410470286000000000e+09	-2.357447400000000064e-03	3.495492700000000022e-03
7.410472714000000000e+09	-2.322871499999999961e-03	3.467260199999999855e-03
7.410475143000000000e+09	-2.320149200000000151e-03	3.422266299999999865e-03
7.410477571000000000e+09	-2.331625899999999803e-03	3.474999199999999951e-03
7.410480000000000000e+09	-2.325502399999999827e-03	3.489808899999999933e-03
7.410482429000000000e+09	-2.308150799999999971e-03	3.485851999999999788e-03
7.410484857000000000e+09	-2.292097400000000021e-03	3.469767400000000040e-03
7.410487286000000000e+09	-2.355472600000000152e-03	3.434707099999999985e-03
7.410489714000000000e+09	-2.285993499999999790e-03	3.490302700000000053e-03
7.410492143000000000e+09	-2.308511499999999807e-03	3.460684199999999964e-03
7.410494571000000000e+09	-2.351839799999999939e-03	3.487522700000000083e-03
7.410497000000000000e+09	-2.308219800000000082e-03	3.501972900000000204e-03
7.410499429000000000e+09	-2.259310799999999890e-03	3.458691900000000156e-03
7.410501857000000000e+09	-2.218433000000000124e-03	3.493754400000000093e-03
7.410504286000000000e+09	-2.255307800000000071e-03	3.460093000000000023e-03
7.410506714000000000e+09	-2.300486400000000160e-03	3.533880499999999831e-03
7.410509143000000000e+09	-2.283000299999999975e-03	3.507098599999999931e-03
7.410511571000000000e+09	-2.236663800000000119e-03	3.501606600000000194e-03
7.410514000000000000e+09	-2.266647799999999945e-03	3.480481000000000113e-03
7.410516429000000000e+09	-2.310668599999999868e-03	3.513123600000000145e-03
7.410518857000000000e+09	-2.236119400000000090e-03	3.483452900000000036e-03
7.410521286000000000e+09	-2.217593600000000113e-03	3.510230500000000205e-03
7.410523714000000000e+09	-2.183290599999999828e-03	3.540257000000000213e-03
7.410526143000000000e+09	-2.210956400000000169e-03	3.540330200000000021e-03
7.410528571000000000e+09	-2.230837700000000076e-03	3.503691900000000057e-03
7.410531000000000000e+09	-2.206383000000000129e-03	3.473330800000000006e-03
7.410533429000000000e+09	-2.176790699999999867e-03	3.545763899999999826e-03
7.410535857000000000e+09	-2.253083700000000147e-03	3.506901900000000075e-03
7.410538286000000000e+09	-2.228361900000000190e-03	3.531645899999999796e-03
7.410540714000000000e+09	-2.230075299999999868e-03	3.497926499999999897e-03
7.410543143000000000e+09	-2.229493800000000199e-03	3.533524599999999898e-03
7.410545571000000000e+09	-2.202420799999999911e-03	3.536908400000000202e-03
7.410548000000000000e+09	-2.200361400000000207e-03	3.541706099999999968e-03
7.410550429000000000e+09	-2.242052999999999928e-03	3.505473800000000108e-03
7.410552857000000000e+09	-2.194656599999999895e-03	3.496285300000000120e-03
7.410555286000000000e+09	-2.231299799999999795e-03	3.548464099999999906e-03
7.410557714000000000e+09	-2.178727000000000094e-03	3.542439599999999862e-03
7.410560143000000000e+09	-2.201965299999999841e-03	3.520238699999999991e-03
7.410562571000000000e+09	-2.159007399999999816e-03	3.548586500000000012e-03
7.410565000000000000e+09	-2.176079599999999805e-03	3.494939600000000063e-03
7.410567429000000000e+09	-2.150632300000000080e-03	3.509958799999999927e-03
7.410569857000000000e+09	-2.138155999999999998e-03	3.559746099999999951e-03
7.410572286000000000e+09	-2.147791999999999930e-03	3.530804900000000107e-03
7.410574714000000000e+09	-2.149723799999999924e-03	3.530061299999999805e-03
7.410577143000000000e+09	-2.137618699999999788e-03	3.557455900000000039e-03
7.410579571000000000e+09	-2.125074499999999970e-03	3.559535500000000127e-03
7.410582000000000000e+09	-2.209063700000000064e-03	3.560041199999999968e-03
7.410584429000000000e+09	-2.144116900000000037e-03	3.530770600000000120e-03
7.410586857000000000e+09	-2.156924599999999938e-03	3.542508800000000041e-03
7.410589286000000000e+09	-2.085133600000000070e-03	3.561885199999999946e-03
7.410591714000000000e+09	-2.099857499999999849e-03	3.577379099999999923e-03
7.410594143000000000e+09	-2.102524900000000019e-03	3.549891900000000204e-03
7.410596571000000000e+09	-2.130065799999999836e-03	3.540934600000000126e-03
7.410599000000000000e+09	-2.087971699999999903e-03	3.565256000000000154e-03
7.410601429000000000e+09	-2.089041399999999951e-03	3.568624600000000046e-03
7.410603857000000000e+09	-2.126514899999999795e-03	3.554121400000000066e-03
7.410606286000000000e+09	-2.103479100000000147e-03	3.617133700000000045e-03
7.410608714000000000e+09	-2.078083100000000134e-03	3.556561599999999955e-03
7.410611143000000000e+09	-2.098295000000000021e-03	3.579696500000000003e-03
7.410613571000000000e+09	-2.103566199999999924e-03	3.608090200000000063e-03
7.410616000000000000e+09	-2.144255700000000098e-03	3.587347500000000015e-03
7.410618429000000000e+09	-2.092477299999999808e-03	3.640399299999999994e-03
7.410620857000000000e+09	-2.049361200000000046e-03	3.642770100000000070e-03
7.410623286000000000e+09	-2.120445500000000053e-03	3.590066099999999864e-03
7.410625714000000000e+09	-2.154376899999999821e-03	3.543636000000000182e-03
7.410628143000000000e+09	-2.037399000000000068e-03	3.633662699999999982e-03
7.410630571000000000e+09	-2.127274199999999813e-03	3.597645999999999917e-03
7.410633000000000000e+09	-2.034365900000000092e-03	3.647778899999999831e-03
7.410635429000000000e+09	-2.061586099999999835e-03	3.607333999999999801e-03
7.410637857000000000e+09	-2.094603899999999876e-03	3.576591499999999795e-03
7.410640286000000000e+09	-2.069780099999999831e-03	3.565614899999999809e-03
7.410642714000000000e+09	-2.076346699999999986e-03	3.535900600000000012e-03
7.410645143000000000e+09	-1.994843200000000118e-03	3.586967899999999806e-03
7.410647571000000000e+09	-2.016030800000000092e-03	3.643099800000000176e-03
7.410650000000000000e+09	-1.995200800000000198e-03	3.614580999999999957e-03
7.410652429000000000e+09	-2.006207199999999937e-03	3.613269599999999887e-03
7.410654857000000000e+09	-2.042290899999999864e-03	3.589716699999999979e-03
7.410657286000000000e+09	-2.042092399999999829e-03	3.597597799999999960e-03
7.410659714000000000e+09	-2.014966200000000048e-03	3.561740900000000178e-03
7.410662143000000000e+09	-2.000983300000000117e-03	3.587834900000000122e-03
7.410664571000000000e+09	-2.003899700000000197e-03	3.567278000000000115e-03
7.410667000000000000e+09	-1.963725999999999840e-03	3.627279900000000053e-03
7.410669429000000000e+09	-1.967233899999999962e-03	3.573258800000000002e-03
7.410671857000000000e+09	-2.043459999999999981e-03	3.579917199999999803e-03
7.410674286000000000e+09	-1.961189199999999969e-03	3.663026099999999816e-03
7.410676714000000000e+09	-1.960411200000000079e-03	3.674845400000000071e-03
7.410679143000000000e+09	-2.002658699999999847e-03	3.621538599999999872e-03
7.410681571000000000e+09	-1.964895800000000196e-03	3.624419199999999886e-03
7.410684000000000000e+09	-1.950790700000000011e-03	3.623541699999999893e-03
7.410686429000000000e+09	-1.962735000000000174e-03	3.644740799999999885e-03
7.410688857000000000e+09	-1.961649800000000044e-03	3.675753500000000090e-03
7.410691286000000000e+09	-1.967946999999999839e-03	3.601381399999999990e-03
7.410693714000000000e+09	-1.918660900000000074e-03	3.670514199999999790e-03
7.410696143000000000e+09	-2.009071800000000133e-03	3.600103999999999804e-03
7.410698571000000000e+09	-1.951242400000000087e-03	3.651779999999999870e-03
7.410701000000000000e+09	-1.967716200000000065e-03	3.628126199999999815e-03
7.410703429000000000e+09	-1.948056299999999979e-03	3.607560399999999810e-03
7.410705857000000000e+09	-1.977866300000000101e-03	3.598132300000000082e-03
7.410708286000000000e+09	-1.991062300000000142e-03	3.647746600000000092e-03
7.410710714000000000e+09	-1.992240399999999859e-03	3.681399599999999901e-03
7.410713143000000000e+09	-1.952904199999999950e-03	3.638291100000000129e-03
7.410715571000000000e+09	-1.922880000000000075e-03	3.584491400000000116e-03
7.410718000000000000e+09	-1.963344599999999884e-03	3.597613899999999813e-03
7.410720429000000000e+09	-1.884396999999999895e-03	3.677084800000000007e-03
7.410722857000000000e+09	-1.934270700000000108e-03	3.642425999999999824e-03
7.410725286000000000e+09	-1.902897599999999953e-03	3.651092500000000050e-03
7.410727714000000000e+09	-1.913352099999999925e-03	3.654260600000000091e-03
7.410730143000000000e+09	-1.852789999999999992e-03	3.673662199999999916e-03
7.410732571000000000e+09	-1.849716300000000049e-03	3.713352300000000161e-03
7.410735000000000000e+09	-1.925583499999999979e-03	3.714952399999999801e-03
7.410737429000000000e+09	-1.839179100000000065e-03	3.651530799999999893e-03
7.410739857000000000e+09	-1.901263499999999995e-03	3.655443300000000076e-03
7.410742286000000000e+09	-1.903745299999999975e-03	3.637994500000000034e-03
7.410744714000000000e+09	-1.897898299999999962e-03	3.704114699999999909e-03
7.410747143000000000e+09	-1.914321799999999917e-03	3.641399100000000059e-03
7.410749571000000000e+09	-1.924018399999999915e-03	3.704644799999999832e-03
7.410752000000000000e+09	-1.901769599999999973e-03	3.737161900000000002e-03
7.410754429000000000e+09	-1.865750700000000026e-03	3.700826200000000010e-03
7.410756857000000000e+09	-1.886133599999999895e-03	3.638849799999999829e-03
7.410759286000000000e+09	-1.837366300000000102e-03	3.672323400000000043e-03
7.410761714000000000e+09	-1.889260899999999901e-03	3.629089399999999976e-03
7.410764143000000000e+09	-1.874828499999999995e-03	3.641246900000000199e-03
7.410766571000000000e+09	-1.889615400000000008e-03	3.619262099999999861e-03
7.410769000000000000e+09	-1.889756700000000053e-03	3.683484900000000197e-03
7.410771429000000000e+09	-1.836095199999999896e-03	3.711780400000000164e-03
7.410773857000000000e+09	-1.834137299999999892e-03	3.707140600000000032e-03
7.410776286000000000e+09	-1.853860799999999982e-03	3.695058299999999865e-03
7.410778714000000000e+09	-1.809775299999999898e-03	3.749254999999999949e-03
7.410781143000000000e+09	-1.828343500000000022e-03	3.743166899999999901e-03
7.410783571000000000e+09	-1.919782000000000086e-03	3.666439699999999875e-03
7.410786000000000000e+09	-1.808907999999999914e-03	3.616205600000000145e-03
7.410788429000000000e+09	-1.808601900000000049e-03	3.671567699999999951e-03
7.410790857000000000e+09	-1.808386599999999922e-03	3.707873699999999790e-03
7.410793286000000000e+09	-1.769340899999999979e-03	3.743219199999999955e-03
7.410795714000000000e+09	-1.778260999999999948e-03	3.742758499999999846e-03
7.410798143000000000e+09	-1.760299500000000062e-03	3.755817700000000075e-03
7.410800571000000000e+09	-1.791199500000000000e-03	3.725128800000000132e-03
7.410803000000000000e+09	-1.849322499999999985e-03	3.654750999999999920e-03
7.410805429000000000e+09	-1.787658699999999934e-03	3.686929700000000053e-03
7.410807857000000000e+09	-1.810315100000000092e-03	3.703057699999999855e-03
7.410810286000000000e+09	-1.777681300000000025e-03	3.671019599999999963e-03
7.410812714000000000e+09	-1.733861900000000043e-03	3.678620899999999940e-03
7.410815143000000000e+09	-1.723856300000000058e-03	3.689844199999999918e-03
7.410817571000000000e+09	-1.693240799999999992e-03	3.739371799999999853e-03
7.410820000000000000e+09	-1.729561400000000039e-03	3.633161499999999940e-03
7.410822429000000000e+09	-1.810173999999999898e-03	3.727317700000000195e-03
7.410824857000000000e+09	-1.760669799999999919e-03	3.736959599999999972e-03
7.410827286000000000e+09	-1.720650599999999988e-03	3.731793800000000015e-03
7.410829714000000000e+09	-1.811799200000000073e-03	3.706992499999999836e-03
7.410832143000000000e+09	-1.805207099999999896e-03	3.671479300000000164e-03
7.410834571000000000e+09	-1.692411599999999990e-03	3.714118699999999999e-03
7.410837000000000000e+09	-1.772746099999999991e-03	3.771471299999999867e-03
7.410839429000000000e+09	-1.689897699999999905e-03	3.714569000000000031e-03
7.410841857000000000e+09	-1.721810399999999970e-03	3.751363499999999917e-03
7.410844286000000000e+09	-1.753388499999999992e-03	3.783608800000000209e-03
7.410846714000000000e+09	-1.715970499999999992e-03	3.685214699999999829e-03
7.410849143000000000e+09	-1.698192299999999946e-03	3.736342100000000169e-03
7.410851571000000000e+09	-1.745738500000000104e-03	3.724411700000000193e-03
7.410854000000000000e+09	-1.724346600000000070e-03	3.745530600000000158e-03
7.410856429000000000e+09	-1.694830399999999954e-03	3.701008500000000159e-03
7.410858857000000000e+09	-1.684484200000000050e-03	3.760278200000000213e-03
7.410861286000000000e+09	-1.698793099999999908e-03	3.837379799999999976e-03
7.410863714000000000e+09	-1.674000500000000094e-03	3.744092899999999953e-03
7.410866143000000000e+09	-1.653800699999999997e-03	3.697682999999999786e-03
7.410868571000000000e+09	-1.701682500000000105e-03	3.702958299999999786e-03
7.410871000000000000e+09	-1.699636600000000016e-03	3.765761099999999882e-03
7.410873429000000000e+09	-1.656305999999999968e-03	3.717948899999999873e-03
7.410875857000000000e+09	-1.648448999999999965e-03	3.743110000000000014e-03
7.410878286000000000e+09	-1.738826200000000025e-03	3.754798699999999968e-03
7.410880714000000000e+09	-1.679326199999999934e-03	3.742193899999999868e-03
7.410883143000000000e+09	-1.687635299999999932e-03	3.753843299999999866e-03
7.410885571000000000e+09	-1.720050199999999946e-03	3.699654100000000171e-03
7.410888000000000000e+09	-1.694997400000000090e-03	3.756696600000000111e-03
7.410890429000000000e+09	-1.691809899999999938e-03	3.735936899999999904e-03
7.410892857000000000e+09	-1.631437199999999973e-03	3.703298700000000072e-03
7.410895286000000000e+09	-1.644941100000000059e-03	3.775939800000000131e-03
7.410897714000000000e+09	-1.590375900000000082e-03	3.756058300000000155e-03
7.410900143000000000e+09	-1.579578699999999907e-03	3.758740899999999871e-03
7.410902571000000000e+09	-1.679421499999999906e-03	3.807649299999999858e-03
7.410905000000000000e+09	-1.609736999999999973e-03	3.767410399999999819e-03
7.410907429000000000e+09	-1.622584600000000037e-03	3.745782100000000052e-03
7.410909857000000000e+09	-1.589387999999999955e-03	3.759897299999999994e-03
7.410912286000000000e+09	-1.564855900000000069e-03	3.809894299999999970e-03
7.410914714000000000e+09	-1.594530899999999909e-03	3.769037900000000128e-03
7.410917143000000000e+09	-1.603263599999999942e-03	3.739981900000000168e-03
7.410919571000000000e+09	-1.592336800000000024e-03	3.799847199999999928e-03
7.410922000000000000e+09	-1.549215199999999905e-03	3.791856100000000167e-03
7.410924429000000000e+09	-1.569309899999999942e-03	3.795665100000000184e-03
7.410926857000000000e+09	-1.590442399999999991e-03	3.757063100000000190e-03
7.410929286000000000e+09	-1.650025799999999898e-03	3.744538600000000151e-03
7.410931714000000000e+09	-1.535497200000000102e-03	3.787795999999999958e-03
7.410934143000000000e+09	-1.579349700000000096e-03	3.738921200000000153e-03
7.410936571000000000e+09	-1.652665100000000028e-03	3.839376800000000086e-03
7.410939000000000000e+09	-1.546934200000000094e-03	3.801535200000000052e-03
7.410941429000000000e+09	-1.489080000000000048e-03	3.764963699999999882e-03
7.410943857000000000e+09	-1.579960199999999896e-03	3.780198099999999839e-03
7.410946286000000000e+09	-1.535592699999999925e-03	3.785458099999999826e-03
7.410948714000000000e+09	-1.548070300000000017e-03	3.794294499999999876e-03
7.410951143000000000e+09	-1.598061100000000047e-03	3.758170999999999821e-03
7.410953571000000000e+09	-1.493713299999999914e-03	3.825270200000000041e-03
7.410956000000000000e+09	-1.528125499999999923e-03	3.760503699999999914e-03
7.410958429000000000e+09	-1.502505300000000002e-03	3.727913399999999936e-03
7.410960857000000000e+09	-1.548288400000000014e-03	3.814028599999999894e-03
7.410963286000000000e+09	-1.476347800000000089e-03	3.790557899999999827e-03
7.410965714000000000e+09	-1.500979499999999895e-03	3.783320599999999943e-03
7.410968143000000000e+09	-1.486164799999999944e-03	3.752175500000000125e-03
7.410970571000000000e+09	-1.479396200000000078e-03	3.762377099999999943e-03
7.410973000000000000e+09	-1.498196000000000033e-03	3.823423900000000146e-03
7.410975429000000000e+09	-1.547343600000000057e-03	3.815465499999999826e-03
7.410977857000000000e+09	-1.497449699999999894e-03	3.820932899999999847e-03
7.410980286000000000e+09	-1.516407399999999918e-03	3.726768300000000197e-03
7.410982714000000000e+09	-1.489691999999999926e-03	3.797763000000000007e-03
7.410985143000000000e+09	-1.497823300000000009e-03	3.794584799999999990e-03
7.410987571000000000e+09	-1.417938799999999937e-03	3.875128800000000092e-03
7.410990000000000000e+09	-1.467996000000000058e-03	3.839388699999999807e-03
7.410992429000000000e+09	-1.490193300000000002e-03	3.807432099999999951e-03
7.410994857000000000e+09	-1.420405800000000074e-03	3.830445100000000064e-03
7.410997286000000000e+09	-1.453271799999999959e-03	3.807412899999999909e-03
7.410999714000000000e+09	-1.530923399999999926e-03	3.765152500000000079e-03
7.411002143000000000e+09	-1.431105299999999893e-03	3.825101599999999793e-03
7.411004571000000000e+09	-1.469857499999999931e-03	3.859789599999999959e-03
7.411007000000000000e+09	-1.447084599999999945e-03	3.878290400000000086e-03
7.411009429000000000e+09	-1.423436599999999917e-03	3.823259600000000064e-03
7.411011857000000000e+09	-1.481863500000000101e-03	3.786352599999999978e-03
7.411014286000000000e+09	-1.451598899999999998e-03	3.780045100000000140e-03
7.411016714000000000e+09	-1.425256300000000064e-03	3.770539700000000074e-03
7.411019143000000000e+09	-1.421780199999999944e-03	3.760159600000000102e-03
7.411021571000000000e+09	-1.406232699999999903e-03	3.885697699999999827e-03
7.411024000000000000e+09	-1.407090300000000049e-03	3.788855199999999895e-03
7.411026429000000000e+09	-1.476636300000000023e-03	3.804646899999999943e-03
7.411028857000000000e+09	-1.393331899999999913e-03	3.812073799999999863e-03
7.411031286000000000e+09	-1.412349700000000048e-03	3.837117699999999937e-03
7.411033714000000000e+09	-1.370402599999999936e-03	3.841100100000000104e-03
7.411036143000000000e+09	-1.391531500000000058e-03	3.819779900000000016e-03
7.411038571000000000e+09	-1.406780500000000007e-03	3.809747599999999818e-03
7.411041000000000000e+09	-1.379763499999999950e-03	3.863214299999999900e-03
7.411043429000000000e+09	-1.368129899999999920e-03	3.803114600000000005e-03
7.411045857000000000e+09	-1.351927200000000015e-03	3.888799000000000075e-03
7.411048286000000000e+09	-1.333042100000000028e-03	3.834975899999999889e-03
7.411050714000000000e+09	-1.377516100000000104e-03	3.872439699999999894e-03
7.411053143000000000e+09	-1.365976400000000002e-03	3.795722200000000140e-03
7.411055571000000000e+09	-1.325984899999999977e-03	3.803915399999999863e-03
7.411058000000000000e+09	-1.355081800000000006e-03	3.801257499999999897e-03
7.411060429000000000e+09	-1.321897500000000000e-03	3.835926700000000158e-03
7.411062857000000000e+09	-1.336951299999999954e-03	3.839577900000000141e-03
7.411065286000000000e+09	-1.277598600000000003e-03	3.891478900000000171e-03
7.411067714000000000e+09	-1.291505099999999901e-03	3.828712100000000208e-03
7.411070143000000000e+09	-1.293763999999999982e-03	3.864977300000000011e-03
7.411072571000000000e+09	-1.332098299999999978e-03	3.838345200000000020e-03
7.411075000000000000e+09	-1.290091099999999972e-03	3.805278599999999817e-03
7.411077429000000000e+09	-1.333985999999999896e-03	3.874066499999999965e-03
7.411079857000000000e+09	-1.373139800000000056e-03	3.800578399999999905e-03
7.411082286000000000e+09	-1.316926900000000037e-03	3.832172300000000111e-03
7.411084714000000000e+09	-1.319340200000000077e-03	3.829600800000000117e-03
7.411087143000000000e+09	-1.260302899999999910e-03	3.880125700000000132e-03
7.411089571000000000e+09	-1.239399800000000025e-03	3.833567799999999803e-03
7.411092000000000000e+09	-1.300994399999999898e-03	3.864397500000000055e-03
7.411094429000000000e+09	-1.275999699999999905e-03	3.860383199999999852e-03
7.411096857000000000e+09	-1.350984900000000042e-03	3.834182299999999884e-03
7.411099286000000000e+09	-1.344772599999999926e-03	3.813145200000000058e-03
7.411101714000000000e+09	-1.286430700000000104e-03	3.864954400000000009e-03
7.411104143000000000e+09	-1.241572999999999939e-03	3.835271199999999974e-03
7.411106571000000000e+09	-1.239252099999999966e-03	3.871554000000000141e-03
7.411109000000000000e+09	-1.269192900000000023e-03	3.860820599999999821e-03
7.411111429000000000e+09	-1.347688699999999903e-03	3.862864299999999810e-03
7.411113857000000000e+09	-1.287246799999999976e-03	3.872918200000000002e-03
7.411116286000000000e+09	-1.296873899999999909e-03	3.885350599999999859e-03
7.411118714000000000e+09	-1.306169800000000093e-03	3.835333299999999900e-03
7.411121143000000000e+09	-1.281274900000000088e-03	3.861035799999999914e-03
7.411123571000000000e+09	-1.282360100000000001e-03	3.846021399999999951e-03
7.411126000000000000e+09	-1.277636900000000053e-03	3.863956699999999793e-03
7.411128429000000000e+09	-1.174776399999999908e-03	3.867509800000000150e-03
7.411130857000000000e+09	-1.173144199999999948e-03	3.914836599999999868e-03
7.411133286000000000e+09	-1.209505600000000030e-03	3.897155499999999974e-03
7.411135714000000000e+09	-1.227089900000000091e-03	3.871686699999999856e-03
7.411138143000000000e+09	-1.232161799999999903e-03	3.850201200000000212e-03
7.411140571000000000e+09	-1.236886499999999929e-03	3.877924100000000075e-03
7.411143000000000000e+09	-1.166111700000000079e-03	3.852364799999999888e-03
7.411145429000000000e+09	-1.261273600000000026e-03	3.850623899999999940e-03
7.411147857000000000e+09	-1.173410300000000050e-03	3.856477599999999853e-03
7.411150286000000000e+09	-1.209033100000000017e-03	3.868800800000000203e-03
7.411152714000000000e+09	-1.202038600000000096e-03	3.865201200000000035e-03
7.411155143000000000e+09	-1.213237499999999993e-03	3.842064499999999806e-03
7.411157571000000000e+09	-1.224177300000000006e-03	3.846604500000000166e-03
7.411160000000000000e+09	-1.208927500000000002e-03	3.875458799999999867e-03
7.411162429000000000e+09	-1.187724399999999948e-03	3.901515999999999838e-03
7.411164857000000000e+09	-1.220573400000000107e-03	3.874757800000000214e-03
7.411167286000000000e+09	-1.178684599999999926e-03	3.896111900000000152e-03
7.411169714000000000e+09	-1.165981900000000052e-03	3.834482299999999837e-03
7.411172143000000000e+09	-1.141047100000000102e-03	3.876430900000000027e-03
7.411174571000000000e+09	-1.085935400000000032e-03	3.907087400000000196e-03
7.411177000000000000e+09	-1.158125999999999991e-03	3.897644100000000056e-03
7.411179429000000000e+09	-1.141920299999999930e-03	3.872516199999999961e-03
7.411181857000000000e+09	-1.114676100000000026e-03	3.843888900000000039e-03
7.411184286000000000e+09	-1.150876799999999952e-03	3.886156200000000054e-03
7.411186714000000000e+09	-1.159363700000000082e-03	3.917852500000000050e-03
7.411189143000000000e+09	-1.200686399999999990e-03	3.879645499999999879e-03
7.411191571000000000e+09	-1.189126100000000019e-03	3.896953700000000114e-03
7.411194000000000000e+09	-1.124448699999999919e-03	3.852013999999999959e-03
7.411196429000000000e+09	-1.122027600000000038e-03	3.891788199999999826e-03
7.411198857000000000e+09	-1.139598599999999901e-03	3.845025299999999847e-03
7.411201286000000000e+09	-1.075730499999999956e-03	3.887165599999999922e-03
7.411203714000000000e+09	-1.137924499999999964e-03	3.822085600000000010e-03
7.411206143000000000e+09	-1.151412099999999912e-03	3.885361300000000039e-03
7.411208571000000000e+09	-1.088095399999999997e-03	3.910873700000000279e-03
7.411211000000000000e+09	-1.136550399999999980e-03	3.888752899999999967e-03
7.411213429000000000e+09	-1.078338700000000105e-03	3.875304100000000022e-03
7.411215857000000000e+09	-1.101426300000000070e-03	3.903969199999999824e-03
7.411218286000000000e+09	-1.083615399999999932e-03	3.873574299999999956e-03
7.411220714000000000e+09	-1.051110100000000099e-03	3.868285400000000089e-03
7.411223143000000000e+09	-1.053858699999999987e-03	3.927547800000000255e-03
7.411225571000000000e+09	-1.061679100000000086e-03	3.857868899999999848e-03
7.411228000000000000e+09	-1.092372000000000091e-03	3.885597299999999851e-03
7.411230429000000000e+09	-1.033454700000000078e-03	3.874425199999999986e-03
7.411232857000000000e+09	-1.078361799999999959e-03	3.860664499999999933e-03
7.411235286000000000e+09	-1.093277500000000091e-03	3.895232499999999945e-03
7.411237714000000000e+09	-1.097816300000000042e-03	3.891039199999999851e-03
7.411240143000000000e+09	-9.739489999999999953e-04	3.918369700000000344e-03
7.411242571000000000e+09	-1.072814600000000047e-03	3.903591399999999795e-03
7.411245000000000000e+09	-1.054453400000000037e-03	3.948180100000000387e-03
7.411247429000000000e+09	-1.069634199999999931e-03	3.846610700000000112e-03
7.411249857000000000e+09	-1.043080600000000037e-03	3.886415399999999971e-03
7.411252286000000000e+09	-1.027119200000000017e-03	3.969504399999999704e-03
7.411254714000000000e+09	-9.588386000000000391e-04	3.924577099999999874e-03
7.411257143000000000e+09	-9.242987999999999942e-04	3.979012500000000258e-03
7.411259571000000000e+09	-9.430384999999999462e-04	3.928110099999999882e-03
7.411262000000000000e+09	-1.026706999999999967e-03	3.877059799999999813e-03
7.411264429000000000e+09	-1.021202300000000019e-03	3.900318099999999875e-03
7.411266857000000000e+09	-9.885882999999999823e-04	3.917002999999999631e-03
7.411269286000000000e+09	-1.003946599999999906e-03	3.880128599999999820e-03
7.411271714000000000e+09	-9.749436999999999470e-04	3.886036099999999865e-03
7.411274143000000000e+09	-1.034512700000000040e-03	3.856750999999999843e-03
7.411276571000000000e+09	-9.599135000000000176e-04	3.897842099999999921e-03
7.411279000000000000e+09	-9.764784999999999784e-04	3.872782799999999800e-03
7.411281429000000000e+09	-9.231810999999999490e-04	3.907069600000000198e-03
7.411283857000000000e+09	-9.638227000000000513e-04	3.883549500000000199e-03
7.411286286000000000e+09	-1.029286099999999950e-03	3.884340400000000151e-03
7.411288714000000000e+09	-9.494465000000000109e-04	3.884119699999999918e-03
7.411291143000000000e+09	-9.963968999999999604e-04	3.903129500000000144e-03
7.411293571000000000e+09	-9.440708999999999603e-04	3.927300499999999625e-03
7.411296000000000000e+09	-9.768477999999999276e-04	3.929218200000000015e-03
7.411298429000000000e+09	-8.769542999999999870e-04	3.934165400000000021e-03
7.411300857000000000e+09	-8.616003000000000116e-04	3.920312500000000186e-03
7.411303286000000000e+09	-8.714232999999999615e-04	3.926793799999999876e-03
7.411305714000000000e+09	-9.104102000000000201e-04	3.972111900000000265e-03
7.411308143000000000e+09	-9.328258999999999553e-04	3.813278499999999977e-03
7.411310571000000000e+09	-9.127334000000000185e-04	3.932064499999999609e-03
7.411313000000000000e+09	-9.444501000000000328e-04	3.904859300000000210e-03
7.411315429000000000e+09	-9.207662000000000138e-04	3.927306999999999673e-03
7.411317857000000000e+09	-9.016735000000000331e-04	3.963561800000000267e-03
7.411320286000000000e+09	-8.581930000000000417e-04	3.986373399999999789e-03
7.411322714000000000e+09	-9.641132000000000174e-04	3.913917500000000001e-03
7.411325143000000000e+09	-8.851087000000000321e-04	3.944678600000000278e-03
7.411327571000000000e+09	-8.908370000000000091e-04	3.912189100000000412e-03
7.411330000000000000e+09	-8.881988999999999640e-04	3.819469800000000088e-03
7.411332429000000000e+09	-9.108793999999999919e-04	3.922922500000000298e-03
7.411334857000000000e+09	-9.063756999999999760e-04	3.902749799999999901e-03
7.411337286000000000e+09	-8.888003999999999480e-04	3.912228299999999902e-03
7.411339714000000000e+09	-8.293740000000000183e-04	3.934926000000000049e-03
7.411342143000000000e+09	-8.745746000000000206e-04	3.887772900000000149e-03
7.411344571000000000e+09	-9.055531999999999818e-04	3.950424299999999792e-03
7.411347000000000000e+09	-8.777029000000000428e-04	3.907325300000000223e-03
7.411349429000000000e+09	-8.646666000000000334e-04	3.899332299999999814e-03
7.411351857000000000e+09	-8.374946999999999557e-04	3.932327000000000218e-03
7.411354286000000000e+09	-8.398370999999999961e-04	3.906473500000000321e-03
7.411356714000000000e+09	-8.645280000000000412e-04	3.837010499999999810e-03
7.411359143000000000e+09	-8.544549000000000241e-04	3.883698399999999801e-03
7.411361571000000000e+09	-8.332339000000000455e-04	3.891410000000000095e-03
7.411364000000000000e+09	-8.435823000000000496e-04	3.933854199999999718e-03
7.411366429000000000e+09	-8.415226000000000260e-04	3.943764899999999650e-03
7.411368857000000000e+09	-8.057932000000000289e-04	3.925852100000000108e-03
7.411371286000000000e+09	-7.598820999999999527e-04	3.961184100000000007e-03
7.411373714000000000e+09	-8.259219999999999843e-04	3.925146200000000085e-03
7.411376143000000000e+09	-8.088939999999999976e-04	3.879451800000000179e-03
7.411378571000000000e+09	-8.283629000000000036e-04	3.892779700000000096e-03
7.411381000000000000e+09	-8.316149000000000327e-04	3.934657700000000063e-03
7.411383429000000000e+09	-8.140854000000000102e-04	3.902139900000000088e-03
7.411385857000000000e+09	-7.559335000000000360e-04	3.937053799999999659e-03
7.411388286000000000e+09	-8.814034000000000322e-04	3.924259000000000254e-03
7.411390714000000000e+09	-8.140989999999999858e-04	3.950081599999999589e-03
7.411393143000000000e+09	-7.631746000000000233e-04	3.903804199999999936e-03
7.411395571000000000e+09	-8.342738000000000150e-04	3.886018900000000071e-03
7.411398000000000000e+09	-8.133107000000000530e-04	3.897123199999999801e-03
7.411400429000000000e+09	-8.216004000000000492e-04	3.929745200000000181e-03
7.411402857000000000e+09	-7.459285999999999651e-04	3.917275999999999918e-03
7.411405286000000000e+09	-7.594881999999999632e-04	3.960692400000000168e-03
7.411407714000000000e+09	-7.533705000000000132e-04	3.936476399999999654e-03
7.411410143000000000e+09	-7.904661000000000109e-04	3.918956000000000349e-03
7.411412571000000000e+09	-7.811381999999999744e-04	3.915224699999999940e-03
7.411415000000000000e+09	-8.063658999999999497e-04	3.917945400000000071e-03
7.411417429000000000e+09	-7.508674999999999594e-04	3.937396899999999998e-03
7.411419857000000000e+09	-7.303494999999999909e-04	3.959505900000000189e-03
7.411422286000000000e+09	-7.096621000000000439e-04	3.944429699999999969e-03
7.411424714000000000e+09	-7.187149000000000532e-04	3.871491800000000181e-03
7.411427143000000000e+09	-6.930432000000000259e-04	3.901023100000000025e-03
7.411429571000000000e+09	-7.296247999999999536e-04	3.891034299999999915e-03
7.411432000000000000e+09	-7.032504000000000186e-04	3.927361199999999941e-03
7.411434429000000000e+09	-7.240725000000000373e-04	3.871031200000000106e-03
7.411436857000000000e+09	-7.640248000000000308e-04	3.896760300000000083e-03
7.411439286000000000e+09	-7.479869000000000535e-04	3.919062899999999940e-03
7.411441714000000000e+09	-7.472113000000000062e-04	3.911646799999999799e-03
7.411444143000000000e+09	-7.160285000000000174e-04	3.894925000000000036e-03
7.411446571000000000e+09	-7.053600999999999621e-04	3.919844399999999722e-03
7.411449000000000000e+09	-6.242867999999999942e-04	3.910873300000000143e-03
7.411451429000000000e+09	-6.989210999999999514e-04	3.943526200000000217e-03
7.411453857000000000e+09	-7.095418000000000038e-04	3.913677800000000227e-03
7.411456286000000000e+09	-6.685801999999999587e-04	3.901813200000000138e-03
7.411458714000000000e+09	-7.280760999999999527e-04	3.877593899999999798e-03
7.411461143000000000e+09	-6.978247000000000139e-04	3.898038600000000142e-03
7.411463571000000000e+09	-6.093774999999999843e-04	3.976141499999999614e-03
7.411466000000000000e+09	-6.014411000000000106e-04	3.990217800000000169e-03
7.411468429000000000e+09	-5.721088000000000475e-04	3.962138500000000202e-03
7.411470857000000000e+09	-6.151562000000000176e-04	3.883966400000000117e-03
7.411473286000000000e+09	-6.633287000000000514e-04	3.896660799999999980e-03
7.411475714000000000e+09	-6.780776000000000078e-04	3.943669000000000341e-03
7.411478143000000000e+09	-6.710320000000000087e-04	3.926711500000000001e-03
7.411480571000000000e+09	-6.817257000000000178e-04	3.940559100000000196e-03
7.411483000000000000e+09	-6.585487999999999585e-04	3.977453300000000254e-03
7.411485429000000000e+09	-6.276552000000000346e-04	3.940552600000000148e-03
7.411487857000000000e+09	-6.629690000000000149e-04	3.933646899999999717e-03
7.411490286000000000e+09	-6.227264000000000150e-04	3.900684199999999817e-03
7.411492714000000000e+09	-6.419985999999999488e-04	3.914325500000000353e-03
7.411495143000000000e+09	-6.162716999999999631e-04	3.879500599999999907e-03
7.411497571000000000e+09	-5.898391999999999481e-04	3.916563500000000246e-03
7.411500000000000000e+09	-6.153130999999999618e-04	3.903894399999999903e-03
7.411502429000000000e+09	-5.575708000000000183e-04	3.890924699999999837e-03
7.411504857000000000e+09	-6.176734999999999604e-04	3.952293100000000420e-03
7.411507286000000000e+09	-5.928052000000000278e-04	3.934356299999999633e-03
7.411509714000000000e+09	-5.432549999999999749e-04	3.934351200000000062e-03
7.411512143000000000e+09	-5.858017999999999992e-04	3.915380900000000296e-03
7.411514571000000000e+09	-5.727390999999999862e-04	3.950392700000000291e-03
7.411517000000000000e+09	-4.892146999999999902e-04	3.962487100000000248e-03
7.411519429000000000e+09	-5.359368000000000421e-04	3.881571199999999961e-03
7.411521857000000000e+09	-5.324614000000000517e-04	3.923424200000000077e-03
7.411524286000000000e+09	-5.782769000000000537e-04	3.915600299999999652e-03
7.411526714000000000e+09	-5.394227000000000353e-04	3.924399400000000426e-03
7.411529143000000000e+09	-5.371911999999999738e-04	3.960724700000000341e-03
7.411531571000000000e+09	-5.123429000000000308e-04	3.940813100000000076e-03
7.411534000000000000e+09	-4.913759000000000399e-04	3.925429099999999845e-03
7.411536429000000000e+09	-6.463719999999999839e-04	3.908066699999999775e-03
7.411538857000000000e+09	-5.349006000000000333e-04	3.902396600000000021e-03
7.411541286000000000e+09	-5.221895000000000052e-04	3.937112500000000161e-03
7.411543714000000000e+09	-5.318967000000000400e-04	3.886144299999999899e-03
7.411546143000000000e+09	-5.193380000000000479e-04	3.935379000000000134e-03
7.411548571000000000e+09	-4.409910999999999866e-04	3.970291299999999593e-03
7.411551000000000000e+09	-5.863897000000000076e-04	3.874948100000000055e-03
7.411553429000000000e+09	-5.695563999999999532e-04	3.999265499999999848e-03
7.411555857000000000e+09	-5.269736000000000125e-04	3.889314999999999960e-03
7.411558286000000000e+09	-4.825531000000000200e-04	3.940195100000000103e-03
7.411560714000000000e+09	-4.589395000000000128e-04	3.932113499999999838e-03
7.411563143000000000e+09	-5.441727000000000153e-04	3.881891599999999932e-03
7.411565571000000000e+09	-5.232731999999999488e-04	3.894783299999999854e-03
7.411568000000000000e+09	-4.566854999999999764e-04	3.888529400000000080e-03
7.411570429000000000e+09	-4.562721999999999850e-04	3.995987000000000323e-03
7.411572857000000000e+09	-5.301147999999999885e-04	3.956785499999999726e-03
7.411575286000000000e+09	-4.597402999999999798e-04	3.907093599999999708e-03
7.411577714000000000e+09	-4.730293000000000215e-04	3.904294999999999901e-03
7.411580143000000000e+09	-4.751352000000000244e-04	3.927123099999999846e-03
7.411582571000000000e+09	-4.891010999999999579e-04	3.967896999999999744e-03
7.411585000000000000e+09	-4.526705000000000225e-04	3.880121399999999967e-03
7.411587429000000000e+09	-4.407794999999999834e-04	3.915095000000000380e-03
7.411589857000000000e+09	-4.440620999999999848e-04	3.895042699999999841e-03
7.411592286000000000e+09	-4.466531999999999946e-04	3.931782899999999858e-03
7.411594714000000000e+09	-4.450101000000000035e-04	3.967014900000000351e-03
7.411597143000000000e+09	-5.369930000000000406e-04	3.925544100000000029e-03
7.411599571000000000e+09	-4.521144999999999960e-04	3.892209700000000012e-03
7.411602000000000000e+09	-4.658053999999999906e-04	3.962372199999999664e-03
7.411604429000000000e+09	-4.433226999999999762e-04	4.000175899999999785e-03
7.411606857000000000e+09	-4.408476999999999838e-04	3.905899100000000037e-03
7.411609286000000000e+09	-4.371422000000000242e-04	3.953932200000000348e-03
7.411611714000000000e+09	-4.135491000000000145e-04	3.936970700000000378e-03
7.411614143000000000e+09	-3.992051999999999840e-04	3.940940999999999889e-03
7.411616571000000000e+09	-3.505857999999999934e-04	3.934617399999999765e-03
7.411619000000000000e+09	-4.149191999999999898e-04	3.928682499999999918e-03
7.411621429000000000e+09	-4.000723000000000083e-04	3.868306299999999844e-03
7.411623857000000000e+09	-4.410012999999999954e-04	3.876706299999999831e-03
7.411626286000000000e+09	-3.493413000000000226e-04	3.962488899999999994e-03
7.411628714000000000e+09	-4.197833999999999897e-04	3.870275800000000117e-03
7.411631143000000000e+09	-3.702981999999999845e-04	3.935568300000000068e-03
7.411633571000000000e+09	-3.783268999999999911e-04	3.944795800000000345e-03
7.411636000000000000e+09	-3.833757999999999827e-04	3.925045799999999675e-03
7.411638429000000000e+09	-3.967156999999999802e-04	3.909622199999999818e-03
7.411640857000000000e+09	-3.519942999999999987e-04	3.934250000000000247e-03
7.411643286000000000e+09	-3.632547999999999767e-04	3.912852100000000118e-03
7.411645714000000000e+09	-3.565179000000000243e-04	3.880597099999999987e-03
7.411648143000000000e+09	-3.118602000000000266e-04	3.951813799999999606e-03
7.411650571000000000e+09	-3.541818000000000180e-04	3.894100399999999868e-03
7.411653000000000000e+09	-3.933235000000000095e-04	3.913265600000000177e-03
7.411655429000000000e+09	-3.223424000000000124e-04	3.949498499999999808e-03
7.411657857000000000e+09	-3.512065000000000195e-04	3.959886800000000408e-03
7.411660286000000000e+09	-3.954036999999999765e-04	3.928351099999999665e-03
7.411662714000000000e+09	-3.193482000000000200e-04	3.946957200000000138e-03
7.411665143000000000e+09	-3.375248999999999979e-04	3.922092400000000423e-03
7.411667571000000000e+09	-2.969989000000000136e-04	3.983070800000000286e-03
7.411670000000000000e+09	-3.327213999999999888e-04	3.917612800000000277e-03
7.411672429000000000e+09	-3.680247000000000206e-04	3.921902700000000352e-03
7.411674857000000000e+09	-3.717654000000000032e-04	3.871933299999999814e-03
7.411677286000000000e+09	-3.465769000000000055e-04	3.854748800000000128e-03
7.411679714000000000e+09	-3.513693000000000241e-04	3.945442199999999594e-03
7.411682143000000000e+09	-3.041922999999999979e-04	3.925378000000000200e-03
7.411684571000000000e+09	-2.691258999999999774e-04	3.920359800000000269e-03
7.411687000000000000e+09	-3.032056999999999895e-04	3.895347200000000027e-03
7.411689429000000000e+09	-3.251099999999999823e-04	3.910992799999999693e-03
7.411691857000000000e+09	-2.737910000000000083e-04	3.938920099999999869e-03
7.411694286000000000e+09	-2.703356000000000075e-04	3.925672199999999910e-03
7.411696714000000000e+09	-2.482912999999999787e-04	3.893437000000000026e-03
7.411699143000000000e+09	-1.744340000000000040e-04	3.857671699999999822e-03
7.411701571000000000e+09	-3.086769999999999857e-04	3.858750499999999937e-03
7.411704000000000000e+09	-2.936917000000000260e-04	3.919057999999999570e-03
7.411706429000000000e+09	-2.555812999999999987e-04	3.918691099999999788e-03
7.411708857000000000e+09	-2.689057000000000231e-04	3.878246299999999792e-03
7.411711286000000000e+09	-2.195966000000000042e-04	3.902021900000000182e-03
7.411713714000000000e+09	-2.855250000000000149e-04	3.939279399999999660e-03
7.411716143000000000e+09	-2.605455999999999809e-04	3.902259400000000072e-03
7.411718571000000000e+09	-1.727843999999999919e-04	3.894282099999999813e-03
7.411721000000000000e+09	-2.621659000000000034e-04	3.957724999999999611e-03
7.411723429000000000e+09	-2.726777999999999797e-04	3.922815300000000172e-03
7.411725857000000000e+09	-2.564927999999999848e-04	3.866997599999999827e-03
7.411728286000000000e+09	-2.841699999999999847e-04	3.910300299999999903e-03
7.411730714000000000e+09	-2.452983999999999959e-04	3.912477099999999743e-03
7.411733143000000000e+09	-1.927338000000000011e-04	3.920003499999999766e-03
7.411735571000000000e+09	-2.046460000000000054e-04	3.912302500000000051e-03
7.411738000000000000e+09	-2.278213000000000070e-04	3.905975400000000035e-03
7.411740429000000000e+09	-1.928850999999999873e-04	3.925663700000000048e-03
7.411742857000000000e+09	-1.997515000000000000e-04	3.893258200000000203e-03
7.411745286000000000e+09	-2.009741000000000110e-04	3.882671299999999968e-03
7.411747714000000000e+09	-2.265444999999999991e-04	3.920444500000000096e-03
7.411750143000000000e+09	-1.925628999999999991e-04	3.881906300000000174e-03
7.411752571000000000e+09	-1.683171000000000016e-04	3.891648799999999995e-03
7.411755000000000000e+09	-1.941242999999999940e-04	3.877648599999999803e-03
7.411757429000000000e+09	-1.871370999999999874e-04	3.886800000000000151e-03
7.411759857000000000e+09	-1.368651999999999987e-04	3.901841100000000111e-03
7.411762286000000000e+09	-1.406775000000000028e-04	3.895978500000000198e-03
7.411764714000000000e+09	-1.788357999999999929e-04	3.887216399999999898e-03
7.411767143000000000e+09	-2.169553000000000063e-04	3.822912400000000061e-03
7.411769571000000000e+09	-1.998734999999999965e-04	3.876691399999999954e-03
7.411772000000000000e+09	-1.662517999999999928e-04	3.903198200000000152e-03
7.411774429000000000e+09	-1.232302999999999914e-04	3.895515699999999807e-03
7.411776857000000000e+09	-1.363771000000000059e-04	3.886170400000000125e-03
7.411779286000000000e+09	-1.192960000000000044e-04	3.887875600000000043e-03
7.411781714000000000e+09	-9.224229999999999604e-05	3.919790799999999659e-03
7.411784143000000000e+09	-8.752649999999999623e-05	3.888954000000000022e-03
7.411786571000000000e+09	-1.282083000000000105e-04	3.921967099999999762e-03
7.411789000000000000e+09	-3.814369999999999870e-05	3.860833499999999884e-03
7.411791429000000000e+09	-1.350156999999999887e-04	3.887575099999999919e-03
7.411793857000000000e+09	-1.082948000000000054e-04	3.888597799999999986e-03
7.411796286000000000e+09	-1.173455999999999967e-04	3.889432099999999993e-03
7.411798714000000000e+09	-1.068780999999999957e-04	3.862666199999999911e-03
7.411801143000000000e+09	-9.940469999999999374e-05	3.947070999999999913e-03
7.411803571000000000e+09	-1.133161000000000042e-04	3.899341100000000213e-03
7.411806000000000000e+09	-8.908269999999999329e-05	3.873406800000000084e-03
7.411808429000000000e+09	-3.980700000000000021e-05	3.904214999999999942e-03
7.411810857000000000e+09	-9.776820000000000356e-05	3.896039100000000047e-03
7.411813286000000000e+09	-1.306462000000000096e-04	3.812743099999999982e-03
7.411815714000000000e+09	-5.492630000000000299e-05	3.872712700000000181e-03
7.411818143000000000e+09	-7.810979999999999540e-05	3.893329400000000197e-03
7.411820571000000000e+09	-8.739589999999999447e-05	3.907523999999999893e-03
7.411823000000000000e+09	-9.709909999999999331e-05	3.860298399999999991e-03
7.411825429000000000e+09	-8.171600000000000163e-05	3.905102699999999944e-03
7.411827857000000000e+09	-7.337880000000000292e-05	3.836826199999999847e-03
7.411830286000000000e+09	-7.673279999999999825e-05	3.853983499999999798e-03
7.411832714000000000e+09	-8.153880000000000611e-05	3.842409099999999789e-03
7.411835143000000000e+09	1.716550000000000023e-05	3.874128799999999959e-03
7.411837571000000000e+09	-2.439100000000000076e-05	3.873518800000000113e-03
7.411840000000000000e+09	-1.297890000000000037e-05	3.831228900000000197e-03
7.411842429000000000e+09	1.205580000000000068e-05	3.852048600000000048e-03
7.411844857000000000e+09	-9.451589999999999406e-05	3.841926500000000019e-03
7.411847286000000000e+09	-8.252200000000000374e-06	3.875035399999999901e-03
7.411849714000000000e+09	-5.058179999999999740e-05	3.903401999999999827e-03
7.411852143000000000e+09	-7.596109999999999343e-05	3.881594500000000100e-03
7.411854571000000000e+09	-1.936320000000000123e-05	3.932190200000000406e-03
7.411857000000000000e+09	1.892649999999999912e-05	3.921660300000000092e-03
7.411859429000000000e+09	-3.529409999999999807e-05	3.881894900000000190e-03
7.411861857000000000e+09	6.125949999999999852e-05	3.843163699999999940e-03
7.411864286000000000e+09	-2.818559999999999997e-05	3.830383200000000207e-03
7.411866714000000000e+09	1.138789999999999985e-05	3.892135599999999897e-03
7.411869143000000000e+09	8.291259999999999624e-05	3.856241800000000108e-03
7.411871571000000000e+09	1.427600000000000104e-06	3.909144699999999618e-03
7.411874000000000000e+09	-1.575180000000000053e-05	3.871649600000000215e-03
7.411876429000000000e+09	2.332330000000000080e-05	3.836929000000000207e-03
7.411878857000000000e+09	7.384780000000000131e-05	3.912191500000000363e-03
7.411881286000000000e+09	1.336940000000000112e-04	3.902926299999999807e-03
7.411883714000000000e+09	1.158863000000000021e-04	3.876333300000000138e-03
7.411886143000000000e+09	1.029389000000000047e-04	3.866168799999999961e-03
7.411888571000000000e+09	5.014150000000000096e-05	3.889822800000000084e-03
7.411891000000000000e+09	7.713549999999999357e-05	3.834785299999999945e-03
7.411893429000000000e+09	8.081599999999999331e-05	3.851508500000000185e-03
7.411895857000000000e+09	3.381520000000000109e-05	3.836064799999999980e-03
7.411898286000000000e+09	6.191440000000000474e-05	3.883544899999999932e-03
7.411900714000000000e+09	1.302182999999999997e-04	3.844787200000000186e-03
7.411903143000000000e+09	1.926626000000000076e-04	3.901601900000000074e-03
7.411905571000000000e+09	1.503572000000000112e-04	3.888078100000000141e-03
7.411908000000000000e+09	1.222394999999999873e-04	3.902630600000000019e-03
7.411910429000000000e+09	9.829380000000000409e-05	3.878507900000000095e-03
7.411912857000000000e+09	8.937059999999999438e-05	3.860363300000000004e-03
7.411915286000000000e+09	4.546749999999999793e-05	3.871079999999999834e-03
7.411917714000000000e+09	8.643400000000000627e-05	3.793146099999999878e-03
7.411920143000000000e+09	1.110661000000000038e-04	3.826750600000000061e-03
7.411922571000000000e+09	1.372679000000000076e-04	3.884995799999999867e-03
7.411925000000000000e+09	1.120471999999999934e-04	3.885045800000000004e-03
7.411927429000000000e+09	1.755558000000000108e-04	3.879445500000000199e-03
7.411929857000000000e+09	1.594787000000000017e-04	3.854651900000000044e-03
7.411932286000000000e+09	1.062005999999999942e-04	3.835696500000000154e-03
7.411934714000000000e+09	5.641470000000000046e-05	3.847610100000000040e-03
7.411937143000000000e+09	7.090839999999999351e-05	3.796764099999999816e-03
7.411939571000000000e+09	1.346379999999999940e-04	3.938155900000000348e-03
7.411942000000000000e+09	1.392041999999999911e-04	3.818733300000000039e-03
7.411944429000000000e+09	1.820621999999999930e-04	3.856692300000000208e-03
7.411946857000000000e+09	2.093025000000000040e-04	3.858422399999999943e-03
7.411949286000000000e+09	1.714440000000000072e-04	3.903382500000000116e-03
7.411951714000000000e+09	1.920370999999999981e-04	3.824499400000000004e-03
7.411954143000000000e+09	2.302626000000000000e-04	3.798295900000000017e-03
7.411956571000000000e+09	1.785765999999999938e-04	3.817907399999999861e-03
7.411959000000000000e+09	2.026271999999999969e-04	3.860668700000000064e-03
7.411961429000000000e+09	1.822057000000000028e-04	3.876188400000000166e-03
7.411963857000000000e+09	1.965815999999999950e-04	3.807043899999999845e-03
7.411966286000000000e+09	1.636867999999999928e-04	3.817439100000000196e-03
7.411968714000000000e+09	1.450781999999999961e-04	3.838878999999999903e-03
7.411971143000000000e+09	2.484275999999999997e-04	3.853264600000000113e-03
7.411973571000000000e+09	2.005002999999999885e-04	3.908280200000000155e-03
7.411976000000000000e+09	2.253820999999999982e-04	3.820751800000000108e-03
7.411978429000000000e+09	1.780889000000000018e-04	3.884729400000000096e-03
7.411980857000000000e+09	2.535351000000000249e-04	3.798635900000000166e-03
7.411983286000000000e+09	1.954140999999999897e-04	3.828520199999999821e-03
7.411985714000000000e+09	2.829803999999999783e-04	3.847395200000000050e-03
7.411988143000000000e+09	1.970080000000000084e-04	3.824344099999999955e-03
7.411990571000000000e+09	1.901267000000000105e-04	3.832183099999999891e-03
7.411993000000000000e+09	2.468662000000000048e-04	3.869290499999999793e-03
7.411995429000000000e+09	2.609617000000000056e-04	3.787169899999999825e-03
7.411997857000000000e+09	3.123002999999999955e-04	3.819951199999999884e-03
7.412000286000000000e+09	2.294750999999999876e-04	3.789911999999999882e-03
7.412002714000000000e+09	2.694198000000000187e-04	3.854738800000000187e-03
7.412005143000000000e+09	2.391899000000000119e-04	3.843257100000000131e-03
7.412007571000000000e+09	2.755998000000000172e-04	3.815180499999999784e-03
7.412010000000000000e+09	2.980572000000000234e-04	3.815047800000000069e-03
7.412012429000000000e+09	2.562317000000000154e-04	3.846042699999999842e-03
7.412014857000000000e+09	2.979025999999999961e-04	3.830932600000000205e-03
7.412017286000000000e+09	2.917133000000000248e-04	3.796919199999999796e-03
7.412019714000000000e+09	2.929739000000000106e-04	3.813236099999999830e-03
7.412022143000000000e+09	3.315066999999999884e-04	3.794639800000000097e-03
7.412024571000000000e+09	3.186504999999999741e-04	3.808139099999999916e-03
7.412027000000000000e+09	3.346794000000000266e-04	3.766304600000000037e-03
7.412029429000000000e+09	3.727684000000000206e-04	3.795727500000000212e-03
7.412031857000000000e+09	3.455576000000000134e-04	3.815250100000000099e-03
7.412034286000000000e+09	2.985010000000000072e-04	3.819920699999999891e-03
7.412036714000000000e+09	2.937385999999999730e-04	3.822957100000000125e-03
7.412039143000000000e+09	3.004697000000000075e-04	3.852108600000000126e-03
7.412041571000000000e+09	3.379309999999999736e-04	3.826485100000000163e-03
7.412044000000000000e+09	3.590509999999999882e-04	3.813558999999999786e-03
7.412046429000000000e+09	3.291068999999999982e-04	3.754162100000000158e-03
7.412048857000000000e+09	3.372951000000000226e-04	3.742130199999999830e-03
7.412051286000000000e+09	3.845842999999999831e-04	3.818155399999999863e-03
7.412053714000000000e+09	3.871281000000000179e-04	3.796161799999999992e-03
7.412056143000000000e+09	3.229705000000000141e-04	3.791678900000000022e-03
7.412058571000000000e+09	4.332747999999999873e-04	3.832119299999999819e-03
7.412061000000000000e+09	3.421435000000000014e-04	3.892541600000000001e-03
7.412063429000000000e+09	3.312133000000000091e-04	3.808561199999999872e-03
7.412065857000000000e+09	3.506011999999999866e-04	3.795881200000000150e-03
7.412068286000000000e+09	4.049529999999999970e-04	3.867339799999999859e-03
7.412070714000000000e+09	4.556100999999999901e-04	3.804818499999999912e-03
7.412073143000000000e+09	4.402402000000000138e-04	3.778463499999999871e-03
7.412075571000000000e+09	3.778308999999999878e-04	3.811162299999999985e-03
7.412078000000000000e+09	3.800947999999999848e-04	3.761626399999999822e-03
7.412080429000000000e+09	4.448394999999999953e-04	3.751866700000000207e-03
7.412082857000000000e+09	4.366312000000000014e-04	3.790923500000000033e-03
7.412085286000000000e+09	3.864663999999999968e-04	3.746622700000000038e-03
7.412087714000000000e+09	3.798561999999999902e-04	3.807389200000000067e-03
7.412090143000000000e+09	3.776927000000000235e-04	3.832155099999999884e-03
7.412092571000000000e+09	4.535381000000000004e-04	3.816869100000000112e-03
7.412095000000000000e+09	4.407427000000000111e-04	3.802115300000000111e-03
7.412097429000000000e+09	4.606549999999999729e-04	3.785335400000000051e-03
7.412099857000000000e+09	4.413093000000000202e-04	3.798185800000000202e-03
7.412102286000000000e+09	4.362025999999999968e-04	3.783599800000000176e-03
7.412104714000000000e+09	4.302318999999999762e-04	3.811558999999999954e-03
7.412107143000000000e+09	4.300981999999999744e-04	3.753391100000000053e-03
7.412109571000000000e+09	4.575509999999999972e-04	3.821551700000000093e-03
7.412112000000000000e+09	4.356790000000000142e-04	3.798545200000000028e-03
7.412114429000000000e+09	4.668661000000000057e-04	3.798916900000000145e-03
7.412116857000000000e+09	5.115595999999999598e-04	3.759208500000000164e-03
7.412119286000000000e+09	4.608912999999999964e-04	3.780869499999999807e-03
7.412121714000000000e+09	4.963495999999999750e-04	3.792756699999999797e-03
7.412124143000000000e+09	5.047604999999999930e-04	3.774013000000000107e-03
7.412126571000000000e+09	4.873661000000000161e-04	3.756925500000000105e-03
7.412129000000000000e+09	5.100728000000000336e-04	3.745088399999999852e-03
7.412131429000000000e+09	4.960014999999999910e-04	3.772605300000000158e-03
7.412133857000000000e+09	5.018530000000000213e-04	3.726871300000000192e-03
7.412136286000000000e+09	5.140096000000000465e-04	3.756928999999999998e-03
7.412138714000000000e+09	4.749178999999999749e-04	3.790224699999999829e-03
7.412141143000000000e+09	4.919609000000000351e-04	3.797737700000000053e-03
7.412143571000000000e+09	5.155096000000000287e-04	3.712551000000000132e-03
7.412146000000000000e+09	5.189689999999999841e-04	3.766061900000000108e-03
7.412148429000000000e+09	5.239227999999999637e-04	3.759377300000000047e-03
7.412150857000000000e+09	5.210479999999999756e-04	3.782053400000000200e-03
7.412153286000000000e+09	5.131854000000000146e-04	3.732539600000000200e-03
7.412155714000000000e+09	5.701261000000000436e-04	3.690855199999999899e-03
7.412158143000000000e+09	5.705369999999999756e-04	3.729220499999999841e-03
7.412160571000000000e+09	5.742463999999999642e-04	3.730168299999999954e-03
7.412163000000000000e+09	5.246619000000000326e-04	3.797934499999999942e-03
7.412165429000000000e+09	5.751458000000000525e-04	3.755868600000000085e-03
7.412167857000000000e+09	5.753185999999999977e-04	3.763941700000000053e-03
7.412170286000000000e+09	6.026026999999999556e-04	3.723296100000000105e-03
7.412172714000000000e+09	5.689917000000000499e-04	3.720657200000000112e-03
7.412175143000000000e+09	5.704145000000000526e-04	3.750565700000000214e-03
7.412177571000000000e+09	5.777961999999999551e-04	3.762498400000000107e-03
7.412180000000000000e+09	5.676993999999999877e-04	3.787946600000000139e-03
7.412182429000000000e+09	5.812864000000000052e-04	3.710054099999999990e-03
7.412184857000000000e+09	5.852503000000000436e-04	3.769797400000000215e-03
7.412187286000000000e+09	5.836475000000000257e-04	3.715050399999999826e-03
7.412189714000000000e+09	6.403564999999999735e-04	3.755916499999999939e-03
7.412192143000000000e+09	5.912168000000000414e-04	3.738562200000000030e-03
7.412194571000000000e+09	6.225151999999999856e-04	3.719725699999999920e-03
7.412197000000000000e+09	6.609492999999999705e-04	3.706943400000000007e-03
7.412199429000000000e+09	6.932937000000000127e-04	3.766385200000000200e-03
7.412201857000000000e+09	6.659147000000000026e-04	3.705527799999999965e-03
7.412204286000000000e+09	6.027989999999999998e-04	3.720576199999999813e-03
7.412206714000000000e+09	6.648547000000000094e-04	3.722105700000000097e-03
7.412209143000000000e+09	6.765376000000000462e-04	3.679664200000000093e-03
7.412211571000000000e+09	6.469531999999999844e-04	3.747996200000000035e-03
7.412214000000000000e+09	6.985732999999999613e-04	3.735298699999999982e-03
7.412216429000000000e+09	6.742078999999999997e-04	3.739565800000000089e-03
7.412218857000000000e+09	6.915238000000000418e-04	3.703912299999999845e-03
7.412221286000000000e+09	6.880792999999999632e-04	3.732561399999999828e-03
7.412223714000000000e+09	7.517439000000000109e-04	3.753718499999999809e-03
7.412226143000000000e+09	6.494209000000000353e-04	3.716627200000000193e-03
7.412228571000000000e+09	6.668746000000000135e-04	3.741024400000000048e-03
7.412231000000000000e+09	6.243305000000000425e-04	3.670816199999999991e-03
7.412233429000000000e+09	7.317734000000000434e-04	3.753409100000000120e-03
7.412235857000000000e+09	7.100369999999999512e-04	3.754821599999999971e-03
7.412238286000000000e+09	7.206226999999999945e-04	3.660014400000000199e-03
7.412240714000000000e+09	7.213595000000000380e-04	3.717206299999999911e-03
7.412243143000000000e+09	7.215233999999999840e-04	3.750362299999999809e-03
7.412245571000000000e+09	7.288948999999999862e-04	3.741144599999999838e-03
7.412248000000000000e+09	7.145769999999999856e-04	3.690210199999999826e-03
7.412250429000000000e+09	7.259115000000000446e-04	3.714471899999999879e-03
7.412252857000000000e+09	6.901942000000000537e-04	3.644131200000000174e-03
7.412255286000000000e+09	7.436329999999999460e-04	3.746335800000000216e-03
7.412257714000000000e+09	7.479097999999999996e-04	3.712125000000000147e-03
7.412260143000000000e+09	6.721165000000000082e-04	3.694254799999999953e-03
7.412262571000000000e+09	7.383096000000000233e-04	3.763792299999999848e-03
7.412265000000000000e+09	7.728505000000000097e-04	3.709352799999999801e-03
7.412267429000000000e+09	7.382658000000000493e-04	3.725919099999999880e-03
7.412269857000000000e+09	7.553438999999999900e-04	3.705415799999999937e-03
7.412272286000000000e+09	7.711496999999999666e-04	3.681757500000000082e-03
7.412274714000000000e+09	7.835668999999999534e-04	3.700497699999999879e-03
7.412277143000000000e+09	7.911961000000000124e-04	3.757958200000000113e-03
7.412279571000000000e+09	7.348523000000000251e-04	3.720368200000000007e-03
7.412282000000000000e+09	7.907489999999999875e-04	3.656969200000000000e-03
7.412284429000000000e+09	7.732347999999999782e-04	3.654630800000000131e-03
7.412286857000000000e+09	7.914038999999999666e-04	3.706828100000000153e-03
7.412289286000000000e+09	7.667311000000000222e-04	3.676411699999999894e-03
7.412291714000000000e+09	8.418654000000000458e-04	3.752372800000000185e-03
7.412294143000000000e+09	7.808742999999999717e-04	3.678533099999999924e-03
7.412296571000000000e+09	7.908398000000000511e-04	3.679862199999999958e-03
7.412299000000000000e+09	8.019438000000000044e-04	3.715438299999999829e-03
7.412301429000000000e+09	8.072262000000000404e-04	3.757561200000000042e-03
7.412303857000000000e+09	8.374092999999999988e-04	3.636105299999999822e-03
7.412306286000000000e+09	8.020291999999999612e-04	3.681422800000000006e-03
7.412308714000000000e+09	8.213959999999999534e-04	3.642647399999999862e-03
7.412311143000000000e+09	8.190323000000000221e-04	3.678005299999999918e-03
7.412313571000000000e+09	8.330616000000000540e-04	3.713638600000000213e-03
7.412316000000000000e+09	7.839121999999999583e-04	3.712272400000000104e-03
7.412318429000000000e+09	7.940361999999999854e-04	3.648832199999999925e-03
7.412320857000000000e+09	8.347028999999999734e-04	3.689482300000000107e-03
7.412323286000000000e+09	8.536375000000000343e-04	3.688009700000000144e-03
7.412325714000000000e+09	7.659772000000000022e-04	3.708068100000000162e-03
7.412328143000000000e+09	8.582753000000000257e-04	3.657700600000000045e-03
7.412330571000000000e+09	8.579559999999999964e-04	3.643389899999999789e-03
7.412333000000000000e+09	8.249283000000000483e-04	3.661564400000000101e-03
7.412335429000000000e+09	8.806061999999999917e-04	3.676810100000000008e-03
7.412337857000000000e+09	9.101563999999999922e-04	3.650808800000000017e-03
7.412340286000000000e+09	8.592196999999999552e-04	3.597757100000000072e-03
7.412342714000000000e+09	8.690892000000000409e-04	3.674235300000000190e-03
7.412345143000000000e+09	8.886226000000000324e-04	3.657850600000000021e-03
7.412347571000000000e+09	8.815722999999999485e-04	3.618698799999999893e-03
7.412350000000000000e+09	8.915585999999999650e-04	3.641072799999999811e-03
7.412352429000000000e+09	8.763243999999999678e-04	3.652563100000000198e-03
7.412354857000000000e+09	8.589480000000000032e-04	3.658743299999999993e-03
7.412357286000000000e+09	9.256976000000000527e-04	3.682121400000000142e-03
7.412359714000000000e+09	8.682047999999999719e-04	3.646474399999999946e-03
7.412362143000000000e+09	9.694588000000000294e-04	3.712065599999999840e-03
7.412364571000000000e+09	9.637760999999999897e-04	3.619477399999999987e-03
7.412367000000000000e+09	9.332041000000000121e-04	3.645971500000000191e-03
7.412369429000000000e+09	9.515431999999999666e-04	3.614429399999999869e-03
7.412371857000000000e+09	9.367887000000000523e-04	3.634065899999999998e-03
7.412374286000000000e+09	9.263327000000000019e-04	3.634923200000000042e-03
7.412376714000000000e+09	9.401109999999999849e-04	3.673302600000000022e-03
7.412379143000000000e+09	9.415444000000000244e-04	3.653304200000000081e-03
7.412381571000000000e+09	9.610366999999999868e-04	3.642647100000000193e-03
7.412384000000000000e+09	9.607314999999999952e-04	3.612001799999999940e-03
7.412386429000000000e+09	9.827912000000000713e-04	3.608948299999999946e-03
7.412388857000000000e+09	9.763353999999999696e-04	3.583523999999999824e-03
7.412391286000000000e+09	9.501450000000000043e-04	3.568414499999999958e-03
7.412393714000000000e+09	9.729714000000000201e-04	3.622436799999999985e-03
7.412396143000000000e+09	1.011329899999999921e-03	3.627960899999999825e-03
7.412398571000000000e+09	9.864007999999999630e-04	3.575256100000000214e-03
7.412401000000000000e+09	9.624126000000000425e-04	3.602747600000000099e-03
7.412403429000000000e+09	1.001004900000000090e-03	3.593041800000000216e-03
7.412405857000000000e+09	9.645373000000000054e-04	3.676053800000000146e-03
7.412408286000000000e+09	1.053091599999999911e-03	3.617854299999999877e-03
7.412410714000000000e+09	1.057422599999999907e-03	3.606370600000000006e-03
7.412413143000000000e+09	1.028276500000000013e-03	3.560227799999999849e-03
7.412415571000000000e+09	9.905339999999999458e-04	3.644754999999999957e-03
7.412418000000000000e+09	9.775492999999999683e-04	3.585627399999999788e-03
7.412420429000000000e+09	1.079883700000000037e-03	3.626200100000000030e-03
7.412422857000000000e+09	9.899032999999999791e-04	3.539543899999999903e-03
7.412425286000000000e+09	1.047332499999999948e-03	3.617346999999999924e-03
7.412427714000000000e+09	1.057724599999999892e-03	3.571709399999999871e-03
7.412430143000000000e+09	1.025551300000000082e-03	3.574315299999999886e-03
7.412432571000000000e+09	1.078287499999999993e-03	3.609746100000000082e-03
7.412435000000000000e+09	1.045740899999999954e-03	3.593614199999999818e-03
7.412437429000000000e+09	1.081419900000000003e-03	3.576867599999999838e-03
7.412439857000000000e+09	1.091366600000000069e-03	3.572821700000000135e-03
7.412442286000000000e+09	1.073637500000000069e-03	3.619495500000000088e-03
7.412444714000000000e+09	1.022643499999999900e-03	3.590169299999999928e-03
7.412447143000000000e+09	1.095315599999999905e-03	3.576780199999999958e-03
7.412449571000000000e+09	1.091073300000000015e-03	3.631097299999999899e-03
7.412452000000000000e+09	1.047766500000000059e-03	3.558862400000000013e-03
7.412454429000000000e+09	1.111653499999999944e-03	3.579510699999999962e-03
7.412456857000000000e+09	1.119605000000000079e-03	3.567030899999999987e-03
7.412459286000000000e+09	1.177168900000000011e-03	3.557275300000000036e-03
7.412461714000000000e+09	1.082706899999999993e-03	3.582961500000000129e-03
7.412464143000000000e+09	1.135797600000000010e-03	3.541637199999999892e-03
7.412466571000000000e+09	1.088631199999999912e-03	3.572879900000000032e-03
7.412469000000000000e+09	1.135706499999999952e-03	3.595042799999999955e-03
7.412471429000000000e+09	1.081169000000000097e-03	3.520196399999999878e-03
7.412473857000000000e+09	1.148502800000000086e-03	3.582588299999999934e-03
7.412476286000000000e+09	1.153692599999999987e-03	3.576853000000000064e-03
7.412478714000000000e+09	1.124055000000000106e-03	3.548134300000000199e-03
7.412481143000000000e+09	1.200161400000000073e-03	3.568285000000000033e-03
7.412483571000000000e+09	1.147435100000000069e-03	3.616007899999999949e-03
7.412486000000000000e+09	1.104309200000000001e-03	3.541521100000000200e-03
7.412488429000000000e+09	1.147463499999999996e-03	3.527602099999999942e-03
7.412490857000000000e+09	1.164786099999999937e-03	3.567690799999999936e-03
7.412493286000000000e+09	1.176870800000000055e-03	3.565702599999999792e-03
7.412495714000000000e+09	1.183840200000000091e-03	3.602300299999999789e-03
7.412498143000000000e+09	1.162346799999999921e-03	3.519725899999999897e-03
7.412500571000000000e+09	1.221679899999999911e-03	3.533490199999999876e-03
7.412503000000000000e+09	1.167689400000000103e-03	3.557310900000000033e-03
7.412505429000000000e+09	1.179209799999999912e-03	3.520866000000000100e-03
7.412507857000000000e+09	1.222789499999999904e-03	3.528909700000000017e-03
7.412510286000000000e+09	1.167126699999999906e-03	3.475912600000000043e-03
7.412512714000000000e+09	1.250096899999999893e-03	3.517554999999999901e-03
7.412515143000000000e+09	1.208113499999999979e-03	3.539381099999999898e-03
7.412517571000000000e+09	1.169484900000000022e-03	3.541459700000000078e-03
7.412520000000000000e+09	1.236317000000000015e-03	3.472121999999999795e-03
7.412522429000000000e+09	1.226708300000000067e-03	3.596737400000000161e-03
7.412524857000000000e+09	1.199810499999999893e-03	3.508389599999999983e-03
7.412527286000000000e+09	1.244005500000000021e-03	3.531557800000000111e-03
7.412529714000000000e+09	1.261852900000000029e-03	3.489106000000000065e-03
7.412532143000000000e+09	1.255385099999999955e-03	3.566005699999999935e-03
7.412534571000000000e+09	1.253883500000000078e-03	3.468559799999999804e-03
7.412537000000000000e+09	1.318069000000000055e-03	3.528305099999999844e-03
7.412539429000000000e+09	1.281366599999999916e-03	3.543877099999999999e-03
7.412541857000000000e+09	1.288875299999999976e-03	3.487144100000000215e-03
7.412544286000000000e+09	1.288182599999999900e-03	3.500863199999999960e-03
7.412546714000000000e+09	1.274475400000000093e-03	3.475106099999999976e-03
7.412549143000000000e+09	1.265332099999999906e-03	3.465743299999999964e-03
7.412551571000000000e+09	1.282240899999999902e-03	3.447264099999999831e-03
7.412554000000000000e+09	1.313642500000000019e-03	3.481627499999999896e-03
7.412556429000000000e+09	1.267725300000000031e-03	3.487669399999999802e-03
7.412558857000000000e+09	1.290775099999999899e-03	3.516486499999999828e-03
7.412561286000000000e+09	1.260356800000000076e-03	3.498440499999999967e-03
7.412563714000000000e+09	1.328005400000000077e-03	3.471146599999999811e-03
7.412566143000000000e+09	1.359643200000000074e-03	3.469513899999999897e-03
7.412568571000000000e+09	1.328437999999999928e-03	3.474804499999999911e-03
7.412571000000000000e+09	1.281891999999999971e-03	3.564724699999999823e-03
7.412573429000000000e+09	1.374914099999999901e-03	3.422773799999999887e-03
7.412575857000000000e+09	1.344301399999999922e-03	3.526400500000000018e-03
7.412578286000000000e+09	1.334069800000000066e-03	3.424241499999999914e-03
7.412580714000000000e+09	1.284591999999999982e-03	3.457394400000000055e-03
7.412583143000000000e+09	1.316866699999999892e-03	3.539363199999999866e-03
7.412585571000000000e+09	1.342393500000000055e-03	3.521376399999999809e-03
7.412588000000000000e+09	1.297340400000000045e-03	3.555719799999999993e-03
7.412590429000000000e+09	1.326390100000000025e-03	3.473263600000000076e-03
7.412592857000000000e+09	1.368359700000000003e-03	3.484960000000000054e-03
7.412595286000000000e+09	1.338707599999999949e-03	3.428038899999999879e-03
7.412597714000000000e+09	1.360976000000000069e-03	3.448350900000000073e-03
7.412600143000000000e+09	1.342179800000000041e-03	3.459766899999999843e-03
7.412602571000000000e+09	1.422986800000000055e-03	3.464425299999999812e-03
7.412605000000000000e+09	1.394176100000000043e-03	3.487827299999999870e-03
7.412607429000000000e+09	1.347050899999999900e-03	3.491816899999999890e-03
7.412609857000000000e+09	1.403447200000000009e-03	3.401700000000000123e-03
7.412612286000000000e+09	1.331283099999999980e-03	3.450666199999999871e-03
7.412614714000000000e+09	1.392350699999999903e-03	3.478897800000000165e-03
7.412617143000000000e+09	1.362838899999999987e-03	3.422703500000000201e-03
7.412619571000000000e+09	1.435224599999999906e-03	3.447976199999999800e-03
7.412622000000000000e+09	1.426734700000000054e-03	3.455952200000000051e-03
7.412624429000000000e+09	1.469859200000000077e-03	3.379356300000000129e-03
7.412626857000000000e+09	1.363400000000000072e-03	3.474042799999999941e-03
7.412629286000000000e+09	1.397462199999999991e-03	3.375464400000000031e-03
7.412631714000000000e+09	1.408241800000000019e-03	3.441673900000000001e-03
7.412634143000000000e+09	1.468376100000000004e-03	3.436388900000000163e-03
7.412636571000000000e+09	1.414238900000000044e-03	3.470688699999999790e-03
7.412639000000000000e+09	1.489815100000000054e-03	3.413363699999999792e-03
7.412641429000000000e+09	1.427344500000000049e-03	3.403904599999999902e-03
7.412643857000000000e+09	1.393805300000000016e-03	3.397993399999999897e-03
7.412646286000000000e+09	1.413706999999999941e-03	3.441161400000000009e-03
7.412648714000000000e+09	1.468327800000000013e-03	3.355370900000000187e-03
7.412651143000000000e+09	1.470437100000000037e-03	3.429619499999999807e-03
7.412653571000000000e+09	1.463746599999999915e-03	3.400315300000000211e-03
7.412656000000000000e+09	1.437599099999999942e-03	3.395550299999999886e-03
7.412658429000000000e+09	1.478069299999999926e-03	3.432112199999999818e-03
7.412660857000000000e+09	1.443775999999999914e-03	3.368428100000000168e-03
7.412663286000000000e+09	1.500307100000000020e-03	3.410422599999999964e-03
7.412665714000000000e+09	1.458424899999999922e-03	3.360979200000000118e-03
7.412668143000000000e+09	1.503239200000000032e-03	3.377870500000000002e-03
7.412670571000000000e+09	1.520363999999999960e-03	3.388279200000000185e-03
7.412673000000000000e+09	1.505197800000000058e-03	3.404275799999999848e-03
7.412675429000000000e+09	1.533223999999999915e-03	3.415635800000000038e-03
7.412677857000000000e+09	1.530777799999999932e-03	3.376815000000000025e-03
7.412680286000000000e+09	1.512755400000000095e-03	3.345921899999999838e-03
7.412682714000000000e+09	1.480909899999999961e-03	3.383639300000000020e-03
7.412685143000000000e+09	1.544341600000000061e-03	3.420583300000000146e-03
7.412687571000000000e+09	1.511255200000000045e-03	3.343593800000000012e-03
7.412690000000000000e+09	1.513893099999999914e-03	3.305378500000000046e-03
7.412692429000000000e+09	1.522839200000000075e-03	3.356211000000000003e-03
7.412694857000000000e+09	1.516407200000000066e-03	3.412165100000000024e-03
7.412697286000000000e+09	1.520800400000000023e-03	3.384331300000000074e-03
7.412699714000000000e+09	1.571980300000000051e-03	3.348776700000000162e-03
7.412702143000000000e+09	1.603924899999999935e-03	3.331517600000000190e-03
7.412704571000000000e+09	1.557720000000000068e-03	3.397199599999999823e-03
7.412707000000000000e+09	1.528204999999999928e-03	3.383854300000000044e-03
7.412709429000000000e+09	1.572201399999999987e-03	3.366736799999999787e-03
7.412711857000000000e+09	1.587868199999999943e-03	3.287165900000000186e-03
7.412714286000000000e+09	1.534697200000000082e-03	3.327301400000000093e-03
7.412716714000000000e+09	1.548793799999999971e-03	3.343035199999999912e-03
7.412719143000000000e+09	1.583071799999999970e-03	3.361193299999999835e-03
7.412721571000000000e+09	1.587878600000000020e-03	3.334239599999999897e-03
7.412724000000000000e+09	1.568516000000000051e-03	3.346216999999999855e-03
7.412726429000000000e+09	1.604631600000000014e-03	3.340542800000000003e-03
7.412728857000000000e+09	1.607430400000000106e-03	3.325297999999999969e-03
7.412731286000000000e+09	1.568709900000000036e-03	3.367195099999999944e-03
7.412733714000000000e+09	1.606989799999999913e-03	3.298997599999999898e-03
7.412736143000000000e+09	1.564898099999999931e-03	3.340687699999999975e-03
7.412738571000000000e+09	1.612619399999999951e-03	3.392450899999999853e-03
7.412741000000000000e+09	1.647560599999999941e-03	3.317671800000000174e-03
7.412743429000000000e+09	1.686870000000000036e-03	3.276287499999999860e-03
7.412745857000000000e+09	1.666352999999999975e-03	3.370158099999999868e-03
7.412748286000000000e+09	1.679242399999999981e-03	3.349772799999999832e-03
7.412750714000000000e+09	1.668402000000000036e-03	3.257646600000000097e-03
7.412753143000000000e+09	1.634645699999999913e-03	3.265784800000000147e-03
7.412755571000000000e+09	1.619374899999999904e-03	3.325302400000000169e-03
7.412758000000000000e+09	1.665938100000000088e-03	3.336817699999999973e-03
7.412760429000000000e+09	1.625586299999999930e-03	3.298029300000000167e-03
7.412762857000000000e+09	1.602509100000000042e-03	3.272364499999999999e-03
7.412765286000000000e+09	1.648367699999999996e-03	3.296913900000000147e-03
7.412767714000000000e+09	1.688723600000000035e-03	3.298807700000000193e-03
7.412770143000000000e+09	1.668355999999999962e-03	3.261296300000000002e-03
7.412772571000000000e+09	1.659071800000000083e-03	3.285744199999999799e-03
7.412775000000000000e+09	1.675953399999999911e-03	3.243889900000000107e-03
7.412777429000000000e+09	1.738512900000000090e-03	3.233913399999999855e-03
7.412779857000000000e+09	1.709048699999999926e-03	3.250031999999999921e-03
7.412782286000000000e+09	1.682867599999999988e-03	3.249448700000000072e-03
7.412784714000000000e+09	1.723831299999999990e-03	3.280251200000000155e-03
7.412787143000000000e+09	1.680919199999999971e-03	3.217380900000000026e-03
7.412789571000000000e+09	1.696727299999999973e-03	3.195900099999999817e-03
7.412792000000000000e+09	1.688752400000000098e-03	3.209602900000000075e-03
7.412794429000000000e+09	1.726500900000000043e-03	3.246368300000000012e-03
7.412796857000000000e+09	1.651972299999999918e-03	3.274300400000000090e-03
7.412799286000000000e+09	1.729663399999999910e-03	3.279544899999999995e-03
7.412801714000000000e+09	1.701248800000000096e-03	3.240028299999999934e-03
7.412804143000000000e+09	1.682561900000000043e-03	3.226470600000000150e-03
7.412806571000000000e+09	1.656506700000000103e-03	3.225304699999999823e-03
7.412809000000000000e+09	1.696688999999999923e-03	3.276229299999999962e-03
7.412811429000000000e+09	1.738300799999999971e-03	3.241931200000000048e-03
7.412813857000000000e+09	1.745360299999999939e-03	3.233093800000000091e-03
7.412816286000000000e+09	1.760606399999999983e-03	3.260220900000000178e-03
7.412818714000000000e+09	1.762990199999999938e-03	3.224942900000000046e-03
7.412821143000000000e+09	1.823285000000000010e-03	3.195972999999999956e-03
7.412823571000000000e+09	1.776613700000000042e-03	3.250160399999999904e-03
7.412826000000000000e+09	1.772636099999999994e-03	3.255500799999999986e-03
7.412828429000000000e+09	1.757810000000000058e-03	3.242480700000000080e-03
7.412830857000000000e+09	1.762294100000000004e-03	3.220364199999999934e-03
7.412833286000000000e+09	1.773511499999999921e-03	3.228710300000000189e-03
7.412835714000000000e+09	1.753400499999999964e-03	3.205156399999999940e-03
7.412838143000000000e+09	1.799873700000000033e-03	3.195631999999999900e-03
7.412840571000000000e+09	1.775441399999999918e-03	3.233504600000000097e-03
7.412843000000000000e+09	1.829797900000000067e-03	3.187514600000000003e-03
7.412845429000000000e+09	1.828303699999999895e-03	3.191908600000000016e-03
7.412847857000000000e+09	1.805388100000000036e-03	3.179481400000000197e-03
7.412850286000000000e+09	1.752706500000000096e-03	3.211961100000000190e-03
7.412852714000000000e+09	1.877720200000000108e-03	3.223176900000000213e-03
7.412855143000000000e+09	1.794190599999999965e-03	3.139447499999999808e-03
7.412857571000000000e+09	1.821853700000000036e-03	3.166470700000000027e-03
7.412860000000000000e+09	1.857209199999999925e-03	3.181156799999999927e-03
7.412862429000000000e+09	1.860812000000000100e-03	3.173392100000000174e-03
7.412864857000000000e+09	1.870312299999999945e-03	3.209149899999999989e-03
7.412867286000000000e+09	1.892223200000000020e-03	3.173269299999999932e-03
7.412869714000000000e+09	1.839801600000000054e-03	3.136868399999999824e-03
7.412872143000000000e+09	1.883518700000000063e-03	3.165584200000000001e-03
7.412874571000000000e+09	1.831079900000000087e-03	3.124009699999999879e-03
7.412877000000000000e+09	1.834870499999999901e-03	3.148619699999999876e-03
7.412879429000000000e+09	1.834109100000000034e-03	3.172292000000000167e-03
7.412881857000000000e+09	1.824622500000000090e-03	3.099436100000000152e-03
7.412884286000000000e+09	1.836948799999999979e-03	3.112862300000000196e-03
7.412886714000000000e+09	1.851670900000000012e-03	3.167561599999999932e-03
7.412889143000000000e+09	1.865225400000000006e-03	3.149915300000000196e-03
7.412891571000000000e+09	1.929763099999999955e-03	3.134980500000000055e-03
7.412894000000000000e+09	1.877924700000000021e-03	3.137056500000000216e-03
7.412896429000000000e+09	1.874344299999999896e-03	3.089134800000000163e-03
7.412898857000000000e+09	1.912187199999999939e-03	3.109358799999999839e-03
7.412901286000000000e+09	1.891021899999999981e-03	3.143570000000000045e-03
7.412903714000000000e+09	1.906656999999999970e-03	3.123039599999999968e-03
7.412906143000000000e+09	1.920599399999999967e-03	3.164449399999999871e-03
7.412908571000000000e+09	1.903863800000000052e-03	3.124249600000000154e-03
7.412911000000000000e+09	1.925768200000000079e-03	3.145704699999999840e-03
7.412913429000000000e+09	1.926766400000000032e-03	3.139267099999999873e-03
7.412915857000000000e+09	1.919919100000000000e-03	3.054585399999999989e-03
7.412918286000000000e+09	1.919661700000000045e-03	3.087879600000000176e-03
7.412920714000000000e+09	1.902836100000000015e-03	3.126731499999999952e-03
7.412923143000000000e+09	1.943431399999999941e-03	3.105063999999999828e-03
7.412925571000000000e+09	1.900377900000000059e-03	3.114650100000000092e-03
7.412928000000000000e+09	1.953519300000000018e-03	3.105965699999999833e-03
7.412930429000000000e+09	1.946925300000000060e-03	3.125035999999999873e-03
7.412932857000000000e+09	1.968423099999999995e-03	3.006276600000000205e-03
7.412935286000000000e+09	1.965924400000000107e-03	3.076520299999999791e-03
7.412937714000000000e+09	1.965155000000000114e-03	3.107692600000000211e-03
7.412940143000000000e+09	1.885894200000000007e-03	3.105378199999999853e-03
7.412942571000000000e+09	1.950377899999999973e-03	3.119131499999999984e-03
7.412945000000000000e+09	1.976900800000000024e-03	3.049909400000000090e-03
7.412947429000000000e+09	2.011168800000000083e-03	3.046994800000000191e-03
7.412949857000000000e+09	2.020426200000000148e-03	3.087806099999999832e-03
7.412952286000000000e+09	1.997303699999999991e-03	3.110035900000000016e-03
7.412954714000000000e+09	1.909038500000000008e-03	3.068210599999999805e-03
7.412957143000000000e+09	2.010027199999999802e-03	3.048252200000000061e-03
7.412959571000000000e+09	1.964072900000000173e-03	2.994797999999999905e-03
7.412962000000000000e+09	2.022395000000000182e-03	3.059460500000000128e-03
7.412964429000000000e+09	2.042281500000000128e-03	3.009318200000000044e-03
7.412966857000000000e+09	2.082942899999999826e-03	3.040261900000000139e-03
7.412969286000000000e+09	1.986428599999999923e-03	3.037062699999999900e-03
7.412971714000000000e+09	1.998126099999999843e-03	2.983488500000000022e-03
7.412974143000000000e+09	1.977078800000000008e-03	3.033506400000000186e-03
7.412976571000000000e+09	2.057197099999999793e-03	3.059399899999999846e-03
7.412979000000000000e+09	2.017703999999999939e-03	3.009707899999999794e-03
7.412981429000000000e+09	2.005007699999999862e-03	2.983928099999999875e-03
7.412983857000000000e+09	2.060599800000000037e-03	2.983772600000000191e-03
7.412986286000000000e+09	2.085502500000000099e-03	2.992777399999999987e-03
7.412988714000000000e+09	2.057243399999999969e-03	3.026872600000000101e-03
7.412991143000000000e+09	2.060826300000000080e-03	3.067207900000000053e-03
7.412993571000000000e+09	2.044040500000000177e-03	2.965745399999999803e-03
7.412996000000000000e+09	2.103058699999999902e-03	2.961676900000000199e-03
7.412998429000000000e+09	2.058834700000000077e-03	2.919394699999999874e-03
7.413000857000000000e+09	2.081380900000000169e-03	2.997378599999999966e-03
7.413003286000000000e+09	2.036711499999999814e-03	2.967892000000000186e-03
7.413005714000000000e+09	2.037158500000000021e-03	2.974228599999999972e-03
7.413008143000000000e+09	2.090601699999999896e-03	2.968833900000000022e-03
7.413010571000000000e+09	2.132756300000000077e-03	2.971440300000000208e-03
7.413013000000000000e+09	2.144089100000000098e-03	2.988893600000000050e-03
7.413015429000000000e+09	2.061580099999999957e-03	2.940616599999999834e-03
7.413017857000000000e+09	2.098267599999999785e-03	2.927650300000000060e-03
7.413020286000000000e+09	2.103942200000000207e-03	2.975803899999999828e-03
7.413022714000000000e+09	2.098718900000000158e-03	2.873272599999999836e-03
7.413025143000000000e+09	2.137135899999999950e-03	2.910675799999999994e-03
7.413027571000000000e+09	2.183094699999999812e-03	2.917480200000000141e-03
7.413030000000000000e+09	2.101250900000000126e-03	2.954024799999999812e-03
7.413032429000000000e+09	2.156210699999999789e-03	2.968789199999999958e-03
7.413034857000000000e+09	2.102898699999999985e-03	2.915194299999999961e-03
7.413037286000000000e+09	2.132335500000000130e-03	2.903437300000000134e-03
7.413039714000000000e+09	2.101263300000000018e-03	2.921164899999999839e-03
7.413042143000000000e+09	2.129837299999999978e-03	2.928462699999999971e-03
7.413044571000000000e+09	2.157632200000000108e-03	2.885039299999999935e-03
7.413047000000000000e+09	2.102903699999999956e-03	2.878932900000000152e-03
7.413049429000000000e+09	2.126809600000000109e-03	2.870707599999999891e-03
7.413051857000000000e+09	2.111164000000000009e-03	2.952407900000000082e-03
7.413054286000000000e+09	2.170351300000000153e-03	2.918514699999999896e-03
7.413056714000000000e+09	2.161668800000000109e-03	2.880143400000000076e-03
7.413059143000000000e+09	2.166222700000000004e-03	2.905844199999999943e-03
7.413061571000000000e+09	2.162834900000000071e-03	2.840283099999999904e-03
7.413064000000000000e+09	2.119119300000000140e-03	2.904813799999999852e-03
7.413066429000000000e+09	2.173863099999999871e-03	2.890507999999999966e-03
7.413068857000000000e+09	2.156126400000000099e-03	2.890495400000000006e-03
7.413071286000000000e+09	2.191561700000000095e-03	2.906048599999999822e-03
7.413073714000000000e+09	2.152416900000000185e-03	2.876926499999999873e-03
7.413076143000000000e+09	2.213176900000000166e-03	2.882454999999999913e-03
7.413078571000000000e+09	2.229610500000000096e-03	2.838744700000000055e-03
7.413081000000000000e+09	2.216279800000000091e-03	2.830817099999999829e-03
7.413083429000000000e+09	2.201534099999999817e-03	2.847077700000000180e-03
7.413085857000000000e+09	2.224756799999999882e-03	2.842843399999999982e-03
7.413088286000000000e+09	2.196781100000000115e-03	2.866237499999999949e-03
7.413090714000000000e+09	2.218708700000000030e-03	2.860788899999999833e-03
7.413093143000000000e+09	2.203271100000000170e-03	2.839215500000000138e-03
7.413095571000000000e+09	2.220740599999999898e-03	2.872989099999999872e-03
7.413098000000000000e+09	2.216223700000000043e-03	2.839309700000000169e-03
7.413100429000000000e+09	2.234361600000000017e-03	2.844700199999999988e-03
7.413102857000000000e+09	2.193595100000000041e-03	2.800188900000000203e-03
7.413105286000000000e+09	2.245814400000000193e-03	2.869491200000000124e-03
7.413107714000000000e+09	2.250304099999999880e-03	2.794131899999999918e-03
7.413110143000000000e+09	2.253849999999999951e-03	2.799235299999999847e-03
7.413112571000000000e+09	2.249265299999999961e-03	2.801168799999999987e-03
7.413115000000000000e+09	2.249107900000000063e-03	2.795640299999999946e-03
7.413117429000000000e+09	2.276356900000000086e-03	2.815949500000000053e-03
7.413119857000000000e+09	2.280668699999999823e-03	2.802817699999999787e-03
7.413122286000000000e+09	2.244925500000000216e-03	2.777927500000000084e-03
7.413124714000000000e+09	2.297335599999999946e-03	2.747056099999999924e-03
7.413127143000000000e+09	2.236407799999999991e-03	2.773765100000000119e-03
7.413129571000000000e+09	2.268034400000000072e-03	2.774773099999999944e-03
7.413132000000000000e+09	2.251837500000000193e-03	2.769777699999999981e-03
7.413134429000000000e+09	2.333129199999999827e-03	2.793272399999999992e-03
7.413136857000000000e+09	2.262998300000000108e-03	2.723374099999999794e-03
7.413139286000000000e+09	2.287420999999999986e-03	2.751543400000000094e-03
7.413141714000000000e+09	2.294912599999999851e-03	2.755991800000000009e-03
7.413144143000000000e+09	2.270177400000000095e-03	2.760700500000000217e-03
7.413146571000000000e+09	2.346145400000000138e-03	2.716553599999999794e-03
7.413149000000000000e+09	2.345317100000000009e-03	2.764029299999999981e-03
7.413151429000000000e+09	2.256811100000000094e-03	2.711830900000000016e-03
7.413153857000000000e+09	2.313994900000000080e-03	2.744382999999999979e-03
7.413156286000000000e+09	2.390323099999999788e-03	2.764909299999999959e-03
7.413158714000000000e+09	2.324219199999999833e-03	2.755083800000000024e-03
7.413161143000000000e+09	2.318554100000000048e-03	2.770649599999999799e-03
7.413163571000000000e+09	2.282433999999999852e-03	2.753111400000000063e-03
7.413166000000000000e+09	2.324443700000000061e-03	2.744646400000000028e-03
7.413168429000000000e+09	2.331402000000000214e-03	2.721077699999999936e-03
7.413170857000000000e+09	2.307714000000000206e-03	2.717419600000000202e-03
7.413173286000000000e+09	2.294512700000000092e-03	2.713881899999999892e-03
7.413175714000000000e+09	2.308892700000000128e-03	2.720093600000000021e-03
7.413178143000000000e+09	2.313055100000000093e-03	2.708280100000000010e-03
7.413180571000000000e+09	2.414865300000000083e-03	2.696592800000000099e-03
7.413183000000000000e+09	2.392511999999999851e-03	2.684760000000000011e-03
7.413185429000000000e+09	2.434889500000000147e-03	2.783624199999999802e-03
7.413187857000000000e+09	2.315178299999999870e-03	2.660440799999999866e-03
7.413190286000000000e+09	2.370488899999999895e-03	2.612989300000000126e-03
7.413192714000000000e+09	2.382641400000000149e-03	2.676884100000000068e-03
7.413195143000000000e+09	2.320495899999999983e-03	2.694058999999999950e-03
7.413197571000000000e+09	2.389259999999999821e-03	2.679054799999999997e-03
7.413200000000000000e+09	2.366804599999999901e-03	2.703333300000000140e-03
7.413202429000000000e+09	2.406923999999999956e-03	2.630182100000000040e-03
7.413204857000000000e+09	2.382137900000000190e-03	2.699181399999999852e-03
7.413207286000000000e+09	2.424718499999999922e-03	2.657692799999999966e-03
7.413209714000000000e+09	2.410538900000000137e-03	2.635022099999999919e-03
7.413212143000000000e+09	2.380254200000000118e-03	2.599500800000000087e-03
7.413214571000000000e+09	2.335261400000000070e-03	2.664367999999999858e-03
7.413217000000000000e+09	2.394181200000000068e-03	2.590281199999999902e-03
7.413219429000000000e+09	2.411531199999999812e-03	2.596026799999999815e-03
7.413221857000000000e+09	2.429252900000000107e-03	2.604446199999999913e-03
7.413224286000000000e+09	2.453564200000000160e-03	2.670617599999999901e-03
7.413226714000000000e+09	2.396670200000000119e-03	2.596364500000000047e-03
7.413229143000000000e+09	2.442122699999999935e-03	2.617827599999999859e-03
7.413231571000000000e+09	2.425627899999999951e-03	2.632854799999999849e-03
7.413234000000000000e+09	2.429288700000000172e-03	2.561296800000000071e-03
7.413236429000000000e+09	2.388701200000000087e-03	2.559657700000000143e-03
7.413238857000000000e+09	2.422139099999999837e-03	2.626899800000000087e-03
7.413241286000000000e+09	2.448121599999999922e-03	2.623455800000000070e-03
7.413243714000000000e+09	2.411890199999999936e-03	2.625481199999999890e-03
7.413246143000000000e+09	2.382507700000000093e-03	2.588277200000000007e-03
7.413248571000000000e+09	2.446420500000000102e-03	2.584134200000000152e-03
7.413251000000000000e+09	2.444441900000000195e-03	2.566188400000000199e-03
7.413253429000000000e+09	2.476002399999999853e-03	2.620259499999999953e-03
7.413255857000000000e+09	2.477295000000000018e-03	2.567149500000000077e-03
7.413258286000000000e+09	2.533009299999999797e-03	2.541035300000000184e-03
7.413260714000000000e+09	2.450645999999999901e-03	2.563492200000000183e-03
7.413263143000000000e+09	2.447821199999999833e-03	2.542063499999999959e-03
7.413265571000000000e+09	2.488573300000000103e-03	2.549674899999999911e-03
7.413268000000000000e+09	2.398851799999999861e-03	2.558352099999999883e-03
7.413270429000000000e+09	2.508863400000000202e-03	2.615218199999999951e-03
7.413272857000000000e+09	2.493397999999999969e-03	2.514875499999999920e-03
7.413275286000000000e+09	2.527702299999999829e-03	2.517214800000000096e-03
7.413277714000000000e+09	2.500580999999999984e-03	2.542471499999999877e-03
7.413280143000000000e+09	2.485898299999999943e-03	2.565311800000000080e-03
7.413282571000000000e+09	2.468199800000000187e-03	2.473754400000000020e-03
7.413285000000000000e+09	2.532474299999999939e-03	2.510104400000000117e-03
7.413287429000000000e+09	2.468876799999999896e-03	2.508229199999999909e-03
7.413289857000000000e+09	2.496587099999999799e-03	2.513590799999999847e-03
7.413292286000000000e+09	2.472307700000000216e-03	2.529201100000000053e-03
7.413294714000000000e+09	2.539249999999999841e-03	2.524639300000000065e-03
7.413297143000000000e+09	2.522979600000000051e-03	2.494565499999999974e-03
7.413299571000000000e+09	2.496877099999999811e-03	2.445681800000000169e-03
7.413302000000000000e+09	2.578401000000000130e-03	2.411064699999999894e-03
7.413304429000000000e+09	2.503009200000000118e-03	2.498313299999999938e-03
7.413306857000000000e+09	2.607784299999999812e-03	2.478903299999999851e-03
7.413309286000000000e+09	2.562173799999999894e-03	2.509042799999999795e-03
7.413311714000000000e+09	2.524876100000000151e-03	2.467262999999999921e-03
7.413314143000000000e+09	2.573867999999999989e-03	2.513421899999999931e-03
7.413316571000000000e+09	2.546179200000000045e-03	2.482075199999999888e-03
7.413319000000000000e+09	2.563649099999999910e-03	2.450701799999999847e-03
7.413321429000000000e+09	2.595393399999999795e-03	2.461110299999999963e-03
7.413323857000000000e+09	2.587303300000000101e-03	2.414088999999999905e-03
7.413326286000000000e+09	2.535956399999999937e-03	2.462741300000000164e-03
7.413328714000000000e+09	2.605614500000000191e-03	2.411658200000000186e-03
7.413331143000000000e+09	2.608688699999999871e-03	2.441308100000000141e-03
7.413333571000000000e+09	2.564811199999999809e-03	2.408599600000000188e-03
7.413336000000000000e+09	2.554559399999999786e-03	2.413272900000000033e-03
7.413338429000000000e+09	2.598337400000000179e-03	2.388786099999999982e-03
7.413340857000000000e+09	2.567944300000000058e-03	2.444374799999999865e-03
7.413343286000000000e+09	2.630879400000000166e-03	2.426550500000000145e-03
7.413345714000000000e+09	2.567071900000000070e-03	2.385213000000000177e-03
7.413348143000000000e+09	2.591607699999999917e-03	2.379797800000000175e-03
7.413350571000000000e+09	2.586837199999999885e-03	2.353476100000000213e-03
7.413353000000000000e+09	2.601618699999999791e-03	2.417795600000000131e-03
7.413355429000000000e+09	2.665003300000000092e-03	2.377926099999999859e-03
7.413357857000000000e+09	2.644989099999999968e-03	2.402986699999999989e-03
7.413360286000000000e+09	2.630697600000000188e-03	2.416529199999999794e-03
7.413362714000000000e+09	2.615497100000000082e-03	2.403002600000000207e-03
7.413365143000000000e+09	2.612590599999999909e-03	2.385914800000000103e-03
7.413367571000000000e+09	2.651119200000000026e-03	2.374669600000000030e-03
7.413370000000000000e+09	2.603751599999999840e-03	2.337433500000000042e-03
7.413372429000000000e+09	2.663573600000000013e-03	2.281346000000000068e-03
7.413374857000000000e+09	2.599947599999999793e-03	2.315196900000000141e-03
7.413377286000000000e+09	2.590588999999999913e-03	2.351426099999999811e-03
7.413379714000000000e+09	2.632088400000000012e-03	2.312645900000000199e-03
7.413382143000000000e+09	2.621136300000000141e-03	2.374877599999999835e-03
7.413384571000000000e+09	2.609045500000000111e-03	2.335877399999999795e-03
7.413387000000000000e+09	2.682101000000000103e-03	2.326201200000000031e-03
7.413389429000000000e+09	2.627945999999999928e-03	2.397609800000000038e-03
7.413391857000000000e+09	2.603932199999999843e-03	2.365330100000000157e-03
7.413394286000000000e+09	2.659286099999999889e-03	2.326577399999999948e-03
7.413396714000000000e+09	2.677404899999999855e-03	2.331639300000000036e-03
7.413399143000000000e+09	2.597030199999999806e-03	2.328921900000000163e-03
7.413401571000000000e+09	2.660180399999999973e-03	2.265511300000000103e-03
7.413404000000000000e+09	2.655478000000000179e-03	2.305310999999999992e-03
7.413406429000000000e+09	2.633981499999999819e-03	2.268186799999999999e-03
7.413408857000000000e+09	2.628704600000000141e-03	2.265066500000000212e-03
7.413411286000000000e+09	2.670165099999999986e-03	2.252401900000000103e-03
7.413413714000000000e+09	2.618523599999999976e-03	2.249090999999999937e-03
7.413416143000000000e+09	2.666091299999999876e-03	2.284931300000000130e-03
7.413418571000000000e+09	2.715158699999999873e-03	2.257938799999999972e-03
7.413421000000000000e+09	2.724939500000000177e-03	2.288131699999999911e-03
7.413423429000000000e+09	2.671026500000000126e-03	2.243656699999999928e-03
7.413425857000000000e+09	2.639886599999999913e-03	2.205841699999999857e-03
7.413428286000000000e+09	2.690088499999999938e-03	2.222009100000000084e-03
7.413430714000000000e+09	2.694991900000000187e-03	2.233526600000000206e-03
7.413433143000000000e+09	2.722593599999999919e-03	2.244757500000000173e-03
7.413435571000000000e+09	2.753570700000000128e-03	2.221345699999999809e-03
7.413438000000000000e+09	2.693391099999999875e-03	2.223657500000000148e-03
7.413440429000000000e+09	2.703874900000000081e-03	2.215531699999999989e-03
7.413442857000000000e+09	2.698191099999999992e-03	2.233657699999999809e-03
7.413445286000000000e+09	2.722456600000000039e-03	2.163317300000000207e-03
7.413447714000000000e+09	2.717203200000000134e-03	2.201888700000000174e-03
7.413450143000000000e+09	2.729596500000000103e-03	2.251975900000000117e-03
7.413452571000000000e+09	2.743152300000000106e-03	2.205947900000000076e-03
7.413455000000000000e+09	2.753736599999999889e-03	2.118373700000000023e-03
7.413457429000000000e+09	2.707944400000000026e-03	2.166131899999999832e-03
7.413459857000000000e+09	2.741900399999999943e-03	2.179176000000000116e-03
7.413462286000000000e+09	2.752686399999999985e-03	2.201319099999999793e-03
7.413464714000000000e+09	2.733800299999999874e-03	2.166881700000000081e-03
7.413467143000000000e+09	2.728654200000000130e-03	2.192347700000000111e-03
7.413469571000000000e+09	2.776653599999999791e-03	2.098898599999999854e-03
7.413472000000000000e+09	2.729220100000000118e-03	2.136549699999999979e-03
7.413474429000000000e+09	2.768945399999999789e-03	2.114892599999999932e-03
7.413476857000000000e+09	2.749988999999999992e-03	2.116567399999999891e-03
7.413479286000000000e+09	2.732228900000000047e-03	2.112100999999999909e-03
7.413481714000000000e+09	2.752007600000000095e-03	2.088395500000000005e-03
7.413484143000000000e+09	2.706571400000000200e-03	2.150593599999999894e-03
7.413486571000000000e+09	2.774637400000000073e-03	2.132072599999999818e-03
7.413489000000000000e+09	2.743415700000000155e-03	2.083370599999999958e-03
7.413491429000000000e+09	2.761965300000000009e-03	2.087784499999999818e-03
7.413493857000000000e+09	2.795886100000000065e-03	2.117820600000000063e-03
7.413496286000000000e+09	2.776064999999999870e-03	2.096370499999999915e-03
7.413498714000000000e+09	2.832100000000000155e-03	2.129764200000000204e-03
7.413501143000000000e+09	2.820645100000000131e-03	2.137016499999999999e-03
7.413503571000000000e+09	2.813898999999999914e-03	2.135319100000000140e-03
7.413506000000000000e+09	2.718658599999999870e-03	2.097857099999999881e-03
7.413508429000000000e+09	2.795548100000000164e-03	2.070428100000000059e-03
7.413510857000000000e+09	2.781296800000000215e-03	2.002560999999999924e-03
7.413513286000000000e+09	2.820407999999999943e-03	2.063662600000000166e-03
7.413515714000000000e+09	2.810880799999999815e-03	2.040941300000000212e-03
7.413518143000000000e+09	2.794913699999999803e-03	2.042572199999999946e-03
7.413520571000000000e+09	2.805678600000000023e-03	1.999083699999999828e-03
7.413523000000000000e+09	2.793529900000000198e-03	2.014074800000000085e-03
7.413525429000000000e+09	2.783288100000000116e-03	2.015667999999999974e-03
7.413527857000000000e+09	2.785099499999999818e-03	2.014774799999999831e-03
7.413530286000000000e+09	2.802868699999999831e-03	2.000879799999999951e-03
7.413532714000000000e+09	2.772202799999999925e-03	1.983085500000000053e-03
7.413535143000000000e+09	2.778013000000000184e-03	2.000997599999999790e-03
7.413537571000000000e+09	2.870437699999999794e-03	1.998127599999999920e-03
7.413540000000000000e+09	2.829942199999999856e-03	1.982466100000000037e-03
7.413542429000000000e+09	2.814185800000000136e-03	1.969069999999999848e-03
7.413544857000000000e+09	2.834525499999999802e-03	1.945901000000000098e-03
7.413547286000000000e+09	2.831399799999999908e-03	1.997790599999999927e-03
7.413549714000000000e+09	2.851999500000000198e-03	2.009220999999999837e-03
7.413552143000000000e+09	2.815378099999999925e-03	2.026636999999999970e-03
7.413554571000000000e+09	2.852598599999999797e-03	1.919422100000000089e-03
7.413557000000000000e+09	2.794729299999999805e-03	1.952442100000000014e-03
7.413559429000000000e+09	2.747520199999999892e-03	1.911747600000000087e-03
7.413561857000000000e+09	2.806805999999999798e-03	1.950613400000000049e-03
7.413564286000000000e+09	2.905706000000000087e-03	1.891004800000000005e-03
7.413566714000000000e+09	2.880740699999999928e-03	1.944140499999999971e-03
7.413569143000000000e+09	2.819163300000000066e-03	1.969959600000000064e-03
7.413571571000000000e+09	2.807725499999999801e-03	1.932976400000000015e-03
7.413574000000000000e+09	2.872639199999999816e-03	1.945942399999999904e-03
7.413576429000000000e+09	2.791613300000000183e-03	1.852709699999999932e-03
7.413578857000000000e+09	2.861441299999999827e-03	1.883312299999999936e-03
7.413581286000000000e+09	2.865189299999999859e-03	1.897925400000000096e-03
7.413583714000000000e+09	2.876353800000000169e-03	1.897169100000000016e-03
7.413586143000000000e+09	2.884162899999999884e-03	1.908675099999999902e-03
7.413588571000000000e+09	2.878139500000000215e-03	1.913063499999999957e-03
7.413591000000000000e+09	2.908290899999999880e-03	1.881508600000000040e-03
7.413593429000000000e+09	2.839246000000000131e-03	1.886155200000000105e-03
7.413595857000000000e+09	2.834541500000000054e-03	1.857596499999999940e-03
7.413598286000000000e+09	2.843301999999999809e-03	1.820966999999999942e-03
7.413600714000000000e+09	2.925304699999999904e-03	1.844005899999999996e-03
7.413603143000000000e+09	2.896401900000000144e-03	1.871808900000000069e-03
7.413605571000000000e+09	2.965262499999999930e-03	1.834716799999999964e-03
7.413608000000000000e+09	2.908886500000000021e-03	1.837811699999999980e-03
7.413610429000000000e+09	2.877875599999999996e-03	1.807115399999999900e-03
7.413612857000000000e+09	2.901144999999999939e-03	1.812012200000000066e-03
7.413615286000000000e+09	2.858507000000000148e-03	1.858816299999999999e-03
7.413617714000000000e+09	2.850553799999999867e-03	1.784456600000000007e-03
7.413620143000000000e+09	2.914765299999999820e-03	1.764352199999999916e-03
7.413622571000000000e+09	2.866369000000000122e-03	1.776256699999999951e-03
7.413625000000000000e+09	2.962015499999999871e-03	1.855741200000000013e-03
7.413627429000000000e+09	2.914686399999999802e-03	1.758213700000000029e-03
7.413629857000000000e+09	2.912117599999999862e-03	1.810033200000000023e-03
7.413632286000000000e+09	2.892584399999999830e-03	1.757620699999999907e-03
7.413634714000000000e+09	2.919214399999999973e-03	1.735224999999999962e-03
7.413637143000000000e+09	2.892159599999999820e-03	1.704349900000000058e-03
7.413639571000000000e+09	2.889752900000000079e-03	1.770058099999999952e-03
7.413642000000000000e+09	2.929774500000000177e-03	1.744328000000000068e-03
7.413644429000000000e+09	2.923945900000000150e-03	1.698475600000000059e-03
7.413646857000000000e+09	2.923034499999999872e-03	1.759583500000000064e-03
7.413649286000000000e+09	2.870430800000000043e-03	1.761147800000000072e-03
7.413651714000000000e+09	2.903697599999999993e-03	1.683653900000000106e-03
7.413654143000000000e+09	2.927035399999999843e-03	1.673477399999999957e-03
7.413656571000000000e+09	2.933696300000000062e-03	1.736434499999999978e-03
7.413659000000000000e+09	2.924360400000000117e-03	1.719262899999999920e-03
7.413661429000000000e+09	2.961631100000000193e-03	1.747924099999999909e-03
7.413663857000000000e+09	3.015253500000000027e-03	1.711852600000000023e-03
7.413666286000000000e+09	2.957483700000000139e-03	1.694300099999999963e-03
7.413668714000000000e+09	2.987217099999999945e-03	1.682598399999999913e-03
7.413671143000000000e+09	2.935452199999999921e-03	1.683478599999999959e-03
7.413673571000000000e+09	2.984794099999999849e-03	1.725235699999999898e-03
7.413676000000000000e+09	2.971281799999999935e-03	1.660267399999999912e-03
7.413678429000000000e+09	2.929552599999999968e-03	1.629170799999999936e-03
7.413680857000000000e+09	3.007234000000000122e-03	1.612278399999999895e-03
7.413683286000000000e+09	2.941717700000000182e-03	1.698116599999999936e-03
7.413685714000000000e+09	2.984488500000000155e-03	1.626593599999999950e-03
7.413688143000000000e+09	2.911905099999999823e-03	1.658801799999999951e-03
7.413690571000000000e+09	2.953951700000000038e-03	1.607920000000000096e-03
7.413693000000000000e+09	2.987958099999999794e-03	1.625628700000000077e-03
7.413695429000000000e+09	3.000213600000000043e-03	1.637226199999999941e-03
7.413697857000000000e+09	3.001594199999999858e-03	1.576021699999999954e-03
7.413700286000000000e+09	2.973180900000000054e-03	1.578561800000000083e-03
7.413702714000000000e+09	2.985648100000000069e-03	1.626205500000000095e-03
7.413705143000000000e+09	2.974924500000000055e-03	1.592486200000000013e-03
7.413707571000000000e+09	2.984574600000000025e-03	1.596349800000000001e-03
7.413710000000000000e+09	2.942998300000000157e-03	1.551485000000000017e-03
7.413712429000000000e+09	2.967316900000000097e-03	1.558822899999999945e-03
7.413714857000000000e+09	2.979667000000000079e-03	1.587758799999999934e-03
7.413717286000000000e+09	3.010821099999999931e-03	1.562593199999999993e-03
7.413719714000000000e+09	3.002713699999999975e-03	1.515715499999999898e-03
7.413722143000000000e+09	3.045732499999999950e-03	1.581406600000000032e-03
7.413724571000000000e+09	3.038669800000000192e-03	1.529907399999999975e-03
7.413727000000000000e+09	3.031669399999999993e-03	1.521773599999999907e-03
7.413729429000000000e+09	2.998105100000000075e-03	1.547231000000000040e-03
7.413731857000000000e+09	3.072022800000000047e-03	1.507605599999999957e-03
7.413734286000000000e+09	3.022167799999999922e-03	1.538465900000000018e-03
7.413736714000000000e+09	3.059483100000000028e-03	1.470286699999999924e-03
7.413739143000000000e+09	2.974368800000000077e-03	1.536950299999999920e-03
7.413741571000000000e+09	2.956934200000000106e-03	1.478293199999999950e-03
7.413744000000000000e+09	3.018065600000000102e-03	1.460565399999999960e-03
7.413746429000000000e+09	3.014656300000000209e-03	1.464232700000000012e-03
7.413748857000000000e+09	2.981577300000000114e-03	1.492754300000000102e-03
7.413751286000000000e+09	3.013822000000000202e-03	1.457885900000000000e-03
7.413753714000000000e+09	2.950851600000000199e-03	1.463933400000000081e-03
7.413756143000000000e+09	2.993220100000000029e-03	1.430854299999999952e-03
7.413758571000000000e+09	3.038578799999999951e-03	1.468401299999999923e-03
7.413761000000000000e+09	3.035406300000000144e-03	1.429626999999999938e-03
7.413763429000000000e+09	3.027999700000000207e-03	1.420487000000000008e-03
7.413765857000000000e+09	3.005318500000000049e-03	1.490131299999999893e-03
7.413768286000000000e+09	3.041807599999999875e-03	1.438422200000000033e-03
7.413770714000000000e+09	3.030662200000000008e-03	1.409017000000000039e-03
7.413773143000000000e+09	3.010172700000000000e-03	1.451569399999999913e-03
7.413775571000000000e+09	3.005839699999999972e-03	1.419705899999999929e-03
7.413778000000000000e+09	3.027271800000000054e-03	1.413374900000000101e-03
7.413780429000000000e+09	3.053056399999999875e-03	1.384743500000000082e-03
7.413782857000000000e+09	3.001187199999999847e-03	1.358631199999999969e-03
7.413785286000000000e+09	3.060288400000000120e-03	1.336513400000000030e-03
7.413787714000000000e+09	3.029220699999999808e-03	1.375161800000000017e-03
7.413790143000000000e+09	3.025854100000000164e-03	1.326372400000000061e-03
7.413792571000000000e+09	3.013926200000000173e-03	1.352258600000000050e-03
7.413795000000000000e+09	3.034494699999999798e-03	1.294965400000000055e-03
7.413797429000000000e+09	3.036532099999999807e-03	1.384000999999999938e-03
7.413799857000000000e+09	3.056675300000000119e-03	1.345495900000000028e-03
7.413802286000000000e+09	3.033277899999999895e-03	1.273615399999999996e-03
7.413804714000000000e+09	3.044708699999999942e-03	1.299368400000000100e-03
7.413807143000000000e+09	3.091224200000000123e-03	1.310257000000000002e-03
7.413809571000000000e+09	3.032993999999999794e-03	1.327561000000000106e-03
7.413812000000000000e+09	3.022411100000000055e-03	1.312677699999999963e-03
7.413814429000000000e+09	3.017428300000000053e-03	1.270903400000000013e-03
7.413816857000000000e+09	3.049862200000000041e-03	1.268356800000000053e-03
7.413819286000000000e+09	3.090419200000000133e-03	1.223473299999999981e-03
7.413821714000000000e+09	3.081336300000000160e-03	1.282706900000000084e-03
7.413824143000000000e+09	3.056118400000000165e-03	1.272346900000000027e-03
7.413826571000000000e+09	3.054130400000000089e-03	1.254454300000000001e-03
7.413829000000000000e+09	3.032697899999999870e-03	1.271804899999999950e-03
7.413831429000000000e+09	3.055437900000000130e-03	1.260034799999999993e-03
7.413833857000000000e+09	3.084802499999999940e-03	1.258436799999999986e-03
7.413836286000000000e+09	3.075533200000000154e-03	1.269336399999999952e-03
7.413838714000000000e+09	3.061034900000000111e-03	1.236165299999999892e-03
7.413841143000000000e+09	3.054122800000000099e-03	1.234069900000000055e-03
7.413843571000000000e+09	3.080317400000000087e-03	1.194823100000000056e-03
7.413846000000000000e+09	3.092137699999999816e-03	1.235165799999999930e-03
7.413848429000000000e+09	3.088250099999999883e-03	1.202169699999999916e-03
7.413850857000000000e+09	3.066597700000000138e-03	1.191042399999999932e-03
7.413853286000000000e+09	3.057120600000000181e-03	1.166129199999999975e-03
7.413855714000000000e+09	3.121890400000000131e-03	1.161940200000000046e-03
7.413858143000000000e+09	3.041545599999999870e-03	1.162689300000000056e-03
7.413860571000000000e+09	3.118708699999999789e-03	1.114026400000000085e-03
7.413863000000000000e+09	3.099839599999999838e-03	1.163735699999999965e-03
7.413865429000000000e+09	3.058966099999999803e-03	1.169218899999999953e-03
7.413867857000000000e+09	3.071619900000000132e-03	1.159952699999999923e-03
7.413870286000000000e+09	3.086297999999999906e-03	1.171837999999999916e-03
7.413872714000000000e+09	3.125241700000000195e-03	1.115448300000000106e-03
7.413875143000000000e+09	3.048814200000000019e-03	1.106287500000000023e-03
7.413877571000000000e+09	3.111526800000000148e-03	1.144601600000000070e-03
7.413880000000000000e+09	3.064377300000000175e-03	1.110548800000000103e-03
7.413882429000000000e+09	3.070898600000000062e-03	1.090058600000000074e-03
7.413884857000000000e+09	3.101967299999999848e-03	1.097558599999999985e-03
7.413887286000000000e+09	3.073777099999999794e-03	1.060338500000000033e-03
7.413889714000000000e+09	3.039819999999999935e-03	1.026841699999999930e-03
7.413892143000000000e+09	3.072883499999999948e-03	1.086187400000000096e-03
7.413894571000000000e+09	3.111325600000000059e-03	1.048902100000000028e-03
7.413897000000000000e+09	3.096438200000000036e-03	1.029054800000000006e-03
7.413899429000000000e+09	3.124330600000000020e-03	1.053194500000000089e-03
7.413901857000000000e+09	3.097554199999999827e-03	1.021322000000000072e-03
7.413904286000000000e+09	3.147652899999999788e-03	9.758225999999999836e-04
7.413906714000000000e+09	3.103084400000000014e-03	1.010817499999999963e-03
7.413909143000000000e+09	3.052747900000000059e-03	9.781957000000000846e-04
7.413911571000000000e+09	3.131400700000000134e-03	9.874091000000001072e-04
7.413914000000000000e+09	3.106307500000000162e-03	1.006053700000000047e-03
7.413916429000000000e+09	3.111895800000000212e-03	9.741145000000000533e-04
7.413918857000000000e+09	3.146205999999999916e-03	1.000747499999999918e-03
7.413921286000000000e+09	3.076070399999999896e-03	9.133782000000000229e-04
7.413923714000000000e+09	3.080501900000000119e-03	9.805519999999999861e-04
7.413926143000000000e+09	3.103776099999999965e-03	9.771928000000000471e-04
7.413928571000000000e+09	3.091695900000000080e-03	9.523226000000000087e-04
7.413931000000000000e+09	3.049640599999999934e-03	9.099511000000000231e-04
7.413933429000000000e+09	3.152288699999999857e-03	9.046043000000000356e-04
7.413935857000000000e+09	3.075838000000000010e-03	9.444635000000000486e-04
7.413938286000000000e+09	3.057340400000000107e-03	8.986591000000000370e-04
7.413940714000000000e+09	3.105596500000000135e-03	9.016783000000000436e-04
7.413943143000000000e+09	3.114088000000000099e-03	8.865210000000000321e-04
7.413945571000000000e+09	3.094869000000000092e-03	8.719592000000000185e-04
7.413948000000000000e+09	3.083186300000000015e-03	9.004431000000000457e-04
7.413950429000000000e+09	3.077845799999999899e-03	8.314172000000000532e-04
7.413952857000000000e+09	3.098674000000000046e-03	8.321906000000000008e-04
7.413955286000000000e+09	3.075967399999999900e-03	7.918642000000000476e-04
7.413957714000000000e+09	3.138891699999999795e-03	8.585106000000000334e-04
7.413960143000000000e+09	3.136379199999999971e-03	8.533262999999999482e-04
7.413962571000000000e+09	3.062802500000000056e-03	8.349351000000000082e-04
7.413965000000000000e+09	3.123420500000000186e-03	7.653148999999999933e-04
7.413967429000000000e+09	3.088329199999999969e-03	8.191786999999999637e-04
7.413969857000000000e+09	3.043212100000000035e-03	7.913546999999999942e-04
7.413972286000000000e+09	3.105098399999999849e-03	7.962321000000000502e-04
7.413974714000000000e+09	3.132872599999999858e-03	7.637642999999999949e-04
7.413977143000000000e+09	3.049693300000000124e-03	8.433199000000000164e-04
7.413979571000000000e+09	3.105391600000000085e-03	7.651748999999999573e-04
7.413982000000000000e+09	3.077047800000000128e-03	7.381042999999999459e-04
7.413984429000000000e+09	3.141089799999999960e-03	7.772772000000000058e-04
7.413986857000000000e+09	3.107322899999999909e-03	7.321288000000000231e-04
7.413989286000000000e+09	3.063697800000000047e-03	7.613150999999999642e-04
7.413991714000000000e+09	3.069160400000000167e-03	7.274014999999999778e-04
7.413994143000000000e+09	3.081360799999999841e-03	7.105683999999999915e-04
7.413996571000000000e+09	3.044557700000000058e-03	7.424426999999999719e-04
7.413999000000000000e+09	3.103942499999999896e-03	7.507893999999999983e-04
7.414001429000000000e+09	3.118545500000000081e-03	7.206829999999999573e-04
7.414003857000000000e+09	3.147080799999999855e-03	6.830049999999999837e-04
7.414006286000000000e+09	3.124693600000000206e-03	6.968351999999999923e-04
7.414008714000000000e+09	3.033155300000000155e-03	6.848088000000000222e-04
7.414011143000000000e+09	3.051587000000000136e-03	6.857497999999999849e-04
7.414013571000000000e+09	3.106319199999999815e-03	7.165964000000000361e-04
7.414016000000000000e+09	3.130836499999999859e-03	6.453643999999999700e-04
7.414018429000000000e+09	3.130507099999999855e-03	6.611787999999999520e-04
7.414020857000000000e+09	3.118293399999999983e-03	6.261017999999999488e-04
7.414023286000000000e+09	3.062666700000000151e-03	5.894863999999999877e-04
7.414025714000000000e+09	3.150914700000000124e-03	5.960212000000000322e-04
7.414028143000000000e+09	3.157598199999999810e-03	6.426789000000000243e-04
7.414030571000000000e+09	3.086676600000000208e-03	6.016176999999999506e-04
7.414033000000000000e+09	3.102899699999999913e-03	6.061585000000000410e-04
7.414035429000000000e+09	3.092982800000000036e-03	5.603954000000000183e-04
7.414037857000000000e+09	3.072863800000000169e-03	5.887464000000000456e-04
7.414040286000000000e+09	3.157538200000000166e-03	5.896573999999999696e-04
7.414042714000000000e+09	3.077294899999999823e-03	5.795630999999999873e-04
7.414045143000000000e+09	3.074350200000000068e-03	5.102884000000000456e-04
7.414047571000000000e+09	3.085336900000000028e-03	5.004166000000000430e-04
7.414050000000000000e+09	3.074596299999999855e-03	4.672453000000000240e-04
7.414052429000000000e+09	3.086125700000000131e-03	5.438469000000000463e-04
7.414054857000000000e+09	3.119683299999999933e-03	4.600478999999999766e-04
7.414057286000000000e+09	3.113923299999999880e-03	5.370907999999999976e-04
7.414059714000000000e+09	3.086016500000000190e-03	4.369814999999999767e-04
7.414062143000000000e+09	3.137055799999999978e-03	4.811098999999999996e-04
7.414064571000000000e+09	3.078192200000000062e-03	4.754027999999999878e-04
7.414067000000000000e+09	3.043168399999999878e-03	4.069305999999999965e-04
7.414069429000000000e+09	3.074839399999999921e-03	4.145061000000000123e-04
7.414071857000000000e+09	3.125227899999999826e-03	4.754833000000000085e-04
7.414074286000000000e+09	3.094745900000000181e-03	4.519333999999999851e-04
7.414076714000000000e+09	3.029429199999999784e-03	4.485250000000000196e-04
7.414079143000000000e+09	3.060517100000000046e-03	3.942735999999999854e-04
7.414081571000000000e+09	3.014700300000000034e-03	4.099382999999999846e-04
7.414084000000000000e+09	3.059492300000000130e-03	3.833857999999999776e-04
7.414086429000000000e+09	3.102715199999999882e-03	3.358524999999999900e-04
7.414088857000000000e+09	3.114365799999999854e-03	3.528542999999999871e-04
7.414091286000000000e+09	3.054115999999999949e-03	4.044392999999999751e-04
7.414093714000000000e+09	2.973567900000000184e-03	3.716915999999999905e-04
7.414096143000000000e+09	3.052446700000000131e-03	3.719013999999999762e-04
7.414098571000000000e+09	3.120910800000000016e-03	2.652592000000000166e-04
7.414101000000000000e+09	3.067792199999999810e-03	3.036253999999999949e-04
7.414103429000000000e+09	3.039760700000000097e-03	3.585524000000000198e-04
7.414105857000000000e+09	3.110053499999999947e-03	3.291925000000000233e-04
7.414108286000000000e+09	3.056724499999999983e-03	2.607665999999999912e-04
7.414110714000000000e+09	3.097610700000000012e-03	3.063067000000000263e-04
7.414113143000000000e+09	3.057408900000000047e-03	2.605544999999999801e-04
7.414115571000000000e+09	3.050737999999999887e-03	2.534112000000000040e-04
7.414118000000000000e+09	3.059485399999999945e-03	2.773671000000000231e-04
7.414120429000000000e+09	3.071074899999999899e-03	2.723690999999999873e-04
7.414122857000000000e+09	3.059864199999999881e-03	2.553023999999999767e-04
7.414125286000000000e+09	3.035190499999999847e-03	2.326394000000000075e-04
7.414127714000000000e+09	3.071974500000000056e-03	2.324911999999999942e-04
7.414130143000000000e+09	3.068332999999999911e-03	2.026747999999999929e-04
7.414132571000000000e+09	3.037992299999999878e-03	2.048420000000000015e-04
7.414135000000000000e+09	3.020032800000000024e-03	1.849494999999999883e-04
7.414137429000000000e+09	3.062614500000000132e-03	2.229703000000000089e-04
7.414139857000000000e+09	3.049841699999999989e-03	1.896597000000000029e-04
7.414142286000000000e+09	3.015315000000000183e-03	1.797120000000000033e-04
7.414144714000000000e+09	3.037042800000000053e-03	1.614002000000000069e-04
7.414147143000000000e+09	3.044857700000000011e-03	1.822837000000000112e-04
7.414149571000000000e+09	3.043162299999999966e-03	1.368769000000000040e-04
7.414152000000000000e+09	3.023779299999999979e-03	1.002170000000000063e-04
7.414154429000000000e+09	3.015626699999999789e-03	1.081553000000000045e-04
7.414156857000000000e+09	3.054195899999999873e-03	1.020446999999999956e-04
7.414159286000000000e+09	3.005285999999999808e-03	1.538801999999999976e-04
7.414161714000000000e+09	3.055187500000000177e-03	1.264617999999999960e-04
7.414164143000000000e+09	3.080922099999999862e-03	2.501289999999999899e-05
7.414166571000000000e+09	3.020565199999999863e-03	4.164539999999999941e-05
7.414169000000000000e+09	3.088594000000000062e-03	4.089699999999999824e-05
7.414171429000000000e+09	3.026125100000000203e-03	1.195350999999999933e-04
7.414173857000000000e+09	3.075196699999999898e-03	1.023720000000000017e-04
7.414176286000000000e+09	3.047600000000000135e-03	1.968150000000000121e-05
7.414178714000000000e+09	3.016336300000000206e-03	9.963830000000000451e-05
7.414181143000000000e+09	3.014790900000000138e-03	5.684049999999999899e-05
7.414183571000000000e+09	2.977317900000000031e-03	9.617889999999999491e-05
7.414186000000000000e+09	2.968703100000000088e-03	1.233680000000000020e-05
7.414188429000000000e+09	3.027785199999999920e-03	3.576149999999999972e-05
7.414190857000000000e+09	3.001038699999999948e-03	-7.150500000000000402e-06
7.414193286000000000e+09	3.012781799999999805e-03	1.309699999999999929e-06
7.414195714000000000e+09	3.006947500000000002e-03	-1.975499999999999975e-06
7.414198143000000000e+09	3.027689599999999846e-03	-4.379680000000000053e-05
7.414200571000000000e+09	3.017044899999999849e-03	-5.606819999999999963e-05
7.414203000000000000e+09	3.013285599999999866e-03	-7.433200000000000592e-05
7.414205429000000000e+09	2.961971099999999909e-03	-3.722350000000000029e-05
7.414207857000000000e+09	3.020488600000000197e-03	-4.644900000000000201e-05
7.414210286000000000e+09	2.987693899999999906e-03	-8.018920000000000128e-05
7.414212714000000000e+09	3.006212700000000099e-03	-6.108060000000000605e-05
7.414215143000000000e+09	2.954563600000000099e-03	-4.249590000000000084e-05
7.414217571000000000e+09	3.014194200000000056e-03	-7.454680000000000258e-05
7.414220000000000000e+09	2.963592100000000170e-03	-6.525169999999999733e-05
7.414222429000000000e+09	2.969427599999999948e-03	-6.679499999999999999e-05
7.414224857000000000e+09	2.925582500000000093e-03	-1.216829000000000001e-04
7.414227286000000000e+09	3.005824399999999959e-03	-1.258572999999999918e-04
7.414229714000000000e+09	2.921597100000000204e-03	-1.752566000000000052e-04
7.414232143000000000e+09	2.985320899999999947e-03	-1.455512999999999967e-04
7.414234571000000000e+09	2.927181200000000122e-03	-1.426591000000000111e-04
7.414237000000000000e+09	2.958482100000000160e-03	-1.327896999999999867e-04
7.414239429000000000e+09	2.938594399999999805e-03	-1.374361999999999904e-04
7.414241857000000000e+09	2.910870500000000034e-03	-1.341857999999999918e-04
7.414244286000000000e+09	2.914113299999999962e-03	-1.493613000000000026e-04
7.414246714000000000e+09	2.899475199999999950e-03	-2.082523999999999985e-04
7.414249143000000000e+09	2.905719299999999852e-03	-2.068495000000000056e-04
7.414251571000000000e+09	2.895441900000000207e-03	-1.495245999999999880e-04
7.414254000000000000e+09	2.878071500000000012e-03	-2.030655000000000025e-04
7.414256429000000000e+09	2.886621499999999976e-03	-1.863970000000000112e-04
7.414258857000000000e+09	2.898667399999999873e-03	-1.856872000000000134e-04
7.414261286000000000e+09	2.938988000000000017e-03	-1.964393999999999949e-04
7.414263714000000000e+09	2.877914899999999953e-03	-2.353796000000000122e-04
7.414266143000000000e+09	2.842416200000000021e-03	-2.217323000000000048e-04
7.414268571000000000e+09	2.857747900000000198e-03	-1.948413999999999875e-04
7.414271000000000000e+09	2.838669900000000135e-03	-2.218532000000000056e-04
7.414273429000000000e+09	2.833309000000000001e-03	-1.888031000000000084e-04
7.414275857000000000e+09	2.842109399999999918e-03	-2.210098000000000130e-04
7.414278286000000000e+09	2.810618100000000005e-03	-2.150414999999999976e-04
7.414280714000000000e+09	2.841882699999999807e-03	-2.491641999999999750e-04
7.414283143000000000e+09	2.867410099999999958e-03	-2.782123999999999860e-04
7.414285571000000000e+09	2.809584500000000123e-03	-2.252437999999999999e-04
7.414288000000000000e+09	2.867290000000000203e-03	-2.343644000000000087e-04
7.414290429000000000e+09	2.817914700000000161e-03	-2.300438000000000081e-04
7.414292857000000000e+09	2.805562100000000194e-03	-2.950536000000000239e-04
7.414295286000000000e+09	2.784034500000000072e-03	-2.791730000000000188e-04
7.414297714000000000e+09	2.785547700000000002e-03	-2.695854999999999823e-04
7.414300143000000000e+09	2.767439600000000215e-03	-3.014730999999999986e-04
7.414302571000000000e+09	2.712851200000000133e-03	-2.583064999999999840e-04
7.414305000000000000e+09	2.768945599999999858e-03	-2.553031999999999784e-04
7.414307429000000000e+09	2.716157399999999996e-03	-2.748455000000000234e-04
7.414309857000000000e+09	2.762923599999999799e-03	-3.048953000000000080e-04
7.414312286000000000e+09	2.791360000000000108e-03	-3.221240000000000214e-04
7.414314714000000000e+09	2.734465799999999999e-03	-2.579367000000000270e-04
7.414317143000000000e+09	2.758627300000000143e-03	-2.621421000000000189e-04
7.414319571000000000e+09	2.697069700000000094e-03	-3.410517999999999861e-04
7.414322000000000000e+09	2.698641199999999955e-03	-3.081744000000000085e-04
7.414324429000000000e+09	2.702549600000000041e-03	-3.435714999999999885e-04
7.414326857000000000e+09	2.654282100000000030e-03	-2.782190000000000140e-04
7.414329286000000000e+09	2.653485599999999903e-03	-2.770229999999999936e-04
7.414331714000000000e+09	2.618997599999999849e-03	-3.091705000000000039e-04
7.414334143000000000e+09	2.596297500000000185e-03	-2.778179000000000087e-04
7.414336571000000000e+09	2.593002200000000135e-03	-2.933764000000000055e-04
7.414339000000000000e+09	2.639276600000000066e-03	-2.743465000000000270e-04
7.414341429000000000e+09	2.631586999999999902e-03	-2.979915999999999880e-04
7.414343857000000000e+09	2.631244500000000201e-03	-2.421919999999999878e-04
7.414346286000000000e+09	2.546935499999999908e-03	-2.615098999999999744e-04
7.414348714000000000e+09	2.524977299999999966e-03	-2.819383000000000175e-04
7.414351143000000000e+09	2.515054100000000108e-03	-2.951750000000000055e-04
7.414353571000000000e+09	2.520270399999999938e-03	-2.552667000000000000e-04
7.414356000000000000e+09	2.461033100000000091e-03	-2.879193000000000269e-04
7.414358429000000000e+09	2.463928900000000085e-03	-2.721118000000000126e-04
7.414360857000000000e+09	2.486648000000000157e-03	-3.422035000000000246e-04
7.414363286000000000e+09	2.417666299999999841e-03	-2.554863000000000208e-04
7.414365714000000000e+09	2.409014100000000155e-03	-2.585067999999999828e-04
7.414368143000000000e+09	2.353136100000000064e-03	-2.401616000000000081e-04
7.414370571000000000e+09	2.330523399999999846e-03	-2.548823999999999773e-04
7.414373000000000000e+09	2.335295600000000023e-03	-2.187729000000000073e-04
7.414375429000000000e+09	2.384891100000000128e-03	-2.444993999999999922e-04
7.414377857000000000e+09	2.299492000000000202e-03	-2.380767999999999903e-04
7.414380286000000000e+09	2.265391199999999914e-03	-2.538921000000000081e-04
7.414382714000000000e+09	2.254508699999999925e-03	-2.225445999999999902e-04
7.414385143000000000e+09	2.279996800000000119e-03	-1.530827999999999974e-04
7.414387571000000000e+09	2.216635299999999888e-03	-1.576202999999999925e-04
7.414390000000000000e+09	2.184028399999999887e-03	-1.568507000000000126e-04
7.414392429000000000e+09	2.210657100000000021e-03	-1.125648999999999969e-04
7.414394857000000000e+09	2.132214099999999932e-03	-2.097397999999999938e-04
7.414397286000000000e+09	2.191044200000000133e-03	-2.159557999999999899e-04
7.414399714000000000e+09	2.083614899999999999e-03	-1.249168999999999898e-04
7.414402143000000000e+09	2.087482500000000050e-03	-1.506568999999999975e-04
7.414404571000000000e+09	2.050892700000000145e-03	-1.569638999999999898e-04
7.414407000000000000e+09	2.055412600000000155e-03	-1.280929999999999948e-04
7.414409429000000000e+09	1.993194700000000021e-03	-7.184109999999999899e-05
7.414411857000000000e+09	1.925012899999999907e-03	-6.369819999999999942e-05
7.414414286000000000e+09	1.911806600000000040e-03	-4.267630000000000338e-05
7.414416714000000000e+09	1.990933600000000057e-03	-1.034585000000000056e-04
7.414419143000000000e+09	1.899453800000000005e-03	-5.004630000000000227e-05
7.414421571000000000e+09	1.928397299999999983e-03	-1.129604999999999970e-04
7.414424000000000000e+09	1.834112799999999995e-03	-6.013900000000000138e-05
7.414426429000000000e+09	1.820296600000000098e-03	-9.567800000000000111e-05
7.414428857000000000e+09	1.798899999999999978e-03	1.836910000000000002e-05
7.414431286000000000e+09	1.791914799999999976e-03	-1.561819999999999897e-05
7.414433714000000000e+09	1.731110600000000102e-03	1.522529999999999973e-05
7.414436143000000000e+09	1.726181100000000060e-03	-1.923150000000000044e-05
7.414438571000000000e+09	1.715577399999999950e-03	-2.355480000000000019e-05
7.414441000000000000e+09	1.636061100000000103e-03	-2.647759999999999871e-05
7.414443429000000000e+09	1.651705600000000045e-03	-6.819059999999999727e-05
7.414445857000000000e+09	1.683262899999999913e-03	-3.962460000000000006e-05
7.414448286000000000e+09	1.610493900000000041e-03	3.777770000000000254e-05
7.414450714000000000e+09	1.569208000000000105e-03	3.490880000000000025e-05
7.414453143000000000e+09	1.534662300000000108e-03	4.380149999999999728e-05
7.414455571000000000e+09	1.486868300000000016e-03	-4.139340000000000250e-05
7.414458000000000000e+09	1.524996000000000034e-03	4.702169999999999739e-05
7.414460429000000000e+09	1.451387699999999968e-03	4.970419999999999754e-05
7.414462857000000000e+09	1.463024800000000108e-03	7.329499999999999874e-06
7.414465286000000000e+09	1.375853299999999901e-03	1.626269999999999932e-05
7.414467714000000000e+09	1.428088600000000088e-03	5.284200000000000161e-06
7.414470143000000000e+09	1.405239400000000104e-03	4.126459999999999791e-05
7.414472571000000000e+09	1.390099699999999914e-03	8.632120000000000288e-05
7.414475000000000000e+09	1.364162099999999961e-03	4.714470000000000282e-05
7.414477429000000000e+09	1.275058900000000011e-03	-2.968599999999999835e-06
7.414479857000000000e+09	1.281409600000000051e-03	4.564029999999999736e-05
7.414482286000000000e+09	1.247674199999999900e-03	2.193880000000000076e-05
7.414484714000000000e+09	1.269653199999999996e-03	3.519390000000000197e-05
7.414487143000000000e+09	1.203749700000000073e-03	6.744009999999999827e-05
7.414489571000000000e+09	1.147890699999999957e-03	9.020610000000000358e-05
7.414492000000000000e+09	1.147137400000000033e-03	1.135581000000000063e-04
7.414494429000000000e+09	1.151445399999999992e-03	9.956180000000000618e-05
7.414496857000000000e+09	1.183303400000000052e-03	9.029250000000000329e-05
7.414499286000000000e+09	1.147022900000000019e-03	4.477919999999999980e-05
7.414501714000000000e+09	1.077264199999999937e-03	1.231461999999999900e-04
7.414504143000000000e+09	1.070926600000000027e-03	9.733640000000000543e-05
7.414506571000000000e+09	1.031003099999999988e-03	1.022947999999999951e-04
7.414509000000000000e+09	1.050495999999999939e-03	5.200460000000000011e-05
7.414511429000000000e+09	9.944940000000000637e-04	1.342398000000000018e-04
7.414513857000000000e+09	9.991261999999999886e-04	9.245169999999999441e-05
7.414516286000000000e+09	9.427190999999999913e-04	4.873830000000000057e-05
7.414518714000000000e+09	9.325320000000000224e-04	7.554530000000000327e-05
7.414521143000000000e+09	8.860253999999999483e-04	5.279370000000000243e-05
7.414523571000000000e+09	9.973314000000000918e-04	8.262460000000000171e-05
7.414526000000000000e+09	8.817621000000000530e-04	7.881089999999999450e-05
7.414528429000000000e+09	9.100732000000000266e-04	1.031047999999999958e-04
7.414530857000000000e+09	8.613857000000000154e-04	7.940919999999999858e-05
7.414533286000000000e+09	8.369202999999999972e-04	8.310579999999999975e-05
7.414535714000000000e+09	8.397307999999999596e-04	1.037049999999999973e-04
7.414538143000000000e+09	8.002328999999999866e-04	1.054816000000000033e-04
7.414540571000000000e+09	7.284621999999999929e-04	1.322002000000000019e-04
7.414543000000000000e+09	7.464076000000000261e-04	1.156178999999999963e-04
7.414545429000000000e+09	7.249748999999999560e-04	5.897120000000000215e-05
7.414547857000000000e+09	7.093539000000000051e-04	1.403749000000000034e-04
7.414550286000000000e+09	6.561015000000000336e-04	1.369228999999999965e-04
7.414552714000000000e+09	6.366857999999999546e-04	5.237540000000000002e-05
7.414555143000000000e+09	6.127389999999999486e-04	1.529927000000000099e-04
7.414557571000000000e+09	6.149344999999999855e-04	1.653585000000000059e-04
7.414560000000000000e+09	5.894911999999999982e-04	1.865304999999999990e-04
7.414562429000000000e+09	5.093263000000000434e-04	1.689623999999999868e-04
7.414564857000000000e+09	5.897180000000000347e-04	1.648693999999999973e-04
7.414567286000000000e+09	5.572048000000000018e-04	1.312529000000000050e-04
7.414569714000000000e+09	4.856258999999999815e-04	2.033019000000000059e-04
7.414572143000000000e+09	5.116705000000000472e-04	2.079210999999999972e-04
7.414574571000000000e+09	4.742411000000000087e-04	1.796008000000000034e-04
7.414577000000000000e+09	4.673413000000000176e-04	1.826453999999999979e-04
7.414579429000000000e+09	3.868322999999999792e-04	2.131473000000000048e-04
7.414581857000000000e+09	4.127468000000000239e-04	1.506544000000000123e-04
7.414584286000000000e+09	3.294926999999999904e-04	2.027975000000000112e-04
7.414586714000000000e+09	3.890985000000000017e-04	2.361607000000000105e-04
7.414589143000000000e+09	3.125070000000000083e-04	1.878817000000000074e-04
7.414591571000000000e+09	2.659086999999999974e-04	1.673191000000000088e-04
7.414594000000000000e+09	2.558869999999999981e-04	2.185943999999999886e-04
7.414596429000000000e+09	2.834102999999999926e-04	2.450506000000000082e-04
7.414598857000000000e+09	2.370003000000000084e-04	2.442991999999999733e-04
7.414601286000000000e+09	2.610746999999999959e-04	2.330838000000000061e-04
7.414603714000000000e+09	2.082301000000000106e-04	2.754206000000000037e-04
7.414606143000000000e+09	1.460594000000000063e-04	3.003905999999999764e-04
7.414608571000000000e+09	1.685090999999999889e-04	2.908265000000000047e-04
7.414611000000000000e+09	1.226304999999999908e-04	2.311182000000000058e-04
7.414613429000000000e+09	1.355066999999999947e-04	3.025861000000000132e-04
7.414615857000000000e+09	9.361389999999999490e-05	2.570679999999999992e-04
7.414618286000000000e+09	1.834190000000000137e-05	2.791146999999999791e-04
7.414620714000000000e+09	1.232161000000000009e-04	2.946790999999999820e-04
7.414623143000000000e+09	-4.605299999999999767e-06	3.110031999999999771e-04
7.414625571000000000e+09	2.082660000000000148e-05	3.186401999999999854e-04
7.414628000000000000e+09	1.844100000000000055e-06	3.877517999999999829e-04
7.414630429000000000e+09	-8.733700000000000762e-06	3.453911999999999738e-04
7.414632857000000000e+09	-1.296009999999999980e-05	3.722342999999999811e-04
7.414635286000000000e+09	-1.069503000000000050e-04	3.514287000000000053e-04
7.414637714000000000e+09	-9.619149999999999543e-05	3.838628000000000070e-04
7.414640143000000000e+09	-1.591181000000000106e-04	3.426866999999999999e-04
7.414642571000000000e+09	-9.994719999999999744e-05	4.111871000000000124e-04
7.414645000000000000e+09	-1.372291000000000038e-04	3.690909999999999937e-04
7.414647429000000000e+09	-1.668201000000000124e-04	3.755326000000000237e-04
7.414649857000000000e+09	-1.201195999999999942e-04	3.943532000000000244e-04
7.414652286000000000e+09	-2.015310999999999990e-04	4.186436999999999776e-04
7.414654714000000000e+09	-1.525532000000000016e-04	3.952138999999999804e-04
7.414657143000000000e+09	-2.394523999999999980e-04	4.045233999999999766e-04
7.414659571000000000e+09	-2.803344000000000040e-04	5.005393000000000342e-04
7.414662000000000000e+09	-2.619389000000000071e-04	4.996841999999999820e-04
7.414664429000000000e+09	-2.955586999999999863e-04	4.825000000000000187e-04
7.414666857000000000e+09	-2.967369999999999882e-04	5.192479000000000062e-04
7.414669286000000000e+09	-3.062677000000000086e-04	4.803431000000000259e-04
7.414671714000000000e+09	-3.257755999999999781e-04	5.507204000000000136e-04
7.414674143000000000e+09	-4.070179999999999848e-04	5.476788999999999919e-04
7.414676571000000000e+09	-3.741330999999999975e-04	5.738005000000000232e-04
7.414679000000000000e+09	-3.644133000000000029e-04	5.431480999999999506e-04
7.414681429000000000e+09	-4.280277000000000083e-04	6.347628999999999598e-04
7.414683857000000000e+09	-4.656381000000000235e-04	5.664183999999999842e-04
7.414686286000000000e+09	-4.871642000000000138e-04	5.933798999999999801e-04
7.414688714000000000e+09	-4.251092000000000260e-04	6.210299999999999545e-04
7.414691143000000000e+09	-4.912741000000000200e-04	6.412282999999999742e-04
7.414693571000000000e+09	-5.271889999999999563e-04	6.508185000000000098e-04
7.414696000000000000e+09	-5.650731999999999890e-04	6.646173999999999702e-04
7.414698429000000000e+09	-5.477646000000000511e-04	7.844840000000000060e-04
7.414700857000000000e+09	-5.855622999999999688e-04	7.158571000000000075e-04
7.414703286000000000e+09	-5.427382999999999600e-04	6.897863999999999862e-04
7.414705714000000000e+09	-6.259587999999999741e-04	6.700166999999999711e-04
7.414708143000000000e+09	-5.883315000000000506e-04	7.661239999999999717e-04
7.414710571000000000e+09	-6.247782999999999809e-04	7.779640000000000210e-04
7.414713000000000000e+09	-6.501236000000000514e-04	7.711964999999999879e-04
7.414715429000000000e+09	-5.973407000000000456e-04	8.276533000000000197e-04
7.414717857000000000e+09	-6.667294999999999732e-04	9.384636999999999710e-04
7.414720286000000000e+09	-6.854463999999999566e-04	8.414091999999999535e-04
7.414722714000000000e+09	-7.068840999999999970e-04	8.811729000000000350e-04
7.414725143000000000e+09	-6.975863999999999589e-04	8.493096000000000109e-04
7.414727571000000000e+09	-7.543304999999999498e-04	8.411497000000000418e-04
7.414730000000000000e+09	-6.967801999999999937e-04	9.480800000000000165e-04
7.414732429000000000e+09	-7.467845999999999989e-04	9.240414000000000396e-04
7.414734857000000000e+09	-7.462013999999999670e-04	1.003859800000000014e-03
7.414737286000000000e+09	-7.658434000000000205e-04	1.019227300000000039e-03
7.414739714000000000e+09	-8.009818000000000363e-04	1.013534599999999950e-03
7.414742143000000000e+09	-8.187666999999999818e-04	1.064545799999999914e-03
7.414744571000000000e+09	-8.004384999999999495e-04	1.064898899999999976e-03
7.414747000000000000e+09	-8.009258999999999476e-04	1.106802000000000046e-03
7.414749429000000000e+09	-8.353269000000000406e-04	1.053333500000000001e-03
7.414751857000000000e+09	-8.733172999999999674e-04	1.175563099999999946e-03
7.414754286000000000e+09	-8.477362999999999696e-04	1.182436000000000034e-03
7.414756714000000000e+09	-8.980667000000000120e-04	1.253481400000000003e-03
7.414759143000000000e+09	-8.596842999999999846e-04	1.321387800000000095e-03
7.414761571000000000e+09	-8.537736999999999670e-04	1.260723500000000006e-03
7.414764000000000000e+09	-8.360490999999999843e-04	1.293443999999999931e-03
7.414766429000000000e+09	-9.115116000000000364e-04	1.340532699999999987e-03
7.414768857000000000e+09	-9.369458999999999904e-04	1.353846699999999934e-03
7.414771286000000000e+09	-9.252630999999999876e-04	1.364453299999999949e-03
7.414773714000000000e+09	-8.700970000000000145e-04	1.425505000000000088e-03
7.414776143000000000e+09	-8.768625000000000161e-04	1.523790500000000081e-03
7.414778571000000000e+09	-9.001623999999999520e-04	1.560128700000000057e-03
7.414781000000000000e+09	-8.832414999999999494e-04	1.540132500000000000e-03
7.414783429000000000e+09	-9.328913999999999566e-04	1.604636100000000030e-03
7.414785857000000000e+09	-9.344699999999999621e-04	1.634101399999999919e-03
7.414788286000000000e+09	-8.752668000000000340e-04	1.733433200000000004e-03
7.414790714000000000e+09	-8.306868999999999495e-04	1.732741699999999904e-03
7.414793143000000000e+09	-8.806842000000000273e-04	1.806413599999999973e-03
7.414795571000000000e+09	-8.992361000000000147e-04	1.806322699999999984e-03
7.414798000000000000e+09	-8.979123999999999786e-04	1.818032999999999932e-03
7.414800429000000000e+09	-8.549140000000000211e-04	1.854670799999999942e-03
7.414802857000000000e+09	-9.186150000000000131e-04	1.860882899999999991e-03
7.414805286000000000e+09	-9.022246999999999949e-04	1.892692100000000106e-03
7.414807714000000000e+09	-8.780651999999999902e-04	1.883740399999999987e-03
7.414810143000000000e+09	-8.052108000000000529e-04	1.994687000000000196e-03
7.414812571000000000e+09	-7.913727999999999865e-04	2.047766999999999817e-03
7.414815000000000000e+09	-8.161353999999999788e-04	2.113034800000000019e-03
7.414817429000000000e+09	-8.215552000000000315e-04	2.153415899999999977e-03
7.414819857000000000e+09	-7.402036999999999549e-04	2.183317499999999894e-03
7.414822286000000000e+09	-8.458673999999999577e-04	2.173683899999999912e-03
7.414824714000000000e+09	-7.796269000000000419e-04	2.149967799999999863e-03
7.414827143000000000e+09	-7.990989999999999465e-04	2.216035999999999787e-03
7.414829571000000000e+09	-7.954047000000000114e-04	2.297745500000000080e-03
7.414832000000000000e+09	-7.663041000000000210e-04	2.278503199999999933e-03
7.414834429000000000e+09	-7.508034000000000019e-04	2.354279099999999954e-03
7.414836857000000000e+09	-6.751733999999999687e-04	2.356904700000000182e-03
7.414839286000000000e+09	-7.708911000000000366e-04	2.414492700000000092e-03
7.414841714000000000e+09	-6.132218000000000044e-04	2.453777700000000107e-03
7.414844143000000000e+09	-6.075164999999999559e-04	2.484149000000000166e-03
7.414846571000000000e+09	-6.714221000000000035e-04	2.462562699999999976e-03
7.414849000000000000e+09	-6.366638999999999675e-04	2.549561899999999975e-03
7.414851429000000000e+09	-6.117173000000000055e-04	2.516795999999999964e-03
7.414853857000000000e+09	-5.824098000000000426e-04	2.555690199999999853e-03
7.414856286000000000e+09	-5.372292000000000300e-04	2.585406100000000196e-03
7.414858714000000000e+09	-5.591393000000000491e-04	2.606339799999999891e-03
7.414861143000000000e+09	-5.168939000000000216e-04	2.562717300000000049e-03
7.414863571000000000e+09	-5.185164000000000353e-04	2.712598599999999863e-03
7.414866000000000000e+09	-5.522657999999999734e-04	2.666558500000000033e-03
7.414868429000000000e+09	-4.894842999999999850e-04	2.719604799999999871e-03
7.414870857000000000e+09	-5.195919000000000015e-04	2.720828700000000027e-03
7.414873286000000000e+09	-4.538011000000000215e-04	2.724050899999999869e-03
7.414875714000000000e+09	-4.369231999999999912e-04	2.685446800000000026e-03
7.414878143000000000e+09	-4.118921999999999796e-04	2.730581799999999993e-03
7.414880571000000000e+09	-3.723183999999999825e-04	2.833485100000000204e-03
7.414883000000000000e+09	-3.762932999999999773e-04	2.755881700000000194e-03
7.414885429000000000e+09	-3.744522000000000128e-04	2.749050800000000117e-03
7.414887857000000000e+09	-3.899152000000000238e-04	2.840196599999999898e-03
7.414890286000000000e+09	-3.132338000000000028e-04	2.846417899999999831e-03
7.414892714000000000e+09	-2.838200000000000033e-04	2.792107199999999904e-03
7.414895143000000000e+09	-3.250928000000000259e-04	2.805764300000000190e-03
7.414897571000000000e+09	-2.986900000000000015e-04	2.839637800000000163e-03
7.414900000000000000e+09	-3.280282000000000250e-04	2.823191100000000103e-03
7.414902429000000000e+09	-2.186400999999999872e-04	2.910682400000000076e-03
7.414904857000000000e+09	-1.846975000000000049e-04	2.850856499999999873e-03
7.414907286000000000e+09	-2.175226000000000102e-04	2.870978399999999861e-03
7.414909714000000000e+09	-1.563663999999999874e-04	2.873212999999999896e-03
7.414912143000000000e+09	-1.659937999999999963e-04	2.866474999999999839e-03
7.414914571000000000e+09	-1.721647000000000086e-04	2.942803099999999946e-03
7.414917000000000000e+09	-1.351071000000000129e-04	2.908129199999999817e-03
7.414919429000000000e+09	-1.531199999999999976e-04	2.896461199999999982e-03
7.414921857000000000e+09	-2.002752999999999966e-04	2.931715000000000102e-03
7.414924286000000000e+09	-1.769793000000000082e-04	2.923888199999999989e-03
7.414926714000000000e+09	-1.369970000000000031e-04	2.894797499999999905e-03
7.414929143000000000e+09	-1.043405000000000016e-04	2.979596699999999959e-03
7.414931571000000000e+09	-1.281681999999999971e-04	2.961253200000000130e-03
7.414934000000000000e+09	-8.252580000000000191e-05	2.929587200000000058e-03
7.414936429000000000e+09	-1.115603999999999966e-04	2.967089500000000182e-03
7.414938857000000000e+09	-5.329549999999999820e-05	3.003208800000000105e-03
7.414941286000000000e+09	-7.532779999999999392e-05	3.030522300000000006e-03
7.414943714000000000e+09	-2.061529999999999895e-05	2.944290500000000185e-03
7.414946143000000000e+09	1.382899999999999922e-06	2.924863000000000202e-03
7.414948571000000000e+09	-1.061490000000000064e-05	2.973645400000000157e-03
7.414951000000000000e+09	-3.082899999999999909e-05	3.008934699999999806e-03
7.414953429000000000e+09	-1.052479999999999959e-05	2.997880200000000144e-03
7.414955857000000000e+09	1.586599999999999980e-06	2.985789300000000080e-03
7.414958286000000000e+09	4.627240000000000102e-05	3.010139900000000091e-03
7.414960714000000000e+09	9.269770000000000527e-05	3.047409300000000158e-03
7.414963143000000000e+09	1.269394999999999931e-04	3.009426400000000078e-03
7.414965571000000000e+09	7.099460000000000633e-05	3.011398099999999800e-03
7.414968000000000000e+09	8.955980000000000267e-05	2.997997400000000211e-03
7.414970429000000000e+09	1.095670999999999966e-04	3.015191700000000204e-03
7.414972857000000000e+09	1.560723999999999933e-04	3.056384899999999970e-03
7.414975286000000000e+09	1.125425999999999955e-04	3.073017600000000141e-03
7.414977714000000000e+09	1.088465999999999956e-04	2.977972299999999840e-03
7.414980143000000000e+09	1.370203000000000068e-04	3.058030199999999844e-03
7.414982571000000000e+09	2.029052000000000102e-04	2.975664099999999861e-03
7.414985000000000000e+09	2.062963999999999922e-04	3.071572399999999980e-03
7.414987429000000000e+09	2.250247999999999940e-04	3.034109899999999985e-03
7.414989857000000000e+09	1.602320000000000068e-04	3.084691999999999990e-03
7.414992286000000000e+09	2.248260999999999988e-04	3.055011099999999872e-03
7.414994714000000000e+09	2.220744000000000027e-04	3.045299100000000043e-03
7.414997143000000000e+09	2.845020000000000079e-04	3.033528000000000179e-03
7.414999571000000000e+09	2.144450000000000110e-04	3.082108400000000206e-03
7.415002000000000000e+09	2.906432000000000026e-04	3.033528100000000213e-03
7.415004429000000000e+09	3.128415999999999966e-04	3.013227099999999867e-03
7.415006857000000000e+09	2.946466999999999923e-04	3.053078299999999971e-03
7.415009286000000000e+09	3.013059000000000115e-04	3.019905099999999846e-03
7.415011714000000000e+09	2.709143000000000228e-04	3.071780599999999854e-03
7.415014143000000000e+09	3.335914000000000262e-04	3.046914500000000130e-03
7.415016571000000000e+09	3.494223999999999768e-04	3.025593699999999837e-03
7.415019000000000000e+09	3.762975000000000000e-04	3.049350000000000151e-03
7.415021429000000000e+09	4.108135000000000064e-04	3.081800200000000059e-03
7.415023857000000000e+09	4.174353999999999912e-04	3.055990199999999817e-03
7.415026286000000000e+09	3.982298999999999800e-04	3.070070500000000001e-03
7.415028714000000000e+09	4.628213000000000270e-04	3.106086100000000124e-03
7.415031143000000000e+09	4.715548000000000070e-04	3.010816300000000029e-03
7.415033571000000000e+09	4.336349999999999775e-04	3.049759799999999816e-03
7.415036000000000000e+09	4.542411999999999904e-04	3.085655200000000150e-03
7.415038429000000000e+09	4.346123999999999929e-04	3.086151399999999788e-03
7.415040857000000000e+09	4.847680000000000045e-04	3.049072299999999996e-03
7.415043286000000000e+09	5.242225999999999570e-04	3.103891699999999920e-03
7.415045714000000000e+09	5.005826999999999803e-04	3.070343599999999888e-03
7.415048143000000000e+09	5.115057000000000111e-04	3.107291700000000111e-03
7.415050571000000000e+09	5.171366999999999848e-04	3.054769399999999850e-03
7.415053000000000000e+09	5.680659999999999920e-04	3.039942400000000041e-03
7.415055429000000000e+09	5.314747000000000091e-04	3.097030199999999817e-03
7.415057857000000000e+09	6.034413000000000190e-04	3.066491199999999816e-03
7.415060286000000000e+09	5.722060000000000167e-04	3.068054599999999951e-03
7.415062714000000000e+09	5.520710000000000070e-04	3.114484800000000102e-03
7.415065143000000000e+09	6.412425999999999716e-04	3.054628599999999975e-03
7.415067571000000000e+09	5.903702999999999946e-04	3.115607199999999907e-03
7.415070000000000000e+09	6.538228999999999569e-04	3.095586300000000100e-03
7.415072429000000000e+09	5.864833000000000502e-04	3.124573600000000052e-03
7.415074857000000000e+09	6.680790999999999509e-04	3.057636500000000031e-03
7.415077286000000000e+09	6.923050000000000471e-04	3.120514999999999921e-03
7.415079714000000000e+09	6.883062000000000338e-04	3.059631799999999995e-03
7.415082143000000000e+09	7.051206000000000401e-04	3.076628599999999859e-03
7.415084571000000000e+09	7.606403000000000296e-04	3.088296400000000060e-03
7.415087000000000000e+09	6.253692999999999622e-04	3.103432799999999991e-03
7.415089429000000000e+09	7.116743000000000244e-04	3.070824499999999947e-03
7.415091857000000000e+09	7.225121999999999838e-04	3.029409199999999903e-03
7.415094286000000000e+09	7.362290999999999540e-04	3.099838599999999930e-03
7.415096714000000000e+09	7.329592000000000008e-04	3.071668499999999791e-03
7.415099143000000000e+09	7.546362000000000035e-04	3.084553099999999895e-03
7.415101571000000000e+09	8.380463999999999795e-04	3.102996900000000099e-03
7.415104000000000000e+09	8.095230000000000351e-04	3.088681800000000078e-03
7.415106429000000000e+09	7.992203000000000024e-04	3.068216700000000151e-03
7.415108857000000000e+09	8.196467999999999940e-04	3.043653999999999804e-03
7.415111286000000000e+09	8.109188000000000464e-04	3.076054300000000043e-03
7.415113714000000000e+09	8.592829999999999652e-04	3.120207900000000149e-03
7.415116143000000000e+09	8.549582000000000232e-04	3.023675700000000213e-03
7.415118571000000000e+09	9.162805999999999902e-04	3.056820799999999862e-03
7.415121000000000000e+09	8.886030999999999964e-04	3.064769000000000174e-03
7.415123429000000000e+09	9.015702999999999695e-04	3.080806499999999906e-03
7.415125857000000000e+09	8.512624000000000102e-04	3.129460799999999980e-03
7.415128286000000000e+09	9.092615000000000289e-04	3.059800899999999980e-03
7.415130714000000000e+09	9.019316000000000095e-04	3.111194600000000057e-03
7.415133143000000000e+09	9.251096000000000102e-04	3.056915700000000131e-03
7.415135571000000000e+09	9.864160999999999763e-04	3.090273399999999854e-03
7.415138000000000000e+09	9.939835999999999203e-04	3.075350299999999801e-03
7.415140429000000000e+09	9.518763999999999654e-04	3.096591100000000134e-03
7.415142857000000000e+09	9.517681000000000058e-04	3.080337199999999900e-03
7.415145286000000000e+09	1.003834699999999911e-03	3.093555500000000173e-03
7.415147714000000000e+09	1.000508300000000099e-03	3.119833900000000115e-03
7.415150143000000000e+09	1.037298099999999900e-03	3.021905499999999814e-03
7.415152571000000000e+09	1.034290900000000082e-03	3.052078699999999974e-03
7.415155000000000000e+09	1.070349800000000009e-03	3.082544200000000064e-03
7.415157429000000000e+09	1.099949399999999942e-03	3.053421100000000207e-03
7.415159857000000000e+09	1.054900899999999982e-03	3.088920599999999978e-03
7.415162286000000000e+09	1.081784799999999970e-03	3.056837599999999953e-03
7.415164714000000000e+09	1.089977700000000025e-03	3.064971200000000170e-03
7.415167143000000000e+09	1.141942499999999911e-03	3.068140200000000085e-03
7.415169571000000000e+09	1.068723099999999973e-03	3.086667600000000174e-03
7.415172000000000000e+09	1.106082100000000019e-03	3.072275599999999950e-03
7.415174429000000000e+09	1.103388199999999920e-03	3.046049800000000165e-03
7.415176857000000000e+09	1.147757500000000071e-03	3.074754700000000094e-03
7.415179286000000000e+09	1.198151800000000003e-03	3.120057800000000138e-03
7.415181714000000000e+09	1.155260300000000070e-03	3.036555700000000049e-03
7.415184143000000000e+09	1.199452799999999996e-03	3.094462699999999886e-03
7.415186571000000000e+09	1.189869600000000071e-03	3.096347699999999967e-03
7.415189000000000000e+09	1.227194000000000028e-03	3.042650000000000042e-03
7.415191429000000000e+09	1.231086699999999964e-03	3.090122900000000141e-03
7.415193857000000000e+09	1.229307299999999898e-03	2.997094100000000094e-03
7.415196286000000000e+09	1.252096399999999988e-03	3.056718500000000106e-03
7.415198714000000000e+09	1.241920000000000090e-03	3.077336700000000199e-03
7.415201143000000000e+09	1.215708600000000011e-03	3.055985700000000017e-03
7.415203571000000000e+09	1.245751800000000076e-03	3.039313300000000186e-03
7.415206000000000000e+09	1.226553299999999904e-03	3.055028600000000202e-03
7.415208429000000000e+09	1.306045899999999909e-03	3.030817800000000159e-03
7.415210857000000000e+09	1.351826200000000051e-03	3.013650000000000096e-03
7.415213286000000000e+09	1.310636000000000006e-03	3.012938000000000161e-03
7.415215714000000000e+09	1.358752699999999985e-03	3.061977300000000117e-03
7.415218143000000000e+09	1.301570699999999962e-03	3.072806300000000077e-03
7.415220571000000000e+09	1.341186899999999944e-03	3.013559800000000129e-03
7.415223000000000000e+09	1.372102299999999929e-03	3.024297600000000214e-03
7.415225429000000000e+09	1.376514699999999928e-03	3.013534600000000209e-03
7.415227857000000000e+09	1.371209499999999923e-03	3.056041499999999963e-03
7.415230286000000000e+09	1.414953700000000066e-03	3.026041299999999816e-03
7.415232714000000000e+09	1.396006700000000005e-03	3.021484799999999901e-03
7.415235143000000000e+09	1.427005899999999943e-03	3.015893899999999832e-03
7.415237571000000000e+09	1.463857700000000071e-03	3.062503299999999942e-03
7.415240000000000000e+09	1.497371900000000035e-03	2.994317499999999983e-03
7.415242429000000000e+09	1.454759099999999947e-03	3.001182800000000081e-03
7.415244857000000000e+09	1.510304999999999981e-03	3.038164900000000189e-03
7.415247286000000000e+09	1.494514699999999977e-03	2.994931100000000190e-03
7.415249714000000000e+09	1.533982099999999958e-03	3.009415000000000093e-03
7.415252143000000000e+09	1.567966199999999916e-03	3.017063999999999857e-03
7.415254571000000000e+09	1.527373799999999894e-03	3.016944599999999907e-03
7.415257000000000000e+09	1.532032299999999897e-03	2.955034100000000080e-03
7.415259429000000000e+09	1.530220099999999922e-03	2.960874400000000194e-03
7.415261857000000000e+09	1.552404799999999906e-03	2.966663000000000026e-03
7.415264286000000000e+09	1.527137600000000013e-03	2.949675799999999966e-03
7.415266714000000000e+09	1.576562699999999907e-03	2.951249300000000075e-03
7.415269143000000000e+09	1.584926300000000059e-03	2.989430799999999791e-03
7.415271571000000000e+09	1.554994000000000081e-03	2.965887899999999824e-03
7.415274000000000000e+09	1.669550199999999965e-03	2.963765000000000149e-03
7.415276429000000000e+09	1.601158299999999981e-03	2.922150399999999797e-03
7.415278857000000000e+09	1.629079399999999993e-03	2.966354999999999947e-03
7.415281286000000000e+09	1.606367700000000060e-03	2.908682100000000142e-03
7.415283714000000000e+09	1.647306999999999981e-03	2.898122300000000040e-03
7.415286143000000000e+09	1.675544900000000038e-03	2.899978799999999943e-03
7.415288571000000000e+09	1.663480200000000018e-03	2.959558699999999959e-03
7.415291000000000000e+09	1.659235399999999926e-03	2.956475599999999846e-03
7.415293429000000000e+09	1.677944900000000097e-03	2.934446700000000081e-03
7.415295857000000000e+09	1.713098199999999989e-03	2.995029599999999952e-03
7.415298286000000000e+09	1.726588399999999957e-03	2.897463500000000032e-03
7.415300714000000000e+09	1.745690499999999999e-03	2.939793200000000075e-03
7.415303143000000000e+09	1.772350700000000032e-03	2.848529399999999955e-03
7.415305571000000000e+09	1.742867300000000043e-03	2.934352400000000017e-03
7.415308000000000000e+09	1.779040300000000064e-03	2.913144900000000197e-03
7.415310429000000000e+09	1.784117599999999982e-03	2.917973099999999955e-03
7.415312857000000000e+09	1.766040599999999959e-03	2.936731900000000024e-03
7.415315286000000000e+09	1.761589200000000105e-03	2.849701799999999896e-03
7.415317714000000000e+09	1.836654899999999938e-03	2.913788200000000123e-03
7.415320143000000000e+09	1.837777899999999947e-03	2.894126900000000210e-03
7.415322571000000000e+09	1.811733000000000050e-03	2.925359199999999840e-03
7.415325000000000000e+09	1.867447099999999978e-03	2.881887899999999950e-03
7.415327429000000000e+09	1.867163999999999933e-03	2.869393899999999904e-03
7.415329857000000000e+09	1.849612600000000032e-03	2.860971600000000118e-03
7.415332286000000000e+09	1.879268099999999945e-03	2.875064699999999897e-03
7.415334714000000000e+09	1.913137400000000004e-03	2.852893799999999848e-03
7.415337143000000000e+09	1.888659399999999917e-03	2.799724400000000099e-03
7.415339571000000000e+09	1.868909200000000046e-03	2.889039800000000203e-03
7.415342000000000000e+09	1.930857100000000050e-03	2.852303400000000180e-03
7.415344429000000000e+09	1.948377999999999959e-03	2.812073699999999808e-03
7.415346857000000000e+09	1.961563500000000106e-03	2.901378500000000200e-03
7.415349286000000000e+09	1.928926700000000100e-03	2.837757199999999848e-03
7.415351714000000000e+09	1.930716500000000026e-03	2.827898100000000164e-03
7.415354143000000000e+09	1.921300699999999939e-03	2.853491599999999871e-03
7.415356571000000000e+09	1.878366600000000008e-03	2.847806899999999908e-03
7.415359000000000000e+09	1.929604099999999945e-03	2.819015499999999973e-03
7.415361429000000000e+09	1.945044599999999927e-03	2.788316800000000158e-03
7.415363857000000000e+09	2.051011399999999856e-03	2.794670100000000001e-03
7.415366286000000000e+09	2.047603500000000007e-03	2.799610000000000119e-03
7.415368714000000000e+09	1.969653300000000131e-03	2.797442499999999981e-03
7.415371143000000000e+09	2.073002300000000107e-03	2.804741999999999826e-03
7.415373571000000000e+09	2.025386899999999987e-03	2.810259099999999882e-03
7.415376000000000000e+09	2.031278499999999813e-03	2.765090999999999903e-03
7.415378429000000000e+09	2.132494400000000106e-03	2.792581100000000177e-03
7.415380857000000000e+09	2.063774500000000161e-03	2.787062500000000043e-03
7.415383286000000000e+09	2.049155300000000089e-03	2.753657200000000135e-03
7.415385714000000000e+09	2.076234399999999855e-03	2.742318300000000202e-03
7.415388143000000000e+09	2.131526800000000180e-03	2.725104700000000133e-03
7.415390571000000000e+09	2.115331700000000047e-03	2.717601999999999952e-03
7.415393000000000000e+09	2.135295599999999933e-03	2.762076400000000164e-03
7.415395429000000000e+09	2.112110099999999976e-03	2.742937999999999887e-03
7.415397857000000000e+09	2.109422699999999925e-03	2.660767499999999817e-03
7.415400286000000000e+09	2.136798599999999854e-03	2.774104999999999800e-03
7.415402714000000000e+09	2.110787199999999888e-03	2.737168800000000166e-03
7.415405143000000000e+09	2.164195500000000005e-03	2.742358600000000066e-03
7.415407571000000000e+09	2.120880700000000139e-03	2.714467099999999956e-03
7.415410000000000000e+09	2.138127499999999820e-03	2.681696700000000145e-03
7.415412429000000000e+09	2.172837799999999785e-03	2.683141699999999803e-03
7.415414857000000000e+09	2.132558799999999949e-03	2.706206799999999902e-03
7.415417286000000000e+09	2.253589399999999989e-03	2.731117099999999954e-03
7.415419714000000000e+09	2.184352000000000082e-03	2.719345199999999817e-03
7.415422143000000000e+09	2.208383799999999800e-03	2.701810800000000075e-03
7.415424571000000000e+09	2.159500099999999995e-03	2.697282000000000065e-03
7.415427000000000000e+09	2.263021799999999882e-03	2.696816500000000054e-03
7.415429429000000000e+09	2.248699700000000076e-03	2.660229899999999939e-03
7.415431857000000000e+09	2.265885100000000069e-03	2.652450800000000046e-03
7.415434286000000000e+09	2.254474700000000040e-03	2.700085799999999911e-03
7.415436714000000000e+09	2.219784199999999888e-03	2.652365600000000049e-03
7.415439143000000000e+09	2.299367999999999985e-03	2.680721400000000195e-03
7.415441571000000000e+09	2.285901900000000212e-03	2.656117600000000144e-03
7.415444000000000000e+09	2.281368399999999901e-03	2.678787699999999987e-03
7.415446429000000000e+09	2.289506800000000019e-03	2.593742699999999814e-03
7.415448857000000000e+09	2.331726499999999848e-03	2.616643599999999865e-03
7.415451286000000000e+09	2.267020199999999867e-03	2.630314899999999789e-03
7.415453714000000000e+09	2.342971599999999887e-03	2.644760800000000179e-03
7.415456143000000000e+09	2.293337299999999995e-03	2.572897299999999873e-03
7.415458571000000000e+09	2.274752499999999848e-03	2.583694599999999866e-03
7.415461000000000000e+09	2.341736599999999849e-03	2.562779600000000043e-03
7.415463429000000000e+09	2.381185400000000209e-03	2.593167200000000023e-03
7.415465857000000000e+09	2.367894100000000196e-03	2.607400800000000008e-03
7.415468286000000000e+09	2.411640699999999856e-03	2.551491500000000086e-03
7.415470714000000000e+09	2.391300099999999883e-03	2.525284000000000036e-03
7.415473143000000000e+09	2.422340299999999925e-03	2.560486099999999873e-03
7.415475571000000000e+09	2.398145799999999803e-03	2.513301600000000108e-03
7.415478000000000000e+09	2.380181099999999911e-03	2.549566499999999809e-03
7.415480429000000000e+09	2.381774900000000004e-03	2.539844299999999971e-03
7.415482857000000000e+09	2.418834899999999788e-03	2.625681400000000072e-03
7.415485286000000000e+09	2.340217099999999939e-03	2.559922899999999939e-03
7.415487714000000000e+09	2.407719699999999810e-03	2.508902700000000159e-03
7.415490143000000000e+09	2.317876300000000066e-03	2.523828200000000164e-03
7.415492571000000000e+09	2.457334700000000059e-03	2.524095999999999979e-03
7.415495000000000000e+09	2.434114299999999911e-03	2.507153099999999846e-03
7.415497429000000000e+09	2.430944100000000021e-03	2.515490200000000068e-03
7.415499857000000000e+09	2.469461000000000052e-03	2.467181200000000216e-03
7.415502286000000000e+09	2.476258800000000117e-03	2.523243699999999905e-03
7.415504714000000000e+09	2.459256600000000147e-03	2.518552800000000130e-03
7.415507143000000000e+09	2.517876400000000191e-03	2.471821800000000187e-03
7.415509571000000000e+09	2.531111999999999859e-03	2.503871799999999800e-03
7.415512000000000000e+09	2.478786000000000184e-03	2.473010800000000151e-03
7.415514429000000000e+09	2.453456599999999897e-03	2.441708999999999807e-03
7.415516857000000000e+09	2.509663399999999787e-03	2.465923499999999810e-03
7.415519286000000000e+09	2.548293999999999993e-03	2.487428299999999964e-03
7.415521714000000000e+09	2.554374900000000188e-03	2.488104200000000165e-03
7.415524143000000000e+09	2.513862500000000125e-03	2.438040900000000132e-03
7.415526571000000000e+09	2.499146199999999901e-03	2.473480799999999962e-03
7.415529000000000000e+09	2.506309400000000104e-03	2.391502800000000050e-03
7.415531429000000000e+09	2.531809999999999790e-03	2.429954099999999829e-03
7.415533857000000000e+09	2.534541099999999998e-03	2.410992700000000061e-03
7.415536286000000000e+09	2.577719000000000017e-03	2.386028200000000175e-03
7.415538714000000000e+09	2.608847200000000144e-03	2.425896099999999903e-03
7.415541143000000000e+09	2.589187800000000012e-03	2.375627999999999854e-03
7.415543571000000000e+09	2.589498999999999881e-03	2.415173599999999830e-03
7.415546000000000000e+09	2.610007299999999794e-03	2.371144200000000011e-03
7.415548429000000000e+09	2.588074100000000138e-03	2.353303199999999800e-03
7.415550857000000000e+09	2.602511400000000197e-03	2.308072999999999896e-03
7.415553286000000000e+09	2.574500300000000068e-03	2.371655299999999959e-03
7.415555714000000000e+09	2.631887700000000094e-03	2.357105500000000135e-03
7.415558143000000000e+09	2.638247299999999917e-03	2.364393499999999960e-03
7.415560571000000000e+09	2.587000400000000026e-03	2.394854499999999817e-03
7.415563000000000000e+09	2.637012099999999810e-03	2.375061099999999960e-03
7.415565429000000000e+09	2.668776199999999942e-03	2.378568900000000048e-03
7.415567857000000000e+09	2.615358199999999987e-03	2.363036800000000055e-03
7.415570286000000000e+09	2.689134900000000016e-03	2.315270500000000085e-03
7.415572714000000000e+09	2.659749199999999949e-03	2.311952300000000033e-03
7.415575143000000000e+09	2.701292899999999976e-03	2.338362100000000113e-03
7.415577571000000000e+09	2.695889999999999832e-03	2.314111099999999806e-03
7.415580000000000000e+09	2.697417299999999799e-03	2.329519500000000118e-03
7.415582429000000000e+09	2.638196700000000009e-03	2.310490300000000215e-03
7.415584857000000000e+09	2.806722900000000083e-03	2.271437199999999917e-03
7.415587286000000000e+09	2.679777200000000009e-03	2.312180699999999856e-03
7.415589714000000000e+09	2.733588900000000210e-03	2.276641600000000026e-03
7.415592143000000000e+09	2.676813300000000211e-03	2.267847199999999987e-03
7.415594571000000000e+09	2.684538800000000041e-03	2.283321899999999922e-03
7.415597000000000000e+09	2.730973199999999889e-03	2.273551899999999831e-03
7.415599429000000000e+09	2.769796100000000184e-03	2.232717400000000085e-03
7.415601857000000000e+09	2.690667600000000090e-03	2.247060200000000011e-03
7.415604286000000000e+09	2.677504199999999890e-03	2.212809000000000043e-03
7.415606714000000000e+09	2.717709100000000044e-03	2.224630400000000147e-03
7.415609143000000000e+09	2.759852100000000173e-03	2.212741299999999942e-03
7.415611571000000000e+09	2.829947299999999860e-03	2.229182299999999794e-03
7.415614000000000000e+09	2.805285199999999878e-03	2.211430199999999974e-03
7.415616429000000000e+09	2.768860199999999792e-03	2.235788800000000111e-03
7.415618857000000000e+09	2.777630000000000116e-03	2.180841900000000076e-03
7.415621286000000000e+09	2.746473900000000017e-03	2.230157500000000143e-03
7.415623714000000000e+09	2.763886299999999789e-03	2.183126200000000145e-03
7.415626143000000000e+09	2.772293500000000063e-03	2.234514200000000013e-03
7.415628571000000000e+09	2.769253900000000039e-03	2.202800699999999789e-03
7.415631000000000000e+09	2.836329500000000017e-03	2.145815399999999838e-03
7.415633429000000000e+09	2.800585999999999874e-03	2.125264799999999812e-03
7.415635857000000000e+09	2.840010100000000051e-03	2.155655700000000050e-03
7.415638286000000000e+09	2.811243000000000162e-03	2.102837700000000001e-03
7.415640714000000000e+09	2.864050199999999997e-03	2.057132100000000179e-03
7.415643143000000000e+09	2.799972799999999803e-03	2.142883999999999848e-03
7.415645571000000000e+09	2.838270500000000113e-03	2.175239800000000091e-03
7.415648000000000000e+09	2.820886500000000050e-03	2.127074599999999836e-03
7.415650429000000000e+09	2.851169900000000059e-03	2.109139400000000029e-03
7.415652857000000000e+09	2.880607199999999941e-03	2.111015099999999974e-03
7.415655286000000000e+09	2.897057399999999894e-03	2.078868700000000014e-03
7.415657714000000000e+09	2.873925199999999899e-03	2.075545199999999889e-03
7.415660143000000000e+09	2.923906899999999861e-03	2.129067399999999815e-03
7.415662571000000000e+09	2.923939099999999999e-03	2.041113099999999816e-03
7.415665000000000000e+09	2.888516399999999963e-03	2.071581600000000061e-03
7.415667429000000000e+09	2.904665399999999988e-03	2.086572599999999850e-03
7.415669857000000000e+09	2.884687199999999997e-03	2.039133399999999968e-03
7.415672286000000000e+09	2.897825299999999809e-03	2.043168100000000188e-03
7.415674714000000000e+09	2.904307799999999908e-03	2.079359099999999842e-03
7.415677143000000000e+09	2.903485300000000022e-03	2.049939199999999823e-03
7.415679571000000000e+09	2.936489699999999831e-03	2.009126100000000002e-03
7.415682000000000000e+09	2.922950599999999885e-03	2.028021400000000213e-03
7.415684429000000000e+09	2.890832800000000136e-03	1.993234799999999817e-03
7.415686857000000000e+09	2.932253499999999853e-03	2.000284299999999845e-03
7.415689286000000000e+09	2.931181799999999990e-03	2.054474100000000178e-03
7.415691714000000000e+09	2.922573199999999993e-03	1.980513699999999957e-03
7.415694143000000000e+09	2.934633099999999894e-03	2.010056599999999853e-03
7.415696571000000000e+09	3.002331300000000112e-03	1.992185100000000084e-03
7.415699000000000000e+09	2.907508300000000157e-03	2.001787499999999834e-03
7.415701429000000000e+09	2.986664200000000054e-03	1.956436599999999970e-03
7.415703857000000000e+09	2.942234100000000203e-03	1.969382799999999829e-03
7.415706286000000000e+09	2.937984499999999992e-03	1.958492599999999816e-03
7.415708714000000000e+09	2.990869199999999801e-03	1.928306100000000108e-03
7.415711143000000000e+09	2.928192799999999874e-03	1.921153500000000050e-03
7.415713571000000000e+09	2.978605000000000055e-03	1.931816199999999897e-03
7.415716000000000000e+09	3.003068099999999831e-03	1.914675999999999921e-03
7.415718429000000000e+09	3.036704600000000084e-03	1.952416700000000026e-03
7.415720857000000000e+09	2.955094399999999826e-03	1.931583699999999976e-03
7.415723286000000000e+09	2.969144999999999857e-03	1.949160799999999968e-03
7.415725714000000000e+09	3.020811500000000153e-03	1.908361799999999968e-03
7.415728143000000000e+09	2.978214800000000134e-03	1.940269099999999925e-03
7.415730571000000000e+09	2.998007200000000084e-03	1.855033799999999912e-03
7.415733000000000000e+09	3.084288799999999973e-03	1.874245999999999985e-03
7.415735429000000000e+09	3.075163100000000149e-03	1.907382800000000057e-03
7.415737857000000000e+09	2.985247900000000208e-03	1.876246600000000021e-03
7.415740286000000000e+09	3.029792999999999809e-03	1.860789799999999902e-03
7.415742714000000000e+09	3.047316500000000171e-03	1.883317899999999894e-03
7.415745143000000000e+09	3.054650999999999807e-03	1.851209300000000030e-03
7.415747571000000000e+09	3.013925000000000198e-03	1.849215200000000042e-03
7.415750000000000000e+09	3.058883999999999995e-03	1.828792400000000011e-03
7.415752429000000000e+09	3.018819299999999945e-03	1.796936199999999914e-03
7.415754857000000000e+09	3.019482699999999787e-03	1.818968299999999903e-03
7.415757286000000000e+09	3.097867299999999911e-03	1.830636299999999954e-03
7.415759714000000000e+09	3.052019100000000033e-03	1.837351400000000008e-03
7.415762143000000000e+09	3.084066999999999798e-03	1.794097400000000059e-03
7.415764571000000000e+09	3.070678099999999897e-03	1.788854000000000095e-03
7.415767000000000000e+09	3.109366499999999863e-03	1.751831099999999952e-03
7.415769429000000000e+09	3.065322000000000099e-03	1.811925200000000106e-03
7.415771857000000000e+09	3.083675000000000131e-03	1.788979399999999923e-03
7.415774286000000000e+09	3.115073099999999921e-03	1.747804799999999993e-03
7.415776714000000000e+09	3.090176300000000136e-03	1.769201599999999965e-03
7.415779143000000000e+09	3.105168299999999833e-03	1.778248199999999920e-03
7.415781571000000000e+09	3.147019899999999905e-03	1.773553800000000034e-03
7.415784000000000000e+09	3.125664700000000025e-03	1.723811800000000062e-03
7.415786429000000000e+09	3.112487799999999992e-03	1.741141500000000040e-03
7.415788857000000000e+09	3.116695200000000124e-03	1.779039500000000008e-03
7.415791286000000000e+09	3.090601799999999951e-03	1.755627199999999907e-03
7.415793714000000000e+09	3.133895600000000028e-03	1.696641100000000069e-03
7.415796143000000000e+09	3.134234899999999938e-03	1.737831800000000067e-03
7.415798571000000000e+09	3.112198999999999955e-03	1.743295200000000026e-03
7.415801000000000000e+09	3.139601200000000179e-03	1.697004999999999911e-03
7.415803429000000000e+09	3.089705700000000121e-03	1.708029700000000036e-03
7.415805857000000000e+09	3.186903500000000215e-03	1.639955399999999935e-03
7.415808286000000000e+09	3.174243900000000077e-03	1.712496300000000086e-03
7.415810714000000000e+09	3.097328500000000057e-03	1.751853199999999899e-03
7.415813143000000000e+09	3.116670000000000204e-03	1.643010099999999904e-03
7.415815571000000000e+09	3.178907700000000152e-03	1.685831800000000104e-03
7.415818000000000000e+09	3.174419899999999812e-03	1.681524399999999916e-03
7.415820429000000000e+09	3.106110100000000068e-03	1.664260999999999996e-03
7.415822857000000000e+09	3.143121200000000091e-03	1.641567999999999933e-03
7.415825286000000000e+09	3.241991599999999828e-03	1.668510599999999990e-03
7.415827714000000000e+09	3.161975300000000131e-03	1.639301799999999965e-03
7.415830143000000000e+09	3.241236199999999838e-03	1.630791400000000061e-03
7.415832571000000000e+09	3.206076799999999817e-03	1.582151599999999944e-03
7.415835000000000000e+09	3.175455800000000044e-03	1.604096200000000019e-03
7.415837429000000000e+09	3.191829199999999828e-03	1.636096399999999998e-03
7.415839857000000000e+09	3.201258199999999863e-03	1.579096099999999919e-03
7.415842286000000000e+09	3.205656600000000075e-03	1.621969299999999900e-03
7.415844714000000000e+09	3.188292799999999962e-03	1.579667699999999899e-03
7.415847143000000000e+09	3.156412800000000206e-03	1.553569500000000041e-03
7.415849571000000000e+09	3.146162699999999895e-03	1.587143999999999968e-03
7.415852000000000000e+09	3.201231200000000197e-03	1.559672599999999999e-03
7.415854429000000000e+09	3.235374000000000062e-03	1.602962000000000093e-03
7.415856857000000000e+09	3.203043699999999841e-03	1.566543199999999953e-03
7.415859286000000000e+09	3.267341899999999869e-03	1.515333499999999955e-03
7.415861714000000000e+09	3.254269800000000011e-03	1.520454099999999894e-03
7.415864143000000000e+09	3.232593199999999820e-03	1.535039599999999966e-03
7.415866571000000000e+09	3.279906200000000036e-03	1.557785400000000035e-03
7.415869000000000000e+09	3.195915599999999898e-03	1.581290900000000043e-03
7.415871429000000000e+09	3.286426399999999980e-03	1.547260099999999989e-03
7.415873857000000000e+09	3.217803400000000119e-03	1.544884799999999897e-03
7.415876286000000000e+09	3.266168099999999883e-03	1.518294400000000030e-03
7.415878714000000000e+09	3.276360700000000101e-03	1.508303699999999923e-03
7.415881143000000000e+09	3.244157799999999956e-03	1.500257799999999905e-03
7.415883571000000000e+09	3.273701400000000091e-03	1.477486500000000031e-03
7.415886000000000000e+09	3.305148400000000077e-03	1.514979500000000019e-03
7.415888429000000000e+09	3.239417300000000180e-03	1.535397599999999965e-03
7.415890857000000000e+09	3.262150599999999890e-03	1.436153400000000045e-03
7.415893286000000000e+09	3.216035900000000208e-03	1.515196300000000006e-03
7.415895714000000000e+09	3.259614200000000156e-03	1.492584199999999993e-03
7.415898143000000000e+09	3.287744300000000099e-03	1.414579200000000078e-03
7.415900571000000000e+09	3.298831400000000035e-03	1.459515700000000010e-03
7.415903000000000000e+09	3.269577699999999879e-03	1.462189100000000058e-03
7.415905429000000000e+09	3.262974100000000117e-03	1.484286899999999899e-03
7.415907857000000000e+09	3.252957600000000102e-03	1.411540900000000064e-03
7.415910286000000000e+09	3.274499299999999828e-03	1.423933799999999895e-03
7.415912714000000000e+09	3.253116199999999975e-03	1.434133700000000001e-03
7.415915143000000000e+09	3.246323000000000177e-03	1.407124800000000104e-03
7.415917571000000000e+09	3.298735200000000190e-03	1.426862299999999981e-03
7.415920000000000000e+09	3.314497300000000118e-03	1.378626399999999903e-03
7.415922429000000000e+09	3.247740399999999965e-03	1.391211799999999893e-03
7.415924857000000000e+09	3.321708699999999844e-03	1.374784999999999896e-03
7.415927286000000000e+09	3.281558099999999992e-03	1.304631199999999958e-03
7.415929714000000000e+09	3.283971200000000180e-03	1.380836899999999959e-03
7.415932143000000000e+09	3.303277399999999999e-03	1.314542099999999958e-03
7.415934571000000000e+09	3.309154999999999822e-03	1.325407000000000017e-03
7.415937000000000000e+09	3.305695500000000158e-03	1.315975199999999895e-03
7.415939429000000000e+09	3.377762400000000002e-03	1.359114800000000081e-03
7.415941857000000000e+09	3.367782900000000027e-03	1.280150899999999954e-03
7.415944286000000000e+09	3.336905800000000092e-03	1.325381199999999893e-03
7.415946714000000000e+09	3.287832000000000081e-03	1.369200899999999978e-03
7.415949143000000000e+09	3.295423699999999820e-03	1.307274700000000001e-03
7.415951571000000000e+09	3.350761299999999946e-03	1.281862500000000103e-03
7.415954000000000000e+09	3.353489299999999965e-03	1.238922200000000008e-03
7.415956429000000000e+09	3.343638700000000144e-03	1.292608200000000063e-03
7.415958857000000000e+09	3.349737900000000074e-03	1.257108999999999961e-03
7.415961286000000000e+09	3.296085299999999916e-03	1.265690899999999961e-03
7.415963714000000000e+09	3.345696799999999839e-03	1.287890199999999936e-03
7.415966143000000000e+09	3.332843500000000000e-03	1.286223100000000001e-03
7.415968571000000000e+09	3.362987000000000008e-03	1.251614100000000103e-03
7.415971000000000000e+09	3.333627599999999802e-03	1.264267599999999896e-03
7.415973429000000000e+09	3.371911500000000176e-03	1.252358899999999947e-03
7.415975857000000000e+09	3.345048499999999942e-03	1.254918899999999922e-03
7.415978286000000000e+09	3.352084200000000035e-03	1.207390499999999979e-03
7.415980714000000000e+09	3.303376499999999966e-03	1.204341399999999968e-03
7.415983143000000000e+09	3.350827900000000106e-03	1.206231600000000088e-03
7.415985571000000000e+09	3.416564799999999812e-03	1.267280900000000059e-03
7.415988000000000000e+09	3.351864500000000142e-03	1.248771700000000104e-03
7.415990429000000000e+09	3.408287600000000066e-03	1.235428999999999911e-03
7.415992857000000000e+09	3.364172600000000114e-03	1.176437100000000046e-03
7.415995286000000000e+09	3.368971000000000118e-03	1.184378999999999944e-03
7.415997714000000000e+09	3.412539300000000126e-03	1.176028800000000025e-03
7.416000143000000000e+09	3.415287899999999797e-03	1.164270700000000040e-03
7.416002571000000000e+09	3.417250699999999954e-03	1.147091999999999947e-03
7.416005000000000000e+09	3.392906800000000059e-03	1.163852599999999930e-03
7.416007429000000000e+09	3.391846999999999918e-03	1.212482900000000060e-03
7.416009857000000000e+09	3.353061699999999867e-03	1.136804499999999893e-03
7.416012286000000000e+09	3.442950699999999982e-03	1.132542500000000008e-03
7.416014714000000000e+09	3.412055399999999912e-03	1.157283999999999960e-03
7.416017143000000000e+09	3.453887300000000205e-03	1.130015600000000044e-03
7.416019571000000000e+09	3.410206600000000032e-03	1.134888500000000083e-03
7.416022000000000000e+09	3.418004300000000197e-03	1.107102499999999953e-03
7.416024429000000000e+09	3.381148599999999824e-03	1.137209900000000010e-03
7.416026857000000000e+09	3.447738100000000139e-03	1.112425999999999910e-03
7.416029286000000000e+09	3.423686699999999809e-03	1.100925999999999901e-03
7.416031714000000000e+09	3.360770300000000006e-03	1.117581999999999994e-03
7.416034143000000000e+09	3.411273399999999959e-03	1.034995500000000096e-03
7.416036571000000000e+09	3.404484599999999927e-03	1.086309300000000031e-03
7.416039000000000000e+09	3.412851299999999834e-03	1.113208700000000101e-03
7.416041429000000000e+09	3.389423999999999822e-03	1.122792399999999980e-03
7.416043857000000000e+09	3.378260499999999854e-03	1.055775899999999989e-03
7.416046286000000000e+09	3.397669299999999965e-03	1.140572000000000070e-03
7.416048714000000000e+09	3.456379700000000114e-03	1.007877899999999995e-03
7.416051143000000000e+09	3.441879000000000119e-03	1.053364800000000049e-03
7.416053571000000000e+09	3.453692500000000130e-03	1.043236500000000073e-03
7.416056000000000000e+09	3.442671000000000012e-03	1.079335899999999933e-03
7.416058429000000000e+09	3.485690300000000158e-03	1.026424099999999990e-03
7.416060857000000000e+09	3.375281600000000146e-03	1.029832000000000056e-03
7.416063286000000000e+09	3.435097399999999940e-03	1.028915000000000038e-03
7.416065714000000000e+09	3.456421900000000193e-03	9.843119999999999908e-04
7.416068143000000000e+09	3.467580599999999826e-03	9.881295999999999049e-04
7.416070571000000000e+09	3.427848800000000105e-03	1.043138299999999980e-03
7.416073000000000000e+09	3.449939899999999830e-03	9.138520000000000454e-04
7.416075429000000000e+09	3.457626899999999975e-03	9.867999999999999168e-04
7.416077857000000000e+09	3.435785099999999828e-03	9.292376999999999885e-04
7.416080286000000000e+09	3.471880799999999944e-03	1.006512200000000056e-03
7.416082714000000000e+09	3.429821699999999803e-03	9.392940000000000230e-04
7.416085143000000000e+09	3.494872400000000132e-03	9.573096000000000340e-04
7.416087571000000000e+09	3.437533699999999800e-03	9.556678000000000525e-04
7.416090000000000000e+09	3.425896199999999957e-03	9.780983000000000472e-04
7.416092429000000000e+09	3.465694400000000203e-03	9.828414000000000594e-04
7.416094857000000000e+09	3.470006800000000145e-03	9.534685999999999466e-04
7.416097286000000000e+09	3.463675600000000031e-03	9.100653000000000431e-04
7.416099714000000000e+09	3.441551100000000193e-03	9.033894999999999469e-04
7.416102143000000000e+09	3.440570999999999907e-03	9.376614999999999603e-04
7.416104571000000000e+09	3.486402400000000127e-03	9.221834999999999841e-04
7.416107000000000000e+09	3.496466599999999928e-03	9.346228999999999518e-04
7.416109429000000000e+09	3.426369399999999992e-03	9.120098999999999567e-04
7.416111857000000000e+09	3.492396599999999813e-03	8.481040999999999493e-04
7.416114286000000000e+09	3.555511999999999822e-03	9.362370000000000284e-04
7.416116714000000000e+09	3.466797800000000034e-03	8.671888000000000209e-04
7.416119143000000000e+09	3.542111499999999868e-03	8.786512000000000011e-04
7.416121571000000000e+09	3.490700199999999861e-03	9.049830999999999718e-04
7.416124000000000000e+09	3.437903300000000068e-03	8.711440000000000199e-04
7.416126429000000000e+09	3.449043000000000161e-03	8.183608000000000202e-04
7.416128857000000000e+09	3.414298699999999877e-03	8.502308000000000521e-04
7.416131286000000000e+09	3.487506999999999933e-03	8.502949000000000097e-04
7.416133714000000000e+09	3.465803200000000008e-03	8.421251000000000257e-04
7.416136143000000000e+09	3.504642100000000121e-03	8.198475000000000207e-04
7.416138571000000000e+09	3.458965100000000077e-03	8.761808000000000053e-04
7.416141000000000000e+09	3.470346400000000157e-03	8.356872999999999906e-04
7.416143429000000000e+09	3.499391000000000133e-03	8.350751000000000441e-04
7.416145857000000000e+09	3.482832800000000215e-03	7.887042999999999832e-04
7.416148286000000000e+09	3.480512299999999944e-03	7.890040999999999765e-04
7.416150714000000000e+09	3.486695000000000159e-03	7.986913000000000215e-04
7.416153143000000000e+09	3.517091200000000036e-03	7.383205999999999797e-04
7.416155571000000000e+09	3.511723699999999820e-03	7.950316999999999931e-04
7.416158000000000000e+09	3.559669899999999988e-03	7.933239999999999823e-04
7.416160429000000000e+09	3.519831900000000048e-03	7.619459999999999992e-04
7.416162857000000000e+09	3.498263000000000154e-03	7.796145000000000418e-04
7.416165286000000000e+09	3.508130600000000134e-03	7.683571999999999624e-04
7.416167714000000000e+09	3.480966900000000142e-03	7.334989999999999783e-04
7.416170143000000000e+09	3.525171799999999959e-03	7.739310999999999803e-04
7.416172571000000000e+09	3.570667300000000127e-03	7.483852999999999513e-04
7.416175000000000000e+09	3.521112299999999955e-03	7.096564000000000517e-04
7.416177429000000000e+09	3.523470300000000003e-03	6.691108999999999772e-04
7.416179857000000000e+09	3.569539699999999850e-03	7.257655000000000226e-04
7.416182286000000000e+09	3.484961400000000098e-03	7.081963000000000147e-04
7.416184714000000000e+09	3.511544200000000192e-03	6.889262999999999637e-04
7.416187143000000000e+09	3.507634700000000164e-03	7.452376000000000356e-04
7.416189571000000000e+09	3.481403200000000170e-03	6.843020000000000222e-04
7.416192000000000000e+09	3.457370999999999882e-03	6.829340999999999840e-04
7.416194429000000000e+09	3.521559899999999934e-03	6.512793999999999701e-04
7.416196857000000000e+09	3.537724900000000210e-03	7.285621000000000154e-04
7.416199286000000000e+09	3.529240900000000201e-03	6.735191999999999872e-04
7.416201714000000000e+09	3.534079600000000071e-03	7.167865999999999517e-04
7.416204143000000000e+09	3.541527200000000111e-03	6.171176999999999479e-04
7.416206571000000000e+09	3.520407900000000010e-03	6.809945000000000408e-04
7.416209000000000000e+09	3.504733500000000064e-03	6.469368999999999554e-04
7.416211429000000000e+09	3.539080600000000208e-03	6.499105000000000246e-04
7.416213857000000000e+09	3.471876599999999813e-03	6.482878000000000512e-04
7.416216286000000000e+09	3.535986300000000179e-03	6.167650000000000216e-04
7.416218714000000000e+09	3.543468200000000207e-03	5.938394000000000051e-04
7.416221143000000000e+09	3.519802199999999895e-03	6.052680999999999860e-04
7.416223571000000000e+09	3.539672399999999920e-03	6.479532000000000087e-04
7.416226000000000000e+09	3.571287099999999846e-03	5.982742000000000528e-04
7.416228429000000000e+09	3.499905199999999838e-03	6.506189999999999586e-04
7.416230857000000000e+09	3.542866600000000189e-03	5.593390999999999858e-04
7.416233286000000000e+09	3.502325900000000016e-03	5.527805999999999909e-04
7.416235714000000000e+09	3.565003100000000216e-03	5.738098000000000504e-04
7.416238143000000000e+09	3.533541900000000159e-03	6.129605999999999466e-04
7.416240571000000000e+09	3.534563300000000217e-03	5.964358000000000333e-04
7.416243000000000000e+09	3.571911899999999970e-03	5.646448000000000526e-04
7.416245429000000000e+09	3.502686699999999886e-03	5.023990000000000530e-04
7.416247857000000000e+09	3.585031900000000115e-03	5.156650000000000036e-04
7.416250286000000000e+09	3.541880800000000128e-03	5.260587999999999853e-04
7.416252714000000000e+09	3.576289099999999891e-03	5.823555999999999915e-04
7.416255143000000000e+09	3.524011000000000070e-03	5.405108999999999955e-04
7.416257571000000000e+09	3.496186799999999924e-03	5.803313000000000048e-04
7.416260000000000000e+09	3.555565399999999817e-03	5.052865999999999608e-04
7.416262429000000000e+09	3.549928200000000006e-03	5.178153000000000226e-04
7.416264857000000000e+09	3.545433100000000212e-03	5.162030000000000177e-04
7.416267286000000000e+09	3.561096699999999945e-03	5.295627000000000450e-04
7.416269714000000000e+09	3.483588900000000009e-03	4.960414999999999703e-04
7.416272143000000000e+09	3.559607399999999925e-03	4.701357000000000192e-04
7.416274571000000000e+09	3.546477799999999975e-03	4.994299000000000004e-04
7.416277000000000000e+09	3.527773399999999809e-03	4.220269000000000234e-04
7.416279429000000000e+09	3.595918200000000099e-03	5.126316999999999593e-04
7.416281857000000000e+09	3.565439100000000142e-03	5.147406999999999894e-04
7.416284286000000000e+09	3.469956699999999974e-03	4.748266999999999917e-04
7.416286714000000000e+09	3.551442000000000140e-03	5.101402999999999580e-04
7.416289143000000000e+09	3.619232699999999810e-03	4.421078999999999959e-04
7.416291571000000000e+09	3.539687799999999968e-03	4.512054000000000151e-04
7.416294000000000000e+09	3.557760000000000089e-03	4.113159000000000238e-04
7.416296429000000000e+09	3.592177900000000090e-03	3.805160999999999938e-04
7.416298857000000000e+09	3.559096700000000113e-03	4.054586000000000214e-04
7.416301286000000000e+09	3.549327499999999861e-03	4.228095000000000182e-04
7.416303714000000000e+09	3.591656400000000065e-03	3.843610000000000017e-04
7.416306143000000000e+09	3.590041200000000047e-03	4.600079999999999772e-04
7.416308571000000000e+09	3.555038400000000084e-03	4.005278000000000245e-04
7.416311000000000000e+09	3.606035400000000193e-03	3.911314999999999736e-04
7.416313429000000000e+09	3.509149300000000138e-03	3.866464999999999919e-04
7.416315857000000000e+09	3.570693199999999852e-03	3.160417999999999799e-04
7.416318286000000000e+09	3.579715800000000080e-03	4.154450000000000178e-04
7.416320714000000000e+09	3.570595199999999827e-03	3.801324000000000131e-04
7.416323143000000000e+09	3.568997899999999841e-03	3.653115999999999872e-04
7.416325571000000000e+09	3.530606700000000174e-03	3.622033000000000088e-04
7.416328000000000000e+09	3.574048399999999945e-03	3.742722999999999775e-04
7.416330429000000000e+09	3.588123700000000159e-03	2.827969999999999963e-04
7.416332857000000000e+09	3.501561399999999959e-03	3.217833999999999929e-04
7.416335286000000000e+09	3.552610700000000121e-03	3.394556999999999761e-04
7.416337714000000000e+09	3.596619299999999787e-03	3.280124000000000039e-04
7.416340143000000000e+09	3.515898800000000213e-03	3.404818999999999901e-04
7.416342571000000000e+09	3.540024799999999961e-03	3.633942000000000248e-04
7.416345000000000000e+09	3.569239799999999931e-03	2.934844000000000255e-04
7.416347429000000000e+09	3.576901600000000157e-03	2.872582999999999734e-04
7.416349857000000000e+09	3.540691600000000095e-03	2.393340999999999893e-04
7.416352286000000000e+09	3.565454100000000053e-03	2.835242000000000187e-04
7.416354714000000000e+09	3.536333699999999816e-03	2.624403000000000087e-04
7.416357143000000000e+09	3.503490399999999866e-03	3.026551999999999953e-04
7.416359571000000000e+09	3.542573299999999918e-03	2.940905999999999859e-04
7.416362000000000000e+09	3.529934499999999933e-03	2.987808999999999908e-04
7.416364429000000000e+09	3.560598900000000195e-03	2.905056000000000261e-04
7.416366857000000000e+09	3.563820599999999866e-03	2.763242000000000064e-04
7.416369286000000000e+09	3.571699399999999931e-03	2.245268999999999932e-04
7.416371714000000000e+09	3.540178299999999830e-03	2.222895999999999867e-04
7.416374143000000000e+09	3.538630999999999981e-03	2.343943999999999932e-04
7.416376571000000000e+09	3.524525399999999843e-03	3.043316000000000120e-04
7.416379000000000000e+09	3.537573699999999825e-03	2.284799000000000010e-04
7.416381429000000000e+09	3.622956499999999830e-03	2.268479000000000003e-04
7.416383857000000000e+09	3.569426699999999914e-03	2.440095999999999888e-04
7.416386286000000000e+09	3.528313600000000140e-03	2.051908999999999873e-04
7.416388714000000000e+09	3.585740400000000157e-03	2.383874999999999872e-04
7.416391143000000000e+09	3.579989600000000206e-03	2.125239000000000067e-04
7.416393571000000000e+09	3.539846499999999875e-03	2.097399000000000008e-04
7.416396000000000000e+09	3.607088000000000048e-03	2.145690000000000119e-04
7.416398429000000000e+09	3.523260800000000120e-03	2.193809999999999922e-04
7.416400857000000000e+09	3.600665500000000026e-03	1.992410000000000123e-04
7.416403286000000000e+09	3.594707400000000073e-03	1.308481000000000119e-04
7.416405714000000000e+09	3.593878899999999876e-03	1.772354000000000073e-04
7.416408143000000000e+09	3.559676900000000206e-03	2.212717999999999911e-04
7.416410571000000000e+09	3.589429900000000190e-03	1.611209999999999910e-04
7.416413000000000000e+09	3.620790100000000067e-03	1.591185000000000114e-04
7.416415429000000000e+09	3.600435400000000057e-03	1.293335999999999911e-04
7.416417857000000000e+09	3.558056200000000047e-03	1.404727999999999945e-04
7.416420286000000000e+09	3.544537600000000153e-03	5.722719999999999988e-05
7.416422714000000000e+09	3.584661700000000076e-03	1.636697999999999961e-04
7.416425143000000000e+09	3.573434800000000171e-03	1.741900999999999909e-04
7.416427571000000000e+09	3.562331599999999949e-03	1.349584999999999988e-04
7.416430000000000000e+09	3.587991500000000181e-03	1.229499000000000000e-04
7.416432429000000000e+09	3.560025899999999955e-03	1.383795000000000055e-04
7.416434857000000000e+09	3.553366999999999984e-03	1.220969000000000134e-04
7.416437286000000000e+09	3.551626000000000002e-03	1.050312999999999984e-04
7.416439714000000000e+09	3.565898200000000139e-03	8.858150000000000561e-05
7.416442143000000000e+09	3.589987900000000086e-03	1.359618999999999899e-04
7.416444571000000000e+09	3.580220800000000116e-03	1.069251000000000039e-04
7.416447000000000000e+09	3.572790699999999972e-03	7.966830000000000428e-05
7.416449429000000000e+09	3.582537599999999992e-03	6.537050000000000033e-05
7.416451857000000000e+09	3.526081099999999954e-03	1.549699999999999960e-06
7.416454286000000000e+09	3.557073999999999913e-03	4.523579999999999810e-05
7.416456714000000000e+09	3.593745800000000025e-03	3.627979999999999779e-05
7.416459143000000000e+09	3.591319099999999969e-03	7.249259999999999775e-05
7.416461571000000000e+09	3.585349499999999998e-03	7.050569999999999819e-05
7.416464000000000000e+09	3.551612699999999803e-03	4.541740000000000328e-05
7.416466429000000000e+09	3.609185100000000031e-03	5.435770000000000304e-05
7.416468857000000000e+09	3.563074800000000115e-03	5.044770000000000151e-05
7.416471286000000000e+09	3.570064500000000134e-03	2.272769999999999925e-05
7.416473714000000000e+09	3.600992500000000079e-03	2.240949999999999949e-05
7.416476143000000000e+09	3.585195900000000095e-03	4.997689999999999918e-05
7.416478571000000000e+09	3.576766400000000023e-03	7.568920000000000032e-05
7.416481000000000000e+09	3.544049400000000207e-03	3.212619999999999745e-05
7.416483429000000000e+09	3.544377200000000099e-03	-2.453219999999999866e-05
7.416485857000000000e+09	3.600777199999999952e-03	5.038189999999999954e-05
7.416488286000000000e+09	3.605521200000000055e-03	-2.304399999999999909e-06
7.416490714000000000e+09	3.538072900000000052e-03	-2.448109999999999842e-05
7.416493143000000000e+09	3.564100900000000040e-03	-8.469239999999999570e-05
7.416495571000000000e+09	3.553771600000000044e-03	-2.688559999999999887e-05
7.416498000000000000e+09	3.581821399999999926e-03	-3.279620000000000289e-05
7.416500429000000000e+09	3.567106500000000180e-03	-6.082510000000000146e-05
7.416502857000000000e+09	3.544232100000000059e-03	-4.116760000000000205e-05
7.416505286000000000e+09	3.504305000000000093e-03	-7.460169999999999421e-05
7.416507714000000000e+09	3.555122600000000174e-03	-4.553229999999999772e-05
7.416510143000000000e+09	3.609754900000000048e-03	-4.046250000000000096e-05
7.416512571000000000e+09	3.581659799999999897e-03	-4.999700000000000259e-05
7.416515000000000000e+09	3.561700300000000211e-03	-5.333360000000000043e-05
7.416517429000000000e+09	3.529152600000000015e-03	-1.080416000000000059e-04
7.416519857000000000e+09	3.545375300000000018e-03	-4.949590000000000158e-05
7.416522286000000000e+09	3.520025200000000045e-03	-1.049905000000000039e-04
7.416524714000000000e+09	3.581073100000000189e-03	-1.374000000000000059e-05
7.416527143000000000e+09	3.594605500000000019e-03	-9.423389999999999913e-05
7.416529571000000000e+09	3.520520000000000073e-03	-9.794649999999999472e-05
7.416532000000000000e+09	3.503516500000000092e-03	-1.072961000000000043e-04
7.416534429000000000e+09	3.569826500000000073e-03	-7.892739999999999923e-05
7.416536857000000000e+09	3.595258400000000184e-03	-1.248743999999999982e-04
7.416539286000000000e+09	3.548283900000000039e-03	-1.185263999999999974e-04
7.416541714000000000e+09	3.572133999999999813e-03	-1.801007999999999884e-04
7.416544143000000000e+09	3.546127499999999783e-03	-1.201800000000000047e-04
7.416546571000000000e+09	3.542968000000000072e-03	-1.713693000000000128e-04
7.416549000000000000e+09	3.549362300000000019e-03	-1.345736999999999953e-04
7.416551429000000000e+09	3.597659000000000013e-03	-1.656941999999999898e-04
7.416553857000000000e+09	3.553957700000000188e-03	-1.711550999999999904e-04
7.416556286000000000e+09	3.584248899999999821e-03	-1.679878000000000046e-04
7.416558714000000000e+09	3.577248099999999920e-03	-1.444882000000000035e-04
7.416561143000000000e+09	3.520119999999999846e-03	-2.386195000000000080e-04
7.416563571000000000e+09	3.546339600000000120e-03	-2.056421000000000008e-04
7.416566000000000000e+09	3.566640900000000135e-03	-1.818044000000000105e-04
7.416568429000000000e+09	3.559337000000000091e-03	-1.961098000000000040e-04
7.416570857000000000e+09	3.573852900000000065e-03	-2.284785000000000114e-04
7.416573286000000000e+09	3.558611199999999787e-03	-1.861756000000000001e-04
7.416575714000000000e+09	3.636292399999999873e-03	-2.011815999999999984e-04
7.416578143000000000e+09	3.563118300000000203e-03	-2.404510000000000057e-04
7.416580571000000000e+09	3.572609899999999901e-03	-2.216027999999999987e-04
7.416583000000000000e+09	3.569149900000000066e-03	-2.419514999999999958e-04
7.416585429000000000e+09	3.537866699999999993e-03	-2.447409999999999798e-04
7.416587857000000000e+09	3.609565800000000182e-03	-2.480474999999999998e-04
7.416590286000000000e+09	3.565557200000000083e-03	-2.061210000000000006e-04
7.416592714000000000e+09	3.528690200000000193e-03	-1.781507999999999952e-04
7.416595143000000000e+09	3.485708200000000190e-03	-2.363908999999999867e-04
7.416597571000000000e+09	3.620083699999999873e-03	-2.037635999999999950e-04
7.416600000000000000e+09	3.591237900000000035e-03	-2.642551999999999835e-04
7.416602429000000000e+09	3.561324399999999963e-03	-2.380462999999999980e-04
7.416604857000000000e+09	3.543410400000000012e-03	-3.146439999999999914e-04
7.416607286000000000e+09	3.527716099999999785e-03	-2.922951000000000130e-04
7.416609714000000000e+09	3.543734800000000046e-03	-3.112572999999999989e-04
7.416612143000000000e+09	3.574340999999999977e-03	-3.132276000000000027e-04
7.416614571000000000e+09	3.539370200000000084e-03	-2.950421999999999854e-04
7.416617000000000000e+09	3.557779899999999936e-03	-2.838170000000000102e-04
7.416619429000000000e+09	3.558694500000000004e-03	-3.468732999999999777e-04
7.416621857000000000e+09	3.545121799999999875e-03	-2.584061000000000127e-04
7.416624286000000000e+09	3.555485900000000029e-03	-2.926283000000000118e-04
7.416626714000000000e+09	3.583141900000000064e-03	-3.478981999999999821e-04
7.416629143000000000e+09	3.552203099999999905e-03	-3.148892999999999939e-04
7.416631571000000000e+09	3.584741800000000068e-03	-3.702894000000000194e-04
7.416634000000000000e+09	3.530642499999999805e-03	-3.229710000000000220e-04
7.416636429000000000e+09	3.508669099999999885e-03	-3.035083000000000160e-04
7.416638857000000000e+09	3.566140900000000068e-03	-3.366870999999999905e-04
7.416641286000000000e+09	3.575738900000000053e-03	-4.128592000000000264e-04
7.416643714000000000e+09	3.580973999999999789e-03	-3.578203000000000069e-04
7.416646143000000000e+09	3.538399199999999866e-03	-3.650929999999999822e-04
7.416648571000000000e+09	3.562722300000000040e-03	-4.046976000000000197e-04
7.416651000000000000e+09	3.549346300000000200e-03	-3.394184999999999759e-04
7.416653429000000000e+09	3.516066799999999822e-03	-3.579225999999999805e-04
7.416655857000000000e+09	3.524929699999999801e-03	-3.348620000000000069e-04
7.416658286000000000e+09	3.587604400000000016e-03	-3.792668000000000124e-04
7.416660714000000000e+09	3.500377800000000102e-03	-3.832706999999999759e-04
7.416663143000000000e+09	3.535976000000000136e-03	-3.561993000000000169e-04
7.416665571000000000e+09	3.494507999999999903e-03	-4.129019999999999847e-04
7.416668000000000000e+09	3.550988100000000182e-03	-3.885957000000000105e-04
7.416670429000000000e+09	3.536615800000000170e-03	-3.740656000000000189e-04
7.416672857000000000e+09	3.554059000000000038e-03	-4.574064000000000190e-04
7.416675286000000000e+09	3.506965300000000011e-03	-3.778448000000000115e-04
7.416677714000000000e+09	3.537667400000000118e-03	-3.885308999999999768e-04
7.416680143000000000e+09	3.520088700000000015e-03	-4.437147000000000226e-04
7.416682571000000000e+09	3.573515099999999799e-03	-4.191409000000000107e-04
7.416685000000000000e+09	3.518927099999999853e-03	-4.290163999999999740e-04
7.416687429000000000e+09	3.525297699999999958e-03	-4.486097000000000088e-04
7.416689857000000000e+09	3.516888499999999869e-03	-4.258320999999999916e-04
7.416692286000000000e+09	3.508808400000000115e-03	-5.093352999999999683e-04
7.416694714000000000e+09	3.504306300000000103e-03	-4.217949000000000026e-04
7.416697143000000000e+09	3.513190099999999837e-03	-4.388207999999999779e-04
7.416699571000000000e+09	3.550469799999999947e-03	-4.880344000000000110e-04
7.416702000000000000e+09	3.633157299999999808e-03	-4.331661999999999796e-04
7.416704429000000000e+09	3.475370000000000195e-03	-4.856277999999999788e-04
7.416706857000000000e+09	3.546781000000000152e-03	-4.608347999999999741e-04
7.416709286000000000e+09	3.521783799999999957e-03	-5.380476999999999612e-04
7.416711714000000000e+09	3.505095100000000206e-03	-5.008662999999999787e-04
7.416714143000000000e+09	3.552156500000000060e-03	-4.947378999999999579e-04
7.416716571000000000e+09	3.542851499999999810e-03	-4.861105000000000005e-04
7.416719000000000000e+09	3.443905000000000143e-03	-5.147037999999999830e-04
7.416721429000000000e+09	3.529912300000000169e-03	-4.717440000000000153e-04
7.416723857000000000e+09	3.548963000000000031e-03	-4.845331000000000247e-04
7.416726286000000000e+09	3.472443899999999844e-03	-5.091612000000000134e-04
7.416728714000000000e+09	3.533574099999999864e-03	-4.982460000000000404e-04
7.416731143000000000e+09	3.545290699999999792e-03	-5.423310999999999887e-04
7.416733571000000000e+09	3.462877300000000158e-03	-5.282499999999999652e-04
7.416736000000000000e+09	3.491101199999999995e-03	-5.360812999999999863e-04
7.416738429000000000e+09	3.514857000000000137e-03	-5.155908999999999969e-04
7.416740857000000000e+09	3.521558699999999958e-03	-4.895051000000000306e-04
7.416743286000000000e+09	3.556915700000000142e-03	-5.505243999999999633e-04
7.416745714000000000e+09	3.514187499999999950e-03	-5.344313000000000275e-04
7.416748143000000000e+09	3.499755199999999861e-03	-5.735935000000000165e-04
7.416750571000000000e+09	3.507911399999999978e-03	-5.659846000000000495e-04
7.416753000000000000e+09	3.471779700000000163e-03	-5.342320999999999702e-04
7.416755429000000000e+09	3.509787199999999958e-03	-5.424871999999999854e-04
7.416757857000000000e+09	3.477084000000000077e-03	-5.509847000000000442e-04
7.416760286000000000e+09	3.508223100000000018e-03	-6.062094999999999767e-04
7.416762714000000000e+09	3.550696999999999794e-03	-6.442769000000000317e-04
7.416765143000000000e+09	3.499950099999999970e-03	-6.238435999999999981e-04
7.416767571000000000e+09	3.528971799999999943e-03	-5.844742000000000427e-04
7.416770000000000000e+09	3.521839799999999972e-03	-5.616504999999999718e-04
7.416772429000000000e+09	3.509165800000000127e-03	-6.377222000000000316e-04
7.416774857000000000e+09	3.466946399999999966e-03	-6.244288999999999873e-04
7.416777286000000000e+09	3.487909400000000111e-03	-6.650080999999999527e-04
7.416779714000000000e+09	3.526905700000000123e-03	-5.914480999999999862e-04
7.416782143000000000e+09	3.491903499999999931e-03	-6.423423999999999844e-04
7.416784571000000000e+09	3.544284899999999849e-03	-6.131618999999999611e-04
7.416787000000000000e+09	3.498014399999999947e-03	-6.666851000000000114e-04
7.416789429000000000e+09	3.417757100000000034e-03	-6.392600000000000018e-04
7.416791857000000000e+09	3.489251300000000174e-03	-6.126282000000000038e-04
7.416794286000000000e+09	3.461544600000000197e-03	-6.596192999999999544e-04
7.416796714000000000e+09	3.442801599999999879e-03	-7.276647999999999927e-04
7.416799143000000000e+09	3.533431300000000174e-03	-6.634835000000000385e-04
7.416801571000000000e+09	3.493358700000000032e-03	-6.519193000000000383e-04
7.416804000000000000e+09	3.543822700000000096e-03	-6.405055999999999684e-04
7.416806429000000000e+09	3.529551200000000197e-03	-6.395698000000000442e-04
7.416808857000000000e+09	3.435305000000000043e-03	-6.646522000000000194e-04
7.416811286000000000e+09	3.483977499999999818e-03	-7.196362000000000201e-04
7.416813714000000000e+09	3.499979600000000055e-03	-6.651254000000000541e-04
7.416816143000000000e+09	3.500888100000000211e-03	-7.334213000000000451e-04
7.416818571000000000e+09	3.449229399999999973e-03	-6.794563000000000425e-04
7.416821000000000000e+09	3.479106599999999810e-03	-6.534953000000000246e-04
7.416823429000000000e+09	3.469108399999999964e-03	-6.968258000000000394e-04
7.416825857000000000e+09	3.471702599999999892e-03	-7.369936000000000108e-04
7.416828286000000000e+09	3.501061599999999961e-03	-6.772997999999999692e-04
7.416830714000000000e+09	3.488090399999999817e-03	-7.049283999999999845e-04
7.416833143000000000e+09	3.463143799999999963e-03	-7.014039999999999815e-04
7.416835571000000000e+09	3.452655199999999855e-03	-7.043950000000000211e-04
7.416838000000000000e+09	3.410467300000000028e-03	-7.437321999999999466e-04
7.416840429000000000e+09	3.434628199999999968e-03	-7.767533999999999550e-04
7.416842857000000000e+09	3.459842099999999900e-03	-7.052633000000000209e-04
7.416845286000000000e+09	3.474205900000000048e-03	-7.342273000000000506e-04
7.416847714000000000e+09	3.419691700000000115e-03	-7.620336999999999814e-04
7.416850143000000000e+09	3.476382200000000151e-03	-8.068380000000000430e-04
7.416852571000000000e+09	3.430798799999999933e-03	-7.230242999999999479e-04
7.416855000000000000e+09	3.491209700000000131e-03	-7.812850999999999780e-04
7.416857429000000000e+09	3.467669300000000149e-03	-7.697539999999999894e-04
7.416859857000000000e+09	3.405258699999999788e-03	-7.685949999999999553e-04
7.416862286000000000e+09	3.427164400000000041e-03	-8.578140000000000374e-04
7.416864714000000000e+09	3.465604399999999870e-03	-8.012737000000000461e-04
7.416867143000000000e+09	3.406812300000000050e-03	-7.814477999999999485e-04
7.416869571000000000e+09	3.438773400000000140e-03	-7.713079999999999546e-04
7.416872000000000000e+09	3.441298599999999958e-03	-7.574578999999999904e-04
7.416874429000000000e+09	3.460436400000000030e-03	-8.405774000000000405e-04
7.416876857000000000e+09	3.474668599999999972e-03	-8.032795000000000126e-04
7.416879286000000000e+09	3.445594699999999979e-03	-8.064320999999999729e-04
7.416881714000000000e+09	3.440111400000000173e-03	-7.898621000000000418e-04
7.416884143000000000e+09	3.489675399999999945e-03	-8.536289999999999547e-04
7.416886571000000000e+09	3.493972900000000010e-03	-8.332816000000000485e-04
7.416889000000000000e+09	3.464531399999999997e-03	-7.993197999999999970e-04
7.416891429000000000e+09	3.413213999999999918e-03	-8.040194999999999547e-04
7.416893857000000000e+09	3.419768899999999986e-03	-8.157019000000000379e-04
7.416896286000000000e+09	3.427037099999999999e-03	-7.759350999999999835e-04
7.416898714000000000e+09	3.435695400000000031e-03	-8.875894999999999965e-04
7.416901143000000000e+09	3.415056499999999818e-03	-8.696720000000000448e-04
7.416903571000000000e+09	3.420475799999999917e-03	-8.503484000000000390e-04
7.416906000000000000e+09	3.431001800000000202e-03	-8.729614000000000340e-04
7.416908429000000000e+09	3.442752500000000049e-03	-9.197260999999999761e-04
7.416910857000000000e+09	3.388285999999999902e-03	-9.001013000000000416e-04
7.416913286000000000e+09	3.432394599999999841e-03	-9.439394000000000040e-04
7.416915714000000000e+09	3.421152199999999855e-03	-8.931125000000000045e-04
7.416918143000000000e+09	3.449556800000000163e-03	-8.615966000000000510e-04
7.416920571000000000e+09	3.391560000000000061e-03	-8.514543999999999975e-04
7.416923000000000000e+09	3.448758399999999821e-03	-9.222292999999999897e-04
7.416925429000000000e+09	3.435815000000000050e-03	-9.085264999999999487e-04
7.416927857000000000e+09	3.439988399999999863e-03	-8.894047000000000194e-04
7.416930286000000000e+09	3.435403699999999873e-03	-8.974739999999999931e-04
7.416932714000000000e+09	3.426897700000000168e-03	-9.105526000000000071e-04
7.416935143000000000e+09	3.388692300000000109e-03	-9.252715000000000332e-04
7.416937571000000000e+09	3.450741199999999859e-03	-9.151899000000000449e-04
7.416940000000000000e+09	3.385585500000000154e-03	-9.942198000000000181e-04
7.416942429000000000e+09	3.400962400000000132e-03	-9.448526999999999534e-04
7.416944857000000000e+09	3.394169700000000071e-03	-9.803317999999999234e-04
7.416947286000000000e+09	3.412618499999999812e-03	-8.978976999999999532e-04
7.416949714000000000e+09	3.453746499999999896e-03	-8.776409000000000423e-04
7.416952143000000000e+09	3.373806400000000164e-03	-9.228147000000000129e-04
7.416954571000000000e+09	3.430198099999999788e-03	-9.621494999999999874e-04
7.416957000000000000e+09	3.428759799999999813e-03	-9.712695000000000356e-04
7.416959429000000000e+09	3.404950800000000177e-03	-9.589552000000000102e-04
7.416961857000000000e+09	3.453398500000000055e-03	-9.208709999999999726e-04
7.416964286000000000e+09	3.458093399999999894e-03	-1.008919399999999968e-03
7.416966714000000000e+09	3.410016799999999928e-03	-9.631658000000000407e-04
7.416969143000000000e+09	3.358684600000000006e-03	-9.855840000000000694e-04
7.416971571000000000e+09	3.379053500000000088e-03	-1.035450199999999894e-03
7.416974000000000000e+09	3.402692200000000198e-03	-9.927166000000000289e-04
7.416976429000000000e+09	3.433513799999999856e-03	-9.901955000000000912e-04
7.416978857000000000e+09	3.434892100000000188e-03	-1.017729200000000054e-03
7.416981286000000000e+09	3.411575799999999863e-03	-1.001268499999999990e-03
7.416983714000000000e+09	3.334822800000000146e-03	-1.003137400000000002e-03
7.416986143000000000e+09	3.392057100000000006e-03	-1.063804499999999962e-03
7.416988571000000000e+09	3.417696799999999854e-03	-9.808575000000000800e-04
7.416991000000000000e+09	3.423056900000000149e-03	-9.622459000000000090e-04
7.416993429000000000e+09	3.362076199999999935e-03	-1.008598400000000010e-03
7.416995857000000000e+09	3.339226600000000031e-03	-1.011365099999999998e-03
7.416998286000000000e+09	3.365168500000000149e-03	-1.051782700000000043e-03
7.417000714000000000e+09	3.427336799999999850e-03	-1.088321699999999972e-03
7.417003143000000000e+09	3.356197100000000034e-03	-1.062115699999999999e-03
7.417005571000000000e+09	3.438206200000000143e-03	-1.036294199999999955e-03
7.417008000000000000e+09	3.343781000000000097e-03	-1.044369100000000104e-03
7.417010429000000000e+09	3.348869100000000012e-03	-1.029581600000000104e-03
7.417012857000000000e+09	3.395138199999999870e-03	-1.041689799999999996e-03
7.417015286000000000e+09	3.431075500000000181e-03	-1.060669300000000080e-03
7.417017714000000000e+09	3.436958700000000179e-03	-1.053581399999999968e-03
7.417020143000000000e+09	3.355442900000000020e-03	-1.068941500000000072e-03
7.417022571000000000e+09	3.370314299999999791e-03	-1.092050000000000009e-03
7.417025000000000000e+09	3.379345800000000018e-03	-1.066814699999999935e-03
7.417027429000000000e+09	3.322464299999999902e-03	-1.083780300000000002e-03
7.417029857000000000e+09	3.370881799999999890e-03	-1.010677499999999927e-03
7.417032286000000000e+09	3.346926999999999975e-03	-1.079987400000000054e-03
7.417034714000000000e+09	3.325397800000000174e-03	-1.073231100000000045e-03
7.417037143000000000e+09	3.360206599999999901e-03	-1.110957600000000078e-03
7.417039571000000000e+09	3.368164099999999914e-03	-1.124937500000000069e-03
7.417042000000000000e+09	3.400428000000000044e-03	-1.092841900000000085e-03
7.417044429000000000e+09	3.353046599999999922e-03	-1.170184199999999963e-03
7.417046857000000000e+09	3.397340500000000166e-03	-1.124183200000000021e-03
7.417049286000000000e+09	3.405693999999999909e-03	-1.159312700000000038e-03
7.417051714000000000e+09	3.377609900000000040e-03	-1.119077399999999925e-03
7.417054143000000000e+09	3.343916499999999899e-03	-1.114427799999999922e-03
7.417056571000000000e+09	3.383208099999999996e-03	-1.131751100000000102e-03
7.417059000000000000e+09	3.382174700000000183e-03	-1.108447700000000057e-03
7.417061429000000000e+09	3.355271099999999982e-03	-1.173084299999999905e-03
7.417063857000000000e+09	3.364575399999999994e-03	-1.114919100000000057e-03
7.417066286000000000e+09	3.351621300000000043e-03	-1.158427700000000090e-03
7.417068714000000000e+09	3.376855599999999992e-03	-1.149432599999999915e-03
7.417071143000000000e+09	3.367348400000000179e-03	-1.161535800000000054e-03
7.417073571000000000e+09	3.362579799999999928e-03	-1.116336199999999959e-03
7.417076000000000000e+09	3.374558900000000031e-03	-1.163917999999999897e-03
7.417078429000000000e+09	3.303325099999999785e-03	-1.121923799999999987e-03
7.417080857000000000e+09	3.360669699999999961e-03	-1.217598399999999994e-03
7.417083286000000000e+09	3.285049300000000057e-03	-1.232222100000000082e-03
7.417085714000000000e+09	3.351799800000000197e-03	-1.215154900000000064e-03
7.417088143000000000e+09	3.371238300000000028e-03	-1.214760199999999910e-03
7.417090571000000000e+09	3.279500500000000034e-03	-1.203332799999999939e-03
7.417093000000000000e+09	3.307414299999999942e-03	-1.178138100000000049e-03
7.417095429000000000e+09	3.344316099999999990e-03	-1.193817399999999931e-03
7.417097857000000000e+09	3.310957199999999857e-03	-1.187063400000000057e-03
7.417100286000000000e+09	3.301397299999999854e-03	-1.181148799999999976e-03
7.417102714000000000e+09	3.311600200000000115e-03	-1.216521699999999944e-03
7.417105143000000000e+09	3.304289299999999853e-03	-1.252242599999999970e-03
7.417107571000000000e+09	3.279674700000000023e-03	-1.206086500000000047e-03
7.417110000000000000e+09	3.266661399999999833e-03	-1.158678800000000064e-03
7.417112429000000000e+09	3.332524900000000210e-03	-1.258389800000000005e-03
7.417114857000000000e+09	3.287988899999999808e-03	-1.279353800000000057e-03
7.417117286000000000e+09	3.334683800000000017e-03	-1.252242100000000016e-03
7.417119714000000000e+09	3.277267400000000077e-03	-1.208464200000000091e-03
7.417122143000000000e+09	3.325325599999999840e-03	-1.253879100000000095e-03
7.417124571000000000e+09	3.293885500000000039e-03	-1.204373799999999958e-03
7.417127000000000000e+09	3.316356099999999939e-03	-1.276740400000000086e-03
7.417129429000000000e+09	3.382174600000000149e-03	-1.269476999999999975e-03
7.417131857000000000e+09	3.265009000000000140e-03	-1.243217800000000076e-03
7.417134286000000000e+09	3.318186999999999786e-03	-1.279911500000000067e-03
7.417136714000000000e+09	3.249239100000000154e-03	-1.229254099999999971e-03
7.417139143000000000e+09	3.297574900000000038e-03	-1.315599800000000034e-03
7.417141571000000000e+09	3.303898500000000162e-03	-1.288044899999999998e-03
7.417144000000000000e+09	3.292829299999999824e-03	-1.353955999999999910e-03
7.417146429000000000e+09	3.289376399999999808e-03	-1.277445299999999985e-03
7.417148857000000000e+09	3.237443999999999912e-03	-1.226167800000000068e-03
7.417151286000000000e+09	3.334213999999999841e-03	-1.282468599999999920e-03
7.417153714000000000e+09	3.325417099999999817e-03	-1.220757199999999900e-03
7.417156143000000000e+09	3.284596099999999904e-03	-1.312503299999999906e-03
7.417158571000000000e+09	3.223461200000000016e-03	-1.324578299999999969e-03
7.417161000000000000e+09	3.290914900000000125e-03	-1.345262199999999915e-03
7.417163429000000000e+09	3.222101099999999819e-03	-1.327051500000000052e-03
7.417165857000000000e+09	3.280148100000000125e-03	-1.323498700000000014e-03
7.417168286000000000e+09	3.202399600000000075e-03	-1.319670000000000001e-03
7.417170714000000000e+09	3.227710600000000159e-03	-1.277309699999999932e-03
7.417173143000000000e+09	3.251927999999999850e-03	-1.316391600000000077e-03
7.417175571000000000e+09	3.280391899999999996e-03	-1.352092000000000051e-03
7.417178000000000000e+09	3.272568000000000005e-03	-1.364948400000000079e-03
7.417180429000000000e+09	3.300982300000000150e-03	-1.331067000000000014e-03
7.417182857000000000e+09	3.256999799999999844e-03	-1.375608300000000055e-03
7.417185286000000000e+09	3.304875599999999858e-03	-1.390722299999999937e-03
7.417187714000000000e+09	3.277583100000000180e-03	-1.398271699999999998e-03
7.417190143000000000e+09	3.261148299999999840e-03	-1.320170700000000089e-03
7.417192571000000000e+09	3.296581499999999987e-03	-1.358637100000000030e-03
7.417195000000000000e+09	3.230291599999999923e-03	-1.367344799999999994e-03
7.417197429000000000e+09	3.242397399999999864e-03	-1.376537300000000045e-03
7.417199857000000000e+09	3.254643700000000011e-03	-1.363551300000000058e-03
7.417202286000000000e+09	3.228888799999999910e-03	-1.384438599999999976e-03
7.417204714000000000e+09	3.221994100000000194e-03	-1.357483399999999960e-03
7.417207143000000000e+09	3.253217300000000190e-03	-1.353069799999999986e-03
7.417209571000000000e+09	3.221444200000000025e-03	-1.411285100000000004e-03
7.417212000000000000e+09	3.312629300000000197e-03	-1.368887299999999941e-03
7.417214429000000000e+09	3.210075800000000007e-03	-1.449754599999999918e-03
7.417216857000000000e+09	3.278156899999999825e-03	-1.407313199999999948e-03
7.417219286000000000e+09	3.247781700000000171e-03	-1.422989799999999994e-03
7.417221714000000000e+09	3.265170600000000169e-03	-1.404872099999999969e-03
7.417224143000000000e+09	3.211864200000000107e-03	-1.417964799999999912e-03
7.417226571000000000e+09	3.214618299999999918e-03	-1.466853599999999938e-03
7.417229000000000000e+09	3.265791000000000093e-03	-1.469732199999999921e-03
7.417231429000000000e+09	3.232764500000000121e-03	-1.409004900000000032e-03
7.417233857000000000e+09	3.201321699999999833e-03	-1.422992099999999911e-03
7.417236286000000000e+09	3.228810600000000131e-03	-1.434373899999999945e-03
7.417238714000000000e+09	3.237999599999999856e-03	-1.472896100000000048e-03
7.417241143000000000e+09	3.224363999999999963e-03	-1.430579499999999919e-03
7.417243571000000000e+09	3.201641299999999964e-03	-1.433493400000000013e-03
7.417246000000000000e+09	3.246927699999999951e-03	-1.450165000000000004e-03
7.417248429000000000e+09	3.165583400000000162e-03	-1.443449199999999929e-03
7.417250857000000000e+09	3.235250500000000015e-03	-1.422226900000000049e-03
7.417253286000000000e+09	3.227280700000000144e-03	-1.476691399999999947e-03
7.417255714000000000e+09	3.214250399999999796e-03	-1.509518700000000080e-03
7.417258143000000000e+09	3.256229399999999944e-03	-1.435135400000000063e-03
7.417260571000000000e+09	3.157909799999999816e-03	-1.447288199999999985e-03
7.417263000000000000e+09	3.149825800000000033e-03	-1.434062299999999939e-03
7.417265429000000000e+09	3.202068800000000028e-03	-1.468931500000000097e-03
7.417267857000000000e+09	3.183460300000000038e-03	-1.489871100000000068e-03
7.417270286000000000e+09	3.148906999999999835e-03	-1.508929100000000034e-03
7.417272714000000000e+09	3.236443600000000077e-03	-1.506542999999999945e-03
7.417275143000000000e+09	3.161687500000000001e-03	-1.531031300000000074e-03
7.417277571000000000e+09	3.184015599999999880e-03	-1.522983400000000025e-03
7.417280000000000000e+09	3.232143099999999856e-03	-1.433999200000000106e-03
7.417282429000000000e+09	3.159731900000000131e-03	-1.495437700000000090e-03
7.417284857000000000e+09	3.172247000000000001e-03	-1.483331199999999911e-03
7.417287286000000000e+09	3.209275100000000183e-03	-1.478813899999999919e-03
7.417289714000000000e+09	3.215935999999999968e-03	-1.546208500000000041e-03
7.417292143000000000e+09	3.182945600000000163e-03	-1.532775500000000063e-03
7.417294571000000000e+09	3.184604000000000167e-03	-1.531857800000000023e-03
7.417297000000000000e+09	3.154244599999999829e-03	-1.555704599999999972e-03
7.417299429000000000e+09	3.191517300000000154e-03	-1.559957399999999973e-03
7.417301857000000000e+09	3.181523800000000176e-03	-1.567055599999999911e-03
7.417304286000000000e+09	3.137513299999999863e-03	-1.593695599999999995e-03
7.417306714000000000e+09	3.154330700000000133e-03	-1.572654799999999992e-03
7.417309143000000000e+09	3.164536099999999946e-03	-1.590955000000000017e-03
7.417311571000000000e+09	3.158046800000000130e-03	-1.569795500000000085e-03
7.417314000000000000e+09	3.193839200000000034e-03	-1.608026299999999915e-03
7.417316429000000000e+09	3.101216600000000160e-03	-1.549974200000000038e-03
7.417318857000000000e+09	3.184570299999999951e-03	-1.541354499999999942e-03
7.417321286000000000e+09	3.105631399999999893e-03	-1.533312700000000021e-03
7.417323714000000000e+09	3.133237999999999995e-03	-1.585688299999999913e-03
7.417326143000000000e+09	3.153289599999999863e-03	-1.622213599999999941e-03
7.417328571000000000e+09	3.162100000000000154e-03	-1.540957599999999905e-03
7.417331000000000000e+09	3.154917100000000172e-03	-1.622475400000000095e-03
7.417333429000000000e+09	3.150705900000000045e-03	-1.633197799999999917e-03
7.417335857000000000e+09	3.135251400000000060e-03	-1.655463100000000064e-03
7.417338286000000000e+09	3.195132099999999867e-03	-1.576674900000000004e-03
7.417340714000000000e+09	3.146479900000000076e-03	-1.584831600000000075e-03
7.417343143000000000e+09	3.150971399999999943e-03	-1.596866099999999988e-03
7.417345571000000000e+09	3.145077999999999936e-03	-1.560861300000000078e-03
7.417348000000000000e+09	3.191540200000000157e-03	-1.602325799999999986e-03
7.417350429000000000e+09	3.128071599999999834e-03	-1.610677200000000097e-03
7.417352857000000000e+09	3.139810900000000130e-03	-1.622219100000000082e-03
7.417355286000000000e+09	3.115442099999999985e-03	-1.621593900000000039e-03
7.417357714000000000e+09	3.121628300000000092e-03	-1.624240799999999941e-03
7.417360143000000000e+09	3.182328199999999961e-03	-1.680649900000000078e-03
7.417362571000000000e+09	3.185274000000000091e-03	-1.581318300000000062e-03
7.417365000000000000e+09	3.088895600000000127e-03	-1.632219500000000028e-03
7.417367429000000000e+09	3.155256099999999980e-03	-1.641975699999999967e-03
7.417369857000000000e+09	3.155364899999999785e-03	-1.610729499999999934e-03
7.417372286000000000e+09	3.080208400000000214e-03	-1.663160099999999933e-03
7.417374714000000000e+09	3.206142400000000069e-03	-1.684025899999999892e-03
7.417377143000000000e+09	3.095830700000000175e-03	-1.670313899999999966e-03
7.417379571000000000e+09	3.085241800000000124e-03	-1.690795799999999984e-03
7.417382000000000000e+09	3.076093399999999933e-03	-1.650762299999999948e-03
7.417384429000000000e+09	3.121136899999999922e-03	-1.659142699999999974e-03
7.417386857000000000e+09	3.050064900000000207e-03	-1.670442100000000098e-03
7.417389286000000000e+09	3.125198300000000141e-03	-1.676173900000000076e-03
7.417391714000000000e+09	3.104823400000000181e-03	-1.631953399999999926e-03
7.417394143000000000e+09	3.060670799999999983e-03	-1.663033800000000015e-03
7.417396571000000000e+09	3.071186499999999792e-03	-1.629953900000000048e-03
7.417399000000000000e+09	3.118606900000000202e-03	-1.658010500000000080e-03
7.417401429000000000e+09	3.007675599999999790e-03	-1.740101100000000008e-03
7.417403857000000000e+09	3.132411999999999783e-03	-1.723401299999999942e-03
7.417406286000000000e+09	3.061619299999999901e-03	-1.682385100000000034e-03
7.417408714000000000e+09	3.016483099999999959e-03	-1.699601700000000042e-03
7.417411143000000000e+09	3.080294099999999948e-03	-1.725409700000000036e-03
7.417413571000000000e+09	3.012665600000000079e-03	-1.716011699999999947e-03
7.417416000000000000e+09	3.088741299999999985e-03	-1.730614600000000098e-03
7.417418429000000000e+09	3.059033400000000201e-03	-1.725867399999999989e-03
7.417420857000000000e+09	3.074987500000000117e-03	-1.732435100000000085e-03
7.417423286000000000e+09	3.100442299999999797e-03	-1.775994400000000060e-03
7.417425714000000000e+09	3.066123100000000060e-03	-1.676290700000000007e-03
7.417428143000000000e+09	3.044823199999999955e-03	-1.717303400000000022e-03
7.417430571000000000e+09	3.056268899999999879e-03	-1.763976800000000055e-03
7.417433000000000000e+09	3.039421799999999889e-03	-1.856445200000000038e-03
7.417435429000000000e+09	3.076193599999999841e-03	-1.746969699999999931e-03
7.417437857000000000e+09	3.055594699999999823e-03	-1.716348199999999987e-03
7.417440286000000000e+09	3.073216900000000015e-03	-1.793451900000000033e-03
7.417442714000000000e+09	3.009177999999999940e-03	-1.744433799999999934e-03
7.417445143000000000e+09	3.045144599999999833e-03	-1.726694900000000062e-03
7.417447571000000000e+09	3.034863899999999930e-03	-1.785451200000000033e-03
7.417450000000000000e+09	3.025420999999999926e-03	-1.809943199999999907e-03
7.417452429000000000e+09	3.006311299999999895e-03	-1.814492100000000049e-03
7.417454857000000000e+09	3.037053100000000096e-03	-1.814950600000000058e-03
7.417457286000000000e+09	3.090800400000000021e-03	-1.806855800000000062e-03
7.417459714000000000e+09	3.031452599999999789e-03	-1.814419799999999897e-03
7.417462143000000000e+09	3.010277699999999810e-03	-1.815689500000000059e-03
7.417464571000000000e+09	3.090523999999999875e-03	-1.831079499999999950e-03
7.417467000000000000e+09	3.050031400000000059e-03	-1.770922799999999917e-03
7.417469429000000000e+09	3.067732000000000098e-03	-1.826777400000000051e-03
7.417471857000000000e+09	3.059716399999999788e-03	-1.838138800000000067e-03
7.417474286000000000e+09	3.021344999999999933e-03	-1.793373900000000106e-03
7.417476714000000000e+09	2.992731800000000050e-03	-1.793129600000000065e-03
7.417479143000000000e+09	3.006416799999999875e-03	-1.835337100000000070e-03
7.417481571000000000e+09	3.028331600000000196e-03	-1.872701799999999892e-03
7.417484000000000000e+09	2.993028999999999915e-03	-1.832597100000000079e-03
7.417486429000000000e+09	2.996921499999999784e-03	-1.878919900000000035e-03
7.417488857000000000e+09	3.008284799999999797e-03	-1.807661099999999937e-03
7.417491286000000000e+09	2.946958500000000127e-03	-1.791875000000000065e-03
7.417493714000000000e+09	2.989071700000000067e-03	-1.845171000000000051e-03
7.417496143000000000e+09	3.031258000000000216e-03	-1.839671599999999959e-03
7.417498571000000000e+09	2.999814899999999826e-03	-1.887918300000000034e-03
7.417501000000000000e+09	2.963145300000000031e-03	-1.840005800000000082e-03
7.417503429000000000e+09	3.028060099999999987e-03	-1.916139500000000034e-03
7.417505857000000000e+09	2.996439899999999920e-03	-1.915709200000000100e-03
7.417508286000000000e+09	2.937332799999999803e-03	-1.903316499999999903e-03
7.417510714000000000e+09	3.034672999999999884e-03	-1.797149999999999963e-03
7.417513143000000000e+09	2.989997900000000187e-03	-1.839343700000000033e-03
7.417515571000000000e+09	2.944079100000000088e-03	-1.881869900000000080e-03
7.417518000000000000e+09	3.049063700000000099e-03	-1.902058999999999998e-03
7.417520429000000000e+09	2.994938200000000009e-03	-1.899020900000000052e-03
7.417522857000000000e+09	2.968552399999999872e-03	-1.878985199999999968e-03
7.417525286000000000e+09	2.992940500000000094e-03	-1.876216499999999949e-03
7.417527714000000000e+09	3.025891000000000171e-03	-1.929260199999999984e-03
7.417530143000000000e+09	2.998640099999999933e-03	-1.884119399999999991e-03
7.417532571000000000e+09	3.034840200000000088e-03	-1.901451499999999920e-03
7.417535000000000000e+09	2.996223399999999818e-03	-1.910450200000000020e-03
7.417537429000000000e+09	2.970670500000000078e-03	-1.854053100000000072e-03
7.417539857000000000e+09	2.997162500000000000e-03	-1.880760700000000006e-03
7.417542286000000000e+09	2.966527100000000087e-03	-1.921667699999999972e-03
7.417544714000000000e+09	2.954588299999999848e-03	-1.919028699999999945e-03
7.417547143000000000e+09	2.949418799999999931e-03	-1.916624499999999972e-03
7.417549571000000000e+09	2.966876399999999938e-03	-1.965365699999999972e-03
7.417552000000000000e+09	2.908599899999999867e-03	-1.967291600000000123e-03
7.417554429000000000e+09	2.933629799999999937e-03	-1.912122700000000062e-03
7.417556857000000000e+09	2.931670999999999843e-03	-1.906999200000000002e-03
7.417559286000000000e+09	2.897882899999999935e-03	-1.918590499999999919e-03
7.417561714000000000e+09	2.987750799999999794e-03	-1.914590899999999958e-03
7.417564143000000000e+09	2.956240100000000204e-03	-1.964500300000000203e-03
7.417566571000000000e+09	2.943483299999999879e-03	-1.903809000000000013e-03
7.417569000000000000e+09	2.907911300000000105e-03	-1.956516799999999997e-03
7.417571429000000000e+09	2.895589799999999901e-03	-1.999745399999999958e-03
7.417573857000000000e+09	2.951266799999999971e-03	-1.971294599999999942e-03
7.417576286000000000e+09	2.898382200000000197e-03	-1.947087300000000009e-03
7.417578714000000000e+09	2.944043300000000023e-03	-1.945342799999999917e-03
7.417581143000000000e+09	2.940421099999999954e-03	-1.965935800000000091e-03
7.417583571000000000e+09	2.892610600000000091e-03	-1.979828800000000156e-03
7.417586000000000000e+09	2.938452499999999988e-03	-1.971667299999999966e-03
7.417588429000000000e+09	2.882542899999999964e-03	-2.048787600000000035e-03
7.417590857000000000e+09	2.923671100000000116e-03	-2.011809299999999922e-03
7.417593286000000000e+09	2.928674200000000102e-03	-2.006036300000000206e-03
7.417595714000000000e+09	2.915649699999999997e-03	-2.022711600000000158e-03
7.417598143000000000e+09	2.937534099999999926e-03	-2.005430800000000159e-03
7.417600571000000000e+09	2.863950100000000124e-03	-1.987156600000000110e-03
7.417603000000000000e+09	2.938601900000000194e-03	-1.987371600000000134e-03
7.417605429000000000e+09	2.924960199999999955e-03	-2.011680400000000202e-03
7.417607857000000000e+09	2.920729200000000015e-03	-2.001581399999999809e-03
7.417610286000000000e+09	2.939191900000000159e-03	-1.981032699999999997e-03
7.417612714000000000e+09	2.884515900000000129e-03	-2.032656400000000009e-03
7.417615143000000000e+09	2.893180500000000141e-03	-2.010784600000000040e-03
7.417617571000000000e+09	2.892524699999999855e-03	-2.005260100000000063e-03
7.417620000000000000e+09	2.933297100000000109e-03	-1.992088300000000034e-03
7.417622429000000000e+09	2.869958399999999847e-03	-2.018455399999999865e-03
7.417624857000000000e+09	2.871700000000000034e-03	-2.005456699999999884e-03
7.417627286000000000e+09	2.916170999999999954e-03	-2.036770299999999916e-03
7.417629714000000000e+09	2.854127699999999945e-03	-2.022950600000000126e-03
7.417632143000000000e+09	2.867688399999999884e-03	-1.985382999999999853e-03
7.417634571000000000e+09	2.869040199999999853e-03	-2.054375599999999982e-03
7.417637000000000000e+09	2.869697300000000149e-03	-2.006065200000000086e-03
7.417639429000000000e+09	2.929814499999999940e-03	-2.026075000000000011e-03
7.417641857000000000e+09	2.833240600000000095e-03	-2.076544500000000217e-03
7.417644286000000000e+09	2.888398500000000091e-03	-2.072516600000000146e-03
7.417646714000000000e+09	2.846448200000000189e-03	-2.098614799999999787e-03
7.417649143000000000e+09	2.785628699999999867e-03	-2.027734399999999923e-03
7.417651571000000000e+09	2.844886699999999834e-03	-2.093287899999999972e-03
7.417654000000000000e+09	2.837311300000000015e-03	-2.078800300000000108e-03
7.417656429000000000e+09	2.838597999999999903e-03	-2.087246799999999906e-03
7.417658857000000000e+09	2.809618600000000042e-03	-2.084255100000000169e-03
7.417661286000000000e+09	2.787867399999999999e-03	-2.045905399999999909e-03
7.417663714000000000e+09	2.820538400000000175e-03	-2.068489399999999881e-03
7.417666143000000000e+09	2.881171000000000079e-03	-2.074591599999999966e-03
7.417668571000000000e+09	2.910485100000000016e-03	-2.149279300000000135e-03
7.417671000000000000e+09	2.814785499999999940e-03	-2.175282499999999907e-03
7.417673429000000000e+09	2.881697400000000041e-03	-2.144064700000000018e-03
7.417675857000000000e+09	2.818055400000000002e-03	-2.168680799999999926e-03
7.417678286000000000e+09	2.850356400000000207e-03	-2.107226499999999975e-03
7.417680714000000000e+09	2.847087700000000120e-03	-2.074335200000000136e-03
7.417683143000000000e+09	2.809912199999999981e-03	-2.100934200000000116e-03
7.417685571000000000e+09	2.773104800000000033e-03	-2.139411600000000122e-03
7.417688000000000000e+09	2.881048299999999871e-03	-2.110050400000000170e-03
7.417690429000000000e+09	2.824139299999999918e-03	-2.160636799999999906e-03
7.417692857000000000e+09	2.759313099999999817e-03	-2.174989899999999875e-03
7.417695286000000000e+09	2.762156899999999859e-03	-2.125305899999999949e-03
7.417697714000000000e+09	2.786701999999999842e-03	-2.182297100000000177e-03
7.417700143000000000e+09	2.823554299999999923e-03	-2.079516200000000072e-03
7.417702571000000000e+09	2.772808199999999938e-03	-2.138769799999999839e-03
7.417705000000000000e+09	2.821676200000000027e-03	-2.154385799999999820e-03
7.417707429000000000e+09	2.806388600000000143e-03	-2.124107000000000078e-03
7.417709857000000000e+09	2.854752099999999931e-03	-2.176260699999999979e-03
7.417712286000000000e+09	2.793178999999999801e-03	-2.144310100000000000e-03
7.417714714000000000e+09	2.737461000000000061e-03	-2.186753000000000047e-03
7.417717143000000000e+09	2.733320500000000191e-03	-2.198046800000000214e-03
7.417719571000000000e+09	2.801500699999999976e-03	-2.192118399999999981e-03
7.417722000000000000e+09	2.854606799999999823e-03	-2.178739700000000088e-03
7.417724429000000000e+09	2.720760699999999824e-03	-2.178836500000000138e-03
7.417726857000000000e+09	2.770970199999999838e-03	-2.187926000000000194e-03
7.417729286000000000e+09	2.728488700000000072e-03	-2.207599000000000193e-03
7.417731714000000000e+09	2.770320800000000000e-03	-2.183949900000000006e-03
7.417734143000000000e+09	2.758848500000000113e-03	-2.226419299999999983e-03
7.417736571000000000e+09	2.738729699999999882e-03	-2.160800300000000149e-03
7.417739000000000000e+09	2.725322799999999913e-03	-2.211826899999999943e-03
7.417741429000000000e+09	2.740823199999999939e-03	-2.251776000000000038e-03
7.417743857000000000e+09	2.772227999999999845e-03	-2.228916200000000125e-03
7.417746286000000000e+09	2.721722000000000204e-03	-2.243135399999999970e-03
7.417748714000000000e+09	2.728463100000000016e-03	-2.247555100000000073e-03
7.417751143000000000e+09	2.751895800000000135e-03	-2.228868299999999837e-03
7.417753571000000000e+09	2.788271900000000025e-03	-2.211211099999999853e-03
7.417756000000000000e+09	2.736099599999999854e-03	-2.178166599999999814e-03
7.417758429000000000e+09	2.708499400000000199e-03	-2.179537599999999825e-03
7.417760857000000000e+09	2.738601399999999932e-03	-2.194585099999999799e-03
7.417763286000000000e+09	2.753726100000000211e-03	-2.187597400000000029e-03
7.417765714000000000e+09	2.783524500000000065e-03	-2.249166899999999799e-03
7.417768143000000000e+09	2.726917100000000177e-03	-2.286592999999999959e-03
7.417770571000000000e+09	2.742304300000000198e-03	-2.161660100000000178e-03
7.417773000000000000e+09	2.744313700000000199e-03	-2.268010899999999865e-03
7.417775429000000000e+09	2.727470499999999805e-03	-2.240004400000000003e-03
7.417777857000000000e+09	2.711449199999999959e-03	-2.249581999999999971e-03
7.417780286000000000e+09	2.750663699999999785e-03	-2.290401400000000205e-03
7.417782714000000000e+09	2.777240500000000001e-03	-2.267642900000000142e-03
7.417785143000000000e+09	2.719429499999999941e-03	-2.265614300000000098e-03
7.417787571000000000e+09	2.716907800000000015e-03	-2.233869099999999906e-03
7.417790000000000000e+09	2.701793100000000111e-03	-2.268433099999999855e-03
7.417792429000000000e+09	2.700097700000000066e-03	-2.296859799999999893e-03
7.417794857000000000e+09	2.698389600000000027e-03	-2.285417799999999930e-03
7.417797286000000000e+09	2.716507899999999823e-03	-2.237653799999999877e-03
7.417799714000000000e+09	2.712909999999999801e-03	-2.287399199999999924e-03
7.417802143000000000e+09	2.718664700000000215e-03	-2.298299900000000048e-03
7.417804571000000000e+09	2.712979500000000082e-03	-2.275056900000000000e-03
7.417807000000000000e+09	2.706410700000000044e-03	-2.237006199999999785e-03
7.417809429000000000e+09	2.720315200000000128e-03	-2.334528700000000016e-03
7.417811857000000000e+09	2.629876800000000014e-03	-2.311256199999999882e-03
7.417814286000000000e+09	2.715729999999999967e-03	-2.324662199999999977e-03
7.417816714000000000e+09	2.682079200000000042e-03	-2.318682500000000032e-03
7.417819143000000000e+09	2.681606799999999846e-03	-2.292675899999999968e-03
7.417821571000000000e+09	2.624480800000000055e-03	-2.342932099999999861e-03
7.417824000000000000e+09	2.652290099999999890e-03	-2.288850900000000133e-03
7.417826429000000000e+09	2.712155400000000084e-03	-2.309625899999999919e-03
7.417828857000000000e+09	2.690255800000000176e-03	-2.244503899999999996e-03
7.417831286000000000e+09	2.673318200000000117e-03	-2.257674600000000083e-03
7.417833714000000000e+09	2.659691400000000188e-03	-2.311138700000000146e-03
7.417836143000000000e+09	2.650731300000000023e-03	-2.331870800000000049e-03
7.417838571000000000e+09	2.667955699999999871e-03	-2.361703499999999890e-03
7.417841000000000000e+09	2.635401199999999958e-03	-2.383086100000000006e-03
7.417843429000000000e+09	2.595280299999999825e-03	-2.353982399999999826e-03
7.417845857000000000e+09	2.588298599999999932e-03	-2.336164099999999983e-03
7.417848286000000000e+09	2.654873800000000141e-03	-2.331501000000000146e-03
7.417850714000000000e+09	2.647152900000000145e-03	-2.302730800000000067e-03
7.417853143000000000e+09	2.665830799999999948e-03	-2.333462100000000157e-03
7.417855571000000000e+09	2.722241099999999844e-03	-2.351390499999999814e-03
7.417858000000000000e+09	2.642324799999999987e-03	-2.352774000000000185e-03
7.417860429000000000e+09	2.661280099999999843e-03	-2.337029300000000118e-03
7.417862857000000000e+09	2.596173399999999933e-03	-2.367112000000000209e-03
7.417865286000000000e+09	2.588581799999999794e-03	-2.384151399999999855e-03
7.417867714000000000e+09	2.623405000000000094e-03	-2.324814900000000007e-03
7.417870143000000000e+09	2.628992499999999871e-03	-2.357246900000000214e-03
7.417872571000000000e+09	2.572390999999999827e-03	-2.372598699999999873e-03
7.417875000000000000e+09	2.664278999999999866e-03	-2.416489700000000202e-03
7.417877429000000000e+09	2.569130099999999799e-03	-2.343643099999999889e-03
7.417879857000000000e+09	2.588714299999999875e-03	-2.372729300000000173e-03
7.417882286000000000e+09	2.580753800000000139e-03	-2.376042000000000085e-03
7.417884714000000000e+09	2.672095900000000072e-03	-2.425196599999999893e-03
7.417887143000000000e+09	2.580195899999999844e-03	-2.424507399999999927e-03
7.417889571000000000e+09	2.627691399999999844e-03	-2.410350700000000145e-03
7.417892000000000000e+09	2.573939899999999788e-03	-2.371551899999999827e-03
7.417894429000000000e+09	2.595667199999999921e-03	-2.404526299999999814e-03
7.417896857000000000e+09	2.602763100000000159e-03	-2.313718000000000198e-03
7.417899286000000000e+09	2.618539200000000091e-03	-2.427422700000000065e-03
7.417901714000000000e+09	2.603671200000000178e-03	-2.424970399999999953e-03
7.417904143000000000e+09	2.555099600000000117e-03	-2.406421399999999870e-03
7.417906571000000000e+09	2.581543099999999979e-03	-2.430397300000000042e-03
7.417909000000000000e+09	2.555487099999999984e-03	-2.448437300000000025e-03
7.417911429000000000e+09	2.537175500000000191e-03	-2.422190199999999915e-03
7.417913857000000000e+09	2.552324800000000185e-03	-2.464905299999999976e-03
7.417916286000000000e+09	2.621791899999999925e-03	-2.458107399999999877e-03
7.417918714000000000e+09	2.592241300000000005e-03	-2.406033499999999867e-03
7.417921143000000000e+09	2.569763499999999819e-03	-2.356639499999999953e-03
7.417923571000000000e+09	2.551807899999999994e-03	-2.453536300000000187e-03
7.417926000000000000e+09	2.530414400000000064e-03	-2.459436699999999979e-03
7.417928429000000000e+09	2.571280200000000075e-03	-2.453535800000000017e-03
7.417930857000000000e+09	2.582954699999999958e-03	-2.476772700000000153e-03
7.417933286000000000e+09	2.553323499999999874e-03	-2.415530400000000071e-03
7.417935714000000000e+09	2.524831899999999824e-03	-2.413530599999999873e-03
7.417938143000000000e+09	2.554226399999999855e-03	-2.456724300000000076e-03
7.417940571000000000e+09	2.526418700000000132e-03	-2.474335900000000123e-03
7.417943000000000000e+09	2.503850499999999910e-03	-2.490017199999999820e-03
7.417945429000000000e+09	2.529519500000000209e-03	-2.464494800000000072e-03
7.417947857000000000e+09	2.556640099999999815e-03	-2.489963899999999859e-03
7.417950286000000000e+09	2.492630799999999858e-03	-2.440737100000000149e-03
7.417952714000000000e+09	2.502993700000000037e-03	-2.492274799999999891e-03
7.417955143000000000e+09	2.538888200000000064e-03	-2.474043999999999896e-03
7.417957571000000000e+09	2.559243100000000142e-03	-2.554078999999999898e-03
7.417960000000000000e+09	2.492718899999999977e-03	-2.531419799999999869e-03
7.417962429000000000e+09	2.531906400000000137e-03	-2.483436700000000129e-03
7.417964857000000000e+09	2.505426299999999936e-03	-2.467858500000000028e-03
7.417967286000000000e+09	2.487773200000000049e-03	-2.514198100000000075e-03
7.417969714000000000e+09	2.493962900000000048e-03	-2.539740999999999874e-03
7.417972143000000000e+09	2.457847400000000120e-03	-2.496604899999999797e-03
7.417974571000000000e+09	2.493731700000000138e-03	-2.530263100000000077e-03
7.417977000000000000e+09	2.459918399999999877e-03	-2.486486699999999796e-03
7.417979429000000000e+09	2.501401800000000158e-03	-2.545893799999999867e-03
7.417981857000000000e+09	2.520628599999999789e-03	-2.458292800000000215e-03
7.417984286000000000e+09	2.475817799999999787e-03	-2.535626999999999933e-03
7.417986714000000000e+09	2.464750999999999834e-03	-2.482877200000000156e-03
7.417989143000000000e+09	2.467837899999999942e-03	-2.444801199999999987e-03
7.417991571000000000e+09	2.506906699999999957e-03	-2.550809399999999939e-03
7.417994000000000000e+09	2.491469699999999867e-03	-2.500321800000000066e-03
7.417996429000000000e+09	2.473559100000000208e-03	-2.527388499999999941e-03
7.417998857000000000e+09	2.472972700000000169e-03	-2.462416900000000131e-03
7.418001286000000000e+09	2.478331399999999986e-03	-2.555514300000000152e-03
7.418003714000000000e+09	2.484270700000000033e-03	-2.540007999999999849e-03
7.418006143000000000e+09	2.406278400000000112e-03	-2.480810400000000096e-03
7.418008571000000000e+09	2.426086999999999948e-03	-2.543318399999999844e-03
7.418011000000000000e+09	2.414107100000000006e-03	-2.560881399999999797e-03
7.418013429000000000e+09	2.376753699999999917e-03	-2.560879900000000153e-03
7.418015857000000000e+09	2.483203399999999936e-03	-2.542399400000000011e-03
7.418018286000000000e+09	2.467402000000000050e-03	-2.547848900000000000e-03
7.418020714000000000e+09	2.391189599999999933e-03	-2.535644100000000126e-03
7.418023143000000000e+09	2.382970299999999982e-03	-2.583526899999999925e-03
7.418025571000000000e+09	2.420137599999999927e-03	-2.607729200000000105e-03
7.418028000000000000e+09	2.418674400000000134e-03	-2.547775400000000089e-03
7.418030429000000000e+09	2.454399900000000211e-03	-2.567760399999999797e-03
7.418032857000000000e+09	2.460839800000000094e-03	-2.573709100000000013e-03
7.418035286000000000e+09	2.401602799999999916e-03	-2.565709299999999887e-03
7.418037714000000000e+09	2.410129799999999843e-03	-2.613011199999999788e-03
7.418040143000000000e+09	2.395394300000000011e-03	-2.572935299999999821e-03
7.418042571000000000e+09	2.414317699999999831e-03	-2.570483699999999948e-03
7.418045000000000000e+09	2.431251799999999998e-03	-2.609597200000000027e-03
7.418047429000000000e+09	2.469162600000000211e-03	-2.611780599999999949e-03
7.418049857000000000e+09	2.424479599999999988e-03	-2.609545100000000041e-03
7.418052286000000000e+09	2.412519399999999824e-03	-2.626119399999999812e-03
7.418054714000000000e+09	2.384665900000000095e-03	-2.556473799999999918e-03
7.418057143000000000e+09	2.448469799999999832e-03	-2.605212699999999784e-03
7.418059571000000000e+09	2.382216600000000139e-03	-2.617084200000000058e-03
7.418062000000000000e+09	2.386215899999999997e-03	-2.628766700000000067e-03
7.418064429000000000e+09	2.337102000000000190e-03	-2.630022100000000123e-03
7.418066857000000000e+09	2.347461300000000008e-03	-2.649000500000000050e-03
7.418069286000000000e+09	2.456803699999999830e-03	-2.585843799999999835e-03
7.418071714000000000e+09	2.377797699999999875e-03	-2.578784499999999934e-03
7.418074143000000000e+09	2.388780999999999977e-03	-2.651368600000000072e-03
7.418076571000000000e+09	2.380804900000000127e-03	-2.647327799999999939e-03
7.418079000000000000e+09	2.325822600000000163e-03	-2.615129099999999925e-03
7.418081429000000000e+09	2.377484300000000123e-03	-2.607887499999999876e-03
7.418083857000000000e+09	2.347531600000000128e-03	-2.660780800000000015e-03
7.418086286000000000e+09	2.381289700000000214e-03	-2.647866999999999929e-03
7.418088714000000000e+09	2.366469400000000087e-03	-2.655990799999999839e-03
7.418091143000000000e+09	2.319982700000000186e-03	-2.637728199999999842e-03
7.418093571000000000e+09	2.339030599999999960e-03	-2.633099700000000095e-03
7.418096000000000000e+09	2.325936600000000007e-03	-2.602615300000000065e-03
7.418098429000000000e+09	2.376685099999999943e-03	-2.664991199999999869e-03
7.418100857000000000e+09	2.334299800000000022e-03	-2.616065999999999791e-03
7.418103286000000000e+09	2.287232799999999993e-03	-2.704260699999999802e-03
7.418105714000000000e+09	2.339573800000000012e-03	-2.663631799999999911e-03
7.418108143000000000e+09	2.329758600000000120e-03	-2.635031800000000191e-03
7.418110571000000000e+09	2.346603100000000091e-03	-2.700271000000000182e-03
7.418113000000000000e+09	2.330338700000000179e-03	-2.665256300000000064e-03
7.418115429000000000e+09	2.306108800000000129e-03	-2.664267699999999916e-03
7.418117857000000000e+09	2.339360700000000202e-03	-2.661476399999999996e-03
7.418120286000000000e+09	2.331547700000000025e-03	-2.666814999999999897e-03
7.418122714000000000e+09	2.327978899999999952e-03	-2.666455700000000106e-03
7.418125143000000000e+09	2.281053300000000002e-03	-2.641230100000000088e-03
7.418127571000000000e+09	2.318512200000000072e-03	-2.665490600000000165e-03
7.418130000000000000e+09	2.301873199999999921e-03	-2.638975200000000070e-03
7.418132429000000000e+09	2.265373099999999813e-03	-2.662811199999999805e-03
7.418134857000000000e+09	2.290101599999999887e-03	-2.683633899999999812e-03
7.418137286000000000e+09	2.261673999999999976e-03	-2.748379599999999784e-03
7.418139714000000000e+09	2.303815900000000163e-03	-2.699123299999999989e-03
7.418142143000000000e+09	2.254527699999999898e-03	-2.764313300000000116e-03
7.418144571000000000e+09	2.298795000000000179e-03	-2.684627800000000033e-03
7.418147000000000000e+09	2.313003499999999844e-03	-2.682586199999999893e-03
7.418149429000000000e+09	2.311462800000000078e-03	-2.750935999999999833e-03
7.418151857000000000e+09	2.257269399999999818e-03	-2.703854299999999995e-03
7.418154286000000000e+09	2.251175599999999995e-03	-2.683590400000000157e-03
7.418156714000000000e+09	2.247872499999999888e-03	-2.705916400000000187e-03
7.418159143000000000e+09	2.283995300000000138e-03	-2.749454499999999871e-03
7.418161571000000000e+09	2.281977000000000137e-03	-2.729752800000000059e-03
7.418164000000000000e+09	2.263414999999999958e-03	-2.737068999999999960e-03
7.418166429000000000e+09	2.243585000000000197e-03	-2.729889200000000168e-03
7.418168857000000000e+09	2.245231600000000081e-03	-2.745134700000000007e-03
7.418171286000000000e+09	2.269148400000000048e-03	-2.738405900000000052e-03
7.418173714000000000e+09	2.274112899999999882e-03	-2.740676100000000084e-03
7.418176143000000000e+09	2.238907000000000050e-03	-2.726780399999999965e-03
7.418178571000000000e+09	2.190294100000000216e-03	-2.770875400000000037e-03
7.418181000000000000e+09	2.219338400000000090e-03	-2.735881999999999811e-03
7.418183429000000000e+09	2.259897299999999963e-03	-2.765368099999999853e-03
7.418185857000000000e+09	2.212747499999999888e-03	-2.731915799999999964e-03
7.418188286000000000e+09	2.208663000000000032e-03	-2.768248999999999970e-03
7.418190714000000000e+09	2.227207100000000179e-03	-2.765192699999999889e-03
7.418193143000000000e+09	2.205622300000000067e-03	-2.783832100000000007e-03
7.418195571000000000e+09	2.223624500000000170e-03	-2.744150600000000093e-03
7.418198000000000000e+09	2.176479199999999895e-03	-2.768988000000000005e-03
7.418200429000000000e+09	2.215124699999999978e-03	-2.767155700000000114e-03
7.418202857000000000e+09	2.211694499999999897e-03	-2.789886499999999839e-03
7.418205286000000000e+09	2.189073000000000147e-03	-2.764514799999999873e-03
7.418207714000000000e+09	2.211268199999999809e-03	-2.792927399999999873e-03
7.418210143000000000e+09	2.190139600000000006e-03	-2.823812099999999797e-03
7.418212571000000000e+09	2.191741999999999996e-03	-2.797039099999999896e-03
7.418215000000000000e+09	2.135285900000000094e-03	-2.785053799999999847e-03
7.418217429000000000e+09	2.189388200000000079e-03	-2.842768500000000028e-03
7.418219857000000000e+09	2.153065100000000048e-03	-2.812234399999999964e-03
7.418222286000000000e+09	2.154270199999999864e-03	-2.844344600000000157e-03
7.418224714000000000e+09	2.212940599999999817e-03	-2.816464600000000065e-03
7.418227143000000000e+09	2.209741600000000080e-03	-2.800409199999999866e-03
7.418229571000000000e+09	2.139970799999999992e-03	-2.798416099999999785e-03
7.418232000000000000e+09	2.175892799999999856e-03	-2.832126600000000119e-03
7.418234429000000000e+09	2.116192299999999915e-03	-2.818332599999999986e-03
7.418236857000000000e+09	2.125987199999999824e-03	-2.797040199999999838e-03
7.418239286000000000e+09	2.128114899999999834e-03	-2.844776600000000020e-03
7.418241714000000000e+09	2.138919600000000181e-03	-2.799144999999999845e-03
7.418244143000000000e+09	2.189509000000000073e-03	-2.811132999999999948e-03
7.418246571000000000e+09	2.104822000000000116e-03	-2.786089299999999942e-03
7.418249000000000000e+09	2.144207300000000073e-03	-2.807511799999999787e-03
7.418251429000000000e+09	2.116477900000000162e-03	-2.828871299999999832e-03
7.418253857000000000e+09	2.121327200000000177e-03	-2.785033000000000127e-03
7.418256286000000000e+09	2.067041500000000101e-03	-2.804988699999999818e-03
7.418258714000000000e+09	2.129679000000000207e-03	-2.910806799999999996e-03
7.418261143000000000e+09	2.081575100000000039e-03	-2.833788299999999948e-03
7.418263571000000000e+09	2.127321100000000194e-03	-2.842796099999999899e-03
7.418266000000000000e+09	2.124873900000000086e-03	-2.855299300000000047e-03
7.418268429000000000e+09	2.120448999999999945e-03	-2.836032100000000084e-03
7.418270857000000000e+09	2.125941399999999818e-03	-2.841116500000000038e-03
7.418273286000000000e+09	2.162785500000000138e-03	-2.808700300000000014e-03
7.418275714000000000e+09	2.064628299999999878e-03	-2.856299999999999985e-03
7.418278143000000000e+09	2.057075499999999960e-03	-2.832955800000000121e-03
7.418280571000000000e+09	2.060791900000000058e-03	-2.865659899999999875e-03
7.418283000000000000e+09	2.091322000000000059e-03	-2.834093499999999939e-03
7.418285429000000000e+09	2.100301800000000003e-03	-2.879903799999999903e-03
7.418287857000000000e+09	2.090733699999999806e-03	-2.871913900000000117e-03
7.418290286000000000e+09	2.072636399999999799e-03	-2.868475399999999807e-03
7.418292714000000000e+09	2.071906300000000197e-03	-2.839528899999999891e-03
7.418295143000000000e+09	1.981640299999999893e-03	-2.875227199999999799e-03
7.418297571000000000e+09	2.066736899999999880e-03	-2.863324100000000025e-03
7.418300000000000000e+09	2.064134400000000157e-03	-2.875077000000000188e-03
7.418302429000000000e+09	2.079675699999999818e-03	-2.877573999999999931e-03
7.418304857000000000e+09	2.084998900000000106e-03	-2.951899300000000118e-03
7.418307286000000000e+09	2.067034399999999848e-03	-2.924089899999999815e-03
7.418309714000000000e+09	2.041710600000000170e-03	-2.910839799999999974e-03
7.418312143000000000e+09	2.027667700000000163e-03	-2.892247599999999905e-03
7.418314571000000000e+09	2.046039999999999838e-03	-2.924345000000000069e-03
7.418317000000000000e+09	2.010996699999999943e-03	-2.937087399999999821e-03
7.418319429000000000e+09	2.060530699999999892e-03	-2.838959800000000113e-03
7.418321857000000000e+09	2.033050199999999856e-03	-2.886130399999999908e-03
7.418324286000000000e+09	2.018681200000000103e-03	-2.892387499999999907e-03
7.418326714000000000e+09	2.031693900000000087e-03	-2.826510899999999833e-03
7.418329143000000000e+09	2.031914299999999785e-03	-2.922403300000000169e-03
7.418331571000000000e+09	2.048935899999999866e-03	-2.961091299999999999e-03
7.418334000000000000e+09	2.073643400000000150e-03	-2.876854199999999938e-03
7.418336429000000000e+09	1.992629300000000204e-03	-2.932218400000000027e-03
7.418338857000000000e+09	2.014774999999999899e-03	-2.908177999999999978e-03
7.418341286000000000e+09	2.012378400000000133e-03	-2.865616399999999786e-03
7.418343714000000000e+09	2.026777300000000108e-03	-2.942951400000000210e-03
7.418346143000000000e+09	1.983847600000000159e-03	-2.935498400000000063e-03
7.418348571000000000e+09	2.000866100000000050e-03	-2.903445499999999894e-03
7.418351000000000000e+09	2.003238999999999975e-03	-2.933028199999999919e-03
7.418353429000000000e+09	1.974652999999999825e-03	-2.926900599999999845e-03
7.418355857000000000e+09	1.971546600000000007e-03	-2.903939400000000049e-03
7.418358286000000000e+09	1.986174900000000146e-03	-2.974468200000000145e-03
7.418360714000000000e+09	1.982715300000000014e-03	-2.926605699999999897e-03
7.418363143000000000e+09	1.960723599999999924e-03	-2.920114399999999832e-03
7.418365571000000000e+09	1.934973900000000078e-03	-2.993046400000000211e-03
7.418368000000000000e+09	1.987125599999999947e-03	-2.907999399999999790e-03
7.418370429000000000e+09	1.960731199999999914e-03	-2.938729100000000202e-03
7.418372857000000000e+09	1.951085200000000040e-03	-2.891797000000000204e-03
7.418375286000000000e+09	1.991761199999999947e-03	-2.925186800000000031e-03
7.418377714000000000e+09	1.921097899999999956e-03	-2.950365999999999839e-03
7.418380143000000000e+09	2.013072500000000035e-03	-3.033241299999999991e-03
7.418382571000000000e+09	1.985387500000000086e-03	-2.978632900000000028e-03
7.418385000000000000e+09	1.910610700000000108e-03	-2.944199299999999877e-03
7.418387429000000000e+09	1.948651700000000051e-03	-3.014394599999999872e-03
7.418389857000000000e+09	1.952158100000000096e-03	-2.929919899999999886e-03
7.418392286000000000e+09	1.983853900000000139e-03	-2.960076299999999955e-03
7.418394714000000000e+09	1.947248300000000050e-03	-2.955087700000000143e-03
7.418397143000000000e+09	1.919784400000000037e-03	-2.933333900000000081e-03
7.418399571000000000e+09	1.892680500000000054e-03	-3.007917599999999914e-03
7.418402000000000000e+09	1.935233499999999916e-03	-2.944896399999999935e-03
7.418404429000000000e+09	1.874793399999999952e-03	-3.023309000000000066e-03
7.418406857000000000e+09	1.874017300000000059e-03	-2.968537199999999893e-03
7.418409286000000000e+09	1.893369200000000066e-03	-2.984759899999999896e-03
7.418411714000000000e+09	1.951766900000000051e-03	-3.005058100000000156e-03
7.418414143000000000e+09	1.890679099999999961e-03	-2.974803900000000129e-03
7.418416571000000000e+09	1.940611799999999911e-03	-3.012054399999999823e-03
7.418419000000000000e+09	1.896148600000000049e-03	-2.993534899999999825e-03
7.418421429000000000e+09	1.923706899999999944e-03	-3.064429799999999864e-03
7.418423857000000000e+09	1.873183700000000075e-03	-2.959658200000000062e-03
7.418426286000000000e+09	1.819847600000000076e-03	-2.969900599999999915e-03
7.418428714000000000e+09	1.881065400000000044e-03	-3.040660499999999888e-03
7.418431143000000000e+09	1.879856100000000096e-03	-3.070088900000000204e-03
7.418433571000000000e+09	1.902672900000000090e-03	-2.995764199999999787e-03
7.418436000000000000e+09	1.863931299999999980e-03	-3.035301700000000037e-03
7.418438429000000000e+09	1.838669000000000024e-03	-3.002028600000000106e-03
7.418440857000000000e+09	1.884073700000000020e-03	-3.032652800000000103e-03
7.418443286000000000e+09	1.841122400000000077e-03	-3.041888899999999844e-03
7.418445714000000000e+09	1.790134400000000002e-03	-2.995818300000000021e-03
7.418448143000000000e+09	1.824878999999999954e-03	-3.008558199999999787e-03
7.418450571000000000e+09	1.843790099999999916e-03	-3.042590400000000101e-03
7.418453000000000000e+09	1.816504800000000091e-03	-3.066742700000000144e-03
7.418455429000000000e+09	1.802432199999999931e-03	-3.062460700000000161e-03
7.418457857000000000e+09	1.834158700000000034e-03	-3.097802199999999829e-03
7.418460286000000000e+09	1.806312000000000022e-03	-3.050381100000000047e-03
7.418462714000000000e+09	1.792132500000000054e-03	-3.042715999999999997e-03
7.418465143000000000e+09	1.787804700000000064e-03	-3.018828900000000183e-03
7.418467571000000000e+09	1.810451800000000087e-03	-3.024734099999999877e-03
7.418470000000000000e+09	1.809939599999999980e-03	-3.046806400000000130e-03
7.418472429000000000e+09	1.788341500000000103e-03	-3.024821699999999825e-03
7.418474857000000000e+09	1.827880800000000099e-03	-3.042493399999999983e-03
7.418477286000000000e+09	1.806403199999999896e-03	-3.042065300000000149e-03
7.418479714000000000e+09	1.794817499999999937e-03	-3.081336999999999965e-03
7.418482143000000000e+09	1.816186999999999923e-03	-3.048793299999999831e-03
7.418484571000000000e+09	1.795908699999999945e-03	-3.030854300000000029e-03
7.418487000000000000e+09	1.803946799999999904e-03	-3.003227399999999943e-03
7.418489429000000000e+09	1.793575499999999897e-03	-3.126664400000000055e-03
7.418491857000000000e+09	1.746304800000000011e-03	-3.099647499999999816e-03
7.418494286000000000e+09	1.760515399999999960e-03	-3.087396400000000200e-03
7.418496714000000000e+09	1.817373300000000051e-03	-3.100358899999999980e-03
7.418499143000000000e+09	1.703992799999999933e-03	-3.074446599999999981e-03
7.418501571000000000e+09	1.757471700000000055e-03	-3.093795999999999786e-03
7.418504000000000000e+09	1.788408399999999931e-03	-3.061718100000000199e-03
7.418506429000000000e+09	1.722438400000000100e-03	-3.035928299999999906e-03
7.418508857000000000e+09	1.751511299999999969e-03	-3.110837600000000182e-03
7.418511286000000000e+09	1.780591499999999942e-03	-3.117250800000000068e-03
7.418513714000000000e+09	1.740886299999999968e-03	-3.093210299999999986e-03
7.418516143000000000e+09	1.735310400000000027e-03	-3.054844299999999804e-03
7.418518571000000000e+09	1.749738299999999917e-03	-3.131911399999999946e-03
7.418521000000000000e+09	1.809043800000000035e-03	-3.150806400000000056e-03
7.418523429000000000e+09	1.733001500000000026e-03	-3.081339700000000018e-03
7.418525857000000000e+09	1.723556700000000025e-03	-3.096547800000000114e-03
7.418528286000000000e+09	1.682854500000000074e-03	-3.119356599999999983e-03
7.418530714000000000e+09	1.691757799999999952e-03	-3.140542400000000210e-03
7.418533143000000000e+09	1.716491099999999928e-03	-3.041643599999999895e-03
7.418535571000000000e+09	1.717464900000000017e-03	-3.096734299999999961e-03
7.418538000000000000e+09	1.729771099999999990e-03	-3.101792600000000122e-03
7.418540429000000000e+09	1.773237300000000093e-03	-3.124184099999999936e-03
7.418542857000000000e+09	1.716012500000000003e-03	-3.109853399999999799e-03
7.418545286000000000e+09	1.714758299999999923e-03	-3.163914900000000183e-03
7.418547714000000000e+09	1.635746800000000044e-03	-3.186163300000000205e-03
7.418550143000000000e+09	1.673171900000000080e-03	-3.137442900000000142e-03
7.418552571000000000e+09	1.705787399999999978e-03	-3.155703399999999857e-03
7.418555000000000000e+09	1.643896400000000079e-03	-3.128187000000000155e-03
7.418557429000000000e+09	1.719354499999999931e-03	-3.112722699999999863e-03
7.418559857000000000e+09	1.673216799999999995e-03	-3.104763400000000104e-03
7.418562286000000000e+09	1.640973800000000054e-03	-3.129401700000000210e-03
7.418564714000000000e+09	1.666607700000000093e-03	-3.110962699999999907e-03
7.418567143000000000e+09	1.673791900000000084e-03	-3.170959699999999909e-03
7.418569571000000000e+09	1.677767599999999918e-03	-3.120787800000000139e-03
7.418572000000000000e+09	1.674310299999999920e-03	-3.174558499999999804e-03
7.418574429000000000e+09	1.713418300000000075e-03	-3.196516700000000179e-03
7.418576857000000000e+09	1.658017099999999945e-03	-3.110609099999999891e-03
7.418579286000000000e+09	1.638362399999999898e-03	-3.149023500000000097e-03
7.418581714000000000e+09	1.623415000000000014e-03	-3.137053900000000197e-03
7.418584143000000000e+09	1.647365600000000015e-03	-3.183805400000000192e-03
7.418586571000000000e+09	1.617355100000000042e-03	-3.154514000000000189e-03
7.418589000000000000e+09	1.622382500000000075e-03	-3.144450899999999896e-03
7.418591429000000000e+09	1.631159600000000069e-03	-3.157684300000000114e-03
7.418593857000000000e+09	1.634210000000000090e-03	-3.159830099999999791e-03
7.418596286000000000e+09	1.621022200000000026e-03	-3.124024699999999790e-03
7.418598714000000000e+09	1.580587999999999958e-03	-3.188468800000000131e-03
7.418601143000000000e+09	1.654269600000000083e-03	-3.118928799999999817e-03
7.418603571000000000e+09	1.604029000000000088e-03	-3.173553700000000203e-03
7.418606000000000000e+09	1.584364999999999905e-03	-3.162903299999999997e-03
7.418608429000000000e+09	1.610867900000000075e-03	-3.189761000000000159e-03
7.418610857000000000e+09	1.615599899999999988e-03	-3.155631400000000024e-03
7.418613286000000000e+09	1.574994099999999951e-03	-3.145328099999999787e-03
7.418615714000000000e+09	1.606411600000000068e-03	-3.171670699999999937e-03
7.418618143000000000e+09	1.575861299999999901e-03	-3.236157800000000195e-03
7.418620571000000000e+09	1.594993500000000015e-03	-3.155012699999999812e-03
7.418623000000000000e+09	1.585442999999999965e-03	-3.204273100000000138e-03
7.418625429000000000e+09	1.588589999999999967e-03	-3.160072400000000017e-03
7.418627857000000000e+09	1.561198300000000072e-03	-3.161368700000000143e-03
7.418630286000000000e+09	1.525642900000000104e-03	-3.180328499999999798e-03
7.418632714000000000e+09	1.560537399999999998e-03	-3.188152000000000087e-03
7.418635143000000000e+09	1.547781600000000014e-03	-3.188565600000000180e-03
7.418637571000000000e+09	1.556983799999999904e-03	-3.184236500000000181e-03
7.418640000000000000e+09	1.538760900000000001e-03	-3.199725899999999925e-03
7.418642429000000000e+09	1.544239599999999973e-03	-3.207949400000000006e-03
7.418644857000000000e+09	1.503175399999999960e-03	-3.244665099999999910e-03
7.418647286000000000e+09	1.541559899999999945e-03	-3.239888399999999932e-03
7.418649714000000000e+09	1.504563100000000028e-03	-3.267993600000000057e-03
7.418652143000000000e+09	1.524609099999999938e-03	-3.276219300000000022e-03
7.418654571000000000e+09	1.503546699999999941e-03	-3.213707899999999982e-03
7.418657000000000000e+09	1.504566900000000023e-03	-3.236750699999999849e-03
7.418659429000000000e+09	1.421950499999999904e-03	-3.224262500000000045e-03
7.418661857000000000e+09	1.522874299999999901e-03	-3.178191099999999950e-03
7.418664286000000000e+09	1.508847399999999929e-03	-3.178861399999999976e-03
7.418666714000000000e+09	1.449451999999999945e-03	-3.178959900000000172e-03
7.418669143000000000e+09	1.451517299999999927e-03	-3.303858700000000034e-03
7.418671571000000000e+09	1.522346699999999964e-03	-3.177013900000000106e-03
7.418674000000000000e+09	1.543650900000000017e-03	-3.224798499999999811e-03
7.418676429000000000e+09	1.483436700000000108e-03	-3.246589900000000119e-03
7.418678857000000000e+09	1.525500300000000049e-03	-3.226645299999999876e-03
7.418681286000000000e+09	1.435404300000000036e-03	-3.179481599999999832e-03
7.418683714000000000e+09	1.507091199999999968e-03	-3.293386399999999846e-03
7.418686143000000000e+09	1.465718800000000025e-03	-3.211628099999999826e-03
7.418688571000000000e+09	1.464260399999999917e-03	-3.287346500000000189e-03
7.418691000000000000e+09	1.497664799999999952e-03	-3.288882500000000087e-03
7.418693429000000000e+09	1.462575499999999983e-03	-3.278483799999999844e-03
7.418695857000000000e+09	1.457103099999999991e-03	-3.200751300000000046e-03
7.418698286000000000e+09	1.481588899999999919e-03	-3.267087299999999785e-03
7.418700714000000000e+09	1.447690800000000014e-03	-3.229874099999999800e-03
7.418703143000000000e+09	1.430166299999999962e-03	-3.235841699999999956e-03
7.418705571000000000e+09	1.415777399999999927e-03	-3.257363300000000201e-03
7.418708000000000000e+09	1.424001999999999950e-03	-3.253984399999999833e-03
7.418710429000000000e+09	1.358735399999999940e-03	-3.257381299999999834e-03
7.418712857000000000e+09	1.425393500000000013e-03	-3.192282199999999914e-03
7.418715286000000000e+09	1.423624999999999977e-03	-3.274422400000000059e-03
7.418717714000000000e+09	1.418729199999999935e-03	-3.268161999999999803e-03
7.418720143000000000e+09	1.424106000000000070e-03	-3.289322099999999940e-03
7.418722571000000000e+09	1.423091299999999912e-03	-3.250996400000000057e-03
7.418725000000000000e+09	1.373113499999999978e-03	-3.287845699999999982e-03
7.418727429000000000e+09	1.400734899999999923e-03	-3.258919099999999913e-03
7.418729857000000000e+09	1.457516999999999971e-03	-3.267899700000000129e-03
7.418732286000000000e+09	1.442532899999999932e-03	-3.268915900000000149e-03
7.418734714000000000e+09	1.354250999999999892e-03	-3.243894399999999907e-03
7.418737143000000000e+09	1.389765399999999974e-03	-3.232137799999999783e-03
7.418739571000000000e+09	1.353037999999999984e-03	-3.289135999999999796e-03
7.418742000000000000e+09	1.353953400000000107e-03	-3.274537499999999844e-03
7.418744429000000000e+09	1.344622099999999995e-03	-3.222590100000000037e-03
7.418746857000000000e+09	1.383770699999999900e-03	-3.265276000000000116e-03
7.418749286000000000e+09	1.374635199999999988e-03	-3.267594400000000104e-03
7.418751714000000000e+09	1.408308299999999928e-03	-3.271382900000000069e-03
7.418754143000000000e+09	1.356818799999999926e-03	-3.299036899999999856e-03
7.418756571000000000e+09	1.286970900000000001e-03	-3.271187899999999926e-03
7.418759000000000000e+09	1.360878899999999917e-03	-3.298104799999999892e-03
7.418761429000000000e+09	1.294808599999999928e-03	-3.286746200000000180e-03
7.418763857000000000e+09	1.345752699999999994e-03	-3.263800900000000168e-03
7.418766286000000000e+09	1.369757899999999966e-03	-3.315680000000000103e-03
7.418768714000000000e+09	1.347436499999999987e-03	-3.279933499999999804e-03
7.418771143000000000e+09	1.340753099999999901e-03	-3.290269299999999848e-03
7.418773571000000000e+09	1.326414900000000025e-03	-3.334247299999999921e-03
7.418776000000000000e+09	1.311954799999999997e-03	-3.253395100000000106e-03
7.418778429000000000e+09	1.309605900000000017e-03	-3.278776100000000207e-03
7.418780857000000000e+09	1.311500400000000085e-03	-3.320643800000000131e-03
7.418783286000000000e+09	1.331339900000000050e-03	-3.275644600000000069e-03
7.418785714000000000e+09	1.282169699999999909e-03	-3.345976000000000072e-03
7.418788143000000000e+09	1.248955400000000080e-03	-3.223745599999999854e-03
7.418790571000000000e+09	1.251577999999999935e-03	-3.286799799999999810e-03
7.418793000000000000e+09	1.315447100000000005e-03	-3.347070000000000167e-03
7.418795429000000000e+09	1.310966499999999951e-03	-3.302089700000000044e-03
7.418797857000000000e+09	1.314756299999999926e-03	-3.315970899999999989e-03
7.418800286000000000e+09	1.243694199999999901e-03	-3.347837099999999809e-03
7.418802714000000000e+09	1.355102200000000024e-03	-3.291522800000000123e-03
7.418805143000000000e+09	1.282027299999999922e-03	-3.304702799999999913e-03
7.418807571000000000e+09	1.241956900000000096e-03	-3.297760800000000114e-03
7.418810000000000000e+09	1.264979100000000094e-03	-3.266032099999999910e-03
7.418812429000000000e+09	1.253148900000000026e-03	-3.291560299999999901e-03
7.418814857000000000e+09	1.247026200000000105e-03	-3.306474800000000058e-03
7.418817286000000000e+09	1.312393999999999930e-03	-3.263683199999999930e-03
7.418819714000000000e+09	1.249859600000000071e-03	-3.338501700000000034e-03
7.418822143000000000e+09	1.255647599999999914e-03	-3.331364299999999955e-03
7.418824571000000000e+09	1.257721600000000044e-03	-3.312285400000000019e-03
7.418827000000000000e+09	1.218839900000000080e-03	-3.315357799999999952e-03
7.418829429000000000e+09	1.203622099999999929e-03	-3.356409299999999971e-03
7.418831857000000000e+09	1.204217999999999955e-03	-3.361289999999999851e-03
7.418834286000000000e+09	1.259465300000000079e-03	-3.269508200000000031e-03
7.418836714000000000e+09	1.218346799999999982e-03	-3.357522400000000073e-03
7.418839143000000000e+09	1.226294200000000020e-03	-3.326023999999999908e-03
7.418841571000000000e+09	1.275339099999999934e-03	-3.368472400000000096e-03
7.418844000000000000e+09	1.207199400000000082e-03	-3.320413099999999958e-03
7.418846429000000000e+09	1.270823599999999906e-03	-3.315264400000000194e-03
7.418848857000000000e+09	1.211863799999999929e-03	-3.371598300000000058e-03
7.418851286000000000e+09	1.170737600000000024e-03	-3.351275300000000016e-03
7.418853714000000000e+09	1.204748500000000014e-03	-3.311204299999999986e-03
7.418856143000000000e+09	1.245887499999999946e-03	-3.333378399999999825e-03
7.418858571000000000e+09	1.189345199999999924e-03	-3.373861100000000168e-03
7.418861000000000000e+09	1.214440999999999915e-03	-3.339085199999999951e-03
7.418863429000000000e+09	1.192900499999999947e-03	-3.339512499999999946e-03
7.418865857000000000e+09	1.240844500000000015e-03	-3.332804500000000145e-03
7.418868286000000000e+09	1.215100399999999910e-03	-3.326262999999999876e-03
7.418870714000000000e+09	1.183699700000000101e-03	-3.376181299999999903e-03
7.418873143000000000e+09	1.182589599999999937e-03	-3.376127599999999805e-03
7.418875571000000000e+09	1.140855600000000069e-03	-3.383129800000000183e-03
7.418878000000000000e+09	1.110685799999999984e-03	-3.355818699999999800e-03
7.418880429000000000e+09	1.171172399999999975e-03	-3.374605200000000207e-03
7.418882857000000000e+09	1.131905600000000095e-03	-3.403763299999999856e-03
7.418885286000000000e+09	1.118361900000000098e-03	-3.353703999999999887e-03
7.418887714000000000e+09	1.119610700000000071e-03	-3.346922500000000175e-03
7.418890143000000000e+09	1.185969600000000030e-03	-3.405497400000000088e-03
7.418892571000000000e+09	1.115133400000000059e-03	-3.356598000000000134e-03
7.418895000000000000e+09	1.200659699999999993e-03	-3.363434000000000215e-03
7.418897429000000000e+09	1.125487799999999941e-03	-3.375849700000000016e-03
7.418899857000000000e+09	1.077477399999999998e-03	-3.408766000000000140e-03
7.418902286000000000e+09	1.140589999999999920e-03	-3.344335199999999998e-03
7.418904714000000000e+09	1.105404300000000038e-03	-3.364724300000000029e-03
7.418907143000000000e+09	1.112239299999999995e-03	-3.404602499999999799e-03
7.418909571000000000e+09	1.109094400000000058e-03	-3.415962900000000125e-03
7.418912000000000000e+09	1.043358299999999975e-03	-3.409279299999999971e-03
7.418914429000000000e+09	1.056547699999999933e-03	-3.375773999999999789e-03
7.418916857000000000e+09	1.119858100000000085e-03	-3.381482999999999798e-03
7.418919286000000000e+09	1.091854300000000061e-03	-3.352131200000000016e-03
7.418921714000000000e+09	1.061834999999999906e-03	-3.351067599999999879e-03
7.418924143000000000e+09	1.145185300000000055e-03	-3.376767599999999907e-03
7.418926571000000000e+09	1.023778500000000098e-03	-3.359696699999999928e-03
7.418929000000000000e+09	1.083117300000000080e-03	-3.418232900000000088e-03
7.418931429000000000e+09	1.065329299999999944e-03	-3.421395600000000023e-03
7.418933857000000000e+09	1.073058700000000020e-03	-3.396237199999999935e-03
7.418936286000000000e+09	1.017441599999999993e-03	-3.392324799999999786e-03
7.418938714000000000e+09	1.047743799999999907e-03	-3.437664999999999905e-03
7.418941143000000000e+09	1.120519200000000010e-03	-3.415297099999999898e-03
7.418943571000000000e+09	1.074351400000000002e-03	-3.447514300000000149e-03
7.418946000000000000e+09	1.048184400000000101e-03	-3.467306900000000167e-03
7.418948429000000000e+09	1.041433399999999948e-03	-3.395589799999999912e-03
7.418950857000000000e+09	1.017904100000000065e-03	-3.421129900000000057e-03
7.418953286000000000e+09	1.034490899999999979e-03	-3.421049499999999962e-03
7.418955714000000000e+09	1.054558599999999915e-03	-3.364697399999999963e-03
7.418958143000000000e+09	1.042275899999999932e-03	-3.368955900000000173e-03
7.418960571000000000e+09	1.024416399999999918e-03	-3.353688200000000137e-03
7.418963000000000000e+09	1.039727799999999895e-03	-3.439022199999999981e-03
7.418965429000000000e+09	9.817134000000000797e-04	-3.422272100000000108e-03
7.418967857000000000e+09	9.661395999999999613e-04	-3.372143299999999858e-03
7.418970286000000000e+09	9.881924000000000697e-04	-3.434931100000000043e-03
7.418972714000000000e+09	1.027299099999999998e-03	-3.453832600000000200e-03
7.418975143000000000e+09	1.015483100000000001e-03	-3.442449299999999872e-03
7.418977571000000000e+09	1.001125600000000049e-03	-3.420928000000000163e-03
7.418980000000000000e+09	1.031247199999999961e-03	-3.414012200000000191e-03
7.418982429000000000e+09	9.665987999999999924e-04	-3.342025800000000043e-03
7.418984857000000000e+09	9.881041999999999170e-04	-3.405023200000000146e-03
7.418987286000000000e+09	9.046030999999999517e-04	-3.385996100000000092e-03
7.418989714000000000e+09	9.263042000000000411e-04	-3.411196699999999825e-03
7.418992143000000000e+09	9.733883000000000466e-04	-3.409077200000000009e-03
7.418994571000000000e+09	9.235518999999999760e-04	-3.440844099999999794e-03
7.418997000000000000e+09	9.534571999999999622e-04	-3.374598500000000091e-03
7.418999429000000000e+09	9.849304999999999172e-04	-3.412097299999999889e-03
7.419001857000000000e+09	9.395513000000000519e-04	-3.423357200000000204e-03
7.419004286000000000e+09	9.519075000000000539e-04	-3.431573299999999931e-03
7.419006714000000000e+09	9.395649000000000275e-04	-3.428101199999999873e-03
7.419009143000000000e+09	9.339037999999999810e-04	-3.458567699999999870e-03
7.419011571000000000e+09	9.353586999999999796e-04	-3.443812399999999791e-03
7.419014000000000000e+09	9.421161999999999636e-04	-3.421119399999999946e-03
7.419016429000000000e+09	9.381170999999999564e-04	-3.426148899999999827e-03
7.419018857000000000e+09	9.884119999999999278e-04	-3.393824100000000180e-03
7.419021286000000000e+09	8.849495999999999881e-04	-3.470639900000000062e-03
7.419023714000000000e+09	9.025047999999999924e-04	-3.408328999999999873e-03
7.419026143000000000e+09	8.909900000000000328e-04	-3.506853800000000153e-03
7.419028571000000000e+09	9.137197000000000331e-04	-3.455299499999999954e-03
7.419031000000000000e+09	9.046803000000000396e-04	-3.439929999999999898e-03
7.419033429000000000e+09	9.314415999999999625e-04	-3.474355599999999922e-03
7.419035857000000000e+09	9.087650999999999975e-04	-3.451613400000000213e-03
7.419038286000000000e+09	9.043437999999999997e-04	-3.463380700000000083e-03
7.419040714000000000e+09	8.599178000000000290e-04	-3.450594999999999878e-03
7.419043143000000000e+09	9.248245999999999680e-04	-3.481380899999999938e-03
7.419045571000000000e+09	8.782479999999999844e-04	-3.383230899999999965e-03
7.419048000000000000e+09	8.795006999999999868e-04	-3.428087600000000006e-03
7.419050429000000000e+09	9.364316999999999606e-04	-3.489098500000000110e-03
7.419052857000000000e+09	8.746294999999999851e-04	-3.436635500000000121e-03
7.419055286000000000e+09	8.834761000000000437e-04	-3.490104700000000188e-03
7.419057714000000000e+09	8.639137999999999548e-04	-3.463894899999999787e-03
7.419060143000000000e+09	8.433998000000000493e-04	-3.426798899999999870e-03
7.419062571000000000e+09	8.549526999999999908e-04	-3.449879299999999982e-03
7.419065000000000000e+09	9.049734000000000250e-04	-3.452940299999999931e-03
7.419067429000000000e+09	8.798327000000000101e-04	-3.428448299999999841e-03
7.419069857000000000e+09	8.638282000000000382e-04	-3.442807400000000122e-03
7.419072286000000000e+09	8.407154000000000450e-04	-3.458081400000000138e-03
7.419074714000000000e+09	8.260303000000000524e-04	-3.520010499999999803e-03
7.419077143000000000e+09	8.305603999999999635e-04	-3.477348999999999805e-03
7.419079571000000000e+09	8.614306000000000393e-04	-3.387428999999999961e-03
7.419082000000000000e+09	8.693438000000000164e-04	-3.517826200000000007e-03
7.419084429000000000e+09	8.626085000000000133e-04	-3.439309099999999803e-03
7.419086857000000000e+09	8.156845999999999932e-04	-3.481524499999999901e-03
7.419089286000000000e+09	8.312079000000000212e-04	-3.485395300000000175e-03
7.419091714000000000e+09	8.259482999999999539e-04	-3.510100899999999812e-03
7.419094143000000000e+09	8.112914999999999623e-04	-3.455769799999999867e-03
7.419096571000000000e+09	8.117260000000000274e-04	-3.458397000000000207e-03
7.419099000000000000e+09	7.916833000000000507e-04	-3.476388500000000131e-03
7.419101429000000000e+09	7.958668999999999813e-04	-3.475528600000000069e-03
7.419103857000000000e+09	8.058546999999999672e-04	-3.470370799999999804e-03
7.419106286000000000e+09	7.785948999999999474e-04	-3.426224299999999952e-03
7.419108714000000000e+09	8.034662000000000357e-04	-3.442746100000000035e-03
7.419111143000000000e+09	7.904947000000000059e-04	-3.434121899999999922e-03
7.419113571000000000e+09	8.052642000000000480e-04	-3.450225700000000145e-03
7.419116000000000000e+09	7.475442000000000111e-04	-3.469004199999999993e-03
7.419118429000000000e+09	7.428127000000000514e-04	-3.511496700000000040e-03
7.419120857000000000e+09	7.847448999999999614e-04	-3.458839400000000147e-03
7.419123286000000000e+09	7.207729999999999649e-04	-3.455712100000000141e-03
7.419125714000000000e+09	7.280328999999999664e-04	-3.456289899999999849e-03
7.419128143000000000e+09	7.498493000000000172e-04	-3.489468500000000081e-03
7.419130571000000000e+09	7.158185999999999976e-04	-3.429626399999999992e-03
7.419133000000000000e+09	6.938879000000000010e-04	-3.459766899999999843e-03
7.419135429000000000e+09	7.710965000000000397e-04	-3.470998600000000083e-03
7.419137857000000000e+09	7.065443000000000244e-04	-3.495822899999999865e-03
7.419140286000000000e+09	7.475838999999999965e-04	-3.472515900000000110e-03
7.419142714000000000e+09	7.391811999999999558e-04	-3.486784299999999819e-03
7.419145143000000000e+09	6.829629000000000472e-04	-3.447881099999999897e-03
7.419147571000000000e+09	6.484958999999999993e-04	-3.484360799999999987e-03
7.419150000000000000e+09	6.799205999999999696e-04	-3.492813400000000131e-03
7.419152429000000000e+09	7.077970999999999525e-04	-3.457814799999999866e-03
7.419154857000000000e+09	6.992005999999999612e-04	-3.490590100000000046e-03
7.419157286000000000e+09	6.306481999999999973e-04	-3.450972899999999940e-03
7.419159714000000000e+09	7.094453999999999821e-04	-3.507590899999999973e-03
7.419162143000000000e+09	7.267474999999999803e-04	-3.490733499999999941e-03
7.419164571000000000e+09	6.186225999999999748e-04	-3.498772700000000058e-03
7.419167000000000000e+09	7.034603999999999640e-04	-3.432852599999999896e-03
7.419169429000000000e+09	6.519094999999999491e-04	-3.502228699999999830e-03
7.419171857000000000e+09	6.552632999999999982e-04	-3.447545399999999913e-03
7.419174286000000000e+09	6.840003000000000315e-04	-3.482007300000000173e-03
7.419176714000000000e+09	6.553110000000000011e-04	-3.496498099999999828e-03
7.419179143000000000e+09	7.151676999999999730e-04	-3.459616999999999901e-03
7.419181571000000000e+09	6.764485000000000203e-04	-3.513795200000000181e-03
7.419184000000000000e+09	6.547085000000000014e-04	-3.407075500000000031e-03
7.419186429000000000e+09	6.386941000000000146e-04	-3.496694299999999946e-03
7.419188857000000000e+09	6.555737000000000283e-04	-3.450210899999999869e-03
7.419191286000000000e+09	6.463524000000000222e-04	-3.488402900000000129e-03
7.419193714000000000e+09	6.136473000000000361e-04	-3.496880500000000124e-03
7.419196143000000000e+09	6.555374000000000097e-04	-3.447911100000000152e-03
7.419198571000000000e+09	6.269825999999999828e-04	-3.457667499999999942e-03
7.419201000000000000e+09	6.159762999999999523e-04	-3.497145499999999851e-03
7.419203429000000000e+09	5.636219999999999512e-04	-3.515572900000000101e-03
7.419205857000000000e+09	5.717631000000000146e-04	-3.446373100000000005e-03
7.419208286000000000e+09	5.976121000000000037e-04	-3.537680300000000180e-03
7.419210714000000000e+09	6.465333000000000191e-04	-3.503810600000000202e-03
7.419213143000000000e+09	6.396239999999999868e-04	-3.467034800000000187e-03
7.419215571000000000e+09	5.766524000000000085e-04	-3.485111600000000143e-03
7.419218000000000000e+09	5.458907999999999946e-04	-3.486767100000000025e-03
7.419220429000000000e+09	5.314013999999999500e-04	-3.535631699999999822e-03
7.419222857000000000e+09	5.687633000000000098e-04	-3.492882300000000207e-03
7.419225286000000000e+09	5.956520000000000087e-04	-3.541117500000000046e-03
7.419227714000000000e+09	5.618726000000000319e-04	-3.472322500000000079e-03
7.419230143000000000e+09	6.084266000000000067e-04	-3.518573799999999939e-03
7.419232571000000000e+09	5.992022999999999534e-04	-3.488730199999999851e-03
7.419235000000000000e+09	5.505637999999999548e-04	-3.525427199999999883e-03
7.419237429000000000e+09	5.596251999999999694e-04	-3.454687200000000191e-03
7.419239857000000000e+09	5.303347999999999830e-04	-3.480237499999999911e-03
7.419242286000000000e+09	5.467385000000000170e-04	-3.544962200000000094e-03
7.419244714000000000e+09	5.262929000000000175e-04	-3.484291999999999945e-03
7.419247143000000000e+09	5.730121999999999820e-04	-3.461037799999999980e-03
7.419249571000000000e+09	4.993199000000000031e-04	-3.541490799999999842e-03
7.419252000000000000e+09	5.116266000000000390e-04	-3.504286799999999959e-03
7.419254429000000000e+09	5.294858999999999850e-04	-3.554700799999999886e-03
7.419256857000000000e+09	5.127830000000000539e-04	-3.478390500000000211e-03
7.419259286000000000e+09	4.902727999999999860e-04	-3.525583699999999907e-03
7.419261714000000000e+09	5.337319000000000525e-04	-3.545075200000000031e-03
7.419264143000000000e+09	4.952404000000000094e-04	-3.487450799999999851e-03
7.419266571000000000e+09	4.811839000000000264e-04	-3.502283399999999835e-03
7.419269000000000000e+09	5.015733999999999774e-04	-3.541069500000000158e-03
7.419271429000000000e+09	5.341599999999999951e-04	-3.561043800000000120e-03
7.419273857000000000e+09	4.854944000000000251e-04	-3.483528699999999863e-03
7.419276286000000000e+09	5.242384999999999580e-04	-3.497108000000000074e-03
7.419278714000000000e+09	4.747671999999999765e-04	-3.507491199999999802e-03
7.419281143000000000e+09	4.671462999999999831e-04	-3.543512300000000066e-03
7.419283571000000000e+09	4.608723000000000225e-04	-3.466808899999999916e-03
7.419286000000000000e+09	5.070053000000000363e-04	-3.537715500000000041e-03
7.419288429000000000e+09	4.469858999999999855e-04	-3.455424800000000182e-03
7.419290857000000000e+09	4.544683000000000208e-04	-3.492177500000000125e-03
7.419293286000000000e+09	4.451718999999999924e-04	-3.513414600000000065e-03
7.419295714000000000e+09	4.467923999999999746e-04	-3.587322400000000130e-03
7.419298143000000000e+09	4.462258999999999995e-04	-3.503816800000000148e-03
7.419300571000000000e+09	4.208433999999999829e-04	-3.524059600000000163e-03
7.419303000000000000e+09	4.617115000000000195e-04	-3.547895100000000163e-03
7.419305429000000000e+09	4.167514000000000093e-04	-3.547337099999999833e-03
7.419307857000000000e+09	4.667154000000000072e-04	-3.525768500000000041e-03
7.419310286000000000e+09	4.652893999999999975e-04	-3.469567900000000097e-03
7.419312714000000000e+09	4.174630000000000246e-04	-3.521560200000000036e-03
7.419315143000000000e+09	3.874764000000000159e-04	-3.548990200000000199e-03
7.419317571000000000e+09	3.826459000000000154e-04	-3.544377200000000099e-03
7.419320000000000000e+09	3.791086000000000043e-04	-3.509706100000000058e-03
7.419322429000000000e+09	3.437534999999999809e-04	-3.511619799999999951e-03
7.419324857000000000e+09	4.281252000000000256e-04	-3.517039599999999787e-03
7.419327286000000000e+09	4.438679999999999861e-04	-3.524718300000000137e-03
7.419329714000000000e+09	4.145684999999999865e-04	-3.532009000000000017e-03
7.419332143000000000e+09	3.699732999999999971e-04	-3.552302600000000008e-03
7.419334571000000000e+09	3.836002999999999939e-04	-3.528839699999999999e-03
7.419337000000000000e+09	3.459679999999999917e-04	-3.522392300000000160e-03
7.419339429000000000e+09	4.294896999999999886e-04	-3.538218899999999965e-03
7.419341857000000000e+09	4.133284999999999780e-04	-3.548648199999999801e-03
7.419344286000000000e+09	4.019890999999999829e-04	-3.545376800000000096e-03
7.419346714000000000e+09	4.060784000000000117e-04	-3.546983400000000217e-03
7.419349143000000000e+09	3.742632000000000185e-04	-3.573468299999999886e-03
7.419351571000000000e+09	3.867337000000000205e-04	-3.565866999999999908e-03
7.419354000000000000e+09	3.297417999999999877e-04	-3.521887899999999894e-03
7.419356429000000000e+09	3.640758000000000015e-04	-3.565926000000000078e-03
7.419358857000000000e+09	3.752168999999999752e-04	-3.554468700000000102e-03
7.419361286000000000e+09	3.714228999999999773e-04	-3.571709800000000008e-03
7.419363714000000000e+09	3.212390000000000189e-04	-3.509793599999999972e-03
7.419366143000000000e+09	3.377049999999999930e-04	-3.550067699999999871e-03
7.419368571000000000e+09	3.341819999999999795e-04	-3.558967799999999959e-03
7.419371000000000000e+09	3.178025000000000121e-04	-3.559679100000000089e-03
7.419373429000000000e+09	3.234541000000000174e-04	-3.540254000000000057e-03
7.419375857000000000e+09	2.952278999999999928e-04	-3.582134700000000078e-03
7.419378286000000000e+09	3.893645999999999956e-04	-3.560950499999999963e-03
7.419380714000000000e+09	3.210447000000000062e-04	-3.579384699999999930e-03
7.419383143000000000e+09	2.885844000000000148e-04	-3.531442200000000156e-03
7.419385571000000000e+09	2.939563999999999762e-04	-3.536673199999999795e-03
7.419388000000000000e+09	3.383021999999999744e-04	-3.553529799999999989e-03
7.419390429000000000e+09	3.202341000000000042e-04	-3.520759000000000041e-03
7.419392857000000000e+09	3.289740999999999781e-04	-3.528330399999999797e-03
7.419395286000000000e+09	2.948587000000000235e-04	-3.537725900000000118e-03
7.419397714000000000e+09	2.709338000000000046e-04	-3.505606300000000189e-03
7.419400143000000000e+09	3.202368000000000033e-04	-3.545472200000000101e-03
7.419402571000000000e+09	3.367919000000000034e-04	-3.549643500000000066e-03
7.419405000000000000e+09	2.743477999999999824e-04	-3.544941099999999838e-03
7.419407429000000000e+09	2.551095000000000077e-04	-3.529239600000000192e-03
7.419409857000000000e+09	2.828387999999999931e-04	-3.526181499999999931e-03
7.419412286000000000e+09	2.959726000000000197e-04	-3.556381600000000157e-03
7.419414714000000000e+09	2.775864999999999756e-04	-3.596908199999999858e-03
7.419417143000000000e+09	2.522213000000000037e-04	-3.530925299999999965e-03
7.419419571000000000e+09	2.052849000000000037e-04	-3.546902800000000053e-03
7.419422000000000000e+09	2.165920999999999960e-04	-3.576803600000000131e-03
7.419424429000000000e+09	2.459106999999999764e-04	-3.535019700000000160e-03
7.419426857000000000e+09	2.254314000000000047e-04	-3.543386099999999966e-03
7.419429286000000000e+09	2.144872000000000087e-04	-3.549014000000000075e-03
7.419431714000000000e+09	2.302942999999999950e-04	-3.548536200000000206e-03
7.419434143000000000e+09	2.467836000000000270e-04	-3.586337900000000078e-03
7.419436571000000000e+09	2.106134000000000120e-04	-3.533496299999999788e-03
7.419439000000000000e+09	1.921741999999999938e-04	-3.543043999999999968e-03
7.419441429000000000e+09	2.303535999999999963e-04	-3.514351399999999896e-03
7.419443857000000000e+09	1.904014999999999896e-04	-3.568048900000000186e-03
7.419446286000000000e+09	2.617666999999999954e-04	-3.532623899999999800e-03
7.419448714000000000e+09	2.087334999999999896e-04	-3.521150600000000006e-03
7.419451143000000000e+09	2.672818000000000199e-04	-3.595012800000000133e-03
7.419453571000000000e+09	2.025942999999999993e-04	-3.530162600000000088e-03
7.419456000000000000e+09	1.879888999999999985e-04	-3.551605299999999882e-03
7.419458429000000000e+09	1.592331000000000052e-04	-3.567792800000000025e-03
7.419460857000000000e+09	1.644698999999999955e-04	-3.559679599999999826e-03
7.419463286000000000e+09	1.452637999999999965e-04	-3.548146099999999886e-03
7.419465714000000000e+09	1.836243000000000098e-04	-3.518823899999999789e-03
7.419468143000000000e+09	1.757033000000000021e-04	-3.564602200000000116e-03
7.419470571000000000e+09	1.512333999999999944e-04	-3.529397599999999861e-03
7.419473000000000000e+09	1.896270999999999992e-04	-3.540241999999999868e-03
7.419475429000000000e+09	1.720271000000000051e-04	-3.574481400000000149e-03
7.419477857000000000e+09	1.532055999999999956e-04	-3.552263700000000187e-03
7.419480286000000000e+09	1.573733000000000065e-04	-3.623869699999999854e-03
7.419482714000000000e+09	1.989155000000000101e-04	-3.520695700000000140e-03
7.419485143000000000e+09	1.984044999999999873e-04	-3.545678100000000058e-03
7.419487571000000000e+09	1.455736000000000118e-04	-3.524801199999999784e-03
7.419490000000000000e+09	9.434759999999999772e-05	-3.544887400000000174e-03
7.419492429000000000e+09	2.050232999999999993e-04	-3.566863700000000217e-03
7.419494857000000000e+09	1.084813000000000010e-04	-3.616712700000000030e-03
7.419497286000000000e+09	1.518773999999999970e-04	-3.561542300000000109e-03
7.419499714000000000e+09	1.469650000000000134e-04	-3.531387100000000015e-03
7.419502143000000000e+09	1.653613000000000121e-04	-3.555046200000000142e-03
7.419504571000000000e+09	9.318019999999999938e-05	-3.485391799999999849e-03
7.419507000000000000e+09	9.437879999999999837e-05	-3.519028699999999805e-03
7.419509429000000000e+09	8.349609999999999498e-05	-3.542802500000000014e-03
7.419511857000000000e+09	1.036282999999999985e-04	-3.533773699999999841e-03
7.419514286000000000e+09	5.561609999999999763e-05	-3.570845899999999882e-03
7.419516714000000000e+09	9.006850000000000001e-05	-3.579402299999999860e-03
7.419519143000000000e+09	1.184996999999999998e-04	-3.575996499999999859e-03
7.419521571000000000e+09	4.862090000000000064e-05	-3.583756699999999813e-03
7.419524000000000000e+09	6.760870000000000204e-05	-3.501260200000000031e-03
7.419526429000000000e+09	6.508210000000000492e-05	-3.578827100000000171e-03
7.419528857000000000e+09	1.262796999999999965e-04	-3.543196000000000193e-03
7.419531286000000000e+09	2.815449999999999954e-05	-3.591428900000000115e-03
7.419533714000000000e+09	3.054479999999999934e-05	-3.581081500000000018e-03
7.419536143000000000e+09	9.031980000000000217e-05	-3.568876500000000077e-03
7.419538571000000000e+09	4.864550000000000037e-05	-3.568972000000000117e-03
7.419541000000000000e+09	4.640099999999999840e-05	-3.557515399999999946e-03
7.419543429000000000e+09	6.830520000000000461e-05	-3.562300500000000186e-03
7.419545857000000000e+09	5.658530000000000184e-05	-3.575234200000000119e-03
7.419548286000000000e+09	3.566020000000000122e-05	-3.545381499999999964e-03
7.419550714000000000e+09	6.185169999999999601e-05	-3.484915900000000195e-03
7.419553143000000000e+09	7.264999999999999475e-07	-3.572279299999999921e-03
7.419555571000000000e+09	3.555770000000000008e-05	-3.500876699999999793e-03
7.419558000000000000e+09	2.094400000000000141e-05	-3.572842100000000153e-03
7.419560429000000000e+09	-6.569800000000000185e-06	-3.541079899999999801e-03
7.419562857000000000e+09	-1.494800000000000071e-06	-3.570900599999999887e-03
7.419565286000000000e+09	-2.438300000000000016e-06	-3.499246000000000127e-03
7.419567714000000000e+09	-2.905089999999999997e-05	-3.554810600000000032e-03
7.419570143000000000e+09	2.211249999999999877e-05	-3.569519499999999901e-03
7.419572571000000000e+09	2.875450000000000057e-05	-3.552748100000000138e-03
7.419575000000000000e+09	1.675650000000000127e-05	-3.570298899999999834e-03
7.419577429000000000e+09	-2.881839999999999839e-05	-3.574117800000000192e-03
7.419579857000000000e+09	-4.501460000000000097e-05	-3.520837399999999888e-03
7.419582286000000000e+09	-2.945239999999999943e-05	-3.542327200000000131e-03
7.419584714000000000e+09	-5.253269999999999934e-05	-3.555492200000000009e-03
7.419587143000000000e+09	1.710299999999999956e-06	-3.573173900000000108e-03
7.419589571000000000e+09	-5.523460000000000137e-05	-3.516044600000000058e-03
7.419592000000000000e+09	3.160840000000000047e-05	-3.503954899999999970e-03
7.419594429000000000e+09	-6.917709999999999875e-05	-3.538284899999999920e-03
7.419596857000000000e+09	-6.726919999999999623e-05	-3.514270199999999962e-03
7.419599286000000000e+09	-5.160000000000000063e-05	-3.562208400000000004e-03
7.419601714000000000e+09	-9.670659999999999326e-05	-3.531737499999999808e-03
7.419604143000000000e+09	-3.538309999999999670e-05	-3.617404099999999879e-03
7.419606571000000000e+09	-4.853299999999999764e-05	-3.526173200000000136e-03
7.419609000000000000e+09	-3.618999999999999740e-05	-3.530274300000000014e-03
7.419611429000000000e+09	-1.041861999999999953e-04	-3.555634099999999825e-03
7.419613857000000000e+09	-7.592600000000000455e-05	-3.650691100000000213e-03
7.419616286000000000e+09	-4.224610000000000198e-05	-3.553875800000000015e-03
7.419618714000000000e+09	-8.540999999999999710e-05	-3.516225100000000027e-03
7.419621143000000000e+09	-8.278819999999999452e-05	-3.539766299999999848e-03
7.419623571000000000e+09	-7.302290000000000181e-05	-3.596392300000000007e-03
7.419626000000000000e+09	-8.488240000000000574e-05	-3.528027999999999893e-03
7.419628429000000000e+09	-8.928060000000000032e-05	-3.594927800000000204e-03
7.419630857000000000e+09	-8.937190000000000401e-05	-3.503523100000000175e-03
7.419633286000000000e+09	-1.411468000000000087e-04	-3.598158199999999807e-03
7.419635714000000000e+09	-1.518505999999999925e-04	-3.532086299999999922e-03
7.419638143000000000e+09	-9.128830000000000484e-05	-3.543352999999999954e-03
7.419640571000000000e+09	-1.185780000000000021e-04	-3.582895300000000106e-03
7.419643000000000000e+09	-1.441385999999999958e-04	-3.561473700000000134e-03
7.419645429000000000e+09	-7.792900000000000554e-05	-3.552188200000000028e-03
7.419647857000000000e+09	-2.263653000000000128e-04	-3.523123500000000137e-03
7.419650286000000000e+09	-1.460672000000000099e-04	-3.581589100000000074e-03
7.419652714000000000e+09	-1.689042000000000082e-04	-3.569668800000000072e-03
7.419655143000000000e+09	-1.161417999999999999e-04	-3.535658100000000151e-03
7.419657571000000000e+09	-1.648914999999999984e-04	-3.565293299999999863e-03
7.419660000000000000e+09	-2.319416000000000088e-04	-3.550790800000000122e-03
7.419662429000000000e+09	-1.120898000000000055e-04	-3.518031500000000193e-03
7.419664857000000000e+09	-1.615212999999999946e-04	-3.561744600000000139e-03
7.419667286000000000e+09	-1.441195999999999948e-04	-3.570855799999999788e-03
7.419669714000000000e+09	-1.495086000000000071e-04	-3.573647899999999981e-03
7.419672143000000000e+09	-1.508942999999999895e-04	-3.539340199999999829e-03
7.419674571000000000e+09	-1.938544000000000053e-04	-3.518630799999999861e-03
7.419677000000000000e+09	-1.134370999999999985e-04	-3.527703799999999928e-03
7.419679429000000000e+09	-1.216814000000000036e-04	-3.549229300000000201e-03
7.419681857000000000e+09	-2.074311999999999868e-04	-3.523011500000000108e-03
7.419684286000000000e+09	-2.129157000000000120e-04	-3.605865800000000038e-03
7.419686714000000000e+09	-2.064791000000000066e-04	-3.540502200000000127e-03
7.419689143000000000e+09	-2.369879000000000083e-04	-3.544055600000000153e-03
7.419691571000000000e+09	-2.059592999999999916e-04	-3.494962999999999802e-03
7.419694000000000000e+09	-1.705653000000000117e-04	-3.566571000000000151e-03
7.419696429000000000e+09	-2.755157999999999956e-04	-3.571383200000000091e-03
7.419698857000000000e+09	-2.058871999999999894e-04	-3.551030199999999793e-03
7.419701286000000000e+09	-1.906512000000000018e-04	-3.563893299999999938e-03
7.419703714000000000e+09	-1.503591999999999884e-04	-3.592010999999999989e-03
7.419706143000000000e+09	-2.509896999999999866e-04	-3.567028500000000036e-03
7.419708571000000000e+09	-2.210164999999999938e-04	-3.506875400000000146e-03
7.419711000000000000e+09	-2.085931000000000070e-04	-3.551463800000000202e-03
7.419713429000000000e+09	-1.969604999999999924e-04	-3.552172399999999845e-03
7.419715857000000000e+09	-2.850667000000000196e-04	-3.587176499999999817e-03
7.419718286000000000e+09	-2.873875999999999926e-04	-3.517470600000000176e-03
7.419720714000000000e+09	-2.952418999999999964e-04	-3.519980299999999913e-03
7.419723143000000000e+09	-2.917915000000000200e-04	-3.597058800000000039e-03
7.419725571000000000e+09	-2.641168000000000053e-04	-3.531228500000000142e-03
7.419728000000000000e+09	-2.747151000000000085e-04	-3.630017799999999979e-03
7.419730429000000000e+09	-2.602061000000000022e-04	-3.611541499999999967e-03
7.419732857000000000e+09	-2.937228999999999860e-04	-3.601346499999999798e-03
7.419735286000000000e+09	-3.453034000000000116e-04	-3.586160399999999832e-03
7.419737714000000000e+09	-3.251250999999999816e-04	-3.493265000000000172e-03
7.419740143000000000e+09	-3.023494999999999959e-04	-3.523669799999999946e-03
7.419742571000000000e+09	-3.169180999999999973e-04	-3.554001000000000209e-03
7.419745000000000000e+09	-3.332616999999999741e-04	-3.551109800000000049e-03
7.419747429000000000e+09	-3.345536000000000083e-04	-3.509674899999999827e-03
7.419749857000000000e+09	-3.265351999999999903e-04	-3.541219200000000032e-03
7.419752286000000000e+09	-3.738689999999999809e-04	-3.561835699999999980e-03
7.419754714000000000e+09	-3.381673999999999770e-04	-3.569663700000000068e-03
7.419757143000000000e+09	-3.195801000000000067e-04	-3.529069299999999798e-03
7.419759571000000000e+09	-2.844011000000000238e-04	-3.540947000000000018e-03
7.419762000000000000e+09	-2.784482000000000016e-04	-3.536447399999999991e-03
7.419764429000000000e+09	-3.235983000000000219e-04	-3.546445599999999837e-03
7.419766857000000000e+09	-3.144913000000000157e-04	-3.578049900000000120e-03
7.419769286000000000e+09	-3.535432000000000136e-04	-3.489548099999999903e-03
7.419771714000000000e+09	-3.686431000000000213e-04	-3.568660700000000213e-03
7.419774143000000000e+09	-3.357982000000000133e-04	-3.516780800000000005e-03
7.419776571000000000e+09	-4.023101999999999755e-04	-3.516626499999999864e-03
7.419779000000000000e+09	-3.590781999999999937e-04	-3.548537300000000148e-03
7.419781429000000000e+09	-3.362834000000000201e-04	-3.523871100000000069e-03
7.419783857000000000e+09	-2.931906000000000182e-04	-3.541556200000000026e-03
7.419786286000000000e+09	-3.222052000000000097e-04	-3.632021500000000205e-03
7.419788714000000000e+09	-3.958712000000000190e-04	-3.530296599999999813e-03
7.419791143000000000e+09	-3.221682000000000235e-04	-3.568333199999999990e-03
7.419793571000000000e+09	-3.190962000000000095e-04	-3.559081300000000066e-03
7.419796000000000000e+09	-4.339236999999999803e-04	-3.602534499999999855e-03
7.419798429000000000e+09	-3.816453000000000033e-04	-3.557621200000000029e-03
7.419800857000000000e+09	-3.872271000000000046e-04	-3.534904399999999874e-03
7.419803286000000000e+09	-4.254492999999999925e-04	-3.533774500000000113e-03
7.419805714000000000e+09	-3.929482000000000200e-04	-3.508373999999999868e-03
7.419808143000000000e+09	-3.883957000000000056e-04	-3.477463599999999853e-03
7.419810571000000000e+09	-3.672341000000000082e-04	-3.585075799999999906e-03
7.419813000000000000e+09	-4.328189999999999772e-04	-3.581142700000000071e-03
7.419815429000000000e+09	-3.946776000000000039e-04	-3.573486600000000055e-03
7.419817857000000000e+09	-4.239606000000000147e-04	-3.568158300000000196e-03
7.419820286000000000e+09	-4.124120000000000216e-04	-3.541850300000000135e-03
7.419822714000000000e+09	-4.030470000000000190e-04	-3.561369999999999900e-03
7.419825143000000000e+09	-4.199771999999999945e-04	-3.488280900000000160e-03
7.419827571000000000e+09	-4.457495999999999919e-04	-3.601859900000000097e-03
7.419830000000000000e+09	-4.756663999999999966e-04	-3.519679300000000052e-03
7.419832429000000000e+09	-4.854211000000000203e-04	-3.541951399999999917e-03
7.419834857000000000e+09	-4.722503999999999873e-04	-3.480711799999999887e-03
7.419837286000000000e+09	-4.457309000000000119e-04	-3.556072400000000102e-03
7.419839714000000000e+09	-4.683897999999999924e-04	-3.527462199999999940e-03
7.419842143000000000e+09	-4.803504000000000215e-04	-3.529701100000000140e-03
7.419844571000000000e+09	-4.488989999999999994e-04	-3.517530699999999854e-03
7.419847000000000000e+09	-4.963425999999999732e-04	-3.561062900000000128e-03
7.419849429000000000e+09	-5.378196999999999492e-04	-3.545159899999999857e-03
7.419851857000000000e+09	-5.198228999999999524e-04	-3.540219700000000070e-03
7.419854286000000000e+09	-4.704830000000000015e-04	-3.530273600000000209e-03
7.419856714000000000e+09	-4.799014999999999791e-04	-3.558480000000000150e-03
7.419859143000000000e+09	-4.595374999999999959e-04	-3.543148500000000041e-03
7.419861571000000000e+09	-3.965808999999999827e-04	-3.525261400000000156e-03
7.419864000000000000e+09	-5.139750999999999912e-04	-3.519704099999999836e-03
7.419866429000000000e+09	-5.267965000000000104e-04	-3.500354099999999826e-03
7.419868857000000000e+09	-4.590848999999999928e-04	-3.496175099999999838e-03
7.419871286000000000e+09	-4.946859000000000065e-04	-3.539614799999999794e-03
7.419873714000000000e+09	-5.230082000000000047e-04	-3.553060399999999949e-03
7.419876143000000000e+09	-5.436946000000000443e-04	-3.527869299999999986e-03
7.419878571000000000e+09	-5.487686000000000300e-04	-3.488932799999999983e-03
7.419881000000000000e+09	-5.170443000000000261e-04	-3.516894799999999849e-03
7.419883429000000000e+09	-5.161465000000000497e-04	-3.552400800000000101e-03
7.419885857000000000e+09	-5.405797000000000380e-04	-3.496458699999999836e-03
7.419888286000000000e+09	-5.689585000000000042e-04	-3.582965599999999792e-03
7.419890714000000000e+09	-5.375479999999999972e-04	-3.519951600000000101e-03
7.419893143000000000e+09	-5.602123999999999559e-04	-3.526783300000000017e-03
7.419895571000000000e+09	-5.671498000000000294e-04	-3.522680600000000026e-03
7.419898000000000000e+09	-6.023613000000000361e-04	-3.558414099999999795e-03
7.419900429000000000e+09	-5.608088000000000439e-04	-3.544218599999999792e-03
7.419902857000000000e+09	-5.946391999999999563e-04	-3.504898099999999815e-03
7.419905286000000000e+09	-5.649747000000000102e-04	-3.527703799999999928e-03
7.419907714000000000e+09	-5.455028999999999911e-04	-3.484607199999999877e-03
7.419910143000000000e+09	-5.488042999999999524e-04	-3.505808400000000151e-03
7.419912571000000000e+09	-5.327631999999999680e-04	-3.510052000000000050e-03
7.419915000000000000e+09	-5.805041999999999841e-04	-3.530026300000000013e-03
7.419917429000000000e+09	-5.654101999999999826e-04	-3.486577199999999887e-03
7.419919857000000000e+09	-6.156672999999999660e-04	-3.548738999999999973e-03
7.419922286000000000e+09	-6.215968999999999575e-04	-3.554564699999999879e-03
7.419924714000000000e+09	-6.230370000000000049e-04	-3.551330599999999883e-03
7.419927143000000000e+09	-5.818330000000000246e-04	-3.491179300000000173e-03
7.419929571000000000e+09	-6.048937999999999581e-04	-3.506681199999999842e-03
7.419932000000000000e+09	-6.394394000000000293e-04	-3.534448999999999837e-03
7.419934429000000000e+09	-6.395609000000000450e-04	-3.466448799999999851e-03
7.419936857000000000e+09	-5.751868999999999732e-04	-3.536328599999999812e-03
7.419939286000000000e+09	-6.493550000000000060e-04	-3.519410199999999794e-03
7.419941714000000000e+09	-6.549462999999999943e-04	-3.505921200000000019e-03
7.419944143000000000e+09	-6.617548000000000223e-04	-3.522267800000000205e-03
7.419946571000000000e+09	-6.188844999999999459e-04	-3.455744100000000211e-03
7.419949000000000000e+09	-6.655959000000000354e-04	-3.523353600000000106e-03
7.419951429000000000e+09	-6.381495999999999523e-04	-3.567205899999999815e-03
7.419953857000000000e+09	-6.680304000000000407e-04	-3.493069499999999859e-03
7.419956286000000000e+09	-6.662826000000000165e-04	-3.474139800000000059e-03
7.419958714000000000e+09	-6.448925999999999790e-04	-3.451978599999999849e-03
7.419961143000000000e+09	-6.784265000000000477e-04	-3.508510700000000079e-03
7.419963571000000000e+09	-6.549016999999999642e-04	-3.466782199999999918e-03
7.419966000000000000e+09	-6.883042000000000023e-04	-3.492019800000000125e-03
7.419968429000000000e+09	-6.586177999999999607e-04	-3.554248400000000006e-03
7.419970857000000000e+09	-6.497057000000000093e-04	-3.526136100000000061e-03
7.419973286000000000e+09	-6.617784999999999727e-04	-3.495810099999999837e-03
7.419975714000000000e+09	-7.564574000000000124e-04	-3.486595099999999919e-03
7.419978143000000000e+09	-6.509032000000000533e-04	-3.533702399999999813e-03
7.419980571000000000e+09	-7.047505000000000349e-04	-3.542958200000000200e-03
7.419983000000000000e+09	-7.118607000000000537e-04	-3.546126200000000207e-03
7.419985429000000000e+09	-6.904972000000000540e-04	-3.454733199999999831e-03
7.419987857000000000e+09	-7.499174999999999635e-04	-3.477107599999999885e-03
7.419990286000000000e+09	-7.189155999999999715e-04	-3.524642900000000013e-03
7.419992714000000000e+09	-6.894654999999999534e-04	-3.499632300000000019e-03
7.419995143000000000e+09	-6.347956999999999775e-04	-3.510750899999999855e-03
7.419997571000000000e+09	-7.084460000000000540e-04	-3.464976099999999854e-03
7.420000000000000000e+09	-7.637775999999999767e-04	-3.510716200000000165e-03
