7.403000000000000000e+09	9.297188200000000569e-03	-4.991856700000000049e-03
7.403002125000000000e+09	9.167912800000000556e-03	-4.566794100000000356e-03
7.403004250000000000e+09	8.830844500000000624e-03	-4.939876999999999636e-03
7.403006375000000000e+09	9.043018300000000426e-03	-4.779028099999999869e-03
7.403008500000000000e+09	9.273369099999999657e-03	-4.863197599999999864e-03
7.403010625000000000e+09	8.634625800000000212e-03	-5.223559299999999683e-03
7.403012750000000000e+09	9.186656300000000178e-03	-4.780576299999999591e-03
7.403014875000000000e+09	8.826065600000000330e-03	-4.723275199999999938e-03
7.403017000000000000e+09	9.160253700000000818e-03	-4.851895099999999766e-03
7.403019125000000000e+09	9.135536899999999530e-03	-4.745132299999999664e-03
7.403021250000000000e+09	9.078844399999999246e-03	-4.634215300000000225e-03
7.403023375000000000e+09	9.153615099999999963e-03	-4.788064300000000398e-03
7.403025500000000000e+09	9.173146499999999814e-03	-4.601917999999999981e-03
7.403027625000000000e+09	9.069050400000000511e-03	-4.967058600000000095e-03
7.403029750000000000e+09	9.221084500000000655e-03	-4.946144599999999746e-03
7.403031875000000000e+09	8.844338300000000735e-03	-4.969147999999999621e-03
7.403034000000000000e+09	9.175775799999999136e-03	-4.662972399999999740e-03
7.403036125000000000e+09	9.235046699999999165e-03	-4.747476199999999674e-03
7.403038250000000000e+09	9.095160700000000376e-03	-4.757690099999999783e-03
7.403040375000000000e+09	9.215683199999999756e-03	-5.329291499999999626e-03
7.403042500000000000e+09	8.777735700000000724e-03	-4.945457099999999925e-03
7.403044625000000000e+09	8.956994200000000309e-03	-4.919292100000000056e-03
7.403046750000000000e+09	8.934854500000000491e-03	-4.705437800000000087e-03
7.403048875000000000e+09	8.799552599999999752e-03	-4.758920300000000353e-03
7.403051000000000000e+09	9.164804999999999827e-03	-5.015356200000000396e-03
7.403053125000000000e+09	9.059657699999999411e-03	-4.947908499999999730e-03
7.403055250000000000e+09	9.073038000000000283e-03	-4.945405400000000076e-03
7.403057375000000000e+09	9.159823299999999766e-03	-4.763168400000000052e-03
7.403059500000000000e+09	9.124014800000000008e-03	-4.979054000000000119e-03
7.403061625000000000e+09	8.862091900000000633e-03	-4.782989700000000316e-03
7.403063750000000000e+09	9.057026200000000207e-03	-5.213164299999999834e-03
7.403065875000000000e+09	9.084775600000000867e-03	-4.992745600000000027e-03
7.403068000000000000e+09	9.344364799999999374e-03	-4.713316300000000049e-03
7.403070125000000000e+09	9.446320200000000306e-03	-4.949736300000000255e-03
7.403072250000000000e+09	8.825365099999999546e-03	-4.665630300000000140e-03
7.403074375000000000e+09	8.729384099999999355e-03	-5.147475099999999915e-03
7.403076500000000000e+09	8.806145799999999871e-03	-4.805793400000000180e-03
7.403078625000000000e+09	9.010974700000000392e-03	-4.925345599999999581e-03
7.403080750000000000e+09	8.940544700000000594e-03	-5.147325300000000006e-03
7.403082875000000000e+09	8.741188699999999367e-03	-5.103280800000000242e-03
7.403085000000000000e+09	8.903667599999999863e-03	-4.893419100000000015e-03
7.403087125000000000e+09	8.827482899999999216e-03	-5.370936899999999639e-03
7.403089250000000000e+09	8.784047999999999162e-03	-4.912159800000000416e-03
7.403091375000000000e+09	8.805963899999999858e-03	-5.199324100000000427e-03
7.403093500000000000e+09	9.062610199999999658e-03	-5.203710500000000017e-03
7.403095625000000000e+09	9.161507200000000226e-03	-5.316077800000000055e-03
7.403097750000000000e+09	8.657679600000000794e-03	-5.318801700000000410e-03
7.403099875000000000e+09	9.087938500000000003e-03	-5.187093000000000259e-03
7.403102000000000000e+09	8.571445900000000326e-03	-5.097224499999999763e-03
7.403104125000000000e+09	8.846599999999999603e-03	-5.102564999999999878e-03
7.403106250000000000e+09	8.851077500000000334e-03	-5.231724899999999970e-03
7.403108375000000000e+09	8.632809300000000505e-03	-5.266957800000000335e-03
7.403110500000000000e+09	8.904814800000000752e-03	-5.174151999999999571e-03
7.403112625000000000e+09	8.632771799999999426e-03	-5.296603000000000422e-03
7.403114750000000000e+09	8.940462899999999588e-03	-5.242777599999999885e-03
7.403116875000000000e+09	8.783393299999999251e-03	-5.308849099999999634e-03
7.403119000000000000e+09	8.608542999999999751e-03	-5.273593699999999836e-03
7.403121125000000000e+09	8.932987400000000008e-03	-5.414408699999999700e-03
7.403123250000000000e+09	8.519035399999999592e-03	-5.020646600000000341e-03
7.403125375000000000e+09	8.647572799999999477e-03	-5.478706499999999591e-03
7.403127500000000000e+09	8.728149100000000618e-03	-5.488152799999999887e-03
7.403129625000000000e+09	8.642234099999999974e-03	-5.281469399999999710e-03
7.403131750000000000e+09	8.817833599999999952e-03	-5.282725999999999741e-03
7.403133875000000000e+09	8.460023000000000543e-03	-5.543556100000000299e-03
7.403136000000000000e+09	9.115744999999999751e-03	-5.305592500000000204e-03
7.403138125000000000e+09	8.725734900000000488e-03	-5.167571299999999812e-03
7.403140250000000000e+09	8.637393800000000427e-03	-5.265642899999999939e-03
7.403142375000000000e+09	8.906495699999999321e-03	-5.150405900000000134e-03
7.403144500000000000e+09	8.425803399999999208e-03	-5.468283800000000271e-03
7.403146625000000000e+09	8.633756399999999512e-03	-5.465287400000000233e-03
7.403148750000000000e+09	8.715066199999999680e-03	-5.566032200000000339e-03
7.403150875000000000e+09	8.748977700000000468e-03	-5.566040500000000134e-03
7.403153000000000000e+09	8.915261699999999651e-03	-5.152185999999999572e-03
7.403155125000000000e+09	8.480566000000000146e-03	-5.258167900000000096e-03
7.403157250000000000e+09	8.614834800000000306e-03	-5.108406700000000036e-03
7.403159375000000000e+09	8.985352199999999470e-03	-5.102614299999999777e-03
7.403161500000000000e+09	8.849976900000000590e-03	-5.560527299999999673e-03
7.403163625000000000e+09	8.420677300000000212e-03	-5.224303799999999859e-03
7.403165750000000000e+09	8.625263200000000269e-03	-5.609836899999999862e-03
7.403167875000000000e+09	8.630960999999999494e-03	-5.303553499999999650e-03
7.403170000000000000e+09	8.672389500000000570e-03	-5.368910900000000049e-03
7.403172125000000000e+09	8.236823600000000092e-03	-5.546745999999999968e-03
7.403174250000000000e+09	8.826843399999999284e-03	-5.527831999999999885e-03
7.403176375000000000e+09	8.671193699999999588e-03	-4.981032399999999957e-03
7.403178500000000000e+09	8.288596599999999842e-03	-5.652304999999999829e-03
7.403180625000000000e+09	8.521954700000000660e-03	-5.350010300000000198e-03
7.403182750000000000e+09	8.571685399999999164e-03	-5.056695299999999609e-03
7.403184875000000000e+09	8.522749899999999476e-03	-5.186474200000000014e-03
7.403187000000000000e+09	8.704365199999999567e-03	-5.409027299999999948e-03
7.403189125000000000e+09	8.473856999999999570e-03	-5.469529100000000352e-03
7.403191250000000000e+09	8.816600500000000562e-03	-5.537706699999999684e-03
7.403193375000000000e+09	8.798747900000000732e-03	-5.540011299999999736e-03
7.403195500000000000e+09	8.669838900000000764e-03	-5.509754799999999793e-03
7.403197625000000000e+09	8.475571700000000125e-03	-5.919844900000000368e-03
7.403199750000000000e+09	8.594866200000000553e-03	-5.593583299999999731e-03
7.403201875000000000e+09	8.372595599999999375e-03	-5.664493599999999816e-03
7.403204000000000000e+09	8.589658099999999616e-03	-5.182779999999999679e-03
7.403206125000000000e+09	8.538647800000000176e-03	-5.615202899999999567e-03
7.403208250000000000e+09	8.476998499999999215e-03	-5.604150199999999651e-03
7.403210375000000000e+09	8.620575599999999450e-03	-5.847943999999999885e-03
7.403212500000000000e+09	8.857501500000000000e-03	-5.762146299999999777e-03
7.403214625000000000e+09	8.509215100000000129e-03	-5.279113700000000013e-03
7.403216750000000000e+09	8.433203800000000500e-03	-5.603661900000000105e-03
7.403218875000000000e+09	8.621271499999999532e-03	-5.568804099999999715e-03
7.403221000000000000e+09	8.406633800000000434e-03	-5.569253300000000240e-03
7.403223125000000000e+09	8.778126000000000678e-03	-5.807515499999999810e-03
7.403225250000000000e+09	8.485056600000000573e-03	-5.812400900000000425e-03
7.403227375000000000e+09	8.338167999999999969e-03	-5.537808499999999703e-03
7.403229500000000000e+09	8.811957599999999807e-03	-5.686499799999999646e-03
7.403231625000000000e+09	8.426497700000000479e-03	-5.461740500000000255e-03
7.403233750000000000e+09	8.663265700000000527e-03	-5.669764600000000085e-03
7.403235875000000000e+09	8.431589300000000287e-03	-5.578765500000000023e-03
7.403238000000000000e+09	8.435144099999999923e-03	-5.670284999999999735e-03
7.403240125000000000e+09	8.382036199999999895e-03	-5.817328800000000355e-03
7.403242250000000000e+09	8.470205600000000820e-03	-5.587266599999999792e-03
7.403244375000000000e+09	8.536729200000000781e-03	-5.756558400000000297e-03
7.403246500000000000e+09	8.399771699999999258e-03	-5.695915699999999984e-03
7.403248625000000000e+09	8.499127699999999355e-03	-5.999840499999999945e-03
7.403250750000000000e+09	8.337533700000000075e-03	-5.907858499999999943e-03
7.403252875000000000e+09	8.304805099999999773e-03	-6.094870900000000369e-03
7.403255000000000000e+09	8.518930399999999348e-03	-5.752280200000000308e-03
7.403257125000000000e+09	8.546104299999999349e-03	-5.970819799999999879e-03
7.403259250000000000e+09	8.327912200000000750e-03	-5.909414699999999791e-03
7.403261375000000000e+09	8.371356999999999410e-03	-5.583105900000000406e-03
7.403263500000000000e+09	8.642806200000000341e-03	-5.599298699999999754e-03
7.403265625000000000e+09	8.487346600000000851e-03	-5.789868999999999571e-03
7.403267750000000000e+09	8.232527899999999774e-03	-5.473099999999999840e-03
7.403269875000000000e+09	8.293162600000000828e-03	-5.986144900000000407e-03
7.403272000000000000e+09	8.329713399999999143e-03	-6.039093399999999855e-03
7.403274125000000000e+09	8.358074800000000332e-03	-6.014106299999999634e-03
7.403276250000000000e+09	8.287831900000000585e-03	-5.662285900000000281e-03
7.403278375000000000e+09	8.385703799999999833e-03	-6.003011400000000074e-03
7.403280500000000000e+09	8.645600499999999550e-03	-6.042571499999999790e-03
7.403282625000000000e+09	8.231390999999999361e-03	-6.071199099999999814e-03
7.403284750000000000e+09	8.307012500000000507e-03	-5.789408299999999896e-03
7.403286875000000000e+09	8.124857100000000554e-03	-5.922033099999999758e-03
7.403289000000000000e+09	8.266191399999999259e-03	-5.869642399999999705e-03
7.403291125000000000e+09	8.518582400000000374e-03	-5.942123199999999744e-03
7.403293250000000000e+09	8.333147100000000418e-03	-6.019133200000000364e-03
7.403295375000000000e+09	8.078357700000000224e-03	-5.963048200000000375e-03
7.403297500000000000e+09	8.168461899999999998e-03	-5.885544000000000366e-03
7.403299625000000000e+09	8.093470800000000451e-03	-5.880904499999999903e-03
7.403301750000000000e+09	8.435603099999999452e-03	-5.922495199999999911e-03
7.403303875000000000e+09	7.888014800000000756e-03	-5.673296900000000288e-03
7.403306000000000000e+09	8.154975599999999408e-03	-6.042933300000000001e-03
7.403308125000000000e+09	7.947013899999999173e-03	-5.870919999999999958e-03
7.403310250000000000e+09	8.221178000000000860e-03	-5.963399999999999777e-03
7.403312375000000000e+09	7.975383100000000419e-03	-6.065471900000000104e-03
7.403314500000000000e+09	8.397447299999999393e-03	-5.893848600000000347e-03
7.403316625000000000e+09	8.374509599999999804e-03	-6.026003099999999862e-03
7.403318750000000000e+09	8.179480100000000725e-03	-5.789823200000000433e-03
7.403320875000000000e+09	8.344865999999999395e-03	-5.762147799999999855e-03
7.403323000000000000e+09	8.224074200000000556e-03	-5.967442800000000158e-03
7.403325125000000000e+09	8.303377000000000674e-03	-6.076220700000000037e-03
7.403327250000000000e+09	7.953885500000000552e-03	-6.091073399999999936e-03
7.403329375000000000e+09	8.306705699999999970e-03	-6.187822100000000408e-03
7.403331500000000000e+09	7.990560199999999919e-03	-6.075368400000000398e-03
7.403333625000000000e+09	7.877241800000000377e-03	-5.898989399999999585e-03
7.403335750000000000e+09	7.853589600000000434e-03	-6.102015799999999969e-03
7.403337875000000000e+09	8.033198999999999548e-03	-6.311062600000000300e-03
7.403340000000000000e+09	8.353995300000000013e-03	-6.102718299999999700e-03
7.403342125000000000e+09	8.274244099999999644e-03	-6.073502899999999594e-03
7.403344250000000000e+09	8.144002299999999681e-03	-6.081139900000000036e-03
7.403346375000000000e+09	7.719762100000000273e-03	-6.036763100000000146e-03
7.403348500000000000e+09	8.245716599999999494e-03	-6.200751000000000006e-03
7.403350625000000000e+09	8.084118700000000185e-03	-6.415853800000000280e-03
7.403352750000000000e+09	8.250558999999999324e-03	-6.038729100000000093e-03
7.403354875000000000e+09	8.151020300000000676e-03	-6.125789799999999813e-03
7.403357000000000000e+09	8.403288400000000213e-03	-6.047134899999999889e-03
7.403359125000000000e+09	8.216066399999999437e-03	-6.012955799999999788e-03
7.403361250000000000e+09	7.972054399999999388e-03	-6.122304700000000093e-03
7.403363375000000000e+09	8.160489099999999538e-03	-6.044502299999999877e-03
7.403365500000000000e+09	8.271214100000000291e-03	-6.096089800000000121e-03
7.403367625000000000e+09	8.033375400000000721e-03	-6.203546400000000023e-03
7.403369750000000000e+09	8.177941299999999872e-03	-6.279326800000000278e-03
7.403371875000000000e+09	7.886241299999999232e-03	-6.271498500000000087e-03
7.403374000000000000e+09	8.204118499999999564e-03	-6.060224000000000340e-03
7.403376125000000000e+09	7.883252800000000587e-03	-6.212473700000000279e-03
7.403378250000000000e+09	7.923986600000000255e-03	-6.145739800000000162e-03
7.403380375000000000e+09	7.948894499999999488e-03	-6.203057300000000204e-03
7.403382500000000000e+09	8.096870600000000140e-03	-5.970390199999999967e-03
7.403384625000000000e+09	8.230824899999999306e-03	-6.265605700000000285e-03
7.403386750000000000e+09	7.993933999999999415e-03	-6.146933999999999731e-03
7.403388875000000000e+09	8.282010100000000707e-03	-6.385441500000000117e-03
7.403391000000000000e+09	7.945690199999999245e-03	-6.383960999999999629e-03
7.403393125000000000e+09	7.916144999999999432e-03	-6.640475199999999918e-03
7.403395250000000000e+09	7.874401499999999360e-03	-6.199233499999999911e-03
7.403397375000000000e+09	7.785773600000000377e-03	-6.128524100000000245e-03
7.403399500000000000e+09	8.211819500000000147e-03	-6.517225800000000027e-03
7.403401625000000000e+09	7.899183900000000466e-03	-6.399601500000000158e-03
7.403403750000000000e+09	7.977306300000000516e-03	-6.300200300000000260e-03
7.403405875000000000e+09	8.011473800000000131e-03	-6.313508300000000330e-03
7.403408000000000000e+09	7.729125400000000021e-03	-6.444204599999999589e-03
7.403410125000000000e+09	7.760254700000000089e-03	-6.483346200000000142e-03
7.403412250000000000e+09	7.702113800000000288e-03	-6.494172299999999981e-03
7.403414375000000000e+09	7.551805099999999576e-03	-6.001874199999999993e-03
7.403416500000000000e+09	7.890850600000000672e-03	-6.247877399999999908e-03
7.403418625000000000e+09	8.204664599999999738e-03	-6.391243100000000045e-03
7.403420750000000000e+09	7.743837299999999611e-03	-6.256795699999999696e-03
7.403422875000000000e+09	8.018473099999999520e-03	-6.843830900000000272e-03
7.403425000000000000e+09	7.632407499999999644e-03	-6.466978299999999631e-03
7.403427125000000000e+09	7.987856499999999513e-03	-6.584146299999999591e-03
7.403429250000000000e+09	7.791909199999999709e-03	-6.609130300000000055e-03
7.403431375000000000e+09	7.919549399999999822e-03	-6.508639600000000296e-03
7.403433500000000000e+09	7.840800999999999674e-03	-6.337622099999999821e-03
7.403435625000000000e+09	7.587977499999999827e-03	-6.565185599999999629e-03
7.403437750000000000e+09	7.805755099999999759e-03	-6.433819700000000148e-03
7.403439875000000000e+09	7.971169099999999771e-03	-6.574797900000000153e-03
7.403442000000000000e+09	7.809337900000000270e-03	-6.445781299999999922e-03
7.403444125000000000e+09	7.598669899999999609e-03	-6.524577600000000359e-03
7.403446250000000000e+09	7.907057099999999922e-03	-6.415645299999999870e-03
7.403448375000000000e+09	7.495490199999999686e-03	-6.543588399999999625e-03
7.403450500000000000e+09	7.945978299999999911e-03	-6.594065199999999717e-03
7.403452625000000000e+09	7.762946399999999872e-03	-6.525417300000000038e-03
7.403454750000000000e+09	7.810436700000000267e-03	-6.662446699999999625e-03
7.403456875000000000e+09	7.591546599999999569e-03	-6.568921400000000271e-03
7.403459000000000000e+09	7.778471000000000343e-03	-6.852368400000000311e-03
7.403461125000000000e+09	7.677549599999999863e-03	-6.937078999999999641e-03
7.403463250000000000e+09	7.703440100000000235e-03	-6.283177800000000306e-03
7.403465375000000000e+09	7.852307600000000415e-03	-6.723723899999999899e-03
7.403467500000000000e+09	7.857995600000000636e-03	-6.491541800000000251e-03
7.403469625000000000e+09	7.520083099999999923e-03	-6.517406100000000362e-03
7.403471750000000000e+09	7.891082400000000788e-03	-6.446412799999999728e-03
7.403473875000000000e+09	7.757465899999999720e-03	-6.439903099999999894e-03
7.403476000000000000e+09	7.197510800000000118e-03	-6.486249200000000423e-03
7.403478125000000000e+09	7.587502500000000046e-03	-6.290236700000000070e-03
7.403480250000000000e+09	7.557266400000000120e-03	-6.887514800000000235e-03
7.403482375000000000e+09	7.599329999999999627e-03	-6.685903099999999585e-03
7.403484500000000000e+09	7.818586900000000506e-03	-6.387306100000000181e-03
7.403486625000000000e+09	7.404155499999999675e-03	-6.545842500000000237e-03
7.403488750000000000e+09	7.635453199999999579e-03	-6.372709399999999975e-03
7.403490875000000000e+09	7.717040500000000268e-03	-6.345414399999999878e-03
7.403493000000000000e+09	7.688818600000000246e-03	-6.530488699999999896e-03
7.403495125000000000e+09	7.695979599999999698e-03	-6.753776799999999803e-03
7.403497250000000000e+09	7.440914699999999667e-03	-6.732030699999999764e-03
7.403499375000000000e+09	7.665509699999999843e-03	-6.382673200000000234e-03
7.403501500000000000e+09	7.620836100000000224e-03	-6.423704599999999904e-03
7.403503625000000000e+09	7.788868200000000075e-03	-7.081037699999999900e-03
7.403505750000000000e+09	7.499529799999999843e-03	-6.629710199999999665e-03
7.403507875000000000e+09	7.846334300000000483e-03	-6.441407799999999961e-03
7.403510000000000000e+09	7.574540099999999866e-03	-6.403310500000000335e-03
7.403512125000000000e+09	7.739313200000000337e-03	-6.547743400000000102e-03
7.403514250000000000e+09	7.871871500000000507e-03	-6.775965000000000113e-03
7.403516375000000000e+09	7.637557399999999816e-03	-7.066369599999999633e-03
7.403518500000000000e+09	7.230328599999999613e-03	-6.687373400000000065e-03
7.403520625000000000e+09	7.127981900000000121e-03	-6.937704000000000266e-03
7.403522750000000000e+09	7.875109899999999802e-03	-6.408081500000000104e-03
7.403524875000000000e+09	7.616397799999999850e-03	-6.999928499999999616e-03
7.403527000000000000e+09	7.477589100000000231e-03	-6.597879000000000070e-03
7.403529125000000000e+09	7.334327399999999997e-03	-6.777557600000000231e-03
7.403531250000000000e+09	7.374543100000000365e-03	-6.750625599999999886e-03
7.403533375000000000e+09	7.566882500000000206e-03	-6.930622200000000066e-03
7.403535500000000000e+09	7.454102699999999582e-03	-6.625270899999999817e-03
7.403537625000000000e+09	7.532953799999999624e-03	-6.445730700000000014e-03
7.403539750000000000e+09	7.517903099999999859e-03	-6.814821599999999757e-03
7.403541875000000000e+09	7.453880700000000206e-03	-6.970181500000000377e-03
7.403544000000000000e+09	7.248278700000000165e-03	-7.064260099999999758e-03
7.403546125000000000e+09	7.611694799999999851e-03	-6.845567900000000192e-03
7.403548250000000000e+09	7.556994299999999706e-03	-6.676479600000000125e-03
7.403550375000000000e+09	7.382773100000000061e-03	-6.830262699999999944e-03
7.403552500000000000e+09	7.343165399999999725e-03	-7.193048500000000234e-03
7.403554625000000000e+09	7.317406900000000131e-03	-6.925373999999999766e-03
7.403556750000000000e+09	7.159938099999999840e-03	-6.677373099999999936e-03
7.403558875000000000e+09	7.755002900000000296e-03	-6.978005300000000334e-03
7.403561000000000000e+09	7.797934200000000357e-03	-6.993632199999999695e-03
7.403563125000000000e+09	7.576749899999999684e-03	-6.720808899999999864e-03
7.403565250000000000e+09	7.354704000000000103e-03	-6.879180099999999964e-03
7.403567375000000000e+09	6.891617299999999724e-03	-6.534442799999999954e-03
7.403569500000000000e+09	7.456055100000000095e-03	-7.085641699999999966e-03
7.403571625000000000e+09	7.556181099999999956e-03	-6.766305799999999641e-03
7.403573750000000000e+09	7.557709499999999865e-03	-6.790182700000000314e-03
7.403575875000000000e+09	7.348973100000000432e-03	-6.990637400000000203e-03
7.403578000000000000e+09	7.381007999999999666e-03	-6.886267300000000272e-03
7.403580125000000000e+09	7.352695900000000111e-03	-7.088316600000000092e-03
7.403582250000000000e+09	7.230749100000000325e-03	-7.217183500000000015e-03
7.403584375000000000e+09	7.313111899999999617e-03	-6.747537599999999837e-03
7.403586500000000000e+09	7.404305199999999983e-03	-6.785599199999999866e-03
7.403588625000000000e+09	7.592385099999999706e-03	-7.026303599999999573e-03
7.403590750000000000e+09	6.836890800000000254e-03	-6.986386100000000279e-03
7.403592875000000000e+09	7.323846600000000380e-03	-7.071220900000000330e-03
7.403595000000000000e+09	7.518416200000000056e-03	-7.157870299999999873e-03
7.403597125000000000e+09	7.299017799999999931e-03	-7.017688099999999825e-03
7.403599250000000000e+09	7.299926400000000121e-03	-6.977554799999999800e-03
7.403601375000000000e+09	7.212462600000000418e-03	-7.190128599999999828e-03
7.403603500000000000e+09	7.335008799999999905e-03	-6.889760899999999855e-03
7.403605625000000000e+09	7.017770199999999632e-03	-6.702015500000000139e-03
7.403607750000000000e+09	7.245395899999999834e-03	-7.293674800000000263e-03
7.403609875000000000e+09	7.465097799999999804e-03	-7.196330600000000119e-03
7.403612000000000000e+09	7.126292900000000090e-03	-7.093969999999999790e-03
7.403614125000000000e+09	6.836533300000000209e-03	-6.864746700000000368e-03
7.403616250000000000e+09	7.224005900000000230e-03	-7.111100599999999744e-03
7.403618375000000000e+09	7.105686100000000414e-03	-7.320039700000000212e-03
7.403620500000000000e+09	6.997292700000000247e-03	-6.966148400000000268e-03
7.403622625000000000e+09	7.015200400000000218e-03	-6.842902500000000270e-03
7.403624750000000000e+09	6.937900900000000190e-03	-7.138138700000000274e-03
7.403626875000000000e+09	7.162301400000000394e-03	-6.668769500000000343e-03
7.403629000000000000e+09	6.821054099999999606e-03	-7.413479500000000333e-03
7.403631125000000000e+09	7.085503699999999745e-03	-7.412906900000000229e-03
7.403633250000000000e+09	7.291142199999999657e-03	-7.544048200000000315e-03
7.403635375000000000e+09	7.037089399999999981e-03	-6.746471900000000285e-03
7.403637500000000000e+09	7.048921500000000263e-03	-7.009127199999999613e-03
7.403639625000000000e+09	6.891135799999999895e-03	-7.234162700000000383e-03
7.403641750000000000e+09	7.046041200000000351e-03	-7.242110300000000056e-03
7.403643875000000000e+09	6.872372300000000392e-03	-7.193274199999999570e-03
7.403646000000000000e+09	7.348435999999999857e-03	-7.168208399999999834e-03
7.403648125000000000e+09	6.860928900000000386e-03	-7.061801700000000168e-03
7.403650250000000000e+09	7.272476699999999745e-03	-7.064179999999999765e-03
7.403652375000000000e+09	7.595749899999999603e-03	-7.382963400000000335e-03
7.403654500000000000e+09	6.833034099999999583e-03	-7.462285499999999662e-03
7.403656625000000000e+09	7.047190200000000120e-03	-7.164480200000000049e-03
7.403658750000000000e+09	6.750549800000000059e-03	-7.543140999999999735e-03
7.403660875000000000e+09	6.745873299999999989e-03	-7.033610899999999909e-03
7.403663000000000000e+09	6.857414099999999645e-03	-7.253080500000000028e-03
7.403665125000000000e+09	6.972290899999999784e-03	-7.333622799999999983e-03
7.403667250000000000e+09	6.927764399999999587e-03	-7.235152299999999571e-03
7.403669375000000000e+09	6.797540399999999622e-03	-7.291588100000000357e-03
7.403671500000000000e+09	7.208028200000000073e-03	-7.182054200000000284e-03
7.403673625000000000e+09	6.819110300000000291e-03	-7.254000600000000236e-03
7.403675750000000000e+09	6.872622999999999580e-03	-7.239332499999999969e-03
7.403677875000000000e+09	6.921898800000000386e-03	-7.192699299999999983e-03
7.403680000000000000e+09	6.765443500000000061e-03	-7.376310100000000106e-03
7.403682125000000000e+09	6.801290599999999971e-03	-7.490657399999999660e-03
7.403684250000000000e+09	6.665810200000000380e-03	-7.182797000000000313e-03
7.403686375000000000e+09	6.960151500000000095e-03	-7.479745399999999586e-03
7.403688500000000000e+09	7.092114400000000193e-03	-7.018301499999999964e-03
7.403690625000000000e+09	7.032181499999999932e-03	-7.429023300000000413e-03
7.403692750000000000e+09	6.898205400000000272e-03	-7.306155600000000146e-03
7.403694875000000000e+09	6.851214300000000104e-03	-7.410197299999999980e-03
7.403697000000000000e+09	7.005681199999999782e-03	-7.154990899999999834e-03
7.403699125000000000e+09	6.957427700000000208e-03	-7.172867000000000305e-03
7.403701250000000000e+09	6.903888500000000122e-03	-7.477515399999999819e-03
7.403703375000000000e+09	6.918695699999999685e-03	-7.289572299999999908e-03
7.403705500000000000e+09	6.738323699999999861e-03	-7.189506000000000022e-03
7.403707625000000000e+09	6.896539000000000141e-03	-7.559916800000000131e-03
7.403709750000000000e+09	6.760687199999999668e-03	-7.355127099999999966e-03
7.403711875000000000e+09	7.268464199999999723e-03	-7.645901600000000291e-03
7.403714000000000000e+09	6.999616600000000376e-03	-7.103003800000000367e-03
7.403716125000000000e+09	6.781883199999999903e-03	-7.616389299999999987e-03
7.403718250000000000e+09	6.561289300000000199e-03	-7.507455599999999889e-03
7.403720375000000000e+09	6.422779899999999861e-03	-7.180699300000000125e-03
7.403722500000000000e+09	7.009974199999999614e-03	-7.439226299999999840e-03
7.403724625000000000e+09	6.515183899999999785e-03	-7.552286099999999669e-03
7.403726750000000000e+09	6.632258900000000124e-03	-7.792610099999999762e-03
7.403728875000000000e+09	7.153778300000000062e-03	-7.675156100000000287e-03
7.403731000000000000e+09	6.997894000000000163e-03	-7.194085000000000236e-03
7.403733125000000000e+09	7.199104999999999914e-03	-7.336136400000000182e-03
7.403735250000000000e+09	6.800603399999999819e-03	-7.279716599999999649e-03
7.403737375000000000e+09	6.653072099999999926e-03	-7.346571900000000398e-03
7.403739500000000000e+09	6.898205699999999940e-03	-7.726162800000000233e-03
7.403741625000000000e+09	6.522283200000000315e-03	-7.637226199999999632e-03
7.403743750000000000e+09	6.803321700000000000e-03	-7.487616800000000163e-03
7.403745875000000000e+09	6.458991800000000137e-03	-7.534525599999999587e-03
7.403748000000000000e+09	6.970540899999999769e-03	-7.338436999999999738e-03
7.403750125000000000e+09	6.505211000000000326e-03	-7.300213899999999714e-03
7.403752250000000000e+09	6.787198599999999700e-03	-7.537499199999999656e-03
7.403754375000000000e+09	6.684626499999999673e-03	-7.404291799999999750e-03
7.403756500000000000e+09	6.772210499999999599e-03	-7.692779000000000283e-03
7.403758625000000000e+09	6.477133700000000174e-03	-8.072041099999999886e-03
7.403760750000000000e+09	6.873694900000000378e-03	-7.833527899999999725e-03
7.403762875000000000e+09	6.651827899999999787e-03	-7.258174200000000117e-03
7.403765000000000000e+09	6.593682400000000152e-03	-7.373558500000000279e-03
7.403767125000000000e+09	6.573922400000000409e-03	-7.678574100000000111e-03
7.403769250000000000e+09	6.639805900000000233e-03	-7.329093299999999735e-03
7.403771375000000000e+09	6.652087600000000309e-03	-7.811328400000000331e-03
7.403773500000000000e+09	6.554239199999999967e-03	-7.992255400000000329e-03
7.403775625000000000e+09	6.387603099999999978e-03	-7.573558499999999936e-03
7.403777750000000000e+09	6.624868600000000107e-03	-7.838595099999999885e-03
7.403779875000000000e+09	6.591512899999999765e-03	-7.567798700000000385e-03
7.403782000000000000e+09	6.507612599999999629e-03	-7.464610200000000063e-03
7.403784125000000000e+09	6.633361800000000218e-03	-7.521585800000000176e-03
7.403786250000000000e+09	6.225818800000000423e-03	-7.627423200000000431e-03
7.403788375000000000e+09	6.457436199999999626e-03	-7.739087599999999734e-03
7.403790500000000000e+09	6.134194200000000000e-03	-8.052106399999999983e-03
7.403792625000000000e+09	6.427846200000000149e-03	-7.707440900000000171e-03
7.403794750000000000e+09	6.819389099999999954e-03	-7.816463699999999862e-03
7.403796875000000000e+09	6.423481899999999856e-03	-7.552008500000000416e-03
7.403799000000000000e+09	6.683037000000000179e-03	-7.812326300000000182e-03
7.403801125000000000e+09	6.200056800000000069e-03	-7.546636699999999601e-03
7.403803250000000000e+09	6.812106000000000064e-03	-7.647124299999999604e-03
7.403805375000000000e+09	6.446609399999999983e-03	-7.801313199999999892e-03
7.403807500000000000e+09	6.634499099999999899e-03	-7.570256200000000102e-03
7.403809625000000000e+09	6.458399699999999889e-03	-7.591380899999999876e-03
7.403811750000000000e+09	6.614685799999999762e-03	-7.970387599999999989e-03
7.403813875000000000e+09	6.366319700000000296e-03	-7.449188699999999622e-03
7.403816000000000000e+09	6.368338400000000434e-03	-7.502332999999999918e-03
7.403818125000000000e+09	6.375976200000000281e-03	-7.829504299999999820e-03
7.403820250000000000e+09	6.323663799999999606e-03	-8.050300899999999690e-03
7.403822375000000000e+09	6.437247200000000176e-03	-7.559536500000000117e-03
7.403824500000000000e+09	6.077304900000000260e-03	-7.384656399999999996e-03
7.403826625000000000e+09	6.274570499999999884e-03	-7.919785699999999304e-03
7.403828750000000000e+09	6.472820500000000393e-03	-7.632908400000000017e-03
7.403830875000000000e+09	6.714890099999999869e-03	-7.940420499999999854e-03
7.403833000000000000e+09	6.647898299999999844e-03	-7.822554100000000260e-03
7.403835125000000000e+09	6.325968399999999658e-03	-7.967531599999999256e-03
7.403837250000000000e+09	6.257745000000000321e-03	-7.745586900000000358e-03
7.403839375000000000e+09	6.400488499999999921e-03	-7.545660800000000314e-03
7.403841500000000000e+09	6.305613199999999911e-03	-7.679027500000000332e-03
7.403843625000000000e+09	6.577888300000000153e-03	-7.821324699999999963e-03
7.403845750000000000e+09	6.500944699999999625e-03	-7.749423299999999744e-03
7.403847875000000000e+09	6.299114599999999960e-03	-7.801287599999999836e-03
7.403850000000000000e+09	6.200035399999999711e-03	-8.025655200000000530e-03
7.403852125000000000e+09	6.124243599999999906e-03	-7.712383100000000206e-03
7.403854250000000000e+09	6.089466800000000249e-03	-7.747140900000000323e-03
7.403856375000000000e+09	6.497678399999999924e-03	-7.662672599999999917e-03
7.403858500000000000e+09	6.205380699999999729e-03	-7.738626200000000253e-03
7.403860625000000000e+09	6.125470899999999920e-03	-7.642518400000000191e-03
7.403862750000000000e+09	5.989189300000000334e-03	-7.870050800000000235e-03
7.403864875000000000e+09	5.930565999999999963e-03	-7.878669200000000539e-03
7.403867000000000000e+09	6.400847700000000112e-03	-8.098366799999999477e-03
7.403869125000000000e+09	6.016763300000000161e-03	-7.697065099999999931e-03
7.403871250000000000e+09	6.200656899999999576e-03	-7.527684100000000232e-03
7.403873375000000000e+09	6.237775099999999691e-03	-8.354797500000000349e-03
7.403875500000000000e+09	5.848090099999999833e-03	-7.828170500000000351e-03
7.403877625000000000e+09	6.430669499999999705e-03	-8.014725699999999259e-03
7.403879750000000000e+09	6.251386000000000269e-03	-7.952940999999999830e-03
7.403881875000000000e+09	6.094870999999999969e-03	-7.827828199999999417e-03
7.403884000000000000e+09	6.146716299999999654e-03	-7.981346400000000410e-03
7.403886125000000000e+09	6.023790600000000425e-03	-8.366053700000000704e-03
7.403888250000000000e+09	6.414985399999999921e-03	-7.741465799999999731e-03
7.403890375000000000e+09	6.199305900000000313e-03	-8.142588299999999751e-03
7.403892500000000000e+09	5.966743800000000320e-03	-8.133468700000000273e-03
7.403894625000000000e+09	6.100654599999999830e-03	-7.897689899999999277e-03
7.403896750000000000e+09	6.180910199999999598e-03	-8.040116099999999530e-03
7.403898875000000000e+09	5.993363199999999884e-03	-7.982526099999999805e-03
7.403901000000000000e+09	6.226434999999999782e-03	-8.248255399999999612e-03
7.403903125000000000e+09	6.223735000000000205e-03	-7.601057599999999810e-03
7.403905250000000000e+09	6.260403099999999922e-03	-7.958319400000000293e-03
7.403907375000000000e+09	6.125687900000000193e-03	-8.108956400000000633e-03
7.403909500000000000e+09	6.092600299999999768e-03	-8.083022699999999408e-03
7.403911625000000000e+09	6.424627700000000267e-03	-7.841625200000000573e-03
7.403913750000000000e+09	6.385885200000000067e-03	-8.147191899999999681e-03
7.403915875000000000e+09	6.053643000000000045e-03	-8.307841399999999973e-03
7.403918000000000000e+09	5.940167300000000206e-03	-7.739548500000000344e-03
7.403920125000000000e+09	5.949297499999999829e-03	-7.832603500000000218e-03
7.403922250000000000e+09	6.116933500000000350e-03	-8.057405499999999859e-03
7.403924375000000000e+09	5.953391199999999786e-03	-8.266228500000000201e-03
7.403926500000000000e+09	5.805298300000000071e-03	-7.748354300000000368e-03
7.403928625000000000e+09	6.300482799999999883e-03	-7.824434300000000439e-03
7.403930750000000000e+09	6.115980499999999764e-03	-7.927411400000000663e-03
7.403932875000000000e+09	5.984771800000000114e-03	-8.189330700000000546e-03
7.403935000000000000e+09	6.107847900000000323e-03	-8.221949600000000302e-03
7.403937125000000000e+09	6.052148099999999850e-03	-8.275415899999999381e-03
7.403939250000000000e+09	5.965667200000000087e-03	-8.190210399999999988e-03
7.403941375000000000e+09	5.796456499999999915e-03	-8.205150300000000133e-03
7.403943500000000000e+09	5.799857999999999750e-03	-8.035733800000000038e-03
7.403945625000000000e+09	5.725430000000000103e-03	-8.116523400000000624e-03
7.403947750000000000e+09	5.681131600000000059e-03	-8.212920400000000426e-03
7.403949875000000000e+09	6.053668899999999770e-03	-8.405995499999999176e-03
7.403952000000000000e+09	6.088701099999999783e-03	-7.915867899999999915e-03
7.403954125000000000e+09	6.017197299999999839e-03	-8.014534999999999715e-03
7.403956250000000000e+09	5.764045399999999895e-03	-8.288870099999999866e-03
7.403958375000000000e+09	6.073699200000000180e-03	-8.169872700000000570e-03
7.403960500000000000e+09	5.806174800000000157e-03	-8.370276799999999684e-03
7.403962625000000000e+09	5.561618100000000411e-03	-8.491596400000000697e-03
7.403964750000000000e+09	5.942748000000000301e-03	-8.638270400000000113e-03
7.403966875000000000e+09	5.845771500000000211e-03	-8.233207500000000803e-03
7.403969000000000000e+09	5.702450900000000274e-03	-8.126709500000000794e-03
7.403971125000000000e+09	5.589351499999999952e-03	-8.536359099999999908e-03
7.403973250000000000e+09	5.963287400000000411e-03	-8.021113800000000127e-03
7.403975375000000000e+09	5.796904000000000293e-03	-8.080544199999999469e-03
7.403977500000000000e+09	5.671190399999999701e-03	-8.122184299999999843e-03
7.403979625000000000e+09	5.765813600000000046e-03	-8.373648500000000633e-03
7.403981750000000000e+09	6.018838999999999786e-03	-8.349701699999999976e-03
7.403983875000000000e+09	5.683809800000000009e-03	-8.384836300000000214e-03
7.403986000000000000e+09	5.817039900000000284e-03	-8.189051600000000347e-03
7.403988125000000000e+09	5.608946200000000139e-03	-8.157637000000000568e-03
7.403990250000000000e+09	5.480554399999999597e-03	-8.468906300000000539e-03
7.403992375000000000e+09	5.810376199999999977e-03	-8.676382700000000517e-03
7.403994500000000000e+09	5.733602699999999774e-03	-8.218420100000000186e-03
7.403996625000000000e+09	5.962427000000000178e-03	-8.400577100000000685e-03
7.403998750000000000e+09	5.631909899999999920e-03	-8.204909700000000486e-03
7.404000875000000000e+09	5.661294499999999612e-03	-8.200820899999999164e-03
7.404003000000000000e+09	5.660823599999999928e-03	-8.430292000000000688e-03
7.404005125000000000e+09	5.692835799999999662e-03	-8.424584299999999387e-03
7.404007250000000000e+09	5.568197999999999898e-03	-8.108882300000000085e-03
7.404009375000000000e+09	5.532531000000000254e-03	-8.264108799999999450e-03
7.404011500000000000e+09	5.673229200000000187e-03	-8.236980399999999786e-03
7.404013625000000000e+09	5.594167199999999784e-03	-8.802378399999999728e-03
7.404015750000000000e+09	5.680766999999999761e-03	-8.570716299999999593e-03
7.404017875000000000e+09	5.743873899999999907e-03	-8.113871400000000067e-03
7.404020000000000000e+09	5.695682300000000191e-03	-8.533505400000000393e-03
7.404022125000000000e+09	5.621847999999999602e-03	-8.366031300000000004e-03
7.404024250000000000e+09	5.581659899999999973e-03	-8.322983399999999213e-03
7.404026375000000000e+09	5.979441200000000338e-03	-8.261256499999999545e-03
7.404028500000000000e+09	5.794509599999999976e-03	-8.405377699999999272e-03
7.404030625000000000e+09	5.267868600000000408e-03	-8.114409200000000447e-03
7.404032750000000000e+09	5.867730500000000425e-03	-8.446133200000000701e-03
7.404034875000000000e+09	5.559373400000000402e-03	-8.450631099999999715e-03
7.404037000000000000e+09	5.206564500000000068e-03	-8.304628399999999799e-03
7.404039125000000000e+09	5.513904499999999764e-03	-8.040271599999999214e-03
7.404041250000000000e+09	5.324162900000000212e-03	-8.663070499999999882e-03
7.404043375000000000e+09	5.773995999999999990e-03	-8.786073000000000147e-03
7.404045500000000000e+09	5.514464600000000376e-03	-8.399293000000000384e-03
7.404047625000000000e+09	5.479214500000000217e-03	-8.652408599999999658e-03
7.404049750000000000e+09	5.614955599999999804e-03	-8.311199099999999618e-03
7.404051875000000000e+09	5.434202100000000424e-03	-8.514280200000000007e-03
7.404054000000000000e+09	5.260238199999999614e-03	-8.250807900000000500e-03
7.404056125000000000e+09	5.501832100000000371e-03	-8.799997099999999975e-03
7.404058250000000000e+09	5.666597500000000384e-03	-8.708012399999999487e-03
7.404060375000000000e+09	5.580147599999999916e-03	-8.246327499999999214e-03
7.404062500000000000e+09	5.538958200000000144e-03	-8.270683900000000768e-03
7.404064625000000000e+09	5.362848100000000388e-03	-8.307754900000000400e-03
7.404066750000000000e+09	5.465706199999999931e-03	-8.181082100000000579e-03
7.404068875000000000e+09	5.102604299999999836e-03	-8.518600499999999173e-03
7.404071000000000000e+09	5.397649200000000091e-03	-8.608487800000000009e-03
7.404073125000000000e+09	5.087183000000000330e-03	-8.653803200000000778e-03
7.404075250000000000e+09	5.165772499999999635e-03	-8.638738300000000508e-03
7.404077375000000000e+09	5.174182499999999997e-03	-8.292054000000000091e-03
7.404079500000000000e+09	5.265498500000000137e-03	-8.672712900000000696e-03
7.404081625000000000e+09	5.409176100000000383e-03	-8.425965199999999738e-03
7.404083750000000000e+09	5.126690199999999788e-03	-8.463591200000000411e-03
7.404085875000000000e+09	5.374241099999999688e-03	-8.261597100000000332e-03
7.404088000000000000e+09	5.063131600000000433e-03	-8.610835900000000584e-03
7.404090125000000000e+09	5.160138100000000345e-03	-8.569837500000000025e-03
7.404092250000000000e+09	5.129603100000000408e-03	-8.768127500000000296e-03
7.404094375000000000e+09	5.369219800000000001e-03	-8.251245100000000401e-03
7.404096500000000000e+09	5.337596400000000144e-03	-8.449256900000000348e-03
7.404098625000000000e+09	5.202418399999999589e-03	-8.753262100000000837e-03
7.404100750000000000e+09	4.971370699999999934e-03	-8.407640500000000683e-03
7.404102875000000000e+09	5.516440200000000127e-03	-8.427134500000000791e-03
7.404105000000000000e+09	5.139275300000000109e-03	-8.923184100000000271e-03
7.404107125000000000e+09	5.445127699999999932e-03	-8.318031300000000572e-03
7.404109250000000000e+09	5.391971700000000416e-03	-8.703021499999999758e-03
7.404111375000000000e+09	5.202066800000000255e-03	-8.689295899999999531e-03
7.404113500000000000e+09	5.197363099999999583e-03	-8.421476500000000392e-03
7.404115625000000000e+09	5.455053999999999979e-03	-8.469310600000000064e-03
7.404117750000000000e+09	5.203363400000000048e-03	-8.712417899999999951e-03
7.404119875000000000e+09	5.158088100000000377e-03	-8.293737500000000415e-03
7.404122000000000000e+09	5.314408399999999769e-03	-8.522419700000000500e-03
7.404124125000000000e+09	4.925625099999999916e-03	-8.695379300000000145e-03
7.404126250000000000e+09	5.175374499999999683e-03	-8.864120499999999375e-03
7.404128375000000000e+09	4.922628099999999673e-03	-8.613711399999999727e-03
7.404130500000000000e+09	4.957899699999999792e-03	-8.708083599999999480e-03
7.404132625000000000e+09	5.315490200000000040e-03	-8.417344400000000351e-03
7.404134750000000000e+09	5.141820899999999944e-03	-8.628878200000000484e-03
7.404136875000000000e+09	4.807515099999999653e-03	-8.870437800000000386e-03
7.404139000000000000e+09	4.863004199999999833e-03	-8.349715199999999810e-03
7.404141125000000000e+09	4.900840600000000262e-03	-8.573377800000000354e-03
7.404143250000000000e+09	5.159039699999999617e-03	-8.665022899999999528e-03
7.404145375000000000e+09	5.103289999999999910e-03	-8.637129000000000334e-03
7.404147500000000000e+09	5.314815399999999780e-03	-8.942021300000000186e-03
7.404149625000000000e+09	5.089891099999999634e-03	-9.055703499999999753e-03
7.404151750000000000e+09	5.159582700000000036e-03	-8.911408299999999671e-03
7.404153875000000000e+09	5.040341500000000002e-03	-8.703501900000000513e-03
7.404156000000000000e+09	4.903864600000000171e-03	-8.761217499999999700e-03
7.404158125000000000e+09	4.893571799999999611e-03	-8.739036800000000646e-03
7.404160250000000000e+09	5.149770199999999763e-03	-9.083481799999999426e-03
7.404162375000000000e+09	4.829839199999999902e-03	-8.578718900000000674e-03
7.404164500000000000e+09	5.124255200000000371e-03	-8.653769999999999865e-03
7.404166625000000000e+09	4.871051599999999711e-03	-8.873950400000000377e-03
7.404168750000000000e+09	4.860726200000000177e-03	-8.551073500000000785e-03
7.404170875000000000e+09	4.899217800000000254e-03	-8.866826600000000599e-03
7.404173000000000000e+09	4.717082099999999646e-03	-8.735391699999999274e-03
7.404175125000000000e+09	4.556224600000000416e-03	-8.876577400000000215e-03
7.404177250000000000e+09	5.038005699999999719e-03	-8.626357399999999565e-03
7.404179375000000000e+09	4.838507199999999772e-03	-8.742292699999999403e-03
7.404181500000000000e+09	5.090152199999999766e-03	-8.776317400000000629e-03
7.404183625000000000e+09	4.989069500000000226e-03	-8.466268299999999553e-03
7.404185750000000000e+09	4.850276700000000392e-03	-8.507412100000000255e-03
7.404187875000000000e+09	4.679400700000000031e-03	-8.832719100000000628e-03
7.404190000000000000e+09	4.767301199999999899e-03	-8.591736699999999796e-03
7.404192125000000000e+09	4.708094000000000341e-03	-8.863933799999999461e-03
7.404194250000000000e+09	4.963570799999999887e-03	-8.722010100000000127e-03
7.404196375000000000e+09	4.908178000000000020e-03	-8.859716800000000392e-03
7.404198500000000000e+09	4.709069599999999960e-03	-8.817737100000000439e-03
7.404200625000000000e+09	4.997098000000000165e-03	-8.917767300000000591e-03
7.404202750000000000e+09	4.785237500000000081e-03	-8.586667699999999889e-03
7.404204875000000000e+09	4.767109999999999750e-03	-8.760053099999999884e-03
7.404207000000000000e+09	4.917771599999999806e-03	-9.204204699999999489e-03
7.404209125000000000e+09	4.650875399999999764e-03	-8.981140699999999241e-03
7.404211250000000000e+09	4.535215300000000095e-03	-8.455398100000000722e-03
7.404213375000000000e+09	4.822713200000000242e-03	-9.162668400000000685e-03
7.404215500000000000e+09	4.694140900000000165e-03	-8.717149299999999226e-03
7.404217625000000000e+09	4.530384000000000147e-03	-8.491036100000000017e-03
7.404219750000000000e+09	4.822566700000000157e-03	-8.770702899999999885e-03
7.404221875000000000e+09	4.364465700000000337e-03	-8.569260000000000418e-03
7.404224000000000000e+09	4.762065200000000290e-03	-9.018581700000000145e-03
7.404226125000000000e+09	4.587333100000000330e-03	-8.862972900000000084e-03
7.404228250000000000e+09	4.543689400000000198e-03	-8.651847500000000440e-03
7.404230375000000000e+09	4.479321999999999991e-03	-9.064771299999999782e-03
7.404232500000000000e+09	4.636685699999999570e-03	-8.704318000000000818e-03
7.404234625000000000e+09	4.173840800000000115e-03	-8.696831000000000353e-03
7.404236750000000000e+09	4.827583400000000011e-03	-9.137585800000000424e-03
7.404238875000000000e+09	4.289300700000000036e-03	-8.568522599999999628e-03
7.404241000000000000e+09	4.360772399999999875e-03	-8.847739900000000171e-03
7.404243125000000000e+09	4.618752599999999611e-03	-8.820343899999999460e-03
7.404245250000000000e+09	4.751162300000000283e-03	-8.706673599999999180e-03
7.404247375000000000e+09	4.517476399999999573e-03	-9.016606700000000599e-03
7.404249500000000000e+09	4.816380599999999651e-03	-8.772969400000000390e-03
7.404251625000000000e+09	4.450086600000000003e-03	-8.907074799999999473e-03
7.404253750000000000e+09	4.912171100000000366e-03	-9.085052099999999312e-03
7.404255875000000000e+09	4.541949499999999723e-03	-9.145193500000000850e-03
7.404258000000000000e+09	4.518232799999999903e-03	-8.974508900000000705e-03
7.404260125000000000e+09	4.640248700000000268e-03	-8.846542699999999579e-03
7.404262250000000000e+09	4.509994100000000276e-03	-8.803539600000000187e-03
7.404264375000000000e+09	4.742832500000000381e-03	-8.529833000000000554e-03
7.404266500000000000e+09	4.501468899999999662e-03	-9.288770599999999350e-03
7.404268625000000000e+09	4.529980900000000164e-03	-8.933309000000000388e-03
7.404270750000000000e+09	4.716591499999999750e-03	-8.864159700000000600e-03
7.404272875000000000e+09	4.405256399999999892e-03	-8.660413000000000486e-03
7.404275000000000000e+09	4.365801600000000088e-03	-8.779887499999999845e-03
7.404277125000000000e+09	4.638685800000000303e-03	-8.578818199999999408e-03
7.404279250000000000e+09	4.839405300000000285e-03	-8.627059200000000358e-03
7.404281375000000000e+09	4.163232900000000090e-03	-8.916454100000000341e-03
7.404283500000000000e+09	4.819648900000000034e-03	-8.649114299999999950e-03
7.404285625000000000e+09	4.524745499999999893e-03	-9.069517100000000498e-03
7.404287750000000000e+09	4.365575699999999816e-03	-9.156573700000000121e-03
7.404289875000000000e+09	4.257504300000000165e-03	-9.067363999999999633e-03
7.404292000000000000e+09	4.140669300000000136e-03	-8.901065099999999272e-03
7.404294125000000000e+09	4.246168199999999886e-03	-9.147671099999999181e-03
7.404296250000000000e+09	4.257582000000000207e-03	-8.887315599999999136e-03
7.404298375000000000e+09	4.074030499999999923e-03	-8.962886899999999643e-03
7.404300500000000000e+09	4.404249100000000305e-03	-8.994807100000000097e-03
7.404302625000000000e+09	4.055368799999999573e-03	-9.067548400000000064e-03
7.404304750000000000e+09	4.425803199999999923e-03	-8.800346400000000693e-03
7.404306875000000000e+09	4.364311899999999932e-03	-8.865507400000000038e-03
7.404309000000000000e+09	4.581046299999999745e-03	-8.934754799999999886e-03
7.404311125000000000e+09	4.527000100000000242e-03	-8.880674899999999733e-03
7.404313250000000000e+09	4.214940099999999953e-03	-8.978164099999999884e-03
7.404315375000000000e+09	4.348929399999999779e-03	-9.396059499999999745e-03
7.404317500000000000e+09	4.162625199999999727e-03	-9.141827499999999676e-03
7.404319625000000000e+09	4.160634399999999997e-03	-9.054184800000000116e-03
7.404321750000000000e+09	4.328345800000000208e-03	-8.799898000000000442e-03
7.404323875000000000e+09	4.364100999999999571e-03	-9.154941200000000709e-03
7.404326000000000000e+09	4.117387299999999799e-03	-9.390248800000000617e-03
7.404328125000000000e+09	3.922331799999999660e-03	-8.909082100000000060e-03
7.404330250000000000e+09	4.407310400000000357e-03	-9.184569099999999667e-03
7.404332375000000000e+09	4.019598099999999695e-03	-9.038940199999999717e-03
7.404334500000000000e+09	4.049751800000000145e-03	-8.795882799999999932e-03
7.404336625000000000e+09	4.388027299999999742e-03	-9.179317500000000810e-03
7.404338750000000000e+09	3.832716700000000139e-03	-9.271874200000000329e-03
7.404340875000000000e+09	3.868747699999999876e-03	-8.986386799999999259e-03
7.404343000000000000e+09	4.108539799999999867e-03	-8.688538900000000731e-03
7.404345125000000000e+09	3.986893200000000102e-03	-9.059117499999999948e-03
7.404347250000000000e+09	3.906639600000000150e-03	-8.897080999999999393e-03
7.404349375000000000e+09	3.998314000000000208e-03	-9.516232300000000005e-03
7.404351500000000000e+09	4.322226499999999930e-03	-9.007241399999999301e-03
7.404353625000000000e+09	4.376191800000000034e-03	-9.091210100000000210e-03
7.404355750000000000e+09	4.261121500000000263e-03	-9.149410900000000055e-03
7.404357875000000000e+09	3.988117299999999893e-03	-9.161161600000000335e-03
7.404360000000000000e+09	4.057284799999999816e-03	-8.928650300000000317e-03
7.404362125000000000e+09	4.298204400000000050e-03	-9.173330900000000246e-03
7.404364250000000000e+09	4.300443999999999621e-03	-9.127799799999999214e-03
7.404366375000000000e+09	3.962922300000000335e-03	-9.169325500000000476e-03
7.404368500000000000e+09	3.893694400000000198e-03	-8.776968600000000648e-03
7.404370625000000000e+09	4.060457800000000228e-03	-9.158794899999999489e-03
7.404372750000000000e+09	4.087344199999999768e-03	-9.229281900000000510e-03
7.404374875000000000e+09	4.116338800000000041e-03	-8.855357799999999738e-03
7.404377000000000000e+09	3.948988100000000098e-03	-9.337140799999999255e-03
7.404379125000000000e+09	4.092110099999999966e-03	-9.346369199999999405e-03
7.404381250000000000e+09	3.934038400000000081e-03	-9.325391900000000456e-03
7.404383375000000000e+09	3.708448999999999947e-03	-9.005027199999999718e-03
7.404385500000000000e+09	4.258956500000000110e-03	-9.053164100000000297e-03
7.404387625000000000e+09	4.033188600000000255e-03	-9.566786100000000334e-03
7.404389750000000000e+09	3.923173200000000353e-03	-9.364255599999999485e-03
7.404391875000000000e+09	3.701555300000000139e-03	-9.144832599999999645e-03
7.404394000000000000e+09	3.650225600000000202e-03	-9.301411600000000085e-03
7.404396125000000000e+09	4.258793599999999638e-03	-9.271818899999999253e-03
7.404398250000000000e+09	4.006343400000000020e-03	-9.147694499999999354e-03
7.404400375000000000e+09	3.851299500000000039e-03	-9.326321199999999464e-03
7.404402500000000000e+09	3.876237499999999996e-03	-9.322153899999999563e-03
7.404404625000000000e+09	3.791393300000000209e-03	-9.437162100000000275e-03
7.404406750000000000e+09	3.833520100000000017e-03	-9.264775799999999673e-03
7.404408875000000000e+09	3.663429699999999969e-03	-9.148098900000000214e-03
7.404411000000000000e+09	3.449074299999999992e-03	-9.146289800000000428e-03
7.404413125000000000e+09	3.823416300000000156e-03	-9.344017200000000536e-03
7.404415250000000000e+09	3.659220899999999794e-03	-9.613685699999999223e-03
7.404417375000000000e+09	3.894341999999999856e-03	-8.925424200000000446e-03
7.404419500000000000e+09	3.589030699999999803e-03	-9.083335099999999274e-03
7.404421625000000000e+09	3.341174599999999911e-03	-9.128774600000000294e-03
7.404423750000000000e+09	3.830286000000000021e-03	-9.197862200000000293e-03
7.404425875000000000e+09	3.657207699999999798e-03	-9.291521100000000102e-03
7.404428000000000000e+09	3.923843699999999581e-03	-8.938371100000000111e-03
7.404430125000000000e+09	3.676252999999999986e-03	-9.164530199999999793e-03
7.404432250000000000e+09	3.960547499999999763e-03	-9.233507700000000845e-03
7.404434375000000000e+09	3.768258300000000127e-03	-9.371232499999999910e-03
7.404436500000000000e+09	3.456827500000000161e-03	-8.996452300000000804e-03
7.404438625000000000e+09	3.921803899999999621e-03	-9.091268899999999445e-03
7.404440750000000000e+09	3.761372299999999908e-03	-9.450504199999999397e-03
7.404442875000000000e+09	3.627682599999999900e-03	-8.912280899999999728e-03
7.404445000000000000e+09	3.731290799999999793e-03	-9.123610100000000347e-03
7.404447125000000000e+09	3.676138099999999836e-03	-9.157492999999999189e-03
7.404449250000000000e+09	3.467565799999999983e-03	-9.119968900000000739e-03
7.404451375000000000e+09	3.721515900000000199e-03	-9.152666699999999211e-03
7.404453500000000000e+09	3.510976099999999888e-03	-9.050644000000000050e-03
7.404455625000000000e+09	3.574750199999999871e-03	-9.373717900000000033e-03
7.404457750000000000e+09	3.491060800000000096e-03	-9.206059399999999213e-03
7.404459875000000000e+09	3.599610100000000083e-03	-9.013166399999999676e-03
7.404462000000000000e+09	3.362916200000000150e-03	-9.343203300000000114e-03
7.404464125000000000e+09	3.440626599999999785e-03	-9.109699500000000352e-03
7.404466250000000000e+09	3.531645500000000094e-03	-9.310081700000000238e-03
7.404468375000000000e+09	3.629349000000000030e-03	-9.206343500000000249e-03
7.404470500000000000e+09	3.615155399999999807e-03	-9.468462000000000406e-03
7.404472625000000000e+09	3.515680900000000067e-03	-9.484295099999999826e-03
7.404474750000000000e+09	3.430163899999999835e-03	-9.006888600000000425e-03
7.404476875000000000e+09	3.439878600000000151e-03	-9.328474600000000866e-03
7.404479000000000000e+09	3.526113100000000024e-03	-9.064404099999999465e-03
7.404481125000000000e+09	3.202240500000000031e-03	-9.116892300000000240e-03
7.404483250000000000e+09	3.519735999999999872e-03	-9.094781200000000634e-03
7.404485375000000000e+09	3.671359099999999941e-03	-9.558418900000000690e-03
7.404487500000000000e+09	3.263272800000000060e-03	-9.072724299999999562e-03
7.404489625000000000e+09	3.421795999999999952e-03	-9.070099099999999470e-03
7.404491750000000000e+09	3.165364700000000177e-03	-9.205218700000000059e-03
7.404493875000000000e+09	3.573221499999999860e-03	-9.468561299999999140e-03
7.404496000000000000e+09	3.595020200000000055e-03	-9.178913400000000486e-03
7.404498125000000000e+09	3.083481700000000134e-03	-9.469893800000000333e-03
7.404500250000000000e+09	3.507130800000000069e-03	-9.299488800000000124e-03
7.404502375000000000e+09	3.696746600000000091e-03	-9.086019600000000071e-03
7.404504500000000000e+09	3.352511800000000132e-03	-9.239357099999999726e-03
7.404506625000000000e+09	3.690198699999999808e-03	-9.592645500000000075e-03
7.404508750000000000e+09	3.462795600000000053e-03	-9.140665399999999344e-03
7.404510875000000000e+09	3.281331199999999813e-03	-9.432587799999999495e-03
7.404513000000000000e+09	3.397277700000000001e-03	-9.139260300000000281e-03
7.404515125000000000e+09	3.599100500000000213e-03	-9.560614199999999466e-03
7.404517250000000000e+09	3.504846900000000137e-03	-9.040861299999999531e-03
7.404519375000000000e+09	3.493183999999999872e-03	-9.318795799999999782e-03
7.404521500000000000e+09	3.286297000000000090e-03	-9.678468200000000035e-03
7.404523625000000000e+09	3.308722200000000120e-03	-9.329468100000000083e-03
7.404525750000000000e+09	3.396874499999999984e-03	-9.372229399999999419e-03
7.404527875000000000e+09	3.022342300000000013e-03	-9.048171000000000685e-03
7.404530000000000000e+09	3.145783899999999959e-03	-9.214766600000000307e-03
7.404532125000000000e+09	3.096458600000000054e-03	-9.131137600000000312e-03
7.404534250000000000e+09	3.449291499999999899e-03	-9.223424699999999837e-03
7.404536375000000000e+09	3.216118799999999854e-03	-9.813051499999999455e-03
7.404538500000000000e+09	3.385189600000000024e-03	-9.626166199999999437e-03
7.404540625000000000e+09	3.414334099999999806e-03	-9.461161299999999719e-03
7.404542750000000000e+09	3.478641199999999833e-03	-9.140550299999999559e-03
7.404544875000000000e+09	3.261432800000000146e-03	-9.169224700000000797e-03
7.404547000000000000e+09	3.419521200000000087e-03	-8.960500300000000251e-03
7.404549125000000000e+09	3.280226099999999836e-03	-9.461001000000000133e-03
7.404551250000000000e+09	3.154545700000000157e-03	-9.088209899999999744e-03
7.404553375000000000e+09	3.195280899999999868e-03	-9.438564400000000118e-03
7.404555500000000000e+09	3.165484799999999932e-03	-9.291472099999999873e-03
7.404557625000000000e+09	3.000746900000000189e-03	-9.359064400000000408e-03
7.404559750000000000e+09	3.008350999999999820e-03	-9.183004300000000356e-03
7.404561875000000000e+09	3.275423999999999870e-03	-9.339321100000000722e-03
7.404564000000000000e+09	3.146767400000000103e-03	-9.339008899999999211e-03
7.404566125000000000e+09	3.407074700000000192e-03	-9.344765600000000741e-03
7.404568250000000000e+09	2.753265899999999839e-03	-9.318271100000000834e-03
7.404570375000000000e+09	3.305615699999999834e-03	-9.012756400000000376e-03
7.404572500000000000e+09	3.008194799999999898e-03	-9.021127099999999913e-03
7.404574625000000000e+09	3.008851800000000160e-03	-9.197544000000000206e-03
7.404576750000000000e+09	3.100417199999999911e-03	-9.658511300000000369e-03
7.404578875000000000e+09	3.300003699999999943e-03	-9.219663799999999743e-03
7.404581000000000000e+09	2.899443600000000017e-03	-9.569708899999999560e-03
7.404583125000000000e+09	2.972253499999999958e-03	-9.392203700000000682e-03
7.404585250000000000e+09	2.760839100000000209e-03	-9.358212799999999706e-03
7.404587375000000000e+09	3.190313599999999947e-03	-8.942811000000000163e-03
7.404589500000000000e+09	2.994863200000000020e-03	-9.123477499999999366e-03
7.404591625000000000e+09	3.142736799999999980e-03	-9.175368999999999192e-03
7.404593750000000000e+09	2.852151900000000125e-03	-8.981476299999999191e-03
7.404595875000000000e+09	2.725882199999999853e-03	-9.435583900000000732e-03
7.404598000000000000e+09	2.883925700000000095e-03	-9.404004400000000666e-03
7.404600125000000000e+09	2.967494399999999911e-03	-9.365075400000000619e-03
7.404602250000000000e+09	3.367865600000000039e-03	-9.475343699999999592e-03
7.404604375000000000e+09	2.987085300000000103e-03	-9.076019100000000742e-03
7.404606500000000000e+09	3.041331799999999821e-03	-9.363385700000000783e-03
7.404608625000000000e+09	3.217970200000000187e-03	-9.226132200000000672e-03
7.404610750000000000e+09	2.883900100000000039e-03	-9.500035800000000696e-03
7.404612875000000000e+09	3.125774100000000034e-03	-9.440340000000000190e-03
7.404615000000000000e+09	2.881162599999999817e-03	-9.305261000000000435e-03
7.404617125000000000e+09	2.748940999999999971e-03	-9.004672400000000160e-03
7.404619250000000000e+09	3.047455699999999934e-03	-9.504026900000000361e-03
7.404621375000000000e+09	2.867862399999999805e-03	-9.154091700000000290e-03
7.404623500000000000e+09	2.909456200000000003e-03	-9.440610699999999259e-03
7.404625625000000000e+09	2.579849600000000149e-03	-9.457930899999999683e-03
7.404627750000000000e+09	2.850956200000000045e-03	-9.431019800000000827e-03
7.404629875000000000e+09	3.024640099999999915e-03	-9.370642000000000207e-03
7.404632000000000000e+09	2.742728399999999969e-03	-9.702044199999999147e-03
7.404634125000000000e+09	2.892920700000000019e-03	-9.153989200000000465e-03
7.404636250000000000e+09	2.887531400000000175e-03	-9.410995899999999997e-03
7.404638375000000000e+09	2.818475300000000076e-03	-9.379945799999999181e-03
7.404640500000000000e+09	2.826994099999999809e-03	-9.652005999999999433e-03
7.404642625000000000e+09	3.006273099999999879e-03	-9.654418999999999154e-03
7.404644750000000000e+09	3.076898599999999991e-03	-9.719603800000000543e-03
7.404646875000000000e+09	2.829965800000000097e-03	-9.684010700000000513e-03
7.404649000000000000e+09	2.629642699999999982e-03	-9.659692100000000572e-03
7.404651125000000000e+09	2.629113299999999865e-03	-9.239381300000000172e-03
7.404653250000000000e+09	2.469179800000000004e-03	-9.631406099999999942e-03
7.404655375000000000e+09	3.189791500000000151e-03	-9.204594999999999444e-03
7.404657500000000000e+09	2.757747300000000165e-03	-9.053755000000000136e-03
7.404659625000000000e+09	2.750347199999999843e-03	-9.287862699999999833e-03
7.404661750000000000e+09	2.812169900000000087e-03	-9.699069499999999136e-03
7.404663875000000000e+09	2.744174099999999866e-03	-9.280621299999999851e-03
7.404666000000000000e+09	2.520075399999999795e-03	-9.525698500000000582e-03
7.404668125000000000e+09	2.568713399999999949e-03	-9.469244300000000461e-03
7.404670250000000000e+09	2.581730099999999997e-03	-9.283354400000000742e-03
7.404672375000000000e+09	3.168013700000000144e-03	-9.542209299999999950e-03
7.404674500000000000e+09	2.558393999999999859e-03	-9.584702100000000100e-03
7.404676625000000000e+09	2.872558400000000019e-03	-9.430151899999999338e-03
7.404678750000000000e+09	2.508093600000000072e-03	-9.638784500000000671e-03
7.404680875000000000e+09	2.426568699999999846e-03	-9.646744000000000499e-03
7.404683000000000000e+09	2.639606799999999909e-03	-9.588287900000000766e-03
7.404685125000000000e+09	2.576850700000000126e-03	-9.458656200000000250e-03
7.404687250000000000e+09	2.935916800000000059e-03	-9.449063699999999538e-03
7.404689375000000000e+09	2.602022399999999978e-03	-9.510508900000000723e-03
7.404691500000000000e+09	2.654172700000000020e-03	-9.184032099999999560e-03
7.404693625000000000e+09	2.833842799999999884e-03	-9.512657600000000088e-03
7.404695750000000000e+09	2.560454299999999871e-03	-8.999927300000000116e-03
7.404697875000000000e+09	2.688673700000000170e-03	-9.313509899999999203e-03
7.404700000000000000e+09	2.233232700000000164e-03	-9.595793999999999505e-03
7.404702125000000000e+09	3.013761299999999886e-03	-9.326289099999999360e-03
7.404704250000000000e+09	2.866523599999999932e-03	-9.277664799999999976e-03
7.404706375000000000e+09	2.624424000000000201e-03	-9.675637900000000693e-03
7.404708500000000000e+09	2.682748899999999864e-03	-9.326027500000000359e-03
7.404710625000000000e+09	2.625926900000000088e-03	-9.798443900000000303e-03
7.404712750000000000e+09	2.653587900000000093e-03	-9.605477799999999691e-03
7.404714875000000000e+09	2.522184299999999900e-03	-9.564079399999999773e-03
7.404717000000000000e+09	2.670805400000000190e-03	-9.286048800000000145e-03
7.404719125000000000e+09	2.609032900000000151e-03	-9.438153899999999347e-03
7.404721250000000000e+09	2.331956000000000046e-03	-9.596913000000000318e-03
7.404723375000000000e+09	2.520081300000000073e-03	-9.349907200000000251e-03
7.404725500000000000e+09	2.376703500000000146e-03	-9.527240200000000256e-03
7.404727625000000000e+09	2.521533500000000018e-03	-9.745693300000000253e-03
7.404729750000000000e+09	2.451907499999999868e-03	-9.185655200000000103e-03
7.404731875000000000e+09	2.416477700000000013e-03	-9.534555199999999314e-03
7.404734000000000000e+09	2.318493000000000030e-03	-9.253219899999999901e-03
7.404736125000000000e+09	2.498737999999999914e-03	-9.559651400000000743e-03
7.404738250000000000e+09	2.351051800000000108e-03	-1.009453259999999915e-02
7.404740375000000000e+09	2.394734199999999993e-03	-9.498869000000000062e-03
7.404742500000000000e+09	2.603974700000000024e-03	-1.010650299999999932e-02
7.404744625000000000e+09	2.425093200000000195e-03	-9.341641799999999760e-03
7.404746750000000000e+09	2.496879899999999899e-03	-9.375645099999999760e-03
7.404748875000000000e+09	2.664904499999999794e-03	-9.484244200000000249e-03
7.404751000000000000e+09	2.406132300000000165e-03	-9.787004900000000063e-03
7.404753125000000000e+09	2.432979999999999952e-03	-9.825578999999999216e-03
7.404755250000000000e+09	2.484681500000000039e-03	-9.715305299999999269e-03
7.404757375000000000e+09	2.386057699999999827e-03	-9.547591700000000042e-03
7.404759500000000000e+09	2.208060700000000209e-03	-9.567081700000000521e-03
7.404761625000000000e+09	2.575815999999999870e-03	-9.608704100000000498e-03
7.404763750000000000e+09	2.446287899999999987e-03	-9.503187800000000018e-03
7.404765875000000000e+09	2.582250500000000080e-03	-9.133542799999999975e-03
7.404768000000000000e+09	2.524947899999999915e-03	-9.498678099999999583e-03
7.404770125000000000e+09	2.620999699999999964e-03	-9.258337099999999764e-03
7.404772250000000000e+09	2.426081300000000173e-03	-9.620449499999999404e-03
7.404774375000000000e+09	2.457620000000000204e-03	-9.329816499999999194e-03
7.404776500000000000e+09	2.678858100000000141e-03	-9.274145500000000736e-03
7.404778625000000000e+09	2.362413800000000112e-03	-9.445881300000000258e-03
7.404780750000000000e+09	2.607067900000000112e-03	-9.472618199999999558e-03
7.404782875000000000e+09	2.341996099999999869e-03	-9.564556499999999836e-03
7.404785000000000000e+09	2.428115800000000060e-03	-9.568075100000000138e-03
7.404787125000000000e+09	2.226663700000000058e-03	-9.371301800000000556e-03
7.404789250000000000e+09	2.504688200000000208e-03	-9.535346599999999437e-03
7.404791375000000000e+09	2.255518199999999827e-03	-9.592955300000000768e-03
7.404793500000000000e+09	2.247622400000000038e-03	-9.584552200000000591e-03
7.404795625000000000e+09	2.381875099999999912e-03	-9.616130999999999984e-03
7.404797750000000000e+09	2.527100200000000074e-03	-9.543168600000000515e-03
7.404799875000000000e+09	2.226738800000000081e-03	-9.639836500000000322e-03
7.404802000000000000e+09	2.298927599999999859e-03	-9.504845899999999487e-03
7.404804125000000000e+09	2.399579499999999945e-03	-9.516893499999999964e-03
7.404806250000000000e+09	2.594100499999999962e-03	-9.346642599999999829e-03
7.404808375000000000e+09	2.324087299999999957e-03	-9.828578699999999946e-03
7.404810500000000000e+09	2.330030099999999896e-03	-9.554471499999999881e-03
7.404812625000000000e+09	2.200010200000000141e-03	-9.385106199999999899e-03
7.404814750000000000e+09	2.407149899999999794e-03	-9.483418500000000140e-03
7.404816875000000000e+09	2.025360700000000160e-03	-9.557450599999999657e-03
7.404819000000000000e+09	2.224549000000000144e-03	-9.548395100000000787e-03
7.404821125000000000e+09	1.857899500000000049e-03	-9.539891999999999470e-03
7.404823250000000000e+09	1.753134099999999976e-03	-9.459852600000000569e-03
7.404825375000000000e+09	2.549656700000000210e-03	-9.643979900000000313e-03
7.404827500000000000e+09	2.546817299999999933e-03	-9.373658899999999863e-03
7.404829625000000000e+09	2.160379899999999905e-03	-9.360970399999999844e-03
7.404831750000000000e+09	2.210558100000000088e-03	-9.666535299999999206e-03
7.404833875000000000e+09	1.730124800000000041e-03	-9.659018599999999455e-03
7.404836000000000000e+09	2.234405499999999808e-03	-9.759682000000000426e-03
7.404838125000000000e+09	2.253411299999999971e-03	-9.565188100000000110e-03
7.404840250000000000e+09	1.939813000000000084e-03	-9.544620400000000324e-03
7.404842375000000000e+09	2.368700200000000127e-03	-9.553510100000000768e-03
7.404844500000000000e+09	2.198836500000000190e-03	-9.567752800000000821e-03
7.404846625000000000e+09	1.963568299999999840e-03	-9.559531399999999721e-03
7.404848750000000000e+09	2.036134000000000208e-03	-9.446240700000000517e-03
7.404850875000000000e+09	2.132579900000000205e-03	-9.563879100000000424e-03
7.404853000000000000e+09	2.140468400000000108e-03	-9.602267499999999137e-03
7.404855125000000000e+09	2.100164600000000055e-03	-9.924750099999999145e-03
7.404857250000000000e+09	2.085336100000000168e-03	-9.563774299999999381e-03
7.404859375000000000e+09	2.127207099999999917e-03	-9.224799500000000277e-03
7.404861500000000000e+09	2.163474700000000105e-03	-9.878388899999999972e-03
7.404863625000000000e+09	2.201713000000000107e-03	-9.572214399999999165e-03
7.404865750000000000e+09	2.297384700000000210e-03	-9.709429000000000323e-03
7.404867875000000000e+09	1.980445099999999983e-03	-9.522581999999999922e-03
7.404870000000000000e+09	2.257216199999999891e-03	-9.646599599999999830e-03
7.404872125000000000e+09	2.028313999999999812e-03	-9.619401799999999919e-03
7.404874250000000000e+09	2.056363299999999956e-03	-9.380973399999999185e-03
7.404876375000000000e+09	1.679068400000000060e-03	-9.565260100000000376e-03
7.404878500000000000e+09	2.075007299999999909e-03	-9.353395999999999932e-03
7.404880625000000000e+09	2.001456400000000118e-03	-9.472586599999999191e-03
7.404882750000000000e+09	1.642853099999999926e-03	-9.728621899999999670e-03
7.404884875000000000e+09	1.893886100000000041e-03	-9.630404000000000395e-03
7.404887000000000000e+09	2.096469799999999949e-03	-9.416876399999999508e-03
7.404889125000000000e+09	1.906712799999999916e-03	-9.886113599999999529e-03
7.404891250000000000e+09	1.954813499999999860e-03	-9.629839200000000349e-03
7.404893375000000000e+09	2.042191100000000092e-03	-9.463924400000000431e-03
7.404895500000000000e+09	2.029741600000000042e-03	-9.435825099999999716e-03
7.404897625000000000e+09	1.945081200000000048e-03	-9.765381999999999535e-03
7.404899750000000000e+09	1.841401899999999979e-03	-9.559146299999999805e-03
7.404901875000000000e+09	1.712446100000000098e-03	-9.967015799999999481e-03
7.404904000000000000e+09	1.972132799999999977e-03	-9.457174800000000756e-03
7.404906125000000000e+09	1.740840200000000077e-03	-9.778203699999999873e-03
7.404908250000000000e+09	1.726424299999999943e-03	-9.717366099999999451e-03
7.404910375000000000e+09	1.889566899999999949e-03	-9.532157200000000372e-03
7.404912500000000000e+09	1.780655799999999967e-03	-9.431193299999999710e-03
7.404914625000000000e+09	1.716075500000000019e-03	-9.763614400000000457e-03
7.404916750000000000e+09	1.921894800000000002e-03	-9.386893300000000856e-03
7.404918875000000000e+09	1.905794300000000037e-03	-9.850140999999999758e-03
7.404921000000000000e+09	1.743011399999999959e-03	-9.480511100000000094e-03
7.404923125000000000e+09	1.843410699999999992e-03	-9.322823200000000116e-03
7.404925250000000000e+09	1.837830799999999988e-03	-9.564840499999999537e-03
7.404927375000000000e+09	1.892872600000000075e-03	-9.508959200000000056e-03
7.404929500000000000e+09	2.093299299999999957e-03	-9.786488600000000510e-03
7.404931625000000000e+09	1.554819600000000024e-03	-9.737302099999999364e-03
7.404933750000000000e+09	1.888549000000000000e-03	-9.526725899999999650e-03
7.404935875000000000e+09	1.649669799999999931e-03	-9.768274800000000674e-03
7.404938000000000000e+09	1.802359599999999893e-03	-9.294874200000000780e-03
7.404940125000000000e+09	1.849109800000000095e-03	-9.910715000000000496e-03
7.404942250000000000e+09	1.772021900000000016e-03	-9.793160400000000543e-03
7.404944375000000000e+09	1.974048300000000051e-03	-9.846700200000000833e-03
7.404946500000000000e+09	1.742590999999999932e-03	-9.711681499999999523e-03
7.404948625000000000e+09	2.145178399999999892e-03	-9.474795200000000334e-03
7.404950750000000000e+09	1.761191799999999898e-03	-9.794057099999999710e-03
7.404952875000000000e+09	1.688504300000000062e-03	-9.642703299999999533e-03
7.404955000000000000e+09	1.613949300000000042e-03	-9.690695399999999307e-03
7.404957125000000000e+09	1.867750199999999904e-03	-9.484298999999999855e-03
7.404959250000000000e+09	1.860039300000000066e-03	-9.463866399999999734e-03
7.404961375000000000e+09	1.618230800000000072e-03	-9.686562900000000864e-03
7.404963500000000000e+09	1.412882399999999990e-03	-9.421669900000000444e-03
7.404965625000000000e+09	1.348653700000000026e-03	-1.014860629999999979e-02
7.404967750000000000e+09	1.681829199999999988e-03	-9.681722199999999445e-03
7.404969875000000000e+09	1.550774700000000011e-03	-9.434977900000000514e-03
7.404972000000000000e+09	1.411212100000000047e-03	-9.628374400000000444e-03
7.404974125000000000e+09	1.668337999999999896e-03	-1.002699840000000064e-02
7.404976250000000000e+09	1.582417999999999932e-03	-9.482156599999999602e-03
7.404978375000000000e+09	1.551808299999999892e-03	-9.740570199999999679e-03
7.404980500000000000e+09	1.636765099999999912e-03	-9.364416199999999607e-03
7.404982625000000000e+09	1.709785699999999929e-03	-9.585381699999999394e-03
7.404984750000000000e+09	1.753320899999999925e-03	-9.873351400000000833e-03
7.404986875000000000e+09	1.416072900000000081e-03	-9.499731900000000714e-03
7.404989000000000000e+09	1.905028499999999970e-03	-9.732472199999999893e-03
7.404991125000000000e+09	1.524182599999999999e-03	-9.608603800000000555e-03
7.404993250000000000e+09	1.537963000000000047e-03	-9.633051999999999587e-03
7.404995375000000000e+09	1.514483799999999901e-03	-9.641352100000000203e-03
7.404997500000000000e+09	1.356399000000000103e-03	-9.494941800000000071e-03
7.404999625000000000e+09	1.309471800000000042e-03	-9.476876299999999198e-03
7.405001750000000000e+09	1.472545800000000073e-03	-9.261906400000000442e-03
7.405003875000000000e+09	1.257128699999999957e-03	-9.703991599999999690e-03
7.405006000000000000e+09	1.347850600000000034e-03	-9.717569299999999355e-03
7.405008125000000000e+09	1.774808500000000068e-03	-9.840550800000000264e-03
7.405010250000000000e+09	1.362873899999999996e-03	-9.562350199999999911e-03
7.405012375000000000e+09	1.442984899999999893e-03	-9.578777899999999998e-03
7.405014500000000000e+09	1.569451099999999953e-03	-9.736696600000000618e-03
7.405016625000000000e+09	1.222957800000000050e-03	-9.641431100000000254e-03
7.405018750000000000e+09	1.580407200000000104e-03	-9.427624000000000767e-03
7.405020875000000000e+09	1.583663599999999899e-03	-9.559056099999999404e-03
7.405023000000000000e+09	1.620927000000000088e-03	-9.568496600000000324e-03
7.405025125000000000e+09	1.388407300000000025e-03	-9.977289599999999634e-03
7.405027250000000000e+09	1.585088300000000007e-03	-9.597886800000000190e-03
7.405029375000000000e+09	1.491745199999999901e-03	-9.683271400000000376e-03
7.405031500000000000e+09	1.292459599999999913e-03	-9.346246100000000362e-03
7.405033625000000000e+09	1.470650200000000064e-03	-9.787981899999999291e-03
7.405035750000000000e+09	1.376820699999999975e-03	-9.765768100000000659e-03
7.405037875000000000e+09	1.170567499999999915e-03	-9.461507500000000681e-03
7.405040000000000000e+09	1.388412899999999983e-03	-9.544653499999999902e-03
7.405042125000000000e+09	1.489888499999999930e-03	-9.588769900000000332e-03
7.405044250000000000e+09	1.262610400000000084e-03	-9.520235000000000156e-03
7.405046375000000000e+09	1.144839500000000097e-03	-9.799214599999999872e-03
7.405048500000000000e+09	1.480181600000000106e-03	-9.789669200000000043e-03
7.405050625000000000e+09	1.324211199999999903e-03	-9.705452499999999566e-03
7.405052750000000000e+09	1.314570099999999965e-03	-9.703198899999999558e-03
7.405054875000000000e+09	1.467407999999999907e-03	-9.686111699999999658e-03
7.405057000000000000e+09	1.500549199999999962e-03	-9.775514600000000109e-03
7.405059125000000000e+09	1.442660400000000042e-03	-9.533846000000000334e-03
7.405061250000000000e+09	1.279615300000000108e-03	-9.444153900000000143e-03
7.405063375000000000e+09	1.367394299999999960e-03	-9.884930300000000641e-03
7.405065500000000000e+09	1.199941799999999998e-03	-1.000271909999999979e-02
7.405067625000000000e+09	1.347377299999999965e-03	-9.883961700000000808e-03
7.405069750000000000e+09	1.419378100000000037e-03	-9.451398800000000017e-03
7.405071875000000000e+09	9.744693999999999709e-04	-9.709291499999999839e-03
7.405074000000000000e+09	1.298703200000000078e-03	-9.660417600000000340e-03
7.405076125000000000e+09	1.324357099999999999e-03	-9.316922599999999388e-03
7.405078250000000000e+09	1.321206699999999921e-03	-9.665219699999999872e-03
7.405080375000000000e+09	1.398072499999999940e-03	-9.581030500000000533e-03
7.405082500000000000e+09	1.218394600000000019e-03	-9.878826800000000546e-03
7.405084625000000000e+09	9.443197000000000179e-04	-9.479414800000000516e-03
7.405086750000000000e+09	6.798299999999999742e-04	-9.349440800000000801e-03
7.405088875000000000e+09	1.202732599999999964e-03	-9.584447700000000084e-03
7.405091000000000000e+09	1.025408300000000108e-03	-9.671102100000000465e-03
7.405093125000000000e+09	1.299993499999999892e-03	-9.898514100000000218e-03
7.405095250000000000e+09	1.046049000000000067e-03	-9.381063400000000385e-03
7.405097375000000000e+09	1.134039000000000097e-03	-9.621235100000000151e-03
7.405099500000000000e+09	9.112970000000000402e-04	-9.544367999999999255e-03
7.405101625000000000e+09	9.039318000000000179e-04	-9.619921000000000028e-03
7.405103750000000000e+09	9.847023999999999794e-04	-9.530739400000000014e-03
7.405105875000000000e+09	8.121626000000000496e-04	-9.413541399999999365e-03
7.405108000000000000e+09	9.617920999999999762e-04	-9.783168199999999273e-03
7.405110125000000000e+09	9.765534000000000410e-04	-9.649021799999999219e-03
7.405112250000000000e+09	1.006850400000000026e-03	-9.556943199999999236e-03
7.405114375000000000e+09	8.970115000000000293e-04	-9.697552899999999781e-03
7.405116500000000000e+09	1.107252300000000078e-03	-9.773149300000000608e-03
7.405118625000000000e+09	1.117913400000000029e-03	-9.758070400000000769e-03
7.405120750000000000e+09	8.794060000000000028e-04	-9.609725300000000053e-03
7.405122875000000000e+09	8.885756000000000513e-04	-9.601800400000000749e-03
7.405125000000000000e+09	7.944083999999999477e-04	-9.726141000000000647e-03
7.405127125000000000e+09	8.725970999999999467e-04	-9.567494600000000377e-03
7.405129250000000000e+09	1.134634299999999919e-03	-9.460440800000000788e-03
7.405131375000000000e+09	1.033054199999999898e-03	-9.587114600000000084e-03
7.405133500000000000e+09	1.105380999999999898e-03	-9.816626800000000444e-03
7.405135625000000000e+09	8.419143000000000243e-04	-9.724927799999999803e-03
7.405137750000000000e+09	8.873582000000000518e-04	-9.739330900000000776e-03
7.405139875000000000e+09	1.007467800000000011e-03	-1.008576209999999945e-02
7.405142000000000000e+09	7.186383999999999871e-04	-9.598675299999999758e-03
7.405144125000000000e+09	1.093202300000000035e-03	-9.606538799999999809e-03
7.405146250000000000e+09	9.050485999999999731e-04	-9.888918899999999887e-03
7.405148375000000000e+09	9.415194999999999901e-04	-9.518275200000000588e-03
7.405150500000000000e+09	1.236238599999999951e-03	-9.696394900000000414e-03
7.405152625000000000e+09	9.808843999999999289e-04	-9.722964199999999807e-03
7.405154750000000000e+09	1.108044999999999993e-03	-9.416305099999999415e-03
7.405156875000000000e+09	8.464998999999999961e-04	-9.506933500000000134e-03
7.405159000000000000e+09	9.954315999999999512e-04	-9.487669500000000394e-03
7.405161125000000000e+09	8.853332000000000432e-04	-9.424946099999999619e-03
7.405163250000000000e+09	9.067819999999999657e-04	-9.589868499999999393e-03
7.405165375000000000e+09	8.194711000000000356e-04	-9.895705299999999968e-03
7.405167500000000000e+09	1.235953199999999990e-03	-9.418536899999999795e-03
7.405169625000000000e+09	8.825868000000000385e-04	-9.876975300000000180e-03
7.405171750000000000e+09	7.268385000000000037e-04	-9.901484199999999528e-03
7.405173875000000000e+09	6.357351999999999708e-04	-9.609966500000000772e-03
7.405176000000000000e+09	6.214556000000000203e-04	-9.651162099999999189e-03
7.405178125000000000e+09	6.227891000000000373e-04	-9.479538399999999296e-03
7.405180250000000000e+09	7.222142999999999879e-04	-9.754221500000000156e-03
7.405182375000000000e+09	9.340976000000000400e-04	-9.193461099999999595e-03
7.405184500000000000e+09	6.944727999999999622e-04	-9.710172700000000226e-03
7.405186625000000000e+09	5.973951999999999821e-04	-9.631574400000000521e-03
7.405188750000000000e+09	6.663004000000000149e-04	-9.506888099999999397e-03
7.405190875000000000e+09	7.246398999999999939e-04	-9.709566600000000408e-03
7.405193000000000000e+09	9.332932000000000380e-04	-9.525592700000000065e-03
7.405195125000000000e+09	8.428558000000000491e-04	-9.593977999999999534e-03
7.405197250000000000e+09	7.614495999999999678e-04	-9.358319099999999960e-03
7.405199375000000000e+09	8.144559999999999690e-04	-9.726422199999999393e-03
7.405201500000000000e+09	7.792158000000000417e-04	-9.815323900000000670e-03
7.405203625000000000e+09	9.400921000000000451e-04	-9.657767200000000329e-03
7.405205750000000000e+09	9.595148000000000175e-04	-9.374722099999999864e-03
7.405207875000000000e+09	5.793051999999999707e-04	-9.780671399999999599e-03
7.405210000000000000e+09	3.593957000000000054e-04	-9.567270600000000319e-03
7.405212125000000000e+09	5.904401999999999784e-04	-9.822481399999999363e-03
7.405214250000000000e+09	8.225034999999999898e-04	-9.627016199999999593e-03
7.405216375000000000e+09	1.044774500000000004e-03	-9.496351999999999571e-03
7.405218500000000000e+09	7.552992000000000343e-04	-9.525553200000000040e-03
7.405220625000000000e+09	3.096363000000000088e-04	-9.638722900000000482e-03
7.405222750000000000e+09	8.849918999999999928e-04	-9.861838200000000443e-03
7.405224875000000000e+09	6.131447999999999846e-04	-9.380420000000000424e-03
7.405227000000000000e+09	6.252631999999999938e-04	-9.454407099999999342e-03
7.405229125000000000e+09	3.168552000000000152e-04	-9.756291900000000142e-03
7.405231250000000000e+09	6.242338999999999527e-04	-9.550194999999999171e-03
7.405233375000000000e+09	5.686096999999999983e-04	-9.654975600000000741e-03
7.405235500000000000e+09	7.383882000000000466e-04	-9.740813299999999744e-03
7.405237625000000000e+09	8.039930999999999510e-04	-9.782959000000000793e-03
7.405239750000000000e+09	9.223106999999999920e-04	-9.498552199999999585e-03
7.405241875000000000e+09	5.657627999999999832e-04	-9.748823999999999684e-03
7.405244000000000000e+09	7.600757000000000520e-04	-9.370951900000000501e-03
7.405246125000000000e+09	7.911053999999999829e-04	-9.781424199999999569e-03
7.405248250000000000e+09	6.508481999999999462e-04	-9.679458300000000695e-03
7.405250375000000000e+09	5.696610999999999862e-04	-9.693617499999999595e-03
7.405252500000000000e+09	4.573779000000000039e-04	-9.530056599999999628e-03
7.405254625000000000e+09	4.018145000000000202e-04	-9.514691299999999269e-03
7.405256750000000000e+09	6.469798999999999819e-04	-9.538505399999999343e-03
7.405258875000000000e+09	9.075942000000000254e-04	-9.437677599999999556e-03
7.405261000000000000e+09	6.124560999999999721e-04	-9.743801999999999325e-03
7.405263125000000000e+09	7.473962999999999917e-04	-9.778949900000000195e-03
7.405265250000000000e+09	5.557618000000000497e-04	-9.472757000000000052e-03
7.405267375000000000e+09	7.881831999999999857e-04	-9.417437299999999525e-03
7.405269500000000000e+09	5.849702000000000460e-04	-9.654576300000000319e-03
7.405271625000000000e+09	5.218792000000000092e-04	-9.512010300000000099e-03
7.405273750000000000e+09	3.882800000000000331e-06	-9.542831700000000555e-03
7.405275875000000000e+09	6.531338999999999504e-04	-9.841537200000000096e-03
7.405278000000000000e+09	9.990405000000000379e-04	-9.996830400000000089e-03
7.405280125000000000e+09	2.629457999999999991e-04	-9.722430599999999992e-03
7.405282250000000000e+09	1.359343000000000107e-04	-9.654097699999999310e-03
7.405284375000000000e+09	5.428225999999999754e-04	-9.615870099999999920e-03
7.405286500000000000e+09	2.892799000000000152e-04	-9.658169200000000371e-03
7.405288625000000000e+09	6.173541000000000055e-04	-9.934975599999999740e-03
7.405290750000000000e+09	1.641221000000000054e-04	-9.641421000000000713e-03
7.405292875000000000e+09	2.954893000000000103e-04	-9.478389099999999859e-03
7.405295000000000000e+09	1.877418000000000056e-04	-9.616279599999999483e-03
7.405297125000000000e+09	3.894578999999999901e-04	-9.424075699999999445e-03
7.405299250000000000e+09	5.520399999999999526e-04	-9.788609099999999799e-03
7.405301375000000000e+09	3.642954000000000222e-04	-9.927414699999999662e-03
7.405303500000000000e+09	2.219378999999999948e-04	-9.598417600000000785e-03
7.405305625000000000e+09	3.656387000000000200e-04	-9.883815400000000792e-03
7.405307750000000000e+09	3.032851000000000145e-04	-9.551769400000000021e-03
7.405309875000000000e+09	5.818073999999999685e-04	-9.665568700000000055e-03
7.405312000000000000e+09	2.845114999999999949e-04	-9.813566699999999934e-03
7.405314125000000000e+09	3.374903999999999968e-04	-9.810312499999999589e-03
7.405316250000000000e+09	2.976914000000000209e-04	-9.612336100000000438e-03
7.405318375000000000e+09	3.945465000000000213e-04	-9.622207500000000413e-03
7.405320500000000000e+09	5.156299999999999946e-04	-9.452104899999999241e-03
7.405322625000000000e+09	1.804730000000000049e-04	-9.569252900000000187e-03
7.405324750000000000e+09	1.674237000000000078e-04	-9.698513299999999421e-03
7.405326875000000000e+09	4.808330000000000091e-04	-9.596293599999999868e-03
7.405329000000000000e+09	2.028917999999999943e-04	-9.665225799999999784e-03
7.405331125000000000e+09	3.021934999999999791e-04	-9.445407600000000486e-03
7.405333250000000000e+09	4.643025999999999751e-04	-9.604216699999999426e-03
7.405335375000000000e+09	1.252577000000000052e-04	-9.754418600000000147e-03
7.405337500000000000e+09	-1.019578000000000015e-04	-9.562441899999999523e-03
7.405339625000000000e+09	3.794078999999999898e-04	-9.600180899999999698e-03
7.405341750000000000e+09	2.321364000000000023e-04	-9.971861500000000003e-03
7.405343875000000000e+09	1.277698999999999979e-04	-9.595712500000000769e-03
7.405346000000000000e+09	3.098206000000000267e-04	-9.418433500000000097e-03
7.405348125000000000e+09	1.782041999999999903e-04	-9.962818099999999621e-03
7.405350250000000000e+09	-5.659219999999999664e-05	-9.687143000000000490e-03
7.405352375000000000e+09	1.346948000000000101e-04	-9.662131100000000486e-03
7.405354500000000000e+09	-1.078781999999999999e-04	-9.722582000000000446e-03
7.405356625000000000e+09	4.235400000000000140e-05	-9.735254400000000613e-03
7.405358750000000000e+09	8.253129999999999364e-05	-9.612844199999999797e-03
7.405360875000000000e+09	8.945989999999999368e-05	-9.664621499999999713e-03
7.405363000000000000e+09	8.870660000000000209e-05	-9.680415100000000841e-03
7.405365125000000000e+09	1.052110999999999997e-04	-9.652656600000000114e-03
7.405367250000000000e+09	-1.026932999999999947e-04	-9.259074500000000554e-03
7.405369375000000000e+09	1.335449999999999962e-04	-9.422724000000000377e-03
7.405371500000000000e+09	1.420729000000000132e-04	-9.357125600000000196e-03
7.405373625000000000e+09	-3.275550000000000174e-05	-9.484139699999999742e-03
7.405375750000000000e+09	1.631179000000000125e-04	-9.426338100000000719e-03
7.405377875000000000e+09	-1.663878999999999998e-04	-9.516093700000000447e-03
7.405380000000000000e+09	5.520360000000000116e-05	-9.362167799999999637e-03
7.405382125000000000e+09	-1.553139999999999838e-05	-9.382288699999999718e-03
7.405384250000000000e+09	-3.176887000000000200e-04	-9.528191800000000364e-03
7.405386375000000000e+09	-2.061107999999999918e-04	-9.683348499999999345e-03
7.405388500000000000e+09	-1.149760999999999985e-04	-9.646593900000000055e-03
7.405390625000000000e+09	8.279869999999999721e-05	-9.596392900000000337e-03
7.405392750000000000e+09	-2.291390000000000096e-05	-9.733737399999999387e-03
7.405394875000000000e+09	-9.003589999999999630e-05	-9.809954600000000274e-03
7.405397000000000000e+09	-2.756112999999999814e-04	-9.570834699999999223e-03
7.405399125000000000e+09	-2.317741000000000007e-04	-9.649432200000000390e-03
7.405401250000000000e+09	-2.657576000000000252e-04	-9.176822499999999147e-03
7.405403375000000000e+09	-1.063288000000000042e-04	-9.417389800000000241e-03
7.405405500000000000e+09	-1.163449000000000048e-04	-9.474316700000000660e-03
7.405407625000000000e+09	-3.158818000000000086e-04	-9.836827100000000712e-03
7.405409750000000000e+09	-7.565738999999999494e-04	-9.548979000000000841e-03
7.405411875000000000e+09	-4.335979000000000113e-04	-9.189106400000000840e-03
7.405414000000000000e+09	-4.488847999999999818e-04	-9.439518699999999846e-03
7.405416125000000000e+09	-3.223696999999999977e-04	-9.723525099999999824e-03
7.405418250000000000e+09	-3.283094999999999980e-04	-9.434251499999999138e-03
7.405420375000000000e+09	-7.386972999999999586e-04	-9.609590600000000524e-03
7.405422500000000000e+09	-2.201851000000000004e-04	-9.601116399999999954e-03
7.405424625000000000e+09	-7.347033999999999900e-04	-9.685332799999999895e-03
7.405426750000000000e+09	-3.288373000000000034e-04	-9.754658200000000320e-03
7.405428875000000000e+09	-5.812009000000000142e-04	-9.346240699999999388e-03
7.405431000000000000e+09	-5.120997999999999653e-04	-9.677790199999999551e-03
7.405433125000000000e+09	-3.676668999999999814e-04	-9.212569000000000313e-03
7.405435250000000000e+09	-4.238110000000000119e-04	-9.220519099999999538e-03
7.405437375000000000e+09	-5.800720999999999785e-04	-9.475189300000000717e-03
7.405439500000000000e+09	-7.398055000000000169e-04	-9.459002299999999877e-03
7.405441625000000000e+09	-7.417736000000000295e-04	-9.488148800000000341e-03
7.405443750000000000e+09	-7.415907000000000011e-04	-9.478130300000000077e-03
7.405445875000000000e+09	-6.061498000000000016e-04	-9.528511700000000598e-03
7.405448000000000000e+09	-9.276030999999999686e-04	-9.349387699999999607e-03
7.405450125000000000e+09	-5.773339999999999852e-04	-9.550589899999999827e-03
7.405452250000000000e+09	-4.968870000000000014e-04	-9.505800499999999750e-03
7.405454375000000000e+09	-8.766921000000000219e-04	-9.786144599999999430e-03
7.405456500000000000e+09	-5.927610999999999514e-04	-9.183997600000000372e-03
7.405458625000000000e+09	-6.923068000000000104e-04	-9.547521700000000458e-03
7.405460750000000000e+09	-7.756417000000000042e-04	-9.565040999999999821e-03
7.405462875000000000e+09	-6.321433999999999690e-04	-9.889176300000000058e-03
7.405465000000000000e+09	-7.967278999999999854e-04	-9.417310200000000853e-03
7.405467125000000000e+09	-5.134871000000000053e-04	-9.340287100000000536e-03
7.405469250000000000e+09	-1.046940500000000064e-03	-9.336200100000000696e-03
7.405471375000000000e+09	-7.255627999999999644e-04	-9.552009499999999931e-03
7.405473500000000000e+09	-6.895992000000000094e-04	-9.056967000000000836e-03
7.405475625000000000e+09	-8.160923000000000265e-04	-9.441831499999999225e-03
7.405477750000000000e+09	-7.517876999999999850e-04	-9.492369800000000774e-03
7.405479875000000000e+09	-9.225178999999999584e-04	-9.150387799999999683e-03
7.405482000000000000e+09	-6.680489999999999866e-04	-8.990433600000000136e-03
7.405484125000000000e+09	-6.967075999999999564e-04	-9.624882700000000207e-03
7.405486250000000000e+09	-9.497239999999999892e-04	-9.612499199999999244e-03
7.405488375000000000e+09	-7.365517000000000244e-04	-9.227810600000000557e-03
7.405490500000000000e+09	-5.405959999999999585e-04	-9.482514600000000252e-03
7.405492625000000000e+09	-1.171521200000000089e-03	-9.161369699999999741e-03
7.405494750000000000e+09	-1.054246200000000071e-03	-9.387886599999999138e-03
7.405496875000000000e+09	-1.155299499999999993e-03	-9.741401400000000363e-03
7.405499000000000000e+09	-9.121825999999999763e-04	-9.394157099999999802e-03
7.405501125000000000e+09	-7.346005999999999543e-04	-9.266933899999999641e-03
7.405503250000000000e+09	-1.048408600000000010e-03	-9.236914699999999520e-03
7.405505375000000000e+09	-8.422128000000000080e-04	-9.595244200000000237e-03
7.405507500000000000e+09	-6.248217999999999611e-04	-9.623190900000000089e-03
7.405509625000000000e+09	-6.699656000000000014e-04	-9.468033799999999237e-03
7.405511750000000000e+09	-8.219947999999999925e-04	-9.473354300000000339e-03
7.405513875000000000e+09	-7.968409000000000299e-04	-9.460341199999999784e-03
7.405516000000000000e+09	-8.476838999999999902e-04	-9.471699400000000227e-03
7.405518125000000000e+09	-7.024552000000000096e-04	-9.350104200000000643e-03
7.405520250000000000e+09	-5.723211000000000184e-04	-9.343173200000000692e-03
7.405522375000000000e+09	-1.018919799999999914e-03	-9.653039199999999612e-03
7.405524500000000000e+09	-5.754809999999999743e-04	-9.718703500000000148e-03
7.405526625000000000e+09	-7.161906000000000001e-04	-9.318415999999999505e-03
7.405528750000000000e+09	-1.120704199999999996e-03	-9.770216800000000243e-03
7.405530875000000000e+09	-3.766120999999999987e-04	-9.485549299999999906e-03
7.405533000000000000e+09	-8.176960999999999518e-04	-9.668615400000000332e-03
7.405535125000000000e+09	-7.985142000000000195e-04	-9.507563199999999326e-03
7.405537250000000000e+09	-4.875308999999999979e-04	-9.734040299999999896e-03
7.405539375000000000e+09	-4.998891000000000315e-04	-9.621442900000000756e-03
7.405541500000000000e+09	-3.180438999999999857e-04	-9.315482499999999666e-03
7.405543625000000000e+09	-4.476144999999999950e-04	-9.172912499999999816e-03
7.405545750000000000e+09	-6.549989000000000419e-04	-9.565134799999999715e-03
7.405547875000000000e+09	-4.661760000000000036e-04	-9.723208299999999346e-03
7.405550000000000000e+09	-6.334726000000000376e-04	-9.340798399999999252e-03
7.405552125000000000e+09	-6.617110999999999740e-04	-9.652141600000000571e-03
7.405554250000000000e+09	-3.782190000000000053e-04	-9.395006500000000621e-03
7.405556375000000000e+09	-3.694217000000000074e-04	-9.764259000000000827e-03
7.405558500000000000e+09	-2.937521000000000229e-04	-9.585146699999999922e-03
7.405560625000000000e+09	-7.310567000000000237e-04	-9.693480299999999647e-03
7.405562750000000000e+09	-5.430714999999999588e-04	-9.305428899999999143e-03
7.405564875000000000e+09	-2.794866000000000017e-04	-9.640582099999999571e-03
7.405567000000000000e+09	-2.921802000000000253e-04	-9.436576699999999276e-03
7.405569125000000000e+09	-2.909470999999999846e-04	-9.768475699999999359e-03
7.405571250000000000e+09	-3.692778999999999767e-04	-9.338068300000000252e-03
7.405573375000000000e+09	-3.287609000000000256e-04	-9.606691500000000272e-03
7.405575500000000000e+09	-4.029605000000000123e-04	-9.697205500000000145e-03
7.405577625000000000e+09	-6.324701000000000281e-04	-9.831108899999999734e-03
7.405579750000000000e+09	-2.284400000000000016e-04	-9.637167699999999240e-03
7.405581875000000000e+09	-1.725050999999999961e-04	-9.412646900000000080e-03
7.405584000000000000e+09	-6.725315999999999629e-04	-9.794551199999999500e-03
7.405586125000000000e+09	-5.771144000000000187e-04	-9.432742900000000777e-03
7.405588250000000000e+09	-4.930600000000000260e-04	-9.729702099999999396e-03
7.405590375000000000e+09	-1.888659999999999973e-05	-9.721271700000000751e-03
7.405592500000000000e+09	-2.665254000000000147e-04	-9.582618799999999618e-03
7.405594625000000000e+09	-4.740831000000000147e-04	-9.651810199999999451e-03
7.405596750000000000e+09	-3.323606000000000108e-04	-9.640959500000000765e-03
7.405598875000000000e+09	-6.717490999999999480e-04	-9.273534300000000480e-03
7.405601000000000000e+09	-2.121485000000000102e-04	-9.336222999999999397e-03
7.405603125000000000e+09	-3.255703000000000091e-04	-9.510658599999999296e-03
7.405605250000000000e+09	-7.705391000000000237e-04	-9.759059699999999421e-03
7.405607375000000000e+09	-6.242860999999999723e-04	-9.419120899999999449e-03
7.405609500000000000e+09	-2.158054999999999923e-04	-9.739958499999999686e-03
7.405611625000000000e+09	-4.092656999999999871e-04	-9.846617999999999690e-03
7.405613750000000000e+09	-4.445550000000000153e-04	-9.572407999999999265e-03
7.405615875000000000e+09	-5.922851000000000461e-04	-9.606373799999999921e-03
7.405618000000000000e+09	-4.535893999999999842e-04	-9.591189700000000637e-03
7.405620125000000000e+09	-3.599712999999999936e-04	-9.715699399999999653e-03
7.405622250000000000e+09	-8.785369999999999811e-04	-9.285661000000000609e-03
7.405624375000000000e+09	-8.438872999999999730e-04	-9.442277699999999593e-03
7.405626500000000000e+09	-4.362136000000000073e-04	-9.615605100000000627e-03
7.405628625000000000e+09	-5.220669999999999738e-04	-9.419584400000000080e-03
7.405630750000000000e+09	-6.982765000000000152e-04	-9.445208800000000349e-03
7.405632875000000000e+09	-8.032856000000000328e-04	-9.444843899999999515e-03
7.405635000000000000e+09	-5.699176999999999932e-04	-9.651028199999999932e-03
7.405637125000000000e+09	-5.365654000000000517e-04	-9.395956000000000446e-03
7.405639250000000000e+09	-6.588142999999999647e-04	-9.484718600000000693e-03
7.405641375000000000e+09	-5.075147999999999812e-04	-9.298640400000000514e-03
7.405643500000000000e+09	-5.627778000000000381e-04	-9.707630000000000078e-03
7.405645625000000000e+09	-3.704048999999999948e-04	-9.570132800000000564e-03
7.405647750000000000e+09	-6.403423000000000101e-04	-9.796759800000000643e-03
7.405649875000000000e+09	-4.443930000000000124e-04	-9.629771500000000248e-03
7.405652000000000000e+09	-8.263240999999999512e-04	-9.374497900000000605e-03
7.405654125000000000e+09	-4.883968000000000467e-04	-9.684537400000000143e-03
7.405656250000000000e+09	-7.199584999999999882e-04	-9.447384200000000579e-03
7.405658375000000000e+09	-8.630800000000000104e-04	-9.238278500000000545e-03
7.405660500000000000e+09	-1.244330999999999996e-04	-9.504743700000000198e-03
7.405662625000000000e+09	-7.873210000000000061e-04	-9.529619799999999863e-03
7.405664750000000000e+09	-8.980684999999999753e-04	-9.551820199999999997e-03
7.405666875000000000e+09	-6.961423999999999911e-04	-9.554331399999999377e-03
7.405669000000000000e+09	-5.834275000000000311e-04	-9.539613500000000343e-03
7.405671125000000000e+09	-9.774015999999999087e-04	-9.457635699999999632e-03
7.405673250000000000e+09	-7.245303000000000247e-04	-9.918343300000000140e-03
7.405675375000000000e+09	-6.220667000000000254e-04	-9.701546300000000664e-03
7.405677500000000000e+09	-6.706276000000000164e-04	-9.874815599999999666e-03
7.405679625000000000e+09	-6.701047999999999814e-04	-9.546351800000000068e-03
7.405681750000000000e+09	-6.008428999999999593e-04	-9.586055499999999313e-03
7.405683875000000000e+09	-6.620117000000000232e-04	-9.584797000000000802e-03
7.405686000000000000e+09	-1.156802099999999995e-03	-9.350196099999999455e-03
7.405688125000000000e+09	-5.013316000000000300e-04	-9.816465200000000849e-03
7.405690250000000000e+09	-1.009183400000000005e-03	-9.463222000000000300e-03
7.405692375000000000e+09	-5.229619000000000455e-04	-9.656880799999999904e-03
7.405694500000000000e+09	-6.331463000000000065e-04	-9.479031100000000210e-03
7.405696625000000000e+09	-7.351897000000000466e-04	-9.237334999999999297e-03
7.405698750000000000e+09	-6.643856999999999974e-04	-9.583919499999999508e-03
7.405700875000000000e+09	-6.807360999999999621e-04	-9.258959199999999834e-03
7.405703000000000000e+09	-8.965692000000000149e-04	-9.771686200000000849e-03
7.405705125000000000e+09	-8.662446999999999769e-04	-9.508513999999999161e-03
7.405707250000000000e+09	-8.979053999999999768e-04	-9.816286900000000329e-03
7.405709375000000000e+09	-1.061271199999999984e-03	-9.639588100000000617e-03
7.405711500000000000e+09	-8.669417000000000009e-04	-9.306416600000000719e-03
7.405713625000000000e+09	-1.118158400000000092e-03	-9.610850000000000642e-03
7.405715750000000000e+09	-1.046202300000000085e-03	-9.537251899999999935e-03
7.405717875000000000e+09	-9.595720000000000074e-04	-9.353490399999999164e-03
7.405720000000000000e+09	-7.834973999999999975e-04	-9.626031300000000707e-03
7.405722125000000000e+09	-1.168081899999999940e-03	-9.621616399999999639e-03
7.405724250000000000e+09	-8.893412000000000496e-04	-9.450240400000000512e-03
7.405726375000000000e+09	-6.829828000000000027e-04	-9.266889199999999577e-03
7.405728500000000000e+09	-9.714123999999999762e-04	-9.390490300000000137e-03
7.405730625000000000e+09	-1.246455000000000046e-03	-9.393653400000000209e-03
7.405732750000000000e+09	-8.617390999999999636e-04	-9.545060399999999445e-03
7.405734875000000000e+09	-1.270195800000000061e-03	-9.569169599999999970e-03
7.405737000000000000e+09	-1.024316499999999895e-03	-9.654505900000000598e-03
7.405739125000000000e+09	-1.110602499999999984e-03	-9.422860599999999254e-03
7.405741250000000000e+09	-6.620082999999999480e-04	-9.709883900000000623e-03
7.405743375000000000e+09	-1.092864899999999905e-03	-9.827030299999999288e-03
7.405745500000000000e+09	-9.087767999999999758e-04	-9.429726299999999922e-03
7.405747625000000000e+09	-1.003390000000000054e-03	-9.559816699999999431e-03
7.405749750000000000e+09	-9.807063999999999452e-04	-9.571266199999999350e-03
7.405751875000000000e+09	-1.190246399999999975e-03	-9.399834600000000345e-03
7.405754000000000000e+09	-9.736757999999999654e-04	-9.107565700000000430e-03
7.405756125000000000e+09	-1.097367799999999973e-03	-9.488253400000000448e-03
7.405758250000000000e+09	-1.285184700000000001e-03	-9.649875900000000339e-03
7.405760375000000000e+09	-1.111021800000000070e-03	-9.623751800000000106e-03
7.405762500000000000e+09	-1.121276399999999963e-03	-9.556511999999999646e-03
7.405764625000000000e+09	-1.161565499999999990e-03	-9.334782399999999938e-03
7.405766750000000000e+09	-1.586969599999999911e-03	-9.424598899999999183e-03
7.405768875000000000e+09	-1.342555000000000050e-03	-9.175537200000000171e-03
7.405771000000000000e+09	-1.447429199999999928e-03	-9.843174300000000210e-03
7.405773125000000000e+09	-1.624827199999999980e-03	-9.346684500000000673e-03
7.405775250000000000e+09	-1.743154200000000082e-03	-9.538502299999999587e-03
7.405777375000000000e+09	-1.054269299999999925e-03	-9.367746700000000384e-03
7.405779500000000000e+09	-1.457860799999999898e-03	-9.519031500000000451e-03
7.405781625000000000e+09	-1.113154600000000084e-03	-9.534956900000000554e-03
7.405783750000000000e+09	-1.499595899999999924e-03	-9.240195899999999532e-03
7.405785875000000000e+09	-1.517051400000000083e-03	-9.351223199999999722e-03
7.405788000000000000e+09	-9.895280999999999695e-04	-9.278138599999999347e-03
7.405790125000000000e+09	-9.884972999999999590e-04	-9.412706099999999451e-03
7.405792250000000000e+09	-1.590383500000000071e-03	-9.561872000000000774e-03
7.405794375000000000e+09	-9.222370000000000134e-04	-9.656301799999999352e-03
7.405796500000000000e+09	-1.212913500000000096e-03	-9.344379999999999353e-03
7.405798625000000000e+09	-1.120086699999999977e-03	-9.530647200000000666e-03
7.405800750000000000e+09	-1.660747300000000063e-03	-9.490921799999999658e-03
7.405802875000000000e+09	-1.267835599999999913e-03	-9.628884500000000485e-03
7.405805000000000000e+09	-1.273990900000000108e-03	-9.285100500000000728e-03
7.405807125000000000e+09	-1.527528599999999990e-03	-9.434489199999999964e-03
7.405809250000000000e+09	-1.307936200000000063e-03	-9.720575900000000269e-03
7.405811375000000000e+09	-1.426043000000000102e-03	-9.200159100000000756e-03
7.405813500000000000e+09	-1.445369900000000041e-03	-9.541290100000000482e-03
7.405815625000000000e+09	-1.607477099999999985e-03	-9.606301399999999518e-03
7.405817750000000000e+09	-1.507849199999999976e-03	-9.281344400000000536e-03
7.405819875000000000e+09	-1.129809700000000087e-03	-9.497117299999999901e-03
7.405822000000000000e+09	-1.397438499999999932e-03	-9.217269499999999893e-03
7.405824125000000000e+09	-1.812262000000000031e-03	-9.203132100000000620e-03
7.405826250000000000e+09	-1.280958999999999917e-03	-9.276620200000000246e-03
7.405828375000000000e+09	-1.345427099999999985e-03	-9.616853300000000396e-03
7.405830500000000000e+09	-1.381168099999999926e-03	-9.469279800000000857e-03
7.405832625000000000e+09	-1.315469500000000054e-03	-9.607474899999999401e-03
7.405834750000000000e+09	-1.264423599999999967e-03	-9.522735299999999722e-03
7.405836875000000000e+09	-1.143978799999999978e-03	-9.012713400000000458e-03
7.405839000000000000e+09	-1.513971999999999931e-03	-9.649524099999999202e-03
7.405841125000000000e+09	-1.472660399999999904e-03	-9.597456799999999275e-03
7.405843250000000000e+09	-1.654077299999999993e-03	-9.672657600000000508e-03
7.405845375000000000e+09	-1.292539400000000021e-03	-9.151392200000000449e-03
7.405847500000000000e+09	-1.449309300000000073e-03	-9.563560800000000736e-03
7.405849625000000000e+09	-1.605109300000000065e-03	-9.589722400000000313e-03
7.405851750000000000e+09	-2.154517999999999798e-03	-9.655774400000000784e-03
7.405853875000000000e+09	-1.729451899999999995e-03	-9.375330299999999964e-03
7.405856000000000000e+09	-1.611727400000000001e-03	-9.237920099999999760e-03
7.405858125000000000e+09	-1.656504899999999923e-03	-9.368282599999999682e-03
7.405860250000000000e+09	-1.764394600000000063e-03	-9.416963299999999218e-03
7.405862375000000000e+09	-1.716152199999999937e-03	-9.611419399999999655e-03
7.405864500000000000e+09	-1.515818200000000008e-03	-9.212400399999999198e-03
7.405866625000000000e+09	-1.771983499999999932e-03	-9.506439199999999409e-03
7.405868750000000000e+09	-1.894307700000000044e-03	-9.304250400000000157e-03
7.405870875000000000e+09	-1.551693999999999947e-03	-9.279965899999999268e-03
7.405873000000000000e+09	-1.526935699999999903e-03	-9.181418400000000354e-03
7.405875125000000000e+09	-1.539660399999999906e-03	-9.235135699999999156e-03
7.405877250000000000e+09	-1.878530900000000090e-03	-9.032814099999999721e-03
7.405879375000000000e+09	-1.669209799999999896e-03	-9.103201899999999874e-03
7.405881500000000000e+09	-2.065637400000000078e-03	-9.298952799999999491e-03
7.405883625000000000e+09	-1.476779899999999986e-03	-9.347910900000000814e-03
7.405885750000000000e+09	-1.791811199999999993e-03	-9.138822399999999707e-03
7.405887875000000000e+09	-1.817006900000000006e-03	-9.418376100000000473e-03
7.405890000000000000e+09	-1.809062499999999907e-03	-9.175142699999999651e-03
7.405892125000000000e+09	-1.622038799999999965e-03	-9.313684200000000094e-03
7.405894250000000000e+09	-1.896639000000000094e-03	-9.600984200000000843e-03
7.405896375000000000e+09	-1.784759300000000014e-03	-9.522950400000000648e-03
7.405898500000000000e+09	-1.829909499999999960e-03	-9.509220599999999857e-03
7.405900625000000000e+09	-1.702027600000000042e-03	-9.356345300000000823e-03
7.405902750000000000e+09	-1.809459700000000046e-03	-9.150957100000000830e-03
7.405904875000000000e+09	-1.734999799999999929e-03	-9.387842100000000009e-03
7.405907000000000000e+09	-1.751342799999999972e-03	-9.340041300000000851e-03
7.405909125000000000e+09	-1.677898200000000001e-03	-9.045506999999999506e-03
7.405911250000000000e+09	-1.544754300000000065e-03	-9.619169300000000866e-03
7.405913375000000000e+09	-1.769863700000000014e-03	-9.280454400000000617e-03
7.405915500000000000e+09	-1.588556500000000036e-03	-9.012536499999999548e-03
7.405917625000000000e+09	-1.968307900000000176e-03	-9.107901300000000380e-03
7.405919750000000000e+09	-1.714678000000000079e-03	-9.240425700000000700e-03
7.405921875000000000e+09	-1.623371300000000074e-03	-9.391433500000000850e-03
7.405924000000000000e+09	-1.940406900000000079e-03	-9.456825999999999774e-03
7.405926125000000000e+09	-1.771298500000000097e-03	-9.225130300000000325e-03
7.405928250000000000e+09	-2.029358700000000008e-03	-9.294265100000000807e-03
7.405930375000000000e+09	-1.998145499999999953e-03	-9.084777699999999415e-03
7.405932500000000000e+09	-2.249588500000000019e-03	-8.938520900000000019e-03
7.405934625000000000e+09	-1.891918700000000050e-03	-8.791842899999999239e-03
7.405936750000000000e+09	-1.878337899999999979e-03	-9.733053400000000327e-03
7.405938875000000000e+09	-1.907910700000000096e-03	-9.170648999999999468e-03
7.405941000000000000e+09	-1.833815500000000095e-03	-9.216026199999999627e-03
7.405943125000000000e+09	-2.245210499999999824e-03	-9.326370100000000093e-03
7.405945250000000000e+09	-2.061292299999999827e-03	-9.047976100000000577e-03
7.405947375000000000e+09	-1.681621099999999931e-03	-9.333860200000000315e-03
7.405949500000000000e+09	-1.723915300000000012e-03	-9.323586400000000163e-03
7.405951625000000000e+09	-2.311096400000000033e-03	-9.349351100000000137e-03
7.405953750000000000e+09	-1.971206300000000189e-03	-9.458196599999999649e-03
7.405955875000000000e+09	-2.015489999999999990e-03	-9.128696599999999717e-03
7.405958000000000000e+09	-2.288511300000000120e-03	-8.959331900000000806e-03
7.405960125000000000e+09	-1.846109399999999994e-03	-9.253594500000000139e-03
7.405962250000000000e+09	-2.010678699999999923e-03	-9.302317399999999320e-03
7.405964375000000000e+09	-2.168155399999999872e-03	-9.308707499999999135e-03
7.405966500000000000e+09	-2.383225799999999939e-03	-9.414145699999999437e-03
7.405968625000000000e+09	-1.904869800000000063e-03	-8.942868200000000586e-03
7.405970750000000000e+09	-2.083937299999999784e-03	-9.323287700000000219e-03
7.405972875000000000e+09	-1.679183699999999913e-03	-9.390822099999999659e-03
7.405975000000000000e+09	-2.012862800000000084e-03	-9.222680100000000061e-03
7.405977125000000000e+09	-2.070914499999999825e-03	-9.153998499999999733e-03
7.405979250000000000e+09	-1.914690799999999981e-03	-9.019424800000000117e-03
7.405981375000000000e+09	-1.950794999999999960e-03	-9.068586300000000544e-03
7.405983500000000000e+09	-2.246150499999999880e-03	-9.210503000000000093e-03
7.405985625000000000e+09	-2.159577299999999866e-03	-8.924886099999999531e-03
7.405987750000000000e+09	-2.222043999999999842e-03	-9.511800399999999212e-03
7.405989875000000000e+09	-2.027574299999999972e-03	-9.027165199999999390e-03
7.405992000000000000e+09	-1.912255700000000096e-03	-9.324264900000000383e-03
7.405994125000000000e+09	-1.800141299999999996e-03	-9.299810800000000641e-03
7.405996250000000000e+09	-2.123826699999999904e-03	-9.337329499999999852e-03
7.405998375000000000e+09	-2.111762300000000203e-03	-9.350658200000000475e-03
7.406000500000000000e+09	-2.063138300000000053e-03	-9.156798900000000588e-03
7.406002625000000000e+09	-2.018872100000000148e-03	-9.303435100000000124e-03
7.406004750000000000e+09	-2.050989599999999795e-03	-9.195569400000000795e-03
7.406006875000000000e+09	-2.190789700000000083e-03	-9.064544100000000368e-03
7.406009000000000000e+09	-2.132550300000000086e-03	-9.150818599999999137e-03
7.406011125000000000e+09	-2.136339200000000188e-03	-9.239358399999999735e-03
7.406013250000000000e+09	-2.274895099999999903e-03	-9.065558700000000275e-03
7.406015375000000000e+09	-2.477147800000000129e-03	-9.328352200000000760e-03
7.406017500000000000e+09	-2.143946199999999941e-03	-9.313120700000000057e-03
7.406019625000000000e+09	-2.245308799999999952e-03	-9.162815399999999638e-03
7.406021750000000000e+09	-2.411562300000000009e-03	-9.067216799999999743e-03
7.406023875000000000e+09	-2.495099199999999823e-03	-8.878345100000000628e-03
7.406026000000000000e+09	-1.973697200000000020e-03	-9.243476400000000606e-03
7.406028125000000000e+09	-2.233353999999999895e-03	-8.968706700000000573e-03
7.406030250000000000e+09	-1.800893700000000047e-03	-9.105539500000000772e-03
7.406032375000000000e+09	-1.798937000000000019e-03	-9.367646099999999906e-03
7.406034500000000000e+09	-2.375832400000000167e-03	-8.616171800000000866e-03
7.406036625000000000e+09	-2.188802399999999811e-03	-9.221179300000000023e-03
7.406038750000000000e+09	-1.935669799999999944e-03	-9.136152200000000750e-03
7.406040875000000000e+09	-2.475112700000000037e-03	-9.160428099999999574e-03
7.406043000000000000e+09	-2.072312599999999970e-03	-9.136387200000000222e-03
7.406045125000000000e+09	-2.341586799999999940e-03	-9.406650699999999712e-03
7.406047250000000000e+09	-2.062809200000000152e-03	-9.510117099999999823e-03
7.406049375000000000e+09	-2.414327899999999839e-03	-9.159122000000000444e-03
7.406051500000000000e+09	-2.017783500000000160e-03	-9.422879500000000061e-03
7.406053625000000000e+09	-2.677141100000000103e-03	-9.206696500000000061e-03
7.406055750000000000e+09	-2.193911499999999948e-03	-9.175965600000000541e-03
7.406057875000000000e+09	-2.441617899999999966e-03	-9.358597700000000422e-03
7.406060000000000000e+09	-2.223203400000000121e-03	-9.037186299999999672e-03
7.406062125000000000e+09	-2.413178599999999969e-03	-8.975412199999999521e-03
7.406064250000000000e+09	-2.170660100000000071e-03	-9.080410199999999765e-03
7.406066375000000000e+09	-2.657221100000000009e-03	-9.032670700000000261e-03
7.406068500000000000e+09	-2.116743899999999796e-03	-9.010478699999999522e-03
7.406070625000000000e+09	-2.192749700000000152e-03	-9.490906800000000615e-03
7.406072750000000000e+09	-2.179163400000000157e-03	-8.939552800000000188e-03
7.406074875000000000e+09	-2.175403499999999969e-03	-9.451560899999999349e-03
7.406077000000000000e+09	-2.216992200000000163e-03	-9.183837999999999724e-03
7.406079125000000000e+09	-2.122624699999999844e-03	-9.279870600000000164e-03
7.406081250000000000e+09	-1.999765100000000170e-03	-9.096913800000000147e-03
7.406083375000000000e+09	-2.347733700000000090e-03	-8.915125899999999312e-03
7.406085500000000000e+09	-2.670545099999999897e-03	-9.132117800000000632e-03
7.406087625000000000e+09	-2.136848599999999990e-03	-8.980467599999999995e-03
7.406089750000000000e+09	-2.227266700000000120e-03	-8.896917199999999915e-03
7.406091875000000000e+09	-2.359071500000000082e-03	-9.171905399999999431e-03
7.406094000000000000e+09	-2.501434800000000135e-03	-8.789561700000000227e-03
7.406096125000000000e+09	-2.626227899999999948e-03	-8.889164300000000282e-03
7.406098250000000000e+09	-2.349608699999999797e-03	-9.134484499999999743e-03
7.406100375000000000e+09	-2.202584499999999789e-03	-9.095395200000000110e-03
7.406102500000000000e+09	-2.313988099999999930e-03	-8.991229400000000024e-03
7.406104625000000000e+09	-2.384096000000000045e-03	-9.003783300000000114e-03
7.406106750000000000e+09	-2.415024200000000058e-03	-9.069646500000000389e-03
7.406108875000000000e+09	-2.411114299999999894e-03	-8.956788900000000123e-03
7.406111000000000000e+09	-2.469511000000000189e-03	-9.259043200000000723e-03
7.406113125000000000e+09	-2.272518399999999984e-03	-8.957800199999999338e-03
7.406115250000000000e+09	-2.446501499999999968e-03	-9.279255199999999343e-03
7.406117375000000000e+09	-2.577782399999999953e-03	-9.240737100000000204e-03
7.406119500000000000e+09	-2.545751499999999914e-03	-9.277854900000000182e-03
7.406121625000000000e+09	-2.364805000000000205e-03	-9.456783499999999593e-03
7.406123750000000000e+09	-2.421019099999999983e-03	-9.350806200000000637e-03
7.406125875000000000e+09	-2.481892500000000036e-03	-9.113846999999999574e-03
7.406128000000000000e+09	-2.263138300000000144e-03	-9.259905199999999767e-03
7.406130125000000000e+09	-2.304765099999999886e-03	-9.141473100000000254e-03
7.406132250000000000e+09	-2.206777400000000181e-03	-8.972348700000000454e-03
7.406134375000000000e+09	-2.471514499999999913e-03	-9.252628699999999526e-03
7.406136500000000000e+09	-2.573551900000000184e-03	-9.084119700000000547e-03
7.406138625000000000e+09	-2.724036300000000094e-03	-9.037200999999999915e-03
7.406140750000000000e+09	-2.319219300000000070e-03	-9.092625000000000013e-03
7.406142875000000000e+09	-2.785760100000000006e-03	-9.017775999999999917e-03
7.406145000000000000e+09	-2.802723000000000020e-03	-8.942796399999999521e-03
7.406147125000000000e+09	-2.653457599999999895e-03	-9.201440800000000239e-03
7.406149250000000000e+09	-2.645385100000000132e-03	-8.714894900000000680e-03
7.406151375000000000e+09	-2.571781699999999785e-03	-9.190777000000000668e-03
7.406153500000000000e+09	-2.782512000000000006e-03	-9.022023199999999743e-03
7.406155625000000000e+09	-2.825260500000000181e-03	-8.952547199999999136e-03
7.406157750000000000e+09	-2.814236700000000146e-03	-8.972759500000000027e-03
7.406159875000000000e+09	-2.207421299999999878e-03	-8.770123700000000133e-03
7.406162000000000000e+09	-2.911165299999999949e-03	-9.334113800000000058e-03
7.406164125000000000e+09	-2.574097300000000119e-03	-9.316685099999999498e-03
7.406166250000000000e+09	-2.430708699999999979e-03	-9.176814900000000025e-03
7.406168375000000000e+09	-2.660851499999999838e-03	-9.088510799999999570e-03
7.406170500000000000e+09	-2.385553500000000063e-03	-9.111483199999999283e-03
7.406172625000000000e+09	-2.507287200000000039e-03	-8.835497200000000384e-03
7.406174750000000000e+09	-2.770957000000000107e-03	-9.206576299999999838e-03
7.406176875000000000e+09	-2.881722099999999790e-03	-9.097611699999999177e-03
7.406179000000000000e+09	-2.694997399999999894e-03	-9.211587099999999848e-03
7.406181125000000000e+09	-2.836068699999999988e-03	-8.992499399999999421e-03
7.406183250000000000e+09	-2.590634300000000181e-03	-8.984275300000000436e-03
7.406185375000000000e+09	-2.568503699999999997e-03	-8.916947300000000257e-03
7.406187500000000000e+09	-2.566969899999999982e-03	-9.109433199999999314e-03
7.406189625000000000e+09	-2.807512299999999957e-03	-9.125831299999999716e-03
7.406191750000000000e+09	-2.582795699999999948e-03	-9.270573699999999639e-03
7.406193875000000000e+09	-2.493755500000000014e-03	-9.351330399999999848e-03
7.406196000000000000e+09	-2.577679700000000060e-03	-9.159735599999999783e-03
7.406198125000000000e+09	-2.781652700000000148e-03	-9.233140000000000791e-03
7.406200250000000000e+09	-2.880219900000000142e-03	-9.142768199999999970e-03
7.406202375000000000e+09	-2.608870799999999952e-03	-9.022306399999999171e-03
7.406204500000000000e+09	-2.972443899999999833e-03	-9.098586299999999322e-03
7.406206625000000000e+09	-2.946867699999999955e-03	-9.131390899999999519e-03
7.406208750000000000e+09	-2.655195700000000190e-03	-8.727168500000000162e-03
7.406210875000000000e+09	-2.791779400000000012e-03	-9.015795800000000332e-03
7.406213000000000000e+09	-2.691503200000000106e-03	-8.959658100000000153e-03
7.406215125000000000e+09	-2.767866300000000005e-03	-9.069908899999999663e-03
7.406217250000000000e+09	-2.684712799999999962e-03	-9.290224700000000377e-03
7.406219375000000000e+09	-2.684939400000000038e-03	-8.712079799999999583e-03
7.406221500000000000e+09	-3.052837799999999924e-03	-9.048282200000000441e-03
7.406223625000000000e+09	-2.894328700000000070e-03	-8.979984800000000156e-03
7.406225750000000000e+09	-2.629195300000000072e-03	-8.465771299999999208e-03
7.406227875000000000e+09	-2.956807300000000201e-03	-9.172674599999999789e-03
7.406230000000000000e+09	-2.731064200000000129e-03	-9.451299999999999285e-03
7.406232125000000000e+09	-2.782657100000000047e-03	-8.668900800000000489e-03
7.406234250000000000e+09	-3.205990900000000015e-03	-8.975109699999999149e-03
7.406236375000000000e+09	-3.176069899999999988e-03	-8.688823700000000705e-03
7.406238500000000000e+09	-2.883972399999999974e-03	-8.777026099999999872e-03
7.406240625000000000e+09	-3.025454700000000142e-03	-8.547709900000000430e-03
7.406242750000000000e+09	-3.318967400000000061e-03	-8.981720500000000065e-03
7.406244875000000000e+09	-2.633739400000000095e-03	-9.016529299999999358e-03
7.406247000000000000e+09	-2.577154099999999937e-03	-9.126342200000000029e-03
7.406249125000000000e+09	-2.997952300000000011e-03	-8.759336100000000846e-03
7.406251250000000000e+09	-2.758230899999999843e-03	-8.765336199999999509e-03
7.406253375000000000e+09	-3.057917199999999908e-03	-8.742556800000000558e-03
7.406255500000000000e+09	-2.828423000000000048e-03	-9.095595399999999858e-03
7.406257625000000000e+09	-2.976626799999999851e-03	-9.211380400000000052e-03
7.406259750000000000e+09	-2.735959499999999784e-03	-8.826772499999999827e-03
7.406261875000000000e+09	-3.070878400000000112e-03	-8.800449899999999992e-03
7.406264000000000000e+09	-3.033653800000000143e-03	-8.794949999999999296e-03
7.406266125000000000e+09	-2.995688399999999960e-03	-8.908930299999999469e-03
7.406268250000000000e+09	-3.083701900000000197e-03	-8.930863900000000563e-03
7.406270375000000000e+09	-2.949334699999999875e-03	-9.057825999999999725e-03
7.406272500000000000e+09	-3.114266000000000083e-03	-8.755108100000000629e-03
7.406274625000000000e+09	-2.880130399999999979e-03	-8.602416599999999219e-03
7.406276750000000000e+09	-3.238044199999999886e-03	-8.706382900000000230e-03
7.406278875000000000e+09	-2.949025200000000152e-03	-8.822533000000000458e-03
7.406281000000000000e+09	-2.971156600000000175e-03	-8.799545299999999431e-03
7.406283125000000000e+09	-3.024276800000000060e-03	-8.977867100000000086e-03
7.406285250000000000e+09	-3.062940200000000175e-03	-9.066939700000000227e-03
7.406287375000000000e+09	-2.888293100000000144e-03	-8.428434400000000409e-03
7.406289500000000000e+09	-3.323608999999999938e-03	-8.584028599999999828e-03
7.406291625000000000e+09	-3.015161699999999948e-03	-8.670762099999999861e-03
7.406293750000000000e+09	-3.080049300000000170e-03	-8.716083799999999743e-03
7.406295875000000000e+09	-3.095465899999999809e-03	-9.114376800000000695e-03
7.406298000000000000e+09	-3.257184399999999910e-03	-8.844242900000000296e-03
7.406300125000000000e+09	-3.015155299999999934e-03	-8.823071899999999912e-03
7.406302250000000000e+09	-3.340611600000000046e-03	-8.695598800000000836e-03
7.406304375000000000e+09	-3.090826899999999950e-03	-8.841666899999999635e-03
7.406306500000000000e+09	-3.160964999999999955e-03	-8.691415200000000146e-03
7.406308625000000000e+09	-3.248114199999999931e-03	-8.576729999999999424e-03
7.406310750000000000e+09	-3.015703900000000093e-03	-8.965648899999999547e-03
7.406312875000000000e+09	-2.933851400000000043e-03	-8.894096599999999977e-03
7.406315000000000000e+09	-3.183103200000000129e-03	-8.618075200000000283e-03
7.406317125000000000e+09	-3.618283500000000086e-03	-8.538152000000000241e-03
7.406319250000000000e+09	-3.146958999999999954e-03	-8.523164800000000013e-03
7.406321375000000000e+09	-3.092563300000000098e-03	-8.690904799999999569e-03
7.406323500000000000e+09	-3.156406999999999963e-03	-8.379686399999999175e-03
7.406325625000000000e+09	-3.489014999999999825e-03	-8.907028200000000062e-03
7.406327750000000000e+09	-3.389901199999999920e-03	-8.707614699999999611e-03
7.406329875000000000e+09	-3.586707199999999811e-03	-8.711118599999999670e-03
7.406332000000000000e+09	-3.598776599999999916e-03	-8.809240700000000104e-03
7.406334125000000000e+09	-3.741063499999999938e-03	-8.965279300000000146e-03
7.406336250000000000e+09	-3.258084599999999838e-03	-8.904836100000000643e-03
7.406338375000000000e+09	-3.390149800000000126e-03	-8.817204099999999961e-03
7.406340500000000000e+09	-3.182389199999999946e-03	-8.603205699999999859e-03
7.406342625000000000e+09	-3.584795300000000098e-03	-8.933370100000000841e-03
7.406344750000000000e+09	-3.068347700000000153e-03	-8.604861700000000779e-03
7.406346875000000000e+09	-3.314816400000000080e-03	-8.924053100000000835e-03
7.406349000000000000e+09	-3.289255000000000043e-03	-8.737731800000000590e-03
7.406351125000000000e+09	-3.280903899999999818e-03	-8.885809899999999595e-03
7.406353250000000000e+09	-2.903849200000000082e-03	-8.763356400000000060e-03
7.406355375000000000e+09	-3.666363000000000174e-03	-8.563126100000000365e-03
7.406357500000000000e+09	-3.387020200000000203e-03	-8.836731699999999384e-03
7.406359625000000000e+09	-3.567085599999999992e-03	-8.711544099999999485e-03
7.406361750000000000e+09	-3.695725700000000204e-03	-8.433210599999999349e-03
7.406363875000000000e+09	-3.310669000000000025e-03	-8.615500099999999495e-03
7.406366000000000000e+09	-3.174364500000000002e-03	-8.353387199999999513e-03
7.406368125000000000e+09	-3.226039600000000195e-03	-8.663604499999999833e-03
7.406370250000000000e+09	-3.409580900000000036e-03	-8.465783100000000630e-03
7.406372375000000000e+09	-3.766584800000000177e-03	-8.682225300000000548e-03
7.406374500000000000e+09	-3.188093899999999790e-03	-8.581431000000000475e-03
7.406376625000000000e+09	-3.291537000000000195e-03	-8.507386500000000198e-03
7.406378750000000000e+09	-3.313088400000000194e-03	-8.674186500000000133e-03
7.406380875000000000e+09	-3.360017700000000104e-03	-8.461401000000000339e-03
7.406383000000000000e+09	-3.784336100000000157e-03	-8.606456300000000711e-03
7.406385125000000000e+09	-3.466386299999999789e-03	-8.654083099999999515e-03
7.406387250000000000e+09	-3.602413799999999895e-03	-8.494918900000000481e-03
7.406389375000000000e+09	-3.542551799999999959e-03	-8.754164199999999244e-03
7.406391500000000000e+09	-3.699002500000000016e-03	-8.531524699999999337e-03
7.406393625000000000e+09	-3.749303500000000008e-03	-8.791254300000000618e-03
7.406395750000000000e+09	-3.478387900000000192e-03	-8.629888400000000626e-03
7.406397875000000000e+09	-3.624849900000000173e-03	-8.576470500000000705e-03
7.406400000000000000e+09	-3.401307799999999954e-03	-8.604525999999999494e-03
7.406402125000000000e+09	-3.383666200000000086e-03	-8.462790099999999149e-03
7.406404250000000000e+09	-3.804837799999999989e-03	-8.388594200000000153e-03
7.406406375000000000e+09	-3.707210600000000050e-03	-8.673360300000000286e-03
7.406408500000000000e+09	-3.806543800000000179e-03	-8.384344499999999908e-03
7.406410625000000000e+09	-3.988740299999999836e-03	-8.247163700000000736e-03
7.406412750000000000e+09	-3.487701100000000203e-03	-8.564987799999999873e-03
7.406414875000000000e+09	-3.590434300000000089e-03	-8.402576999999999616e-03
7.406417000000000000e+09	-3.824868600000000136e-03	-8.359586299999999248e-03
7.406419125000000000e+09	-3.759973199999999856e-03	-8.758487299999999365e-03
7.406421250000000000e+09	-3.533926800000000007e-03	-8.471791700000000022e-03
7.406423375000000000e+09	-3.851441399999999855e-03	-8.362755200000000430e-03
7.406425500000000000e+09	-3.832989299999999856e-03	-8.418745999999999521e-03
7.406427625000000000e+09	-3.446957100000000093e-03	-8.378536000000000664e-03
7.406429750000000000e+09	-3.587088899999999869e-03	-8.291547599999999144e-03
7.406431875000000000e+09	-4.196654699999999988e-03	-8.310295699999999466e-03
7.406434000000000000e+09	-4.016256799999999572e-03	-8.418346800000000435e-03
7.406436125000000000e+09	-3.758207899999999827e-03	-8.540967999999999477e-03
7.406438250000000000e+09	-3.677446699999999818e-03	-8.673829399999999357e-03
7.406440375000000000e+09	-3.809849399999999837e-03	-8.234651500000000554e-03
7.406442500000000000e+09	-4.153715199999999733e-03	-8.498836299999999733e-03
7.406444625000000000e+09	-4.036778900000000288e-03	-8.110900500000000485e-03
7.406446750000000000e+09	-3.977925600000000415e-03	-8.443979500000000499e-03
7.406448875000000000e+09	-3.830392199999999806e-03	-8.384429500000000271e-03
7.406451000000000000e+09	-3.941050100000000229e-03	-8.430958699999999487e-03
7.406453125000000000e+09	-4.172677399999999773e-03	-8.248738199999999451e-03
7.406455250000000000e+09	-4.017949699999999631e-03	-8.247978399999999696e-03
7.406457375000000000e+09	-3.712272700000000206e-03	-8.495958600000000707e-03
7.406459500000000000e+09	-4.130602599999999916e-03	-8.303293499999999522e-03
7.406461625000000000e+09	-3.969345499999999728e-03	-8.359366800000000292e-03
7.406463750000000000e+09	-3.963149299999999681e-03	-8.213927299999999876e-03
7.406465875000000000e+09	-4.101206199999999670e-03	-7.895688799999999938e-03
7.406468000000000000e+09	-3.942582400000000167e-03	-8.565445899999999529e-03
7.406470125000000000e+09	-3.990754899999999876e-03	-8.323031599999999169e-03
7.406472250000000000e+09	-3.652680199999999797e-03	-8.002230200000000002e-03
7.406474375000000000e+09	-3.943526099999999750e-03	-8.188360000000000430e-03
7.406476500000000000e+09	-4.091728600000000410e-03	-8.086483599999999550e-03
7.406478625000000000e+09	-4.169671199999999862e-03	-8.175819200000000037e-03
7.406480750000000000e+09	-4.138767300000000329e-03	-8.091177200000000680e-03
7.406482875000000000e+09	-4.229403500000000239e-03	-8.163610899999999837e-03
7.406485000000000000e+09	-3.987899900000000351e-03	-8.371482399999999671e-03
7.406487125000000000e+09	-4.366269800000000152e-03	-7.855334000000000275e-03
7.406489250000000000e+09	-3.941919200000000394e-03	-8.347794800000000667e-03
7.406491375000000000e+09	-3.965034400000000230e-03	-8.197176500000000199e-03
7.406493500000000000e+09	-4.097287600000000009e-03	-8.042104899999999446e-03
7.406495625000000000e+09	-3.988291500000000316e-03	-8.216992399999999488e-03
7.406497750000000000e+09	-4.282078800000000199e-03	-8.299843299999999993e-03
7.406499875000000000e+09	-4.194951700000000387e-03	-8.132642900000000563e-03
7.406502000000000000e+09	-4.239665499999999837e-03	-8.050167900000000307e-03
7.406504125000000000e+09	-4.457500700000000329e-03	-7.974266000000000687e-03
7.406506250000000000e+09	-3.971082199999999979e-03	-7.647881799999999876e-03
7.406508375000000000e+09	-4.076461899999999847e-03	-8.167566700000000041e-03
7.406510500000000000e+09	-4.269703900000000434e-03	-8.168768700000000535e-03
7.406512625000000000e+09	-4.385712100000000412e-03	-8.070224200000000042e-03
7.406514750000000000e+09	-4.219006699999999777e-03	-8.180876800000000393e-03
7.406516875000000000e+09	-4.144940899999999609e-03	-7.961790599999999177e-03
7.406519000000000000e+09	-4.317131099999999694e-03	-7.865751900000000560e-03
7.406521125000000000e+09	-4.201299000000000353e-03	-7.935349799999999801e-03
7.406523250000000000e+09	-4.029726099999999568e-03	-7.722623399999999777e-03
7.406525375000000000e+09	-4.333692899999999973e-03	-8.240089299999999589e-03
7.406527500000000000e+09	-4.007307800000000156e-03	-8.184542600000000584e-03
7.406529625000000000e+09	-4.262634900000000261e-03	-8.209319899999999517e-03
7.406531750000000000e+09	-4.296981400000000201e-03	-8.488231699999999533e-03
7.406533875000000000e+09	-3.849648399999999922e-03	-7.924654499999999463e-03
7.406536000000000000e+09	-4.082174800000000318e-03	-7.689293199999999891e-03
7.406538125000000000e+09	-4.454235499999999702e-03	-8.098592099999999544e-03
7.406540250000000000e+09	-4.354577000000000100e-03	-8.037116800000000671e-03
7.406542375000000000e+09	-4.515759299999999934e-03	-7.783676100000000257e-03
7.406544500000000000e+09	-4.026800799999999923e-03	-8.094333500000000167e-03
7.406546625000000000e+09	-4.153819799999999840e-03	-8.095672300000000474e-03
7.406548750000000000e+09	-4.207205900000000193e-03	-8.027404400000000273e-03
7.406550875000000000e+09	-4.184020600000000305e-03	-8.141506399999999880e-03
7.406553000000000000e+09	-4.366197799999999886e-03	-7.818806699999999998e-03
7.406555125000000000e+09	-4.206890199999999656e-03	-7.917903500000000178e-03
7.406557250000000000e+09	-4.353606700000000121e-03	-8.034830099999999350e-03
7.406559375000000000e+09	-4.759445099999999769e-03	-8.228154899999999550e-03
7.406561500000000000e+09	-4.172101200000000176e-03	-8.010943700000000209e-03
7.406563625000000000e+09	-4.289474100000000185e-03	-8.329772900000000785e-03
7.406565750000000000e+09	-4.752949799999999642e-03	-7.797771600000000421e-03
7.406567875000000000e+09	-4.319204400000000235e-03	-8.088002000000000385e-03
7.406570000000000000e+09	-4.685111900000000357e-03	-7.709917499999999896e-03
7.406572125000000000e+09	-4.247975999999999662e-03	-8.160629299999999642e-03
7.406574250000000000e+09	-4.174647200000000148e-03	-7.913945400000000491e-03
7.406576375000000000e+09	-4.255625399999999996e-03	-7.645988299999999932e-03
7.406578500000000000e+09	-4.278413099999999608e-03	-8.040056500000000023e-03
7.406580625000000000e+09	-4.367408899999999580e-03	-7.747487499999999687e-03
7.406582750000000000e+09	-4.343739099999999707e-03	-7.959354199999999283e-03
7.406584875000000000e+09	-4.050527600000000152e-03	-7.769098099999999923e-03
7.406587000000000000e+09	-4.327151100000000035e-03	-8.067954999999999918e-03
7.406589125000000000e+09	-4.566693200000000209e-03	-7.652690900000000060e-03
7.406591250000000000e+09	-4.529087900000000090e-03	-8.174663599999999752e-03
7.406593375000000000e+09	-4.523462199999999864e-03	-7.525966400000000389e-03
7.406595500000000000e+09	-4.821250499999999752e-03	-7.962006500000000375e-03
7.406597625000000000e+09	-4.575357399999999651e-03	-7.584714299999999881e-03
7.406599750000000000e+09	-4.365809499999999746e-03	-7.640273399999999646e-03
7.406601875000000000e+09	-4.250342800000000108e-03	-7.658998799999999600e-03
7.406604000000000000e+09	-4.368872400000000343e-03	-7.643247500000000319e-03
7.406606125000000000e+09	-4.713671800000000280e-03	-7.525221599999999678e-03
7.406608250000000000e+09	-4.707863100000000099e-03	-8.112034699999999543e-03
7.406610375000000000e+09	-4.699854300000000373e-03	-7.481569999999999887e-03
7.406612500000000000e+09	-4.462319900000000054e-03	-7.752031799999999778e-03
7.406614625000000000e+09	-4.380316799999999823e-03	-8.061883500000000327e-03
7.406616750000000000e+09	-4.430618199999999951e-03	-7.827001700000000770e-03
7.406618875000000000e+09	-4.553526900000000321e-03	-7.802268299999999893e-03
7.406621000000000000e+09	-4.584595700000000142e-03	-7.864427000000000223e-03
7.406623125000000000e+09	-4.433488499999999922e-03	-8.043979300000000249e-03
7.406625250000000000e+09	-4.466366000000000260e-03	-8.116974600000000095e-03
7.406627375000000000e+09	-4.289433500000000218e-03	-7.761149000000000173e-03
7.406629500000000000e+09	-4.503799000000000170e-03	-7.858774400000000798e-03
7.406631625000000000e+09	-4.793169699999999707e-03	-7.863856400000000801e-03
7.406633750000000000e+09	-4.594361699999999736e-03	-7.948757199999999939e-03
7.406635875000000000e+09	-4.553958700000000116e-03	-8.279892299999999303e-03
7.406638000000000000e+09	-4.565327699999999905e-03	-7.818781299999999143e-03
7.406640125000000000e+09	-4.556456900000000268e-03	-8.147108300000000664e-03
7.406642250000000000e+09	-4.694589499999999617e-03	-7.888331000000000162e-03
7.406644375000000000e+09	-4.302854800000000327e-03	-7.655410100000000113e-03
7.406646500000000000e+09	-4.642065600000000111e-03	-7.592603199999999920e-03
7.406648625000000000e+09	-4.448745999999999950e-03	-7.872562700000000288e-03
7.406650750000000000e+09	-4.682159800000000247e-03	-7.846852700000000319e-03
7.406652875000000000e+09	-4.695847399999999658e-03	-7.910584899999999892e-03
7.406655000000000000e+09	-4.439857099999999779e-03	-8.189369400000000299e-03
7.406657125000000000e+09	-4.415278400000000047e-03	-7.846814100000000167e-03
7.406659250000000000e+09	-4.944314600000000205e-03	-7.749156699999999905e-03
7.406661375000000000e+09	-4.267037599999999771e-03	-8.010333600000000762e-03
7.406663500000000000e+09	-4.835740699999999635e-03	-7.553485900000000280e-03
7.406665625000000000e+09	-4.734269699999999956e-03	-7.611300500000000267e-03
7.406667750000000000e+09	-4.414795800000000277e-03	-7.864561900000000688e-03
7.406669875000000000e+09	-4.746476000000000341e-03	-7.817475500000000549e-03
7.406672000000000000e+09	-4.547919699999999898e-03	-7.886840600000000201e-03
7.406674125000000000e+09	-4.469026899999999948e-03	-7.344596600000000315e-03
7.406676250000000000e+09	-4.563143199999999608e-03	-7.739788899999999923e-03
7.406678375000000000e+09	-4.594433999999999671e-03	-8.081689899999999413e-03
7.406680500000000000e+09	-4.894456800000000427e-03	-8.223097500000000129e-03
7.406682625000000000e+09	-4.663735799999999855e-03	-7.942632899999999690e-03
7.406684750000000000e+09	-4.475042799999999661e-03	-7.852264899999999298e-03
7.406686875000000000e+09	-4.398935799999999924e-03	-8.087298200000000645e-03
7.406689000000000000e+09	-4.994872499999999764e-03	-7.288148399999999638e-03
7.406691125000000000e+09	-5.127552700000000303e-03	-7.372352799999999824e-03
7.406693250000000000e+09	-4.869338899999999838e-03	-7.399100300000000137e-03
7.406695375000000000e+09	-4.680609399999999774e-03	-7.737190700000000365e-03
7.406697500000000000e+09	-4.779568399999999800e-03	-7.669714600000000423e-03
7.406699625000000000e+09	-4.697372299999999674e-03	-7.424406899999999587e-03
7.406701750000000000e+09	-4.770838099999999936e-03	-7.783966600000000007e-03
7.406703875000000000e+09	-4.494203799999999839e-03	-8.239454900000000095e-03
7.406706000000000000e+09	-4.843671499999999651e-03	-7.671518900000000307e-03
7.406708125000000000e+09	-4.694770099999999620e-03	-7.832923199999999517e-03
7.406710250000000000e+09	-4.762488199999999686e-03	-7.740668000000000028e-03
7.406712375000000000e+09	-4.797144799999999987e-03	-7.565342000000000074e-03
7.406714500000000000e+09	-4.731865899999999903e-03	-7.727200800000000314e-03
7.406716625000000000e+09	-4.715015500000000088e-03	-7.802298499999999783e-03
7.406718750000000000e+09	-4.959981500000000196e-03	-7.478481900000000238e-03
7.406720875000000000e+09	-5.027630699999999751e-03	-7.944889499999999855e-03
7.406723000000000000e+09	-4.733633099999999712e-03	-7.735384599999999868e-03
7.406725125000000000e+09	-5.008208299999999773e-03	-7.615190899999999853e-03
7.406727250000000000e+09	-4.894407299999999593e-03	-7.674267200000000309e-03
7.406729375000000000e+09	-4.882624000000000339e-03	-7.717340599999999821e-03
7.406731500000000000e+09	-5.016958600000000386e-03	-7.517291300000000266e-03
7.406733625000000000e+09	-4.930199100000000161e-03	-7.360236400000000172e-03
7.406735750000000000e+09	-5.018352599999999566e-03	-7.699058100000000411e-03
7.406737875000000000e+09	-4.944031599999999978e-03	-7.695693800000000251e-03
7.406740000000000000e+09	-5.056330099999999973e-03	-7.502260900000000052e-03
7.406742125000000000e+09	-4.906174899999999998e-03	-7.513043999999999972e-03
7.406744250000000000e+09	-4.940639000000000142e-03	-7.721140300000000137e-03
7.406746375000000000e+09	-4.793289699999999862e-03	-7.441140800000000007e-03
7.406748500000000000e+09	-4.501948300000000076e-03	-7.551404599999999613e-03
7.406750625000000000e+09	-4.836083100000000169e-03	-7.712015600000000221e-03
7.406752750000000000e+09	-4.978187099999999837e-03	-7.205498000000000285e-03
7.406754875000000000e+09	-4.888390299999999938e-03	-7.700942700000000356e-03
7.406757000000000000e+09	-4.628373499999999599e-03	-7.253357700000000012e-03
7.406759125000000000e+09	-4.656648999999999684e-03	-7.608125900000000177e-03
7.406761250000000000e+09	-5.323385299999999591e-03	-7.341838100000000304e-03
7.406763375000000000e+09	-4.596849699999999879e-03	-7.784682700000000038e-03
7.406765500000000000e+09	-4.638893699999999641e-03	-7.275199700000000227e-03
7.406767625000000000e+09	-5.006856700000000306e-03	-7.649760099999999841e-03
7.406769750000000000e+09	-5.289591500000000342e-03	-7.120599800000000298e-03
7.406771875000000000e+09	-5.206845499999999613e-03	-7.833543599999999441e-03
7.406774000000000000e+09	-4.772094900000000035e-03	-7.417602300000000239e-03
7.406776125000000000e+09	-4.855973599999999744e-03	-7.567044299999999869e-03
7.406778250000000000e+09	-5.104068100000000267e-03	-7.279443000000000025e-03
7.406780375000000000e+09	-4.793935899999999910e-03	-7.676813200000000281e-03
7.406782500000000000e+09	-5.108040599999999661e-03	-7.470645599999999921e-03
7.406784625000000000e+09	-5.106350800000000224e-03	-7.613133200000000295e-03
7.406786750000000000e+09	-4.882550400000000394e-03	-7.494897999999999838e-03
7.406788875000000000e+09	-4.828499600000000190e-03	-7.489431700000000192e-03
7.406791000000000000e+09	-5.026315499999999686e-03	-7.322370600000000125e-03
7.406793125000000000e+09	-5.153855500000000325e-03	-7.298561400000000421e-03
7.406795250000000000e+09	-5.454369599999999915e-03	-7.409779099999999619e-03
7.406797375000000000e+09	-5.299201400000000048e-03	-7.112099900000000072e-03
7.406799500000000000e+09	-5.081416299999999726e-03	-7.296847999999999876e-03
7.406801625000000000e+09	-5.344686300000000070e-03	-7.506764699999999776e-03
7.406803750000000000e+09	-5.301273100000000044e-03	-7.556322899999999738e-03
7.406805875000000000e+09	-5.221799800000000331e-03	-7.012906400000000311e-03
7.406808000000000000e+09	-5.078362700000000132e-03	-7.302599800000000169e-03
7.406810125000000000e+09	-5.038940599999999770e-03	-7.321414899999999920e-03
7.406812250000000000e+09	-5.389246900000000187e-03	-7.616694200000000310e-03
7.406814375000000000e+09	-5.040147800000000303e-03	-7.268925699999999671e-03
7.406816500000000000e+09	-5.095149200000000274e-03	-7.225984900000000273e-03
7.406818625000000000e+09	-4.863292800000000235e-03	-7.040361699999999993e-03
7.406820750000000000e+09	-5.277046100000000114e-03	-7.339936899999999903e-03
7.406822875000000000e+09	-4.937312200000000192e-03	-7.115052200000000250e-03
7.406825000000000000e+09	-5.189676699999999643e-03	-7.566987800000000118e-03
7.406827125000000000e+09	-5.320414600000000077e-03	-6.959910100000000176e-03
7.406829250000000000e+09	-5.231170500000000001e-03	-7.450653399999999926e-03
7.406831375000000000e+09	-5.122299799999999702e-03	-7.388538499999999787e-03
7.406833500000000000e+09	-4.759763400000000325e-03	-7.366723000000000368e-03
7.406835625000000000e+09	-5.257559699999999996e-03	-7.399425400000000409e-03
7.406837750000000000e+09	-5.364824500000000412e-03	-6.966141700000000152e-03
7.406839875000000000e+09	-5.348568100000000193e-03	-6.898487600000000226e-03
7.406842000000000000e+09	-5.318843000000000182e-03	-7.025985400000000353e-03
7.406844125000000000e+09	-5.339845999999999655e-03	-6.933475199999999776e-03
7.406846250000000000e+09	-4.635583100000000012e-03	-7.208217099999999870e-03
7.406848375000000000e+09	-5.136148200000000170e-03	-7.201260800000000399e-03
7.406850500000000000e+09	-5.408817500000000396e-03	-7.289608300000000041e-03
7.406852625000000000e+09	-5.185710300000000161e-03	-7.306278999999999725e-03
7.406854750000000000e+09	-5.028633999999999708e-03	-7.062749899999999983e-03
7.406856875000000000e+09	-5.119472899999999785e-03	-7.216014500000000366e-03
7.406859000000000000e+09	-5.187296600000000299e-03	-7.650791700000000341e-03
7.406861125000000000e+09	-5.277932400000000072e-03	-7.672718299999999915e-03
7.406863250000000000e+09	-5.492396600000000288e-03	-7.519173700000000328e-03
7.406865375000000000e+09	-4.826807399999999935e-03	-7.820440399999999820e-03
7.406867500000000000e+09	-5.376566000000000158e-03	-7.164386800000000291e-03
7.406869625000000000e+09	-5.198001199999999905e-03	-7.470876000000000426e-03
7.406871750000000000e+09	-5.515834100000000309e-03	-7.405795899999999612e-03
7.406873875000000000e+09	-5.090421599999999692e-03	-7.355812100000000235e-03
7.406876000000000000e+09	-4.994674900000000035e-03	-7.381568899999999683e-03
7.406878125000000000e+09	-5.034578900000000364e-03	-7.577840599999999954e-03
7.406880250000000000e+09	-5.315388899999999757e-03	-7.449398500000000041e-03
7.406882375000000000e+09	-4.897995799999999879e-03	-7.328099400000000381e-03
7.406884500000000000e+09	-5.128749600000000360e-03	-7.350963599999999626e-03
7.406886625000000000e+09	-5.165310999999999687e-03	-7.567246199999999763e-03
7.406888750000000000e+09	-5.145136399999999943e-03	-7.491923000000000159e-03
7.406890875000000000e+09	-4.896131800000000020e-03	-7.651582300000000190e-03
7.406893000000000000e+09	-5.221125299999999740e-03	-7.587457300000000245e-03
7.406895125000000000e+09	-5.181949800000000203e-03	-7.285169999999999667e-03
7.406897250000000000e+09	-5.127691000000000193e-03	-7.313213699999999637e-03
7.406899375000000000e+09	-5.060830500000000273e-03	-7.558729800000000415e-03
7.406901500000000000e+09	-4.900136099999999849e-03	-7.902138700000000196e-03
7.406903625000000000e+09	-5.203703799999999900e-03	-7.207323300000000391e-03
7.406905750000000000e+09	-5.066303500000000036e-03	-7.535658800000000039e-03
7.406907875000000000e+09	-5.134090099999999608e-03	-7.423029000000000259e-03
7.406910000000000000e+09	-5.102840800000000253e-03	-7.727412999999999817e-03
7.406912125000000000e+09	-5.219024299999999728e-03	-7.524814599999999666e-03
7.406914250000000000e+09	-5.516675799999999803e-03	-7.273550299999999823e-03
7.406916375000000000e+09	-5.108019699999999906e-03	-7.597739099999999655e-03
7.406918500000000000e+09	-5.221118700000000092e-03	-7.385473899999999911e-03
7.406920625000000000e+09	-5.293716500000000130e-03	-7.844442300000000617e-03
7.406922750000000000e+09	-5.207190900000000303e-03	-7.753944700000000266e-03
7.406924875000000000e+09	-5.167043300000000172e-03	-7.487144000000000264e-03
7.406927000000000000e+09	-5.134570100000000227e-03	-7.682243000000000058e-03
7.406929125000000000e+09	-5.016868499999999585e-03	-7.521892599999999846e-03
7.406931250000000000e+09	-5.076285500000000429e-03	-7.416467199999999572e-03
7.406933375000000000e+09	-5.143226899999999747e-03	-7.344088999999999826e-03
7.406935500000000000e+09	-5.354772499999999567e-03	-7.328345699999999803e-03
7.406937625000000000e+09	-5.144438500000000046e-03	-7.496772199999999706e-03
7.406939750000000000e+09	-5.090700499999999823e-03	-7.415741600000000204e-03
7.406941875000000000e+09	-5.083899599999999568e-03	-7.547329699999999995e-03
7.406944000000000000e+09	-4.747583300000000200e-03	-7.448887700000000195e-03
7.406946125000000000e+09	-4.938324000000000012e-03	-7.465424800000000291e-03
7.406948250000000000e+09	-5.631890399999999776e-03	-7.664288000000000003e-03
7.406950375000000000e+09	-5.343954700000000391e-03	-7.455645500000000064e-03
7.406952500000000000e+09	-5.285598399999999995e-03	-7.494595399999999866e-03
7.406954625000000000e+09	-4.841146499999999901e-03	-7.603269799999999579e-03
7.406956750000000000e+09	-5.256153999999999861e-03	-7.613659800000000324e-03
7.406958875000000000e+09	-5.035673400000000195e-03	-7.925808499999999202e-03
7.406961000000000000e+09	-5.275900000000000034e-03	-7.513095499999999753e-03
7.406963125000000000e+09	-4.995180899999999979e-03	-7.903563199999999803e-03
7.406965250000000000e+09	-5.378873499999999898e-03	-7.451310800000000324e-03
7.406967375000000000e+09	-5.368937699999999646e-03	-7.552955299999999754e-03
7.406969500000000000e+09	-5.210110799999999841e-03	-8.060839999999999672e-03
7.406971625000000000e+09	-5.631254500000000204e-03	-7.446779700000000397e-03
7.406973750000000000e+09	-5.110080000000000351e-03	-7.873487599999999531e-03
7.406975875000000000e+09	-5.227249199999999853e-03	-7.959070699999999318e-03
7.406978000000000000e+09	-5.290051999999999949e-03	-7.683197999999999590e-03
7.406980125000000000e+09	-4.683516799999999820e-03	-7.869614000000000470e-03
7.406982250000000000e+09	-5.176797000000000343e-03	-7.974014300000000291e-03
7.406984375000000000e+09	-5.227075700000000102e-03	-7.677734700000000100e-03
7.406986500000000000e+09	-5.437289500000000268e-03	-7.671440800000000129e-03
7.406988625000000000e+09	-5.612933399999999774e-03	-7.938641800000000026e-03
7.406990750000000000e+09	-5.408411000000000121e-03	-8.162223600000000773e-03
7.406992875000000000e+09	-5.222562899999999911e-03	-7.699578599999999662e-03
7.406995000000000000e+09	-5.432380300000000210e-03	-7.997393099999999810e-03
7.406997125000000000e+09	-5.403670499999999911e-03	-7.450477399999999757e-03
7.406999250000000000e+09	-5.391093700000000252e-03	-7.770947099999999871e-03
7.407001375000000000e+09	-5.103586400000000370e-03	-7.725682900000000082e-03
7.407003500000000000e+09	-5.306214899999999943e-03	-7.690444299999999941e-03
7.407005625000000000e+09	-5.196483000000000005e-03	-7.970449399999999379e-03
7.407007750000000000e+09	-5.356689700000000220e-03	-7.617790699999999957e-03
7.407009875000000000e+09	-4.851414400000000210e-03	-7.909097999999999823e-03
7.407012000000000000e+09	-5.379959600000000335e-03	-7.779063400000000260e-03
7.407014125000000000e+09	-5.425108500000000271e-03	-7.715864200000000298e-03
7.407016250000000000e+09	-5.439776599999999671e-03	-7.775558000000000122e-03
7.407018375000000000e+09	-5.485982999999999832e-03	-7.875259900000000646e-03
7.407020500000000000e+09	-5.333724899999999630e-03	-7.714612299999999701e-03
7.407022625000000000e+09	-5.572191800000000049e-03	-7.736400899999999921e-03
7.407024750000000000e+09	-5.195030800000000060e-03	-7.423159300000000023e-03
7.407026875000000000e+09	-5.488818799999999748e-03	-7.759359500000000132e-03
7.407029000000000000e+09	-5.559979399999999752e-03	-7.515579500000000267e-03
7.407031125000000000e+09	-5.355298500000000260e-03	-7.558097599999999937e-03
7.407033250000000000e+09	-5.157496099999999729e-03	-7.502487399999999661e-03
7.407035375000000000e+09	-5.264717500000000092e-03	-7.850984000000000088e-03
7.407037500000000000e+09	-5.202308699999999911e-03	-7.695936500000000180e-03
7.407039625000000000e+09	-5.502986700000000314e-03	-7.524985500000000264e-03
7.407041750000000000e+09	-5.681369099999999950e-03	-7.598460700000000262e-03
7.407043875000000000e+09	-5.240522899999999935e-03	-7.685234099999999589e-03
7.407046000000000000e+09	-5.366688599999999872e-03	-7.575017800000000134e-03
7.407048125000000000e+09	-5.329524000000000414e-03	-7.773521999999999724e-03
7.407050250000000000e+09	-5.431097000000000181e-03	-7.673568900000000276e-03
7.407052375000000000e+09	-5.318632099999999821e-03	-7.494794699999999740e-03
7.407054500000000000e+09	-5.502929200000000222e-03	-7.398618299999999703e-03
7.407056625000000000e+09	-5.398319399999999650e-03	-8.046526199999999227e-03
7.407058750000000000e+09	-5.538458900000000316e-03	-7.604066199999999671e-03
7.407060875000000000e+09	-5.366562800000000341e-03	-7.710626800000000211e-03
7.407063000000000000e+09	-5.334726399999999841e-03	-7.436100499999999912e-03
7.407065125000000000e+09	-5.490609199999999662e-03	-7.506728300000000374e-03
7.407067250000000000e+09	-5.288573799999999811e-03	-7.668592999999999590e-03
7.407069375000000000e+09	-5.300853200000000404e-03	-7.714103699999999737e-03
7.407071500000000000e+09	-5.376462099999999855e-03	-7.836467899999999612e-03
7.407073625000000000e+09	-5.286590199999999934e-03	-7.830174800000000782e-03
7.407075750000000000e+09	-5.480405100000000293e-03	-7.801684100000000170e-03
7.407077875000000000e+09	-5.589963199999999945e-03	-7.402982800000000065e-03
7.407080000000000000e+09	-5.183206499999999835e-03	-7.491556199999999978e-03
7.407082125000000000e+09	-5.561497500000000052e-03	-7.934859699999999641e-03
7.407084250000000000e+09	-5.239817400000000049e-03	-7.460609899999999864e-03
7.407086375000000000e+09	-5.820686799999999668e-03	-7.546550899999999833e-03
7.407088500000000000e+09	-5.377902999999999850e-03	-7.601209000000000264e-03
7.407090625000000000e+09	-5.508053700000000406e-03	-7.401148800000000028e-03
7.407092750000000000e+09	-5.445418500000000217e-03	-7.367912299999999567e-03
7.407094875000000000e+09	-5.381300999999999793e-03	-7.489982600000000268e-03
7.407097000000000000e+09	-5.596410599999999784e-03	-7.282976400000000169e-03
7.407099125000000000e+09	-5.649694700000000049e-03	-7.659406300000000216e-03
7.407101250000000000e+09	-5.571646700000000216e-03	-7.467206100000000138e-03
7.407103375000000000e+09	-5.769318899999999715e-03	-7.564647300000000400e-03
7.407105500000000000e+09	-5.305666599999999886e-03	-7.479116800000000335e-03
7.407107625000000000e+09	-5.626383199999999626e-03	-7.448740700000000374e-03
7.407109750000000000e+09	-5.461818499999999965e-03	-7.857744700000000512e-03
7.407111875000000000e+09	-5.769445699999999587e-03	-7.585020900000000350e-03
7.407114000000000000e+09	-5.507936700000000407e-03	-7.606930100000000063e-03
7.407116125000000000e+09	-5.348455799999999628e-03	-7.585683400000000319e-03
7.407118250000000000e+09	-5.423746099999999723e-03	-7.830735800000000399e-03
7.407120375000000000e+09	-5.717611200000000116e-03	-7.585806500000000230e-03
7.407122500000000000e+09	-5.610274299999999832e-03	-7.539511199999999677e-03
7.407124625000000000e+09	-5.965725699999999652e-03	-7.541695499999999906e-03
7.407126750000000000e+09	-5.478565500000000081e-03	-7.409428600000000226e-03
7.407128875000000000e+09	-5.675700399999999805e-03	-7.548823100000000112e-03
7.407131000000000000e+09	-5.513858899999999827e-03	-7.823645100000000199e-03
7.407133125000000000e+09	-5.620768699999999750e-03	-7.348409600000000395e-03
7.407135250000000000e+09	-5.396706000000000246e-03	-7.634022300000000393e-03
7.407137375000000000e+09	-5.623256600000000292e-03	-7.529788600000000137e-03
7.407139500000000000e+09	-5.494889900000000070e-03	-7.320069299999999897e-03
7.407141625000000000e+09	-5.684721499999999955e-03	-7.503340100000000304e-03
7.407143750000000000e+09	-5.746865500000000043e-03	-7.706552499999999931e-03
7.407145875000000000e+09	-5.825089999999999782e-03	-7.485541099999999670e-03
7.407148000000000000e+09	-5.868056099999999567e-03	-7.688000300000000058e-03
7.407150125000000000e+09	-5.698406199999999679e-03	-7.500096999999999840e-03
7.407152250000000000e+09	-5.909814499999999950e-03	-7.780942300000000429e-03
7.407154375000000000e+09	-5.566738400000000031e-03	-7.365346600000000250e-03
7.407156500000000000e+09	-5.723777200000000273e-03	-7.363930399999999571e-03
7.407158625000000000e+09	-5.897678100000000416e-03	-7.324133600000000237e-03
7.407160750000000000e+09	-5.873394100000000131e-03	-7.348915400000000271e-03
7.407162875000000000e+09	-5.501742599999999775e-03	-6.977284000000000264e-03
7.407165000000000000e+09	-5.730159599999999631e-03	-7.164726199999999802e-03
7.407167125000000000e+09	-5.980465299999999582e-03	-6.991723600000000240e-03
7.407169250000000000e+09	-6.059196400000000336e-03	-7.424351000000000041e-03
7.407171375000000000e+09	-6.171854899999999929e-03	-7.285732900000000366e-03
7.407173500000000000e+09	-5.982011199999999820e-03	-7.544184500000000390e-03
7.407175625000000000e+09	-5.702233200000000196e-03	-7.483677000000000211e-03
7.407177750000000000e+09	-6.046715000000000249e-03	-7.138745800000000433e-03
7.407179875000000000e+09	-5.853223599999999617e-03	-7.391196600000000255e-03
7.407182000000000000e+09	-6.026182799999999992e-03	-7.327964400000000315e-03
7.407184125000000000e+09	-6.005519200000000030e-03	-7.199797800000000240e-03
7.407186250000000000e+09	-5.947959899999999932e-03	-7.444902100000000238e-03
7.407188375000000000e+09	-6.037496300000000371e-03	-7.384087200000000184e-03
7.407190500000000000e+09	-5.590352500000000426e-03	-7.565709799999999728e-03
7.407192625000000000e+09	-5.903831499999999746e-03	-7.175102000000000042e-03
7.407194750000000000e+09	-5.872424700000000025e-03	-7.101129099999999895e-03
7.407196875000000000e+09	-5.699033200000000118e-03	-7.271155700000000305e-03
7.407199000000000000e+09	-5.883894899999999629e-03	-7.198500000000000038e-03
7.407201125000000000e+09	-5.931878699999999609e-03	-7.428326600000000057e-03
7.407203250000000000e+09	-5.815955999999999730e-03	-7.502098900000000320e-03
7.407205375000000000e+09	-5.784105900000000196e-03	-7.300001900000000279e-03
7.407207500000000000e+09	-5.754300199999999588e-03	-7.285595700000000417e-03
7.407209625000000000e+09	-5.568976899999999661e-03	-7.219364500000000420e-03
7.407211750000000000e+09	-6.001776599999999670e-03	-7.200528200000000378e-03
7.407213875000000000e+09	-5.914632999999999870e-03	-7.590112999999999895e-03
7.407216000000000000e+09	-5.881507999999999702e-03	-7.317063399999999655e-03
7.407218125000000000e+09	-6.072915499999999647e-03	-7.039880099999999696e-03
7.407220250000000000e+09	-6.026930300000000323e-03	-7.323008899999999648e-03
7.407222375000000000e+09	-5.953957699999999978e-03	-7.581429399999999909e-03
7.407224500000000000e+09	-6.097594300000000120e-03	-7.185984200000000363e-03
7.407226625000000000e+09	-5.864066299999999912e-03	-7.605465599999999826e-03
7.407228750000000000e+09	-6.272743199999999963e-03	-7.382693600000000272e-03
7.407230875000000000e+09	-6.137827600000000418e-03	-7.235773299999999700e-03
7.407233000000000000e+09	-6.150968500000000318e-03	-7.134046500000000395e-03
7.407235125000000000e+09	-5.841404899999999567e-03	-7.182888699999999925e-03
7.407237250000000000e+09	-5.938675400000000167e-03	-7.281041000000000249e-03
7.407239375000000000e+09	-6.040628200000000211e-03	-7.293267600000000184e-03
7.407241500000000000e+09	-6.187842399999999958e-03	-7.345492300000000009e-03
7.407243625000000000e+09	-6.137062900000000293e-03	-7.293876500000000089e-03
7.407245750000000000e+09	-6.260687899999999896e-03	-6.942149800000000162e-03
7.407247875000000000e+09	-6.041481100000000055e-03	-7.055976000000000262e-03
7.407250000000000000e+09	-5.963824300000000050e-03	-7.291152900000000270e-03
7.407252125000000000e+09	-6.169732199999999889e-03	-6.861761299999999744e-03
7.407254250000000000e+09	-6.003065999999999611e-03	-6.778205600000000025e-03
7.407256375000000000e+09	-6.087769399999999956e-03	-7.308049199999999690e-03
7.407258500000000000e+09	-5.877153199999999612e-03	-7.149332300000000098e-03
7.407260625000000000e+09	-6.256095599999999916e-03	-6.939087200000000101e-03
7.407262750000000000e+09	-6.287357099999999963e-03	-7.091649000000000216e-03
7.407264875000000000e+09	-6.003753599999999899e-03	-6.788461600000000179e-03
7.407267000000000000e+09	-6.030853000000000082e-03	-7.119538299999999577e-03
7.407269125000000000e+09	-6.463149300000000166e-03	-7.158527700000000271e-03
7.407271250000000000e+09	-5.883064999999999822e-03	-7.196614999999999956e-03
7.407273375000000000e+09	-6.178611700000000324e-03	-7.056616899999999803e-03
7.407275500000000000e+09	-6.154654100000000322e-03	-6.842799999999999577e-03
7.407277625000000000e+09	-6.183158700000000035e-03	-7.034213499999999834e-03
7.407279750000000000e+09	-6.158455699999999984e-03	-7.027219700000000152e-03
7.407281875000000000e+09	-6.294647500000000173e-03	-7.267762300000000196e-03
7.407284000000000000e+09	-6.123617300000000138e-03	-7.510100399999999725e-03
7.407286125000000000e+09	-6.137456200000000403e-03	-7.057376399999999890e-03
7.407288250000000000e+09	-6.146823899999999917e-03	-7.368208200000000291e-03
7.407290375000000000e+09	-6.303982300000000177e-03	-7.472738199999999671e-03
7.407292500000000000e+09	-5.912597200000000407e-03	-7.073859200000000118e-03
7.407294625000000000e+09	-6.138591700000000338e-03	-7.254899599999999754e-03
7.407296750000000000e+09	-6.198203600000000424e-03	-7.144648899999999844e-03
7.407298875000000000e+09	-6.260423499999999940e-03	-7.224417599999999676e-03
7.407301000000000000e+09	-6.171307899999999881e-03	-7.165752499999999796e-03
7.407303125000000000e+09	-6.000312100000000301e-03	-7.134808000000000296e-03
7.407305250000000000e+09	-6.410616899999999931e-03	-6.870108100000000238e-03
7.407307375000000000e+09	-6.157143099999999938e-03	-6.933778100000000284e-03
7.407309500000000000e+09	-6.288557799999999580e-03	-7.236333799999999580e-03
7.407311625000000000e+09	-6.137600200000000068e-03	-6.910969999999999787e-03
7.407313750000000000e+09	-6.428070900000000011e-03	-6.685234600000000173e-03
7.407315875000000000e+09	-6.461196300000000316e-03	-7.357320500000000263e-03
7.407318000000000000e+09	-6.390566999999999775e-03	-7.221897599999999896e-03
7.407320125000000000e+09	-6.122147399999999795e-03	-7.166138399999999985e-03
7.407322250000000000e+09	-6.284732399999999608e-03	-7.342718100000000282e-03
7.407324375000000000e+09	-6.362583100000000248e-03	-6.910732000000000159e-03
7.407326500000000000e+09	-6.370830600000000274e-03	-7.057565099999999619e-03
7.407328625000000000e+09	-6.277067100000000358e-03	-6.758921600000000404e-03
7.407330750000000000e+09	-6.258693299999999737e-03	-6.985249399999999935e-03
7.407332875000000000e+09	-6.207121099999999940e-03	-6.934983700000000272e-03
7.407335000000000000e+09	-6.327211699999999925e-03	-7.106013999999999907e-03
7.407337125000000000e+09	-6.394587600000000392e-03	-6.998928899999999620e-03
7.407339250000000000e+09	-6.475385600000000373e-03	-6.984709799999999809e-03
7.407341375000000000e+09	-6.426748999999999830e-03	-6.862143900000000109e-03
7.407343500000000000e+09	-6.187842699999999627e-03	-6.923301100000000229e-03
7.407345625000000000e+09	-6.621020000000000030e-03	-6.757670599999999680e-03
7.407347750000000000e+09	-6.276832199999999619e-03	-7.045227700000000065e-03
7.407349875000000000e+09	-6.301959499999999943e-03	-6.643013599999999901e-03
7.407352000000000000e+09	-6.417088799999999885e-03	-6.679131300000000146e-03
7.407354125000000000e+09	-6.149186400000000198e-03	-6.910694299999999880e-03
7.407356250000000000e+09	-6.450082000000000211e-03	-7.228377700000000045e-03
7.407358375000000000e+09	-6.445532500000000081e-03	-6.759460000000000121e-03
7.407360500000000000e+09	-6.317203399999999670e-03	-6.856933299999999620e-03
7.407362625000000000e+09	-6.533893199999999887e-03	-6.841705899999999882e-03
7.407364750000000000e+09	-6.239139700000000122e-03	-7.271542800000000036e-03
7.407366875000000000e+09	-6.146773099999999941e-03	-6.666660900000000341e-03
7.407369000000000000e+09	-6.523267499999999865e-03	-7.231116899999999979e-03
7.407371125000000000e+09	-6.335136600000000097e-03	-7.068299800000000382e-03
7.407373250000000000e+09	-6.439682000000000392e-03	-6.820259700000000196e-03
7.407375375000000000e+09	-6.348238299999999640e-03	-6.836831899999999684e-03
7.407377500000000000e+09	-6.417782399999999617e-03	-6.822321000000000114e-03
7.407379625000000000e+09	-6.645601099999999713e-03	-6.920440600000000129e-03
7.407381750000000000e+09	-6.612767599999999635e-03	-6.975235800000000042e-03
7.407383875000000000e+09	-6.189644499999999959e-03	-6.444852400000000182e-03
7.407386000000000000e+09	-6.136899399999999616e-03	-6.794661999999999924e-03
7.407388125000000000e+09	-6.409642899999999990e-03	-6.846657699999999722e-03
7.407390250000000000e+09	-6.156048400000000038e-03	-6.861979899999999695e-03
7.407392375000000000e+09	-6.496431199999999628e-03	-6.882286999999999953e-03
7.407394500000000000e+09	-6.477481799999999616e-03	-6.891474499999999601e-03
7.407396625000000000e+09	-6.297528800000000426e-03	-7.135375999999999698e-03
7.407398750000000000e+09	-6.688148799999999936e-03	-6.664623700000000400e-03
7.407400875000000000e+09	-6.155025899999999606e-03	-6.725710600000000400e-03
7.407403000000000000e+09	-6.439801400000000342e-03	-6.815632200000000356e-03
7.407405125000000000e+09	-6.332427899999999721e-03	-7.246130699999999737e-03
7.407407250000000000e+09	-6.830024700000000316e-03	-6.986462300000000243e-03
7.407409375000000000e+09	-6.407305700000000097e-03	-7.418704100000000391e-03
7.407411500000000000e+09	-6.605477799999999629e-03	-6.779041900000000280e-03
7.407413625000000000e+09	-6.575647999999999910e-03	-6.637107700000000401e-03
7.407415750000000000e+09	-6.673182799999999998e-03	-6.552743800000000035e-03
7.407417875000000000e+09	-6.989946700000000158e-03	-6.950118699999999726e-03
7.407420000000000000e+09	-6.554617799999999835e-03	-6.690156800000000327e-03
7.407422125000000000e+09	-6.754108499999999723e-03	-6.798657700000000290e-03
7.407424250000000000e+09	-6.462489400000000217e-03	-7.033988799999999972e-03
7.407426375000000000e+09	-6.500945400000000297e-03	-6.769485399999999702e-03
7.407428500000000000e+09	-6.471494199999999579e-03	-6.800655699999999873e-03
7.407430625000000000e+09	-6.506121999999999600e-03	-6.580577699999999586e-03
7.407432750000000000e+09	-6.637953599999999593e-03	-6.860020399999999796e-03
7.407434875000000000e+09	-6.855838199999999584e-03	-6.903882600000000279e-03
7.407437000000000000e+09	-6.562225500000000260e-03	-6.741407399999999744e-03
7.407439125000000000e+09	-6.876390599999999791e-03	-6.571523999999999595e-03
7.407441250000000000e+09	-6.869293099999999874e-03	-6.462065200000000412e-03
7.407443375000000000e+09	-6.709488399999999700e-03	-6.788137700000000316e-03
7.407445500000000000e+09	-6.566024400000000302e-03	-6.631687699999999630e-03
7.407447625000000000e+09	-6.424931899999999918e-03	-6.669947199999999923e-03
7.407449750000000000e+09	-6.704265800000000323e-03	-6.294813600000000002e-03
7.407451875000000000e+09	-6.884471799999999919e-03	-6.464012899999999756e-03
7.407454000000000000e+09	-6.748117599999999862e-03	-6.384960500000000025e-03
7.407456125000000000e+09	-6.664268299999999770e-03	-6.662019400000000063e-03
7.407458250000000000e+09	-6.452088100000000388e-03	-6.683317299999999919e-03
7.407460375000000000e+09	-6.823404400000000064e-03	-6.624839799999999827e-03
7.407462500000000000e+09	-6.575972299999999909e-03	-6.791904300000000186e-03
7.407464625000000000e+09	-6.743405400000000195e-03	-6.363467700000000060e-03
7.407466750000000000e+09	-6.382129799999999679e-03	-6.595536600000000138e-03
7.407468875000000000e+09	-6.483114499999999628e-03	-6.700009899999999699e-03
7.407471000000000000e+09	-6.809351200000000014e-03	-6.751891500000000053e-03
7.407473125000000000e+09	-6.550048600000000359e-03	-6.744477599999999795e-03
7.407475250000000000e+09	-6.828015100000000247e-03	-6.724166999999999644e-03
7.407477375000000000e+09	-6.443158499999999782e-03	-7.080274200000000184e-03
7.407479500000000000e+09	-6.954214999999999702e-03	-6.760859400000000276e-03
7.407481625000000000e+09	-6.936407700000000141e-03	-6.327624700000000248e-03
7.407483750000000000e+09	-6.631809599999999999e-03	-6.792035899999999959e-03
7.407485875000000000e+09	-6.452483299999999845e-03	-6.192506000000000399e-03
7.407488000000000000e+09	-7.069881200000000150e-03	-6.382312000000000228e-03
7.407490125000000000e+09	-6.538244999999999821e-03	-6.717365500000000052e-03
7.407492250000000000e+09	-6.556958899999999757e-03	-6.613953799999999945e-03
7.407494375000000000e+09	-6.832400899999999631e-03	-6.642449600000000128e-03
7.407496500000000000e+09	-6.741695800000000079e-03	-6.518444099999999575e-03
7.407498625000000000e+09	-6.749388700000000067e-03	-6.258331599999999995e-03
7.407500750000000000e+09	-6.781678900000000058e-03	-6.741298399999999871e-03
7.407502875000000000e+09	-6.745011700000000214e-03	-6.928323699999999925e-03
7.407505000000000000e+09	-6.762791399999999904e-03	-6.477711199999999780e-03
7.407507125000000000e+09	-6.785054599999999769e-03	-6.573477200000000381e-03
7.407509250000000000e+09	-7.362862199999999600e-03	-6.415502600000000215e-03
7.407511375000000000e+09	-6.636535600000000035e-03	-6.427747900000000021e-03
7.407513500000000000e+09	-7.018808300000000180e-03	-6.818680500000000311e-03
7.407515625000000000e+09	-6.735172700000000012e-03	-6.591274700000000070e-03
7.407517750000000000e+09	-6.800162799999999626e-03	-6.131790699999999615e-03
7.407519875000000000e+09	-7.081160399999999674e-03	-6.604201700000000320e-03
7.407522000000000000e+09	-6.850105700000000235e-03	-6.407821499999999913e-03
7.407524125000000000e+09	-7.072094899999999996e-03	-6.788601600000000215e-03
7.407526250000000000e+09	-6.978247899999999795e-03	-6.593924000000000139e-03
7.407528375000000000e+09	-7.013318999999999630e-03	-6.438770800000000183e-03
7.407530500000000000e+09	-6.995447299999999792e-03	-6.364881900000000058e-03
7.407532625000000000e+09	-6.896635800000000191e-03	-6.705349000000000205e-03
7.407534750000000000e+09	-7.347480200000000052e-03	-6.424164999999999910e-03
7.407536875000000000e+09	-7.278533799999999630e-03	-6.419676800000000301e-03
7.407539000000000000e+09	-7.008824999999999777e-03	-6.291214699999999639e-03
7.407541125000000000e+09	-6.805572099999999784e-03	-6.428880799999999937e-03
7.407543250000000000e+09	-6.920482099999999970e-03	-6.729086999999999916e-03
7.407545375000000000e+09	-6.594376699999999689e-03	-6.427202299999999584e-03
7.407547500000000000e+09	-6.930666000000000257e-03	-6.339315899999999754e-03
7.407549625000000000e+09	-7.174987899999999731e-03	-6.499084999999999931e-03
7.407551750000000000e+09	-6.790689600000000131e-03	-6.380422699999999982e-03
7.407553875000000000e+09	-7.023766800000000136e-03	-6.389453699999999604e-03
7.407556000000000000e+09	-7.068101499999999981e-03	-6.575971299999999568e-03
7.407558125000000000e+09	-6.900801699999999615e-03	-6.470721500000000195e-03
7.407560250000000000e+09	-6.927692499999999788e-03	-6.234579199999999710e-03
7.407562375000000000e+09	-6.942414299999999719e-03	-6.188128400000000341e-03
7.407564500000000000e+09	-6.980974200000000102e-03	-6.217169699999999626e-03
7.407566625000000000e+09	-7.153447000000000278e-03	-6.047417700000000049e-03
7.407568750000000000e+09	-6.651091300000000137e-03	-6.253067200000000242e-03
7.407570875000000000e+09	-6.934066600000000219e-03	-6.152353799999999567e-03
7.407573000000000000e+09	-6.955842799999999680e-03	-6.202703399999999652e-03
7.407575125000000000e+09	-6.866945200000000235e-03	-6.539979300000000120e-03
7.407577250000000000e+09	-7.488601899999999985e-03	-6.377613399999999995e-03
7.407579375000000000e+09	-7.303876899999999818e-03	-6.120730599999999778e-03
7.407581500000000000e+09	-6.996671399999999583e-03	-6.199892200000000318e-03
7.407583625000000000e+09	-6.989030700000000047e-03	-6.619930700000000237e-03
7.407585750000000000e+09	-6.881534800000000188e-03	-6.154328799999999981e-03
7.407587875000000000e+09	-6.922877000000000024e-03	-6.348582099999999784e-03
7.407590000000000000e+09	-7.124159899999999573e-03	-6.047089000000000283e-03
7.407592125000000000e+09	-6.770277300000000428e-03	-6.273676300000000268e-03
7.407594250000000000e+09	-6.894380399999999569e-03	-5.898585199999999661e-03
7.407596375000000000e+09	-7.303771700000000373e-03	-6.429785500000000098e-03
7.407598500000000000e+09	-7.300345399999999887e-03	-6.182916999999999580e-03
7.407600625000000000e+09	-7.174279500000000157e-03	-6.249278199999999672e-03
7.407602750000000000e+09	-6.987589199999999848e-03	-5.959042300000000000e-03
7.407604875000000000e+09	-7.087286299999999602e-03	-6.206080000000000103e-03
7.407607000000000000e+09	-7.028098099999999585e-03	-5.812793400000000263e-03
7.407609125000000000e+09	-6.956571899999999808e-03	-6.702155999999999912e-03
7.407611250000000000e+09	-7.263553399999999986e-03	-6.257409599999999572e-03
7.407613375000000000e+09	-7.129543700000000143e-03	-6.157143399999999607e-03
7.407615500000000000e+09	-7.191122500000000049e-03	-6.013485800000000110e-03
7.407617625000000000e+09	-7.022091099999999871e-03	-6.367006799999999980e-03
7.407619750000000000e+09	-7.251583399999999950e-03	-6.179155399999999680e-03
7.407621875000000000e+09	-7.246949600000000130e-03	-6.079850300000000027e-03
7.407624000000000000e+09	-6.792237100000000048e-03	-6.126461700000000385e-03
7.407626125000000000e+09	-6.953645900000000359e-03	-6.209072300000000044e-03
7.407628250000000000e+09	-6.943576899999999788e-03	-6.417838799999999767e-03
7.407630375000000000e+09	-6.963803299999999849e-03	-6.102354100000000406e-03
7.407632500000000000e+09	-7.218266499999999829e-03	-6.538809900000000334e-03
7.407634625000000000e+09	-7.198216999999999810e-03	-6.361427499999999964e-03
7.407636750000000000e+09	-6.986207900000000227e-03	-5.847512099999999623e-03
7.407638875000000000e+09	-7.302020900000000085e-03	-6.325925799999999877e-03
7.407641000000000000e+09	-7.215465600000000104e-03	-5.959634200000000180e-03
7.407643125000000000e+09	-7.328321700000000292e-03	-6.323500800000000401e-03
7.407645250000000000e+09	-7.740582299999999860e-03	-6.028522500000000305e-03
7.407647375000000000e+09	-7.076619699999999943e-03	-5.863719699999999681e-03
7.407649500000000000e+09	-7.368993800000000170e-03	-5.685859799999999978e-03
7.407651625000000000e+09	-7.233514100000000384e-03	-6.093188700000000055e-03
7.407653750000000000e+09	-6.749735599999999967e-03	-6.185503499999999918e-03
7.407655875000000000e+09	-7.302473900000000170e-03	-5.928981699999999640e-03
7.407658000000000000e+09	-7.253979199999999877e-03	-6.040149400000000002e-03
7.407660125000000000e+09	-7.204186199999999644e-03	-5.707710500000000124e-03
7.407662250000000000e+09	-6.991393400000000397e-03	-6.026616299999999933e-03
7.407664375000000000e+09	-7.316532700000000396e-03	-6.005669800000000211e-03
7.407666500000000000e+09	-7.307247700000000026e-03	-6.181799499999999711e-03
7.407668625000000000e+09	-6.726999200000000068e-03	-6.136821800000000042e-03
7.407670750000000000e+09	-7.146556400000000225e-03	-6.062016100000000400e-03
7.407672875000000000e+09	-7.378722100000000353e-03	-5.828147300000000204e-03
7.407675000000000000e+09	-7.183249400000000194e-03	-6.057513500000000217e-03
7.407677125000000000e+09	-7.236057500000000337e-03	-5.757102000000000053e-03
7.407679250000000000e+09	-7.013151300000000123e-03	-5.789341400000000068e-03
7.407681375000000000e+09	-7.463803100000000225e-03	-5.957576099999999618e-03
7.407683500000000000e+09	-6.940342999999999860e-03	-5.824859800000000212e-03
7.407685625000000000e+09	-7.427752000000000139e-03	-6.241226600000000097e-03
7.407687750000000000e+09	-7.191681999999999589e-03	-5.949519999999999809e-03
7.407689875000000000e+09	-7.244589200000000132e-03	-5.956827599999999813e-03
7.407692000000000000e+09	-7.569797900000000378e-03	-5.634729899999999653e-03
7.407694125000000000e+09	-7.441062499999999760e-03	-5.676512800000000150e-03
7.407696250000000000e+09	-7.303054300000000332e-03	-5.798686400000000081e-03
7.407698375000000000e+09	-6.974215100000000223e-03	-6.043087299999999606e-03
7.407700500000000000e+09	-7.638853000000000136e-03	-5.972877599999999905e-03
7.407702625000000000e+09	-7.078472500000000320e-03	-6.048086099999999861e-03
7.407704750000000000e+09	-7.349246200000000319e-03	-5.860404399999999750e-03
7.407706875000000000e+09	-7.244582200000000347e-03	-6.054096499999999867e-03
7.407709000000000000e+09	-7.419628099999999761e-03	-6.130576399999999697e-03
7.407711125000000000e+09	-7.045761999999999685e-03	-6.092202700000000359e-03
7.407713250000000000e+09	-7.417662299999999882e-03	-5.952974699999999571e-03
7.407715375000000000e+09	-7.392798600000000109e-03	-5.841049400000000204e-03
7.407717500000000000e+09	-7.265142100000000075e-03	-6.307154399999999848e-03
7.407719625000000000e+09	-7.372196099999999731e-03	-6.189331699999999978e-03
7.407721750000000000e+09	-7.384410499999999843e-03	-5.970695399999999958e-03
7.407723875000000000e+09	-7.265825899999999934e-03	-5.741467600000000303e-03
7.407726000000000000e+09	-7.330439400000000362e-03	-5.706201299999999824e-03
7.407728125000000000e+09	-7.384635999999999978e-03	-5.894762999999999913e-03
7.407730250000000000e+09	-7.413423899999999588e-03	-5.928699899999999821e-03
7.407732375000000000e+09	-7.261972000000000219e-03	-5.883479500000000223e-03
7.407734500000000000e+09	-7.187450100000000210e-03	-5.932093900000000135e-03
7.407736625000000000e+09	-7.658923300000000309e-03	-5.822589599999999747e-03
7.407738750000000000e+09	-7.398361099999999600e-03	-5.813253800000000270e-03
7.407740875000000000e+09	-7.361581499999999591e-03	-5.666054900000000102e-03
7.407743000000000000e+09	-7.099915600000000250e-03	-5.769649100000000426e-03
7.407745125000000000e+09	-7.707928900000000048e-03	-5.673112600000000325e-03
7.407747250000000000e+09	-7.435391199999999597e-03	-5.982380600000000020e-03
7.407749375000000000e+09	-7.425059099999999947e-03	-6.312329299999999872e-03
7.407751500000000000e+09	-7.153344499999999585e-03	-5.578656999999999887e-03
7.407753625000000000e+09	-7.353848199999999703e-03	-5.634193899999999887e-03
7.407755750000000000e+09	-7.554224899999999882e-03	-5.766236999999999578e-03
7.407757875000000000e+09	-7.385145800000000350e-03	-5.479108400000000031e-03
7.407760000000000000e+09	-7.662261000000000072e-03	-5.670897599999999601e-03
7.407762125000000000e+09	-7.813822899999999655e-03	-5.970702700000000279e-03
7.407764250000000000e+09	-7.392740000000000075e-03	-5.864997500000000002e-03
7.407766375000000000e+09	-7.528589199999999662e-03	-5.652014500000000080e-03
7.407768500000000000e+09	-7.020337700000000430e-03	-5.776455599999999989e-03
7.407770625000000000e+09	-7.529754100000000082e-03	-5.533971999999999850e-03
7.407772750000000000e+09	-7.462785300000000094e-03	-5.740949599999999736e-03
7.407774875000000000e+09	-7.650117199999999749e-03	-5.590389000000000295e-03
7.407777000000000000e+09	-7.761601400000000053e-03	-5.639010800000000129e-03
7.407779125000000000e+09	-7.576602899999999863e-03	-5.580288699999999893e-03
7.407781250000000000e+09	-7.652295100000000398e-03	-5.794685400000000076e-03
7.407783375000000000e+09	-7.438381499999999723e-03	-5.701291600000000029e-03
7.407785500000000000e+09	-7.422413299999999770e-03	-5.615841400000000025e-03
7.407787625000000000e+09	-7.542353299999999573e-03	-5.659944099999999687e-03
7.407789750000000000e+09	-7.487342699999999934e-03	-5.562687799999999592e-03
7.407791875000000000e+09	-7.500847500000000327e-03	-5.555085100000000005e-03
7.407794000000000000e+09	-7.522337100000000068e-03	-5.334118700000000345e-03
7.407796125000000000e+09	-7.620934700000000020e-03	-5.423295100000000320e-03
7.407798250000000000e+09	-7.686734300000000290e-03	-5.580601299999999806e-03
7.407800375000000000e+09	-7.704589000000000402e-03	-5.716477799999999596e-03
7.407802500000000000e+09	-7.613283400000000339e-03	-5.354853199999999765e-03
7.407804625000000000e+09	-7.488418499999999894e-03	-5.726481700000000084e-03
7.407806750000000000e+09	-7.805893099999999980e-03	-5.709261600000000401e-03
7.407808875000000000e+09	-7.653824600000000249e-03	-5.710729099999999926e-03
7.407811000000000000e+09	-7.465459699999999615e-03	-5.507740799999999957e-03
7.407813125000000000e+09	-7.241375599999999753e-03	-5.632959899999999756e-03
7.407815250000000000e+09	-7.394379900000000276e-03	-5.629992700000000135e-03
7.407817375000000000e+09	-7.615278999999999972e-03	-5.549898999999999631e-03
7.407819500000000000e+09	-7.504638499999999844e-03	-5.297504100000000223e-03
7.407821625000000000e+09	-7.475308499999999690e-03	-5.457981599999999975e-03
7.407823750000000000e+09	-7.599677499999999732e-03	-5.361001500000000392e-03
7.407825875000000000e+09	-7.854418800000000436e-03	-5.607178899999999862e-03
7.407828000000000000e+09	-7.636528499999999803e-03	-5.477649200000000301e-03
7.407830125000000000e+09	-7.989566700000000701e-03	-5.471367999999999891e-03
7.407832250000000000e+09	-7.599409700000000351e-03	-5.587344200000000233e-03
7.407834375000000000e+09	-7.561688900000000310e-03	-5.593330399999999793e-03
7.407836500000000000e+09	-7.552481100000000246e-03	-5.534744599999999633e-03
7.407838625000000000e+09	-7.663419200000000375e-03	-5.251807699999999635e-03
7.407840750000000000e+09	-7.625422800000000029e-03	-5.568213899999999682e-03
7.407842875000000000e+09	-7.739245500000000236e-03	-5.178152200000000170e-03
7.407845000000000000e+09	-7.817985399999999654e-03	-5.406099200000000216e-03
7.407847125000000000e+09	-7.543938800000000305e-03	-5.744366400000000018e-03
7.407849250000000000e+09	-7.570054900000000413e-03	-5.141580899999999635e-03
7.407851375000000000e+09	-7.263916199999999671e-03	-5.347869100000000354e-03
7.407853500000000000e+09	-7.709786599999999927e-03	-5.472859000000000057e-03
7.407855625000000000e+09	-7.632644299999999729e-03	-5.312632099999999892e-03
7.407857750000000000e+09	-7.700608999999999753e-03	-5.789389500000000424e-03
7.407859875000000000e+09	-7.881090000000000317e-03	-4.963150500000000111e-03
7.407862000000000000e+09	-7.506336399999999874e-03	-5.300459999999999894e-03
7.407864125000000000e+09	-7.698383799999999888e-03	-5.078716599999999817e-03
7.407866250000000000e+09	-7.926769999999999650e-03	-5.328671400000000238e-03
7.407868375000000000e+09	-7.730024999999999744e-03	-5.363754000000000091e-03
7.407870500000000000e+09	-7.844302600000000250e-03	-5.745738499999999971e-03
7.407872625000000000e+09	-7.980071499999999776e-03	-5.274742199999999867e-03
7.407874750000000000e+09	-7.899960200000000210e-03	-5.391019300000000035e-03
7.407876875000000000e+09	-7.469581299999999979e-03	-5.243663299999999639e-03
7.407879000000000000e+09	-7.461332400000000344e-03	-5.360555399999999623e-03
7.407881125000000000e+09	-7.931723999999999372e-03	-5.383138400000000122e-03
7.407883250000000000e+09	-7.881131899999999427e-03	-5.689709999999999733e-03
7.407885375000000000e+09	-8.252462400000000475e-03	-5.171248300000000353e-03
7.407887500000000000e+09	-7.748268400000000132e-03	-5.458972900000000177e-03
7.407889625000000000e+09	-7.771405900000000200e-03	-5.446715500000000147e-03
7.407891750000000000e+09	-7.974214400000000438e-03	-5.480076500000000128e-03
7.407893875000000000e+09	-7.904322099999999685e-03	-5.030473500000000320e-03
7.407896000000000000e+09	-7.741218999999999704e-03	-5.006966600000000052e-03
7.407898125000000000e+09	-7.873324500000000725e-03	-5.599615799999999900e-03
7.407900250000000000e+09	-7.844192700000000504e-03	-5.334324599999999868e-03
7.407902375000000000e+09	-7.687674099999999844e-03	-5.298052499999999880e-03
7.407904500000000000e+09	-7.719249000000000076e-03	-5.268036700000000051e-03
7.407906625000000000e+09	-7.968789199999999628e-03	-4.882187599999999843e-03
7.407908750000000000e+09	-7.878163199999999727e-03	-5.316467400000000204e-03
7.407910875000000000e+09	-7.851002600000000359e-03	-5.301634700000000186e-03
7.407913000000000000e+09	-7.729853499999999808e-03	-5.270255599999999936e-03
7.407915125000000000e+09	-7.600620800000000045e-03	-5.178400100000000138e-03
7.407917250000000000e+09	-7.582855700000000129e-03	-5.204839200000000235e-03
7.407919375000000000e+09	-7.952181699999999812e-03	-5.307217500000000095e-03
7.407921500000000000e+09	-7.999102799999999527e-03	-5.319852699999999719e-03
7.407923625000000000e+09	-7.799649700000000317e-03	-5.015660600000000115e-03
7.407925750000000000e+09	-7.838160300000000802e-03	-5.306479700000000035e-03
7.407927875000000000e+09	-7.835902500000000229e-03	-4.974351299999999788e-03
7.407930000000000000e+09	-7.906816000000000538e-03	-5.230104200000000245e-03
7.407932125000000000e+09	-7.436037199999999577e-03	-5.144170499999999729e-03
7.407934250000000000e+09	-7.883554900000000823e-03	-4.769036899999999808e-03
7.407936375000000000e+09	-8.258981800000000581e-03	-4.825031999999999932e-03
7.407938500000000000e+09	-7.620263999999999857e-03	-5.174147799999999874e-03
7.407940625000000000e+09	-8.007916999999999813e-03	-5.130460899999999755e-03
7.407942750000000000e+09	-7.988397600000000584e-03	-4.748017600000000414e-03
7.407944875000000000e+09	-8.047140899999999375e-03	-5.266030700000000342e-03
7.407947000000000000e+09	-7.989259199999999492e-03	-4.967607199999999820e-03
7.407949125000000000e+09	-8.045359700000000863e-03	-5.250455000000000226e-03
7.407951250000000000e+09	-7.758545300000000040e-03	-4.976540899999999656e-03
7.407953375000000000e+09	-7.870941500000000826e-03	-5.123999700000000414e-03
7.407955500000000000e+09	-7.772474399999999839e-03	-4.918724999999999660e-03
7.407957625000000000e+09	-7.761327400000000293e-03	-4.961890699999999856e-03
7.407959750000000000e+09	-7.656526200000000372e-03	-5.078788300000000415e-03
7.407961875000000000e+09	-7.907974700000000579e-03	-5.172740999999999797e-03
7.407964000000000000e+09	-7.778469500000000265e-03	-4.999375799999999752e-03
7.407966125000000000e+09	-8.100202900000000664e-03	-4.861461699999999886e-03
7.407968250000000000e+09	-7.921404499999999682e-03	-5.098998700000000224e-03
7.407970375000000000e+09	-7.845097400000000665e-03	-4.906054099999999571e-03
7.407972500000000000e+09	-7.928835400000000533e-03	-4.631478500000000241e-03
7.407974625000000000e+09	-8.223684900000000075e-03	-5.126565799999999867e-03
7.407976750000000000e+09	-8.036158700000000515e-03	-4.820338000000000400e-03
7.407978875000000000e+09	-8.368764199999999959e-03	-5.184343299999999780e-03
7.407981000000000000e+09	-7.918451899999999835e-03	-4.776891899999999996e-03
7.407983125000000000e+09	-7.759862400000000320e-03	-4.771363500000000424e-03
7.407985250000000000e+09	-8.026490299999999509e-03	-5.143678700000000291e-03
7.407987375000000000e+09	-7.793093400000000205e-03	-5.051552100000000420e-03
7.407989500000000000e+09	-8.144128800000000751e-03	-4.818936200000000294e-03
7.407991625000000000e+09	-7.941735599999999451e-03	-4.957137300000000017e-03
7.407993750000000000e+09	-8.149392400000000231e-03	-4.732280900000000040e-03
7.407995875000000000e+09	-8.214187899999999404e-03	-4.844855700000000147e-03
7.407998000000000000e+09	-8.037846899999999406e-03	-5.047198499999999873e-03
7.408000125000000000e+09	-7.719245900000000320e-03	-4.678578899999999950e-03
7.408002250000000000e+09	-7.968023299999999962e-03	-5.170125499999999978e-03
7.408004375000000000e+09	-8.298002500000000239e-03	-4.934306999999999756e-03
7.408006500000000000e+09	-8.181941700000000539e-03	-5.148086199999999703e-03
7.408008625000000000e+09	-7.714544299999999931e-03	-4.639407299999999575e-03
7.408010750000000000e+09	-8.085723100000000857e-03	-4.673438599999999582e-03
7.408012875000000000e+09	-8.034650299999999620e-03	-4.850558999999999947e-03
7.408015000000000000e+09	-8.291257399999999930e-03	-4.956663099999999642e-03
7.408017125000000000e+09	-8.220267800000000125e-03	-4.535830700000000049e-03
7.408019250000000000e+09	-8.270449900000000770e-03	-5.277119900000000127e-03
7.408021375000000000e+09	-7.731338899999999799e-03	-4.704472700000000146e-03
7.408023500000000000e+09	-8.297821999999999837e-03	-4.640536100000000261e-03
7.408025625000000000e+09	-8.064156499999999145e-03	-4.773190699999999877e-03
7.408027750000000000e+09	-8.007981500000000558e-03	-5.261025699999999708e-03
7.408029875000000000e+09	-8.529482700000000361e-03	-4.908985499999999995e-03
7.408032000000000000e+09	-7.911362899999999782e-03	-4.828538599999999612e-03
7.408034125000000000e+09	-8.464753499999999944e-03	-4.759491499999999979e-03
7.408036250000000000e+09	-8.379905999999999466e-03	-4.786144200000000057e-03
7.408038375000000000e+09	-7.989967299999999398e-03	-4.895509900000000018e-03
7.408040500000000000e+09	-8.003069800000000081e-03	-4.976797399999999955e-03
7.408042625000000000e+09	-8.187013800000000202e-03	-4.701915699999999892e-03
7.408044750000000000e+09	-8.121656899999999540e-03	-4.894981399999999774e-03
7.408046875000000000e+09	-8.198282100000000780e-03	-5.237179500000000397e-03
7.408049000000000000e+09	-8.264537000000000619e-03	-4.498267999999999711e-03
7.408051125000000000e+09	-8.221967700000000837e-03	-4.394395500000000329e-03
7.408053250000000000e+09	-8.188631599999999372e-03	-4.910844099999999747e-03
7.408055375000000000e+09	-8.258991499999999986e-03	-4.622995700000000208e-03
7.408057500000000000e+09	-7.927336599999999442e-03	-4.931073600000000431e-03
7.408059625000000000e+09	-7.959938999999999210e-03	-4.404009900000000269e-03
7.408061750000000000e+09	-8.399182499999999565e-03	-4.670814799999999968e-03
7.408063875000000000e+09	-8.147009800000000468e-03	-4.587871500000000047e-03
7.408066000000000000e+09	-7.974237000000000339e-03	-5.047109200000000212e-03
7.408068125000000000e+09	-8.542562400000000208e-03	-4.655510199999999925e-03
7.408070250000000000e+09	-8.272108300000000775e-03	-4.782655599999999577e-03
7.408072375000000000e+09	-8.425243100000000263e-03	-4.957912800000000356e-03
7.408074500000000000e+09	-7.997053199999999695e-03	-4.937438500000000327e-03
7.408076625000000000e+09	-8.373260599999999762e-03	-4.885152799999999650e-03
7.408078750000000000e+09	-8.140154700000000812e-03	-4.781454200000000154e-03
7.408080875000000000e+09	-8.481840799999999445e-03	-4.838805300000000378e-03
7.408083000000000000e+09	-8.352356599999999354e-03	-4.440190099999999709e-03
7.408085125000000000e+09	-8.652119700000000455e-03	-4.642106600000000215e-03
7.408087250000000000e+09	-7.951082999999999415e-03	-4.358150499999999608e-03
7.408089375000000000e+09	-7.746979799999999597e-03	-4.727986899999999867e-03
7.408091500000000000e+09	-8.174586200000000247e-03	-4.761736299999999589e-03
7.408093625000000000e+09	-8.128014500000000850e-03	-4.591495400000000261e-03
7.408095750000000000e+09	-8.487413299999999744e-03	-4.707270500000000114e-03
7.408097875000000000e+09	-8.195509499999999864e-03	-4.743103000000000249e-03
7.408100000000000000e+09	-8.500286200000000195e-03	-4.557241299999999738e-03
7.408102125000000000e+09	-8.334752799999999365e-03	-4.735108099999999626e-03
7.408104250000000000e+09	-8.288009000000000695e-03	-4.503395900000000188e-03
7.408106375000000000e+09	-8.491192300000000373e-03	-4.678653799999999904e-03
7.408108500000000000e+09	-8.145848000000000672e-03	-4.557065100000000368e-03
7.408110625000000000e+09	-8.177437100000000542e-03	-4.526081599999999712e-03
7.408112750000000000e+09	-8.159675899999999787e-03	-4.516320600000000088e-03
7.408114875000000000e+09	-8.118195099999999526e-03	-4.527932099999999738e-03
7.408117000000000000e+09	-8.292389900000000577e-03	-4.503317100000000205e-03
7.408119125000000000e+09	-8.604058100000000833e-03	-4.172605799999999643e-03
7.408121250000000000e+09	-8.819040099999999813e-03	-4.233299299999999932e-03
7.408123375000000000e+09	-8.431967900000000155e-03	-4.301709699999999720e-03
7.408125500000000000e+09	-8.735540499999999708e-03	-4.650612900000000022e-03
7.408127625000000000e+09	-8.390922500000000048e-03	-4.712994400000000000e-03
7.408129750000000000e+09	-8.521521599999999988e-03	-4.697046699999999665e-03
7.408131875000000000e+09	-8.092499200000000462e-03	-4.462947299999999763e-03
7.408134000000000000e+09	-8.247159400000000570e-03	-4.508607799999999818e-03
7.408136125000000000e+09	-8.483246899999999716e-03	-4.463957499999999905e-03
7.408138250000000000e+09	-8.353966699999999801e-03	-4.232399300000000072e-03
7.408140375000000000e+09	-8.458293999999999882e-03	-4.234408299999999938e-03
7.408142500000000000e+09	-8.159082600000000865e-03	-4.595704400000000071e-03
7.408144625000000000e+09	-8.054035200000000255e-03	-4.544760299999999788e-03
7.408146750000000000e+09	-8.140548900000000795e-03	-4.425307699999999657e-03
7.408148875000000000e+09	-8.549765200000000037e-03	-4.144604100000000117e-03
7.408151000000000000e+09	-8.316945299999999736e-03	-4.422345000000000269e-03
7.408153125000000000e+09	-8.300124299999999539e-03	-3.978584700000000092e-03
7.408155250000000000e+09	-8.063077499999999828e-03	-4.343987500000000279e-03
7.408157375000000000e+09	-8.394202099999999514e-03	-4.219865399999999864e-03
7.408159500000000000e+09	-8.522648699999999661e-03	-4.188461499999999831e-03
7.408161625000000000e+09	-8.255128199999999666e-03	-4.297289200000000212e-03
7.408163750000000000e+09	-8.059907599999999173e-03	-4.311955400000000264e-03
7.408165875000000000e+09	-8.245588300000000412e-03	-4.555949000000000110e-03
7.408168000000000000e+09	-8.457163499999999917e-03	-4.210677000000000343e-03
7.408170125000000000e+09	-8.216160700000000802e-03	-4.441286800000000291e-03
7.408172250000000000e+09	-8.334638800000000389e-03	-4.417506300000000399e-03
7.408174375000000000e+09	-8.621864700000000589e-03	-4.425962500000000036e-03
7.408176500000000000e+09	-8.093527799999999939e-03	-4.511661400000000280e-03
7.408178625000000000e+09	-8.376820599999999437e-03	-4.295372500000000163e-03
7.408180750000000000e+09	-8.014032699999999731e-03	-4.455276200000000270e-03
7.408182875000000000e+09	-8.666618399999999334e-03	-4.341383199999999942e-03
7.408185000000000000e+09	-8.338862500000000441e-03	-4.055619300000000427e-03
7.408187125000000000e+09	-8.235308800000000484e-03	-4.255916200000000281e-03
7.408189250000000000e+09	-8.560703899999999242e-03	-4.251569099999999782e-03
7.408191375000000000e+09	-8.545243799999999515e-03	-4.143261399999999782e-03
7.408193500000000000e+09	-8.379253700000000374e-03	-4.166490899999999997e-03
7.408195625000000000e+09	-8.214899399999999602e-03	-4.450412499999999681e-03
7.408197750000000000e+09	-8.684401600000000651e-03	-4.282374999999999723e-03
7.408199875000000000e+09	-8.256304600000000105e-03	-4.104454300000000104e-03
7.408202000000000000e+09	-8.292544900000000524e-03	-4.215931200000000087e-03
7.408204125000000000e+09	-8.628117500000000856e-03	-4.205924800000000047e-03
7.408206250000000000e+09	-8.507972199999999999e-03	-3.995651000000000237e-03
7.408208375000000000e+09	-8.590855300000000208e-03	-4.248905800000000142e-03
7.408210500000000000e+09	-8.386306899999999495e-03	-3.898019300000000065e-03
7.408212625000000000e+09	-7.996623300000000115e-03	-4.222053899999999790e-03
7.408214750000000000e+09	-8.311376500000000264e-03	-4.035184899999999693e-03
7.408216875000000000e+09	-8.544307500000000721e-03	-4.321471599999999677e-03
7.408219000000000000e+09	-8.501309300000000832e-03	-4.003255300000000370e-03
7.408221125000000000e+09	-8.640798400000000018e-03	-3.992907500000000137e-03
7.408223250000000000e+09	-8.386635899999999796e-03	-4.183234099999999685e-03
7.408225375000000000e+09	-8.549665399999999832e-03	-4.008942899999999587e-03
7.408227500000000000e+09	-8.513751999999999431e-03	-3.900930300000000038e-03
7.408229625000000000e+09	-8.545774699999999710e-03	-4.125193899999999962e-03
7.408231750000000000e+09	-8.603486000000000467e-03	-4.042570599999999875e-03
7.408233875000000000e+09	-8.082571000000000200e-03	-4.037433800000000267e-03
7.408236000000000000e+09	-7.951960600000000309e-03	-4.277123699999999668e-03
7.408238125000000000e+09	-8.287878099999999859e-03	-4.280996100000000054e-03
7.408240250000000000e+09	-8.426449199999999987e-03	-4.068058900000000137e-03
7.408242375000000000e+09	-8.429996999999999838e-03	-4.215171900000000069e-03
7.408244500000000000e+09	-8.834615999999999997e-03	-4.208200900000000355e-03
7.408246625000000000e+09	-8.484544300000000649e-03	-4.071142300000000352e-03
7.408248750000000000e+09	-8.683581799999999518e-03	-4.282367700000000270e-03
7.408250875000000000e+09	-8.611118299999999740e-03	-4.250518899999999878e-03
7.408253000000000000e+09	-8.583130499999999316e-03	-4.239667699999999720e-03
7.408255125000000000e+09	-8.172657599999999176e-03	-3.880061599999999958e-03
7.408257250000000000e+09	-8.402654000000000720e-03	-4.100229700000000178e-03
7.408259375000000000e+09	-8.539465700000000228e-03	-3.855093799999999814e-03
7.408261500000000000e+09	-8.431039499999999284e-03	-3.767808499999999831e-03
7.408263625000000000e+09	-8.471218000000000845e-03	-4.203261500000000407e-03
7.408265750000000000e+09	-8.396461100000000496e-03	-4.050766800000000188e-03
7.408267875000000000e+09	-8.387782899999999750e-03	-4.025934899999999983e-03
7.408270000000000000e+09	-8.443901499999999921e-03	-3.878675399999999968e-03
7.408272125000000000e+09	-8.650046200000000712e-03	-4.225908300000000110e-03
7.408274250000000000e+09	-8.043019300000000746e-03	-3.972592199999999685e-03
7.408276375000000000e+09	-8.328188699999999195e-03	-3.807321399999999932e-03
7.408278500000000000e+09	-8.326193399999999231e-03	-4.074609899999999743e-03
7.408280625000000000e+09	-8.558038299999999252e-03	-4.015530399999999930e-03
7.408282750000000000e+09	-8.508165399999999962e-03	-4.195461299999999824e-03
7.408284875000000000e+09	-8.392642000000000505e-03	-3.970154000000000044e-03
7.408287000000000000e+09	-8.607037799999999947e-03	-3.905987000000000087e-03
7.408289125000000000e+09	-8.706465000000000037e-03	-3.957891100000000308e-03
7.408291250000000000e+09	-8.437916000000000166e-03	-4.074270100000000096e-03
7.408293375000000000e+09	-8.441194399999999223e-03	-3.724270300000000113e-03
7.408295500000000000e+09	-8.289441999999999297e-03	-3.921187700000000262e-03
7.408297625000000000e+09	-8.184635399999999270e-03	-4.047273300000000205e-03
7.408299750000000000e+09	-8.540126900000000187e-03	-3.644841099999999827e-03
7.408301875000000000e+09	-8.448276700000000028e-03	-3.573449399999999946e-03
7.408304000000000000e+09	-8.208247700000000785e-03	-3.596531699999999838e-03
7.408306125000000000e+09	-8.485961099999999799e-03	-3.978181100000000373e-03
7.408308250000000000e+09	-8.169363400000000802e-03	-4.200529100000000189e-03
7.408310375000000000e+09	-8.373794199999999577e-03	-4.193721899999999954e-03
7.408312500000000000e+09	-8.252702699999999586e-03	-3.907891499999999879e-03
7.408314625000000000e+09	-8.337516200000000613e-03	-3.841386699999999824e-03
7.408316750000000000e+09	-8.530435899999999280e-03	-3.383249400000000202e-03
7.408318875000000000e+09	-8.703249499999999444e-03	-4.196798899999999721e-03
7.408321000000000000e+09	-8.340504599999999658e-03	-3.688509700000000210e-03
7.408323125000000000e+09	-8.397717500000000460e-03	-3.786044299999999797e-03
7.408325250000000000e+09	-8.358235999999999791e-03	-3.816091299999999856e-03
7.408327375000000000e+09	-8.661764799999999154e-03	-3.888823899999999893e-03
7.408329500000000000e+09	-8.209249099999999660e-03	-3.771004000000000109e-03
7.408331625000000000e+09	-8.497120500000000104e-03	-3.958778399999999739e-03
7.408333750000000000e+09	-8.339258999999999908e-03	-3.787632700000000217e-03
7.408335875000000000e+09	-8.485623399999999567e-03	-3.873099799999999912e-03
7.408338000000000000e+09	-8.253971000000000571e-03	-3.292384499999999933e-03
7.408340125000000000e+09	-8.538449300000000575e-03	-3.725602599999999938e-03
7.408342250000000000e+09	-8.746182899999999788e-03	-3.682660800000000199e-03
7.408344375000000000e+09	-8.649291999999999397e-03	-4.090670400000000380e-03
7.408346500000000000e+09	-8.557973800000000242e-03	-3.602609899999999980e-03
7.408348625000000000e+09	-8.881837499999999802e-03	-3.744564699999999944e-03
7.408350750000000000e+09	-8.486595700000000228e-03	-3.764030900000000113e-03
7.408352875000000000e+09	-8.897557199999999583e-03	-3.673460099999999954e-03
7.408355000000000000e+09	-8.247075499999999282e-03	-3.894603600000000158e-03
7.408357125000000000e+09	-8.835422900000000634e-03	-3.362667599999999944e-03
7.408359250000000000e+09	-8.380846699999999760e-03	-3.768969000000000052e-03
7.408361375000000000e+09	-8.576239899999999264e-03	-3.987954900000000025e-03
7.408363500000000000e+09	-8.477612699999999626e-03	-3.911818400000000202e-03
7.408365625000000000e+09	-8.502119500000000427e-03	-3.652256799999999831e-03
7.408367750000000000e+09	-8.467623199999999711e-03	-3.694648400000000166e-03
7.408369875000000000e+09	-8.252430700000000507e-03	-3.477792799999999789e-03
7.408372000000000000e+09	-8.363979699999999490e-03	-3.695182999999999888e-03
7.408374125000000000e+09	-8.506229000000000567e-03	-3.524696800000000178e-03
7.408376250000000000e+09	-8.646278999999999770e-03	-3.935945899999999595e-03
7.408378375000000000e+09	-8.359683799999999970e-03	-3.723215599999999976e-03
7.408380500000000000e+09	-8.699711400000000733e-03	-3.837270700000000069e-03
7.408382625000000000e+09	-8.809457099999999305e-03	-3.705747399999999823e-03
7.408384750000000000e+09	-8.278600599999999879e-03	-3.830861799999999914e-03
7.408386875000000000e+09	-8.551508600000000404e-03	-4.090351899999999756e-03
7.408389000000000000e+09	-8.841066999999999329e-03	-3.118071100000000071e-03
7.408391125000000000e+09	-8.510156899999999497e-03	-3.439260799999999813e-03
7.408393250000000000e+09	-8.751657300000000028e-03	-3.598272200000000084e-03
7.408395375000000000e+09	-8.478028999999999774e-03	-3.115778400000000174e-03
7.408397500000000000e+09	-8.592683500000000002e-03	-3.279771199999999970e-03
7.408399625000000000e+09	-8.756625100000000120e-03	-3.541542600000000159e-03
7.408401750000000000e+09	-8.142800500000000122e-03	-3.486635499999999818e-03
7.408403875000000000e+09	-8.549460099999999646e-03	-3.642897200000000044e-03
7.408406000000000000e+09	-8.515024499999999247e-03	-3.746648300000000095e-03
7.408408125000000000e+09	-8.382336100000000248e-03	-3.481086400000000126e-03
7.408410250000000000e+09	-8.436710800000000315e-03	-3.698231800000000014e-03
7.408412375000000000e+09	-8.196043099999999679e-03	-3.573723899999999877e-03
7.408414500000000000e+09	-8.374179100000000292e-03	-3.454236500000000022e-03
7.408416625000000000e+09	-8.649300099999999991e-03	-3.377685499999999799e-03
7.408418750000000000e+09	-8.384539899999999754e-03	-3.550396099999999968e-03
7.408420875000000000e+09	-8.363650800000000524e-03	-3.122208500000000185e-03
7.408423000000000000e+09	-8.802258300000000840e-03	-3.611141600000000208e-03
7.408425125000000000e+09	-8.195102500000000720e-03	-3.278092099999999846e-03
7.408427250000000000e+09	-8.634885900000000003e-03	-3.590647299999999865e-03
7.408429375000000000e+09	-8.556558000000000566e-03	-3.299692600000000108e-03
7.408431500000000000e+09	-8.454160199999999695e-03	-3.409912900000000059e-03
7.408433625000000000e+09	-8.858817700000000406e-03	-3.528647800000000046e-03
7.408435750000000000e+09	-8.721163699999999463e-03	-3.500042399999999786e-03
7.408437875000000000e+09	-8.711749300000000071e-03	-3.653732399999999950e-03
7.408440000000000000e+09	-8.422928499999999402e-03	-3.850330900000000205e-03
7.408442125000000000e+09	-8.181162699999999441e-03	-3.477508199999999883e-03
7.408444250000000000e+09	-8.408131799999999517e-03	-3.543993999999999964e-03
7.408446375000000000e+09	-8.758779700000000196e-03	-3.623662199999999785e-03
7.408448500000000000e+09	-8.232359800000000130e-03	-3.702342400000000096e-03
7.408450625000000000e+09	-8.748443099999999445e-03	-3.628668199999999892e-03
7.408452750000000000e+09	-8.251845100000000308e-03	-3.274998700000000124e-03
7.408454875000000000e+09	-8.669065000000000104e-03	-3.302957200000000097e-03
7.408457000000000000e+09	-8.707471600000000686e-03	-3.358372699999999898e-03
7.408459125000000000e+09	-8.666191300000000708e-03	-3.257408299999999934e-03
7.408461250000000000e+09	-8.302612799999999418e-03	-3.179754400000000050e-03
7.408463375000000000e+09	-8.364378999999999911e-03	-3.469339399999999806e-03
7.408465500000000000e+09	-8.646746199999999494e-03	-3.413753800000000112e-03
7.408467625000000000e+09	-8.691407599999999289e-03	-3.433402400000000031e-03
7.408469750000000000e+09	-8.207947000000000159e-03	-3.523611700000000083e-03
7.408471875000000000e+09	-8.620054699999999195e-03	-3.349675800000000148e-03
7.408474000000000000e+09	-8.391513899999999623e-03	-3.361387100000000003e-03
7.408476125000000000e+09	-8.391572599999999257e-03	-3.497928500000000145e-03
7.408478250000000000e+09	-8.992604600000000600e-03	-3.606683800000000124e-03
7.408480375000000000e+09	-8.829967399999999467e-03	-3.631453599999999969e-03
7.408482500000000000e+09	-8.284075000000000119e-03	-3.282716499999999930e-03
7.408484625000000000e+09	-8.294265099999999918e-03	-3.380642599999999880e-03
7.408486750000000000e+09	-8.439079000000000372e-03	-3.441948299999999898e-03
7.408488875000000000e+09	-8.657388999999999710e-03	-2.985260100000000031e-03
7.408491000000000000e+09	-8.411433499999999147e-03	-3.287588200000000210e-03
7.408493125000000000e+09	-8.345139300000000218e-03	-3.704328800000000060e-03
7.408495250000000000e+09	-8.921193399999999274e-03	-3.629154099999999921e-03
7.408497375000000000e+09	-8.644420099999999482e-03	-3.045865599999999802e-03
7.408499500000000000e+09	-8.323222400000000049e-03	-3.598827499999999926e-03
7.408501625000000000e+09	-8.241892400000000798e-03	-3.740644999999999908e-03
7.408503750000000000e+09	-8.433182500000000609e-03	-3.613225199999999925e-03
7.408505875000000000e+09	-8.181170700000000434e-03	-3.137469300000000037e-03
7.408508000000000000e+09	-8.512794799999999149e-03	-3.396970300000000127e-03
7.408510125000000000e+09	-8.244482900000000766e-03	-3.365261300000000136e-03
7.408512250000000000e+09	-8.602116200000000865e-03	-3.243968600000000056e-03
7.408514375000000000e+09	-8.606778400000000828e-03	-3.432353700000000205e-03
7.408516500000000000e+09	-8.489735899999999863e-03	-3.638080799999999972e-03
7.408518625000000000e+09	-8.410448500000000660e-03	-3.291212500000000128e-03
7.408520750000000000e+09	-8.407319899999999777e-03	-3.662204400000000203e-03
7.408522875000000000e+09	-8.280087699999999148e-03	-3.336215400000000150e-03
7.408525000000000000e+09	-8.436544600000000019e-03	-3.192323799999999788e-03
7.408527125000000000e+09	-8.424490399999999893e-03	-3.141311700000000168e-03
7.408529250000000000e+09	-8.186657899999999835e-03	-3.065580599999999812e-03
7.408531375000000000e+09	-8.449231800000000028e-03	-3.121179700000000206e-03
7.408533500000000000e+09	-8.384467600000000687e-03	-3.324163900000000078e-03
7.408535625000000000e+09	-8.423899400000000454e-03	-3.002486999999999864e-03
7.408537750000000000e+09	-8.703437899999999505e-03	-3.431095099999999926e-03
7.408539875000000000e+09	-8.426647900000000524e-03	-3.428312599999999970e-03
7.408542000000000000e+09	-8.462350199999999628e-03	-3.710496099999999794e-03
7.408544125000000000e+09	-8.400609499999999591e-03	-3.389943199999999931e-03
7.408546250000000000e+09	-8.251744499999999830e-03	-3.321101500000000085e-03
7.408548375000000000e+09	-8.380634700000000326e-03	-3.340076100000000017e-03
7.408550500000000000e+09	-8.402253499999999889e-03	-3.359351999999999911e-03
7.408552625000000000e+09	-8.511146699999999621e-03	-3.575811300000000022e-03
7.408554750000000000e+09	-8.390312100000000065e-03	-3.550592200000000052e-03
7.408556875000000000e+09	-8.669948999999999711e-03	-3.382894600000000210e-03
7.408559000000000000e+09	-8.715139300000000755e-03	-3.511256400000000062e-03
7.408561125000000000e+09	-8.622504700000000258e-03	-3.358741000000000157e-03
7.408563250000000000e+09	-8.654668199999999978e-03	-3.260640200000000048e-03
7.408565375000000000e+09	-8.447672099999999420e-03	-3.556555900000000180e-03
7.408567500000000000e+09	-8.539039000000000004e-03	-3.263891699999999906e-03
7.408569625000000000e+09	-8.642391299999999804e-03	-3.169312200000000152e-03
7.408571750000000000e+09	-8.596226800000000487e-03	-3.303203599999999986e-03
7.408573875000000000e+09	-8.814238199999999482e-03	-3.462782900000000059e-03
7.408576000000000000e+09	-8.289433199999999766e-03	-3.198214500000000175e-03
7.408578125000000000e+09	-8.604424499999999143e-03	-2.837010000000000053e-03
7.408580250000000000e+09	-8.488146400000000369e-03	-3.307773099999999997e-03
7.408582375000000000e+09	-8.449867700000000467e-03	-3.320027100000000168e-03
7.408584500000000000e+09	-8.757506599999999308e-03	-3.107541499999999859e-03
7.408586625000000000e+09	-8.443923299999999549e-03	-3.229918799999999864e-03
7.408588750000000000e+09	-8.746063099999999702e-03	-3.437091399999999894e-03
7.408590875000000000e+09	-8.466840099999999383e-03	-3.267545199999999806e-03
7.408593000000000000e+09	-8.355270899999999584e-03	-3.309581600000000012e-03
7.408595125000000000e+09	-8.130763299999999721e-03	-3.502541999999999982e-03
7.408597250000000000e+09	-8.722541999999999796e-03	-3.209217099999999920e-03
7.408599375000000000e+09	-8.075640499999999986e-03	-3.041941399999999966e-03
7.408601500000000000e+09	-8.587616399999999442e-03	-3.382951400000000063e-03
7.408603625000000000e+09	-8.516509999999999705e-03	-3.595830099999999981e-03
7.408605750000000000e+09	-8.525886400000000018e-03	-3.650889799999999883e-03
7.408607875000000000e+09	-8.442057600000000411e-03	-3.219909400000000102e-03
7.408610000000000000e+09	-7.967467799999999184e-03	-3.506021299999999893e-03
7.408612125000000000e+09	-8.785423699999999475e-03	-3.535553900000000180e-03
7.408614250000000000e+09	-8.606787799999999697e-03	-3.327021900000000192e-03
7.408616375000000000e+09	-8.637799899999999698e-03	-3.288662600000000127e-03
7.408618500000000000e+09	-8.404685000000000281e-03	-3.182080099999999925e-03
7.408620625000000000e+09	-8.011399000000000645e-03	-3.183818299999999820e-03
7.408622750000000000e+09	-8.593713899999999226e-03	-3.482796099999999843e-03
7.408624875000000000e+09	-8.514405600000000268e-03	-3.596170399999999798e-03
7.408627000000000000e+09	-8.163069499999999964e-03	-3.285513999999999796e-03
7.408629125000000000e+09	-8.452292900000000012e-03	-3.226656100000000089e-03
7.408631250000000000e+09	-8.283250699999999619e-03	-3.606157899999999899e-03
7.408633375000000000e+09	-8.338491400000000095e-03	-3.516979999999999846e-03
7.408635500000000000e+09	-8.359438199999999486e-03	-3.472047700000000046e-03
7.408637625000000000e+09	-8.691188199999999933e-03	-3.437162599999999887e-03
7.408639750000000000e+09	-8.131417499999999896e-03	-3.110443799999999901e-03
7.408641875000000000e+09	-8.313611000000000265e-03	-3.303276600000000160e-03
7.408644000000000000e+09	-8.590007300000000734e-03	-3.150707100000000021e-03
7.408646125000000000e+09	-8.297478999999999966e-03	-3.357743299999999941e-03
7.408648250000000000e+09	-8.430241399999999913e-03	-3.278013000000000194e-03
7.408650375000000000e+09	-8.294671899999999862e-03	-2.744992800000000191e-03
7.408652500000000000e+09	-8.207942399999999458e-03	-3.406171800000000211e-03
7.408654625000000000e+09	-8.444109800000000263e-03	-3.380090899999999964e-03
7.408656750000000000e+09	-8.540810899999999248e-03	-3.189457599999999914e-03
7.408658875000000000e+09	-8.101051700000000411e-03	-3.271668900000000019e-03
7.408661000000000000e+09	-8.685723399999999497e-03	-3.031688399999999967e-03
7.408663125000000000e+09	-8.080317300000000591e-03	-3.519441199999999957e-03
7.408665250000000000e+09	-8.349126599999999454e-03	-3.364405600000000204e-03
7.408667375000000000e+09	-8.234939400000000284e-03	-3.517351900000000031e-03
7.408669500000000000e+09	-8.627171200000000387e-03	-3.453425300000000087e-03
7.408671625000000000e+09	-8.541342400000000515e-03	-3.227633699999999956e-03
7.408673750000000000e+09	-8.220356399999999980e-03	-3.477661600000000151e-03
7.408675875000000000e+09	-8.531784699999999527e-03	-3.389422200000000076e-03
7.408678000000000000e+09	-8.183079299999999889e-03	-3.337018099999999789e-03
7.408680125000000000e+09	-8.465154900000000648e-03	-2.969210600000000110e-03
7.408682250000000000e+09	-8.721731599999999265e-03	-3.351912299999999963e-03
7.408684375000000000e+09	-8.555901600000000509e-03	-2.944222399999999948e-03
7.408686500000000000e+09	-8.270684699999999306e-03	-3.121090300000000078e-03
7.408688625000000000e+09	-8.569878700000000196e-03	-3.264824400000000074e-03
7.408690750000000000e+09	-8.501191599999999293e-03	-3.355051300000000056e-03
7.408692875000000000e+09	-8.604947400000000080e-03	-3.302845899999999873e-03
7.408695000000000000e+09	-8.411626999999999646e-03	-3.152432000000000151e-03
7.408697125000000000e+09	-8.374456299999999409e-03	-3.078656999999999835e-03
7.408699250000000000e+09	-8.602143600000000667e-03	-3.351736699999999930e-03
7.408701375000000000e+09	-8.394091299999999894e-03	-3.119127599999999955e-03
7.408703500000000000e+09	-8.325210399999999691e-03	-3.058063800000000027e-03
7.408705625000000000e+09	-8.405266600000000851e-03	-3.021984799999999968e-03
7.408707750000000000e+09	-8.400781200000000462e-03	-3.327461199999999942e-03
7.408709875000000000e+09	-8.444037799999999996e-03	-3.139525599999999986e-03
7.408712000000000000e+09	-8.096693999999999766e-03	-3.023169200000000098e-03
7.408714125000000000e+09	-8.566225599999999565e-03	-2.808697599999999961e-03
7.408716250000000000e+09	-8.382282799999999853e-03	-3.316801800000000137e-03
7.408718375000000000e+09	-8.363218099999999988e-03	-2.907622099999999932e-03
7.408720500000000000e+09	-8.555363300000000393e-03	-2.958150899999999976e-03
7.408722625000000000e+09	-8.580086599999999994e-03	-3.308996600000000017e-03
7.408724750000000000e+09	-8.527359300000000517e-03	-2.979000600000000082e-03
7.408726875000000000e+09	-8.476977700000000795e-03	-3.097654599999999803e-03
7.408729000000000000e+09	-8.623515700000000672e-03	-3.314762499999999914e-03
7.408731125000000000e+09	-8.583486399999999683e-03	-3.085366400000000113e-03
7.408733250000000000e+09	-8.731994400000000003e-03	-3.212732399999999964e-03
7.408735375000000000e+09	-8.757031599999999527e-03	-2.672221600000000002e-03
7.408737500000000000e+09	-8.233537399999999243e-03	-2.700756999999999811e-03
7.408739625000000000e+09	-8.558393699999999882e-03	-3.053101500000000076e-03
7.408741750000000000e+09	-8.571058100000000790e-03	-2.967434399999999833e-03
7.408743875000000000e+09	-8.736914499999999875e-03	-2.725435799999999850e-03
7.408746000000000000e+09	-8.512263299999999616e-03	-3.154121000000000181e-03
7.408748125000000000e+09	-8.351529599999999234e-03	-2.831948400000000067e-03
7.408750250000000000e+09	-8.474342399999999428e-03	-3.177704099999999979e-03
7.408752375000000000e+09	-9.033161499999999358e-03	-3.273561500000000089e-03
7.408754500000000000e+09	-8.406127600000000422e-03	-2.815801599999999925e-03
7.408756625000000000e+09	-8.487856099999999820e-03	-3.076532199999999946e-03
7.408758750000000000e+09	-8.756943899999999545e-03	-3.110550499999999857e-03
7.408760875000000000e+09	-8.769547399999999202e-03	-3.034801800000000004e-03
7.408763000000000000e+09	-8.214983699999999292e-03	-3.069892099999999881e-03
7.408765125000000000e+09	-8.526389199999999738e-03	-2.716475700000000118e-03
7.408767250000000000e+09	-8.904644200000000689e-03	-2.913222100000000068e-03
7.408769375000000000e+09	-8.626542200000000132e-03	-2.676103699999999794e-03
7.408771500000000000e+09	-8.802510700000000174e-03	-3.190952500000000108e-03
7.408773625000000000e+09	-8.556700000000000417e-03	-2.598128800000000169e-03
7.408775750000000000e+09	-8.360621099999999972e-03	-2.932838399999999814e-03
7.408777875000000000e+09	-8.566439599999999682e-03	-2.592213800000000169e-03
7.408780000000000000e+09	-8.621759899999999546e-03	-2.515744700000000118e-03
7.408782125000000000e+09	-8.501655099999999923e-03	-2.546885300000000137e-03
7.408784250000000000e+09	-8.463291700000000195e-03	-2.987177599999999919e-03
7.408786375000000000e+09	-8.560921299999999651e-03	-2.634170999999999822e-03
7.408788500000000000e+09	-8.424493899999999785e-03	-2.472684299999999835e-03
7.408790625000000000e+09	-8.658194799999999539e-03	-2.953595099999999866e-03
7.408792750000000000e+09	-8.727254300000000797e-03	-2.767281700000000146e-03
7.408794875000000000e+09	-8.342189399999999991e-03	-2.834184799999999848e-03
7.408797000000000000e+09	-8.756748599999999300e-03	-3.030682399999999957e-03
7.408799125000000000e+09	-8.467373599999999598e-03	-2.549430200000000167e-03
7.408801250000000000e+09	-8.481054300000000559e-03	-2.991173100000000216e-03
7.408803375000000000e+09	-8.247196700000000713e-03	-2.627381600000000018e-03
7.408805500000000000e+09	-8.750659699999999847e-03	-2.793777999999999800e-03
7.408807625000000000e+09	-8.732627099999999351e-03	-2.452061299999999840e-03
7.408809750000000000e+09	-8.449714500000000267e-03	-2.715330499999999911e-03
7.408811875000000000e+09	-8.458245399999999789e-03	-2.999144799999999868e-03
7.408814000000000000e+09	-8.501356800000000116e-03	-2.612430900000000094e-03
7.408816125000000000e+09	-8.394861999999999463e-03	-2.515719599999999799e-03
7.408818250000000000e+09	-8.705180099999999463e-03	-2.844108299999999808e-03
7.408820375000000000e+09	-8.462642100000000722e-03	-2.909445899999999960e-03
7.408822500000000000e+09	-8.318240500000000787e-03	-2.803569799999999952e-03
7.408824625000000000e+09	-8.832642300000000460e-03	-2.942867300000000155e-03
7.408826750000000000e+09	-8.545504799999999179e-03	-2.476246999999999997e-03
7.408828875000000000e+09	-9.207166100000000603e-03	-2.588683200000000111e-03
7.408831000000000000e+09	-8.441413599999999379e-03	-2.259745699999999875e-03
7.408833125000000000e+09	-8.290624899999999783e-03	-2.479757600000000173e-03
7.408835250000000000e+09	-8.530869400000000088e-03	-2.601688100000000038e-03
7.408837375000000000e+09	-8.735066700000000336e-03	-3.028010800000000089e-03
7.408839500000000000e+09	-8.739145199999999447e-03	-2.956488299999999840e-03
7.408841625000000000e+09	-8.406925600000000193e-03	-2.708252899999999842e-03
7.408843750000000000e+09	-8.474312899999999343e-03	-2.885212500000000017e-03
7.408845875000000000e+09	-8.488063900000000425e-03	-2.830992799999999896e-03
7.408848000000000000e+09	-8.868570799999999504e-03	-2.866001899999999838e-03
7.408850125000000000e+09	-8.456969099999999545e-03	-2.960723299999999843e-03
7.408852250000000000e+09	-8.999741900000000211e-03	-2.836512099999999835e-03
7.408854375000000000e+09	-8.684183800000000106e-03	-2.962650299999999935e-03
7.408856500000000000e+09	-8.668174799999999250e-03	-2.770270200000000092e-03
7.408858625000000000e+09	-8.427823799999999491e-03	-2.908013899999999964e-03
7.408860750000000000e+09	-8.784428400000000511e-03	-2.570150000000000212e-03
7.408862875000000000e+09	-8.205917700000000745e-03	-2.728335299999999804e-03
7.408865000000000000e+09	-8.826940700000000806e-03	-2.645432899999999952e-03
7.408867125000000000e+09	-8.466250300000000353e-03	-2.758234300000000135e-03
7.408869250000000000e+09	-8.748434799999999650e-03	-3.035281199999999985e-03
7.408871375000000000e+09	-8.524821199999999335e-03	-3.267846799999999871e-03
7.408873500000000000e+09	-8.551291500000000531e-03	-3.017573899999999830e-03
7.408875625000000000e+09	-8.241712499999999733e-03	-2.886923500000000177e-03
7.408877750000000000e+09	-8.321558800000000006e-03	-2.789829699999999985e-03
7.408879875000000000e+09	-8.184900800000000434e-03	-3.207540400000000180e-03
7.408882000000000000e+09	-8.456612599999999841e-03	-3.190692900000000054e-03
7.408884125000000000e+09	-8.412193599999999438e-03	-2.933097099999999995e-03
7.408886250000000000e+09	-8.449599999999999819e-03	-3.199125299999999814e-03
7.408888375000000000e+09	-8.590413200000000804e-03	-2.967790599999999869e-03
7.408890500000000000e+09	-8.253675900000000121e-03	-3.212589300000000172e-03
7.408892625000000000e+09	-8.392767699999999567e-03	-3.462347599999999938e-03
7.408894750000000000e+09	-8.212936699999999479e-03	-3.003120100000000216e-03
7.408896875000000000e+09	-8.491858200000000634e-03	-2.797495799999999942e-03
7.408899000000000000e+09	-8.380712300000000767e-03	-3.184628100000000146e-03
7.408901125000000000e+09	-8.264296000000000836e-03	-2.963582499999999932e-03
7.408903250000000000e+09	-8.521526499999999490e-03	-3.373361899999999941e-03
7.408905375000000000e+09	-8.534533099999999997e-03	-2.690162800000000121e-03
7.408907500000000000e+09	-8.709203699999999368e-03	-3.371686100000000075e-03
7.408909625000000000e+09	-8.667485600000000151e-03	-3.361616999999999904e-03
7.408911750000000000e+09	-8.450409900000000613e-03	-3.118882199999999973e-03
7.408913875000000000e+09	-8.346938800000000200e-03	-3.133855100000000095e-03
7.408916000000000000e+09	-8.219047999999999632e-03	-3.171526000000000033e-03
7.408918125000000000e+09	-8.578521800000000683e-03	-3.040160699999999890e-03
7.408920250000000000e+09	-8.218007399999999532e-03	-3.320629199999999923e-03
7.408922375000000000e+09	-8.305624500000000771e-03	-3.515124499999999850e-03
7.408924500000000000e+09	-8.049479300000000545e-03	-3.628449599999999942e-03
7.408926625000000000e+09	-8.516157400000000030e-03	-3.545584100000000096e-03
7.408928750000000000e+09	-8.217729599999999343e-03	-3.199163100000000128e-03
7.408930875000000000e+09	-8.202489099999999908e-03	-3.616650099999999934e-03
7.408933000000000000e+09	-8.271920099999999915e-03	-3.513664000000000110e-03
7.408935125000000000e+09	-8.328600599999999576e-03	-3.661072100000000058e-03
7.408937250000000000e+09	-8.052751900000000226e-03	-3.463181300000000174e-03
7.408939375000000000e+09	-8.491846699999999748e-03	-3.124339399999999985e-03
7.408941500000000000e+09	-7.895486999999999644e-03	-3.411770900000000040e-03
7.408943625000000000e+09	-8.480738599999999155e-03	-3.363927400000000199e-03
7.408945750000000000e+09	-7.999579399999999854e-03	-3.112897700000000125e-03
7.408947875000000000e+09	-8.423863499999999921e-03	-3.524139999999999825e-03
7.408950000000000000e+09	-8.157699699999999832e-03	-3.480107000000000079e-03
7.408952125000000000e+09	-8.299105700000000002e-03	-3.675388700000000158e-03
7.408954250000000000e+09	-8.289791300000000016e-03	-3.477294000000000131e-03
7.408956375000000000e+09	-8.037398600000000490e-03	-3.419526200000000057e-03
7.408958500000000000e+09	-8.368884700000000718e-03	-3.581144899999999954e-03
7.408960625000000000e+09	-8.209434399999999965e-03	-3.337734299999999855e-03
7.408962750000000000e+09	-8.051189400000000398e-03	-3.478629699999999814e-03
7.408964875000000000e+09	-8.159001000000000794e-03	-3.146009099999999992e-03
7.408967000000000000e+09	-8.367118200000000713e-03	-3.707566600000000018e-03
7.408969125000000000e+09	-8.318823100000000831e-03	-3.398724399999999805e-03
7.408971250000000000e+09	-8.236620700000000725e-03	-3.184496000000000202e-03
7.408973375000000000e+09	-8.235188600000000261e-03	-3.808311999999999895e-03
7.408975500000000000e+09	-8.183265099999999931e-03	-3.565128900000000180e-03
7.408977625000000000e+09	-8.234112099999999629e-03	-3.076303500000000021e-03
7.408979750000000000e+09	-8.468608199999999933e-03	-3.287655600000000209e-03
7.408981875000000000e+09	-8.181098899999999369e-03	-3.603999999999999999e-03
7.408984000000000000e+09	-8.327649899999999342e-03	-3.455137699999999857e-03
7.408986125000000000e+09	-8.409999099999999200e-03	-3.262871499999999824e-03
7.408988250000000000e+09	-8.459689899999999277e-03	-3.439115100000000001e-03
7.408990375000000000e+09	-8.309402900000000328e-03	-3.222959599999999838e-03
7.408992500000000000e+09	-8.286708400000000405e-03	-3.585802899999999786e-03
7.408994625000000000e+09	-8.487049899999999855e-03	-3.594609099999999946e-03
7.408996750000000000e+09	-8.214805199999999571e-03	-3.351639999999999914e-03
7.408998875000000000e+09	-8.131944999999999799e-03	-3.471576200000000157e-03
7.409001000000000000e+09	-8.346215299999999379e-03	-3.245378900000000025e-03
7.409003125000000000e+09	-8.358563499999999147e-03	-3.214861900000000154e-03
7.409005250000000000e+09	-8.353917100000000234e-03	-3.441586600000000155e-03
7.409007375000000000e+09	-8.467691600000000485e-03	-3.019084100000000038e-03
7.409009500000000000e+09	-8.179551199999999384e-03	-3.431523699999999930e-03
7.409011625000000000e+09	-8.041064699999999482e-03	-3.180730899999999976e-03
7.409013750000000000e+09	-8.382020900000000316e-03	-3.268797600000000140e-03
7.409015875000000000e+09	-8.515516299999999553e-03	-3.219120599999999999e-03
7.409018000000000000e+09	-8.337198599999999862e-03	-3.542756599999999974e-03
7.409020125000000000e+09	-8.376764800000000358e-03	-3.161101400000000065e-03
7.409022250000000000e+09	-8.503354899999999300e-03	-3.021657200000000144e-03
7.409024375000000000e+09	-8.609210299999999622e-03	-3.318970699999999885e-03
7.409026500000000000e+09	-8.487605100000000097e-03	-3.217501800000000054e-03
7.409028625000000000e+09	-8.526954099999999384e-03	-3.210631099999999849e-03
7.409030750000000000e+09	-8.026905000000000845e-03	-3.303195999999999997e-03
7.409032875000000000e+09	-8.536998999999999976e-03	-3.489187700000000170e-03
7.409035000000000000e+09	-8.644066900000000470e-03	-2.979875700000000124e-03
7.409037125000000000e+09	-8.329743900000000437e-03	-3.212540900000000147e-03
7.409039250000000000e+09	-8.740484399999999890e-03	-2.665529099999999849e-03
7.409041375000000000e+09	-7.996989399999999623e-03	-3.214363599999999800e-03
7.409043500000000000e+09	-8.312257999999999453e-03	-3.649253700000000111e-03
7.409045625000000000e+09	-8.439850800000000750e-03	-3.603536899999999939e-03
7.409047750000000000e+09	-8.589860200000000445e-03	-3.229641000000000109e-03
7.409049875000000000e+09	-8.285496300000000369e-03	-3.512208800000000009e-03
7.409052000000000000e+09	-8.439767799999999334e-03	-3.437492999999999799e-03
7.409054125000000000e+09	-8.419557200000000324e-03	-3.123496400000000048e-03
7.409056250000000000e+09	-8.339600299999999633e-03	-3.284819500000000191e-03
7.409058375000000000e+09	-8.460938200000000381e-03	-3.375908700000000186e-03
7.409060500000000000e+09	-8.540667700000000723e-03	-3.012102000000000009e-03
7.409062625000000000e+09	-8.477574999999999347e-03	-3.083357599999999882e-03
7.409064750000000000e+09	-8.490653399999999185e-03	-3.396036500000000017e-03
7.409066875000000000e+09	-8.206220099999999781e-03	-3.309808100000000055e-03
7.409069000000000000e+09	-8.122627800000000592e-03	-3.281011800000000183e-03
7.409071125000000000e+09	-8.739436099999999333e-03	-3.173413700000000167e-03
7.409073250000000000e+09	-8.612655400000000447e-03	-3.010503199999999945e-03
7.409075375000000000e+09	-8.456858299999999926e-03	-2.981475700000000163e-03
7.409077500000000000e+09	-8.495644199999999313e-03	-3.454710699999999964e-03
7.409079625000000000e+09	-8.536676599999999324e-03	-3.262572599999999812e-03
7.409081750000000000e+09	-8.291952199999999204e-03	-3.136264699999999957e-03
7.409083875000000000e+09	-8.416740799999999217e-03	-2.934866899999999824e-03
7.409086000000000000e+09	-8.241824000000000025e-03	-3.086146399999999818e-03
7.409088125000000000e+09	-8.114749600000000299e-03	-3.554574799999999854e-03
7.409090250000000000e+09	-8.546033399999999891e-03	-3.210965300000000189e-03
7.409092375000000000e+09	-8.515116300000000193e-03	-3.383146400000000206e-03
7.409094500000000000e+09	-8.479956900000000172e-03	-3.232848899999999845e-03
7.409096625000000000e+09	-8.481670400000000318e-03	-3.153711799999999853e-03
7.409098750000000000e+09	-8.616185800000000436e-03	-3.436057699999999979e-03
7.409100875000000000e+09	-8.387294099999999600e-03	-2.948532600000000007e-03
7.409103000000000000e+09	-8.162902700000000331e-03	-2.656160600000000063e-03
7.409105125000000000e+09	-8.222153700000000079e-03	-3.243289900000000201e-03
7.409107250000000000e+09	-8.447641299999999326e-03	-3.211640500000000151e-03
7.409109375000000000e+09	-8.734761599999999945e-03	-3.010580399999999816e-03
7.409111500000000000e+09	-8.476249700000000609e-03	-3.086117700000000005e-03
7.409113625000000000e+09	-8.496619900000000267e-03	-3.327302800000000137e-03
7.409115750000000000e+09	-8.488930400000000570e-03	-2.949553499999999894e-03
7.409117875000000000e+09	-8.419137900000000022e-03	-3.058421100000000004e-03
7.409120000000000000e+09	-8.815808899999999504e-03	-3.034161300000000165e-03
7.409122125000000000e+09	-8.558085099999999598e-03	-3.057084700000000082e-03
7.409124250000000000e+09	-8.548718999999999762e-03	-3.049282099999999981e-03
7.409126375000000000e+09	-8.252249200000000631e-03	-3.138401500000000035e-03
7.409128500000000000e+09	-8.565399200000000518e-03	-2.994993899999999921e-03
7.409130625000000000e+09	-8.479304400000000144e-03	-3.122616999999999841e-03
7.409132750000000000e+09	-8.804949299999999951e-03	-2.777971900000000046e-03
7.409134875000000000e+09	-8.484250000000000472e-03	-2.986054900000000012e-03
7.409137000000000000e+09	-8.409893800000000155e-03	-3.222564600000000015e-03
7.409139125000000000e+09	-8.678841499999999376e-03	-2.965818700000000079e-03
7.409141250000000000e+09	-8.925320500000000212e-03	-3.054895699999999985e-03
7.409143375000000000e+09	-8.549547500000000827e-03	-2.852176300000000206e-03
7.409145500000000000e+09	-8.285507600000000319e-03	-3.068472500000000210e-03
7.409147625000000000e+09	-8.696513300000000002e-03	-3.186658900000000072e-03
7.409149750000000000e+09	-8.851037399999999236e-03	-2.986653100000000172e-03
7.409151875000000000e+09	-8.824399400000000268e-03	-3.152230399999999925e-03
7.409154000000000000e+09	-8.848370700000000172e-03	-2.929339999999999895e-03
7.409156125000000000e+09	-8.780871500000000593e-03	-3.087801399999999964e-03
7.409158250000000000e+09	-8.277445600000000667e-03	-3.093770599999999798e-03
7.409160375000000000e+09	-8.444873800000000583e-03	-3.084691300000000184e-03
7.409162500000000000e+09	-8.612411199999999573e-03	-2.692201999999999876e-03
7.409164625000000000e+09	-8.850946499999999897e-03	-3.041131700000000108e-03
7.409166750000000000e+09	-8.797530700000000259e-03	-3.172381599999999930e-03
7.409168875000000000e+09	-8.522461000000000272e-03	-2.963569599999999870e-03
7.409171000000000000e+09	-8.491799499999999265e-03	-2.839520099999999925e-03
7.409173125000000000e+09	-8.555647099999999158e-03	-3.033692900000000033e-03
7.409175250000000000e+09	-8.693100699999999417e-03	-2.858269899999999961e-03
7.409177375000000000e+09	-8.756471800000000319e-03	-2.713380799999999884e-03
7.409179500000000000e+09	-8.688869899999999979e-03	-2.796677300000000119e-03
7.409181625000000000e+09	-8.717119199999999804e-03	-3.183076300000000063e-03
7.409183750000000000e+09	-8.437743399999999422e-03	-3.013190800000000065e-03
7.409185875000000000e+09	-8.437428199999999490e-03	-2.918622599999999827e-03
7.409188000000000000e+09	-8.800831900000000152e-03	-2.709588399999999890e-03
7.409190125000000000e+09	-8.711284099999999295e-03	-2.788305799999999876e-03
7.409192250000000000e+09	-8.497555199999999587e-03	-2.788707400000000215e-03
7.409194375000000000e+09	-8.594405600000000478e-03	-2.953897300000000135e-03
7.409196500000000000e+09	-8.568731399999999707e-03	-2.638477000000000183e-03
7.409198625000000000e+09	-8.676587100000000830e-03	-2.977901600000000017e-03
7.409200750000000000e+09	-8.582331099999999935e-03	-2.709482699999999841e-03
7.409202875000000000e+09	-8.703618300000000307e-03	-2.828944400000000040e-03
7.409205000000000000e+09	-8.834925500000000154e-03	-2.780338499999999990e-03
7.409207125000000000e+09	-8.538183200000000472e-03	-2.651074700000000030e-03
7.409209250000000000e+09	-8.821424499999999322e-03	-2.906295699999999951e-03
7.409211375000000000e+09	-8.427452499999999944e-03	-3.024970300000000192e-03
7.409213500000000000e+09	-8.903223700000000712e-03	-2.597495500000000183e-03
7.409215625000000000e+09	-8.774043800000000740e-03	-2.637686700000000002e-03
7.409217750000000000e+09	-8.909343800000000396e-03	-2.788755100000000001e-03
7.409219875000000000e+09	-8.375307999999999711e-03	-2.410092500000000134e-03
7.409222000000000000e+09	-8.790849999999999359e-03	-2.749377199999999966e-03
7.409224125000000000e+09	-8.973285500000000720e-03	-2.529377299999999856e-03
7.409226250000000000e+09	-8.753971500000000752e-03	-2.789620999999999941e-03
7.409228375000000000e+09	-8.866275399999999987e-03	-2.775604300000000194e-03
7.409230500000000000e+09	-8.802034699999999184e-03	-2.715679400000000059e-03
7.409232625000000000e+09	-8.851164200000000842e-03	-3.023400800000000145e-03
7.409234750000000000e+09	-9.242881899999999540e-03	-2.652827799999999802e-03
7.409236875000000000e+09	-8.754375000000000004e-03	-2.808575199999999855e-03
7.409239000000000000e+09	-8.856066699999999917e-03	-2.445786000000000140e-03
7.409241125000000000e+09	-8.762142699999999479e-03	-2.957949699999999887e-03
7.409243250000000000e+09	-9.117522399999999569e-03	-2.864454700000000024e-03
7.409245375000000000e+09	-8.973620099999999461e-03	-2.967081600000000090e-03
7.409247500000000000e+09	-9.034017899999999962e-03	-2.721598100000000020e-03
7.409249625000000000e+09	-9.136101699999999576e-03	-2.535699800000000038e-03
7.409251750000000000e+09	-8.676760199999999576e-03	-2.369857799999999792e-03
7.409253875000000000e+09	-8.704987799999999373e-03	-2.852846500000000198e-03
7.409256000000000000e+09	-8.665593900000000821e-03	-2.523052000000000020e-03
7.409258125000000000e+09	-9.050849099999999300e-03	-2.625099599999999866e-03
7.409260250000000000e+09	-8.775035699999999411e-03	-2.587094700000000091e-03
7.409262375000000000e+09	-8.907559699999999595e-03	-2.767084099999999984e-03
7.409264500000000000e+09	-8.818414599999999451e-03	-2.558458100000000034e-03
7.409266625000000000e+09	-8.842940699999999460e-03	-2.710691600000000086e-03
7.409268750000000000e+09	-8.795684899999999667e-03	-2.226613299999999785e-03
7.409270875000000000e+09	-9.045432500000000556e-03	-2.626357100000000205e-03
7.409273000000000000e+09	-8.807429999999999773e-03	-2.307963899999999988e-03
7.409275125000000000e+09	-8.805879699999999768e-03	-2.547534499999999907e-03
7.409277250000000000e+09	-8.730282600000000004e-03	-2.418191100000000125e-03
7.409279375000000000e+09	-9.091515899999999539e-03	-2.472104900000000015e-03
7.409281500000000000e+09	-8.722529600000000771e-03	-2.375539500000000033e-03
7.409283625000000000e+09	-8.808615800000000814e-03	-2.456451399999999823e-03
7.409285750000000000e+09	-8.893351799999999266e-03	-2.147715399999999830e-03
7.409287875000000000e+09	-9.182725299999999757e-03	-2.274018999999999954e-03
7.409290000000000000e+09	-8.807577299999999262e-03	-2.447068799999999999e-03
7.409292125000000000e+09	-9.111884299999999451e-03	-2.427227899999999990e-03
7.409294250000000000e+09	-8.808495899999999393e-03	-2.243409300000000130e-03
7.409296375000000000e+09	-9.051278100000000743e-03	-2.358600099999999793e-03
7.409298500000000000e+09	-9.027349900000000357e-03	-2.228447199999999788e-03
7.409300625000000000e+09	-8.743566499999999228e-03	-2.403774100000000049e-03
7.409302750000000000e+09	-9.442238900000000240e-03	-2.084563599999999985e-03
7.409304875000000000e+09	-9.022527100000000272e-03	-2.694479599999999829e-03
7.409307000000000000e+09	-8.757717099999999533e-03	-1.849764800000000108e-03
7.409309125000000000e+09	-8.762963400000000486e-03	-2.369467399999999804e-03
7.409311250000000000e+09	-8.830568299999999246e-03	-2.074878899999999925e-03
7.409313375000000000e+09	-8.733889200000000824e-03	-2.533387800000000065e-03
7.409315500000000000e+09	-8.664579999999999851e-03	-2.298707399999999797e-03
7.409317625000000000e+09	-9.110304399999999761e-03	-2.564867000000000188e-03
7.409319750000000000e+09	-8.904362100000000335e-03	-2.394495899999999830e-03
7.409321875000000000e+09	-8.891090299999999599e-03	-2.039464999999999854e-03
7.409324000000000000e+09	-8.974394999999999595e-03	-2.489416600000000142e-03
7.409326125000000000e+09	-9.001966900000000008e-03	-2.221184000000000179e-03
7.409328250000000000e+09	-9.153339099999999520e-03	-2.340690199999999940e-03
7.409330375000000000e+09	-8.729376800000000769e-03	-2.246008700000000097e-03
7.409332500000000000e+09	-9.578640799999999650e-03	-2.007266199999999806e-03
7.409334625000000000e+09	-9.082364600000000093e-03	-2.111911900000000043e-03
7.409336750000000000e+09	-9.041322200000000142e-03	-2.097225900000000177e-03
7.409338875000000000e+09	-8.899293799999999366e-03	-2.173693899999999853e-03
7.409341000000000000e+09	-9.210402499999999215e-03	-2.407363300000000140e-03
7.409343125000000000e+09	-9.168743700000000704e-03	-1.989944200000000069e-03
7.409345250000000000e+09	-9.170338199999999301e-03	-2.490538000000000040e-03
7.409347375000000000e+09	-9.249569900000000761e-03	-2.468955100000000142e-03
7.409349500000000000e+09	-8.606149199999999638e-03	-2.226301600000000179e-03
7.409351625000000000e+09	-9.049896499999999719e-03	-2.083300000000000169e-03
7.409353750000000000e+09	-9.242866699999999561e-03	-2.354824799999999992e-03
7.409355875000000000e+09	-8.912849000000000466e-03	-1.688022900000000050e-03
7.409358000000000000e+09	-9.089546400000000567e-03	-1.739794499999999973e-03
7.409360125000000000e+09	-8.571834299999999199e-03	-1.669824500000000045e-03
7.409362250000000000e+09	-8.897135800000000733e-03	-2.194113499999999876e-03
7.409364375000000000e+09	-8.728688999999999545e-03	-2.050200299999999955e-03
7.409366500000000000e+09	-8.936293399999999804e-03	-1.987694600000000124e-03
7.409368625000000000e+09	-8.725517999999999816e-03	-1.844005799999999962e-03
7.409370750000000000e+09	-8.979947000000000276e-03	-1.905128899999999946e-03
7.409372875000000000e+09	-8.949903800000000645e-03	-2.068982200000000094e-03
7.409375000000000000e+09	-9.058841600000000840e-03	-1.986585300000000016e-03
7.409377125000000000e+09	-8.946076199999999923e-03	-2.003238999999999975e-03
7.409379250000000000e+09	-8.718785800000000002e-03	-1.609511500000000055e-03
7.409381375000000000e+09	-9.245800999999999673e-03	-2.076673700000000039e-03
7.409383500000000000e+09	-8.979384899999999850e-03	-1.867335599999999903e-03
7.409385625000000000e+09	-8.993012300000000417e-03	-1.829283500000000078e-03
7.409387750000000000e+09	-9.213081899999999574e-03	-1.460412300000000010e-03
7.409389875000000000e+09	-8.978775700000000276e-03	-1.480461300000000075e-03
7.409392000000000000e+09	-9.045406699999999564e-03	-1.754009400000000087e-03
7.409394125000000000e+09	-8.739986499999999672e-03	-2.108718299999999980e-03
7.409396250000000000e+09	-9.002780099999999758e-03	-1.923187600000000018e-03
7.409398375000000000e+09	-9.105151000000000563e-03	-2.157791599999999820e-03
7.409400500000000000e+09	-8.877562900000000173e-03	-1.822651200000000070e-03
7.409402625000000000e+09	-9.060508099999999704e-03	-1.648228799999999902e-03
7.409404750000000000e+09	-8.852298999999999238e-03	-1.640856499999999952e-03
7.409406875000000000e+09	-8.952097299999999674e-03	-2.043576899999999946e-03
7.409409000000000000e+09	-9.466768500000000142e-03	-1.574419899999999952e-03
7.409411125000000000e+09	-9.063342199999999474e-03	-1.634325399999999977e-03
7.409413250000000000e+09	-9.008991500000000652e-03	-1.408810500000000094e-03
7.409415375000000000e+09	-8.812726700000000565e-03	-1.273916300000000040e-03
7.409417500000000000e+09	-8.910982300000000120e-03	-1.763368300000000069e-03
7.409419625000000000e+09	-9.284712299999999321e-03	-1.587453599999999942e-03
7.409421750000000000e+09	-9.119534400000000457e-03	-1.621234700000000065e-03
7.409423875000000000e+09	-8.959320800000000057e-03	-1.898885199999999964e-03
7.409426000000000000e+09	-9.296678500000000664e-03	-1.658565899999999956e-03
7.409428125000000000e+09	-8.875973800000000816e-03	-1.387847100000000030e-03
7.409430250000000000e+09	-9.035130400000000728e-03	-1.590271600000000077e-03
7.409432375000000000e+09	-9.026880899999999153e-03	-1.708525999999999925e-03
7.409434500000000000e+09	-9.173829600000000736e-03	-1.587347499999999974e-03
7.409436625000000000e+09	-9.526945000000000205e-03	-1.456993200000000028e-03
7.409438750000000000e+09	-9.082688800000000492e-03	-1.495697100000000076e-03
7.409440875000000000e+09	-9.111267500000000755e-03	-1.604197500000000085e-03
7.409443000000000000e+09	-9.392759100000000125e-03	-1.664016599999999920e-03
7.409445125000000000e+09	-9.129545299999999863e-03	-1.492851600000000105e-03
7.409447250000000000e+09	-9.098564300000000493e-03	-1.496034499999999989e-03
7.409449375000000000e+09	-9.236485100000000475e-03	-1.403937600000000055e-03
7.409451500000000000e+09	-9.037761400000000195e-03	-1.643323699999999941e-03
7.409453625000000000e+09	-9.268839799999999476e-03	-1.505427400000000073e-03
7.409455750000000000e+09	-9.172122799999999840e-03	-1.887889499999999970e-03
7.409457875000000000e+09	-9.234249400000000066e-03	-1.432676900000000005e-03
7.409460000000000000e+09	-9.553386699999999454e-03	-1.345113300000000097e-03
7.409462125000000000e+09	-9.040727900000000011e-03	-1.719574499999999926e-03
7.409464250000000000e+09	-9.167495300000000000e-03	-1.212127099999999943e-03
7.409466375000000000e+09	-9.115248299999999942e-03	-1.757839100000000007e-03
7.409468500000000000e+09	-9.099425100000000863e-03	-1.397785599999999901e-03
7.409470625000000000e+09	-9.063618799999999254e-03	-1.234772099999999900e-03
7.409472750000000000e+09	-9.200097500000000567e-03	-1.566427000000000010e-03
7.409474875000000000e+09	-9.532013299999999439e-03	-9.600252000000000525e-04
7.409477000000000000e+09	-9.434806199999999643e-03	-1.446106599999999942e-03
7.409479125000000000e+09	-9.301455199999999340e-03	-1.060141799999999961e-03
7.409481250000000000e+09	-9.398605500000000584e-03	-1.036169200000000047e-03
7.409483375000000000e+09	-9.496412600000000287e-03	-1.433971399999999950e-03
7.409485500000000000e+09	-9.113609300000000482e-03	-1.278360099999999904e-03
7.409487625000000000e+09	-8.887771500000000643e-03	-1.101520300000000032e-03
7.409489750000000000e+09	-9.242735700000000859e-03	-1.360930800000000052e-03
7.409491875000000000e+09	-9.139803199999999364e-03	-1.319278199999999969e-03
7.409494000000000000e+09	-9.041197900000000690e-03	-1.335684099999999994e-03
7.409496125000000000e+09	-9.566988999999999702e-03	-1.277444800000000031e-03
7.409498250000000000e+09	-8.659407900000000782e-03	-1.137363900000000049e-03
7.409500375000000000e+09	-9.191342899999999788e-03	-1.167882700000000100e-03
7.409502500000000000e+09	-9.006309199999999737e-03	-1.185797400000000073e-03
7.409504625000000000e+09	-9.314414400000000163e-03	-1.586761899999999991e-03
7.409506750000000000e+09	-9.156764300000000065e-03	-1.130295599999999899e-03
7.409508875000000000e+09	-9.285254600000000802e-03	-1.080620200000000086e-03
7.409511000000000000e+09	-9.364426400000000483e-03	-8.387412000000000123e-04
7.409513125000000000e+09	-9.408278799999999359e-03	-1.050464199999999937e-03
7.409515250000000000e+09	-9.478448299999999230e-03	-9.954763000000000153e-04
7.409517375000000000e+09	-9.174684199999999859e-03	-1.073732300000000087e-03
7.409519500000000000e+09	-9.377294799999999833e-03	-1.105706799999999976e-03
7.409521625000000000e+09	-9.280770299999999487e-03	-1.138629900000000033e-03
7.409523750000000000e+09	-8.991931200000000818e-03	-1.091071699999999903e-03
7.409525875000000000e+09	-8.953616799999999584e-03	-8.026815000000000295e-04
7.409528000000000000e+09	-9.128504600000000163e-03	-1.116962800000000046e-03
7.409530125000000000e+09	-9.085209400000000476e-03	-1.213377299999999961e-03
7.409532250000000000e+09	-9.317892700000000167e-03	-7.402476999999999972e-04
7.409534375000000000e+09	-9.247185200000000715e-03	-1.026641700000000034e-03
7.409536500000000000e+09	-9.298993000000000189e-03	-8.688656000000000114e-04
7.409538625000000000e+09	-9.609802900000000495e-03	-8.280990000000000009e-04
7.409540750000000000e+09	-8.909755499999999842e-03	-1.082654099999999986e-03
7.409542875000000000e+09	-9.247303000000000120e-03	-1.013751100000000053e-03
7.409545000000000000e+09	-9.358372199999999419e-03	-5.602607999999999807e-04
7.409547125000000000e+09	-9.214254800000000120e-03	-1.047883500000000058e-03
7.409549250000000000e+09	-9.270277099999999978e-03	-5.307044000000000344e-04
7.409551375000000000e+09	-9.245529500000000331e-03	-6.424881000000000125e-04
7.409553500000000000e+09	-9.211751500000000398e-03	-1.088059599999999932e-03
7.409555625000000000e+09	-9.492100999999999317e-03	-7.900211000000000516e-04
7.409557750000000000e+09	-9.112790500000000557e-03	-7.999065000000000298e-04
7.409559875000000000e+09	-8.952862000000000667e-03	-8.742084999999999700e-04
7.409562000000000000e+09	-9.433361300000000019e-03	-1.103906599999999972e-03
7.409564125000000000e+09	-9.318154800000000640e-03	-9.587499999999999668e-04
7.409566250000000000e+09	-9.528270499999999879e-03	-7.623204999999999868e-04
7.409568375000000000e+09	-9.192750200000000468e-03	-5.899470999999999882e-04
7.409570500000000000e+09	-9.477571199999999807e-03	-1.130464799999999917e-03
7.409572625000000000e+09	-8.906303799999999368e-03	-4.693739000000000158e-04
7.409574750000000000e+09	-9.154869600000000579e-03	-6.318085999999999668e-04
7.409576875000000000e+09	-9.355998299999999587e-03	-6.505334000000000420e-04
7.409579000000000000e+09	-9.371813899999999545e-03	-1.006789400000000041e-03
7.409581125000000000e+09	-9.450188099999999591e-03	-8.062537999999999953e-04
7.409583250000000000e+09	-9.332264599999999174e-03	-6.735455999999999908e-04
7.409585375000000000e+09	-9.122266000000000402e-03	-4.720998000000000230e-04
7.409587500000000000e+09	-9.073018199999999603e-03	-4.672103999999999949e-04
7.409589625000000000e+09	-9.482752599999999879e-03	-6.122655999999999541e-04
7.409591750000000000e+09	-9.024035200000000631e-03	-4.013948000000000147e-04
7.409593875000000000e+09	-9.560768799999999276e-03	-6.113628000000000074e-04
7.409596000000000000e+09	-9.343710499999999600e-03	-3.169407000000000062e-04
7.409598125000000000e+09	-8.990254099999999207e-03	-3.007843999999999861e-04
7.409600250000000000e+09	-9.222403100000000145e-03	-2.032101999999999878e-04
7.409602375000000000e+09	-9.270349199999999845e-03	-6.319681999999999644e-04
7.409604500000000000e+09	-9.571649800000000055e-03	-3.607918000000000106e-04
7.409606625000000000e+09	-9.318122599999999200e-03	-7.343051000000000179e-04
7.409608750000000000e+09	-9.218506300000000112e-03	-4.342877999999999994e-04
7.409610875000000000e+09	-9.617420700000000461e-03	-5.591634000000000274e-04
7.409613000000000000e+09	-9.223226799999999573e-03	-2.169609999999999985e-04
7.409615125000000000e+09	-8.995948599999999476e-03	-2.424724000000000063e-04
7.409617250000000000e+09	-9.370495600000000591e-03	-5.050678000000000502e-04
7.409619375000000000e+09	-9.076573900000000847e-03	-5.349991000000000121e-04
7.409621500000000000e+09	-9.397989400000000826e-03	-6.114322999999999633e-04
7.409623625000000000e+09	-9.286074999999999538e-03	-1.578050999999999911e-04
7.409625750000000000e+09	-9.383668600000000595e-03	-2.706303999999999763e-04
7.409627875000000000e+09	-9.554371600000000075e-03	-6.130352000000000154e-04
7.409630000000000000e+09	-9.628349200000000524e-03	-2.080286999999999891e-04
7.409632125000000000e+09	-9.549866100000000205e-03	-5.225962000000000229e-04
7.409634250000000000e+09	-9.477294600000000027e-03	-3.391828999999999743e-04
7.409636375000000000e+09	-9.634563400000000638e-03	-2.157959999999999918e-05
7.409638500000000000e+09	-9.372269500000000517e-03	-9.079399999999999840e-05
7.409640625000000000e+09	-9.473016799999999307e-03	-3.030841999999999738e-04
7.409642750000000000e+09	-9.345940500000000234e-03	-1.792947000000000030e-04
7.409644875000000000e+09	-9.401081900000000241e-03	-2.281541000000000049e-04
7.409647000000000000e+09	-9.331752900000000323e-03	-3.221330999999999804e-04
7.409649125000000000e+09	-9.436829299999999546e-03	-2.929911000000000212e-04
7.409651250000000000e+09	-9.532084300000000232e-03	-8.807049999999999644e-05
7.409653375000000000e+09	-9.327541099999999558e-03	-1.299585000000000128e-04
7.409655500000000000e+09	-9.344830300000000686e-03	5.755000000000000295e-05
7.409657625000000000e+09	-9.240499799999999514e-03	-1.863819000000000120e-04
7.409659750000000000e+09	-9.455819500000000460e-03	-1.046474000000000037e-04
7.409661875000000000e+09	-9.135962500000000680e-03	-9.891280000000000612e-05
7.409664000000000000e+09	-9.546409199999999692e-03	-3.361381000000000199e-04
7.409666125000000000e+09	-9.033214600000000552e-03	-2.564776000000000057e-04
7.409668250000000000e+09	-9.265340800000000654e-03	-5.172350000000000038e-05
7.409670375000000000e+09	-9.304965700000000783e-03	-3.197445999999999947e-04
7.409672500000000000e+09	-9.249659800000000626e-03	-2.473310999999999739e-04
7.409674625000000000e+09	-9.263377799999999995e-03	-1.258509999999999916e-05
7.409676750000000000e+09	-9.275019799999999204e-03	9.948270000000000214e-05
7.409678875000000000e+09	-9.478296000000000637e-03	-1.934097000000000127e-04
7.409681000000000000e+09	-9.042221499999999329e-03	1.312500999999999989e-04
7.409683125000000000e+09	-9.418563200000000524e-03	-1.034534000000000012e-04
7.409685250000000000e+09	-9.327106300000000474e-03	2.903412999999999979e-04
7.409687375000000000e+09	-9.205297399999999575e-03	1.885462999999999874e-04
7.409689500000000000e+09	-9.634609500000000312e-03	-5.373000000000000056e-06
7.409691625000000000e+09	-9.640567500000000664e-03	8.912600000000000014e-05
7.409693750000000000e+09	-9.372689800000000293e-03	3.444451000000000067e-04
7.409695875000000000e+09	-9.042187400000000277e-03	3.657465000000000260e-04
7.409698000000000000e+09	-8.963244800000000692e-03	-2.090650000000000050e-05
7.409700125000000000e+09	-9.391429300000000285e-03	1.634754000000000036e-04
7.409702250000000000e+09	-9.144718200000000533e-03	-1.557080000000000074e-04
7.409704375000000000e+09	-9.379204199999999561e-03	4.688170999999999875e-04
7.409706500000000000e+09	-9.292040200000000610e-03	9.666249999999999821e-05
7.409708625000000000e+09	-9.539883799999999275e-03	4.835851999999999859e-04
7.409710750000000000e+09	-9.567500600000000688e-03	1.416863999999999992e-04
7.409712875000000000e+09	-8.815470199999999798e-03	-5.014830000000000231e-05
7.409715000000000000e+09	-9.261630599999999200e-03	1.002348000000000046e-04
7.409717125000000000e+09	-9.384775300000000250e-03	1.448489999999999916e-05
7.409719250000000000e+09	-9.523118000000000555e-03	2.292964999999999890e-04
7.409721375000000000e+09	-9.174205200000000449e-03	1.085379999999999966e-04
7.409723500000000000e+09	-9.498722100000000709e-03	8.029580000000000463e-05
7.409725625000000000e+09	-9.068492799999999451e-03	5.335540000000000080e-05
7.409727750000000000e+09	-9.624686599999999689e-03	4.395625000000000118e-04
7.409729875000000000e+09	-9.164191599999999688e-03	3.201626000000000168e-04
7.409732000000000000e+09	-9.465248900000000631e-03	2.985015999999999950e-04
7.409734125000000000e+09	-9.087464800000000231e-03	2.013623999999999883e-04
7.409736250000000000e+09	-9.679097700000000026e-03	4.753990999999999729e-04
7.409738375000000000e+09	-9.147084899999999644e-03	2.108211999999999933e-04
7.409740500000000000e+09	-9.230178900000000214e-03	2.310385999999999939e-04
7.409742625000000000e+09	-9.196483099999999689e-03	1.924709999999999941e-04
7.409744750000000000e+09	-8.993598000000000217e-03	4.531037000000000237e-04
7.409746875000000000e+09	-9.266781999999999450e-03	2.924172000000000164e-04
7.409749000000000000e+09	-9.329860800000000856e-03	2.989657000000000165e-04
7.409751125000000000e+09	-9.400010999999999783e-03	4.422547000000000197e-04
7.409753250000000000e+09	-9.457641600000000343e-03	5.014454999999999477e-04
7.409755375000000000e+09	-9.115052000000000224e-03	4.913677999999999883e-04
7.409757500000000000e+09	-9.254941500000000640e-03	2.808476999999999979e-04
7.409759625000000000e+09	-9.809391199999999839e-03	4.466418999999999901e-04
7.409761750000000000e+09	-9.055897400000000388e-03	5.964565999999999705e-04
7.409763875000000000e+09	-9.477444300000000335e-03	3.632705000000000179e-04
7.409766000000000000e+09	-9.381416899999999934e-03	7.586262000000000517e-04
7.409768125000000000e+09	-9.666860600000000414e-03	5.633276999999999902e-04
7.409770250000000000e+09	-9.465212599999999962e-03	4.048875999999999756e-04
7.409772375000000000e+09	-9.104358300000000431e-03	4.667186000000000143e-04
7.409774500000000000e+09	-9.283926099999999237e-03	5.854086999999999572e-04
7.409776625000000000e+09	-9.195051299999999761e-03	6.122439999999999610e-04
7.409778750000000000e+09	-9.034541300000000635e-03	3.490958999999999859e-04
7.409780875000000000e+09	-9.399764700000000361e-03	4.816639999999999745e-04
7.409783000000000000e+09	-9.418086799999999398e-03	6.231049999999999913e-04
7.409785125000000000e+09	-9.293792400000000509e-03	7.135995000000000445e-04
7.409787250000000000e+09	-8.968454500000000440e-03	4.744683000000000190e-04
7.409789375000000000e+09	-9.110927700000000240e-03	9.846315999999999055e-04
7.409791500000000000e+09	-9.376103199999999416e-03	7.293459999999999657e-04
7.409793625000000000e+09	-9.527769900000000042e-03	3.551531000000000132e-04
7.409795750000000000e+09	-9.423315399999999953e-03	4.606038000000000233e-04
7.409797875000000000e+09	-9.519187900000000008e-03	7.942319999999999675e-04
7.409800000000000000e+09	-9.660847400000000321e-03	5.559181000000000062e-04
7.409802125000000000e+09	-9.589249200000000278e-03	7.037090999999999876e-04
7.409804250000000000e+09	-9.061558000000000807e-03	3.347094999999999910e-04
7.409806375000000000e+09	-9.182005999999999502e-03	7.176723999999999560e-04
7.409808500000000000e+09	-9.240669999999999440e-03	6.401223000000000156e-04
7.409810625000000000e+09	-9.265180499999999333e-03	7.798587000000000487e-04
7.409812750000000000e+09	-9.156771399999999450e-03	6.640676999999999778e-04
7.409814875000000000e+09	-9.120503400000000427e-03	7.803983999999999921e-04
7.409817000000000000e+09	-9.369901400000000061e-03	8.314915000000000197e-04
7.409819125000000000e+09	-9.239969599999999991e-03	1.051113900000000094e-03
7.409821250000000000e+09	-9.072619999999999990e-03	8.387260999999999588e-04
7.409823375000000000e+09	-9.307290699999999986e-03	9.483551999999999694e-04
7.409825500000000000e+09	-9.263880299999999179e-03	7.634124000000000161e-04
7.409827625000000000e+09	-9.490410899999999345e-03	7.809483000000000527e-04
7.409829750000000000e+09	-9.214623200000000847e-03	8.056829999999999634e-04
7.409831875000000000e+09	-9.514927100000000748e-03	7.860982000000000082e-04
7.409834000000000000e+09	-8.979031499999999902e-03	7.584913999999999459e-04
7.409836125000000000e+09	-8.796146700000000151e-03	8.908755000000000189e-04
7.409838250000000000e+09	-9.351428999999999644e-03	7.121783000000000453e-04
7.409840375000000000e+09	-9.271330300000000038e-03	6.311217999999999516e-04
7.409842500000000000e+09	-9.376440300000000311e-03	9.708858999999999805e-04
7.409844625000000000e+09	-9.360049800000000766e-03	1.046562700000000035e-03
7.409846750000000000e+09	-9.205981000000000233e-03	1.077525699999999989e-03
7.409848875000000000e+09	-9.379496899999999193e-03	6.864564999999999556e-04
7.409851000000000000e+09	-9.346245799999999826e-03	8.344129999999999950e-04
7.409853125000000000e+09	-9.573693799999999712e-03	1.135369499999999959e-03
7.409855250000000000e+09	-9.332850000000000174e-03	1.067136999999999903e-03
7.409857375000000000e+09	-9.362442900000000207e-03	1.093125900000000003e-03
7.409859500000000000e+09	-9.080681599999999506e-03	1.033876499999999933e-03
7.409861625000000000e+09	-9.200360399999999578e-03	1.267117699999999918e-03
7.409863750000000000e+09	-9.284398399999999399e-03	1.110001200000000068e-03
7.409865875000000000e+09	-9.046423899999999491e-03	6.727534999999999548e-04
7.409868000000000000e+09	-9.458967199999999617e-03	1.069069400000000102e-03
7.409870125000000000e+09	-9.331588999999999509e-03	7.257528999999999543e-04
7.409872250000000000e+09	-9.487287699999999435e-03	1.037706499999999955e-03
7.409874375000000000e+09	-9.085064500000000071e-03	9.830876999999999151e-04
7.409876500000000000e+09	-9.315227000000000576e-03	1.113644499999999959e-03
7.409878625000000000e+09	-9.336999800000000613e-03	1.185641799999999921e-03
7.409880750000000000e+09	-9.067422599999999666e-03	1.347073399999999983e-03
7.409882875000000000e+09	-9.385875700000000793e-03	1.206472400000000019e-03
7.409885000000000000e+09	-9.126418799999999262e-03	1.249825599999999969e-03
7.409887125000000000e+09	-9.323870200000000663e-03	1.099406899999999911e-03
7.409889250000000000e+09	-9.433882500000000809e-03	1.256278900000000085e-03
7.409891375000000000e+09	-9.437938599999999220e-03	1.178083899999999998e-03
7.409893500000000000e+09	-9.174253800000000542e-03	9.904331000000000159e-04
7.409895625000000000e+09	-9.446812500000000348e-03	1.159945699999999922e-03
7.409897750000000000e+09	-9.294477199999999842e-03	1.487388899999999951e-03
7.409899875000000000e+09	-9.127671599999999733e-03	1.231097100000000041e-03
7.409902000000000000e+09	-9.224631000000000497e-03	1.415610600000000076e-03
7.409904125000000000e+09	-9.151925300000000527e-03	1.356045099999999984e-03
7.409906250000000000e+09	-9.373710500000000112e-03	1.478687100000000048e-03
7.409908375000000000e+09	-9.432635599999999315e-03	1.396300100000000093e-03
7.409910500000000000e+09	-9.061838799999999416e-03	1.449260699999999980e-03
7.409912625000000000e+09	-9.195451199999999520e-03	1.031374000000000049e-03
7.409914750000000000e+09	-9.372459399999999788e-03	1.291725399999999998e-03
7.409916875000000000e+09	-9.213657800000000370e-03	1.411210800000000038e-03
7.409919000000000000e+09	-8.985440399999999189e-03	1.069646600000000039e-03
7.409921125000000000e+09	-9.147828499999999946e-03	1.058846300000000108e-03
7.409923250000000000e+09	-9.206665699999999966e-03	1.566808199999999898e-03
7.409925375000000000e+09	-9.096420399999999296e-03	1.331192900000000012e-03
7.409927500000000000e+09	-9.454830399999999274e-03	1.258169699999999976e-03
7.409929625000000000e+09	-8.995049800000000026e-03	1.331270700000000088e-03
7.409931750000000000e+09	-9.298180799999999913e-03	1.330975199999999935e-03
7.409933875000000000e+09	-9.245914299999999711e-03	1.406457999999999970e-03
7.409936000000000000e+09	-9.120368199999999426e-03	1.637068399999999906e-03
7.409938125000000000e+09	-9.048628300000000069e-03	1.246051599999999961e-03
7.409940250000000000e+09	-9.187165699999999546e-03	1.532158899999999917e-03
7.409942375000000000e+09	-8.971160400000000729e-03	1.529796400000000070e-03
7.409944500000000000e+09	-9.075495499999999133e-03	1.538190700000000065e-03
7.409946625000000000e+09	-9.373009899999999728e-03	1.339244999999999975e-03
7.409948750000000000e+09	-8.743040299999999335e-03	1.696271399999999983e-03
7.409950875000000000e+09	-8.980369800000000471e-03	1.457728799999999988e-03
7.409953000000000000e+09	-9.239921400000000035e-03	1.761047699999999981e-03
7.409955125000000000e+09	-9.215831000000000717e-03	1.693990399999999955e-03
7.409957250000000000e+09	-9.119394399999999554e-03	1.498029299999999999e-03
7.409959375000000000e+09	-9.186708099999999627e-03	1.469055199999999995e-03
7.409961500000000000e+09	-9.182235400000000533e-03	1.564888099999999990e-03
7.409963625000000000e+09	-9.578751099999999533e-03	1.749318500000000094e-03
7.409965750000000000e+09	-9.110801499999999706e-03	1.482421800000000098e-03
7.409967875000000000e+09	-9.263402100000000042e-03	1.562337800000000070e-03
7.409970000000000000e+09	-9.432393799999999259e-03	1.512554499999999892e-03
7.409972125000000000e+09	-9.416764600000000415e-03	1.776535199999999945e-03
7.409974250000000000e+09	-9.349700900000000592e-03	1.438761499999999943e-03
7.409976375000000000e+09	-9.285831399999999736e-03	1.861481199999999968e-03
7.409978500000000000e+09	-9.270308200000000609e-03	2.103899499999999957e-03
7.409980625000000000e+09	-9.256853500000000387e-03	2.028485500000000181e-03
7.409982750000000000e+09	-9.242741299999999299e-03	1.671540700000000027e-03
7.409984875000000000e+09	-9.381099800000000655e-03	1.621219400000000052e-03
7.409987000000000000e+09	-9.299876999999999796e-03	1.809158699999999969e-03
7.409989125000000000e+09	-9.056790400000000463e-03	1.705260500000000063e-03
7.409991250000000000e+09	-9.373433599999999796e-03	1.415608899999999930e-03
7.409993375000000000e+09	-9.563918700000000050e-03	1.815831499999999909e-03
7.409995500000000000e+09	-9.227074099999999640e-03	1.554332500000000020e-03
7.409997625000000000e+09	-8.817315699999999853e-03	2.076182399999999904e-03
7.409999750000000000e+09	-8.654408900000000460e-03	2.099362000000000016e-03
7.410001875000000000e+09	-9.131652199999999719e-03	1.918521700000000094e-03
7.410004000000000000e+09	-9.328319899999999720e-03	1.692839200000000087e-03
7.410006125000000000e+09	-9.063280199999999148e-03	2.066231100000000005e-03
7.410008250000000000e+09	-9.227991600000000696e-03	1.596951799999999939e-03
7.410010375000000000e+09	-9.202594499999999442e-03	1.850366399999999910e-03
7.410012500000000000e+09	-9.293754099999999158e-03	1.917416900000000002e-03
7.410014625000000000e+09	-9.058231599999999259e-03	2.057701900000000195e-03
7.410016750000000000e+09	-9.345404099999999464e-03	1.935518100000000038e-03
7.410018875000000000e+09	-8.872971000000000330e-03	1.928453699999999917e-03
7.410021000000000000e+09	-9.150294800000000062e-03	2.067659800000000176e-03
7.410023125000000000e+09	-8.949830100000000233e-03	1.884281700000000042e-03
7.410025250000000000e+09	-8.938609400000000274e-03	2.166686100000000167e-03
7.410027375000000000e+09	-9.111030699999999802e-03	2.067438600000000206e-03
7.410029500000000000e+09	-9.147157700000000183e-03	1.603772299999999939e-03
7.410031625000000000e+09	-9.229419799999999396e-03	1.828839799999999911e-03
7.410033750000000000e+09	-8.944251400000000421e-03	2.053167800000000112e-03
7.410035875000000000e+09	-9.281337199999999815e-03	1.913020400000000005e-03
7.410038000000000000e+09	-9.155742200000000636e-03	2.049353900000000159e-03
7.410040125000000000e+09	-9.350575499999999596e-03	2.146649400000000176e-03
7.410042250000000000e+09	-8.879490000000000299e-03	2.008841999999999833e-03
7.410044375000000000e+09	-9.124350099999999422e-03	1.793284399999999943e-03
7.410046500000000000e+09	-9.001500100000000421e-03	2.104972599999999864e-03
7.410048625000000000e+09	-8.874678900000000301e-03	2.013371400000000047e-03
7.410050750000000000e+09	-8.767795899999999976e-03	1.941435399999999955e-03
7.410052875000000000e+09	-9.028941000000000397e-03	2.226553300000000141e-03
7.410055000000000000e+09	-9.146752100000000649e-03	2.218860799999999855e-03
7.410057125000000000e+09	-8.902817299999999170e-03	2.100423200000000202e-03
7.410059250000000000e+09	-9.251149800000000450e-03	1.998615599999999798e-03
7.410061375000000000e+09	-8.829372000000000262e-03	2.067412499999999979e-03
7.410063500000000000e+09	-9.624115299999999595e-03	2.694639600000000180e-03
7.410065625000000000e+09	-8.934223899999999691e-03	2.232490499999999906e-03
7.410067750000000000e+09	-8.974646299999999854e-03	2.297277800000000186e-03
7.410069875000000000e+09	-9.015676800000000518e-03	2.203942999999999874e-03
7.410072000000000000e+09	-9.400557199999999558e-03	2.623967499999999790e-03
7.410074125000000000e+09	-9.208783999999999373e-03	2.297368599999999924e-03
7.410076250000000000e+09	-9.098721400000000722e-03	2.017240699999999810e-03
7.410078375000000000e+09	-9.654933299999999760e-03	2.667707899999999938e-03
7.410080500000000000e+09	-9.001938200000000195e-03	2.107729400000000163e-03
7.410082625000000000e+09	-9.023457699999999290e-03	1.940106200000000104e-03
7.410084750000000000e+09	-8.962823199999999171e-03	2.426294900000000154e-03
7.410086875000000000e+09	-8.992686600000000807e-03	2.475391200000000031e-03
7.410089000000000000e+09	-8.631315100000000115e-03	2.442367700000000214e-03
7.410091125000000000e+09	-8.651842999999999340e-03	2.313885099999999934e-03
7.410093250000000000e+09	-9.140672199999999928e-03	2.184413300000000169e-03
7.410095375000000000e+09	-8.857778099999999780e-03	2.220365599999999957e-03
7.410097500000000000e+09	-8.735610499999999293e-03	2.041202800000000046e-03
7.410099625000000000e+09	-8.750372399999999454e-03	2.449601699999999840e-03
7.410101750000000000e+09	-8.975736800000000057e-03	2.187680000000000007e-03
7.410103875000000000e+09	-9.246116100000000004e-03	2.364651499999999903e-03
7.410106000000000000e+09	-8.842143300000000761e-03	2.553690099999999987e-03
7.410108125000000000e+09	-8.833162400000000442e-03	2.087734700000000183e-03
7.410110250000000000e+09	-8.720051499999999234e-03	2.328148500000000107e-03
7.410112375000000000e+09	-8.837299999999999323e-03	2.630307699999999936e-03
7.410114500000000000e+09	-9.081317000000000209e-03	2.238899400000000060e-03
7.410116625000000000e+09	-8.817994600000000210e-03	2.844612099999999869e-03
7.410118750000000000e+09	-8.613265999999999631e-03	2.129604399999999922e-03
7.410120875000000000e+09	-9.118348400000000215e-03	2.310770299999999854e-03
7.410123000000000000e+09	-8.883627300000000379e-03	2.766164700000000014e-03
7.410125125000000000e+09	-9.106829599999999650e-03	2.709440300000000128e-03
7.410127250000000000e+09	-9.183802399999999727e-03	2.660219899999999998e-03
7.410129375000000000e+09	-9.082581699999999966e-03	2.210936499999999888e-03
7.410131500000000000e+09	-8.805036000000000460e-03	2.365280400000000123e-03
7.410133625000000000e+09	-8.955105999999999136e-03	2.884849399999999797e-03
7.410135750000000000e+09	-8.697560199999999214e-03	2.720324399999999795e-03
7.410137875000000000e+09	-8.604452900000000154e-03	2.417386200000000169e-03
7.410140000000000000e+09	-8.700230099999999370e-03	2.364017600000000146e-03
7.410142125000000000e+09	-8.764341599999999483e-03	2.701899900000000101e-03
7.410144250000000000e+09	-8.701129599999999492e-03	2.427013300000000103e-03
7.410146375000000000e+09	-9.320731199999999703e-03	2.427479699999999987e-03
7.410148500000000000e+09	-9.097861500000000226e-03	2.768257799999999935e-03
7.410150625000000000e+09	-8.994419999999999499e-03	2.662626600000000173e-03
7.410152750000000000e+09	-8.907940600000000680e-03	2.832143200000000142e-03
7.410154875000000000e+09	-8.793714500000000822e-03	2.413433500000000155e-03
7.410157000000000000e+09	-8.959048600000000043e-03	2.625874600000000034e-03
7.410159125000000000e+09	-8.793073300000000744e-03	2.654925800000000093e-03
7.410161250000000000e+09	-8.833264299999999195e-03	2.726284499999999996e-03
7.410163375000000000e+09	-8.947224499999999886e-03	2.537014800000000035e-03
7.410165500000000000e+09	-8.953332200000000546e-03	2.789068500000000186e-03
7.410167625000000000e+09	-8.774253299999999756e-03	2.930454099999999906e-03
7.410169750000000000e+09	-8.760108000000000825e-03	2.798026300000000001e-03
7.410171875000000000e+09	-8.833861199999999345e-03	3.027621299999999974e-03
7.410174000000000000e+09	-8.847192699999999188e-03	2.685780100000000059e-03
7.410176125000000000e+09	-8.939323199999999955e-03	3.109437200000000120e-03
7.410178250000000000e+09	-9.014293200000000547e-03	2.580924499999999802e-03
7.410180375000000000e+09	-8.734971600000000433e-03	2.913108699999999995e-03
7.410182500000000000e+09	-9.023764700000000763e-03	2.888480900000000001e-03
7.410184625000000000e+09	-8.626210100000000075e-03	2.974721400000000186e-03
7.410186750000000000e+09	-8.871403700000000600e-03	2.947363100000000187e-03
7.410188875000000000e+09	-8.790741899999999359e-03	3.153625499999999915e-03
7.410191000000000000e+09	-8.598654900000000587e-03	2.933408599999999967e-03
7.410193125000000000e+09	-8.834215700000000102e-03	2.986422500000000032e-03
7.410195250000000000e+09	-8.892424700000000140e-03	2.755974799999999850e-03
7.410197375000000000e+09	-8.580892799999999959e-03	3.271359299999999828e-03
7.410199500000000000e+09	-8.494726799999999592e-03	2.941083000000000152e-03
7.410201625000000000e+09	-8.633741500000000069e-03	3.196049199999999920e-03
7.410203750000000000e+09	-8.440057299999999610e-03	3.275001899999999914e-03
7.410205875000000000e+09	-9.004833999999999755e-03	2.540413400000000183e-03
7.410208000000000000e+09	-8.735992499999999453e-03	2.692039800000000076e-03
7.410210125000000000e+09	-8.376739100000000701e-03	3.232622100000000134e-03
7.410212250000000000e+09	-8.950191200000000638e-03	2.614312299999999815e-03
7.410214375000000000e+09	-9.050656600000000010e-03	3.201162599999999789e-03
7.410216500000000000e+09	-8.846662200000000864e-03	2.912431100000000082e-03
7.410218625000000000e+09	-8.999253299999999262e-03	2.938929900000000154e-03
7.410220750000000000e+09	-8.648855400000000568e-03	2.911593100000000114e-03
7.410222875000000000e+09	-8.956116800000000350e-03	3.431108400000000124e-03
7.410225000000000000e+09	-8.405170000000000002e-03	2.967244999999999865e-03
7.410227125000000000e+09	-8.814342799999999589e-03	3.328054699999999800e-03
7.410229250000000000e+09	-9.039718599999999743e-03	2.748093799999999903e-03
7.410231375000000000e+09	-8.719925800000000171e-03	3.303057900000000175e-03
7.410233500000000000e+09	-8.720395599999999914e-03	3.082671400000000072e-03
7.410235625000000000e+09	-8.821738500000000580e-03	3.417368000000000055e-03
7.410237750000000000e+09	-8.775163199999999955e-03	2.879321900000000097e-03
7.410239875000000000e+09	-9.105712499999999918e-03	3.046030700000000157e-03
7.410242000000000000e+09	-8.600355000000000499e-03	2.946599399999999969e-03
7.410244125000000000e+09	-8.811103500000000421e-03	3.220726399999999847e-03
7.410246250000000000e+09	-8.783474700000000121e-03	3.135089000000000192e-03
7.410248375000000000e+09	-8.501291799999999635e-03	3.359188700000000170e-03
7.410250500000000000e+09	-8.712622999999999202e-03	3.422525400000000183e-03
7.410252625000000000e+09	-8.932987400000000008e-03	2.884541599999999786e-03
7.410254750000000000e+09	-8.593815100000000776e-03	3.334925500000000039e-03
7.410256875000000000e+09	-8.734300599999999734e-03	3.170733900000000105e-03
7.410259000000000000e+09	-8.757040299999999458e-03	3.417143399999999793e-03
7.410261125000000000e+09	-8.602043900000000062e-03	3.423941399999999927e-03
7.410263250000000000e+09	-8.673604799999999962e-03	3.186607799999999994e-03
7.410265375000000000e+09	-8.583524099999999962e-03	3.142854799999999886e-03
7.410267500000000000e+09	-8.862883199999999420e-03	3.456515700000000087e-03
7.410269625000000000e+09	-8.865925000000000195e-03	3.206019499999999793e-03
7.410271750000000000e+09	-8.880948600000000692e-03	3.360962199999999959e-03
7.410273875000000000e+09	-8.616130300000000158e-03	3.359384200000000049e-03
7.410276000000000000e+09	-8.480124800000000615e-03	3.031008200000000034e-03
7.410278125000000000e+09	-8.728559300000000853e-03	3.531807899999999962e-03
7.410280250000000000e+09	-8.174184399999999406e-03	3.350188000000000037e-03
7.410282375000000000e+09	-8.376524099999999376e-03	3.190410099999999895e-03
7.410284500000000000e+09	-8.457147899999999802e-03	3.460983600000000146e-03
7.410286625000000000e+09	-8.648184399999999869e-03	3.574762999999999899e-03
7.410288750000000000e+09	-8.364290800000000192e-03	3.191961499999999841e-03
7.410290875000000000e+09	-8.766175399999999451e-03	3.168701400000000033e-03
7.410293000000000000e+09	-8.808857800000000071e-03	3.461576300000000165e-03
7.410295125000000000e+09	-8.357055000000000386e-03	3.182106799999999923e-03
7.410297250000000000e+09	-8.842373599999999931e-03	3.616067499999999890e-03
7.410299375000000000e+09	-8.673277300000000606e-03	3.293442299999999826e-03
7.410301500000000000e+09	-8.524458400000000519e-03	3.641257299999999843e-03
7.410303625000000000e+09	-8.534980200000000239e-03	3.450190000000000114e-03
7.410305750000000000e+09	-8.367586099999999374e-03	3.354958300000000001e-03
7.410307875000000000e+09	-8.397459300000000015e-03	3.657512600000000121e-03
7.410310000000000000e+09	-8.605915800000000712e-03	3.388723499999999906e-03
7.410312125000000000e+09	-8.557489099999999321e-03	3.411063700000000008e-03
7.410314250000000000e+09	-8.457558299999999238e-03	3.413043900000000026e-03
7.410316375000000000e+09	-8.758969599999999467e-03	3.530685300000000089e-03
7.410318500000000000e+09	-8.481637499999999941e-03	3.544382500000000172e-03
7.410320625000000000e+09	-8.655639899999999567e-03	3.519748899999999934e-03
7.410322750000000000e+09	-8.390759899999999244e-03	3.665288400000000189e-03
7.410324875000000000e+09	-8.357226000000000585e-03	3.733058400000000172e-03
7.410327000000000000e+09	-8.392930999999999309e-03	3.510885899999999921e-03
7.410329125000000000e+09	-8.820096200000000428e-03	3.537616899999999811e-03
7.410331250000000000e+09	-8.626792399999999583e-03	3.453309199999999961e-03
7.410333375000000000e+09	-8.595875899999999223e-03	3.646363200000000190e-03
7.410335500000000000e+09	-8.772432300000000682e-03	3.470234899999999865e-03
7.410337625000000000e+09	-8.704786699999999752e-03	3.812703699999999991e-03
7.410339750000000000e+09	-8.507823200000000363e-03	3.227449700000000095e-03
7.410341875000000000e+09	-8.753634899999999594e-03	3.516994600000000054e-03
7.410344000000000000e+09	-8.841472899999999399e-03	3.358617400000000076e-03
7.410346125000000000e+09	-8.439886599999999947e-03	3.643881299999999959e-03
7.410348250000000000e+09	-8.373868300000000126e-03	3.768875399999999792e-03
7.410350375000000000e+09	-8.465781900000000221e-03	3.790315199999999898e-03
7.410352500000000000e+09	-8.542685700000000187e-03	3.485528199999999958e-03
7.410354625000000000e+09	-8.408354300000000364e-03	3.598423500000000070e-03
7.410356750000000000e+09	-8.458295299999999892e-03	3.585524200000000158e-03
7.410358875000000000e+09	-8.550927899999999707e-03	3.800202899999999794e-03
7.410361000000000000e+09	-8.425405999999999868e-03	3.526290699999999872e-03
7.410363125000000000e+09	-8.261988099999999224e-03	3.583390599999999870e-03
7.410365250000000000e+09	-8.278062900000000834e-03	3.878370900000000215e-03
7.410367375000000000e+09	-8.454854499999999232e-03	3.635194799999999851e-03
7.410369500000000000e+09	-8.461190299999999179e-03	3.521711099999999886e-03
7.410371625000000000e+09	-8.367658099999999641e-03	3.881851600000000169e-03
7.410373750000000000e+09	-8.541830300000000792e-03	3.680385799999999832e-03
7.410375875000000000e+09	-8.659902100000000172e-03	3.657658099999999864e-03
7.410378000000000000e+09	-8.535499000000000211e-03	3.907465199999999791e-03
7.410380125000000000e+09	-8.520662700000000700e-03	3.960522200000000242e-03
7.410382250000000000e+09	-8.403829800000000086e-03	3.864503400000000172e-03
7.410384375000000000e+09	-8.161591100000000626e-03	3.716153700000000056e-03
7.410386500000000000e+09	-8.431199299999999133e-03	3.895004200000000156e-03
7.410388625000000000e+09	-8.285073299999999238e-03	3.892989099999999945e-03
7.410390750000000000e+09	-8.521185199999999765e-03	3.844164299999999843e-03
7.410392875000000000e+09	-8.295739499999999628e-03	4.240037700000000125e-03
7.410395000000000000e+09	-8.412122299999999844e-03	3.788329100000000036e-03
7.410397125000000000e+09	-8.352002100000000331e-03	3.930882499999999863e-03
7.410399250000000000e+09	-8.146822700000000417e-03	4.133854000000000174e-03
7.410401375000000000e+09	-8.237042099999999575e-03	3.786035799999999934e-03
7.410403500000000000e+09	-8.630441200000000049e-03	3.769922000000000203e-03
7.410405625000000000e+09	-8.401695400000000827e-03	3.755326800000000076e-03
7.410407750000000000e+09	-8.022027600000000355e-03	4.118292299999999628e-03
7.410409875000000000e+09	-8.437121199999999752e-03	4.030555199999999970e-03
7.410412000000000000e+09	-8.269631100000000845e-03	3.927576500000000068e-03
7.410414125000000000e+09	-8.725164900000000404e-03	3.710587300000000102e-03
7.410416250000000000e+09	-8.414000899999999478e-03	3.984911300000000371e-03
7.410418375000000000e+09	-8.736040800000000744e-03	3.897332400000000016e-03
7.410420500000000000e+09	-7.985562800000000142e-03	3.699553700000000195e-03
7.410422625000000000e+09	-8.344811599999999926e-03	4.039296599999999716e-03
7.410424750000000000e+09	-8.465471999999999927e-03	4.014150099999999784e-03
7.410426875000000000e+09	-8.321115500000000192e-03	3.863586300000000119e-03
7.410429000000000000e+09	-8.703840900000000755e-03	3.959793300000000182e-03
7.410431125000000000e+09	-8.573067199999999388e-03	3.799427299999999855e-03
7.410433250000000000e+09	-8.456759200000000393e-03	3.991720199999999885e-03
7.410435375000000000e+09	-8.051461100000000676e-03	3.950961499999999967e-03
7.410437500000000000e+09	-7.870134299999999652e-03	3.856671199999999952e-03
7.410439625000000000e+09	-8.514727899999999586e-03	3.956729499999999712e-03
7.410441750000000000e+09	-8.299937800000000560e-03	4.261837800000000363e-03
7.410443875000000000e+09	-8.387112299999999188e-03	4.206546499999999980e-03
7.410446000000000000e+09	-8.234162399999999868e-03	4.545231000000000271e-03
7.410448125000000000e+09	-8.399850500000000109e-03	4.118550700000000141e-03
7.410450250000000000e+09	-8.330645600000000442e-03	4.270345800000000316e-03
7.410452375000000000e+09	-8.545309900000000805e-03	4.133190499999999865e-03
7.410454500000000000e+09	-8.365460499999999647e-03	4.120349899999999586e-03
7.410456625000000000e+09	-8.128584600000000535e-03	3.972582399999999812e-03
7.410458750000000000e+09	-8.441516600000000675e-03	4.235146700000000201e-03
7.410460875000000000e+09	-8.020763300000000734e-03	4.053488299999999725e-03
7.410463000000000000e+09	-8.516007000000000784e-03	4.163019900000000315e-03
7.410465125000000000e+09	-8.526498500000000147e-03	3.958897500000000021e-03
7.410467250000000000e+09	-7.864782000000000717e-03	4.387667900000000350e-03
7.410469375000000000e+09	-8.113148000000000581e-03	4.164730799999999573e-03
7.410471500000000000e+09	-8.101358399999999613e-03	3.903980799999999876e-03
7.410473625000000000e+09	-7.848878000000000105e-03	4.449027900000000237e-03
7.410475750000000000e+09	-8.061903800000000744e-03	4.322046900000000268e-03
7.410477875000000000e+09	-8.060192000000000745e-03	4.305631800000000141e-03
7.410480000000000000e+09	-8.320109100000000479e-03	3.951480900000000143e-03
7.410482125000000000e+09	-8.352910499999999586e-03	4.071749999999999849e-03
7.410484250000000000e+09	-7.887735499999999622e-03	4.137383500000000290e-03
7.410486375000000000e+09	-8.411926899999999999e-03	4.376700399999999998e-03
7.410488500000000000e+09	-8.004829700000000436e-03	4.481020100000000089e-03
7.410490625000000000e+09	-8.335104600000000502e-03	4.257095899999999676e-03
7.410492750000000000e+09	-8.114137599999999770e-03	3.968948899999999794e-03
7.410494875000000000e+09	-8.112580600000000516e-03	4.211393699999999712e-03
7.410497000000000000e+09	-8.393388300000000427e-03	4.350838400000000238e-03
7.410499125000000000e+09	-8.287833799999999931e-03	4.430663700000000288e-03
7.410501250000000000e+09	-8.109525899999999246e-03	4.438044099999999964e-03
7.410503375000000000e+09	-8.330805099999999755e-03	4.460661799999999719e-03
7.410505500000000000e+09	-8.219633699999999432e-03	4.094133399999999937e-03
7.410507625000000000e+09	-8.360836300000000498e-03	4.179215600000000218e-03
7.410509750000000000e+09	-8.153308700000000409e-03	4.173067299999999591e-03
7.410511875000000000e+09	-8.026832200000000306e-03	4.553861000000000193e-03
7.410514000000000000e+09	-8.148434200000000474e-03	4.381960800000000121e-03
7.410516125000000000e+09	-7.964377099999999515e-03	4.286426200000000367e-03
7.410518250000000000e+09	-8.144908799999999588e-03	4.368597600000000310e-03
7.410520375000000000e+09	-8.183474600000000682e-03	4.060649300000000045e-03
7.410522500000000000e+09	-8.473232799999999218e-03	4.479612000000000004e-03
7.410524625000000000e+09	-8.061034999999999381e-03	4.150369899999999980e-03
7.410526750000000000e+09	-8.388559099999999893e-03	4.426281300000000328e-03
7.410528875000000000e+09	-8.082791199999999829e-03	4.230749100000000262e-03
7.410531000000000000e+09	-8.170002600000000198e-03	4.125127400000000270e-03
7.410533125000000000e+09	-8.621301600000000689e-03	4.230303300000000030e-03
7.410535250000000000e+09	-7.937320700000000118e-03	4.575906599999999581e-03
7.410537375000000000e+09	-7.946877099999999361e-03	4.235465100000000357e-03
7.410539500000000000e+09	-8.007815899999999598e-03	4.211013599999999767e-03
7.410541625000000000e+09	-8.097678999999999988e-03	4.331498100000000066e-03
7.410543750000000000e+09	-8.154917299999999911e-03	4.374089999999999749e-03
7.410545875000000000e+09	-8.093206400000000494e-03	4.622309500000000397e-03
7.410548000000000000e+09	-8.170038799999999532e-03	4.512845799999999977e-03
7.410550125000000000e+09	-7.976478999999999861e-03	4.670525600000000228e-03
7.410552250000000000e+09	-7.988721500000000447e-03	4.507762999999999701e-03
7.410554375000000000e+09	-8.036809000000000661e-03	4.515629999999999644e-03
7.410556500000000000e+09	-7.931639299999999546e-03	4.143557699999999774e-03
7.410558625000000000e+09	-7.885862999999999901e-03	4.561899300000000004e-03
7.410560750000000000e+09	-8.096199800000000377e-03	4.508657600000000321e-03
7.410562875000000000e+09	-8.148710499999999718e-03	4.498579200000000014e-03
7.410565000000000000e+09	-8.229351600000000405e-03	4.753966800000000367e-03
7.410567125000000000e+09	-8.073701500000000572e-03	4.649881199999999874e-03
7.410569250000000000e+09	-8.194780299999999268e-03	4.663992300000000153e-03
7.410571375000000000e+09	-7.909276599999999144e-03	4.506114099999999900e-03
7.410573500000000000e+09	-8.150739199999999796e-03	4.716442900000000250e-03
7.410575625000000000e+09	-8.254707000000000017e-03	4.448261400000000365e-03
7.410577750000000000e+09	-7.935839999999999561e-03	4.349345800000000394e-03
7.410579875000000000e+09	-7.846974499999999353e-03	4.537756700000000233e-03
7.410582000000000000e+09	-7.739040899999999855e-03	4.439211600000000403e-03
7.410584125000000000e+09	-7.631089700000000427e-03	4.714279099999999639e-03
7.410586250000000000e+09	-7.909767899999999713e-03	4.548140400000000132e-03
7.410588375000000000e+09	-8.039856700000000411e-03	4.741594400000000153e-03
7.410590500000000000e+09	-7.944819500000000270e-03	4.764173299999999688e-03
7.410592625000000000e+09	-7.964114600000000641e-03	4.810838999999999914e-03
7.410594750000000000e+09	-7.930981800000000415e-03	4.940647200000000336e-03
7.410596875000000000e+09	-7.956005400000000505e-03	4.623082300000000248e-03
7.410599000000000000e+09	-8.220748400000000081e-03	4.639898899999999812e-03
7.410601125000000000e+09	-7.720191000000000379e-03	5.013943800000000145e-03
7.410603250000000000e+09	-8.062420699999999635e-03	4.810423999999999777e-03
7.410605375000000000e+09	-7.889679900000000010e-03	4.843653899999999721e-03
7.410607500000000000e+09	-8.138632899999999684e-03	4.779273599999999886e-03
7.410609625000000000e+09	-8.068523899999999194e-03	4.651678499999999973e-03
7.410611750000000000e+09	-8.065509599999999557e-03	4.574281599999999691e-03
7.410613875000000000e+09	-7.879134499999999180e-03	4.525042299999999622e-03
7.410616000000000000e+09	-7.920350700000000285e-03	4.693854699999999713e-03
7.410618125000000000e+09	-7.662873300000000269e-03	4.699324799999999788e-03
7.410620250000000000e+09	-8.003073899999999311e-03	4.461014299999999794e-03
7.410622375000000000e+09	-7.843462500000000434e-03	4.715374500000000212e-03
7.410624500000000000e+09	-7.929201800000000577e-03	4.703877599999999742e-03
7.410626625000000000e+09	-7.613621000000000104e-03	4.866121000000000162e-03
7.410628750000000000e+09	-7.798712299999999847e-03	4.809119500000000325e-03
7.410630875000000000e+09	-7.857064000000000409e-03	4.645391100000000051e-03
7.410633000000000000e+09	-7.877501400000000431e-03	5.070167999999999897e-03
7.410635125000000000e+09	-7.847525600000000365e-03	4.630179100000000360e-03
7.410637250000000000e+09	-7.764574699999999587e-03	4.899700600000000093e-03
7.410639375000000000e+09	-7.876760999999999485e-03	5.241617900000000371e-03
7.410641500000000000e+09	-7.837594899999999684e-03	4.596086899999999968e-03
7.410643625000000000e+09	-7.733008300000000085e-03	4.951795800000000428e-03
7.410645750000000000e+09	-7.699625300000000408e-03	5.020444100000000243e-03
7.410647875000000000e+09	-7.733045099999999623e-03	5.011703600000000369e-03
7.410650000000000000e+09	-7.661208800000000353e-03	5.084538199999999626e-03
7.410652125000000000e+09	-7.907365300000000069e-03	4.554387499999999755e-03
7.410654250000000000e+09	-7.844518599999999314e-03	4.587899099999999918e-03
7.410656375000000000e+09	-7.897429699999999886e-03	5.054564600000000310e-03
7.410658500000000000e+09	-7.953043999999999392e-03	4.922002400000000111e-03
7.410660625000000000e+09	-7.893690300000000618e-03	4.846306300000000414e-03
7.410662750000000000e+09	-7.811097900000000226e-03	4.910090199999999835e-03
7.410664875000000000e+09	-7.706940800000000071e-03	4.927740499999999635e-03
7.410667000000000000e+09	-7.528716700000000206e-03	4.976016399999999909e-03
7.410669125000000000e+09	-7.476945799999999871e-03	4.840468300000000217e-03
7.410671250000000000e+09	-7.487456200000000041e-03	5.209288299999999955e-03
7.410673375000000000e+09	-7.551159600000000201e-03	5.143694699999999675e-03
7.410675500000000000e+09	-7.931791100000000136e-03	4.610188799999999712e-03
7.410677625000000000e+09	-7.530646499999999952e-03	5.104933899999999740e-03
7.410679750000000000e+09	-7.840786699999999568e-03	5.053139699999999700e-03
7.410681875000000000e+09	-7.582671899999999902e-03	5.118080100000000146e-03
7.410684000000000000e+09	-7.681255100000000148e-03	4.783157900000000427e-03
7.410686125000000000e+09	-7.479426200000000025e-03	5.477043000000000016e-03
7.410688250000000000e+09	-7.706904300000000201e-03	4.640811300000000431e-03
7.410690375000000000e+09	-7.641189100000000088e-03	5.002911900000000384e-03
7.410692500000000000e+09	-7.890687800000000668e-03	4.675043000000000254e-03
7.410694625000000000e+09	-7.811595799999999576e-03	4.988250199999999697e-03
7.410696750000000000e+09	-7.612090900000000049e-03	4.864145500000000011e-03
7.410698875000000000e+09	-7.365282100000000373e-03	5.414950800000000244e-03
7.410701000000000000e+09	-7.579386399999999725e-03	5.347768900000000013e-03
7.410703125000000000e+09	-7.683190200000000400e-03	5.118092700000000106e-03
7.410705250000000000e+09	-7.722326600000000048e-03	5.178352599999999986e-03
7.410707375000000000e+09	-7.651569000000000426e-03	5.106761700000000265e-03
7.410709500000000000e+09	-7.784644799999999691e-03	5.025520700000000139e-03
7.410711625000000000e+09	-7.618975899999999926e-03	5.242263100000000078e-03
7.410713750000000000e+09	-7.580376500000000385e-03	5.103771299999999671e-03
7.410715875000000000e+09	-7.597905599999999621e-03	5.274397800000000386e-03
7.410718000000000000e+09	-7.566745599999999926e-03	5.154291600000000285e-03
7.410720125000000000e+09	-7.774476599999999987e-03	4.913781800000000151e-03
7.410722250000000000e+09	-7.446527399999999797e-03	4.866359100000000257e-03
7.410724375000000000e+09	-7.487300100000000153e-03	5.045223799999999995e-03
7.410726500000000000e+09	-7.633108700000000232e-03	5.349902600000000334e-03
7.410728625000000000e+09	-7.575250900000000259e-03	5.160355499999999887e-03
7.410730750000000000e+09	-7.374583100000000127e-03	5.121067600000000185e-03
7.410732875000000000e+09	-7.334438500000000152e-03	5.426826299999999714e-03
7.410735000000000000e+09	-7.901399200000000858e-03	5.043168100000000251e-03
7.410737125000000000e+09	-7.365312199999999795e-03	5.102004400000000398e-03
7.410739250000000000e+09	-7.483814600000000296e-03	5.243035000000000057e-03
7.410741375000000000e+09	-7.633463899999999927e-03	5.279293200000000075e-03
7.410743500000000000e+09	-7.594850299999999881e-03	5.131766099999999879e-03
7.410745625000000000e+09	-7.512010500000000125e-03	5.477279699999999633e-03
7.410747750000000000e+09	-7.256658600000000237e-03	5.510273300000000096e-03
7.410749875000000000e+09	-7.548766400000000293e-03	5.090539100000000296e-03
7.410752000000000000e+09	-7.693413399999999777e-03	5.302138300000000179e-03
7.410754125000000000e+09	-7.490539200000000120e-03	5.537272600000000405e-03
7.410756250000000000e+09	-7.298154999999999747e-03	5.143125000000000127e-03
7.410758375000000000e+09	-7.772918000000000188e-03	5.405566500000000274e-03
7.410760500000000000e+09	-7.130586700000000194e-03	5.366946200000000111e-03
7.410762625000000000e+09	-7.201369600000000204e-03	5.147635000000000231e-03
7.410764750000000000e+09	-7.840371000000000493e-03	5.358243599999999718e-03
7.410766875000000000e+09	-7.445417000000000181e-03	5.462410800000000281e-03
7.410769000000000000e+09	-7.695578599999999998e-03	5.320761599999999578e-03
7.410771125000000000e+09	-7.274016300000000004e-03	5.417490999999999973e-03
7.410773250000000000e+09	-7.267598000000000114e-03	5.279220599999999604e-03
7.410775375000000000e+09	-7.283786399999999696e-03	5.527330500000000174e-03
7.410777500000000000e+09	-7.655562000000000304e-03	5.466583399999999822e-03
7.410779625000000000e+09	-7.299944600000000255e-03	5.619465300000000239e-03
7.410781750000000000e+09	-7.546429399999999600e-03	5.445039300000000144e-03
7.410783875000000000e+09	-7.274782700000000275e-03	5.522639000000000194e-03
7.410786000000000000e+09	-7.403507999999999617e-03	5.589559699999999826e-03
7.410788125000000000e+09	-7.360402400000000400e-03	5.567472999999999866e-03
7.410790250000000000e+09	-7.322683699999999775e-03	5.175233799999999842e-03
7.410792375000000000e+09	-7.589867999999999615e-03	5.455893499999999591e-03
7.410794500000000000e+09	-7.880339800000000366e-03	5.309791099999999937e-03
7.410796625000000000e+09	-7.560687699999999768e-03	5.253121999999999826e-03
7.410798750000000000e+09	-7.259037099999999902e-03	5.240783199999999795e-03
7.410800875000000000e+09	-7.788686300000000062e-03	5.460646000000000423e-03
7.410803000000000000e+09	-7.242854100000000427e-03	5.522455299999999567e-03
7.410805125000000000e+09	-7.497437400000000161e-03	5.448426400000000273e-03
7.410807250000000000e+09	-7.254160899999999822e-03	5.461190000000000315e-03
7.410809375000000000e+09	-7.204274899999999968e-03	5.827171899999999787e-03
7.410811500000000000e+09	-7.116668700000000278e-03	5.700242200000000398e-03
7.410813625000000000e+09	-7.446077700000000403e-03	5.537125000000000380e-03
7.410815750000000000e+09	-7.268511400000000205e-03	5.543724100000000342e-03
7.410817875000000000e+09	-7.118822799999999749e-03	5.783991799999999885e-03
7.410820000000000000e+09	-7.388133199999999921e-03	5.555480800000000066e-03
7.410822125000000000e+09	-7.197455499999999909e-03	5.498677999999999899e-03
7.410824250000000000e+09	-7.278000500000000351e-03	5.752482399999999871e-03
7.410826375000000000e+09	-7.317053100000000046e-03	5.664395600000000225e-03
7.410828500000000000e+09	-7.536834800000000341e-03	5.716448399999999978e-03
7.410830625000000000e+09	-6.992296900000000148e-03	5.197638200000000153e-03
7.410832750000000000e+09	-7.202443000000000213e-03	5.496170300000000411e-03
7.410834875000000000e+09	-7.119955100000000328e-03	5.284798400000000410e-03
7.410837000000000000e+09	-7.481088000000000321e-03	5.347122400000000296e-03
7.410839125000000000e+09	-7.269625800000000318e-03	5.563602200000000025e-03
7.410841250000000000e+09	-7.256540900000000432e-03	5.912881099999999640e-03
7.410843375000000000e+09	-7.276880299999999996e-03	5.855247200000000124e-03
7.410845500000000000e+09	-7.120092800000000013e-03	5.789185799999999917e-03
7.410847625000000000e+09	-7.635437800000000400e-03	5.582234600000000359e-03
7.410849750000000000e+09	-7.149923699999999674e-03	5.820087899999999703e-03
7.410851875000000000e+09	-7.619416500000000120e-03	5.458564100000000419e-03
7.410854000000000000e+09	-7.187107300000000407e-03	5.516158400000000309e-03
7.410856125000000000e+09	-7.278563499999999784e-03	5.564999400000000297e-03
7.410858250000000000e+09	-7.109640799999999809e-03	5.715309099999999615e-03
7.410860375000000000e+09	-7.248738200000000298e-03	5.842256199999999733e-03
7.410862500000000000e+09	-7.136885899999999804e-03	5.820461600000000069e-03
7.410864625000000000e+09	-7.110657999999999736e-03	5.727384000000000294e-03
7.410866750000000000e+09	-7.007118799999999953e-03	5.495523399999999691e-03
7.410868875000000000e+09	-7.308018999999999800e-03	5.960177199999999731e-03
7.410871000000000000e+09	-7.296509999999999975e-03	5.360611900000000242e-03
7.410873125000000000e+09	-7.275500399999999986e-03	5.734663600000000291e-03
7.410875250000000000e+09	-7.312649099999999659e-03	6.002190099999999730e-03
7.410877375000000000e+09	-7.134559300000000055e-03	5.880342299999999876e-03
7.410879500000000000e+09	-7.079952500000000204e-03	5.801601299999999649e-03
7.410881625000000000e+09	-7.049558200000000108e-03	5.637289200000000257e-03
7.410883750000000000e+09	-6.898115100000000270e-03	5.715897900000000038e-03
7.410885875000000000e+09	-7.156067799999999736e-03	5.901968100000000092e-03
7.410888000000000000e+09	-6.998334999999999625e-03	5.684322999999999806e-03
7.410890125000000000e+09	-7.095448499999999596e-03	5.582767500000000369e-03
7.410892250000000000e+09	-7.115344499999999746e-03	6.143787900000000253e-03
7.410894375000000000e+09	-7.350303899999999745e-03	6.049617799999999594e-03
7.410896500000000000e+09	-7.368918200000000411e-03	5.857657900000000362e-03
7.410898625000000000e+09	-7.001081699999999949e-03	5.996577500000000067e-03
7.410900750000000000e+09	-6.854692199999999971e-03	6.091143700000000057e-03
7.410902875000000000e+09	-7.387164699999999688e-03	6.193327400000000343e-03
7.410905000000000000e+09	-6.854757500000000121e-03	6.047668800000000240e-03
7.410907125000000000e+09	-6.622196799999999738e-03	5.668385700000000416e-03
7.410909250000000000e+09	-7.045106199999999833e-03	5.788691000000000322e-03
7.410911375000000000e+09	-7.026982999999999667e-03	6.069592000000000390e-03
7.410913500000000000e+09	-6.805414299999999750e-03	5.929595799999999584e-03
7.410915625000000000e+09	-7.099806600000000377e-03	6.043282300000000183e-03
7.410917750000000000e+09	-6.893367400000000207e-03	5.808215000000000253e-03
7.410919875000000000e+09	-6.836749199999999672e-03	5.783304599999999733e-03
7.410922000000000000e+09	-7.064290899999999852e-03	6.131567699999999899e-03
7.410924125000000000e+09	-6.857104400000000287e-03	5.803278999999999729e-03
7.410926250000000000e+09	-6.859516399999999667e-03	6.122864000000000431e-03
7.410928375000000000e+09	-7.008363000000000093e-03	6.078137400000000086e-03
7.410930500000000000e+09	-7.033441300000000188e-03	5.962328799999999651e-03
7.410932625000000000e+09	-6.956918700000000108e-03	6.007660700000000409e-03
7.410934750000000000e+09	-6.639730400000000074e-03	6.223196099999999883e-03
7.410936875000000000e+09	-6.819215299999999667e-03	5.802754299999999914e-03
7.410939000000000000e+09	-6.911725799999999913e-03	5.994036999999999803e-03
7.410941125000000000e+09	-7.058201099999999659e-03	6.216968399999999936e-03
7.410943250000000000e+09	-6.714146199999999898e-03	6.193685099999999590e-03
7.410945375000000000e+09	-6.790587100000000306e-03	5.879648000000000339e-03
7.410947500000000000e+09	-6.610823899999999920e-03	6.113305599999999639e-03
7.410949625000000000e+09	-6.988750699999999975e-03	6.045802099999999894e-03
7.410951750000000000e+09	-7.459796700000000114e-03	5.963501199999999593e-03
7.410953875000000000e+09	-6.908805199999999702e-03	5.938901699999999707e-03
7.410956000000000000e+09	-6.950779899999999685e-03	5.841731799999999586e-03
7.410958125000000000e+09	-6.738861300000000172e-03	6.100706200000000079e-03
7.410960250000000000e+09	-7.137840599999999668e-03	6.169079000000000056e-03
7.410962375000000000e+09	-6.856290800000000400e-03	6.182620300000000318e-03
7.410964500000000000e+09	-6.935037800000000072e-03	6.199495400000000316e-03
7.410966625000000000e+09	-6.846710100000000243e-03	6.354008099999999999e-03
7.410968750000000000e+09	-6.458296100000000123e-03	6.118680100000000073e-03
7.410970875000000000e+09	-6.772271899999999720e-03	5.962907400000000066e-03
7.410973000000000000e+09	-6.820431699999999868e-03	6.351436200000000303e-03
7.410975125000000000e+09	-6.969616500000000263e-03	6.425732899999999845e-03
7.410977250000000000e+09	-6.839686099999999803e-03	6.376340000000000306e-03
7.410979375000000000e+09	-6.881514200000000102e-03	6.315209599999999784e-03
7.410981500000000000e+09	-6.823107400000000267e-03	5.999177900000000375e-03
7.410983625000000000e+09	-6.797169599999999812e-03	6.133006800000000147e-03
7.410985750000000000e+09	-6.601495300000000295e-03	6.184155299999999876e-03
7.410987875000000000e+09	-6.648562099999999822e-03	6.122256500000000136e-03
7.410990000000000000e+09	-6.743380299999999876e-03	6.151222100000000061e-03
7.410992125000000000e+09	-6.863980300000000097e-03	6.080272599999999618e-03
7.410994250000000000e+09	-6.673293099999999881e-03	6.077009100000000004e-03
7.410996375000000000e+09	-6.807706799999999579e-03	5.741477000000000039e-03
7.410998500000000000e+09	-7.065999499999999628e-03	6.120638900000000167e-03
7.411000625000000000e+09	-6.641647599999999860e-03	6.023265899999999742e-03
7.411002750000000000e+09	-6.897084300000000043e-03	6.078470199999999948e-03
7.411004875000000000e+09	-6.806460000000000288e-03	6.361177299999999646e-03
7.411007000000000000e+09	-6.797877600000000117e-03	6.618580599999999980e-03
7.411009125000000000e+09	-6.612856299999999958e-03	6.277447200000000303e-03
7.411011250000000000e+09	-6.638955000000000203e-03	6.568518599999999957e-03
7.411013375000000000e+09	-6.880278099999999689e-03	6.280995999999999628e-03
7.411015500000000000e+09	-6.748654199999999832e-03	6.118078199999999953e-03
7.411017625000000000e+09	-6.762125299999999575e-03	6.219174699999999861e-03
7.411019750000000000e+09	-6.632655000000000321e-03	6.468905199999999689e-03
7.411021875000000000e+09	-6.807124799999999740e-03	6.151219399999999574e-03
7.411024000000000000e+09	-6.756896699999999888e-03	6.485947899999999593e-03
7.411026125000000000e+09	-6.432134299999999610e-03	6.257334800000000086e-03
7.411028250000000000e+09	-6.441664399999999860e-03	6.530826499999999729e-03
7.411030375000000000e+09	-6.375379500000000199e-03	6.143191800000000376e-03
7.411032500000000000e+09	-6.809426199999999568e-03	6.585426900000000000e-03
7.411034625000000000e+09	-6.723547600000000062e-03	6.143836199999999810e-03
7.411036750000000000e+09	-6.732269299999999596e-03	6.213890300000000227e-03
7.411038875000000000e+09	-6.552712399999999736e-03	6.222960399999999739e-03
7.411041000000000000e+09	-6.690149400000000406e-03	6.447587000000000283e-03
7.411043125000000000e+09	-6.052529800000000341e-03	6.128972699999999697e-03
7.411045250000000000e+09	-6.341234999999999754e-03	6.578823200000000204e-03
7.411047375000000000e+09	-6.551881199999999919e-03	6.473712700000000195e-03
7.411049500000000000e+09	-6.373171000000000391e-03	6.631998400000000196e-03
7.411051625000000000e+09	-6.537878999999999913e-03	6.411725299999999732e-03
7.411053750000000000e+09	-6.536936000000000135e-03	6.489780799999999954e-03
7.411055875000000000e+09	-6.419318299999999915e-03	6.438561599999999968e-03
7.411058000000000000e+09	-6.331903800000000110e-03	6.297941399999999745e-03
7.411060125000000000e+09	-6.552813200000000282e-03	6.353082099999999947e-03
7.411062250000000000e+09	-6.705437499999999593e-03	6.551140900000000308e-03
7.411064375000000000e+09	-6.312297199999999768e-03	6.443440899999999805e-03
7.411066500000000000e+09	-6.164071400000000270e-03	6.589246200000000060e-03
7.411068625000000000e+09	-6.365086399999999971e-03	6.779085500000000403e-03
7.411070750000000000e+09	-6.902392000000000249e-03	6.602689699999999932e-03
7.411072875000000000e+09	-6.613596299999999900e-03	6.807799300000000331e-03
7.411075000000000000e+09	-6.448871499999999854e-03	6.234031000000000121e-03
7.411077125000000000e+09	-6.667507399999999737e-03	6.277447900000000108e-03
7.411079250000000000e+09	-6.197242000000000375e-03	6.553574300000000047e-03
7.411081375000000000e+09	-6.433018199999999617e-03	6.617529500000000203e-03
7.411083500000000000e+09	-6.865399000000000328e-03	6.661696200000000005e-03
7.411085625000000000e+09	-6.589257400000000410e-03	6.667449100000000239e-03
7.411087750000000000e+09	-6.454422199999999658e-03	6.612869999999999859e-03
7.411089875000000000e+09	-6.638723400000000156e-03	6.508069800000000280e-03
7.411092000000000000e+09	-6.258199899999999753e-03	6.622674700000000074e-03
7.411094125000000000e+09	-6.476539800000000180e-03	6.329251999999999621e-03
7.411096250000000000e+09	-6.286273799999999613e-03	6.607264600000000050e-03
7.411098375000000000e+09	-6.458458499999999991e-03	6.726056299999999891e-03
7.411100500000000000e+09	-6.151535700000000315e-03	6.591870599999999879e-03
7.411102625000000000e+09	-6.311795799999999658e-03	6.689934699999999616e-03
7.411104750000000000e+09	-6.392303799999999626e-03	7.003726899999999922e-03
7.411106875000000000e+09	-6.143930500000000308e-03	6.455582999999999981e-03
7.411109000000000000e+09	-6.822007899999999597e-03	6.871094700000000138e-03
7.411111125000000000e+09	-6.307219400000000330e-03	6.662653099999999752e-03
7.411113250000000000e+09	-6.179458799999999925e-03	6.248287899999999812e-03
7.411115375000000000e+09	-6.387599100000000349e-03	6.846989700000000179e-03
7.411117500000000000e+09	-6.265476499999999595e-03	6.631043399999999796e-03
7.411119625000000000e+09	-6.331952299999999735e-03	6.480290100000000129e-03
7.411121750000000000e+09	-6.321624799999999919e-03	6.472895799999999616e-03
7.411123875000000000e+09	-6.040590299999999864e-03	6.585479400000000122e-03
7.411126000000000000e+09	-6.123843300000000010e-03	6.799236200000000237e-03
7.411128125000000000e+09	-6.481460799999999925e-03	6.779961699999999952e-03
7.411130250000000000e+09	-6.149555699999999930e-03	6.617174299999999641e-03
7.411132375000000000e+09	-6.573713600000000330e-03	6.711100099999999825e-03
7.411134500000000000e+09	-6.223409099999999659e-03	6.537437499999999846e-03
7.411136625000000000e+09	-6.321568900000000372e-03	6.729306400000000139e-03
7.411138750000000000e+09	-6.176924399999999572e-03	6.550081000000000132e-03
7.411140875000000000e+09	-6.086216400000000332e-03	6.483841199999999805e-03
7.411143000000000000e+09	-6.101197200000000112e-03	6.857488200000000193e-03
7.411145125000000000e+09	-5.876129299999999570e-03	7.049185599999999684e-03
7.411147250000000000e+09	-6.344426400000000368e-03	6.500216700000000306e-03
7.411149375000000000e+09	-6.309671200000000271e-03	6.483817600000000431e-03
7.411151500000000000e+09	-6.009744200000000092e-03	6.687628900000000022e-03
7.411153625000000000e+09	-6.222216400000000168e-03	7.023139400000000428e-03
7.411155750000000000e+09	-6.098207999999999927e-03	6.644889400000000314e-03
7.411157875000000000e+09	-5.894929499999999878e-03	6.819228699999999900e-03
7.411160000000000000e+09	-5.974377500000000070e-03	7.280249899999999795e-03
7.411162125000000000e+09	-5.911778399999999614e-03	6.878627200000000073e-03
7.411164250000000000e+09	-5.991341399999999991e-03	6.914895899999999769e-03
7.411166375000000000e+09	-6.107216999999999854e-03	6.630570799999999966e-03
7.411168500000000000e+09	-6.099600699999999966e-03	6.944909899999999851e-03
7.411170625000000000e+09	-6.191099299999999923e-03	6.717988999999999732e-03
7.411172750000000000e+09	-6.290796500000000145e-03	6.990665899999999947e-03
7.411174875000000000e+09	-6.159456899999999659e-03	6.664416000000000263e-03
7.411177000000000000e+09	-6.165901900000000414e-03	6.898106299999999871e-03
7.411179125000000000e+09	-5.929684799999999575e-03	6.982898399999999672e-03
7.411181250000000000e+09	-5.902850799999999690e-03	6.778692900000000097e-03
7.411183375000000000e+09	-6.120170399999999566e-03	6.803034900000000211e-03
7.411185500000000000e+09	-5.843541399999999976e-03	6.593706599999999730e-03
7.411187625000000000e+09	-5.808312000000000370e-03	7.078404100000000414e-03
7.411189750000000000e+09	-6.402396299999999971e-03	6.808289099999999955e-03
7.411191875000000000e+09	-5.645719900000000305e-03	6.993089299999999744e-03
7.411194000000000000e+09	-6.421320399999999595e-03	7.071763200000000076e-03
7.411196125000000000e+09	-5.608187100000000189e-03	6.900969800000000126e-03
7.411198250000000000e+09	-5.940166900000000069e-03	7.069829599999999901e-03
7.411200375000000000e+09	-6.069682800000000128e-03	6.584407799999999859e-03
7.411202500000000000e+09	-6.100868399999999879e-03	6.997708699999999858e-03
7.411204625000000000e+09	-6.173429700000000048e-03	7.098329900000000317e-03
7.411206750000000000e+09	-5.915423900000000255e-03	6.708686999999999637e-03
7.411208875000000000e+09	-5.607504000000000134e-03	6.852816999999999763e-03
7.411211000000000000e+09	-6.134647000000000017e-03	6.672956600000000058e-03
7.411213125000000000e+09	-5.967682799999999600e-03	6.823323699999999867e-03
7.411215250000000000e+09	-5.880503399999999735e-03	6.810647599999999739e-03
7.411217375000000000e+09	-5.907623600000000072e-03	7.085683700000000411e-03
7.411219500000000000e+09	-6.009636700000000296e-03	6.652678000000000411e-03
7.411221625000000000e+09	-5.745057799999999867e-03	7.020560000000000342e-03
7.411223750000000000e+09	-5.846506900000000319e-03	7.037473100000000287e-03
7.411225875000000000e+09	-5.648594399999999974e-03	7.193872999999999934e-03
7.411228000000000000e+09	-5.607688500000000166e-03	7.131623099999999729e-03
7.411230125000000000e+09	-5.857933000000000064e-03	7.074200400000000243e-03
7.411232250000000000e+09	-6.026277699999999828e-03	7.265226100000000097e-03
7.411234375000000000e+09	-6.039669999999999588e-03	7.044774799999999580e-03
7.411236500000000000e+09	-5.699258799999999854e-03	7.186890799999999871e-03
7.411238625000000000e+09	-5.793387300000000205e-03	7.170443999999999776e-03
7.411240750000000000e+09	-5.863063899999999828e-03	6.985503199999999746e-03
7.411242875000000000e+09	-5.699936099999999665e-03	7.216187500000000379e-03
7.411245000000000000e+09	-6.104910699999999656e-03	6.965071899999999636e-03
7.411247125000000000e+09	-6.159218699999999963e-03	7.182153000000000148e-03
7.411249250000000000e+09	-5.679934099999999798e-03	6.762306299999999715e-03
7.411251375000000000e+09	-5.790808599999999924e-03	6.999697200000000105e-03
7.411253500000000000e+09	-5.633073300000000262e-03	7.160098200000000225e-03
7.411255625000000000e+09	-5.723749099999999798e-03	7.040208200000000124e-03
7.411257750000000000e+09	-5.926155100000000259e-03	6.848429999999999969e-03
7.411259875000000000e+09	-5.843766900000000111e-03	7.193625900000000239e-03
7.411262000000000000e+09	-5.860564000000000398e-03	7.208190100000000204e-03
7.411264125000000000e+09	-5.825870799999999759e-03	7.366608799999999589e-03
7.411266250000000000e+09	-5.730091700000000329e-03	7.435522600000000169e-03
7.411268375000000000e+09	-5.963681699999999995e-03	6.953782500000000102e-03
7.411270500000000000e+09	-5.720083400000000075e-03	7.038794699999999932e-03
7.411272625000000000e+09	-5.665176400000000202e-03	7.119406200000000066e-03
7.411274750000000000e+09	-5.594631099999999684e-03	7.036397300000000327e-03
7.411276875000000000e+09	-5.803026400000000327e-03	6.962946299999999908e-03
7.411279000000000000e+09	-5.425174799999999894e-03	7.305878099999999625e-03
7.411281125000000000e+09	-5.863712800000000364e-03	7.354870000000000331e-03
7.411283250000000000e+09	-5.882974499999999753e-03	6.746463999999999760e-03
7.411285375000000000e+09	-5.946787400000000390e-03	7.546220699999999990e-03
7.411287500000000000e+09	-5.556830199999999650e-03	6.928273100000000018e-03
7.411289625000000000e+09	-5.676253800000000301e-03	7.373514700000000088e-03
7.411291750000000000e+09	-5.611412999999999991e-03	7.046760200000000071e-03
7.411293875000000000e+09	-5.847592799999999820e-03	7.214556900000000314e-03
7.411296000000000000e+09	-5.756589599999999661e-03	7.410621800000000321e-03
7.411298125000000000e+09	-5.471954799999999633e-03	7.248540599999999702e-03
7.411300250000000000e+09	-5.694535300000000237e-03	7.179821599999999630e-03
7.411302375000000000e+09	-5.828863200000000168e-03	7.342430399999999753e-03
7.411304500000000000e+09	-5.491537999999999801e-03	7.365379200000000091e-03
7.411306625000000000e+09	-5.866550400000000026e-03	7.708227300000000323e-03
7.411308750000000000e+09	-5.645513300000000109e-03	7.347708399999999807e-03
7.411310875000000000e+09	-5.408976200000000303e-03	7.240097299999999694e-03
7.411313000000000000e+09	-5.310567999999999886e-03	7.323264399999999605e-03
7.411315125000000000e+09	-5.711701999999999925e-03	7.191824200000000375e-03
7.411317250000000000e+09	-5.488826700000000273e-03	7.428081700000000245e-03
7.411319375000000000e+09	-5.606162799999999877e-03	7.192985600000000035e-03
7.411321500000000000e+09	-5.884891300000000269e-03	7.269111699999999780e-03
7.411323625000000000e+09	-5.290126000000000030e-03	7.271893899999999633e-03
7.411325750000000000e+09	-5.463696300000000193e-03	7.214928699999999598e-03
7.411327875000000000e+09	-5.665657900000000032e-03	7.453910700000000028e-03
7.411330000000000000e+09	-5.599907999999999796e-03	7.522729799999999974e-03
7.411332125000000000e+09	-5.040522000000000405e-03	7.583905600000000365e-03
7.411334250000000000e+09	-5.706092000000000282e-03	7.352707299999999661e-03
7.411336375000000000e+09	-5.635089999999999717e-03	7.094081399999999614e-03
7.411338500000000000e+09	-5.279924499999999812e-03	7.300083199999999814e-03
7.411340625000000000e+09	-5.439906799999999834e-03	7.226082499999999728e-03
7.411342750000000000e+09	-5.593947099999999756e-03	7.275062500000000279e-03
7.411344875000000000e+09	-5.200111000000000316e-03	7.009706999999999570e-03
7.411347000000000000e+09	-5.655844299999999818e-03	7.513227499999999663e-03
7.411349125000000000e+09	-5.484407799999999576e-03	7.390492599999999579e-03
7.411351250000000000e+09	-5.658836100000000022e-03	7.539671799999999799e-03
7.411353375000000000e+09	-5.462712100000000244e-03	7.304231399999999708e-03
7.411355500000000000e+09	-5.566694999999999977e-03	7.370855299999999610e-03
7.411357625000000000e+09	-5.068920600000000401e-03	7.562105500000000126e-03
7.411359750000000000e+09	-5.245416499999999878e-03	7.404513399999999856e-03
7.411361875000000000e+09	-5.414214700000000331e-03	7.582418599999999828e-03
7.411364000000000000e+09	-5.618115199999999983e-03	7.410685900000000062e-03
7.411366125000000000e+09	-5.703799300000000384e-03	7.317186699999999634e-03
7.411368250000000000e+09	-5.304007200000000408e-03	7.251413499999999693e-03
7.411370375000000000e+09	-5.522727600000000049e-03	7.560974500000000424e-03
7.411372500000000000e+09	-5.082462000000000264e-03	7.488819100000000326e-03
7.411374625000000000e+09	-5.389444999999999653e-03	7.635524099999999904e-03
7.411376750000000000e+09	-5.416174000000000162e-03	7.409613800000000063e-03
7.411378875000000000e+09	-5.533729799999999657e-03	7.532799100000000213e-03
7.411381000000000000e+09	-5.408112799999999915e-03	7.599214600000000173e-03
7.411383125000000000e+09	-5.588504299999999883e-03	7.419270199999999579e-03
7.411385250000000000e+09	-5.610596500000000417e-03	7.388178700000000258e-03
7.411387375000000000e+09	-5.447093499999999811e-03	7.482686700000000350e-03
7.411389500000000000e+09	-5.363493199999999628e-03	7.793697700000000277e-03
7.411391625000000000e+09	-5.446599100000000353e-03	7.115377699999999792e-03
7.411393750000000000e+09	-5.415428899999999782e-03	7.778290799999999609e-03
7.411395875000000000e+09	-5.367586100000000179e-03	7.349147099999999919e-03
7.411398000000000000e+09	-5.251813699999999946e-03	7.501841700000000217e-03
7.411400125000000000e+09	-5.605168300000000318e-03	7.610778099999999935e-03
7.411402250000000000e+09	-5.116185599999999861e-03	7.685604999999999867e-03
7.411404375000000000e+09	-5.276302499999999812e-03	7.356057899999999920e-03
7.411406500000000000e+09	-5.454109599999999725e-03	7.435711000000000230e-03
7.411408625000000000e+09	-4.977504300000000319e-03	7.551905200000000318e-03
7.411410750000000000e+09	-5.155277500000000380e-03	7.769922200000000355e-03
7.411412875000000000e+09	-5.180578800000000192e-03	7.509229499999999814e-03
7.411415000000000000e+09	-5.136712499999999612e-03	7.388820200000000005e-03
7.411417125000000000e+09	-5.092172199999999913e-03	7.909993000000000579e-03
7.411419250000000000e+09	-5.119969400000000392e-03	7.734393200000000065e-03
7.411421375000000000e+09	-5.301230100000000126e-03	7.579271200000000340e-03
7.411423500000000000e+09	-4.956422200000000326e-03	7.901276500000000216e-03
7.411425625000000000e+09	-5.079025099999999633e-03	7.891146099999999525e-03
7.411427750000000000e+09	-5.402404300000000076e-03	7.685189299999999925e-03
7.411429875000000000e+09	-4.770080700000000132e-03	7.599299799999999737e-03
7.411432000000000000e+09	-5.028249499999999997e-03	7.501588800000000279e-03
7.411434125000000000e+09	-4.871680800000000033e-03	7.427102900000000403e-03
7.411436250000000000e+09	-5.193679999999999998e-03	7.669055400000000279e-03
7.411438375000000000e+09	-5.124202999999999918e-03	7.680363499999999684e-03
7.411440500000000000e+09	-5.296173700000000178e-03	7.575679600000000298e-03
7.411442625000000000e+09	-4.787487499999999729e-03	7.798112799999999678e-03
7.411444750000000000e+09	-5.147208799999999744e-03	7.582818100000000318e-03
7.411446875000000000e+09	-4.987843199999999685e-03	7.512441499999999647e-03
7.411449000000000000e+09	-5.335194100000000168e-03	7.570843300000000380e-03
7.411451125000000000e+09	-5.309930800000000305e-03	7.853207799999999475e-03
7.411453250000000000e+09	-5.433196399999999648e-03	8.037950099999999903e-03
7.411455375000000000e+09	-4.941851599999999914e-03	7.554435400000000106e-03
7.411457500000000000e+09	-4.844057300000000239e-03	7.768420499999999576e-03
7.411459625000000000e+09	-5.258176399999999959e-03	7.771070399999999850e-03
7.411461750000000000e+09	-4.755312299999999923e-03	7.513128400000000130e-03
7.411463875000000000e+09	-4.991974500000000321e-03	7.412206400000000313e-03
7.411466000000000000e+09	-4.840627600000000329e-03	7.404457700000000378e-03
7.411468125000000000e+09	-4.958281000000000147e-03	7.927943700000000468e-03
7.411470250000000000e+09	-5.024360400000000421e-03	7.992612099999999234e-03
7.411472375000000000e+09	-5.202393999999999942e-03	7.485657300000000264e-03
7.411474500000000000e+09	-4.957037000000000075e-03	7.662848400000000018e-03
7.411476625000000000e+09	-4.659832400000000173e-03	7.708665299999999630e-03
7.411478750000000000e+09	-4.669908300000000061e-03	8.082153200000000842e-03
7.411480875000000000e+09	-4.644689599999999793e-03	7.851253799999999283e-03
7.411483000000000000e+09	-4.916595900000000040e-03	7.847152099999999200e-03
7.411485125000000000e+09	-4.937117000000000415e-03	7.756304599999999660e-03
7.411487250000000000e+09	-5.112890800000000416e-03	7.992947999999999720e-03
7.411489375000000000e+09	-4.925812400000000035e-03	7.651863000000000067e-03
7.411491500000000000e+09	-5.034041300000000052e-03	7.738263500000000170e-03
7.411493625000000000e+09	-4.791335800000000138e-03	7.934295699999999868e-03
7.411495750000000000e+09	-4.861924400000000243e-03	8.089246899999999463e-03
7.411497875000000000e+09	-5.090444300000000061e-03	7.796232499999999899e-03
7.411500000000000000e+09	-4.857657700000000273e-03	7.682176100000000230e-03
7.411502125000000000e+09	-4.715963999999999573e-03	7.826839099999999966e-03
7.411504250000000000e+09	-4.525192899999999803e-03	7.787239100000000087e-03
7.411506375000000000e+09	-4.447730999999999907e-03	7.864344900000000416e-03
7.411508500000000000e+09	-4.977092699999999606e-03	7.837978299999999454e-03
7.411510625000000000e+09	-4.527174999999999602e-03	7.615033900000000092e-03
7.411512750000000000e+09	-4.848237499999999769e-03	7.740836299999999739e-03
7.411514875000000000e+09	-4.669210200000000095e-03	7.990979400000000621e-03
7.411517000000000000e+09	-4.875289900000000405e-03	8.066053899999999985e-03
7.411519125000000000e+09	-5.008126100000000365e-03	8.013034800000000749e-03
7.411521250000000000e+09	-4.926504100000000420e-03	7.582545300000000099e-03
7.411523375000000000e+09	-4.701309199999999938e-03	7.941599000000000574e-03
7.411525500000000000e+09	-4.841778700000000379e-03	8.059645299999999499e-03
7.411527625000000000e+09	-4.603608900000000226e-03	7.804236699999999791e-03
7.411529750000000000e+09	-4.572910900000000216e-03	7.943755199999999461e-03
7.411531875000000000e+09	-4.764515399999999685e-03	7.707047300000000392e-03
7.411534000000000000e+09	-4.717692800000000165e-03	7.896096700000000690e-03
7.411536125000000000e+09	-4.703172599999999592e-03	8.143582400000000041e-03
7.411538250000000000e+09	-4.489560299999999747e-03	8.124000500000000749e-03
7.411540375000000000e+09	-4.442951100000000139e-03	7.822369900000000764e-03
7.411542500000000000e+09	-4.717677899999999855e-03	8.323908200000000590e-03
7.411544625000000000e+09	-4.676552100000000087e-03	7.571715100000000163e-03
7.411546750000000000e+09	-4.440434299999999716e-03	7.999594400000000632e-03
7.411548875000000000e+09	-4.737050100000000062e-03	7.919467499999999216e-03
7.411551000000000000e+09	-4.734480699999999917e-03	8.108408799999999514e-03
7.411553125000000000e+09	-4.810109199999999981e-03	7.887445800000000146e-03
7.411555250000000000e+09	-4.763034099999999792e-03	8.177642900000000464e-03
7.411557375000000000e+09	-4.352338600000000071e-03	7.814693100000000628e-03
7.411559500000000000e+09	-4.658243200000000347e-03	7.845624400000000831e-03
7.411561625000000000e+09	-4.424300699999999739e-03	7.602527900000000290e-03
7.411563750000000000e+09	-4.439414200000000102e-03	7.776006299999999906e-03
7.411565875000000000e+09	-4.391390799999999629e-03	7.935747700000000612e-03
7.411568000000000000e+09	-4.657650499999999895e-03	7.882051200000000230e-03
7.411570125000000000e+09	-4.791186400000000366e-03	8.077282099999999465e-03
7.411572250000000000e+09	-4.486145500000000147e-03	8.104747900000000560e-03
7.411574375000000000e+09	-4.069935700000000024e-03	8.275251200000000029e-03
7.411576500000000000e+09	-4.860267399999999849e-03	8.055902699999999139e-03
7.411578625000000000e+09	-4.474489499999999634e-03	8.096432199999999829e-03
7.411580750000000000e+09	-4.495398200000000344e-03	8.116893700000000697e-03
7.411582875000000000e+09	-4.512020999999999740e-03	8.017344299999999702e-03
7.411585000000000000e+09	-4.428009699999999917e-03	7.807861699999999947e-03
7.411587125000000000e+09	-4.571617699999999847e-03	7.932934000000000860e-03
7.411589250000000000e+09	-4.567361600000000021e-03	8.098982500000000834e-03
7.411591375000000000e+09	-4.373362500000000166e-03	7.697267100000000292e-03
7.411593500000000000e+09	-4.233940500000000010e-03	8.025964700000000687e-03
7.411595625000000000e+09	-4.453101699999999913e-03	7.832489700000000443e-03
7.411597750000000000e+09	-4.547977199999999991e-03	8.276128699999999588e-03
7.411599875000000000e+09	-4.454174099999999581e-03	7.870498099999999678e-03
7.411602000000000000e+09	-4.584755400000000390e-03	8.320349399999999590e-03
7.411604125000000000e+09	-4.270748999999999899e-03	8.270962999999999232e-03
7.411606250000000000e+09	-4.590312400000000174e-03	8.218628199999999592e-03
7.411608375000000000e+09	-4.436570600000000128e-03	8.067548900000000647e-03
7.411610500000000000e+09	-4.245976000000000264e-03	8.212588099999999433e-03
7.411612625000000000e+09	-4.356079399999999817e-03	8.039106799999999262e-03
7.411614750000000000e+09	-4.133960699999999697e-03	7.808634499999999798e-03
7.411616875000000000e+09	-4.384590399999999978e-03	8.268478600000000317e-03
7.411619000000000000e+09	-4.348403500000000421e-03	8.089609200000000278e-03
7.411621125000000000e+09	-4.377254100000000162e-03	7.701504199999999710e-03
7.411623250000000000e+09	-3.923184700000000372e-03	8.208903099999999634e-03
7.411625375000000000e+09	-4.608953800000000108e-03	7.857482100000000302e-03
7.411627500000000000e+09	-4.365246199999999778e-03	7.933417599999999237e-03
7.411629625000000000e+09	-4.258490799999999597e-03	8.029154300000000688e-03
7.411631750000000000e+09	-4.527987399999999947e-03	8.226795800000000561e-03
7.411633875000000000e+09	-4.294460100000000412e-03	7.718943100000000279e-03
7.411636000000000000e+09	-4.014725499999999975e-03	8.242434499999999609e-03
7.411638125000000000e+09	-4.153745999999999827e-03	8.026056300000000698e-03
7.411640250000000000e+09	-4.192707799999999783e-03	8.136997800000000253e-03
7.411642375000000000e+09	-4.334465400000000156e-03	7.805317800000000257e-03
7.411644500000000000e+09	-4.060961000000000085e-03	8.114378999999999689e-03
7.411646625000000000e+09	-4.466398600000000101e-03	8.153464100000000492e-03
7.411648750000000000e+09	-4.030836700000000120e-03	8.213009800000000554e-03
7.411650875000000000e+09	-4.264352100000000367e-03	8.035165099999999963e-03
7.411653000000000000e+09	-4.089840099999999569e-03	8.111370200000000627e-03
7.411655125000000000e+09	-4.267897599999999868e-03	8.236949299999999155e-03
7.411657250000000000e+09	-4.323323100000000044e-03	8.460323299999999297e-03
7.411659375000000000e+09	-4.065791800000000296e-03	7.780359199999999781e-03
7.411661500000000000e+09	-4.274228599999999913e-03	8.098684800000000364e-03
7.411663625000000000e+09	-3.963705399999999796e-03	8.168959400000000079e-03
7.411665750000000000e+09	-4.126080899999999725e-03	8.237581699999999701e-03
7.411667875000000000e+09	-4.113851099999999567e-03	8.231552600000000691e-03
7.411670000000000000e+09	-3.915219499999999901e-03	8.210031600000000651e-03
7.411672125000000000e+09	-4.184081000000000085e-03	8.253632199999999530e-03
7.411674250000000000e+09	-3.886351200000000197e-03	8.090497800000000586e-03
7.411676375000000000e+09	-4.241663900000000424e-03	8.392020099999999636e-03
7.411678500000000000e+09	-4.245458500000000301e-03	8.158381500000000744e-03
7.411680625000000000e+09	-3.995607800000000251e-03	8.142335199999999745e-03
7.411682750000000000e+09	-4.148569999999999862e-03	8.200375799999999604e-03
7.411684875000000000e+09	-3.945182700000000008e-03	8.104927300000000154e-03
7.411687000000000000e+09	-4.431315800000000180e-03	8.165971799999999572e-03
7.411689125000000000e+09	-4.455919600000000230e-03	8.497143500000000141e-03
7.411691250000000000e+09	-3.961912399999999862e-03	8.243349699999999447e-03
7.411693375000000000e+09	-3.671008700000000149e-03	8.208424500000000359e-03
7.411695500000000000e+09	-4.105494099999999931e-03	8.158849500000000740e-03
7.411697625000000000e+09	-4.126070899999999785e-03	8.399936800000000481e-03
7.411699750000000000e+09	-3.973244600000000112e-03	8.705129400000000822e-03
7.411701875000000000e+09	-4.161823099999999859e-03	8.534361299999999526e-03
7.411704000000000000e+09	-3.986215500000000155e-03	8.347179300000000246e-03
7.411706125000000000e+09	-4.163475199999999883e-03	8.148395200000000185e-03
7.411708250000000000e+09	-4.089352899999999964e-03	8.164948099999999598e-03
7.411710375000000000e+09	-3.890896100000000059e-03	7.992656000000000760e-03
7.411712500000000000e+09	-4.017358799999999792e-03	8.425084299999999887e-03
7.411714625000000000e+09	-3.971024099999999682e-03	7.893175199999999739e-03
7.411716750000000000e+09	-4.016475200000000322e-03	8.179685900000000648e-03
7.411718875000000000e+09	-3.813335800000000001e-03	8.375717099999999138e-03
7.411721000000000000e+09	-4.050487099999999785e-03	8.231013599999999902e-03
7.411723125000000000e+09	-3.646111699999999862e-03	8.301158899999999327e-03
7.411725250000000000e+09	-3.552811500000000074e-03	8.366166799999999806e-03
7.411727375000000000e+09	-3.997902799999999632e-03	8.163693899999999518e-03
7.411729500000000000e+09	-3.964116400000000304e-03	8.318458199999999997e-03
7.411731625000000000e+09	-3.893821799999999840e-03	8.376587799999999848e-03
7.411733750000000000e+09	-3.751795500000000214e-03	8.674885499999999972e-03
7.411735875000000000e+09	-4.119464599999999969e-03	8.447109399999999657e-03
7.411738000000000000e+09	-4.044535600000000349e-03	8.445612099999999511e-03
7.411740125000000000e+09	-3.846729399999999823e-03	8.065345300000000342e-03
7.411742250000000000e+09	-4.079523699999999635e-03	8.407565800000000797e-03
7.411744375000000000e+09	-3.799338000000000194e-03	8.231313500000000255e-03
7.411746500000000000e+09	-3.789909599999999931e-03	8.549226700000000720e-03
7.411748625000000000e+09	-3.877037600000000049e-03	8.337080000000000185e-03
7.411750750000000000e+09	-3.649782800000000126e-03	8.276447899999999150e-03
7.411752875000000000e+09	-3.685355200000000036e-03	8.111199399999999629e-03
7.411755000000000000e+09	-3.573117900000000093e-03	8.368772300000000552e-03
7.411757125000000000e+09	-3.909201699999999974e-03	8.588638399999999271e-03
7.411759250000000000e+09	-3.801525500000000213e-03	8.568743700000000865e-03
7.411761375000000000e+09	-3.535120699999999908e-03	8.485782500000000478e-03
7.411763500000000000e+09	-3.844072699999999832e-03	8.591245799999999364e-03
7.411765625000000000e+09	-3.686841699999999968e-03	8.552160399999999760e-03
7.411767750000000000e+09	-3.576825799999999896e-03	8.487326899999999771e-03
7.411769875000000000e+09	-3.837679799999999929e-03	8.335880699999999310e-03
7.411772000000000000e+09	-3.624840800000000106e-03	8.429014000000000298e-03
7.411774125000000000e+09	-3.723052499999999869e-03	8.541199399999999456e-03
7.411776250000000000e+09	-3.447005099999999982e-03	8.629469600000000060e-03
7.411778375000000000e+09	-3.514605100000000107e-03	8.366200900000000593e-03
7.411780500000000000e+09	-3.783958200000000095e-03	8.473876800000000251e-03
7.411782625000000000e+09	-3.842432599999999997e-03	8.445452299999999662e-03
7.411784750000000000e+09	-3.728848299999999987e-03	8.707608299999999163e-03
7.411786875000000000e+09	-3.504317399999999985e-03	8.575182000000000637e-03
7.411789000000000000e+09	-3.550352499999999845e-03	8.576687499999999242e-03
7.411791125000000000e+09	-3.652705200000000083e-03	8.605192500000000827e-03
7.411793250000000000e+09	-3.521849799999999912e-03	8.472964100000000831e-03
7.411795375000000000e+09	-3.688303699999999786e-03	8.480647100000000480e-03
7.411797500000000000e+09	-3.987785699999999572e-03	8.790778900000000701e-03
7.411799625000000000e+09	-3.705231900000000109e-03	8.853175099999999187e-03
7.411801750000000000e+09	-3.251666800000000117e-03	8.643021600000000068e-03
7.411803875000000000e+09	-3.479781999999999841e-03	8.465494599999999828e-03
7.411806000000000000e+09	-3.624226199999999991e-03	8.802732799999999150e-03
7.411808125000000000e+09	-3.550310499999999835e-03	8.646775699999999579e-03
7.411810250000000000e+09	-3.763742300000000145e-03	8.557515200000000849e-03
7.411812375000000000e+09	-3.106337499999999984e-03	8.707514100000000867e-03
7.411814500000000000e+09	-3.720984899999999970e-03	8.192137000000000377e-03
7.411816625000000000e+09	-3.697028399999999909e-03	8.720499399999999748e-03
7.411818750000000000e+09	-3.609392199999999964e-03	8.545208800000000590e-03
7.411820875000000000e+09	-3.600618900000000181e-03	8.345845200000000241e-03
7.411823000000000000e+09	-3.512530299999999921e-03	8.280506800000000250e-03
7.411825125000000000e+09	-3.743306400000000200e-03	8.359477400000000710e-03
7.411827250000000000e+09	-3.302069099999999958e-03	8.482738199999999285e-03
7.411829375000000000e+09	-3.762867799999999874e-03	8.611619500000000649e-03
7.411831500000000000e+09	-3.134666999999999835e-03	8.691555499999999851e-03
7.411833625000000000e+09	-3.394377499999999808e-03	8.445810600000000848e-03
7.411835750000000000e+09	-3.304455100000000013e-03	8.476940299999999318e-03
7.411837875000000000e+09	-3.782229499999999970e-03	8.483539999999999484e-03
7.411840000000000000e+09	-3.329122999999999805e-03	8.540720700000000581e-03
7.411842125000000000e+09	-3.335135400000000059e-03	8.650260099999999494e-03
7.411844250000000000e+09	-3.384416999999999807e-03	8.332529499999999714e-03
7.411846375000000000e+09	-2.987168299999999783e-03	8.615304100000000312e-03
7.411848500000000000e+09	-3.267830900000000087e-03	8.803560800000000477e-03
7.411850625000000000e+09	-3.758639800000000090e-03	8.424604599999999804e-03
7.411852750000000000e+09	-3.665188399999999916e-03	8.336284299999999897e-03
7.411854875000000000e+09	-3.373216100000000096e-03	8.789077100000000642e-03
7.411857000000000000e+09	-3.603804300000000051e-03	8.666374299999999795e-03
7.411859125000000000e+09	-3.044210900000000192e-03	8.435410900000000697e-03
7.411861250000000000e+09	-3.456140500000000077e-03	8.665309899999999385e-03
7.411863375000000000e+09	-3.216009100000000176e-03	8.664441300000000692e-03
7.411865500000000000e+09	-3.299142900000000007e-03	8.483275499999999927e-03
7.411867625000000000e+09	-3.246254599999999838e-03	8.569296000000000552e-03
7.411869750000000000e+09	-3.302555799999999826e-03	8.688165100000000765e-03
7.411871875000000000e+09	-3.245599000000000053e-03	8.711473000000000827e-03
7.411874000000000000e+09	-3.483646400000000101e-03	8.869554899999999853e-03
7.411876125000000000e+09	-2.785864800000000148e-03	8.603897399999999376e-03
7.411878250000000000e+09	-3.326009300000000099e-03	8.481130800000000192e-03
7.411880375000000000e+09	-3.033077300000000011e-03	8.973125699999999136e-03
7.411882500000000000e+09	-3.195021799999999985e-03	8.805345399999999281e-03
7.411884625000000000e+09	-3.286828600000000090e-03	8.619661600000000021e-03
7.411886750000000000e+09	-3.107141600000000101e-03	8.739927099999999366e-03
7.411888875000000000e+09	-2.883258000000000088e-03	8.727682299999999296e-03
7.411891000000000000e+09	-3.145629499999999783e-03	8.442124299999999304e-03
7.411893125000000000e+09	-3.498595100000000211e-03	8.817949800000000546e-03
7.411895250000000000e+09	-3.241299500000000174e-03	8.812487699999999730e-03
7.411897375000000000e+09	-3.080459900000000108e-03	8.697420299999999646e-03
7.411899500000000000e+09	-2.945549899999999870e-03	8.523373100000000355e-03
7.411901625000000000e+09	-2.845265300000000136e-03	8.584215200000000143e-03
7.411903750000000000e+09	-3.128141200000000149e-03	8.664945300000000822e-03
7.411905875000000000e+09	-3.231138699999999957e-03	8.514513700000000268e-03
7.411908000000000000e+09	-3.063288999999999856e-03	8.490284799999999257e-03
7.411910125000000000e+09	-3.113193099999999811e-03	8.732035699999999775e-03
7.411912250000000000e+09	-3.054190400000000166e-03	8.446266799999999422e-03
7.411914375000000000e+09	-3.206557100000000105e-03	8.594135699999999947e-03
7.411916500000000000e+09	-2.926797400000000215e-03	8.645067200000000271e-03
7.411918625000000000e+09	-3.026755099999999931e-03	8.587250299999999933e-03
7.411920750000000000e+09	-2.870841900000000151e-03	8.600812200000000282e-03
7.411922875000000000e+09	-2.777550199999999792e-03	8.833514799999999181e-03
7.411925000000000000e+09	-2.834263799999999899e-03	8.815663600000000696e-03
7.411927125000000000e+09	-2.989386200000000195e-03	8.855182700000000309e-03
7.411929250000000000e+09	-2.992737200000000156e-03	8.540547799999999301e-03
7.411931375000000000e+09	-2.765459100000000094e-03	8.436897400000000630e-03
7.411933500000000000e+09	-2.883015000000000057e-03	8.500410700000000583e-03
7.411935625000000000e+09	-2.995521699999999926e-03	8.521123300000000775e-03
7.411937750000000000e+09	-2.894899700000000062e-03	9.016953899999999300e-03
7.411939875000000000e+09	-3.194128400000000208e-03	8.804189699999999397e-03
7.411942000000000000e+09	-2.889160100000000026e-03	8.741995100000000268e-03
7.411944125000000000e+09	-2.962343100000000128e-03	8.482655500000000140e-03
7.411946250000000000e+09	-2.646395599999999942e-03	8.630397200000000657e-03
7.411948375000000000e+09	-2.838802499999999816e-03	8.664969800000000069e-03
7.411950500000000000e+09	-2.798279400000000007e-03	8.782919900000000016e-03
7.411952625000000000e+09	-2.967684999999999854e-03	8.630429199999999426e-03
7.411954750000000000e+09	-3.293837200000000048e-03	8.900468999999999395e-03
7.411956875000000000e+09	-3.063595899999999993e-03	8.535370500000000193e-03
7.411959000000000000e+09	-3.136659799999999814e-03	9.225931600000000787e-03
7.411961125000000000e+09	-3.126898899999999790e-03	8.772982599999999687e-03
7.411963250000000000e+09	-2.957618400000000102e-03	8.621628100000000572e-03
7.411965375000000000e+09	-2.934253400000000084e-03	8.590161699999999609e-03
7.411967500000000000e+09	-2.727868699999999851e-03	8.462856399999999640e-03
7.411969625000000000e+09	-2.643801600000000081e-03	8.684330000000000521e-03
7.411971750000000000e+09	-2.483218699999999949e-03	8.814466499999999705e-03
7.411973875000000000e+09	-2.837364700000000010e-03	8.730047200000000396e-03
7.411976000000000000e+09	-2.706138700000000098e-03	8.851467199999999216e-03
7.411978125000000000e+09	-2.648714700000000168e-03	8.982853000000000712e-03
7.411980250000000000e+09	-2.603433699999999854e-03	8.818403199999999900e-03
7.411982375000000000e+09	-2.918150799999999837e-03	8.519323500000000257e-03
7.411984500000000000e+09	-2.912359700000000020e-03	8.490051199999999396e-03
7.411986625000000000e+09	-2.212230500000000096e-03	8.918536300000000014e-03
7.411988750000000000e+09	-2.769989599999999816e-03	8.583524500000000099e-03
7.411990875000000000e+09	-2.441795699999999882e-03	8.816262300000000593e-03
7.411993000000000000e+09	-2.609065900000000129e-03	8.665765799999999158e-03
7.411995125000000000e+09	-2.781718099999999898e-03	8.499674800000000738e-03
7.411997250000000000e+09	-2.893405099999999969e-03	8.653645999999999214e-03
7.411999375000000000e+09	-2.794711999999999977e-03	8.397670899999999314e-03
7.412001500000000000e+09	-2.496966199999999837e-03	8.714134800000000389e-03
7.412003625000000000e+09	-2.525200500000000185e-03	8.890932799999999234e-03
7.412005750000000000e+09	-2.527263899999999952e-03	8.464743199999999468e-03
7.412007875000000000e+09	-2.550636800000000062e-03	8.510119899999999890e-03
7.412010000000000000e+09	-2.681992299999999899e-03	8.804170499999999788e-03
7.412012125000000000e+09	-2.595960200000000089e-03	8.782745499999999525e-03
7.412014250000000000e+09	-2.396413400000000152e-03	8.558500599999999472e-03
7.412016375000000000e+09	-2.547561399999999972e-03	8.936206900000000231e-03
7.412018500000000000e+09	-2.362678200000000069e-03	8.804566999999999255e-03
7.412020625000000000e+09	-2.783186699999999798e-03	8.678377600000000344e-03
7.412022750000000000e+09	-2.588140699999999864e-03	8.396066100000000240e-03
7.412024875000000000e+09	-2.452818299999999941e-03	8.988149200000000033e-03
7.412027000000000000e+09	-2.547903499999999970e-03	9.071775500000000408e-03
7.412029125000000000e+09	-2.657360499999999841e-03	8.834781400000000021e-03
7.412031250000000000e+09	-2.868166200000000186e-03	8.720045100000000521e-03
7.412033375000000000e+09	-2.901882499999999896e-03	9.051284700000000391e-03
7.412035500000000000e+09	-2.820615600000000046e-03	8.994345600000000149e-03
7.412037625000000000e+09	-2.233331600000000063e-03	8.518693500000000529e-03
7.412039750000000000e+09	-2.525677400000000180e-03	8.530789299999999228e-03
7.412041875000000000e+09	-2.562549999999999811e-03	8.970388799999999552e-03
7.412044000000000000e+09	-2.788202699999999847e-03	8.731710599999999503e-03
7.412046125000000000e+09	-2.401118600000000033e-03	8.754897899999999206e-03
7.412048250000000000e+09	-2.310248999999999896e-03	8.860393600000000466e-03
7.412050375000000000e+09	-2.552424800000000025e-03	8.581642999999999910e-03
7.412052500000000000e+09	-2.256636700000000037e-03	8.733913399999999536e-03
7.412054625000000000e+09	-2.479430400000000052e-03	8.915366399999999358e-03
7.412056750000000000e+09	-2.718393500000000108e-03	9.175767899999999477e-03
7.412058875000000000e+09	-2.295940299999999889e-03	8.860147400000000645e-03
7.412061000000000000e+09	-2.401001800000000103e-03	8.698557299999999659e-03
7.412063125000000000e+09	-2.285411900000000086e-03	8.629582800000000498e-03
7.412065250000000000e+09	-2.344184799999999864e-03	8.745891900000000302e-03
7.412067375000000000e+09	-2.353597600000000012e-03	8.784414399999999207e-03
7.412069500000000000e+09	-2.267645999999999898e-03	8.664577799999999969e-03
7.412071625000000000e+09	-2.456880700000000067e-03	8.718561200000000608e-03
7.412073750000000000e+09	-2.395454200000000054e-03	8.797481399999999493e-03
7.412075875000000000e+09	-2.319203799999999989e-03	9.047219800000000714e-03
7.412078000000000000e+09	-1.961023200000000175e-03	8.897335500000000744e-03
7.412080125000000000e+09	-2.312088300000000006e-03	8.852013500000000326e-03
7.412082250000000000e+09	-2.129774200000000145e-03	8.665772299999999206e-03
7.412084375000000000e+09	-2.063542800000000080e-03	8.999056499999999806e-03
7.412086500000000000e+09	-1.997282200000000032e-03	8.974823800000000101e-03
7.412088625000000000e+09	-2.271135599999999852e-03	8.882783499999999735e-03
7.412090750000000000e+09	-2.093339799999999890e-03	8.905973399999999457e-03
7.412092875000000000e+09	-2.073285199999999866e-03	8.762855300000000486e-03
7.412095000000000000e+09	-2.007833200000000169e-03	8.546023800000000087e-03
7.412097125000000000e+09	-2.237301200000000202e-03	8.758559500000000567e-03
7.412099250000000000e+09	-2.437200699999999848e-03	8.769876899999999240e-03
7.412101375000000000e+09	-2.199065400000000184e-03	8.674705200000000505e-03
7.412103500000000000e+09	-2.237170599999999902e-03	8.786198199999999472e-03
7.412105625000000000e+09	-2.162555699999999838e-03	8.609311499999999437e-03
7.412107750000000000e+09	-2.194547700000000056e-03	8.637122199999999750e-03
7.412109875000000000e+09	-1.941805900000000097e-03	9.105889100000000291e-03
7.412112000000000000e+09	-2.266605200000000164e-03	8.768406399999999559e-03
7.412114125000000000e+09	-2.100460000000000174e-03	9.108271299999999918e-03
7.412116250000000000e+09	-1.861229999999999959e-03	8.986407400000000212e-03
7.412118375000000000e+09	-2.021144700000000131e-03	8.734558899999999779e-03
7.412120500000000000e+09	-2.332170399999999866e-03	8.771265800000000584e-03
7.412122625000000000e+09	-2.308982299999999890e-03	8.511535400000000764e-03
7.412124750000000000e+09	-2.373620299999999999e-03	8.539189100000000449e-03
7.412126875000000000e+09	-2.174643500000000146e-03	8.742858699999999858e-03
7.412129000000000000e+09	-1.697186999999999958e-03	8.922597500000000598e-03
7.412131125000000000e+09	-1.893080699999999915e-03	8.751901100000000766e-03
7.412133250000000000e+09	-2.024832199999999915e-03	8.928914200000000537e-03
7.412135375000000000e+09	-2.281164899999999895e-03	8.979080199999999595e-03
7.412137500000000000e+09	-1.964507299999999988e-03	8.920834799999999287e-03
7.412139625000000000e+09	-1.976265400000000189e-03	8.771829400000000221e-03
7.412141750000000000e+09	-2.066744000000000133e-03	9.214372999999999661e-03
7.412143875000000000e+09	-2.275234599999999881e-03	8.747954299999999295e-03
7.412146000000000000e+09	-2.126434200000000031e-03	9.057676699999999553e-03
7.412148125000000000e+09	-1.884235300000000049e-03	8.524987399999999632e-03
7.412150250000000000e+09	-2.418619500000000061e-03	8.775125999999999413e-03
7.412152375000000000e+09	-1.910778799999999968e-03	8.804581100000000160e-03
7.412154500000000000e+09	-2.070206700000000021e-03	8.767237799999999179e-03
7.412156625000000000e+09	-1.865313699999999976e-03	8.933661000000000726e-03
7.412158750000000000e+09	-1.984164400000000203e-03	8.812964499999999257e-03
7.412160875000000000e+09	-2.075797299999999988e-03	8.888484699999999253e-03
7.412163000000000000e+09	-1.706240199999999995e-03	9.070843500000000045e-03
7.412165125000000000e+09	-1.909640900000000082e-03	8.712290200000000207e-03
7.412167250000000000e+09	-1.839915199999999978e-03	8.941882300000000491e-03
7.412169375000000000e+09	-1.606668699999999920e-03	9.219654199999999938e-03
7.412171500000000000e+09	-1.666849100000000012e-03	8.579401099999999988e-03
7.412173625000000000e+09	-1.744879800000000017e-03	8.626115099999999772e-03
7.412175750000000000e+09	-1.832639999999999963e-03	8.871041399999999785e-03
7.412177875000000000e+09	-1.884052599999999980e-03	9.305398200000000383e-03
7.412180000000000000e+09	-1.794934700000000004e-03	8.725738699999999182e-03
7.412182125000000000e+09	-1.802393999999999915e-03	8.820070399999999436e-03
7.412184250000000000e+09	-1.786391700000000042e-03	8.358865899999999918e-03
7.412186375000000000e+09	-1.576573099999999984e-03	8.634197300000000241e-03
7.412188500000000000e+09	-1.792042800000000040e-03	8.573212999999999667e-03
7.412190625000000000e+09	-2.024892999999999832e-03	8.830786099999999791e-03
7.412192750000000000e+09	-1.756030100000000038e-03	8.721712300000000057e-03
7.412194875000000000e+09	-1.712555699999999959e-03	9.125519199999999539e-03
7.412197000000000000e+09	-1.803663999999999962e-03	8.872116100000000671e-03
7.412199125000000000e+09	-1.917852500000000009e-03	8.721800199999999240e-03
7.412201250000000000e+09	-1.569810199999999894e-03	8.647996599999999146e-03
7.412203375000000000e+09	-1.848651399999999903e-03	9.203564100000000484e-03
7.412205500000000000e+09	-1.840716799999999893e-03	8.760075900000000720e-03
7.412207625000000000e+09	-1.899934999999999949e-03	8.816081800000000190e-03
7.412209750000000000e+09	-1.772073400000000014e-03	8.835765500000000369e-03
7.412211875000000000e+09	-1.660833499999999968e-03	9.096007499999999441e-03
7.412214000000000000e+09	-1.712483500000000058e-03	8.763768300000000441e-03
7.412216125000000000e+09	-1.710130999999999934e-03	9.022962199999999891e-03
7.412218250000000000e+09	-1.669982699999999999e-03	9.082484700000000716e-03
7.412220375000000000e+09	-1.474319100000000011e-03	8.985094500000000498e-03
7.412222500000000000e+09	-1.628887299999999972e-03	8.755604900000000038e-03
7.412224625000000000e+09	-1.764019300000000019e-03	8.874830400000000355e-03
7.412226750000000000e+09	-1.538941500000000004e-03	8.736487399999999515e-03
7.412228875000000000e+09	-1.421827899999999947e-03	8.767370999999999498e-03
7.412231000000000000e+09	-1.672956599999999953e-03	8.880661300000000299e-03
7.412233125000000000e+09	-1.685597700000000072e-03	8.974797499999999373e-03
7.412235250000000000e+09	-1.665370599999999989e-03	9.135657700000000825e-03
7.412237375000000000e+09	-1.756434999999999984e-03	9.064675899999999342e-03
7.412239500000000000e+09	-1.771421000000000020e-03	8.824978900000000556e-03
7.412241625000000000e+09	-1.903723599999999948e-03	8.845985799999999191e-03
7.412243750000000000e+09	-1.563751300000000045e-03	8.688571000000000835e-03
7.412245875000000000e+09	-1.787098900000000075e-03	8.879453600000000030e-03
7.412248000000000000e+09	-1.503309300000000084e-03	8.609536399999999368e-03
7.412250125000000000e+09	-1.233888700000000064e-03	9.183362000000000469e-03
7.412252250000000000e+09	-1.328190799999999982e-03	8.944679400000000655e-03
7.412254375000000000e+09	-1.490533299999999934e-03	8.743857900000000585e-03
7.412256500000000000e+09	-1.551101800000000098e-03	9.163603899999999206e-03
7.412258625000000000e+09	-1.582023699999999915e-03	9.131764100000000148e-03
7.412260750000000000e+09	-1.342995800000000095e-03	9.006995400000000415e-03
7.412262875000000000e+09	-1.487826100000000070e-03	8.632686800000000799e-03
7.412265000000000000e+09	-1.416730499999999896e-03	8.823506499999999794e-03
7.412267125000000000e+09	-1.847134500000000012e-03	8.829125999999999641e-03
7.412269250000000000e+09	-1.330496800000000078e-03	8.995157999999999626e-03
7.412271375000000000e+09	-1.484736099999999989e-03	8.948714199999999175e-03
7.412273500000000000e+09	-1.752352100000000024e-03	8.846008600000000027e-03
7.412275625000000000e+09	-1.696660399999999928e-03	8.761458899999999619e-03
7.412277750000000000e+09	-1.323413299999999949e-03	8.893852400000000838e-03
7.412279875000000000e+09	-1.716819600000000058e-03	8.848911200000000171e-03
7.412282000000000000e+09	-1.120859500000000045e-03	8.748647000000000021e-03
7.412284125000000000e+09	-1.077624699999999922e-03	8.842673900000000420e-03
7.412286250000000000e+09	-1.526926899999999938e-03	8.795970800000000450e-03
7.412288375000000000e+09	-1.505699600000000088e-03	8.970061399999999796e-03
7.412290500000000000e+09	-1.229165499999999899e-03	8.799867799999999685e-03
7.412292625000000000e+09	-1.397615500000000009e-03	8.835801799999999304e-03
7.412294750000000000e+09	-1.079441499999999948e-03	8.839485399999999493e-03
7.412296875000000000e+09	-1.419245900000000058e-03	9.238680500000000587e-03
7.412299000000000000e+09	-1.481948000000000076e-03	9.092202699999999554e-03
7.412301125000000000e+09	-1.739133300000000014e-03	8.957317299999999899e-03
7.412303250000000000e+09	-1.670081599999999897e-03	8.622090400000000793e-03
7.412305375000000000e+09	-1.215509700000000056e-03	8.667100400000000635e-03
7.412307500000000000e+09	-1.398095000000000023e-03	9.075249800000000783e-03
7.412309625000000000e+09	-1.248924700000000020e-03	8.913030900000000478e-03
7.412311750000000000e+09	-1.340600499999999905e-03	8.840169999999999625e-03
7.412313875000000000e+09	-1.476730400000000019e-03	8.724010900000000665e-03
7.412316000000000000e+09	-1.418371999999999992e-03	8.721589999999999551e-03
7.412318125000000000e+09	-1.026434400000000033e-03	9.044350099999999212e-03
7.412320250000000000e+09	-1.001559900000000046e-03	8.956777399999999237e-03
7.412322375000000000e+09	-1.507410199999999895e-03	9.192268300000000503e-03
7.412324500000000000e+09	-1.369643600000000020e-03	8.975945199999999999e-03
7.412326625000000000e+09	-1.221803100000000072e-03	8.769814500000000512e-03
7.412328750000000000e+09	-1.201741199999999945e-03	9.188301700000000086e-03
7.412330875000000000e+09	-1.169077300000000022e-03	8.920308499999999793e-03
7.412333000000000000e+09	-1.169805299999999992e-03	8.721127000000000393e-03
7.412335125000000000e+09	-1.011304800000000035e-03	8.793387499999999468e-03
7.412337250000000000e+09	-8.619510000000000149e-04	8.838340700000000758e-03
7.412339375000000000e+09	-1.099774699999999999e-03	9.273171099999999792e-03
7.412341500000000000e+09	-1.171953199999999952e-03	8.563323399999999558e-03
7.412343625000000000e+09	-1.121915100000000056e-03	9.146797300000000450e-03
7.412345750000000000e+09	-1.192871299999999964e-03	8.708156999999999356e-03
7.412347875000000000e+09	-1.336597099999999949e-03	8.953406100000000159e-03
7.412350000000000000e+09	-1.386328999999999947e-03	9.005781100000000497e-03
7.412352125000000000e+09	-1.128648899999999981e-03	8.977368700000000132e-03
7.412354250000000000e+09	-1.185853599999999938e-03	8.787723500000000493e-03
7.412356375000000000e+09	-9.527700999999999532e-04	8.745598900000000134e-03
7.412358500000000000e+09	-1.129879600000000071e-03	8.922080000000000635e-03
7.412360625000000000e+09	-9.601848000000000501e-04	9.014649899999999452e-03
7.412362750000000000e+09	-1.228140800000000017e-03	8.945330499999999338e-03
7.412364875000000000e+09	-1.002369300000000019e-03	8.677112799999999251e-03
7.412367000000000000e+09	-1.284613499999999941e-03	8.990591500000000638e-03
7.412369125000000000e+09	-7.956868000000000404e-04	8.801845399999999250e-03
7.412371250000000000e+09	-1.032112200000000028e-03	8.804507799999999884e-03
7.412373375000000000e+09	-1.246460700000000038e-03	9.012547600000000297e-03
7.412375500000000000e+09	-7.644184999999999522e-04	9.012015599999999294e-03
7.412377625000000000e+09	-8.194055000000000002e-04	8.964623300000000225e-03
7.412379750000000000e+09	-1.021542799999999905e-03	8.763933499999999530e-03
7.412381875000000000e+09	-1.105819700000000095e-03	8.846338999999999939e-03
7.412384000000000000e+09	-9.627652000000000432e-04	9.143649699999999159e-03
7.412386125000000000e+09	-1.282332599999999947e-03	8.763852600000000131e-03
7.412388250000000000e+09	-1.097783499999999916e-03	9.001586900000000530e-03
7.412390375000000000e+09	-8.785712000000000426e-04	9.149588099999999766e-03
7.412392500000000000e+09	-9.235832000000000243e-04	9.003627599999999495e-03
7.412394625000000000e+09	-1.003111500000000060e-03	8.862898899999999136e-03
7.412396750000000000e+09	-9.441019000000000147e-04	8.759987599999999666e-03
7.412398875000000000e+09	-9.693424000000000181e-04	8.706035699999999794e-03
7.412401000000000000e+09	-6.226883999999999588e-04	9.216839900000000849e-03
7.412403125000000000e+09	-7.785566000000000058e-04	8.593256000000000505e-03
7.412405250000000000e+09	-8.682870999999999558e-04	8.915125899999999312e-03
7.412407375000000000e+09	-9.626519000000000048e-04	8.985597200000000617e-03
7.412409500000000000e+09	-1.060579000000000079e-03	8.640626900000000082e-03
7.412411625000000000e+09	-7.789798000000000121e-04	8.702200900000000086e-03
7.412413750000000000e+09	-8.849739000000000346e-04	9.000632600000000802e-03
7.412415875000000000e+09	-8.981257999999999993e-04	8.621453499999999145e-03
7.412418000000000000e+09	-5.890984999999999841e-04	9.067578099999999350e-03
7.412420125000000000e+09	-8.218583999999999916e-04	9.055504000000000678e-03
7.412422250000000000e+09	-1.053623399999999979e-03	9.191054500000000321e-03
7.412424375000000000e+09	-4.837684999999999880e-04	8.928524900000000056e-03
7.412426500000000000e+09	-8.910621000000000080e-04	8.918396699999999247e-03
7.412428625000000000e+09	-6.729111999999999550e-04	8.922027799999999315e-03
7.412430750000000000e+09	-8.468396999999999687e-04	8.989124700000000051e-03
7.412432875000000000e+09	-7.541845999999999620e-04	8.823781500000000763e-03
7.412435000000000000e+09	-3.913677000000000171e-04	8.593510099999999985e-03
7.412437125000000000e+09	-5.536350999999999469e-04	8.954868100000000844e-03
7.412439250000000000e+09	-6.730379000000000092e-04	8.842893900000000848e-03
7.412441375000000000e+09	-7.282206000000000052e-04	8.815662199999999352e-03
7.412443500000000000e+09	-5.206689999999999712e-04	8.609554300000000701e-03
7.412445625000000000e+09	-6.922245999999999521e-04	9.007037000000000723e-03
7.412447750000000000e+09	-6.010518999999999975e-04	9.047060900000000738e-03
7.412449875000000000e+09	-8.410041000000000478e-04	8.664049700000000728e-03
7.412452000000000000e+09	-7.300359999999999879e-04	9.030943200000000545e-03
7.412454125000000000e+09	-5.375234999999999909e-04	8.836926499999999893e-03
7.412456250000000000e+09	-6.080861000000000122e-04	8.988225900000000601e-03
7.412458375000000000e+09	-3.665256999999999999e-04	8.839137599999999720e-03
7.412460500000000000e+09	-5.976662999999999464e-04	8.858237600000000780e-03
7.412462625000000000e+09	-3.665861999999999767e-04	9.005086299999999488e-03
7.412464750000000000e+09	-7.295733999999999900e-04	8.702466600000000052e-03
7.412466875000000000e+09	-3.959953999999999796e-04	8.732088799999999235e-03
7.412469000000000000e+09	-5.001003999999999866e-04	8.804723699999999348e-03
7.412471125000000000e+09	-6.158637000000000443e-04	8.813161999999999385e-03
7.412473250000000000e+09	-4.306143000000000015e-04	8.826491400000000681e-03
7.412475375000000000e+09	-3.645594000000000048e-04	8.884610200000000318e-03
7.412477500000000000e+09	-6.727554999999999863e-04	9.002526199999999479e-03
7.412479625000000000e+09	-8.152619000000000489e-04	9.162529500000000590e-03
7.412481750000000000e+09	-5.241847999999999690e-04	8.753747799999999496e-03
7.412483875000000000e+09	-4.888067999999999970e-04	8.818550399999999789e-03
7.412486000000000000e+09	-3.859846000000000110e-04	8.851044199999999820e-03
7.412488125000000000e+09	-6.125742000000000210e-04	8.846058000000000393e-03
7.412490250000000000e+09	-3.320080000000000101e-04	8.582381400000000174e-03
7.412492375000000000e+09	-9.562575000000000242e-04	8.774405900000000619e-03
7.412494500000000000e+09	-6.713926999999999526e-04	8.787366200000000516e-03
7.412496625000000000e+09	-4.011958000000000256e-04	8.823436800000000746e-03
7.412498750000000000e+09	-6.231748000000000495e-04	8.531004199999999218e-03
7.412500875000000000e+09	-2.720426999999999763e-04	8.852691100000000674e-03
7.412503000000000000e+09	-6.223704000000000475e-04	8.644403400000000293e-03
7.412505125000000000e+09	-5.538338000000000505e-04	8.936206299999999159e-03
7.412507250000000000e+09	-3.840917999999999806e-04	8.792612899999999870e-03
7.412509375000000000e+09	-3.405702999999999942e-04	9.074208599999999611e-03
7.412511500000000000e+09	-4.393099000000000136e-04	8.996833699999999892e-03
7.412513625000000000e+09	-6.010707000000000116e-04	8.785410699999999379e-03
7.412515750000000000e+09	-8.800710000000000650e-05	8.853631600000000032e-03
7.412517875000000000e+09	-4.654463999999999759e-04	8.895820599999999800e-03
7.412520000000000000e+09	-4.167272999999999767e-04	9.024876899999999258e-03
7.412522125000000000e+09	-3.382820000000000249e-04	9.160012199999999563e-03
7.412524250000000000e+09	-3.881967999999999964e-04	8.947593499999999950e-03
7.412526375000000000e+09	-2.940511999999999944e-04	9.032121199999999794e-03
7.412528500000000000e+09	-4.732019999999999868e-04	8.808344799999999475e-03
7.412530625000000000e+09	-4.893783000000000508e-04	8.820879699999999157e-03
7.412532750000000000e+09	-1.229569999999999986e-05	9.197095000000000617e-03
7.412534875000000000e+09	-1.397120999999999866e-04	9.168924599999999508e-03
7.412537000000000000e+09	-3.112621999999999893e-04	9.087913499999999284e-03
7.412539125000000000e+09	1.504699000000000076e-04	8.846814099999999320e-03
7.412541250000000000e+09	-3.358610999999999953e-04	8.959590300000000451e-03
7.412543375000000000e+09	-1.823178000000000114e-04	8.845212800000000139e-03
7.412545500000000000e+09	-4.268074999999999755e-04	9.139007500000000811e-03
7.412547625000000000e+09	-5.476140000000000055e-05	8.803697600000000290e-03
7.412549750000000000e+09	5.788590000000000087e-05	8.684824900000000583e-03
7.412551875000000000e+09	-3.103803999999999938e-04	9.108925999999999829e-03
7.412554000000000000e+09	-5.822724999999999516e-04	8.900652199999999417e-03
7.412556125000000000e+09	-1.424722000000000011e-04	9.089983899999999270e-03
7.412558250000000000e+09	-5.430275000000000249e-04	8.731137599999999263e-03
7.412560375000000000e+09	-3.188498000000000113e-04	9.361850300000000222e-03
7.412562500000000000e+09	-1.305136000000000035e-04	8.852518000000000192e-03
7.412564625000000000e+09	-2.832293000000000159e-04	8.821633100000000199e-03
7.412566750000000000e+09	-9.260640000000000158e-05	9.240905400000000783e-03
7.412568875000000000e+09	-2.158096999999999880e-04	8.862416899999999570e-03
7.412571000000000000e+09	-2.663885000000000059e-04	8.758290000000000172e-03
7.412573125000000000e+09	1.025522999999999973e-04	9.047840799999999975e-03
7.412575250000000000e+09	1.123025999999999978e-04	8.789402700000000651e-03
7.412577375000000000e+09	-2.255302000000000045e-04	8.823713900000000263e-03
7.412579500000000000e+09	-2.315135999999999919e-04	9.242333999999999619e-03
7.412581625000000000e+09	8.504709999999999419e-05	8.892044599999999327e-03
7.412583750000000000e+09	-1.737681999999999942e-04	8.983157800000000567e-03
7.412585875000000000e+09	-1.297069999999999933e-05	8.681058199999999378e-03
7.412588000000000000e+09	-6.219089999999999438e-05	9.065388299999999414e-03
7.412590125000000000e+09	2.171994000000000062e-04	9.071755199999999991e-03
7.412592250000000000e+09	3.905889999999999970e-05	9.073644599999999838e-03
7.412594375000000000e+09	1.378500999999999967e-04	8.695178899999999461e-03
7.412596500000000000e+09	-1.399313000000000065e-04	8.977097300000000391e-03
7.412598625000000000e+09	-2.217689999999999972e-04	9.027172700000000646e-03
7.412600750000000000e+09	5.348520000000000081e-05	8.622458700000000184e-03
7.412602875000000000e+09	4.228109999999999741e-05	8.892814900000000494e-03
7.412605000000000000e+09	-3.087459999999999743e-05	9.223053800000000427e-03
7.412607125000000000e+09	-2.933530999999999747e-04	8.656810200000000094e-03
7.412609250000000000e+09	2.028428000000000089e-04	8.911276299999999762e-03
7.412611375000000000e+09	2.450819999999999822e-04	8.713916900000000243e-03
7.412613500000000000e+09	6.396390000000000604e-05	9.168574400000000652e-03
7.412615625000000000e+09	-1.572714000000000067e-04	8.922395799999999905e-03
7.412617750000000000e+09	9.094960000000000078e-05	8.974374499999999977e-03
7.412619875000000000e+09	8.309699999999999400e-05	8.805580599999999689e-03
7.412622000000000000e+09	-4.677509999999999876e-05	8.903584699999999783e-03
7.412624125000000000e+09	-9.016939999999999764e-05	8.789528600000000649e-03
7.412626250000000000e+09	1.942361999999999886e-04	8.711934100000000639e-03
7.412628375000000000e+09	-1.242449999999999937e-05	8.645929800000000387e-03
7.412630500000000000e+09	2.088450999999999903e-04	8.724279600000000787e-03
7.412632625000000000e+09	6.165540000000000603e-05	8.818251699999999846e-03
7.412634750000000000e+09	2.100736999999999874e-04	8.885447499999999180e-03
7.412636875000000000e+09	1.431941000000000051e-04	9.106756599999999910e-03
7.412639000000000000e+09	7.352620000000000087e-05	8.729844199999999693e-03
7.412641125000000000e+09	2.437891999999999935e-04	8.613640800000000805e-03
7.412643250000000000e+09	-1.253321000000000057e-04	8.859022799999999656e-03
7.412645375000000000e+09	1.344712999999999876e-04	8.819032799999999492e-03
7.412647500000000000e+09	4.208626000000000250e-04	8.941580299999999856e-03
7.412649625000000000e+09	3.475091000000000031e-04	8.710694499999999466e-03
7.412651750000000000e+09	1.763621000000000101e-04	8.632473800000000155e-03
7.412653875000000000e+09	3.979100000000000172e-04	8.607223900000000524e-03
7.412656000000000000e+09	8.938080000000000319e-05	8.939029500000000850e-03
7.412658125000000000e+09	2.042558000000000036e-04	8.597880900000000326e-03
7.412660250000000000e+09	-1.122600000000000060e-05	9.047008199999999681e-03
7.412662375000000000e+09	-9.379799999999999878e-05	8.711677399999999405e-03
7.412664500000000000e+09	2.381508999999999970e-04	8.842992100000000508e-03
7.412666625000000000e+09	3.055501000000000072e-04	9.049189399999999286e-03
7.412668750000000000e+09	2.947278999999999806e-04	8.730461999999999598e-03
7.412670875000000000e+09	3.997259000000000077e-04	9.095047800000000474e-03
7.412673000000000000e+09	2.246898000000000048e-04	8.675973899999999892e-03
7.412675125000000000e+09	1.644456000000000032e-04	8.941246499999999653e-03
7.412677250000000000e+09	5.761298000000000417e-04	9.034873100000000157e-03
7.412679375000000000e+09	3.180513000000000155e-04	9.117389700000000721e-03
7.412681500000000000e+09	5.812703999999999701e-04	8.912697500000000411e-03
7.412683625000000000e+09	4.594803999999999859e-04	8.899795099999999876e-03
7.412685750000000000e+09	1.374923000000000117e-04	8.668345600000000248e-03
7.412687875000000000e+09	-8.111680000000000236e-05	8.843078299999999545e-03
7.412690000000000000e+09	1.371680000000000121e-04	9.012150000000000022e-03
7.412692125000000000e+09	4.496182000000000043e-04	8.890095199999999837e-03
7.412694250000000000e+09	6.080105999999999618e-04	8.934386299999999559e-03
7.412696375000000000e+09	4.704862999999999884e-04	8.494794899999999829e-03
7.412698500000000000e+09	2.350045000000000096e-04	9.016988300000000622e-03
7.412700625000000000e+09	5.182214000000000525e-04	8.655859999999999596e-03
7.412702750000000000e+09	5.391801000000000319e-04	8.521256099999999223e-03
7.412704875000000000e+09	3.937074000000000042e-04	8.931290499999999452e-03
7.412707000000000000e+09	5.907843000000000079e-04	8.636584500000000705e-03
7.412709125000000000e+09	4.912567999999999753e-04	8.775256099999999976e-03
7.412711250000000000e+09	6.256019999999999507e-04	8.641002499999999795e-03
7.412713375000000000e+09	6.531084999999999625e-04	8.815319900000000153e-03
7.412715500000000000e+09	4.076185000000000073e-04	8.891749299999999676e-03
7.412717625000000000e+09	4.475656999999999964e-04	8.627050199999999891e-03
7.412719750000000000e+09	4.363991999999999806e-04	8.687700499999999326e-03
7.412721875000000000e+09	5.613960999999999561e-04	9.086368299999999718e-03
7.412724000000000000e+09	5.737656999999999740e-04	8.553938999999999987e-03
7.412726125000000000e+09	8.853627000000000198e-04	8.794262500000000343e-03
7.412728250000000000e+09	5.057007000000000082e-04	8.529527500000000026e-03
7.412730375000000000e+09	3.815709999999999827e-04	8.847570699999999719e-03
7.412732500000000000e+09	7.400147000000000148e-04	8.996324700000000660e-03
7.412734625000000000e+09	4.352110999999999979e-04	8.963054300000000349e-03
7.412736750000000000e+09	1.400422999999999924e-04	9.367948299999999742e-03
7.412738875000000000e+09	6.371754000000000523e-04	8.884888599999999845e-03
7.412741000000000000e+09	6.308360999999999960e-04	8.970908300000000196e-03
7.412743125000000000e+09	5.195997999999999849e-04	9.101351599999999917e-03
7.412745250000000000e+09	5.921823000000000104e-04	8.569861599999999136e-03
7.412747375000000000e+09	7.630856000000000314e-04	8.639518299999999346e-03
7.412749500000000000e+09	5.039464000000000443e-04	8.543595299999999851e-03
7.412751625000000000e+09	6.376121000000000002e-04	8.656838599999999370e-03
7.412753750000000000e+09	5.852790999999999983e-04	8.755902799999999708e-03
7.412755875000000000e+09	7.755568000000000010e-04	8.650400500000000534e-03
7.412758000000000000e+09	5.796437000000000421e-04	9.089461599999999405e-03
7.412760125000000000e+09	7.538866000000000404e-04	8.754876999999999451e-03
7.412762250000000000e+09	7.726194999999999504e-04	8.722399400000000608e-03
7.412764375000000000e+09	6.737216000000000515e-04	9.033397699999999239e-03
7.412766500000000000e+09	6.503791000000000086e-04	8.928679199999999330e-03
7.412768625000000000e+09	6.238618999999999502e-04	8.526324499999999793e-03
7.412770750000000000e+09	3.972890999999999771e-04	9.141720399999999150e-03
7.412772875000000000e+09	5.866091000000000144e-04	8.606687199999999219e-03
7.412775000000000000e+09	7.738213000000000513e-04	8.599176099999999642e-03
7.412777125000000000e+09	3.872004000000000071e-04	8.599976400000000631e-03
7.412779250000000000e+09	8.667767000000000050e-04	8.959594300000000081e-03
7.412781375000000000e+09	6.610341000000000480e-04	8.778147999999999507e-03
7.412783500000000000e+09	3.396524999999999740e-04	8.583003100000000107e-03
7.412785625000000000e+09	8.573758000000000117e-04	8.593028500000000555e-03
7.412787750000000000e+09	2.932012999999999807e-04	8.782824599999999177e-03
7.412789875000000000e+09	6.838655000000000341e-04	9.032196500000000752e-03
7.412792000000000000e+09	5.854578000000000039e-04	8.947924799999999734e-03
7.412794125000000000e+09	1.071296999999999918e-03	8.617210300000000683e-03
7.412796250000000000e+09	8.466714999999999658e-04	8.945269100000000084e-03
7.412798375000000000e+09	7.591692999999999619e-04	9.055851300000000714e-03
7.412800500000000000e+09	8.077374000000000229e-04	8.672681999999999267e-03
7.412802625000000000e+09	6.430328000000000346e-04	8.961599699999999585e-03
7.412804750000000000e+09	7.828759999999999495e-04	8.966153299999999812e-03
7.412806875000000000e+09	6.702745999999999878e-04	8.993498699999999749e-03
7.412809000000000000e+09	1.085213800000000076e-03	8.376996499999999138e-03
7.412811125000000000e+09	5.840789000000000094e-04	8.680527299999999183e-03
7.412813250000000000e+09	9.241866000000000057e-04	8.799187899999999854e-03
7.412815375000000000e+09	9.949049000000001041e-04	8.689221400000000581e-03
7.412817500000000000e+09	1.036033700000000028e-03	9.064750499999999628e-03
7.412819625000000000e+09	5.655010000000000462e-04	8.902242499999999184e-03
7.412821750000000000e+09	8.238968000000000159e-04	8.973861399999999780e-03
7.412823875000000000e+09	1.304095500000000078e-03	8.777848399999999690e-03
7.412826000000000000e+09	7.582077999999999474e-04	8.764504100000000686e-03
7.412828125000000000e+09	8.502546000000000366e-04	8.716612000000000318e-03
7.412830250000000000e+09	1.100807199999999939e-03	8.423394500000000451e-03
7.412832375000000000e+09	6.790910999999999736e-04	8.782899400000000398e-03
7.412834500000000000e+09	7.220914000000000369e-04	8.669009800000000363e-03
7.412836625000000000e+09	9.798727999999999605e-04	8.726623699999999997e-03
7.412838750000000000e+09	1.191165799999999945e-03	8.770463900000000784e-03
7.412840875000000000e+09	1.012261399999999896e-03	8.872759699999999833e-03
7.412843000000000000e+09	9.717427999999999960e-04	8.864726300000000392e-03
7.412845125000000000e+09	9.638455000000000199e-04	8.836798899999999748e-03
7.412847250000000000e+09	1.066329100000000009e-03	8.982534999999999825e-03
7.412849375000000000e+09	7.869294999999999676e-04	8.813153699999999591e-03
7.412851500000000000e+09	8.032029999999999465e-04	8.644138799999999401e-03
7.412853625000000000e+09	1.226738499999999957e-03	8.894212000000000298e-03
7.412855750000000000e+09	9.354405000000000098e-04	8.851824399999999593e-03
7.412857875000000000e+09	8.558685999999999594e-04	9.017090099999999775e-03
7.412860000000000000e+09	1.115780700000000049e-03	9.001950300000000418e-03
7.412862125000000000e+09	1.125425999999999900e-03	8.312472200000000505e-03
7.412864250000000000e+09	9.980606000000000373e-04	8.929278400000000698e-03
7.412866375000000000e+09	1.225525199999999947e-03	8.673474199999999662e-03
7.412868500000000000e+09	1.219950700000000049e-03	9.134004399999999524e-03
7.412870625000000000e+09	1.117116899999999902e-03	8.925496600000000849e-03
7.412872750000000000e+09	1.253585900000000076e-03	8.603656200000000392e-03
7.412874875000000000e+09	1.211915100000000075e-03	8.913564400000000693e-03
7.412877000000000000e+09	1.229014799999999900e-03	8.920157399999999875e-03
7.412879125000000000e+09	9.742203999999999534e-04	8.654872399999999355e-03
7.412881250000000000e+09	1.192020999999999923e-03	8.829289400000000718e-03
7.412883375000000000e+09	1.425940199999999958e-03	8.941257600000000402e-03
7.412885500000000000e+09	1.400253800000000014e-03	8.895774599999999727e-03
7.412887625000000000e+09	1.085625300000000104e-03	8.861321999999999602e-03
7.412889750000000000e+09	1.470072399999999922e-03	8.994774500000000256e-03
7.412891875000000000e+09	1.262108799999999906e-03	8.595155800000000429e-03
7.412894000000000000e+09	1.393443000000000069e-03	8.448442500000000188e-03
7.412896125000000000e+09	1.041765899999999925e-03	8.505255300000000296e-03
7.412898250000000000e+09	1.214428999999999943e-03	8.560192899999999327e-03
7.412900375000000000e+09	1.140918299999999982e-03	8.761929300000000434e-03
7.412902500000000000e+09	1.316268999999999903e-03	8.494297899999999485e-03
7.412904625000000000e+09	1.459098600000000023e-03	8.683122300000000252e-03
7.412906750000000000e+09	1.157313699999999897e-03	8.802699199999999835e-03
7.412908875000000000e+09	1.139126500000000024e-03	8.553265900000000740e-03
7.412911000000000000e+09	1.288303599999999962e-03	8.895347099999999230e-03
7.412913125000000000e+09	1.182577499999999931e-03	9.022882899999999304e-03
7.412915250000000000e+09	1.472615899999999908e-03	8.819522300000000314e-03
7.412917375000000000e+09	1.530835699999999943e-03	8.874633300000000363e-03
7.412919500000000000e+09	1.205429000000000049e-03	8.503917399999999863e-03
7.412921625000000000e+09	1.334945599999999913e-03	8.572172899999999304e-03
7.412923750000000000e+09	1.396809200000000009e-03	8.645635199999999673e-03
7.412925875000000000e+09	1.390479200000000089e-03	8.792215699999999731e-03
7.412928000000000000e+09	1.335760100000000106e-03	8.647530400000000630e-03
7.412930125000000000e+09	1.181681599999999952e-03	8.787408300000000561e-03
7.412932250000000000e+09	1.223732800000000001e-03	8.078230199999999681e-03
7.412934375000000000e+09	1.165816299999999960e-03	8.559456599999999346e-03
7.412936500000000000e+09	1.449730200000000054e-03	8.577790000000000067e-03
7.412938625000000000e+09	1.284445099999999979e-03	8.467522200000000832e-03
7.412940750000000000e+09	1.334290699999999934e-03	8.673410200000000389e-03
7.412942875000000000e+09	1.421603399999999936e-03	8.806171200000000726e-03
7.412945000000000000e+09	1.509436999999999975e-03	8.813239199999999690e-03
7.412947125000000000e+09	1.645149800000000103e-03	8.632773300000000372e-03
7.412949250000000000e+09	1.327860400000000071e-03	8.670540200000000086e-03
7.412951375000000000e+09	1.591567099999999929e-03	8.738963599999999970e-03
7.412953500000000000e+09	1.616557000000000020e-03	8.605373200000000430e-03
7.412955625000000000e+09	1.363260700000000058e-03	8.767283299999999516e-03
7.412957750000000000e+09	1.640288699999999968e-03	8.925114300000000153e-03
7.412959875000000000e+09	1.246021200000000002e-03	8.475223599999999816e-03
7.412962000000000000e+09	1.378238599999999934e-03	8.685623800000000228e-03
7.412964125000000000e+09	1.194289199999999922e-03	8.858100799999999234e-03
7.412966250000000000e+09	1.577692099999999931e-03	8.681205399999999267e-03
7.412968375000000000e+09	1.630135900000000094e-03	8.724363400000000740e-03
7.412970500000000000e+09	1.835351999999999947e-03	8.834230400000000344e-03
7.412972625000000000e+09	1.569185500000000021e-03	9.077012900000000495e-03
7.412974750000000000e+09	2.027049999999999859e-03	8.527939400000000142e-03
7.412976875000000000e+09	1.566316099999999923e-03	8.492506800000000633e-03
7.412979000000000000e+09	1.495264199999999906e-03	8.403223399999999732e-03
7.412981125000000000e+09	1.322575699999999901e-03	8.403189000000000144e-03
7.412983250000000000e+09	1.606376899999999944e-03	8.769014599999999660e-03
7.412985375000000000e+09	1.375398699999999920e-03	8.319510900000000320e-03
7.412987500000000000e+09	1.653008199999999933e-03	8.936619200000000748e-03
7.412989625000000000e+09	1.352900900000000069e-03	8.774058399999999647e-03
7.412991750000000000e+09	1.559618700000000050e-03	8.346562999999999552e-03
7.412993875000000000e+09	1.669493100000000009e-03	8.436125799999999453e-03
7.412996000000000000e+09	1.476509599999999969e-03	8.528785800000000805e-03
7.412998125000000000e+09	1.650686800000000006e-03	8.221826499999999524e-03
7.413000250000000000e+09	1.860469000000000012e-03	8.571284000000000194e-03
7.413002375000000000e+09	1.869219199999999940e-03	8.387006299999999470e-03
7.413004500000000000e+09	1.558262400000000065e-03	8.192856499999999834e-03
7.413006625000000000e+09	1.356820300000000003e-03	8.480100500000000568e-03
7.413008750000000000e+09	1.760020800000000000e-03	8.393120500000000178e-03
7.413010875000000000e+09	1.353657899999999954e-03	8.483895400000000114e-03
7.413013000000000000e+09	2.041856999999999787e-03	9.040178200000000344e-03
7.413015125000000000e+09	1.682376699999999989e-03	8.802578900000000012e-03
7.413017250000000000e+09	1.659583000000000065e-03	8.234807499999999975e-03
7.413019375000000000e+09	1.586550400000000076e-03	8.664071000000000619e-03
7.413021500000000000e+09	1.588681200000000059e-03	8.537575099999999972e-03
7.413023625000000000e+09	1.624818500000000049e-03	8.635255499999999404e-03
7.413025750000000000e+09	1.694701500000000017e-03	8.543914300000000211e-03
7.413027875000000000e+09	1.740048799999999955e-03	8.577164099999999569e-03
7.413030000000000000e+09	1.781720500000000046e-03	8.716688999999999687e-03
7.413032125000000000e+09	1.979213499999999803e-03	9.016895599999999802e-03
7.413034250000000000e+09	1.476097499999999953e-03	8.372709399999999150e-03
7.413036375000000000e+09	1.710141999999999999e-03	8.324652899999999967e-03
7.413038500000000000e+09	1.595699199999999970e-03	8.336637600000000245e-03
7.413040625000000000e+09	1.693117199999999911e-03	9.056990900000000747e-03
7.413042750000000000e+09	1.688201100000000102e-03	8.359693499999999375e-03
7.413044875000000000e+09	1.855551300000000091e-03	8.489102400000000243e-03
7.413047000000000000e+09	1.876154199999999954e-03	8.857443899999999440e-03
7.413049125000000000e+09	1.601302499999999931e-03	8.349059799999999226e-03
7.413051250000000000e+09	1.823766600000000090e-03	8.467451799999999376e-03
7.413053375000000000e+09	1.276958099999999947e-03	8.681400900000000448e-03
7.413055500000000000e+09	1.939465399999999945e-03	8.236535300000000226e-03
7.413057625000000000e+09	2.099009000000000204e-03	8.318162800000000745e-03
7.413059750000000000e+09	2.214853900000000007e-03	8.498700700000000330e-03
7.413061875000000000e+09	2.048203100000000210e-03	8.415024099999999715e-03
7.413064000000000000e+09	2.038248400000000019e-03	8.950502000000000805e-03
7.413066125000000000e+09	1.904121300000000041e-03	8.593880899999999795e-03
7.413068250000000000e+09	1.819724800000000050e-03	8.582184899999999519e-03
7.413070375000000000e+09	1.804598699999999944e-03	8.732829600000000317e-03
7.413072500000000000e+09	1.714681299999999903e-03	8.704305400000000859e-03
7.413074625000000000e+09	1.847401000000000034e-03	8.642425299999999255e-03
7.413076750000000000e+09	1.884828100000000102e-03	8.511039600000000829e-03
7.413078875000000000e+09	1.974006500000000108e-03	8.634828299999999443e-03
7.413081000000000000e+09	2.128597299999999970e-03	8.749165899999999593e-03
7.413083125000000000e+09	1.648459500000000076e-03	8.406279399999999277e-03
7.413085250000000000e+09	2.305417900000000016e-03	8.350541300000000056e-03
7.413087375000000000e+09	2.279444700000000067e-03	8.226654099999999512e-03
7.413089500000000000e+09	1.915279100000000017e-03	8.519028300000000206e-03
7.413091625000000000e+09	2.064866399999999973e-03	8.414204099999999381e-03
7.413093750000000000e+09	1.988762600000000026e-03	8.228692699999999929e-03
7.413095875000000000e+09	1.893268299999999920e-03	7.893282999999999203e-03
7.413098000000000000e+09	1.928711000000000054e-03	8.767911099999999361e-03
7.413100125000000000e+09	1.734265200000000093e-03	8.600431800000000668e-03
7.413102250000000000e+09	2.198106799999999857e-03	8.338941100000000356e-03
7.413104375000000000e+09	2.354797999999999961e-03	8.339992200000000133e-03
7.413106500000000000e+09	1.971911900000000110e-03	8.693772000000000652e-03
7.413108625000000000e+09	2.339353499999999916e-03	8.610528299999999774e-03
7.413110750000000000e+09	2.044515299999999890e-03	8.079833800000000080e-03
7.413112875000000000e+09	2.244997400000000014e-03	8.846598100000000256e-03
7.413115000000000000e+09	2.297652700000000093e-03	8.235370299999999338e-03
7.413117125000000000e+09	2.322705899999999869e-03	8.473476500000000355e-03
7.413119250000000000e+09	2.053562300000000198e-03	8.199304899999999147e-03
7.413121375000000000e+09	2.039455199999999982e-03	8.537937400000000787e-03
7.413123500000000000e+09	1.957363100000000192e-03	8.419726900000000513e-03
7.413125625000000000e+09	2.197840899999999823e-03	8.815764000000000239e-03
7.413127750000000000e+09	1.985273100000000106e-03	8.393591000000000593e-03
7.413129875000000000e+09	1.993342999999999851e-03	8.406804800000000633e-03
7.413132000000000000e+09	2.007851499999999904e-03	8.178548299999999563e-03
7.413134125000000000e+09	1.928008599999999923e-03	8.545322799999999566e-03
7.413136250000000000e+09	1.949139599999999894e-03	8.504223300000000527e-03
7.413138375000000000e+09	1.891110099999999917e-03	8.345006300000000835e-03
7.413140500000000000e+09	1.981497500000000203e-03	8.295876500000000375e-03
7.413142625000000000e+09	2.093788000000000073e-03	8.454599199999999343e-03
7.413144750000000000e+09	2.144492799999999852e-03	8.336177000000000170e-03
7.413146875000000000e+09	2.269735299999999824e-03	8.596155600000000493e-03
7.413149000000000000e+09	2.028569500000000202e-03	8.612643600000000760e-03
7.413151125000000000e+09	2.116065700000000112e-03	8.276936900000000236e-03
7.413153250000000000e+09	1.877715199999999921e-03	8.563840700000000319e-03
7.413155375000000000e+09	2.134347400000000117e-03	8.517215300000000391e-03
7.413157500000000000e+09	2.631318000000000112e-03	8.436350999999999919e-03
7.413159625000000000e+09	2.215971100000000207e-03	8.286974100000000371e-03
7.413161750000000000e+09	2.267628800000000104e-03	8.337032399999999566e-03
7.413163875000000000e+09	2.134455500000000117e-03	8.654123499999999414e-03
7.413166000000000000e+09	1.974290100000000107e-03	8.259611700000000709e-03
7.413168125000000000e+09	2.378688199999999964e-03	8.397738800000000350e-03
7.413170250000000000e+09	2.348654300000000035e-03	8.359076899999999880e-03
7.413172375000000000e+09	2.446227699999999842e-03	8.468853000000000145e-03
7.413174500000000000e+09	2.479919499999999871e-03	8.318199499999999816e-03
7.413176625000000000e+09	1.928135699999999897e-03	8.450306600000000515e-03
7.413178750000000000e+09	2.206338400000000099e-03	8.512013599999999902e-03
7.413180875000000000e+09	2.312079099999999904e-03	8.381027799999999500e-03
7.413183000000000000e+09	2.218183700000000112e-03	8.201826900000000475e-03
7.413185125000000000e+09	2.391355899999999830e-03	8.592916500000000526e-03
7.413187250000000000e+09	2.516605800000000157e-03	8.360287100000000568e-03
7.413189375000000000e+09	2.277093999999999906e-03	8.693183000000000160e-03
7.413191500000000000e+09	2.539883000000000158e-03	8.276433499999999444e-03
7.413193625000000000e+09	2.315493499999999802e-03	8.303261899999999154e-03
7.413195750000000000e+09	2.256098900000000091e-03	8.468055599999999711e-03
7.413197875000000000e+09	2.396640499999999965e-03	8.129865400000000145e-03
7.413200000000000000e+09	2.185437000000000143e-03	7.828400799999999521e-03
7.413202125000000000e+09	2.079788799999999788e-03	8.238217200000000004e-03
7.413204250000000000e+09	2.353421100000000106e-03	8.230105399999999849e-03
7.413206375000000000e+09	2.429657400000000134e-03	8.110477499999999354e-03
7.413208500000000000e+09	2.209574199999999808e-03	8.229601600000000655e-03
7.413210625000000000e+09	2.907532500000000169e-03	8.294939100000000773e-03
7.413212750000000000e+09	2.247814800000000161e-03	8.548175599999999208e-03
7.413214875000000000e+09	2.867830699999999837e-03	8.603134599999999466e-03
7.413217000000000000e+09	2.264857500000000065e-03	8.042211900000000371e-03
7.413219125000000000e+09	2.397004099999999922e-03	8.334429399999999238e-03
7.413221250000000000e+09	2.500047599999999804e-03	8.380625799999999459e-03
7.413223375000000000e+09	2.485340099999999979e-03	8.263635099999999678e-03
7.413225500000000000e+09	2.687730599999999925e-03	8.355162200000000247e-03
7.413227625000000000e+09	2.354422599999999883e-03	8.466568500000000441e-03
7.413229750000000000e+09	2.363607299999999876e-03	8.693741600000000694e-03
7.413231875000000000e+09	2.893770500000000107e-03	8.318205500000000127e-03
7.413234000000000000e+09	2.587198099999999789e-03	8.781093599999999569e-03
7.413236125000000000e+09	2.576992599999999942e-03	8.025822099999999765e-03
7.413238250000000000e+09	2.568588299999999790e-03	8.299089000000000813e-03
7.413240375000000000e+09	2.469482800000000113e-03	8.326311700000000107e-03
7.413242500000000000e+09	2.425061200000000125e-03	8.392458000000000209e-03
7.413244625000000000e+09	2.461700900000000133e-03	8.542508399999999141e-03
7.413246750000000000e+09	2.621308200000000213e-03	8.128433500000000617e-03
7.413248875000000000e+09	2.673370500000000170e-03	8.407493499999999995e-03
7.413251000000000000e+09	2.425492599999999783e-03	8.124854500000000534e-03
7.413253125000000000e+09	2.815313900000000150e-03	8.175333700000000578e-03
7.413255250000000000e+09	2.693142999999999839e-03	7.963837700000000325e-03
7.413257375000000000e+09	2.951802199999999966e-03	7.965002400000000676e-03
7.413259500000000000e+09	2.409698000000000048e-03	8.463046000000000110e-03
7.413261625000000000e+09	2.688189100000000151e-03	8.420752000000000098e-03
7.413263750000000000e+09	2.631198500000000128e-03	8.587730700000000689e-03
7.413265875000000000e+09	2.786583000000000029e-03	8.293359999999999621e-03
7.413268000000000000e+09	2.518197700000000035e-03	8.139123800000000117e-03
7.413270125000000000e+09	2.492009199999999959e-03	8.449206399999999173e-03
7.413272250000000000e+09	2.766870199999999901e-03	8.139353099999999813e-03
7.413274375000000000e+09	2.858261200000000030e-03	8.245816200000000498e-03
7.413276500000000000e+09	2.404312100000000063e-03	8.240583600000000314e-03
7.413278625000000000e+09	2.645380299999999796e-03	8.525001500000000537e-03
7.413280750000000000e+09	2.564039299999999830e-03	8.154431700000000852e-03
7.413282875000000000e+09	2.761700299999999848e-03	7.930145600000000627e-03
7.413285000000000000e+09	2.786656800000000041e-03	8.285903500000000449e-03
7.413287125000000000e+09	2.855931300000000023e-03	8.034658899999999951e-03
7.413289250000000000e+09	2.477241700000000057e-03	8.457042099999999285e-03
7.413291375000000000e+09	2.788017199999999907e-03	8.153886399999999215e-03
7.413293500000000000e+09	2.953479800000000013e-03	8.186716199999999333e-03
7.413295625000000000e+09	2.974497600000000196e-03	8.349133800000000175e-03
7.413297750000000000e+09	2.896126199999999803e-03	8.235941700000000767e-03
7.413299875000000000e+09	2.630099199999999960e-03	8.264336299999999400e-03
7.413302000000000000e+09	2.578416999999999949e-03	8.342124500000000845e-03
7.413304125000000000e+09	2.943408499999999959e-03	7.988833699999999677e-03
7.413306250000000000e+09	2.585387599999999959e-03	8.039746699999999330e-03
7.413308375000000000e+09	2.538343000000000196e-03	8.197322800000000215e-03
7.413310500000000000e+09	2.768930499999999913e-03	8.239817599999999312e-03
7.413312625000000000e+09	3.107158200000000123e-03	8.250840199999999805e-03
7.413314750000000000e+09	2.982113099999999812e-03	7.830270699999999223e-03
7.413316875000000000e+09	2.957358099999999809e-03	8.223681800000000319e-03
7.413319000000000000e+09	2.628341199999999819e-03	8.217517900000000444e-03
7.413321125000000000e+09	2.416625999999999844e-03	8.188684099999999494e-03
7.413323250000000000e+09	3.098769099999999950e-03	8.064942000000000291e-03
7.413325375000000000e+09	3.235502300000000012e-03	8.191243200000000030e-03
7.413327500000000000e+09	2.744661700000000041e-03	8.182832200000000195e-03
7.413329625000000000e+09	2.707561299999999924e-03	8.495371499999999562e-03
7.413331750000000000e+09	3.247095499999999926e-03	8.060796300000000816e-03
7.413333875000000000e+09	2.612626099999999871e-03	8.568199400000000437e-03
7.413336000000000000e+09	3.069000499999999850e-03	8.096654499999999741e-03
7.413338125000000000e+09	3.022791099999999967e-03	8.078981199999999904e-03
7.413340250000000000e+09	2.648701800000000106e-03	8.119475600000000334e-03
7.413342375000000000e+09	3.118320400000000082e-03	8.085416999999999257e-03
7.413344500000000000e+09	2.893699500000000181e-03	8.039250700000000194e-03
7.413346625000000000e+09	3.063259000000000034e-03	8.102372499999999783e-03
7.413348750000000000e+09	3.141519599999999940e-03	8.109791200000000810e-03
7.413350875000000000e+09	3.212273099999999899e-03	8.608955200000000668e-03
7.413353000000000000e+09	3.235791200000000083e-03	8.055940200000000218e-03
7.413355125000000000e+09	2.909373099999999854e-03	8.236094399999999496e-03
7.413357250000000000e+09	3.007065299999999840e-03	7.967296699999999385e-03
7.413359375000000000e+09	3.122221899999999984e-03	8.106354499999999380e-03
7.413361500000000000e+09	3.156087599999999899e-03	7.877452800000000338e-03
7.413363625000000000e+09	3.001997199999999807e-03	8.167057999999999610e-03
7.413365750000000000e+09	2.684913299999999812e-03	8.236969400000000371e-03
7.413367875000000000e+09	2.921556699999999871e-03	8.254803200000000729e-03
7.413370000000000000e+09	2.832887200000000147e-03	8.128708400000000250e-03
7.413372125000000000e+09	3.008290299999999938e-03	8.261402299999999824e-03
7.413374250000000000e+09	3.076181299999999983e-03	8.172007000000000229e-03
7.413376375000000000e+09	3.057145199999999896e-03	7.792097199999999634e-03
7.413378500000000000e+09	3.161631099999999851e-03	8.097556000000000545e-03
7.413380625000000000e+09	3.220468399999999905e-03	8.216550099999999149e-03
7.413382750000000000e+09	3.196123999999999840e-03	8.041174800000000164e-03
7.413384875000000000e+09	2.912582800000000204e-03	8.045671100000000367e-03
7.413387000000000000e+09	3.017440100000000174e-03	7.996404099999999959e-03
7.413389125000000000e+09	2.811665899999999958e-03	8.010500999999999733e-03
7.413391250000000000e+09	2.951875100000000106e-03	8.218371199999999557e-03
7.413393375000000000e+09	3.163334500000000021e-03	8.159012699999999146e-03
7.413395500000000000e+09	3.157246800000000110e-03	8.180069200000000817e-03
7.413397625000000000e+09	2.766504899999999798e-03	8.225309300000000629e-03
7.413399750000000000e+09	3.246329000000000055e-03	8.054537800000000775e-03
7.413401875000000000e+09	2.985299399999999988e-03	8.029685199999999148e-03
7.413404000000000000e+09	3.362667800000000012e-03	8.393348099999999729e-03
7.413406125000000000e+09	3.024179000000000103e-03	8.051091700000000476e-03
7.413408250000000000e+09	3.110843800000000128e-03	8.041478799999999746e-03
7.413410375000000000e+09	3.218597200000000193e-03	8.146888600000000771e-03
7.413412500000000000e+09	3.431532900000000032e-03	7.879411799999999633e-03
7.413414625000000000e+09	3.096801699999999959e-03	8.082248099999999810e-03
7.413416750000000000e+09	3.128768799999999926e-03	7.993727100000000418e-03
7.413418875000000000e+09	3.214335599999999793e-03	7.955596100000000143e-03
7.413421000000000000e+09	3.204536300000000119e-03	8.001111400000000123e-03
7.413423125000000000e+09	3.414382899999999967e-03	7.946331600000000259e-03
7.413425250000000000e+09	2.925152299999999976e-03	7.765025299999999721e-03
7.413427375000000000e+09	3.133281099999999948e-03	7.593876700000000077e-03
7.413429500000000000e+09	3.331536700000000198e-03	8.413958200000000096e-03
7.413431625000000000e+09	3.241154400000000133e-03	7.804645500000000416e-03
7.413433750000000000e+09	3.272328299999999798e-03	8.016894800000000376e-03
7.413435875000000000e+09	3.349551899999999964e-03	7.620410799999999610e-03
7.413438000000000000e+09	3.277837200000000093e-03	7.983224400000000706e-03
7.413440125000000000e+09	3.548424200000000178e-03	8.021780699999999861e-03
7.413442250000000000e+09	3.488680200000000148e-03	7.768438199999999974e-03
7.413444375000000000e+09	3.663677499999999903e-03	7.894313099999999625e-03
7.413446500000000000e+09	3.101373399999999853e-03	7.826491499999999393e-03
7.413448625000000000e+09	3.141428800000000202e-03	8.014592200000000138e-03
7.413450750000000000e+09	3.515758800000000177e-03	8.214394800000000135e-03
7.413452875000000000e+09	4.014039100000000096e-03	7.837840699999999369e-03
7.413455000000000000e+09	3.493440300000000102e-03	8.058344400000000407e-03
7.413457125000000000e+09	3.338405100000000052e-03	7.947697899999999968e-03
7.413459250000000000e+09	3.664221799999999897e-03	7.837532899999999358e-03
7.413461375000000000e+09	3.458159499999999883e-03	7.821547899999999748e-03
7.413463500000000000e+09	3.255528699999999959e-03	7.763604999999999812e-03
7.413465625000000000e+09	3.123329000000000209e-03	7.674447699999999845e-03
7.413467750000000000e+09	3.434869899999999990e-03	7.696330200000000427e-03
7.413469875000000000e+09	3.258433900000000123e-03	7.702287799999999775e-03
7.413472000000000000e+09	3.720583999999999870e-03	7.532566899999999961e-03
7.413474125000000000e+09	3.502575200000000027e-03	7.590080299999999586e-03
7.413476250000000000e+09	3.528676599999999892e-03	7.588619599999999778e-03
7.413478375000000000e+09	3.372652199999999923e-03	7.844265499999999308e-03
7.413480500000000000e+09	3.358481100000000000e-03	8.080155900000000196e-03
7.413482625000000000e+09	3.460670900000000199e-03	7.589546200000000034e-03
7.413484750000000000e+09	3.498883800000000214e-03	8.021720600000000617e-03
7.413486875000000000e+09	3.457148399999999868e-03	7.952060199999999579e-03
7.413489000000000000e+09	3.504592400000000087e-03	8.024545200000000184e-03
7.413491125000000000e+09	3.584681599999999923e-03	7.399174599999999886e-03
7.413493250000000000e+09	3.415647300000000056e-03	7.747949700000000307e-03
7.413495375000000000e+09	3.530945100000000211e-03	7.819097900000000420e-03
7.413497500000000000e+09	3.414785500000000213e-03	7.970856700000000794e-03
7.413499625000000000e+09	3.931535100000000359e-03	7.819427300000000858e-03
7.413501750000000000e+09	3.790744400000000108e-03	7.451889100000000203e-03
7.413503875000000000e+09	3.233732200000000081e-03	7.764337100000000096e-03
7.413506000000000000e+09	3.585474600000000157e-03	7.884887700000000818e-03
7.413508125000000000e+09	3.506834800000000179e-03	7.918058900000000261e-03
7.413510250000000000e+09	3.923044399999999800e-03	8.102658800000000702e-03
7.413512375000000000e+09	3.685849100000000191e-03	7.908649199999999435e-03
7.413514500000000000e+09	3.456841400000000130e-03	7.830101500000000506e-03
7.413516625000000000e+09	3.523890200000000077e-03	7.571227300000000354e-03
7.413518750000000000e+09	3.623989599999999974e-03	7.756032700000000182e-03
7.413520875000000000e+09	3.571344800000000007e-03	7.735759099999999638e-03
7.413523000000000000e+09	3.483760800000000081e-03	7.867919299999999797e-03
7.413525125000000000e+09	3.476954600000000187e-03	7.533140699999999607e-03
7.413527250000000000e+09	3.572201699999999914e-03	8.102134000000000419e-03
7.413529375000000000e+09	3.837238299999999862e-03	7.794127500000000257e-03
7.413531500000000000e+09	3.731117500000000111e-03	8.182410399999999473e-03
7.413533625000000000e+09	3.358836300000000129e-03	7.897216699999999243e-03
7.413535750000000000e+09	3.841366000000000138e-03	8.075669699999999535e-03
7.413537875000000000e+09	3.568835099999999837e-03	7.947173800000000357e-03
7.413540000000000000e+09	3.814536299999999984e-03	7.498393199999999967e-03
7.413542125000000000e+09	3.771217600000000090e-03	7.777609500000000169e-03
7.413544250000000000e+09	3.597219599999999795e-03	7.841314500000000007e-03
7.413546375000000000e+09	3.584886600000000006e-03	7.476875800000000287e-03
7.413548500000000000e+09	3.674792899999999949e-03	8.236157900000000767e-03
7.413550625000000000e+09	3.610970399999999941e-03	7.658897300000000116e-03
7.413552750000000000e+09	3.783963600000000201e-03	7.917941100000000856e-03
7.413554875000000000e+09	3.828073500000000150e-03	7.802145899999999787e-03
7.413557000000000000e+09	3.518451299999999799e-03	7.878240300000000432e-03
7.413559125000000000e+09	3.628614999999999965e-03	7.422090099999999711e-03
7.413561250000000000e+09	3.660998099999999977e-03	7.782186800000000237e-03
7.413563375000000000e+09	3.627184800000000150e-03	7.833378199999999417e-03
7.413565500000000000e+09	3.756211699999999990e-03	7.651427199999999776e-03
7.413567625000000000e+09	3.549295699999999859e-03	7.705324300000000043e-03
7.413569750000000000e+09	3.902311500000000058e-03	7.702315199999999577e-03
7.413571875000000000e+09	3.875330399999999884e-03	7.670452599999999684e-03
7.413574000000000000e+09	3.603089500000000028e-03	7.629515299999999577e-03
7.413576125000000000e+09	3.587347900000000152e-03	7.697119599999999867e-03
7.413578250000000000e+09	3.705922200000000017e-03	7.858380899999999752e-03
7.413580375000000000e+09	3.595857300000000149e-03	8.031973399999999680e-03
7.413582500000000000e+09	3.881033099999999913e-03	8.025442299999999488e-03
7.413584625000000000e+09	3.919298699999999684e-03	7.759122700000000046e-03
7.413586750000000000e+09	4.060313500000000027e-03	7.931312399999999527e-03
7.413588875000000000e+09	3.458887199999999967e-03	7.536866399999999841e-03
7.413591000000000000e+09	3.834751300000000061e-03	7.506255499999999609e-03
7.413593125000000000e+09	4.034675199999999788e-03	7.744132699999999730e-03
7.413595250000000000e+09	3.759811499999999793e-03	7.509653399999999951e-03
7.413597375000000000e+09	3.823441099999999940e-03	7.402731400000000204e-03
7.413599500000000000e+09	3.995377999999999950e-03	7.878876999999999409e-03
7.413601625000000000e+09	3.830460999999999849e-03	7.553914999999999588e-03
7.413603750000000000e+09	3.645807100000000075e-03	7.801144000000000307e-03
7.413605875000000000e+09	3.845156800000000021e-03	7.403179099999999783e-03
7.413608000000000000e+09	3.925311800000000177e-03	7.691770799999999957e-03
7.413610125000000000e+09	4.201701099999999994e-03	7.682605599999999674e-03
7.413612250000000000e+09	4.088595900000000297e-03	7.968336200000000411e-03
7.413614375000000000e+09	3.863492300000000157e-03	7.658267600000000057e-03
7.413616500000000000e+09	3.823247100000000138e-03	7.458334700000000296e-03
7.413618625000000000e+09	3.762449199999999810e-03	7.606597300000000200e-03
7.413620750000000000e+09	3.383887700000000158e-03	8.004833700000000066e-03
7.413622875000000000e+09	4.144976499999999606e-03	7.413160299999999904e-03
7.413625000000000000e+09	4.156158899999999948e-03	7.688855799999999921e-03
7.413627125000000000e+09	3.936408599999999952e-03	7.446283700000000394e-03
7.413629250000000000e+09	3.924495699999999872e-03	7.763324700000000071e-03
7.413631375000000000e+09	4.102319499999999841e-03	7.682749200000000070e-03
7.413633500000000000e+09	3.812941900000000120e-03	7.347225300000000299e-03
7.413635625000000000e+09	3.929310699999999899e-03	7.532348099999999942e-03
7.413637750000000000e+09	4.398888099999999704e-03	7.839952600000000063e-03
7.413639875000000000e+09	4.034850000000000415e-03	7.759396600000000206e-03
7.413642000000000000e+09	3.918459600000000209e-03	7.210195499999999709e-03
7.413644125000000000e+09	4.414144699999999859e-03	7.464599399999999850e-03
7.413646250000000000e+09	3.670806899999999855e-03	7.539277399999999747e-03
7.413648375000000000e+09	4.209951200000000039e-03	7.468969399999999918e-03
7.413650500000000000e+09	4.156799499999999821e-03	7.520089599999999971e-03
7.413652625000000000e+09	4.000705700000000038e-03	7.601596799999999800e-03
7.413654750000000000e+09	3.956948200000000131e-03	7.312253900000000202e-03
7.413656875000000000e+09	4.158250399999999757e-03	7.796589700000000275e-03
7.413659000000000000e+09	4.284722999999999830e-03	7.630318500000000254e-03
7.413661125000000000e+09	4.041636999999999834e-03	7.690610199999999702e-03
7.413663250000000000e+09	3.892115199999999879e-03	7.801056399999999925e-03
7.413665375000000000e+09	4.149014700000000153e-03	7.556852000000000187e-03
7.413667500000000000e+09	3.967400299999999935e-03	7.395157900000000166e-03
7.413669625000000000e+09	3.842939499999999814e-03	7.127302799999999695e-03
7.413671750000000000e+09	3.754935200000000112e-03	7.573153000000000003e-03
7.413673875000000000e+09	4.406130099999999890e-03	7.525239700000000212e-03
7.413676000000000000e+09	4.306651100000000350e-03	7.384103500000000105e-03
7.413678125000000000e+09	4.022671599999999570e-03	7.783847400000000125e-03
7.413680250000000000e+09	4.312166800000000362e-03	7.026333499999999795e-03
7.413682375000000000e+09	4.434824100000000005e-03	7.625588699999999789e-03
7.413684500000000000e+09	4.210546400000000043e-03	7.395890799999999855e-03
7.413686625000000000e+09	4.105249000000000051e-03	7.403234100000000324e-03
7.413688750000000000e+09	4.450315800000000099e-03	7.186518999999999720e-03
7.413690875000000000e+09	4.225220000000000017e-03	7.216446799999999898e-03
7.413693000000000000e+09	4.147266900000000020e-03	7.338422199999999895e-03
7.413695125000000000e+09	4.257207600000000036e-03	7.423034299999999898e-03
7.413697250000000000e+09	4.109682299999999587e-03	7.606165399999999938e-03
7.413699375000000000e+09	3.996692900000000347e-03	7.364100600000000364e-03
7.413701500000000000e+09	4.232949399999999876e-03	7.261758699999999907e-03
7.413703625000000000e+09	3.959188100000000238e-03	7.292750599999999958e-03
7.413705750000000000e+09	4.125558999999999997e-03	7.423016000000000163e-03
7.413707875000000000e+09	4.094628099999999930e-03	7.382423699999999742e-03
7.413710000000000000e+09	4.196671499999999645e-03	7.728295300000000145e-03
7.413712125000000000e+09	4.162637099999999882e-03	7.286688099999999967e-03
7.413714250000000000e+09	4.187541099999999954e-03	7.648521900000000012e-03
7.413716375000000000e+09	4.151345499999999598e-03	7.387602200000000126e-03
7.413718500000000000e+09	4.326312700000000365e-03	7.651719300000000071e-03
7.413720625000000000e+09	4.132039399999999814e-03	7.555509699999999988e-03
7.413722750000000000e+09	4.300685999999999745e-03	7.476111899999999567e-03
7.413724875000000000e+09	4.275325800000000231e-03	7.239134300000000036e-03
7.413727000000000000e+09	4.208359800000000331e-03	7.727398699999999711e-03
7.413729125000000000e+09	4.198675800000000076e-03	7.331118499999999920e-03
7.413731250000000000e+09	4.504992999999999671e-03	7.345665099999999954e-03
7.413733375000000000e+09	3.953609500000000027e-03	7.373572200000000181e-03
7.413735500000000000e+09	4.302135099999999934e-03	7.400365600000000099e-03
7.413737625000000000e+09	4.289184700000000378e-03	7.304775999999999804e-03
7.413739750000000000e+09	4.427854000000000165e-03	7.385445899999999904e-03
7.413741875000000000e+09	4.484619700000000257e-03	7.331683099999999897e-03
7.413744000000000000e+09	4.784205300000000244e-03	7.222221699999999828e-03
7.413746125000000000e+09	4.443847100000000369e-03	7.245643900000000269e-03
7.413748250000000000e+09	4.242228699999999603e-03	7.331060700000000159e-03
7.413750375000000000e+09	4.396920200000000410e-03	7.356629600000000151e-03
7.413752500000000000e+09	4.361440900000000155e-03	7.465448000000000396e-03
7.413754625000000000e+09	4.153189800000000112e-03	7.093810699999999678e-03
7.413756750000000000e+09	4.465071600000000349e-03	6.977876499999999781e-03
7.413758875000000000e+09	4.514642800000000407e-03	7.155583800000000355e-03
7.413761000000000000e+09	4.277419799999999592e-03	6.807154299999999825e-03
7.413763125000000000e+09	4.381387799999999881e-03	7.138733300000000073e-03
7.413765250000000000e+09	4.268764599999999750e-03	7.444171000000000295e-03
7.413767375000000000e+09	4.291732300000000028e-03	7.429718099999999686e-03
7.413769500000000000e+09	4.575794600000000420e-03	7.397639000000000124e-03
7.413771625000000000e+09	4.466603199999999614e-03	7.128475399999999705e-03
7.413773750000000000e+09	4.301127499999999812e-03	7.233499200000000073e-03
7.413775875000000000e+09	4.382656099999999999e-03	7.518201799999999803e-03
7.413778000000000000e+09	4.055275500000000283e-03	7.529489799999999726e-03
7.413780125000000000e+09	4.348158900000000278e-03	7.089264999999999976e-03
7.413782250000000000e+09	4.521627799999999690e-03	7.085545799999999790e-03
7.413784375000000000e+09	4.683348700000000177e-03	7.200638399999999793e-03
7.413786500000000000e+09	4.511702000000000247e-03	7.346822099999999849e-03
7.413788625000000000e+09	4.609248100000000285e-03	7.319643600000000014e-03
7.413790750000000000e+09	3.995136899999999699e-03	7.225450700000000254e-03
7.413792875000000000e+09	4.299414599999999871e-03	7.106192699999999696e-03
7.413795000000000000e+09	4.541126999999999837e-03	7.323182600000000333e-03
7.413797125000000000e+09	4.711181099999999650e-03	7.509201200000000138e-03
7.413799250000000000e+09	4.434840399999999926e-03	7.156202500000000133e-03
7.413801375000000000e+09	4.410165899999999618e-03	7.109426900000000160e-03
7.413803500000000000e+09	4.315821000000000067e-03	7.153852700000000280e-03
7.413805625000000000e+09	4.643190200000000233e-03	7.354268700000000415e-03
7.413807750000000000e+09	4.309601599999999914e-03	7.172521700000000083e-03
7.413809875000000000e+09	4.380741100000000096e-03	7.327440999999999642e-03
7.413812000000000000e+09	4.564239999999999790e-03	7.361261600000000224e-03
7.413814125000000000e+09	4.351415899999999844e-03	7.354417799999999651e-03
7.413816250000000000e+09	4.277218699999999971e-03	7.169204000000000201e-03
7.413818375000000000e+09	4.524617800000000148e-03	7.058669800000000327e-03
7.413820500000000000e+09	4.511461300000000132e-03	7.134543200000000203e-03
7.413822625000000000e+09	4.353230599999999804e-03	7.034808800000000306e-03
7.413824750000000000e+09	4.583661600000000363e-03	7.215673300000000241e-03
7.413826875000000000e+09	4.699619900000000239e-03	6.983691700000000009e-03
7.413829000000000000e+09	4.390464299999999841e-03	7.344848299999999844e-03
7.413831125000000000e+09	4.605848299999999729e-03	6.983002099999999907e-03
7.413833250000000000e+09	4.558442000000000223e-03	6.808848699999999962e-03
7.413835375000000000e+09	4.461825400000000129e-03	6.915791800000000399e-03
7.413837500000000000e+09	4.484784300000000008e-03	7.227215199999999576e-03
7.413839625000000000e+09	4.674494999999999865e-03	7.244078000000000149e-03
7.413841750000000000e+09	4.693414400000000056e-03	7.056729700000000105e-03
7.413843875000000000e+09	4.764747100000000200e-03	6.973628400000000081e-03
7.413846000000000000e+09	4.873477299999999859e-03	7.056686199999999583e-03
7.413848125000000000e+09	4.797093500000000274e-03	6.939860400000000089e-03
7.413850250000000000e+09	4.989086999999999689e-03	7.402132199999999704e-03
7.413852375000000000e+09	4.883342700000000390e-03	6.983800400000000214e-03
7.413854500000000000e+09	4.488990400000000131e-03	7.078587100000000368e-03
7.413856625000000000e+09	4.866559599999999673e-03	6.921117499999999804e-03
7.413858750000000000e+09	4.769369300000000401e-03	7.271676399999999624e-03
7.413860875000000000e+09	4.622300499999999930e-03	7.208309999999999891e-03
7.413863000000000000e+09	4.475580800000000109e-03	7.025919900000000134e-03
7.413865125000000000e+09	4.762626899999999712e-03	7.045809099999999700e-03
7.413867250000000000e+09	4.893757900000000188e-03	7.078264899999999783e-03
7.413869375000000000e+09	4.693787799999999885e-03	7.206746200000000054e-03
7.413871500000000000e+09	4.334544499999999807e-03	6.937515200000000069e-03
7.413873625000000000e+09	4.892357800000000229e-03	6.962032499999999680e-03
7.413875750000000000e+09	4.529603099999999702e-03	7.116162399999999798e-03
7.413877875000000000e+09	4.543450800000000366e-03	7.056669300000000325e-03
7.413880000000000000e+09	4.895357500000000091e-03	7.114914600000000165e-03
7.413882125000000000e+09	4.683089700000000327e-03	7.106700900000000390e-03
7.413884250000000000e+09	4.581504099999999732e-03	7.084115799999999609e-03
7.413886375000000000e+09	4.693165000000000010e-03	6.844155099999999804e-03
7.413888500000000000e+09	4.921499699999999991e-03	7.085569699999999700e-03
7.413890625000000000e+09	4.869225100000000063e-03	7.021905499999999897e-03
7.413892750000000000e+09	4.674921799999999690e-03	7.040911099999999992e-03
7.413894875000000000e+09	4.703990400000000044e-03	7.363818099999999874e-03
7.413897000000000000e+09	5.076632600000000398e-03	7.068895999999999860e-03
7.413899125000000000e+09	4.495862199999999843e-03	6.746583399999999710e-03
7.413901250000000000e+09	4.613472500000000143e-03	6.797281399999999772e-03
7.413903375000000000e+09	4.768684900000000337e-03	7.233207900000000051e-03
7.413905500000000000e+09	4.730331200000000014e-03	6.941410200000000356e-03
7.413907625000000000e+09	4.733683399999999951e-03	6.797992600000000302e-03
7.413909750000000000e+09	5.091932700000000207e-03	6.745839299999999671e-03
7.413911875000000000e+09	4.924311599999999997e-03	6.616132900000000136e-03
7.413914000000000000e+09	4.630847300000000104e-03	6.650391999999999762e-03
7.413916125000000000e+09	5.054916399999999713e-03	7.033055100000000330e-03
7.413918250000000000e+09	5.035761199999999778e-03	6.923406899999999878e-03
7.413920375000000000e+09	5.293389600000000111e-03	6.812209599999999830e-03
7.413922500000000000e+09	4.944410399999999914e-03	6.936535199999999818e-03
7.413924625000000000e+09	4.660866100000000088e-03	7.100264000000000228e-03
7.413926750000000000e+09	4.847194099999999582e-03	6.884794199999999705e-03
7.413928875000000000e+09	4.953903100000000420e-03	6.527953300000000070e-03
7.413931000000000000e+09	4.740668200000000033e-03	6.930384000000000370e-03
7.413933125000000000e+09	4.930076599999999587e-03	6.992834399999999992e-03
7.413935250000000000e+09	5.189322300000000221e-03	6.473004099999999685e-03
7.413937375000000000e+09	4.962501099999999839e-03	6.682404500000000032e-03
7.413939500000000000e+09	4.772278300000000126e-03	6.770338199999999945e-03
7.413941625000000000e+09	4.965361599999999938e-03	6.975402900000000211e-03
7.413943750000000000e+09	4.836295699999999809e-03	6.740119400000000281e-03
7.413945875000000000e+09	5.310550699999999624e-03	6.638879799999999713e-03
7.413948000000000000e+09	5.292377299999999687e-03	6.689802699999999706e-03
7.413950125000000000e+09	5.041845900000000401e-03	6.640762599999999911e-03
7.413952250000000000e+09	5.067306100000000188e-03	6.982043999999999750e-03
7.413954375000000000e+09	5.388317699999999912e-03	6.785106899999999823e-03
7.413956500000000000e+09	4.930998699999999610e-03	6.862327500000000267e-03
7.413958625000000000e+09	5.084495799999999913e-03	6.832257599999999771e-03
7.413960750000000000e+09	4.953550699999999946e-03	6.843323999999999588e-03
7.413962875000000000e+09	5.142904799999999631e-03	7.131593799999999712e-03
7.413965000000000000e+09	5.339174999999999824e-03	6.673799000000000224e-03
7.413967125000000000e+09	4.872330599999999574e-03	6.684909600000000368e-03
7.413969250000000000e+09	4.804675300000000107e-03	6.987210699999999580e-03
7.413971375000000000e+09	4.893897000000000351e-03	6.607136999999999906e-03
7.413973500000000000e+09	4.932287700000000281e-03	6.504494399999999690e-03
7.413975625000000000e+09	5.179786700000000264e-03	6.910356099999999911e-03
7.413977750000000000e+09	4.907527699999999875e-03	6.977025900000000287e-03
7.413979875000000000e+09	4.975261299999999588e-03	6.926371500000000347e-03
7.413982000000000000e+09	5.338637200000000312e-03	6.550706600000000095e-03
7.413984125000000000e+09	4.992509899999999883e-03	6.619091300000000226e-03
7.413986250000000000e+09	5.537533499999999602e-03	6.531125999999999945e-03
7.413988375000000000e+09	5.340505399999999868e-03	6.672506199999999991e-03
7.413990500000000000e+09	5.403905300000000182e-03	6.939405099999999653e-03
7.413992625000000000e+09	5.042633900000000231e-03	6.924266899999999975e-03
7.413994750000000000e+09	5.030032700000000058e-03	6.628679000000000168e-03
7.413996875000000000e+09	4.938186899999999664e-03	7.068912999999999586e-03
7.413999000000000000e+09	5.402372100000000371e-03	6.679730899999999916e-03
7.414001125000000000e+09	5.154800000000000181e-03	6.733434200000000015e-03
7.414003250000000000e+09	5.404450600000000084e-03	7.024695699999999876e-03
7.414005375000000000e+09	5.261377599999999578e-03	6.804119699999999771e-03
7.414007500000000000e+09	5.450289900000000395e-03	6.717674800000000140e-03
7.414009625000000000e+09	5.088165199999999597e-03	7.190369999999999748e-03
7.414011750000000000e+09	5.102284500000000070e-03	6.777447600000000016e-03
7.414013875000000000e+09	5.351203700000000361e-03	6.812519199999999588e-03
7.414016000000000000e+09	5.445457899999999775e-03	6.651907900000000179e-03
7.414018125000000000e+09	5.251973699999999863e-03	6.923638999999999662e-03
7.414020250000000000e+09	5.362661399999999606e-03	6.577279499999999848e-03
7.414022375000000000e+09	5.532276400000000170e-03	6.632301799999999574e-03
7.414024500000000000e+09	5.361161599999999909e-03	6.725412600000000261e-03
7.414026625000000000e+09	5.289197399999999959e-03	6.601245900000000250e-03
7.414028750000000000e+09	4.946423099999999740e-03	7.033403700000000376e-03
7.414030875000000000e+09	5.098883299999999903e-03	6.439463900000000178e-03
7.414033000000000000e+09	5.205893999999999973e-03	6.546626300000000370e-03
7.414035125000000000e+09	5.362219399999999803e-03	6.776815700000000074e-03
7.414037250000000000e+09	4.937651500000000103e-03	6.626335700000000363e-03
7.414039375000000000e+09	5.151753499999999972e-03	6.297799399999999895e-03
7.414041500000000000e+09	5.258340999999999710e-03	6.385183600000000209e-03
7.414043625000000000e+09	5.564231000000000212e-03	6.766618099999999886e-03
7.414045750000000000e+09	5.325477700000000141e-03	6.801207400000000222e-03
7.414047875000000000e+09	5.393903900000000112e-03	6.546543699999999959e-03
7.414050000000000000e+09	5.038222000000000186e-03	6.796401700000000330e-03
7.414052125000000000e+09	5.268629099999999968e-03	6.548029000000000349e-03
7.414054250000000000e+09	5.271757299999999848e-03	6.669613599999999788e-03
7.414056375000000000e+09	5.298986700000000126e-03	6.717243200000000414e-03
7.414058500000000000e+09	5.203494399999999617e-03	6.389609499999999824e-03
7.414060625000000000e+09	5.261955399999999720e-03	6.632349899999999930e-03
7.414062750000000000e+09	5.599930000000000359e-03	6.474582500000000164e-03
7.414064875000000000e+09	5.453735700000000158e-03	6.890012200000000114e-03
7.414067000000000000e+09	5.502504499999999812e-03	6.613607399999999782e-03
7.414069125000000000e+09	5.325561900000000230e-03	6.520711200000000284e-03
7.414071250000000000e+09	5.359800700000000306e-03	6.219056100000000184e-03
7.414073375000000000e+09	4.891613300000000053e-03	6.685341400000000163e-03
7.414075500000000000e+09	5.105345800000000121e-03	6.861284100000000080e-03
7.414077625000000000e+09	5.303996800000000331e-03	6.868780399999999814e-03
7.414079750000000000e+09	5.301426100000000176e-03	6.319110299999999847e-03
7.414081875000000000e+09	5.247192000000000349e-03	6.498214500000000157e-03
7.414084000000000000e+09	5.775799600000000068e-03	6.398145400000000184e-03
7.414086125000000000e+09	5.616993199999999881e-03	6.728841799999999568e-03
7.414088250000000000e+09	5.176354200000000266e-03	6.664171200000000052e-03
7.414090375000000000e+09	5.342894499999999679e-03	6.544849200000000221e-03
7.414092500000000000e+09	5.246950200000000293e-03	6.327496000000000162e-03
7.414094625000000000e+09	5.474990499999999628e-03	6.616426600000000109e-03
7.414096750000000000e+09	5.534416099999999936e-03	6.507482600000000401e-03
7.414098875000000000e+09	5.731898400000000164e-03	6.754698299999999621e-03
7.414101000000000000e+09	5.779672399999999724e-03	6.309628900000000158e-03
7.414103125000000000e+09	5.570564200000000139e-03	6.431215399999999811e-03
7.414105250000000000e+09	5.304012200000000378e-03	6.531366200000000323e-03
7.414107375000000000e+09	5.586533200000000365e-03	6.334045899999999826e-03
7.414109500000000000e+09	5.497387900000000154e-03	6.461747399999999593e-03
7.414111625000000000e+09	5.481779099999999592e-03	6.482288099999999713e-03
7.414113750000000000e+09	5.427872999999999726e-03	6.383111999999999814e-03
7.414115875000000000e+09	5.672820299999999961e-03	6.421866600000000237e-03
7.414118000000000000e+09	5.275003000000000331e-03	6.446843800000000117e-03
7.414120125000000000e+09	5.518276400000000047e-03	6.157881599999999803e-03
7.414122250000000000e+09	5.296259799999999615e-03	6.522555900000000066e-03
7.414124375000000000e+09	5.537281899999999674e-03	6.123937099999999904e-03
7.414126500000000000e+09	5.304269099999999945e-03	6.344655200000000328e-03
7.414128625000000000e+09	5.527616600000000158e-03	6.398339599999999620e-03
7.414130750000000000e+09	5.599695499999999757e-03	6.506401900000000071e-03
7.414132875000000000e+09	5.067404699999999984e-03	6.196487999999999996e-03
7.414135000000000000e+09	5.598235899999999890e-03	6.344638300000000203e-03
7.414137125000000000e+09	5.669750999999999784e-03	6.231345600000000318e-03
7.414139250000000000e+09	5.737562800000000143e-03	6.244420799999999931e-03
7.414141375000000000e+09	5.083898600000000094e-03	6.223803499999999711e-03
7.414143500000000000e+09	5.711731599999999610e-03	6.411213300000000344e-03
7.414145625000000000e+09	5.619208399999999805e-03	6.382714400000000406e-03
7.414147750000000000e+09	5.777687000000000100e-03	6.507305399999999823e-03
7.414149875000000000e+09	5.465936499999999969e-03	6.319593400000000222e-03
7.414152000000000000e+09	5.496296900000000214e-03	6.205495400000000245e-03
7.414154125000000000e+09	5.405527000000000248e-03	6.055667399999999957e-03
7.414156250000000000e+09	5.678295300000000406e-03	6.238886600000000116e-03
7.414158375000000000e+09	5.629956499999999933e-03	6.167002500000000158e-03
7.414160500000000000e+09	5.477776400000000309e-03	6.232950600000000327e-03
7.414162625000000000e+09	5.535139399999999821e-03	6.607583900000000079e-03
7.414164750000000000e+09	5.402364100000000245e-03	6.698432500000000428e-03
7.414166875000000000e+09	5.416360299999999940e-03	6.499452099999999781e-03
7.414169000000000000e+09	5.339932200000000427e-03	6.213010100000000181e-03
7.414171125000000000e+09	5.550600499999999889e-03	5.929352799999999986e-03
7.414173250000000000e+09	5.413061900000000135e-03	6.103449500000000111e-03
7.414175375000000000e+09	5.572604000000000099e-03	6.213838000000000174e-03
7.414177500000000000e+09	5.713985300000000087e-03	6.437881900000000206e-03
7.414179625000000000e+09	5.431520700000000250e-03	6.066614799999999960e-03
7.414181750000000000e+09	5.265892599999999653e-03	5.880299700000000095e-03
7.414183875000000000e+09	5.579480000000000377e-03	6.090034599999999583e-03
7.414186000000000000e+09	5.792427999999999640e-03	6.382472600000000350e-03
7.414188125000000000e+09	5.526009299999999798e-03	6.323797100000000393e-03
7.414190250000000000e+09	5.602386499999999735e-03	6.080689900000000106e-03
7.414192375000000000e+09	5.752702799999999568e-03	6.135171299999999696e-03
7.414194500000000000e+09	5.681032699999999727e-03	6.252946700000000350e-03
7.414196625000000000e+09	5.842788899999999674e-03	6.203715700000000076e-03
7.414198750000000000e+09	5.770334499999999964e-03	6.342705700000000370e-03
7.414200875000000000e+09	5.706608600000000371e-03	6.310570199999999789e-03
7.414203000000000000e+09	5.630766199999999791e-03	6.333796200000000112e-03
7.414205125000000000e+09	6.094637499999999708e-03	6.261996700000000381e-03
7.414207250000000000e+09	5.978291600000000365e-03	6.056033500000000333e-03
7.414209375000000000e+09	5.721080100000000383e-03	6.022872200000000363e-03
7.414211500000000000e+09	5.746033000000000217e-03	6.084778699999999693e-03
7.414213625000000000e+09	5.772099900000000026e-03	6.175600300000000376e-03
7.414215750000000000e+09	5.634641999999999602e-03	5.893868299999999692e-03
7.414217875000000000e+09	5.893819500000000398e-03	6.210762300000000416e-03
7.414220000000000000e+09	5.788999199999999602e-03	5.963859099999999774e-03
7.414222125000000000e+09	5.642163399999999655e-03	6.201428499999999885e-03
7.414224250000000000e+09	6.036993800000000319e-03	6.438700099999999926e-03
7.414226375000000000e+09	5.597091600000000423e-03	6.217173900000000190e-03
7.414228500000000000e+09	5.843439199999999820e-03	6.071502700000000127e-03
7.414230625000000000e+09	5.924041100000000150e-03	5.980913000000000028e-03
7.414232750000000000e+09	5.862779400000000390e-03	6.348157400000000242e-03
7.414234875000000000e+09	5.952160399999999879e-03	6.048785899999999972e-03
7.414237000000000000e+09	5.733527500000000152e-03	6.141698400000000259e-03
7.414239125000000000e+09	5.844040400000000135e-03	5.846676000000000303e-03
7.414241250000000000e+09	6.131034700000000288e-03	6.003955299999999724e-03
7.414243375000000000e+09	5.909705900000000213e-03	6.153653599999999585e-03
7.414245500000000000e+09	6.051281199999999569e-03	5.942326599999999716e-03
7.414247625000000000e+09	5.993406399999999870e-03	5.935265399999999601e-03
7.414249750000000000e+09	5.793115700000000395e-03	6.315477300000000432e-03
7.414251875000000000e+09	5.833019000000000051e-03	6.350871499999999857e-03
7.414254000000000000e+09	5.978159299999999919e-03	6.419142499999999814e-03
7.414256125000000000e+09	5.657274799999999736e-03	6.044583600000000279e-03
7.414258250000000000e+09	5.923511900000000101e-03	6.144833799999999992e-03
7.414260375000000000e+09	5.840018699999999577e-03	5.868940100000000042e-03
7.414262500000000000e+09	5.848149399999999672e-03	6.112518100000000412e-03
7.414264625000000000e+09	5.795833400000000371e-03	6.054066999999999782e-03
7.414266750000000000e+09	5.559642800000000329e-03	6.262205899999999728e-03
7.414268875000000000e+09	5.767234599999999760e-03	5.930623000000000318e-03
7.414271000000000000e+09	5.868401599999999857e-03	5.899117300000000265e-03
7.414273125000000000e+09	5.971616899999999777e-03	5.935530399999999762e-03
7.414275250000000000e+09	5.793294299999999716e-03	5.772696199999999972e-03
7.414277375000000000e+09	6.056053799999999883e-03	5.894583899999999987e-03
7.414279500000000000e+09	5.864348299999999799e-03	6.142283099999999718e-03
7.414281625000000000e+09	5.794931100000000161e-03	5.802060900000000250e-03
7.414283750000000000e+09	5.794492899999999919e-03	5.934648199999999901e-03
7.414285875000000000e+09	5.992641400000000076e-03	5.845992700000000181e-03
7.414288000000000000e+09	5.983189499999999605e-03	5.803518599999999902e-03
7.414290125000000000e+09	5.822045900000000392e-03	6.000134600000000054e-03
7.414292250000000000e+09	5.788596899999999892e-03	5.990858699999999752e-03
7.414294375000000000e+09	6.452539499999999928e-03	5.937590100000000003e-03
7.414296500000000000e+09	5.835953199999999695e-03	6.033877699999999795e-03
7.414298625000000000e+09	6.137461700000000110e-03	5.853653000000000328e-03
7.414300750000000000e+09	5.937609200000000011e-03	5.899706900000000094e-03
7.414302875000000000e+09	6.067673099999999591e-03	5.800008799999999999e-03
7.414305000000000000e+09	6.167720699999999605e-03	6.024141799999999623e-03
7.414307125000000000e+09	6.018043300000000366e-03	6.176884100000000141e-03
7.414309250000000000e+09	6.085122099999999701e-03	5.831641799999999660e-03
7.414311375000000000e+09	5.999769200000000351e-03	5.780742000000000172e-03
7.414313500000000000e+09	6.073269200000000131e-03	5.686095500000000122e-03
7.414315625000000000e+09	6.074266299999999709e-03	6.059925600000000065e-03
7.414317750000000000e+09	6.066634300000000105e-03	5.565326199999999848e-03
7.414319875000000000e+09	6.281896999999999828e-03	6.097328200000000017e-03
7.414322000000000000e+09	5.862186299999999801e-03	5.887113099999999842e-03
7.414324125000000000e+09	6.248067199999999578e-03	6.054638799999999613e-03
7.414326250000000000e+09	6.021927300000000371e-03	5.734479800000000065e-03
7.414328375000000000e+09	5.751889999999999954e-03	6.175094300000000432e-03
7.414330500000000000e+09	5.969605499999999960e-03	5.746688100000000264e-03
7.414332625000000000e+09	6.215251599999999967e-03	5.883070599999999997e-03
7.414334750000000000e+09	6.244834299999999991e-03	5.988801400000000330e-03
7.414336875000000000e+09	5.953640300000000163e-03	5.778181299999999958e-03
7.414339000000000000e+09	6.297172200000000254e-03	6.123954200000000098e-03
7.414341125000000000e+09	6.165915600000000316e-03	5.803939000000000147e-03
7.414343250000000000e+09	6.033680199999999667e-03	5.628474900000000371e-03
7.414345375000000000e+09	6.221619700000000086e-03	5.980544200000000032e-03
7.414347500000000000e+09	6.030270600000000106e-03	6.025998500000000029e-03
7.414349625000000000e+09	5.921452199999999860e-03	6.118866700000000387e-03
7.414351750000000000e+09	6.311131600000000411e-03	5.559695800000000188e-03
7.414353875000000000e+09	6.317656700000000292e-03	5.944005599999999806e-03
7.414356000000000000e+09	6.162436299999999971e-03	5.742645700000000020e-03
7.414358125000000000e+09	5.930601700000000427e-03	5.887533999999999823e-03
7.414360250000000000e+09	6.280071299999999586e-03	6.042384100000000070e-03
7.414362375000000000e+09	6.421307599999999567e-03	5.597963499999999808e-03
7.414364500000000000e+09	6.213327499999999996e-03	5.597660499999999699e-03
7.414366625000000000e+09	6.192794500000000334e-03	5.677087400000000068e-03
7.414368750000000000e+09	6.122518000000000404e-03	5.510412299999999791e-03
7.414370875000000000e+09	6.119110100000000121e-03	5.722141000000000033e-03
7.414373000000000000e+09	6.060115700000000272e-03	5.813749699999999805e-03
7.414375125000000000e+09	6.440335800000000430e-03	5.802297599999999868e-03
7.414377250000000000e+09	6.261330100000000315e-03	5.838340899999999896e-03
7.414379375000000000e+09	6.178574899999999918e-03	5.686435299999999769e-03
7.414381500000000000e+09	6.021451100000000181e-03	5.560899299999999892e-03
7.414383625000000000e+09	6.285787900000000018e-03	5.793920499999999883e-03
7.414385750000000000e+09	6.060659599999999696e-03	5.555743099999999740e-03
7.414387875000000000e+09	6.382864000000000246e-03	5.714377799999999924e-03
7.414390000000000000e+09	6.103453099999999604e-03	5.416865600000000079e-03
7.414392125000000000e+09	6.729406099999999877e-03	5.814191100000000272e-03
7.414394250000000000e+09	6.510725799999999598e-03	5.542870200000000157e-03
7.414396375000000000e+09	6.140091399999999568e-03	5.722175300000000020e-03
7.414398500000000000e+09	6.575924099999999953e-03	5.845320000000000203e-03
7.414400625000000000e+09	6.630810099999999603e-03	5.720733700000000220e-03
7.414402750000000000e+09	6.168746400000000261e-03	5.531586300000000331e-03
7.414404875000000000e+09	5.841559599999999845e-03	5.778105199999999594e-03
7.414407000000000000e+09	6.221603600000000234e-03	5.586160700000000409e-03
7.414409125000000000e+09	6.346985900000000173e-03	5.267839199999999923e-03
7.414411250000000000e+09	6.439722400000000291e-03	5.506110199999999892e-03
7.414413375000000000e+09	6.263516700000000027e-03	5.401225899999999823e-03
7.414415500000000000e+09	6.468031499999999691e-03	5.726992900000000067e-03
7.414417625000000000e+09	6.139476700000000287e-03	5.730204699999999832e-03
7.414419750000000000e+09	6.353161599999999735e-03	5.720401899999999831e-03
7.414421875000000000e+09	6.448764800000000331e-03	5.384668599999999777e-03
7.414424000000000000e+09	6.403966599999999856e-03	5.976665899999999802e-03
7.414426125000000000e+09	6.555027599999999934e-03	5.136737100000000195e-03
7.414428250000000000e+09	6.082625999999999832e-03	5.536891099999999982e-03
7.414430375000000000e+09	6.505576400000000030e-03	5.425625400000000029e-03
7.414432500000000000e+09	6.244662500000000387e-03	5.199692399999999819e-03
7.414434625000000000e+09	6.532673099999999726e-03	5.533947600000000203e-03
7.414436750000000000e+09	6.427016300000000341e-03	5.594767900000000363e-03
7.414438875000000000e+09	6.281161500000000120e-03	5.607763299999999652e-03
7.414441000000000000e+09	6.368127599999999673e-03	5.561986900000000407e-03
7.414443125000000000e+09	6.245740300000000161e-03	5.469628500000000421e-03
7.414445250000000000e+09	6.716926300000000336e-03	5.467476700000000432e-03
7.414447375000000000e+09	6.435033700000000398e-03	5.386237299999999985e-03
7.414449500000000000e+09	6.300663800000000023e-03	5.774676099999999888e-03
7.414451625000000000e+09	6.682201799999999865e-03	5.404890100000000336e-03
7.414453750000000000e+09	6.431206000000000075e-03	5.648771900000000221e-03
7.414455875000000000e+09	6.251931999999999975e-03	5.205451500000000432e-03
7.414458000000000000e+09	6.188306900000000062e-03	5.067115500000000244e-03
7.414460125000000000e+09	5.956368899999999952e-03	5.369468700000000309e-03
7.414462250000000000e+09	6.561376399999999977e-03	5.866698699999999857e-03
7.414464375000000000e+09	6.327995900000000194e-03	5.390354800000000252e-03
7.414466500000000000e+09	6.047430000000000340e-03	5.452467100000000372e-03
7.414468625000000000e+09	6.333213899999999737e-03	5.157311399999999629e-03
7.414470750000000000e+09	6.263293100000000106e-03	5.328779199999999702e-03
7.414472875000000000e+09	6.355448999999999994e-03	5.330065699999999955e-03
7.414475000000000000e+09	6.234598600000000254e-03	5.400909300000000281e-03
7.414477125000000000e+09	6.218306199999999902e-03	5.239910599999999738e-03
7.414479250000000000e+09	6.427522100000000217e-03	5.533207000000000056e-03
7.414481375000000000e+09	6.762550299999999653e-03	5.169785799999999931e-03
7.414483500000000000e+09	6.627098500000000274e-03	5.329138899999999630e-03
7.414485625000000000e+09	6.088901300000000398e-03	5.418421300000000190e-03
7.414487750000000000e+09	6.285475100000000037e-03	5.419638099999999660e-03
7.414489875000000000e+09	6.347262000000000216e-03	5.263086000000000153e-03
7.414492000000000000e+09	6.465082999999999941e-03	5.392303000000000200e-03
7.414494125000000000e+09	6.348197300000000404e-03	5.235578299999999949e-03
7.414496250000000000e+09	6.649445300000000024e-03	5.117013200000000185e-03
7.414498375000000000e+09	6.265673999999999723e-03	5.053007400000000121e-03
7.414500500000000000e+09	6.085770699999999700e-03	5.366728900000000170e-03
7.414502625000000000e+09	6.134111200000000319e-03	5.437063699999999597e-03
7.414504750000000000e+09	6.739935699999999655e-03	5.395011400000000040e-03
7.414506875000000000e+09	6.760999000000000175e-03	5.412920100000000352e-03
7.414509000000000000e+09	6.440257799999999852e-03	5.464180600000000110e-03
7.414511125000000000e+09	6.567073599999999865e-03	5.123057399999999574e-03
7.414513250000000000e+09	6.205866200000000055e-03	5.361491000000000347e-03
7.414515375000000000e+09	6.575786600000000336e-03	5.043933700000000249e-03
7.414517500000000000e+09	6.525886699999999645e-03	5.203977599999999593e-03
7.414519625000000000e+09	6.538670499999999636e-03	5.294547999999999616e-03
7.414521750000000000e+09	6.569261699999999655e-03	5.194687400000000052e-03
7.414523875000000000e+09	6.273880499999999645e-03	4.880379100000000261e-03
7.414526000000000000e+09	6.503497599999999781e-03	5.370435300000000328e-03
7.414528125000000000e+09	6.583821299999999786e-03	5.072269299999999578e-03
7.414530250000000000e+09	6.503011700000000186e-03	5.794157799999999706e-03
7.414532375000000000e+09	6.483219600000000339e-03	5.149811500000000403e-03
7.414534500000000000e+09	6.750732100000000208e-03	5.122685600000000290e-03
7.414536625000000000e+09	6.569466799999999773e-03	5.253330300000000168e-03
7.414538750000000000e+09	6.614572899999999860e-03	4.731269199999999821e-03
7.414540875000000000e+09	6.479715599999999812e-03	5.088423800000000177e-03
7.414543000000000000e+09	6.510713700000000242e-03	5.168493399999999835e-03
7.414545125000000000e+09	6.726948100000000423e-03	5.255469599999999797e-03
7.414547250000000000e+09	6.532974300000000088e-03	5.027994400000000176e-03
7.414549375000000000e+09	6.709672899999999732e-03	4.982509399999999686e-03
7.414551500000000000e+09	6.584355299999999737e-03	5.136379800000000218e-03
7.414553625000000000e+09	6.467694799999999800e-03	5.033173400000000297e-03
7.414555750000000000e+09	6.671622700000000121e-03	5.387277900000000085e-03
7.414557875000000000e+09	6.397328400000000005e-03	5.149888200000000103e-03
7.414560000000000000e+09	6.462766899999999870e-03	5.097025300000000356e-03
7.414562125000000000e+09	6.544043700000000061e-03	4.921840299999999911e-03
7.414564250000000000e+09	6.357922299999999895e-03	5.008614399999999911e-03
7.414566375000000000e+09	6.644544300000000160e-03	5.205753399999999732e-03
7.414568500000000000e+09	6.616577200000000290e-03	5.433544700000000026e-03
7.414570625000000000e+09	6.613721700000000162e-03	5.514977800000000173e-03
7.414572750000000000e+09	6.721924599999999986e-03	4.775817699999999714e-03
7.414574875000000000e+09	6.517566199999999879e-03	4.961896099999999962e-03
7.414577000000000000e+09	6.749323100000000249e-03	5.164635899999999759e-03
7.414579125000000000e+09	6.494744099999999812e-03	5.100380100000000312e-03
7.414581250000000000e+09	6.547482599999999639e-03	5.241726099999999972e-03
7.414583375000000000e+09	6.560752100000000024e-03	5.127193000000000375e-03
7.414585500000000000e+09	6.740514900000000274e-03	5.085721900000000385e-03
7.414587625000000000e+09	6.616167699999999860e-03	4.821195500000000078e-03
7.414589750000000000e+09	6.530371600000000297e-03	5.424867800000000156e-03
7.414591875000000000e+09	6.891863600000000013e-03	4.952550499999999745e-03
7.414594000000000000e+09	6.430187599999999740e-03	4.944698699999999780e-03
7.414596125000000000e+09	6.493076000000000403e-03	5.386994800000000257e-03
7.414598250000000000e+09	6.827806100000000100e-03	4.931760999999999784e-03
7.414600375000000000e+09	6.626797599999999580e-03	4.681275099999999967e-03
7.414602500000000000e+09	6.780620799999999629e-03	4.822333699999999633e-03
7.414604625000000000e+09	6.440169299999999597e-03	5.286868499999999860e-03
7.414606750000000000e+09	6.903422900000000077e-03	4.909531100000000432e-03
7.414608875000000000e+09	6.458184199999999694e-03	5.013026599999999625e-03
7.414611000000000000e+09	6.314334599999999777e-03	4.930630600000000287e-03
7.414613125000000000e+09	6.865784899999999649e-03	4.964951500000000170e-03
7.414615250000000000e+09	6.720670300000000305e-03	5.051832800000000297e-03
7.414617375000000000e+09	6.869143099999999898e-03	5.292578000000000039e-03
7.414619500000000000e+09	6.764764399999999636e-03	4.703108200000000183e-03
7.414621625000000000e+09	6.908402999999999593e-03	4.972305899999999654e-03
7.414623750000000000e+09	6.713878000000000380e-03	4.876603000000000188e-03
7.414625875000000000e+09	6.716272599999999898e-03	4.927423499999999956e-03
7.414628000000000000e+09	6.754297400000000388e-03	5.124620199999999938e-03
7.414630125000000000e+09	6.556473799999999567e-03	5.192086999999999744e-03
7.414632250000000000e+09	6.972336400000000121e-03	4.534645599999999679e-03
7.414634375000000000e+09	6.677073199999999584e-03	4.622287299999999766e-03
7.414636500000000000e+09	7.052878999999999746e-03	4.976091999999999668e-03
7.414638625000000000e+09	6.431048699999999778e-03	5.112913299999999849e-03
7.414640750000000000e+09	6.905734900000000051e-03	5.021154899999999768e-03
7.414642875000000000e+09	6.629303599999999790e-03	4.823893200000000173e-03
7.414645000000000000e+09	6.667478000000000120e-03	4.868919000000000198e-03
7.414647125000000000e+09	6.834727100000000111e-03	4.791784299999999990e-03
7.414649250000000000e+09	6.616311799999999993e-03	4.971827300000000380e-03
7.414651375000000000e+09	6.678146000000000256e-03	4.447897900000000009e-03
7.414653500000000000e+09	6.738219800000000426e-03	4.934270000000000149e-03
7.414655625000000000e+09	7.036793700000000193e-03	4.707604100000000250e-03
7.414657750000000000e+09	6.968375399999999879e-03	4.544573300000000204e-03
7.414659875000000000e+09	6.657819500000000321e-03	4.698785999999999935e-03
7.414662000000000000e+09	6.758115799999999708e-03	4.771734799999999971e-03
7.414664125000000000e+09	6.833366100000000040e-03	4.684995699999999763e-03
7.414666250000000000e+09	6.837092300000000011e-03	4.677894600000000354e-03
7.414668375000000000e+09	6.615999600000000216e-03	4.696796199999999678e-03
7.414670500000000000e+09	6.767394999999999834e-03	4.859119200000000353e-03
7.414672625000000000e+09	6.952892799999999852e-03	4.581188600000000131e-03
7.414674750000000000e+09	7.089567599999999949e-03	4.790126500000000190e-03
7.414676875000000000e+09	6.895500399999999856e-03	4.924410599999999930e-03
7.414679000000000000e+09	6.887000300000000429e-03	4.470728799999999607e-03
7.414681125000000000e+09	7.041174300000000406e-03	4.820246999999999726e-03
7.414683250000000000e+09	6.868721700000000180e-03	4.850986499999999577e-03
7.414685375000000000e+09	6.636265300000000235e-03	4.670816999999999851e-03
7.414687500000000000e+09	6.891053999999999756e-03	4.388286400000000059e-03
7.414689625000000000e+09	7.000566199999999802e-03	4.803070700000000234e-03
7.414691750000000000e+09	6.759417999999999677e-03	4.477541199999999881e-03
7.414693875000000000e+09	6.943095800000000095e-03	4.649342100000000352e-03
7.414696000000000000e+09	6.662234700000000190e-03	4.720948200000000053e-03
7.414698125000000000e+09	6.853655799999999569e-03	4.769551500000000083e-03
7.414700250000000000e+09	7.072991600000000031e-03	4.759491599999999580e-03
7.414702375000000000e+09	7.067010500000000042e-03	4.830501000000000066e-03
7.414704500000000000e+09	6.610546600000000335e-03	4.672581000000000304e-03
7.414706625000000000e+09	7.129652900000000085e-03	4.480607900000000039e-03
7.414708750000000000e+09	7.117141799999999845e-03	4.303256800000000368e-03
7.414710875000000000e+09	7.207607999999999897e-03	4.904540800000000041e-03
7.414713000000000000e+09	7.068027400000000300e-03	4.404613400000000067e-03
7.414715125000000000e+09	7.111085100000000096e-03	4.602821499999999733e-03
7.414717250000000000e+09	6.850783800000000319e-03	4.368210400000000111e-03
7.414719375000000000e+09	7.130709600000000037e-03	4.627687699999999925e-03
7.414721500000000000e+09	6.909544600000000307e-03	4.745099899999999891e-03
7.414723625000000000e+09	6.629620800000000404e-03	4.481706499999999968e-03
7.414725750000000000e+09	7.100187400000000128e-03	4.384880100000000322e-03
7.414727875000000000e+09	6.626185300000000250e-03	4.712624900000000200e-03
7.414730000000000000e+09	7.129167700000000295e-03	4.411377799999999585e-03
7.414732125000000000e+09	7.005955999999999816e-03	4.493043999999999857e-03
7.414734250000000000e+09	6.783917900000000292e-03	4.639371699999999578e-03
7.414736375000000000e+09	7.007988799999999990e-03	4.602382500000000085e-03
7.414738500000000000e+09	6.903621500000000147e-03	4.679943899999999650e-03
7.414740625000000000e+09	7.202684600000000201e-03	4.343409300000000001e-03
7.414742750000000000e+09	6.894812499999999900e-03	4.453802700000000434e-03
7.414744875000000000e+09	6.901907199999999729e-03	4.564555799999999927e-03
7.414747000000000000e+09	6.912216300000000209e-03	4.431379099999999648e-03
7.414749125000000000e+09	7.066190099999999572e-03	4.318015300000000237e-03
7.414751250000000000e+09	7.071923800000000197e-03	4.636391000000000123e-03
7.414753375000000000e+09	6.984741800000000313e-03	4.520538699999999965e-03
7.414755500000000000e+09	6.857062700000000378e-03	4.372615100000000303e-03
7.414757625000000000e+09	7.112110599999999817e-03	4.363923599999999792e-03
7.414759750000000000e+09	6.879914099999999595e-03	4.524561499999999598e-03
7.414761875000000000e+09	6.950498099999999867e-03	4.562539800000000277e-03
7.414764000000000000e+09	7.212993800000000282e-03	4.241198800000000116e-03
7.414766125000000000e+09	7.107231399999999581e-03	4.430927399999999572e-03
7.414768250000000000e+09	6.900003400000000175e-03	4.319981399999999784e-03
7.414770375000000000e+09	7.287883099999999809e-03	4.872960699999999770e-03
7.414772500000000000e+09	7.088604299999999754e-03	4.249201400000000330e-03
7.414774625000000000e+09	7.088532100000000287e-03	4.536307600000000044e-03
7.414776750000000000e+09	7.105446199999999705e-03	4.436101999999999927e-03
7.414778875000000000e+09	7.255465899999999878e-03	4.518227500000000264e-03
7.414781000000000000e+09	6.973505900000000375e-03	4.442453899999999727e-03
7.414783125000000000e+09	6.788127500000000307e-03	4.291095899999999852e-03
7.414785250000000000e+09	7.012337500000000168e-03	4.355707999999999802e-03
7.414787375000000000e+09	7.585733100000000353e-03	4.418247000000000146e-03
7.414789500000000000e+09	6.976251499999999890e-03	4.056342800000000380e-03
7.414791625000000000e+09	7.051867800000000130e-03	4.406413500000000254e-03
7.414793750000000000e+09	7.197244600000000415e-03	4.296571699999999702e-03
7.414795875000000000e+09	7.126333700000000125e-03	4.288777500000000298e-03
7.414798000000000000e+09	6.929035499999999792e-03	4.376223500000000002e-03
7.414800125000000000e+09	6.753342300000000388e-03	4.573165500000000300e-03
7.414802250000000000e+09	7.323519199999999757e-03	4.382993100000000426e-03
7.414804375000000000e+09	7.154541300000000041e-03	4.203066999999999567e-03
7.414806500000000000e+09	7.266340700000000277e-03	4.124802099999999930e-03
7.414808625000000000e+09	7.344863499999999823e-03	4.324739600000000392e-03
7.414810750000000000e+09	7.026181500000000003e-03	4.385646899999999862e-03
7.414812875000000000e+09	6.952042200000000359e-03	4.055974300000000053e-03
7.414815000000000000e+09	7.044132199999999892e-03	4.265417500000000250e-03
7.414817125000000000e+09	7.053300900000000068e-03	4.639936699999999692e-03
7.414819250000000000e+09	6.979701199999999682e-03	4.340737699999999699e-03
7.414821375000000000e+09	7.110595800000000209e-03	3.996900500000000016e-03
7.414823500000000000e+09	7.496904100000000015e-03	4.483370900000000284e-03
7.414825625000000000e+09	7.388263100000000416e-03	4.579765599999999735e-03
7.414827750000000000e+09	7.153063599999999640e-03	4.323926100000000106e-03
7.414829875000000000e+09	6.998598200000000040e-03	4.329384900000000230e-03
7.414832000000000000e+09	7.326925100000000225e-03	3.990415500000000365e-03
7.414834125000000000e+09	7.540845400000000150e-03	4.197754399999999858e-03
7.414836250000000000e+09	7.017909899999999999e-03	4.015897200000000111e-03
7.414838375000000000e+09	7.112826400000000181e-03	4.107343599999999616e-03
7.414840500000000000e+09	7.082473399999999857e-03	4.147348700000000159e-03
7.414842625000000000e+09	7.462692299999999605e-03	3.992218700000000307e-03
7.414844750000000000e+09	7.349582300000000006e-03	4.032340899999999582e-03
7.414846875000000000e+09	7.441724700000000060e-03	4.185015700000000068e-03
7.414849000000000000e+09	7.092498400000000168e-03	4.374977000000000379e-03
7.414851125000000000e+09	7.436331200000000086e-03	4.049020900000000270e-03
7.414853250000000000e+09	7.702404700000000173e-03	3.830993899999999858e-03
7.414855375000000000e+09	7.091237599999999572e-03	3.976278300000000293e-03
7.414857500000000000e+09	7.132010599999999596e-03	4.048359199999999707e-03
7.414859625000000000e+09	7.042439799999999570e-03	3.878709199999999784e-03
7.414861750000000000e+09	6.991055999999999833e-03	4.030200799999999681e-03
7.414863875000000000e+09	7.367635699999999788e-03	4.160322800000000425e-03
7.414866000000000000e+09	7.181773800000000076e-03	4.187400499999999713e-03
7.414868125000000000e+09	7.159029199999999982e-03	4.311060799999999645e-03
7.414870250000000000e+09	7.239856000000000243e-03	4.147031699999999613e-03
7.414872375000000000e+09	7.114749600000000278e-03	4.227905199999999752e-03
7.414874500000000000e+09	7.272353100000000098e-03	3.895964200000000092e-03
7.414876625000000000e+09	7.466177000000000057e-03	3.934158899999999973e-03
7.414878750000000000e+09	7.278729700000000080e-03	4.071909000000000292e-03
7.414880875000000000e+09	7.493750900000000284e-03	3.989264499999999915e-03
7.414883000000000000e+09	7.277905900000000185e-03	3.929347300000000237e-03
7.414885125000000000e+09	7.065686699999999647e-03	4.041285300000000032e-03
7.414887250000000000e+09	7.265210000000000244e-03	4.040743299999999955e-03
7.414889375000000000e+09	7.462774499999999880e-03	3.921049200000000304e-03
7.414891500000000000e+09	7.489154900000000344e-03	3.940327500000000149e-03
7.414893625000000000e+09	7.319510300000000094e-03	4.062750000000000389e-03
7.414895750000000000e+09	7.300275699999999972e-03	3.871131999999999785e-03
7.414897875000000000e+09	7.659014900000000320e-03	3.678215600000000075e-03
7.414900000000000000e+09	7.020010900000000012e-03	4.000571300000000177e-03
7.414902125000000000e+09	7.138520500000000366e-03	3.642579899999999829e-03
7.414904250000000000e+09	7.277705399999999901e-03	4.062711400000000236e-03
7.414906375000000000e+09	7.276980199999999802e-03	4.146075699999999739e-03
7.414908500000000000e+09	7.319873600000000383e-03	4.071784000000000167e-03
7.414910625000000000e+09	7.002548499999999669e-03	3.974937999999999909e-03
7.414912750000000000e+09	7.209318499999999887e-03	3.774189199999999911e-03
7.414914875000000000e+09	7.061328700000000201e-03	3.935648800000000197e-03
7.414917000000000000e+09	7.163286199999999680e-03	3.782501199999999814e-03
7.414919125000000000e+09	7.463037999999999964e-03	3.829600700000000083e-03
7.414921250000000000e+09	7.428435899999999599e-03	3.725314700000000208e-03
7.414923375000000000e+09	7.220268999999999646e-03	4.204429800000000252e-03
7.414925500000000000e+09	7.396296200000000189e-03	3.845201899999999787e-03
7.414927625000000000e+09	7.281722800000000294e-03	3.714917800000000145e-03
7.414929750000000000e+09	7.183104499999999788e-03	3.894249399999999937e-03
7.414931875000000000e+09	7.764449100000000124e-03	3.634504700000000012e-03
7.414934000000000000e+09	7.465815599999999982e-03	4.002602600000000274e-03
7.414936125000000000e+09	7.126475699999999976e-03	3.781107299999999800e-03
7.414938250000000000e+09	7.618626400000000007e-03	3.617187999999999914e-03
7.414940375000000000e+09	7.705198400000000045e-03	3.533871200000000129e-03
7.414942500000000000e+09	7.307442100000000398e-03	3.989704900000000040e-03
7.414944625000000000e+09	7.647834800000000328e-03	3.663605400000000036e-03
7.414946750000000000e+09	7.287558199999999604e-03	3.768981399999999943e-03
7.414948875000000000e+09	7.368401000000000117e-03	3.508978500000000007e-03
7.414951000000000000e+09	7.408260899999999718e-03	3.893362300000000140e-03
7.414953125000000000e+09	7.056864900000000239e-03	3.765019899999999965e-03
7.414955250000000000e+09	7.390875499999999612e-03	3.831933000000000041e-03
7.414957375000000000e+09	7.216780699999999701e-03	4.052431900000000309e-03
7.414959500000000000e+09	7.589049999999999963e-03	3.702023500000000203e-03
7.414961625000000000e+09	7.416763500000000432e-03	3.666927300000000049e-03
7.414963750000000000e+09	7.221388700000000264e-03	3.841278400000000190e-03
7.414965875000000000e+09	7.355665600000000151e-03	3.386639299999999984e-03
7.414968000000000000e+09	7.217091499999999868e-03	3.443925000000000024e-03
7.414970125000000000e+09	7.758449399999999864e-03	3.821864300000000006e-03
7.414972250000000000e+09	7.415677100000000327e-03	3.598586899999999845e-03
7.414974375000000000e+09	7.530786299999999919e-03	3.792113499999999904e-03
7.414976500000000000e+09	7.144996899999999686e-03	3.301446999999999889e-03
7.414978625000000000e+09	7.711133700000000028e-03	3.582453099999999800e-03
7.414980750000000000e+09	7.368275900000000392e-03	3.930154299999999608e-03
7.414982875000000000e+09	7.547450300000000355e-03	3.629266700000000154e-03
7.414985000000000000e+09	7.182803500000000362e-03	3.464618999999999945e-03
7.414987125000000000e+09	7.665634499999999900e-03	3.600719000000000055e-03
7.414989250000000000e+09	7.199850199999999895e-03	3.827882600000000104e-03
7.414991375000000000e+09	7.574826199999999850e-03	3.529471900000000044e-03
7.414993500000000000e+09	7.474261299999999941e-03	3.116172099999999986e-03
7.414995625000000000e+09	7.426733399999999735e-03	3.580342099999999847e-03
7.414997750000000000e+09	7.191400300000000238e-03	3.687781900000000092e-03
7.414999875000000000e+09	7.959060000000000440e-03	3.341325799999999863e-03
7.415002000000000000e+09	7.420070800000000237e-03	3.451966500000000059e-03
7.415004125000000000e+09	7.468094800000000047e-03	3.653413600000000091e-03
7.415006250000000000e+09	7.027358299999999711e-03	3.716841099999999842e-03
7.415008375000000000e+09	7.307128700000000213e-03	3.221136500000000048e-03
7.415010500000000000e+09	7.292114199999999782e-03	3.701736900000000049e-03
7.415012625000000000e+09	7.573689300000000305e-03	3.586346700000000044e-03
7.415014750000000000e+09	7.172945499999999752e-03	3.820185499999999984e-03
7.415016875000000000e+09	7.371239600000000121e-03	3.538775999999999988e-03
7.415019000000000000e+09	7.455619600000000340e-03	3.376973299999999796e-03
7.415021125000000000e+09	7.329303100000000154e-03	3.476626899999999895e-03
7.415023250000000000e+09	7.600339799999999632e-03	3.505251500000000197e-03
7.415025375000000000e+09	7.406787300000000282e-03	3.794172000000000169e-03
7.415027500000000000e+09	7.586461400000000209e-03	3.369678899999999956e-03
7.415029625000000000e+09	7.859416799999999551e-03	3.433327999999999814e-03
7.415031750000000000e+09	7.243290900000000192e-03	3.396646200000000195e-03
7.415033875000000000e+09	7.358268900000000147e-03	3.478002999999999911e-03
7.415036000000000000e+09	7.725291999999999923e-03	3.286399000000000178e-03
7.415038125000000000e+09	7.229676299999999653e-03	3.596792499999999868e-03
7.415040250000000000e+09	7.519445900000000342e-03	3.694329799999999941e-03
7.415042375000000000e+09	7.066925499999999680e-03	3.460778199999999926e-03
7.415044500000000000e+09	7.729165500000000251e-03	3.451667600000000048e-03
7.415046625000000000e+09	7.376559500000000151e-03	3.374952100000000108e-03
7.415048750000000000e+09	7.254593200000000221e-03	3.552479199999999948e-03
7.415050875000000000e+09	7.884985500000000341e-03	3.035468400000000070e-03
7.415053000000000000e+09	7.654400300000000108e-03	3.392046399999999826e-03
7.415055125000000000e+09	7.484879699999999643e-03	3.470785599999999874e-03
7.415057250000000000e+09	7.461058799999999852e-03	3.294937500000000123e-03
7.415059375000000000e+09	7.622208000000000108e-03	3.026057300000000068e-03
7.415061500000000000e+09	7.400775400000000198e-03	3.585912000000000127e-03
7.415063625000000000e+09	7.933414200000000679e-03	3.411825299999999943e-03
7.415065750000000000e+09	7.530428799999999874e-03	3.550684299999999800e-03
7.415067875000000000e+09	7.418467899999999643e-03	3.648502899999999955e-03
7.415070000000000000e+09	7.529949799999999596e-03	3.660376700000000146e-03
7.415072125000000000e+09	7.398029399999999679e-03	3.425924400000000033e-03
7.415074250000000000e+09	7.336986099999999802e-03	3.418157299999999895e-03
7.415076375000000000e+09	7.338785199999999648e-03	3.371860500000000132e-03
7.415078500000000000e+09	7.371148400000000246e-03	3.319136500000000045e-03
7.415080625000000000e+09	7.619905800000000007e-03	3.020826999999999801e-03
7.415082750000000000e+09	7.642799500000000204e-03	3.164535500000000175e-03
7.415084875000000000e+09	7.558334300000000422e-03	3.294496499999999793e-03
7.415087000000000000e+09	7.555334900000000228e-03	3.182508799999999964e-03
7.415089125000000000e+09	7.308905600000000294e-03	3.123324099999999839e-03
7.415091250000000000e+09	7.440870700000000275e-03	3.534698499999999917e-03
7.415093375000000000e+09	7.640343400000000097e-03	3.449769599999999870e-03
7.415095500000000000e+09	7.594044000000000315e-03	3.181218500000000150e-03
7.415097625000000000e+09	7.468485100000000002e-03	3.207609599999999925e-03
7.415099750000000000e+09	7.810521499999999694e-03	3.511545999999999938e-03
7.415101875000000000e+09	7.678098700000000193e-03	3.087536599999999871e-03
7.415104000000000000e+09	7.699710999999999708e-03	3.237987600000000101e-03
7.415106125000000000e+09	7.801508999999999874e-03	3.574289400000000162e-03
7.415108250000000000e+09	7.772976200000000085e-03	2.929679399999999840e-03
7.415110375000000000e+09	7.851525700000000496e-03	3.203621199999999881e-03
7.415112500000000000e+09	7.463814499999999776e-03	3.318504500000000069e-03
7.415114625000000000e+09	7.724271599999999773e-03	3.502567099999999867e-03
7.415116750000000000e+09	7.625922700000000061e-03	3.059305200000000079e-03
7.415118875000000000e+09	7.596587600000000336e-03	3.150236299999999937e-03
7.415121000000000000e+09	7.756311400000000245e-03	3.323191200000000147e-03
7.415123125000000000e+09	7.542867499999999711e-03	3.200711299999999850e-03
7.415125250000000000e+09	8.030659399999999157e-03	3.147612699999999958e-03
7.415127375000000000e+09	7.934975900000000235e-03	2.795353200000000055e-03
7.415129500000000000e+09	7.485210400000000090e-03	2.931644299999999845e-03
7.415131625000000000e+09	7.465655600000000065e-03	3.028888300000000082e-03
7.415133750000000000e+09	7.623128600000000053e-03	3.527052200000000207e-03
7.415135875000000000e+09	7.478366600000000385e-03	3.500266799999999980e-03
7.415138000000000000e+09	7.445349799999999817e-03	2.889319100000000036e-03
7.415140125000000000e+09	7.698565499999999832e-03	3.040127899999999980e-03
7.415142250000000000e+09	7.516399400000000133e-03	2.741189800000000051e-03
7.415144375000000000e+09	7.512696800000000404e-03	3.043887900000000202e-03
7.415146500000000000e+09	7.756390900000000033e-03	2.759411800000000081e-03
7.415148625000000000e+09	7.575555399999999578e-03	3.030113799999999916e-03
7.415150750000000000e+09	7.667876399999999822e-03	3.194343499999999832e-03
7.415152875000000000e+09	7.593079899999999847e-03	2.921211899999999820e-03
7.415155000000000000e+09	8.012657100000000754e-03	3.305828900000000112e-03
7.415157125000000000e+09	7.559096300000000060e-03	3.375574399999999812e-03
7.415159250000000000e+09	7.584363799999999621e-03	2.875932700000000120e-03
7.415161375000000000e+09	7.855382600000000368e-03	3.133432499999999968e-03
7.415163500000000000e+09	7.619946699999999642e-03	2.994199099999999940e-03
7.415165625000000000e+09	7.703565699999999697e-03	2.756151799999999926e-03
7.415167750000000000e+09	7.372851700000000383e-03	2.914850200000000148e-03
7.415169875000000000e+09	7.406879300000000430e-03	2.858478900000000107e-03
7.415172000000000000e+09	7.656582000000000318e-03	2.764300199999999985e-03
7.415174125000000000e+09	7.812498999999999659e-03	2.731884500000000132e-03
7.415176250000000000e+09	7.915635400000000862e-03	2.935080799999999907e-03
7.415178375000000000e+09	7.820056199999999777e-03	3.219288299999999940e-03
7.415180500000000000e+09	7.970597700000000077e-03	2.854545300000000101e-03
7.415182625000000000e+09	7.280541500000000353e-03	2.777769800000000084e-03
7.415184750000000000e+09	7.753136699999999687e-03	2.759768200000000185e-03
7.415186875000000000e+09	8.276317499999999786e-03	2.802882500000000200e-03
7.415189000000000000e+09	7.528435899999999861e-03	2.957079100000000078e-03
7.415191125000000000e+09	7.815212499999999937e-03	2.540580199999999816e-03
7.415193250000000000e+09	7.668526900000000035e-03	2.444425000000000070e-03
7.415195375000000000e+09	7.576822700000000223e-03	2.764627700000000209e-03
7.415197500000000000e+09	7.798395500000000237e-03	2.775609400000000199e-03
7.415199625000000000e+09	7.856433300000000008e-03	2.807147800000000127e-03
7.415201750000000000e+09	7.788060999999999769e-03	2.688104499999999925e-03
7.415203875000000000e+09	7.723729799999999764e-03	2.691731100000000192e-03
7.415206000000000000e+09	7.826196699999999479e-03	3.245514599999999895e-03
7.415208125000000000e+09	7.454856900000000029e-03	2.652833800000000113e-03
7.415210250000000000e+09	7.720449499999999625e-03	2.726965400000000168e-03
7.415212375000000000e+09	7.767290399999999748e-03	2.411319400000000012e-03
7.415214500000000000e+09	7.460646300000000133e-03	2.645458099999999872e-03
7.415216625000000000e+09	7.932378599999999683e-03	2.504865800000000055e-03
7.415218750000000000e+09	7.974635199999999952e-03	2.872907000000000065e-03
7.415220875000000000e+09	7.500502000000000037e-03	2.811191099999999811e-03
7.415223000000000000e+09	7.645463800000000185e-03	2.685666199999999816e-03
7.415225125000000000e+09	7.633923400000000060e-03	2.467438900000000056e-03
7.415227250000000000e+09	7.797810500000000242e-03	2.601519699999999859e-03
7.415229375000000000e+09	7.543079700000000082e-03	2.537218400000000075e-03
7.415231500000000000e+09	7.546393499999999935e-03	2.945393100000000177e-03
7.415233625000000000e+09	8.004293699999999803e-03	3.143650500000000174e-03
7.415235750000000000e+09	7.461227800000000236e-03	2.772679899999999989e-03
7.415237875000000000e+09	8.018771299999999727e-03	2.860404999999999892e-03
7.415240000000000000e+09	7.621503600000000163e-03	2.533781799999999980e-03
7.415242125000000000e+09	8.005764900000000156e-03	2.540004099999999820e-03
7.415244250000000000e+09	7.817406400000000838e-03	2.729930800000000043e-03
7.415246375000000000e+09	7.861114199999999844e-03	2.769882100000000021e-03
7.415248500000000000e+09	7.612447100000000084e-03	2.318171700000000186e-03
7.415250625000000000e+09	7.792259799999999570e-03	2.540955799999999962e-03
7.415252750000000000e+09	7.557713599999999962e-03	2.648049600000000180e-03
7.415254875000000000e+09	7.767357699999999712e-03	2.731649899999999929e-03
7.415257000000000000e+09	7.772085100000000225e-03	2.390196800000000087e-03
7.415259125000000000e+09	8.036379300000000281e-03	2.460668000000000057e-03
7.415261250000000000e+09	7.705465199999999952e-03	2.646730700000000155e-03
7.415263375000000000e+09	7.777404899999999788e-03	2.660854600000000028e-03
7.415265500000000000e+09	7.887573499999999890e-03	2.448964100000000123e-03
7.415267625000000000e+09	7.525981000000000164e-03	2.544896699999999855e-03
7.415269750000000000e+09	7.955375000000000640e-03	2.399553500000000186e-03
7.415271875000000000e+09	7.765346799999999633e-03	2.485828900000000129e-03
7.415274000000000000e+09	7.761102500000000362e-03	2.960934100000000169e-03
7.415276125000000000e+09	7.657179000000000069e-03	2.458170200000000041e-03
7.415278250000000000e+09	7.833091400000000495e-03	2.468233499999999969e-03
7.415280375000000000e+09	7.517137899999999998e-03	2.458741899999999838e-03
7.415282500000000000e+09	7.734720900000000357e-03	2.608576300000000139e-03
7.415284625000000000e+09	7.723276099999999873e-03	2.626762500000000104e-03
7.415286750000000000e+09	7.815433700000000775e-03	2.816339499999999905e-03
7.415288875000000000e+09	7.601792700000000250e-03	2.695429799999999893e-03
7.415291000000000000e+09	7.977662999999999421e-03	2.445663600000000035e-03
7.415293125000000000e+09	7.702127599999999789e-03	2.511895200000000168e-03
7.415295250000000000e+09	7.931414899999999352e-03	2.647177399999999826e-03
7.415297375000000000e+09	7.932454999999999715e-03	2.682383699999999795e-03
7.415299500000000000e+09	8.002116499999999827e-03	2.232619099999999957e-03
7.415301625000000000e+09	7.852867799999999759e-03	2.718272099999999910e-03
7.415303750000000000e+09	7.988008099999999168e-03	2.468614599999999822e-03
7.415305875000000000e+09	8.051841400000000690e-03	2.181776800000000127e-03
7.415308000000000000e+09	7.521155100000000322e-03	2.678854000000000044e-03
7.415310125000000000e+09	7.583396200000000129e-03	2.316244600000000060e-03
7.415312250000000000e+09	7.893009899999999315e-03	2.319342700000000083e-03
7.415314375000000000e+09	7.511471999999999941e-03	2.567291299999999860e-03
7.415316500000000000e+09	7.578666199999999596e-03	2.233315100000000074e-03
7.415318625000000000e+09	7.790580499999999811e-03	2.469955399999999943e-03
7.415320750000000000e+09	7.686405999999999794e-03	2.510685899999999787e-03
7.415322875000000000e+09	8.081941500000000209e-03	2.257758400000000037e-03
7.415325000000000000e+09	7.430945500000000169e-03	2.436026300000000092e-03
7.415327125000000000e+09	7.571109399999999615e-03	2.279491800000000082e-03
7.415329250000000000e+09	7.705723700000000065e-03	2.307872500000000045e-03
7.415331375000000000e+09	8.083953899999999498e-03	2.393456899999999842e-03
7.415333500000000000e+09	8.022820700000000624e-03	2.406357799999999866e-03
7.415335625000000000e+09	7.725394000000000011e-03	2.568494900000000032e-03
7.415337750000000000e+09	7.954644599999999635e-03	2.321067600000000213e-03
7.415339875000000000e+09	8.269353000000000120e-03	2.318394000000000097e-03
7.415342000000000000e+09	7.599160699999999574e-03	2.137430300000000161e-03
7.415344125000000000e+09	7.752943200000000055e-03	2.455073400000000027e-03
7.415346250000000000e+09	7.879201900000000480e-03	2.097000700000000144e-03
7.415348375000000000e+09	7.930124800000000473e-03	2.236226500000000183e-03
7.415350500000000000e+09	7.814375099999999741e-03	2.241005400000000043e-03
7.415352625000000000e+09	7.864696299999999682e-03	2.231766699999999850e-03
7.415354750000000000e+09	7.782303600000000168e-03	2.171817600000000136e-03
7.415356875000000000e+09	7.986660399999999729e-03	2.425848999999999887e-03
7.415359000000000000e+09	8.101331800000000083e-03	2.344970200000000109e-03
7.415361125000000000e+09	7.872517500000000487e-03	2.233697599999999971e-03
7.415363250000000000e+09	7.738797099999999984e-03	2.241485000000000092e-03
7.415365375000000000e+09	7.911108599999999366e-03	2.367236999999999900e-03
7.415367500000000000e+09	7.688094000000000351e-03	2.226281300000000195e-03
7.415369625000000000e+09	7.694956099999999792e-03	2.522476000000000058e-03
7.415371750000000000e+09	7.952659100000000411e-03	2.580801399999999891e-03
7.415373875000000000e+09	7.716004299999999934e-03	2.240962799999999828e-03
7.415376000000000000e+09	7.881557100000000440e-03	2.061454199999999959e-03
7.415378125000000000e+09	7.882552299999999804e-03	2.571320499999999939e-03
7.415380250000000000e+09	7.758339999999999854e-03	2.027127499999999832e-03
7.415382375000000000e+09	7.933848300000000825e-03	2.404145500000000064e-03
7.415384500000000000e+09	7.762873600000000200e-03	2.251163100000000070e-03
7.415386625000000000e+09	7.834611999999999479e-03	1.928047399999999927e-03
7.415388750000000000e+09	7.815123599999999546e-03	2.452986600000000086e-03
7.415390875000000000e+09	8.000784800000000641e-03	2.140295799999999797e-03
7.415393000000000000e+09	7.756135800000000212e-03	1.884254199999999988e-03
7.415395125000000000e+09	8.027950000000000710e-03	2.361802100000000119e-03
7.415397250000000000e+09	7.647801499999999815e-03	2.134382900000000079e-03
7.415399375000000000e+09	7.846560299999999488e-03	2.465930500000000029e-03
7.415401500000000000e+09	7.812192400000000057e-03	2.060547199999999881e-03
7.415403625000000000e+09	7.674455400000000302e-03	2.210992800000000005e-03
7.415405750000000000e+09	7.744684200000000011e-03	2.139931700000000103e-03
7.415407875000000000e+09	7.768924800000000241e-03	1.936677199999999998e-03
7.415410000000000000e+09	7.946644200000000172e-03	1.947359000000000069e-03
7.415412125000000000e+09	7.786492499999999629e-03	2.295586799999999907e-03
7.415414250000000000e+09	7.963929700000000472e-03	2.205742699999999924e-03
7.415416375000000000e+09	8.069323700000000446e-03	1.975623699999999941e-03
7.415418500000000000e+09	7.922528599999999199e-03	2.139220600000000042e-03
7.415420625000000000e+09	7.947577500000000544e-03	2.128591400000000126e-03
7.415422750000000000e+09	7.692953800000000043e-03	2.348565300000000043e-03
7.415424875000000000e+09	7.989841699999999935e-03	2.215526399999999917e-03
7.415427000000000000e+09	7.653360500000000281e-03	1.847895000000000006e-03
7.415429125000000000e+09	7.584023700000000305e-03	1.839429899999999937e-03
7.415431250000000000e+09	7.773957100000000210e-03	2.049511200000000023e-03
7.415433375000000000e+09	8.078519799999999557e-03	1.731258700000000081e-03
7.415435500000000000e+09	7.627480600000000055e-03	1.962993100000000150e-03
7.415437625000000000e+09	7.757972400000000268e-03	2.111342799999999832e-03
7.415439750000000000e+09	7.734678400000000176e-03	2.074594700000000156e-03
7.415441875000000000e+09	7.808749799999999651e-03	1.707290800000000035e-03
7.415444000000000000e+09	7.588065500000000345e-03	1.952884599999999988e-03
7.415446125000000000e+09	7.601092500000000002e-03	2.198566199999999957e-03
7.415448250000000000e+09	7.616505899999999850e-03	1.669632600000000092e-03
7.415450375000000000e+09	7.995887400000000270e-03	2.205977200000000093e-03
7.415452500000000000e+09	7.874027800000000729e-03	2.121124199999999908e-03
7.415454625000000000e+09	8.340313099999999841e-03	1.941762999999999996e-03
7.415456750000000000e+09	7.952775199999999670e-03	1.990425200000000162e-03
7.415458875000000000e+09	7.949366500000000849e-03	2.155403499999999917e-03
7.415461000000000000e+09	7.680901799999999800e-03	2.053084299999999827e-03
7.415463125000000000e+09	7.783903899999999876e-03	1.849277000000000082e-03
7.415465250000000000e+09	7.788071199999999777e-03	2.291350199999999792e-03
7.415467375000000000e+09	8.058698200000000492e-03	2.078890600000000109e-03
7.415469500000000000e+09	8.177784800000000714e-03	1.972607999999999827e-03
7.415471625000000000e+09	7.989388999999999519e-03	2.004739900000000047e-03
7.415473750000000000e+09	7.716452199999999581e-03	1.490276100000000048e-03
7.415475875000000000e+09	8.149491099999999627e-03	1.560647500000000030e-03
7.415478000000000000e+09	7.974759700000000340e-03	1.548691899999999916e-03
7.415480125000000000e+09	7.903951899999999212e-03	2.020518299999999896e-03
7.415482250000000000e+09	7.935941199999999376e-03	2.107251000000000089e-03
7.415484375000000000e+09	8.196168400000000340e-03	2.002468500000000040e-03
7.415486500000000000e+09	8.036545600000000178e-03	2.131733199999999873e-03
7.415488625000000000e+09	7.925725099999999385e-03	1.706790900000000003e-03
7.415490750000000000e+09	8.222849200000000025e-03	1.814732400000000027e-03
7.415492875000000000e+09	8.094370800000000310e-03	1.737671500000000048e-03
7.415495000000000000e+09	7.987521399999999300e-03	1.727279499999999921e-03
7.415497125000000000e+09	8.033917399999999931e-03	1.626173100000000106e-03
7.415499250000000000e+09	7.841036100000000481e-03	1.808170200000000071e-03
7.415501375000000000e+09	8.191619299999999479e-03	1.669097499999999982e-03
7.415503500000000000e+09	8.034349200000000593e-03	1.889513599999999988e-03
7.415505625000000000e+09	7.996344500000000452e-03	1.953747599999999807e-03
7.415507750000000000e+09	7.803311200000000343e-03	1.665598500000000075e-03
7.415509875000000000e+09	7.999105299999999946e-03	1.685339699999999913e-03
7.415512000000000000e+09	7.973620600000000044e-03	1.834146200000000108e-03
7.415514125000000000e+09	8.019390399999999641e-03	1.998097999999999801e-03
7.415516250000000000e+09	7.840114000000000458e-03	1.654697500000000066e-03
7.415518375000000000e+09	8.184424200000000107e-03	1.457997099999999973e-03
7.415520500000000000e+09	7.839027700000000820e-03	1.748067600000000055e-03
7.415522625000000000e+09	7.713403800000000025e-03	1.722045800000000012e-03
7.415524750000000000e+09	7.826275500000000329e-03	1.548068099999999917e-03
7.415526875000000000e+09	8.189134000000000690e-03	1.658025800000000093e-03
7.415529000000000000e+09	8.151914700000000361e-03	1.614560500000000081e-03
7.415531125000000000e+09	7.658147700000000370e-03	1.237173199999999900e-03
7.415533250000000000e+09	7.733677700000000238e-03	1.522670100000000091e-03
7.415535375000000000e+09	7.811623099999999778e-03	1.717400900000000093e-03
7.415537500000000000e+09	8.007627499999999537e-03	1.432030500000000105e-03
7.415539625000000000e+09	8.252168400000000834e-03	1.764029199999999926e-03
7.415541750000000000e+09	8.237827399999999786e-03	1.504623299999999957e-03
7.415543875000000000e+09	7.977478200000000588e-03	1.625297699999999962e-03
7.415546000000000000e+09	7.962861300000000433e-03	1.568286199999999967e-03
7.415548125000000000e+09	8.029589000000000171e-03	2.024571000000000183e-03
7.415550250000000000e+09	7.926170499999999480e-03	1.556901199999999926e-03
7.415552375000000000e+09	7.472214799999999865e-03	1.626093299999999998e-03
7.415554500000000000e+09	8.315865299999999211e-03	1.941485300000000058e-03
7.415556625000000000e+09	8.521054999999999602e-03	1.488938100000000014e-03
7.415558750000000000e+09	8.006264900000000656e-03	1.479937499999999916e-03
7.415560875000000000e+09	8.014851800000000193e-03	1.284180399999999920e-03
7.415563000000000000e+09	7.866410100000000363e-03	1.764468599999999927e-03
7.415565125000000000e+09	8.035524599999999823e-03	1.512087500000000020e-03
7.415567250000000000e+09	7.855051700000000720e-03	1.430976800000000092e-03
7.415569375000000000e+09	8.092298300000000041e-03	1.545268999999999939e-03
7.415571500000000000e+09	8.283125199999999758e-03	1.386896500000000046e-03
7.415573625000000000e+09	7.915707500000000729e-03	1.483226600000000020e-03
7.415575750000000000e+09	8.065882599999999250e-03	1.336526200000000058e-03
7.415577875000000000e+09	7.788159200000000296e-03	1.720034500000000013e-03
7.415580000000000000e+09	8.132887899999999975e-03	1.429306100000000013e-03
7.415582125000000000e+09	7.885185100000000752e-03	1.669344400000000042e-03
7.415584250000000000e+09	8.038830099999999881e-03	1.134324699999999944e-03
7.415586375000000000e+09	7.551878799999999989e-03	1.341476500000000037e-03
7.415588500000000000e+09	7.637668499999999971e-03	1.665023199999999919e-03
7.415590625000000000e+09	7.968684599999999521e-03	1.503855400000000042e-03
7.415592750000000000e+09	7.697940999999999812e-03	1.550149999999999922e-03
7.415594875000000000e+09	8.002554800000000537e-03	1.352053300000000081e-03
7.415597000000000000e+09	8.076402400000000023e-03	1.300175800000000041e-03
7.415599125000000000e+09	7.916662300000000194e-03	1.650190300000000049e-03
7.415601250000000000e+09	7.767618399999999708e-03	1.134410599999999963e-03
7.415603375000000000e+09	7.896225099999999372e-03	1.309481400000000063e-03
7.415605500000000000e+09	8.050387900000000735e-03	1.350092999999999909e-03
7.415607625000000000e+09	8.098501799999999543e-03	1.186968999999999958e-03
7.415609750000000000e+09	7.862214299999999850e-03	1.000892100000000005e-03
7.415611875000000000e+09	7.977380900000000802e-03	1.361189500000000016e-03
7.415614000000000000e+09	8.063484600000000307e-03	1.595608199999999947e-03
7.415616125000000000e+09	7.883209000000000397e-03	1.435823900000000007e-03
7.415618250000000000e+09	8.140721000000000068e-03	1.318073400000000037e-03
7.415620375000000000e+09	8.134650199999999415e-03	1.117531699999999972e-03
7.415622500000000000e+09	8.312017099999999270e-03	1.246934299999999992e-03
7.415624625000000000e+09	7.777382499999999955e-03	1.146210900000000027e-03
7.415626750000000000e+09	8.072701499999999572e-03	1.064997899999999909e-03
7.415628875000000000e+09	7.693388500000000393e-03	1.142592700000000022e-03
7.415631000000000000e+09	7.980958899999999676e-03	1.221734799999999984e-03
7.415633125000000000e+09	8.112632899999999703e-03	1.036430700000000099e-03
7.415635250000000000e+09	7.669410800000000042e-03	1.192069299999999913e-03
7.415637375000000000e+09	7.876142399999999308e-03	1.219266000000000100e-03
7.415639500000000000e+09	7.803849199999999924e-03	1.346762800000000102e-03
7.415641625000000000e+09	8.223295599999999594e-03	1.058191399999999912e-03
7.415643750000000000e+09	8.116017600000000748e-03	1.089045199999999925e-03
7.415645875000000000e+09	8.149777199999999611e-03	1.397809100000000108e-03
7.415648000000000000e+09	7.851172499999999749e-03	6.129072999999999856e-04
7.415650125000000000e+09	8.322338999999999778e-03	1.261940600000000011e-03
7.415652250000000000e+09	7.943402299999999250e-03	1.149158499999999904e-03
7.415654375000000000e+09	7.981139700000000614e-03	1.087194199999999946e-03
7.415656500000000000e+09	8.156882400000000852e-03	1.288620000000000087e-03
7.415658625000000000e+09	7.850575999999999735e-03	9.184399000000000425e-04
7.415660750000000000e+09	7.837911899999999363e-03	1.140496900000000048e-03
7.415662875000000000e+09	7.885012400000000407e-03	1.086575800000000053e-03
7.415665000000000000e+09	8.106282799999999650e-03	1.106505999999999939e-03
7.415667125000000000e+09	7.946196000000000856e-03	1.117340099999999904e-03
7.415669250000000000e+09	7.864755200000000251e-03	1.542792899999999951e-03
7.415671375000000000e+09	7.807278800000000234e-03	1.283424000000000023e-03
7.415673500000000000e+09	7.922590599999999525e-03	1.388989399999999898e-03
7.415675625000000000e+09	7.956825900000000576e-03	1.102457500000000000e-03
7.415677750000000000e+09	7.853916699999999654e-03	1.110311799999999949e-03
7.415679875000000000e+09	7.652788699999999583e-03	1.237325899999999930e-03
7.415682000000000000e+09	7.859327799999999559e-03	8.146435000000000481e-04
7.415684125000000000e+09	8.136795299999999287e-03	1.175577699999999937e-03
7.415686250000000000e+09	7.772027400000000065e-03	1.112776000000000000e-03
7.415688375000000000e+09	7.996772600000000286e-03	1.243166200000000044e-03
7.415690500000000000e+09	7.884163700000000261e-03	1.077536000000000032e-03
7.415692625000000000e+09	8.107461300000000370e-03	1.264726400000000008e-03
7.415694750000000000e+09	8.342526200000000350e-03	1.092497100000000033e-03
7.415696875000000000e+09	8.148653999999999967e-03	9.781816000000000469e-04
7.415699000000000000e+09	7.925119399999999703e-03	9.295953999999999936e-04
7.415701125000000000e+09	8.027734200000000847e-03	9.663741999999999471e-04
7.415703250000000000e+09	8.037389299999999487e-03	1.151339500000000092e-03
7.415705375000000000e+09	8.242952399999999707e-03	8.856308000000000452e-04
7.415707500000000000e+09	7.993477500000000305e-03	7.651620000000000036e-04
7.415709625000000000e+09	7.675448300000000182e-03	9.399645000000000092e-04
7.415711750000000000e+09	8.128229699999999641e-03	8.389200999999999776e-04
7.415713875000000000e+09	7.990376699999999360e-03	1.252734599999999910e-03
7.415716000000000000e+09	8.007091500000000639e-03	9.560538999999999843e-04
7.415718125000000000e+09	7.640669299999999775e-03	8.180767999999999937e-04
7.415720250000000000e+09	8.051055999999999144e-03	8.552702999999999825e-04
7.415722375000000000e+09	8.131116699999999670e-03	1.004415399999999958e-03
7.415724500000000000e+09	7.748984799999999833e-03	9.019959999999999610e-04
7.415726625000000000e+09	7.780437799999999696e-03	9.737430000000000044e-04
7.415728750000000000e+09	8.058787300000000084e-03	8.560201000000000138e-04
7.415730875000000000e+09	8.049821400000000543e-03	9.758231000000000457e-04
7.415733000000000000e+09	7.566599599999999579e-03	9.006036999999999506e-04
7.415735125000000000e+09	8.123263699999999296e-03	5.257862999999999773e-04
7.415737250000000000e+09	7.733748000000000358e-03	9.150087000000000541e-04
7.415739375000000000e+09	7.832187600000000208e-03	8.501951999999999470e-04
7.415741500000000000e+09	8.160001199999999261e-03	9.367451999999999637e-04
7.415743625000000000e+09	7.793947499999999591e-03	8.273265999999999606e-04
7.415745750000000000e+09	7.817898199999999409e-03	1.079916200000000060e-03
7.415747875000000000e+09	8.130889400000000655e-03	7.500165000000000044e-04
7.415750000000000000e+09	7.996513900000000105e-03	7.115517999999999930e-04
7.415752125000000000e+09	8.005716799999999800e-03	6.992853000000000046e-04
7.415754250000000000e+09	7.774019699999999873e-03	7.779090000000000223e-04
7.415756375000000000e+09	8.216388899999999690e-03	4.759151000000000202e-04
7.415758500000000000e+09	7.816048100000000387e-03	8.857561999999999814e-04
7.415760625000000000e+09	7.992091600000000851e-03	7.810585000000000097e-04
7.415762750000000000e+09	8.065605199999999197e-03	7.582684000000000125e-04
7.415764875000000000e+09	8.316462999999999633e-03	7.079516999999999798e-04
7.415767000000000000e+09	8.099183600000000455e-03	6.697336999999999605e-04
7.415769125000000000e+09	7.930759299999999568e-03	9.372987999999999849e-04
7.415771250000000000e+09	7.720138300000000189e-03	5.248762000000000349e-04
7.415773375000000000e+09	8.124692600000000403e-03	1.034106300000000016e-03
7.415775500000000000e+09	7.964246700000000151e-03	4.733717999999999932e-04
7.415777625000000000e+09	8.205835099999999466e-03	8.136149000000000289e-04
7.415779750000000000e+09	8.138221899999999176e-03	8.628556999999999590e-04
7.415781875000000000e+09	8.272821499999999384e-03	4.564444999999999765e-04
7.415784000000000000e+09	8.054126899999999867e-03	8.097218999999999901e-04
7.415786125000000000e+09	7.763821700000000416e-03	8.212822999999999955e-04
7.415788250000000000e+09	8.159827300000000241e-03	8.355561000000000281e-04
7.415790375000000000e+09	8.059451500000000199e-03	7.528864999999999820e-04
7.415792500000000000e+09	8.285890299999999417e-03	4.758845999999999736e-04
7.415794625000000000e+09	8.146505899999999939e-03	7.107310000000000363e-04
7.415796750000000000e+09	7.713971299999999691e-03	5.013595000000000031e-04
7.415798875000000000e+09	7.947549599999999270e-03	5.834889999999999695e-04
7.415801000000000000e+09	8.038896400000000372e-03	2.505903999999999987e-04
7.415803125000000000e+09	7.899519699999999617e-03	7.048992000000000018e-04
7.415805250000000000e+09	8.030699500000000254e-03	6.057904999999999930e-04
7.415807375000000000e+09	7.902614800000000786e-03	9.718233000000000166e-04
7.415809500000000000e+09	8.139979800000000584e-03	7.847359999999999622e-04
7.415811625000000000e+09	8.015891699999999620e-03	1.078538200000000048e-03
7.415813750000000000e+09	8.031285100000000454e-03	5.298548000000000147e-04
7.415815875000000000e+09	7.963645199999999300e-03	8.278553999999999817e-04
7.415818000000000000e+09	8.246143500000000653e-03	5.493692999999999580e-04
7.415820125000000000e+09	8.206839199999999696e-03	8.489028999999999932e-04
7.415822250000000000e+09	8.240715399999999288e-03	3.767409999999999900e-04
7.415824375000000000e+09	7.907248100000000002e-03	3.811565999999999956e-04
7.415826500000000000e+09	8.152988899999999775e-03	4.190608999999999979e-04
7.415828625000000000e+09	8.036775100000000810e-03	4.983032000000000303e-04
7.415830750000000000e+09	8.418055100000000276e-03	5.231895999999999552e-04
7.415832875000000000e+09	7.883187999999999307e-03	6.659958000000000111e-04
7.415835000000000000e+09	7.934768199999999230e-03	7.817705999999999787e-04
7.415837125000000000e+09	7.976781299999999297e-03	5.935070999999999880e-04
7.415839250000000000e+09	7.968677599999999736e-03	7.464131999999999842e-04
7.415841375000000000e+09	7.889169399999999832e-03	6.036836000000000285e-04
7.415843500000000000e+09	8.096891700000000830e-03	6.650148999999999947e-04
7.415845625000000000e+09	8.196770000000000791e-03	2.155265999999999974e-04
7.415847750000000000e+09	7.817975099999999178e-03	7.535824999999999902e-04
7.415849875000000000e+09	7.981533699999999662e-03	2.803443999999999988e-04
7.415852000000000000e+09	8.008440000000000350e-03	4.467221000000000169e-04
7.415854125000000000e+09	7.900578400000000251e-03	3.669575999999999914e-04
7.415856250000000000e+09	8.088359499999999563e-03	5.484659000000000235e-04
7.415858375000000000e+09	8.229874599999999207e-03	3.290910999999999771e-04
7.415860500000000000e+09	7.855735299999999643e-03	7.924380000000000182e-05
7.415862625000000000e+09	7.898084799999999933e-03	7.152881999999999730e-04
7.415864750000000000e+09	7.794571600000000343e-03	4.157642000000000130e-04
7.415866875000000000e+09	8.300235799999999831e-03	2.992110000000000191e-04
7.415869000000000000e+09	7.900363000000000524e-03	5.167544000000000477e-04
7.415871125000000000e+09	7.873171400000000125e-03	4.068510999999999916e-04
7.415873250000000000e+09	8.013692600000000416e-03	7.223839000000000345e-04
7.415875375000000000e+09	8.029704800000000628e-03	3.014946000000000119e-04
7.415877500000000000e+09	7.941704699999999756e-03	2.510298999999999799e-04
7.415879625000000000e+09	8.380005600000000471e-03	4.857875999999999904e-04
7.415881750000000000e+09	8.167393800000000495e-03	3.155198000000000009e-04
7.415883875000000000e+09	7.903242799999999832e-03	5.450735999999999646e-04
7.415886000000000000e+09	7.888417499999999735e-03	4.132785999999999838e-04
7.415888125000000000e+09	7.958057299999999820e-03	2.813110000000000176e-04
7.415890250000000000e+09	8.243962199999999713e-03	4.316297999999999988e-04
7.415892375000000000e+09	8.129341499999999734e-03	2.110984000000000048e-04
7.415894500000000000e+09	8.112173699999999238e-03	5.314375000000000088e-04
7.415896625000000000e+09	8.079089299999999904e-03	2.218936999999999928e-04
7.415898750000000000e+09	8.210149499999999656e-03	6.617332999999999549e-04
7.415900875000000000e+09	8.199356099999999259e-03	2.476504000000000032e-04
7.415903000000000000e+09	8.006667599999999635e-03	5.469990000000000122e-05
7.415905125000000000e+09	8.260530500000000040e-03	1.513308000000000047e-04
7.415907250000000000e+09	7.645838299999999955e-03	4.791599999999999999e-06
7.415909375000000000e+09	7.873635699999999293e-03	7.210620000000000430e-05
7.415911500000000000e+09	7.862443499999999946e-03	-3.030659999999999881e-05
7.415913625000000000e+09	7.998107699999999765e-03	1.889822999999999948e-04
7.415915750000000000e+09	8.003794700000000512e-03	1.607040000000000118e-05
7.415917875000000000e+09	8.009019900000000775e-03	4.491836000000000136e-04
7.415920000000000000e+09	7.831300299999999909e-03	5.530940999999999939e-04
7.415922125000000000e+09	8.155846399999999718e-03	1.575682000000000070e-04
7.415924250000000000e+09	7.870903000000000274e-03	1.931389999999999951e-04
7.415926375000000000e+09	8.125278899999999541e-03	2.267255000000000030e-04
7.415928500000000000e+09	8.192814700000000325e-03	2.769690999999999906e-04
7.415930625000000000e+09	7.779108699999999661e-03	8.541100000000000268e-06
7.415932750000000000e+09	7.760924199999999842e-03	5.557790000000000196e-05
7.415934875000000000e+09	7.863274599999999295e-03	2.804840000000000068e-05
7.415937000000000000e+09	7.931845200000000803e-03	7.540179999999999355e-05
7.415939125000000000e+09	8.054110300000000278e-03	-2.618170000000000040e-05
7.415941250000000000e+09	8.064494099999999777e-03	4.486249999999999949e-05
7.415943375000000000e+09	7.878933299999999959e-03	4.816500000000000387e-06
7.415945500000000000e+09	8.038406300000000212e-03	2.685588000000000146e-04
7.415947625000000000e+09	7.985885499999999595e-03	3.840235000000000003e-04
7.415949750000000000e+09	8.093338400000000404e-03	2.518514999999999925e-04
7.415951875000000000e+09	8.175568700000000050e-03	2.377888999999999893e-04
7.415954000000000000e+09	7.946884499999999282e-03	-1.221121999999999995e-04
7.415956125000000000e+09	7.957229899999999564e-03	3.044454999999999839e-04
7.415958250000000000e+09	7.792604699999999655e-03	2.430946000000000018e-04
7.415960375000000000e+09	7.858514900000000344e-03	-1.186640000000000043e-05
7.415962500000000000e+09	8.006684499999999760e-03	2.743304999999999919e-04
7.415964625000000000e+09	8.183759699999999457e-03	1.504750999999999918e-04
7.415966750000000000e+09	8.143670400000000559e-03	1.464403999999999879e-04
7.415968875000000000e+09	7.957636299999999371e-03	6.826330000000000082e-05
7.415971000000000000e+09	8.017255799999999447e-03	1.631859999999999992e-05
7.415973125000000000e+09	7.779993199999999873e-03	-1.013389999999999965e-05
7.415975250000000000e+09	7.956363100000000618e-03	6.005649999999999666e-05
7.415977375000000000e+09	7.914205800000000818e-03	-1.213435000000000013e-04
7.415979500000000000e+09	7.891786200000000528e-03	8.791609999999999670e-05
7.415981625000000000e+09	8.007840299999999245e-03	-1.769850000000000004e-04
7.415983750000000000e+09	8.124532000000000281e-03	1.732257999999999975e-04
7.415985875000000000e+09	8.213421500000000000e-03	-2.539037000000000065e-04
7.415988000000000000e+09	7.934993700000000233e-03	-2.248347000000000041e-04
7.415990125000000000e+09	7.919775100000000026e-03	7.063899999999999910e-05
7.415992250000000000e+09	7.876546400000000031e-03	-1.849309999999999951e-04
7.415994375000000000e+09	7.868805099999999150e-03	-5.267572999999999787e-04
7.415996500000000000e+09	7.984062300000000639e-03	6.023349999999999852e-05
7.415998625000000000e+09	8.437678900000000412e-03	6.525720000000000262e-05
7.416000750000000000e+09	7.884444299999999670e-03	-2.857989999999999923e-04
7.416002875000000000e+09	8.017470199999999700e-03	-9.704199999999999686e-05
7.416005000000000000e+09	7.747735999999999859e-03	2.955780000000000015e-05
7.416007125000000000e+09	7.737637000000000334e-03	-1.004039000000000027e-04
7.416009250000000000e+09	8.111318200000000242e-03	1.318668999999999961e-04
7.416011375000000000e+09	8.010259900000000349e-03	-1.635130000000000047e-05
7.416013500000000000e+09	8.123042500000000193e-03	-3.446729999999999846e-04
7.416015625000000000e+09	7.950318899999999495e-03	-1.370866000000000098e-04
7.416017750000000000e+09	7.892538500000000762e-03	2.400799999999999951e-06
7.416019875000000000e+09	8.117104199999999187e-03	-2.812267999999999821e-04
7.416022000000000000e+09	8.181356399999999141e-03	-1.855911999999999926e-04
7.416024125000000000e+09	8.094067800000000201e-03	-1.028986000000000044e-04
7.416026250000000000e+09	7.852828299999999734e-03	4.815999999999999968e-05
7.416028375000000000e+09	8.023780399999999591e-03	-1.937138000000000087e-04
7.416030500000000000e+09	7.980486900000000050e-03	-4.880100000000000253e-05
7.416032625000000000e+09	8.037877199999999764e-03	1.490207000000000012e-04
7.416034750000000000e+09	7.970225699999999858e-03	-9.464239999999999361e-05
7.416036875000000000e+09	7.950283100000000297e-03	-3.436550999999999820e-04
7.416039000000000000e+09	7.804453400000000395e-03	-3.454622999999999874e-04
7.416041125000000000e+09	7.912091300000000105e-03	-3.450513000000000213e-04
7.416043250000000000e+09	8.455949500000000535e-03	-1.945749999999999997e-04
7.416045375000000000e+09	7.829586300000000026e-03	-4.466719999999999816e-05
7.416047500000000000e+09	7.838197899999999746e-03	-2.020745000000000115e-04
7.416049625000000000e+09	7.975259700000000840e-03	-6.779649999999999370e-05
7.416051750000000000e+09	7.979274499999999479e-03	-3.816825999999999834e-04
7.416053875000000000e+09	7.861184499999999964e-03	-1.739153000000000118e-04
7.416056000000000000e+09	7.606375999999999762e-03	-2.649363999999999864e-04
7.416058125000000000e+09	7.709661399999999734e-03	-6.221970000000000061e-04
7.416060250000000000e+09	7.912890599999999885e-03	-2.395108999999999975e-04
7.416062375000000000e+09	7.945529999999999260e-03	-8.624720000000000325e-05
7.416064500000000000e+09	7.890017500000000641e-03	-2.276497999999999901e-04
7.416066625000000000e+09	8.088707100000000136e-03	-7.519419999999999913e-05
7.416068750000000000e+09	7.937618500000000188e-03	-3.398594000000000007e-04
7.416070875000000000e+09	7.619953700000000295e-03	-2.199152999999999915e-04
7.416073000000000000e+09	8.030061399999999933e-03	-2.942986000000000083e-04
7.416075125000000000e+09	7.802007100000000160e-03	-2.307265999999999874e-04
7.416077250000000000e+09	7.790820799999999789e-03	-5.116517000000000330e-04
7.416079375000000000e+09	8.030264999999999972e-03	-2.994669999999999841e-04
7.416081500000000000e+09	8.053922499999999554e-03	-4.488108000000000093e-04
7.416083625000000000e+09	8.232736600000000252e-03	-2.238391999999999964e-04
7.416085750000000000e+09	7.922114399999999335e-03	-5.600295999999999616e-04
7.416087875000000000e+09	8.110400999999999722e-03	-3.363234999999999792e-04
7.416090000000000000e+09	7.590470099999999803e-03	-2.751092000000000121e-04
7.416092125000000000e+09	8.147924399999999234e-03	-1.426231999999999934e-04
7.416094250000000000e+09	7.955228599999999289e-03	-6.483606999999999738e-04
7.416096375000000000e+09	8.033206299999999869e-03	-3.578524000000000028e-04
7.416098500000000000e+09	7.921510399999999799e-03	-4.110097999999999963e-04
7.416100625000000000e+09	7.593841700000000285e-03	-4.976260999999999619e-04
7.416102750000000000e+09	8.020621500000000084e-03	-2.845948999999999745e-04
7.416104875000000000e+09	8.282267200000000343e-03	-4.857748000000000166e-04
7.416107000000000000e+09	7.885545100000000349e-03	-1.117225000000000065e-04
7.416109125000000000e+09	7.928129199999999974e-03	-3.446308999999999939e-04
7.416111250000000000e+09	8.155295800000000178e-03	-4.553267999999999855e-04
7.416113375000000000e+09	7.863639400000000529e-03	-5.519003000000000190e-04
7.416115500000000000e+09	7.912142900000000353e-03	-4.592396999999999799e-04
7.416117625000000000e+09	7.793632699999999795e-03	-5.396504000000000535e-04
7.416119750000000000e+09	7.962402500000000105e-03	-7.641224000000000280e-04
7.416121875000000000e+09	7.807810200000000166e-03	-4.357566000000000217e-04
7.416124000000000000e+09	8.221740899999999824e-03	-6.852552999999999509e-04
7.416126125000000000e+09	8.018395500000000814e-03	-2.740581000000000180e-04
7.416128250000000000e+09	7.625991799999999772e-03	-1.341679999999999934e-04
7.416130375000000000e+09	7.669421200000000119e-03	-5.355870000000000205e-04
7.416132500000000000e+09	8.351876399999999534e-03	-5.077700000000000529e-04
7.416134625000000000e+09	7.782858800000000410e-03	-5.548884000000000455e-04
7.416136750000000000e+09	7.906982099999999500e-03	-2.169325000000000105e-04
7.416138875000000000e+09	7.785239400000000358e-03	-3.593906999999999809e-04
7.416141000000000000e+09	7.602931000000000272e-03	-5.165499000000000262e-04
7.416143125000000000e+09	8.009207000000000826e-03	-6.915752000000000054e-04
7.416145250000000000e+09	7.891656000000000365e-03	-6.130632999999999482e-04
7.416147375000000000e+09	7.850821600000000219e-03	-4.656031999999999944e-04
7.416149500000000000e+09	7.949773699999999194e-03	-5.823618999999999714e-04
7.416151625000000000e+09	7.849466100000000723e-03	-2.961532000000000227e-04
7.416153750000000000e+09	7.865121699999999896e-03	-8.131650999999999506e-04
7.416155875000000000e+09	7.983515000000000056e-03	-5.240031000000000246e-04
7.416158000000000000e+09	7.892444300000000731e-03	-5.515656000000000508e-04
7.416160125000000000e+09	8.051667099999999799e-03	-9.888684000000000883e-04
7.416162250000000000e+09	8.027408300000000302e-03	-3.838445999999999807e-04
7.416164375000000000e+09	7.997786399999999921e-03	-1.120244399999999977e-03
7.416166500000000000e+09	8.000180000000000832e-03	-9.508815999999999796e-04
7.416168625000000000e+09	7.926739299999999155e-03	-7.195253999999999669e-04
7.416170750000000000e+09	7.831283899999999520e-03	-3.011199999999999901e-04
7.416172875000000000e+09	7.679431300000000120e-03	-5.673874999999999882e-04
7.416175000000000000e+09	8.022915599999999592e-03	-7.377492999999999941e-04
7.416177125000000000e+09	7.989421499999999760e-03	-5.671260000000000450e-04
7.416179250000000000e+09	7.576689000000000167e-03	-8.814301999999999554e-04
7.416181375000000000e+09	8.318667099999999676e-03	-2.140536999999999865e-04
7.416183500000000000e+09	7.674134699999999795e-03	-5.855479000000000456e-04
7.416185625000000000e+09	7.720075800000000127e-03	-5.913386999999999767e-04
7.416187750000000000e+09	7.925806900000000391e-03	-6.161734000000000525e-04
7.416189875000000000e+09	7.898959100000000136e-03	-6.148354000000000189e-04
7.416192000000000000e+09	7.631063799999999835e-03	-8.580792999999999754e-04
7.416194125000000000e+09	8.251759900000000744e-03	-5.123398999999999835e-04
7.416196250000000000e+09	7.974095100000000089e-03	-5.900693000000000257e-04
7.416198375000000000e+09	7.856105299999999181e-03	-8.639823000000000034e-04
7.416200500000000000e+09	7.878933600000000495e-03	-6.821819000000000017e-04
7.416202625000000000e+09	8.147144599999999598e-03	-5.466975999999999477e-04
7.416204750000000000e+09	7.759330699999999852e-03	-7.660074000000000006e-04
7.416206875000000000e+09	7.988735300000000816e-03	-6.195439000000000501e-04
7.416209000000000000e+09	7.630909600000000161e-03	-7.207150999999999532e-04
7.416211125000000000e+09	7.925000899999999626e-03	-1.068725200000000038e-03
7.416213250000000000e+09	8.055619099999999574e-03	-8.233782000000000037e-04
7.416215375000000000e+09	8.046625499999999695e-03	-1.016103900000000062e-03
7.416217500000000000e+09	7.955417100000000685e-03	-9.177948999999999699e-04
7.416219625000000000e+09	7.827242800000000153e-03	-7.267231000000000081e-04
7.416221750000000000e+09	7.973909600000000583e-03	-9.860940000000000764e-04
7.416223875000000000e+09	7.983960999999999489e-03	-8.185250999999999942e-04
7.416226000000000000e+09	7.631189600000000232e-03	-1.124286800000000005e-03
7.416228125000000000e+09	7.723176699999999804e-03	-9.860199999999999954e-04
7.416230250000000000e+09	7.789100900000000063e-03	-7.186703000000000232e-04
7.416232375000000000e+09	7.718663300000000276e-03	-8.427995000000000408e-04
7.416234500000000000e+09	7.845448600000000730e-03	-7.125430999999999779e-04
7.416236625000000000e+09	8.002416199999999244e-03	-9.828994999999999226e-04
7.416238750000000000e+09	7.963548100000000449e-03	-1.042009599999999979e-03
7.416240875000000000e+09	7.894080600000000572e-03	-9.514976999999999550e-04
7.416243000000000000e+09	8.016721699999999895e-03	-1.001862299999999950e-03
7.416245125000000000e+09	7.894093799999999869e-03	-8.832408000000000359e-04
7.416247250000000000e+09	8.069045999999999857e-03	-8.564927999999999864e-04
7.416249375000000000e+09	7.808995499999999736e-03	-7.757689000000000121e-04
7.416251500000000000e+09	7.974525700000000342e-03	-1.175408800000000021e-03
7.416253625000000000e+09	8.017303700000000602e-03	-7.720143000000000057e-04
7.416255750000000000e+09	7.732851399999999924e-03	-6.368078999999999580e-04
7.416257875000000000e+09	7.693287400000000179e-03	-9.231578000000000266e-04
7.416260000000000000e+09	7.832705000000000570e-03	-1.206633400000000061e-03
7.416262125000000000e+09	8.057148800000000360e-03	-9.242795000000000264e-04
7.416264250000000000e+09	7.785740999999999669e-03	-9.467227000000000151e-04
7.416266375000000000e+09	7.926785299999999229e-03	-1.128704599999999893e-03
7.416268500000000000e+09	8.212493899999999403e-03	-9.836140000000000595e-04
7.416270625000000000e+09	8.066534300000000740e-03	-1.078514100000000069e-03
7.416272750000000000e+09	7.944085400000000172e-03	-1.125601599999999933e-03
7.416274875000000000e+09	7.629174699999999656e-03	-1.187706300000000064e-03
7.416277000000000000e+09	8.004033000000000675e-03	-9.321371000000000170e-04
7.416279125000000000e+09	7.819850300000000254e-03	-9.842773000000000841e-04
7.416281250000000000e+09	7.783660100000000005e-03	-7.960861000000000283e-04
7.416283375000000000e+09	8.121178600000000802e-03	-7.190344000000000423e-04
7.416285500000000000e+09	7.902145500000000780e-03	-7.649618999999999646e-04
7.416287625000000000e+09	7.784451900000000264e-03	-1.162570699999999945e-03
7.416289750000000000e+09	7.857006200000000648e-03	-1.242187799999999905e-03
7.416291875000000000e+09	7.877046999999999868e-03	-1.011998100000000098e-03
7.416294000000000000e+09	7.792414800000000384e-03	-1.058369200000000045e-03
7.416296125000000000e+09	7.949219000000000424e-03	-1.195184400000000096e-03
7.416298250000000000e+09	7.556315899999999953e-03	-9.283803000000000194e-04
7.416300375000000000e+09	7.981165300000000670e-03	-1.166259599999999990e-03
7.416302500000000000e+09	7.534979899999999682e-03	-1.237500000000000102e-03
7.416304625000000000e+09	7.925803800000000635e-03	-1.210655500000000105e-03
7.416306750000000000e+09	7.535045699999999569e-03	-1.068859300000000014e-03
7.416308875000000000e+09	7.789821300000000261e-03	-1.140785399999999982e-03
7.416311000000000000e+09	7.914803999999999243e-03	-1.425971899999999926e-03
7.416313125000000000e+09	7.722238099999999793e-03	-1.075844600000000050e-03
7.416315250000000000e+09	7.815329299999999868e-03	-1.150005499999999905e-03
7.416317375000000000e+09	7.696613100000000186e-03	-8.261483999999999928e-04
7.416319500000000000e+09	7.859937900000000741e-03	-1.203750699999999981e-03
7.416321625000000000e+09	7.985761900000000815e-03	-1.056203799999999972e-03
7.416323750000000000e+09	7.771418900000000296e-03	-8.963495000000000143e-04
7.416325875000000000e+09	8.119352599999999157e-03	-1.080195599999999928e-03
7.416328000000000000e+09	7.959052700000000119e-03	-1.126668300000000043e-03
7.416330125000000000e+09	8.029220199999999308e-03	-1.230526700000000037e-03
7.416332250000000000e+09	7.764342799999999871e-03	-1.374088699999999894e-03
7.416334375000000000e+09	8.117868099999999906e-03	-1.223533699999999978e-03
7.416336500000000000e+09	7.992745699999999690e-03	-1.257786199999999955e-03
7.416338625000000000e+09	7.532032099999999737e-03	-1.374770300000000087e-03
7.416340750000000000e+09	7.378279199999999809e-03	-1.087043200000000062e-03
7.416342875000000000e+09	8.081169200000000094e-03	-1.262286999999999958e-03
7.416345000000000000e+09	7.618451200000000111e-03	-1.431953799999999971e-03
7.416347125000000000e+09	7.737054699999999959e-03	-1.112341200000000049e-03
7.416349250000000000e+09	7.966195699999999505e-03	-1.382881799999999923e-03
7.416351375000000000e+09	7.729432900000000363e-03	-1.625949800000000070e-03
7.416353500000000000e+09	7.726304800000000084e-03	-1.799135400000000020e-03
7.416355625000000000e+09	7.746895299999999839e-03	-1.148724399999999975e-03
7.416357750000000000e+09	7.793445900000000280e-03	-1.472673299999999966e-03
7.416359875000000000e+09	7.608611000000000367e-03	-1.341885599999999897e-03
7.416362000000000000e+09	7.592219699999999682e-03	-1.529231100000000071e-03
7.416364125000000000e+09	8.071976200000000740e-03	-1.468131699999999928e-03
7.416366250000000000e+09	7.786808299999999766e-03	-1.417914200000000005e-03
7.416368375000000000e+09	7.786159499999999699e-03	-1.806276000000000105e-03
7.416370500000000000e+09	7.834646100000000266e-03	-1.136625600000000036e-03
7.416372625000000000e+09	8.053998399999999849e-03	-1.362166099999999975e-03
7.416374750000000000e+09	7.778448299999999975e-03	-1.444507000000000039e-03
7.416376875000000000e+09	7.522752399999999874e-03	-1.205102800000000052e-03
7.416379000000000000e+09	7.502845000000000174e-03	-1.386670300000000106e-03
7.416381125000000000e+09	7.568984899999999828e-03	-1.392536100000000025e-03
7.416383250000000000e+09	7.633521600000000087e-03	-1.475996299999999921e-03
7.416385375000000000e+09	7.331841000000000400e-03	-1.340964000000000045e-03
7.416387500000000000e+09	7.734473000000000389e-03	-1.325601800000000092e-03
7.416389625000000000e+09	7.859272599999999817e-03	-1.621431100000000035e-03
7.416391750000000000e+09	7.723580699999999660e-03	-1.419875099999999947e-03
7.416393875000000000e+09	7.238864400000000372e-03	-1.237745900000000038e-03
7.416396000000000000e+09	7.594891999999999789e-03	-1.566380899999999902e-03
7.416398125000000000e+09	7.902994400000000128e-03	-1.705460000000000005e-03
7.416400250000000000e+09	7.750363300000000233e-03	-1.409011300000000046e-03
7.416402375000000000e+09	7.737566300000000077e-03	-1.572580500000000025e-03
7.416404500000000000e+09	8.054531599999999528e-03	-1.608372399999999976e-03
7.416406625000000000e+09	7.620995600000000404e-03	-1.676662999999999895e-03
7.416408750000000000e+09	7.721618999999999879e-03	-1.418582399999999966e-03
7.416410875000000000e+09	7.685392099999999692e-03	-1.556382200000000103e-03
7.416413000000000000e+09	7.921798799999999266e-03	-1.753199200000000058e-03
7.416415125000000000e+09	7.803873200000000301e-03	-1.602572700000000046e-03
7.416417250000000000e+09	7.864062499999999525e-03	-1.765339400000000020e-03
7.416419375000000000e+09	7.705447600000000022e-03	-1.388776200000000054e-03
7.416421500000000000e+09	7.594131199999999693e-03	-1.363140400000000018e-03
7.416423625000000000e+09	7.694019600000000063e-03	-1.494782199999999906e-03
7.416425750000000000e+09	7.626506699999999715e-03	-1.369868900000000087e-03
7.416427875000000000e+09	7.321270500000000118e-03	-1.688315099999999945e-03
7.416430000000000000e+09	7.685911400000000268e-03	-1.675750300000000042e-03
7.416432125000000000e+09	7.794639299999999577e-03	-1.756447200000000024e-03
7.416434250000000000e+09	7.770714500000000351e-03	-2.018238099999999924e-03
7.416436375000000000e+09	7.675053299999999926e-03	-1.661582499999999943e-03
7.416438500000000000e+09	7.586146900000000082e-03	-1.720319899999999975e-03
7.416440625000000000e+09	7.566035900000000342e-03	-1.794025899999999963e-03
7.416442750000000000e+09	7.760500200000000105e-03	-1.624774600000000041e-03
7.416444875000000000e+09	7.760626599999999840e-03	-1.502195000000000006e-03
7.416447000000000000e+09	7.563269899999999941e-03	-1.529148099999999956e-03
7.416449125000000000e+09	7.954326399999999547e-03	-1.796306300000000003e-03
7.416451250000000000e+09	7.589134899999999857e-03	-1.450709500000000067e-03
7.416453375000000000e+09	7.805546000000000012e-03	-1.615980300000000036e-03
7.416455500000000000e+09	7.619830299999999848e-03	-1.961093200000000192e-03
7.416457625000000000e+09	7.758898299999999852e-03	-1.609070399999999908e-03
7.416459750000000000e+09	7.553865699999999690e-03	-2.079457800000000106e-03
7.416461875000000000e+09	7.553880500000000400e-03	-1.670000299999999929e-03
7.416464000000000000e+09	7.895495299999999439e-03	-1.791212699999999948e-03
7.416466125000000000e+09	7.538028999999999910e-03	-1.396060300000000068e-03
7.416468250000000000e+09	7.307573399999999636e-03	-1.586523299999999942e-03
7.416470375000000000e+09	7.714110300000000253e-03	-1.770155299999999921e-03
7.416472500000000000e+09	7.389153600000000072e-03	-1.707102899999999928e-03
7.416474625000000000e+09	7.554001900000000165e-03	-1.577650099999999920e-03
7.416476750000000000e+09	7.788770599999999752e-03	-1.866552700000000077e-03
7.416478875000000000e+09	7.870319699999999558e-03	-1.872004600000000017e-03
7.416481000000000000e+09	7.718944699999999957e-03	-1.979063999999999997e-03
7.416483125000000000e+09	7.462695899999999966e-03	-1.760609900000000092e-03
7.416485250000000000e+09	7.645739799999999760e-03	-1.877600400000000022e-03
7.416487375000000000e+09	7.560652000000000171e-03	-1.855776900000000043e-03
7.416489500000000000e+09	7.843943799999999328e-03	-1.563334700000000013e-03
7.416491625000000000e+09	7.585554700000000233e-03	-1.895867099999999899e-03
7.416493750000000000e+09	7.928132100000000529e-03	-1.684797200000000099e-03
7.416495875000000000e+09	7.894263300000000858e-03	-2.035556999999999905e-03
7.416498000000000000e+09	7.472392599999999781e-03	-1.457500299999999914e-03
7.416500125000000000e+09	7.749773899999999605e-03	-1.840907900000000007e-03
7.416502250000000000e+09	7.321302800000000291e-03	-1.614879700000000076e-03
7.416504375000000000e+09	7.749862799999999996e-03	-1.877637599999999914e-03
7.416506500000000000e+09	7.397961699999999578e-03	-1.814546999999999905e-03
7.416508625000000000e+09	7.714713899999999652e-03	-1.629205400000000026e-03
7.416510750000000000e+09	7.579321800000000248e-03	-1.790846299999999903e-03
7.416512875000000000e+09	7.702917999999999571e-03	-1.805629800000000057e-03
7.416515000000000000e+09	7.220958700000000216e-03	-1.755165799999999993e-03
7.416517125000000000e+09	7.523648200000000036e-03	-1.763222399999999973e-03
7.416519250000000000e+09	8.065341999999999650e-03	-1.606261000000000104e-03
7.416521375000000000e+09	7.315504900000000324e-03	-1.825003099999999989e-03
7.416523500000000000e+09	7.649324100000000348e-03	-1.911090500000000008e-03
7.416525625000000000e+09	7.338888600000000213e-03	-1.700548600000000065e-03
7.416527750000000000e+09	7.808434099999999982e-03	-1.968871300000000178e-03
7.416529875000000000e+09	7.576786599999999622e-03	-1.754012299999999991e-03
7.416532000000000000e+09	7.679885000000000010e-03	-1.955731300000000152e-03
7.416534125000000000e+09	7.641406199999999961e-03	-2.220428200000000053e-03
7.416536250000000000e+09	7.565853899999999861e-03	-2.011159399999999913e-03
7.416538375000000000e+09	7.790581599999999753e-03	-1.928168600000000057e-03
7.416540500000000000e+09	7.562415200000000351e-03	-1.785286600000000065e-03
7.416542625000000000e+09	7.558200099999999762e-03	-1.719074500000000076e-03
7.416544750000000000e+09	7.407163900000000335e-03	-1.709225399999999900e-03
7.416546875000000000e+09	7.768919699999999803e-03	-1.837814699999999919e-03
7.416549000000000000e+09	7.392507399999999687e-03	-1.904782399999999966e-03
7.416551125000000000e+09	7.840330700000000194e-03	-2.082730499999999822e-03
7.416553250000000000e+09	7.610517100000000271e-03	-1.886903600000000092e-03
7.416555375000000000e+09	7.571918700000000203e-03	-1.856301400000000008e-03
7.416557500000000000e+09	7.396123499999999844e-03	-2.129199899999999895e-03
7.416559625000000000e+09	7.212324800000000265e-03	-2.196424199999999841e-03
7.416561750000000000e+09	7.293840799999999625e-03	-2.033341200000000210e-03
7.416563875000000000e+09	7.485056399999999617e-03	-2.210939800000000146e-03
7.416566000000000000e+09	7.315678299999999606e-03	-2.043778899999999874e-03
7.416568125000000000e+09	7.517348299999999754e-03	-1.887145900000000102e-03
7.416570250000000000e+09	7.449409300000000254e-03	-1.727571399999999931e-03
7.416572375000000000e+09	7.811595600000000375e-03	-1.721395400000000049e-03
7.416574500000000000e+09	7.436746400000000291e-03	-2.110952200000000209e-03
7.416576625000000000e+09	7.247264199999999858e-03	-2.002739400000000045e-03
7.416578750000000000e+09	7.586135699999999732e-03	-1.825915999999999911e-03
7.416580875000000000e+09	7.522093599999999866e-03	-2.212097699999999913e-03
7.416583000000000000e+09	7.837979499999999863e-03	-1.854670899999999976e-03
7.416585125000000000e+09	7.933381800000000039e-03	-2.358457999999999909e-03
7.416587250000000000e+09	7.831157899999999922e-03	-2.203559999999999807e-03
7.416589375000000000e+09	7.374785200000000089e-03	-2.102916900000000120e-03
7.416591500000000000e+09	7.413616500000000213e-03	-2.037993799999999935e-03
7.416593625000000000e+09	7.631630799999999763e-03	-2.094507399999999929e-03
7.416595750000000000e+09	7.539131200000000199e-03	-2.035221199999999887e-03
7.416597875000000000e+09	7.714139200000000134e-03	-1.904089999999999993e-03
7.416600000000000000e+09	7.762560100000000414e-03	-2.055804200000000120e-03
7.416602125000000000e+09	7.481031299999999634e-03	-2.324786900000000000e-03
7.416604250000000000e+09	7.499557900000000318e-03	-2.299532300000000067e-03
7.416606375000000000e+09	7.217407799999999742e-03	-2.327830199999999985e-03
7.416608500000000000e+09	7.572815899999999975e-03	-1.822709800000000104e-03
7.416610625000000000e+09	7.676854799999999722e-03	-2.047194200000000078e-03
7.416612750000000000e+09	7.653936600000000277e-03	-2.099304299999999856e-03
7.416614875000000000e+09	7.416911400000000126e-03	-2.411974199999999957e-03
7.416617000000000000e+09	7.154966999999999924e-03	-2.321724900000000143e-03
7.416619125000000000e+09	7.729187299999999879e-03	-2.416418599999999809e-03
7.416621250000000000e+09	7.251375400000000145e-03	-2.293143000000000091e-03
7.416623375000000000e+09	7.421318799999999938e-03	-2.175573599999999861e-03
7.416625500000000000e+09	7.386617399999999972e-03	-2.370384299999999788e-03
7.416627625000000000e+09	7.436935300000000089e-03	-2.258515200000000070e-03
7.416629750000000000e+09	7.306901299999999863e-03	-2.098985099999999861e-03
7.416631875000000000e+09	7.286575600000000201e-03	-2.252018000000000162e-03
7.416634000000000000e+09	7.621691899999999756e-03	-2.471327100000000193e-03
7.416636125000000000e+09	7.236348400000000222e-03	-2.013358099999999849e-03
7.416638250000000000e+09	7.832486399999999752e-03	-2.201681300000000140e-03
7.416640375000000000e+09	7.422530600000000305e-03	-2.289637900000000056e-03
7.416642500000000000e+09	7.435771400000000010e-03	-2.576618000000000137e-03
7.416644625000000000e+09	7.614445600000000272e-03	-2.278486000000000140e-03
7.416646750000000000e+09	7.442139300000000061e-03	-2.306219700000000216e-03
7.416648875000000000e+09	7.207121399999999629e-03	-2.290688300000000028e-03
7.416651000000000000e+09	7.290221999999999848e-03	-2.223642000000000066e-03
7.416653125000000000e+09	7.610711499999999775e-03	-2.056889799999999952e-03
7.416655250000000000e+09	7.243184800000000007e-03	-2.316338199999999885e-03
7.416657375000000000e+09	7.501520700000000041e-03	-2.219161400000000013e-03
7.416659500000000000e+09	7.575130700000000036e-03	-2.683042599999999837e-03
7.416661625000000000e+09	7.312326899999999942e-03	-2.259212500000000196e-03
7.416663750000000000e+09	7.419787599999999941e-03	-2.369363199999999833e-03
7.416665875000000000e+09	7.374649300000000150e-03	-2.545520199999999969e-03
7.416668000000000000e+09	7.454911100000000297e-03	-2.627578700000000010e-03
7.416670125000000000e+09	7.906997199999999879e-03	-2.285039100000000028e-03
7.416672250000000000e+09	7.429711399999999570e-03	-2.168081300000000190e-03
7.416674375000000000e+09	7.531030799999999595e-03	-2.592281200000000167e-03
7.416676500000000000e+09	7.751219200000000233e-03	-2.456519700000000129e-03
7.416678625000000000e+09	7.438571100000000193e-03	-2.493466000000000172e-03
7.416680750000000000e+09	7.240085999999999744e-03	-2.248027100000000132e-03
7.416682875000000000e+09	7.105290099999999817e-03	-2.302075299999999883e-03
7.416685000000000000e+09	7.593146599999999607e-03	-2.445058200000000022e-03
7.416687125000000000e+09	7.427034800000000166e-03	-2.752186900000000089e-03
7.416689250000000000e+09	7.522936200000000101e-03	-2.448761499999999990e-03
7.416691375000000000e+09	7.162265800000000397e-03	-2.565709599999999990e-03
7.416693500000000000e+09	7.149187700000000228e-03	-2.298468799999999965e-03
7.416695625000000000e+09	7.386016999999999930e-03	-2.276530799999999972e-03
7.416697750000000000e+09	7.837822200000000433e-03	-2.122762499999999997e-03
7.416699875000000000e+09	7.345457300000000217e-03	-2.083789400000000090e-03
7.416702000000000000e+09	7.173069100000000267e-03	-2.378798699999999915e-03
7.416704125000000000e+09	7.261150699999999875e-03	-2.491645600000000002e-03
7.416706250000000000e+09	7.206612400000000397e-03	-2.452419099999999987e-03
7.416708375000000000e+09	7.455333300000000288e-03	-2.849975600000000022e-03
7.416710500000000000e+09	7.294322599999999990e-03	-2.183472200000000172e-03
7.416712625000000000e+09	7.322292600000000415e-03	-2.525291099999999855e-03
7.416714750000000000e+09	7.141310100000000140e-03	-2.550640700000000091e-03
7.416716875000000000e+09	7.337235099999999711e-03	-2.587821599999999903e-03
7.416719000000000000e+09	7.246149300000000008e-03	-2.447651099999999941e-03
7.416721125000000000e+09	7.433432599999999571e-03	-2.550901300000000052e-03
7.416723250000000000e+09	7.114789199999999904e-03	-1.950925100000000089e-03
7.416725375000000000e+09	7.456880899999999805e-03	-2.846326000000000151e-03
7.416727500000000000e+09	7.211531600000000396e-03	-2.431371800000000152e-03
7.416729625000000000e+09	7.251892000000000234e-03	-2.764917200000000051e-03
7.416731750000000000e+09	7.477389200000000152e-03	-2.680185299999999961e-03
7.416733875000000000e+09	7.121255299999999615e-03	-2.663967199999999792e-03
7.416736000000000000e+09	7.195970599999999655e-03	-2.431881700000000125e-03
7.416738125000000000e+09	7.315220499999999619e-03	-2.354488000000000067e-03
7.416740250000000000e+09	7.273279700000000354e-03	-2.651189300000000078e-03
7.416742375000000000e+09	7.242755200000000095e-03	-2.441937800000000200e-03
7.416744500000000000e+09	7.499327800000000349e-03	-2.448168100000000166e-03
7.416746625000000000e+09	7.135149500000000089e-03	-2.772870700000000001e-03
7.416748750000000000e+09	7.111005200000000172e-03	-2.366175299999999978e-03
7.416750875000000000e+09	7.336732999999999796e-03	-2.554080700000000044e-03
7.416753000000000000e+09	7.252769499999999793e-03	-2.321407799999999997e-03
7.416755125000000000e+09	7.274088899999999608e-03	-2.369754799999999797e-03
7.416757250000000000e+09	7.298260299999999659e-03	-2.888753300000000083e-03
7.416759375000000000e+09	7.188347900000000186e-03	-2.331797000000000036e-03
7.416761500000000000e+09	7.242778600000000268e-03	-2.641103699999999919e-03
7.416763625000000000e+09	7.319890499999999640e-03	-3.051855400000000156e-03
7.416765750000000000e+09	7.206079699999999588e-03	-2.531094800000000065e-03
7.416767875000000000e+09	7.433840199999999787e-03	-2.566849500000000124e-03
7.416770000000000000e+09	7.324457099999999964e-03	-2.810403500000000117e-03
7.416772125000000000e+09	7.336010599999999784e-03	-2.517636000000000179e-03
7.416774250000000000e+09	7.150212199999999609e-03	-2.516283800000000074e-03
7.416776375000000000e+09	7.506486700000000387e-03	-2.603655199999999927e-03
7.416778500000000000e+09	7.397739199999999599e-03	-2.743661799999999942e-03
7.416780625000000000e+09	7.123176600000000365e-03	-2.623755199999999819e-03
7.416782750000000000e+09	7.124109200000000065e-03	-2.997315999999999869e-03
7.416784875000000000e+09	7.451102700000000051e-03	-2.735893899999999965e-03
7.416787000000000000e+09	7.380590900000000114e-03	-2.648608299999999881e-03
7.416789125000000000e+09	7.484024399999999848e-03	-2.726946000000000057e-03
7.416791250000000000e+09	7.212677600000000008e-03	-2.672218400000000212e-03
7.416793375000000000e+09	7.150084000000000127e-03	-2.886351300000000210e-03
7.416795500000000000e+09	7.112569899999999883e-03	-2.590289999999999867e-03
7.416797625000000000e+09	7.231048200000000405e-03	-2.667015500000000181e-03
7.416799750000000000e+09	7.093292099999999774e-03	-3.165431600000000005e-03
7.416801875000000000e+09	7.068063799999999702e-03	-2.430029099999999817e-03
7.416804000000000000e+09	7.030743300000000424e-03	-2.625274800000000196e-03
7.416806125000000000e+09	7.381941700000000176e-03	-3.163143700000000010e-03
7.416808250000000000e+09	7.373391099999999573e-03	-2.922601800000000204e-03
7.416810375000000000e+09	7.197651099999999823e-03	-2.991712100000000138e-03
7.416812500000000000e+09	7.443926200000000083e-03	-2.644674799999999909e-03
7.416814625000000000e+09	7.295725099999999901e-03	-2.781991900000000024e-03
7.416816750000000000e+09	7.020634100000000023e-03	-2.820353199999999904e-03
7.416818875000000000e+09	7.376409799999999843e-03	-2.976429699999999859e-03
7.416821000000000000e+09	7.435041800000000145e-03	-2.625794299999999973e-03
7.416823125000000000e+09	7.105871300000000251e-03	-2.808403699999999920e-03
7.416825250000000000e+09	7.078574699999999609e-03	-2.997285000000000140e-03
7.416827375000000000e+09	7.131921900000000140e-03	-2.945372700000000159e-03
7.416829500000000000e+09	7.096142500000000332e-03	-2.829663300000000159e-03
7.416831625000000000e+09	7.305353900000000414e-03	-2.715249400000000011e-03
7.416833750000000000e+09	7.564788900000000114e-03	-3.067935899999999806e-03
7.416835875000000000e+09	6.820524700000000357e-03	-2.884675399999999876e-03
7.416838000000000000e+09	7.048793599999999583e-03	-2.686378799999999956e-03
7.416840125000000000e+09	7.182881599999999672e-03	-2.697086200000000083e-03
7.416842250000000000e+09	7.338497000000000249e-03	-2.922652500000000146e-03
7.416844375000000000e+09	6.881039799999999658e-03	-2.832252500000000117e-03
7.416846500000000000e+09	7.193825299999999714e-03	-3.160706499999999843e-03
7.416848625000000000e+09	7.063015899999999618e-03	-2.911664000000000006e-03
7.416850750000000000e+09	7.457282600000000178e-03	-3.039116599999999897e-03
7.416852875000000000e+09	7.275612800000000151e-03	-3.134407300000000181e-03
7.416855000000000000e+09	6.731547899999999925e-03	-2.973554199999999849e-03
7.416857125000000000e+09	6.692990600000000428e-03	-3.180393000000000109e-03
7.416859250000000000e+09	6.851091299999999794e-03	-2.980110399999999927e-03
7.416861375000000000e+09	7.190254800000000363e-03	-3.063986099999999914e-03
7.416863500000000000e+09	7.350563600000000267e-03	-3.145481400000000021e-03
7.416865625000000000e+09	7.196147400000000097e-03	-2.885814300000000103e-03
7.416867750000000000e+09	6.936946900000000131e-03	-2.500915900000000129e-03
7.416869875000000000e+09	7.261424499999999567e-03	-2.958249400000000171e-03
7.416872000000000000e+09	7.074635099999999725e-03	-3.133285400000000113e-03
7.416874125000000000e+09	6.719362399999999694e-03	-3.196454999999999956e-03
7.416876250000000000e+09	7.122556000000000373e-03	-3.546199299999999981e-03
7.416878375000000000e+09	7.061653900000000074e-03	-2.946129000000000022e-03
7.416880500000000000e+09	6.887158499999999732e-03	-2.745645200000000185e-03
7.416882625000000000e+09	7.073445900000000126e-03	-3.189306399999999962e-03
7.416884750000000000e+09	6.861100600000000389e-03	-3.096788100000000092e-03
7.416886875000000000e+09	6.626454599999999709e-03	-3.135948600000000152e-03
7.416889000000000000e+09	7.041510499999999693e-03	-3.154563100000000019e-03
7.416891125000000000e+09	7.023423099999999593e-03	-3.090245599999999915e-03
7.416893250000000000e+09	6.996881899999999807e-03	-3.045040299999999828e-03
7.416895375000000000e+09	6.858550500000000320e-03	-3.057057499999999914e-03
7.416897500000000000e+09	7.160006899999999883e-03	-3.232143399999999958e-03
7.416899625000000000e+09	6.804077599999999726e-03	-2.743246899999999839e-03
7.416901750000000000e+09	7.002063099999999811e-03	-3.259231699999999825e-03
7.416903875000000000e+09	6.947606999999999741e-03	-3.340161899999999785e-03
7.416906000000000000e+09	7.250533200000000046e-03	-2.838863100000000098e-03
7.416908125000000000e+09	7.090772999999999868e-03	-3.268620099999999893e-03
7.416910250000000000e+09	7.193793500000000146e-03	-2.832153599999999785e-03
7.416912375000000000e+09	7.113261800000000336e-03	-3.194492900000000038e-03
7.416914500000000000e+09	6.960718700000000092e-03	-2.906587300000000075e-03
7.416916625000000000e+09	6.911529700000000262e-03	-3.163678100000000097e-03
7.416918750000000000e+09	6.632476200000000065e-03	-2.970509499999999820e-03
7.416920875000000000e+09	7.367158999999999860e-03	-3.366453699999999959e-03
7.416923000000000000e+09	7.076419799999999864e-03	-3.324148600000000064e-03
7.416925125000000000e+09	6.833314800000000327e-03	-2.889473400000000178e-03
7.416927250000000000e+09	7.216873000000000385e-03	-3.083166699999999837e-03
7.416929375000000000e+09	6.899559500000000158e-03	-3.099364800000000125e-03
7.416931500000000000e+09	6.997732199999999632e-03	-3.132687199999999953e-03
7.416933625000000000e+09	6.730253000000000277e-03	-3.167086400000000083e-03
7.416935750000000000e+09	7.228722199999999994e-03	-3.322640200000000037e-03
7.416937875000000000e+09	7.058150000000000014e-03	-3.073699999999999957e-03
7.416940000000000000e+09	7.076755700000000350e-03	-3.085366999999999884e-03
7.416942125000000000e+09	6.966429500000000281e-03	-3.043097099999999850e-03
7.416944250000000000e+09	6.700580700000000056e-03	-3.382525300000000044e-03
7.416946375000000000e+09	7.035735100000000027e-03	-3.272710299999999958e-03
7.416948500000000000e+09	7.134610300000000099e-03	-3.473820500000000030e-03
7.416950625000000000e+09	7.071381199999999916e-03	-2.889491599999999879e-03
7.416952750000000000e+09	6.941439100000000237e-03	-3.096493100000000109e-03
7.416954875000000000e+09	6.576975500000000266e-03	-3.403341299999999934e-03
7.416957000000000000e+09	6.832930400000000216e-03	-3.411358099999999786e-03
7.416959125000000000e+09	7.106791900000000196e-03	-3.468517799999999793e-03
7.416961250000000000e+09	7.168728200000000148e-03	-3.699388699999999874e-03
7.416963375000000000e+09	7.038072999999999725e-03	-3.513482999999999971e-03
7.416965500000000000e+09	6.789097899999999887e-03	-3.303456699999999992e-03
7.416967625000000000e+09	6.845661099999999881e-03	-3.508517499999999796e-03
7.416969750000000000e+09	6.853806100000000082e-03	-3.273033199999999913e-03
7.416971875000000000e+09	6.924295799999999855e-03	-3.446493399999999829e-03
7.416974000000000000e+09	6.890334399999999831e-03	-3.310919900000000148e-03
7.416976125000000000e+09	6.593829300000000372e-03	-3.023789800000000090e-03
7.416978250000000000e+09	6.508856599999999701e-03	-3.427925000000000069e-03
7.416980375000000000e+09	6.826157599999999569e-03	-3.047675399999999826e-03
7.416982500000000000e+09	7.078156500000000115e-03	-3.068368299999999806e-03
7.416984625000000000e+09	7.019425499999999880e-03	-3.124293700000000014e-03
7.416986750000000000e+09	7.185155999999999835e-03	-3.520182299999999841e-03
7.416988875000000000e+09	7.006262299999999749e-03	-3.000118500000000139e-03
7.416991000000000000e+09	6.866744000000000146e-03	-3.209499800000000045e-03
7.416993125000000000e+09	7.184386000000000071e-03	-3.220050099999999943e-03
7.416995250000000000e+09	6.749081199999999725e-03	-3.480791500000000177e-03
7.416997375000000000e+09	7.227486600000000184e-03	-3.460923900000000171e-03
7.416999500000000000e+09	7.062653999999999807e-03	-3.184409500000000195e-03
7.417001625000000000e+09	6.996884000000000089e-03	-3.075237299999999865e-03
7.417003750000000000e+09	6.857393300000000358e-03	-3.485310200000000212e-03
7.417005875000000000e+09	6.436907799999999798e-03	-3.578646300000000099e-03
7.417008000000000000e+09	6.967907800000000020e-03	-3.218560100000000118e-03
7.417010125000000000e+09	6.754368799999999583e-03	-3.365668899999999918e-03
7.417012250000000000e+09	6.571152900000000116e-03	-3.544883899999999848e-03
7.417014375000000000e+09	6.976053200000000357e-03	-3.555065999999999955e-03
7.417016500000000000e+09	6.645492299999999908e-03	-3.463388400000000106e-03
7.417018625000000000e+09	6.807613199999999753e-03	-3.371151299999999851e-03
7.417020750000000000e+09	6.957050000000000213e-03	-3.240890800000000016e-03
7.417022875000000000e+09	6.965081300000000239e-03	-3.240521399999999816e-03
7.417025000000000000e+09	6.854785399999999661e-03	-3.151317399999999970e-03
7.417027125000000000e+09	6.586037399999999584e-03	-3.150535099999999915e-03
7.417029250000000000e+09	6.634134400000000001e-03	-3.854902500000000065e-03
7.417031375000000000e+09	6.922454899999999633e-03	-3.809695599999999866e-03
7.417033500000000000e+09	6.701407900000000244e-03	-3.420963300000000058e-03
7.417035625000000000e+09	6.661315200000000186e-03	-3.819586399999999951e-03
7.417037750000000000e+09	6.813331800000000001e-03	-3.280190100000000136e-03
7.417039875000000000e+09	6.662130199999999683e-03	-3.056829499999999793e-03
7.417042000000000000e+09	6.538778299999999967e-03	-3.226597400000000022e-03
7.417044125000000000e+09	6.793629300000000350e-03	-3.389837000000000145e-03
7.417046250000000000e+09	6.961795899999999662e-03	-3.649475299999999783e-03
7.417048375000000000e+09	6.751963399999999851e-03	-3.488400999999999915e-03
7.417050500000000000e+09	6.491811800000000382e-03	-3.792319299999999827e-03
7.417052625000000000e+09	6.536600000000000049e-03	-3.521202099999999786e-03
7.417054750000000000e+09	6.790486200000000160e-03	-3.387105699999999869e-03
7.417056875000000000e+09	6.701597499999999846e-03	-3.861597999999999940e-03
7.417059000000000000e+09	6.880316000000000036e-03	-3.686313499999999826e-03
7.417061125000000000e+09	6.895804699999999975e-03	-3.710714400000000076e-03
7.417063250000000000e+09	6.750575299999999647e-03	-3.384625899999999920e-03
7.417065375000000000e+09	6.843707899999999962e-03	-3.473273800000000085e-03
7.417067500000000000e+09	6.543841699999999699e-03	-3.747762799999999807e-03
7.417069625000000000e+09	6.979732100000000244e-03	-3.803314099999999948e-03
7.417071750000000000e+09	6.380483200000000230e-03	-3.528501399999999996e-03
7.417073875000000000e+09	6.758476200000000308e-03	-3.566057200000000149e-03
7.417076000000000000e+09	6.543130200000000368e-03	-3.753674399999999949e-03
7.417078125000000000e+09	6.791918000000000087e-03	-3.843635399999999896e-03
7.417080250000000000e+09	6.422993600000000310e-03	-3.714135199999999987e-03
7.417082375000000000e+09	6.872549300000000035e-03	-3.573529000000000202e-03
7.417084500000000000e+09	6.757765699999999584e-03	-3.756720900000000158e-03
7.417086625000000000e+09	6.863328800000000410e-03	-3.395003699999999975e-03
7.417088750000000000e+09	6.954187500000000299e-03	-3.553475400000000086e-03
7.417090875000000000e+09	6.923274899999999968e-03	-3.422689300000000129e-03
7.417093000000000000e+09	6.529780599999999990e-03	-3.777545199999999843e-03
7.417095125000000000e+09	6.692921499999999850e-03	-3.764996499999999791e-03
7.417097250000000000e+09	6.777212900000000213e-03	-3.535767400000000126e-03
7.417099375000000000e+09	6.374466999999999980e-03	-3.401838500000000081e-03
7.417101500000000000e+09	6.638796100000000228e-03	-3.667679799999999917e-03
7.417103625000000000e+09	6.585661199999999667e-03	-3.546958900000000102e-03
7.417105750000000000e+09	6.468083799999999745e-03	-3.750942000000000165e-03
7.417107875000000000e+09	6.880873000000000024e-03	-3.350528000000000187e-03
7.417110000000000000e+09	6.651203399999999766e-03	-3.711503599999999882e-03
7.417112125000000000e+09	6.835039900000000092e-03	-3.577172500000000161e-03
7.417114250000000000e+09	6.620988399999999663e-03	-3.843933700000000137e-03
7.417116375000000000e+09	6.343356399999999784e-03	-3.696549800000000201e-03
7.417118500000000000e+09	6.533608199999999845e-03	-3.696629199999999955e-03
7.417120625000000000e+09	6.918863699999999728e-03	-3.857740200000000196e-03
7.417122750000000000e+09	6.457681199999999906e-03	-3.524854200000000076e-03
7.417124875000000000e+09	6.413901700000000303e-03	-3.866101399999999962e-03
7.417127000000000000e+09	6.727473500000000044e-03	-3.665810800000000088e-03
7.417129125000000000e+09	6.633316499999999949e-03	-3.471408300000000148e-03
7.417131250000000000e+09	6.644841400000000425e-03	-3.752516600000000216e-03
7.417133375000000000e+09	6.316092500000000318e-03	-3.491382700000000144e-03
7.417135500000000000e+09	6.916585900000000141e-03	-4.176580099999999650e-03
7.417137625000000000e+09	6.842628100000000373e-03	-3.854391799999999819e-03
7.417139750000000000e+09	7.006679699999999837e-03	-3.556636000000000172e-03
7.417141875000000000e+09	6.628641400000000357e-03	-3.959351300000000379e-03
7.417144000000000000e+09	6.561977800000000360e-03	-3.506644499999999904e-03
7.417146125000000000e+09	6.663031800000000088e-03	-3.468628200000000144e-03
7.417148250000000000e+09	6.848790100000000033e-03	-3.649269200000000192e-03
7.417150375000000000e+09	6.730748200000000007e-03	-3.838825200000000205e-03
7.417152500000000000e+09	6.634673599999999991e-03	-3.937231299999999906e-03
7.417154625000000000e+09	6.669262900000000327e-03	-3.979766899999999906e-03
7.417156750000000000e+09	6.788218199999999578e-03	-3.556699999999999879e-03
7.417158875000000000e+09	6.608695700000000173e-03	-3.705500599999999797e-03
7.417161000000000000e+09	6.563636799999999702e-03	-4.176502200000000407e-03
7.417163125000000000e+09	6.529600699999999792e-03	-3.871664600000000126e-03
7.417165250000000000e+09	6.422513200000000422e-03	-3.901916499999999802e-03
7.417167375000000000e+09	6.066048699999999905e-03	-3.519630799999999993e-03
7.417169500000000000e+09	6.305772599999999624e-03	-3.859827699999999941e-03
7.417171625000000000e+09	6.582402299999999887e-03	-3.828110699999999825e-03
7.417173750000000000e+09	6.465184199999999756e-03	-3.754784900000000033e-03
7.417175875000000000e+09	6.614116100000000213e-03	-3.889951300000000101e-03
7.417178000000000000e+09	6.684467500000000097e-03	-3.690254500000000187e-03
7.417180125000000000e+09	6.448167099999999909e-03	-4.027712299999999801e-03
7.417182250000000000e+09	6.587805799999999802e-03	-3.661696400000000011e-03
7.417184375000000000e+09	6.440781700000000262e-03	-3.718212499999999990e-03
7.417186500000000000e+09	6.363096099999999977e-03	-3.843927300000000123e-03
7.417188625000000000e+09	6.413243100000000363e-03	-4.262945700000000428e-03
7.417190750000000000e+09	6.507475199999999613e-03	-3.788319499999999798e-03
7.417192875000000000e+09	6.419734100000000325e-03	-4.114226799999999747e-03
7.417195000000000000e+09	6.868517999999999672e-03	-3.758895899999999818e-03
7.417197125000000000e+09	6.521188800000000084e-03	-3.919752000000000305e-03
7.417199250000000000e+09	6.340033800000000400e-03	-3.856403200000000069e-03
7.417201375000000000e+09	6.229341099999999819e-03	-3.970928700000000110e-03
7.417203500000000000e+09	6.577173700000000199e-03	-4.200731400000000219e-03
7.417205625000000000e+09	6.751072599999999660e-03	-4.081765799999999625e-03
7.417207750000000000e+09	6.684044800000000369e-03	-4.006809400000000201e-03
7.417209875000000000e+09	6.273089699999999727e-03	-3.901855100000000114e-03
7.417212000000000000e+09	6.466825899999999704e-03	-4.249628699999999891e-03
7.417214125000000000e+09	6.562092500000000009e-03	-3.878501300000000013e-03
7.417216250000000000e+09	6.460879000000000101e-03	-3.795359400000000022e-03
7.417218375000000000e+09	6.572381100000000004e-03	-3.744914299999999897e-03
7.417220500000000000e+09	6.516302800000000131e-03	-3.834887700000000170e-03
7.417222625000000000e+09	6.811164800000000033e-03	-4.117141799999999782e-03
7.417224750000000000e+09	6.431771099999999790e-03	-3.957371000000000326e-03
7.417226875000000000e+09	6.525246600000000376e-03	-4.084056099999999571e-03
7.417229000000000000e+09	6.244643900000000115e-03	-4.278652699999999781e-03
7.417231125000000000e+09	6.666706700000000346e-03	-3.858454299999999979e-03
7.417233250000000000e+09	6.287047100000000069e-03	-4.246735700000000419e-03
7.417235375000000000e+09	6.643174600000000159e-03	-3.966178899999999764e-03
7.417237500000000000e+09	6.356606300000000424e-03	-4.038453200000000076e-03
7.417239625000000000e+09	6.346691800000000064e-03	-4.158468999999999707e-03
7.417241750000000000e+09	6.015297999999999652e-03	-3.940195900000000376e-03
7.417243875000000000e+09	6.488092800000000264e-03	-4.126835500000000309e-03
7.417246000000000000e+09	6.741974999999999878e-03	-4.093677599999999764e-03
7.417248125000000000e+09	6.078533700000000352e-03	-4.088055200000000229e-03
7.417250250000000000e+09	5.976356999999999850e-03	-4.022116600000000264e-03
7.417252375000000000e+09	6.398454199999999668e-03	-4.157981100000000298e-03
7.417254500000000000e+09	6.446882200000000201e-03	-4.137465199999999961e-03
7.417256625000000000e+09	6.228353399999999977e-03	-4.156282399999999995e-03
7.417258750000000000e+09	6.648078400000000110e-03	-3.865146399999999996e-03
7.417260875000000000e+09	6.520585800000000022e-03	-4.375771599999999859e-03
7.417263000000000000e+09	6.120399599999999662e-03	-4.102764299999999732e-03
7.417265125000000000e+09	6.146910499999999958e-03	-3.918327400000000231e-03
7.417267250000000000e+09	6.495063399999999841e-03	-4.011701500000000066e-03
7.417269375000000000e+09	6.344352900000000024e-03	-4.079579300000000380e-03
7.417271500000000000e+09	6.266434599999999751e-03	-4.444111300000000257e-03
7.417273625000000000e+09	6.456914000000000230e-03	-4.070014799999999676e-03
7.417275750000000000e+09	6.384796199999999942e-03	-4.166325200000000305e-03
7.417277875000000000e+09	6.392142499999999700e-03	-4.219179200000000053e-03
7.417280000000000000e+09	6.610408499999999646e-03	-4.397220299999999964e-03
7.417282125000000000e+09	6.203944799999999704e-03	-3.926423000000000066e-03
7.417284250000000000e+09	6.453583399999999852e-03	-4.369076700000000188e-03
7.417286375000000000e+09	6.735887599999999635e-03	-3.928347900000000309e-03
7.417288500000000000e+09	6.137204299999999939e-03	-4.016360899999999942e-03
7.417290625000000000e+09	6.046542900000000109e-03	-3.983540600000000029e-03
7.417292750000000000e+09	6.330714900000000180e-03	-4.224211999999999759e-03
7.417294875000000000e+09	6.184554600000000298e-03	-3.794749699999999844e-03
7.417297000000000000e+09	6.250144800000000285e-03	-4.093613599999999624e-03
7.417299125000000000e+09	6.516290800000000376e-03	-4.129670799999999621e-03
7.417301250000000000e+09	6.429170399999999813e-03	-3.816843999999999792e-03
7.417303375000000000e+09	6.329006300000000404e-03	-4.320840000000000271e-03
7.417305500000000000e+09	6.249871599999999930e-03	-4.556345399999999976e-03
7.417307625000000000e+09	6.367600999999999643e-03	-3.954004700000000351e-03
7.417309750000000000e+09	6.397368799999999904e-03	-4.082609600000000269e-03
7.417311875000000000e+09	6.492073200000000183e-03	-4.472761900000000318e-03
7.417314000000000000e+09	6.171304800000000125e-03	-4.376289000000000221e-03
7.417316125000000000e+09	6.034692799999999760e-03	-4.387837900000000207e-03
7.417318250000000000e+09	6.474356500000000292e-03	-4.335110300000000194e-03
7.417320375000000000e+09	6.263144499999999740e-03	-4.229022300000000352e-03
7.417322500000000000e+09	6.137916499999999942e-03	-4.469993499999999967e-03
7.417324625000000000e+09	6.042112999999999998e-03	-4.462625999999999919e-03
7.417326750000000000e+09	6.707054199999999688e-03	-4.202056200000000089e-03
7.417328875000000000e+09	6.231889499999999742e-03	-4.303855900000000401e-03
7.417331000000000000e+09	6.362005300000000106e-03	-4.496784799999999603e-03
7.417333125000000000e+09	6.257509999999999982e-03	-4.288118500000000222e-03
7.417335250000000000e+09	6.237544099999999848e-03	-4.008572299999999845e-03
7.417337375000000000e+09	6.016348399999999624e-03	-4.184284600000000125e-03
7.417339500000000000e+09	6.372896799999999695e-03	-4.501734900000000164e-03
7.417341625000000000e+09	6.164327399999999964e-03	-4.162578200000000180e-03
7.417343750000000000e+09	6.242054799999999758e-03	-4.191616199999999640e-03
7.417345875000000000e+09	6.520780999999999800e-03	-4.555525999999999846e-03
7.417348000000000000e+09	6.439678400000000032e-03	-4.392467700000000398e-03
7.417350125000000000e+09	5.958533099999999832e-03	-4.551686299999999769e-03
7.417352250000000000e+09	5.987474700000000247e-03	-4.208256799999999902e-03
7.417354375000000000e+09	6.311198300000000171e-03	-4.298808299999999985e-03
7.417356500000000000e+09	6.500786700000000390e-03	-4.226065499999999940e-03
7.417358625000000000e+09	6.089615700000000284e-03	-4.048396200000000181e-03
7.417360750000000000e+09	5.990318100000000152e-03	-4.254061400000000090e-03
7.417362875000000000e+09	6.316699500000000009e-03	-4.339616900000000006e-03
7.417365000000000000e+09	6.117287699999999703e-03	-4.458767399999999902e-03
7.417367125000000000e+09	5.925777800000000400e-03	-4.516168600000000297e-03
7.417369250000000000e+09	6.464974099999999668e-03	-4.108150300000000185e-03
7.417371375000000000e+09	6.275850599999999689e-03	-4.390108700000000010e-03
7.417373500000000000e+09	6.223751399999999726e-03	-4.390315500000000273e-03
7.417375625000000000e+09	6.485356000000000280e-03	-4.531235100000000245e-03
7.417377750000000000e+09	5.925121200000000275e-03	-4.428580199999999738e-03
7.417379875000000000e+09	6.160753199999999784e-03	-4.426734600000000082e-03
7.417382000000000000e+09	6.135552100000000314e-03	-4.218860700000000297e-03
7.417384125000000000e+09	5.934472700000000336e-03	-4.324112100000000215e-03
7.417386250000000000e+09	5.926055999999999858e-03	-4.645108400000000359e-03
7.417388375000000000e+09	6.173972100000000261e-03	-4.310744400000000170e-03
7.417390500000000000e+09	6.219969399999999808e-03	-4.301263700000000287e-03
7.417392625000000000e+09	6.157586999999999956e-03	-4.230094700000000020e-03
7.417394750000000000e+09	5.858802800000000033e-03	-4.402941999999999967e-03
7.417396875000000000e+09	6.182045800000000001e-03	-4.375255500000000373e-03
7.417399000000000000e+09	6.211835800000000025e-03	-4.450320800000000070e-03
7.417401125000000000e+09	5.986754300000000049e-03	-4.417875199999999995e-03
7.417403250000000000e+09	5.891323999999999866e-03	-4.378315399999999948e-03
7.417405375000000000e+09	6.190356400000000293e-03	-5.009282399999999587e-03
7.417407500000000000e+09	6.276109999999999675e-03	-4.659032700000000256e-03
7.417409625000000000e+09	6.049898599999999939e-03	-4.153171399999999909e-03
7.417411750000000000e+09	5.623256000000000088e-03	-4.911891199999999895e-03
7.417413875000000000e+09	6.008156599999999944e-03	-4.227813900000000277e-03
7.417416000000000000e+09	6.245867500000000169e-03	-4.435952899999999824e-03
7.417418125000000000e+09	5.976318900000000302e-03	-4.594444500000000216e-03
7.417420250000000000e+09	6.109955599999999584e-03	-4.774023500000000239e-03
7.417422375000000000e+09	6.013397699999999992e-03	-4.456142700000000414e-03
7.417424500000000000e+09	6.126362399999999916e-03	-4.500821099999999936e-03
7.417426625000000000e+09	5.754373999999999600e-03	-4.357521900000000357e-03
7.417428750000000000e+09	5.900971300000000183e-03	-4.411405999999999661e-03
7.417430875000000000e+09	5.973656600000000136e-03	-4.326757799999999925e-03
7.417433000000000000e+09	5.833685800000000185e-03	-4.464527200000000320e-03
7.417435125000000000e+09	6.349666799999999743e-03	-4.421875500000000195e-03
7.417437250000000000e+09	5.909759399999999809e-03	-4.372745600000000135e-03
7.417439375000000000e+09	5.809712800000000135e-03	-4.855381700000000432e-03
7.417441500000000000e+09	6.340310600000000248e-03	-4.308466000000000379e-03
7.417443625000000000e+09	6.271494800000000126e-03	-4.395093800000000363e-03
7.417445750000000000e+09	6.214734300000000072e-03	-4.360777599999999914e-03
7.417447875000000000e+09	5.936949399999999662e-03	-4.747019100000000359e-03
7.417450000000000000e+09	5.823949999999999613e-03	-4.616801799999999643e-03
7.417452125000000000e+09	5.840893100000000247e-03	-4.673612399999999868e-03
7.417454250000000000e+09	6.094261499999999859e-03	-4.517657399999999712e-03
7.417456375000000000e+09	6.048381999999999717e-03	-4.776642099999999815e-03
7.417458500000000000e+09	6.053569899999999837e-03	-4.130807900000000102e-03
7.417460625000000000e+09	6.167414999999999876e-03	-4.672226800000000083e-03
7.417462750000000000e+09	5.560670799999999601e-03	-4.504873999999999858e-03
7.417464875000000000e+09	5.750057499999999995e-03	-4.847235699999999890e-03
7.417467000000000000e+09	6.140455700000000197e-03	-4.541354000000000050e-03
7.417469125000000000e+09	6.039775499999999568e-03	-4.417581099999999886e-03
7.417471250000000000e+09	6.135856799999999701e-03	-4.486093200000000093e-03
7.417473375000000000e+09	5.921004799999999950e-03	-4.729219800000000057e-03
7.417475500000000000e+09	5.972358799999999933e-03	-4.786037600000000135e-03
7.417477625000000000e+09	6.128016699999999824e-03	-4.708532199999999716e-03
7.417479750000000000e+09	5.821903300000000336e-03	-4.971382100000000352e-03
7.417481875000000000e+09	5.848501499999999610e-03	-4.506887900000000093e-03
7.417484000000000000e+09	6.138283100000000055e-03	-4.599171899999999862e-03
7.417486125000000000e+09	6.123632700000000186e-03	-4.780858699999999614e-03
7.417488250000000000e+09	5.616396600000000267e-03	-4.341534000000000192e-03
7.417490375000000000e+09	6.218212100000000339e-03	-4.761303899999999589e-03
7.417492500000000000e+09	6.076420299999999580e-03	-5.095002199999999586e-03
7.417494625000000000e+09	5.974578500000000091e-03	-4.715115899999999631e-03
7.417496750000000000e+09	6.119785899999999855e-03	-4.649659199999999631e-03
7.417498875000000000e+09	6.236326500000000106e-03	-4.987277000000000030e-03
7.417501000000000000e+09	5.960994899999999715e-03	-4.765796000000000095e-03
7.417503125000000000e+09	5.858898500000000141e-03	-4.560587399999999764e-03
7.417505250000000000e+09	6.175581900000000173e-03	-4.762719700000000132e-03
7.417507375000000000e+09	5.745324999999999911e-03	-4.640701799999999953e-03
7.417509500000000000e+09	6.168143600000000268e-03	-4.369558299999999618e-03
7.417511625000000000e+09	5.886212899999999915e-03	-4.647613899999999965e-03
7.417513750000000000e+09	6.077496600000000145e-03	-4.620828399999999704e-03
7.417515875000000000e+09	5.795460199999999742e-03	-4.870523100000000334e-03
7.417518000000000000e+09	6.179316100000000270e-03	-4.741592000000000202e-03
7.417520125000000000e+09	5.757522200000000229e-03	-4.526536500000000011e-03
7.417522250000000000e+09	5.861444599999999713e-03	-4.377219400000000038e-03
7.417524375000000000e+09	5.572423800000000232e-03	-4.562573399999999592e-03
7.417526500000000000e+09	5.909506200000000202e-03	-4.552646300000000139e-03
7.417528625000000000e+09	5.668986099999999591e-03	-4.705286999999999838e-03
7.417530750000000000e+09	5.690941300000000244e-03	-4.960251199999999791e-03
7.417532875000000000e+09	5.625388500000000000e-03	-4.582102999999999697e-03
7.417535000000000000e+09	5.558459299999999638e-03	-4.567311200000000182e-03
7.417537125000000000e+09	5.673859399999999983e-03	-5.021870399999999596e-03
7.417539250000000000e+09	5.309983199999999959e-03	-4.873708000000000033e-03
7.417541375000000000e+09	5.598695600000000092e-03	-4.745706500000000314e-03
7.417543500000000000e+09	5.791459900000000410e-03	-4.991091700000000256e-03
7.417545625000000000e+09	5.762322000000000277e-03	-5.016975899999999780e-03
7.417547750000000000e+09	5.821970999999999570e-03	-4.617569600000000392e-03
7.417549875000000000e+09	5.488196199999999941e-03	-4.986462599999999870e-03
7.417552000000000000e+09	5.814040999999999827e-03	-4.499306699999999597e-03
7.417554125000000000e+09	5.321324900000000413e-03	-4.814307299999999977e-03
7.417556250000000000e+09	5.654307600000000114e-03	-4.970578500000000406e-03
7.417558375000000000e+09	6.063011299999999763e-03	-4.945073500000000087e-03
7.417560500000000000e+09	5.694521200000000200e-03	-4.552493099999999938e-03
7.417562625000000000e+09	5.397540600000000355e-03	-5.063698800000000430e-03
7.417564750000000000e+09	5.775879200000000324e-03	-4.805165699999999936e-03
7.417566875000000000e+09	5.463841799999999936e-03	-5.037212600000000318e-03
7.417569000000000000e+09	5.914410800000000426e-03	-4.859038999999999893e-03
7.417571125000000000e+09	5.632202299999999884e-03	-5.104001199999999572e-03
7.417573250000000000e+09	5.873248400000000320e-03	-4.910950600000000069e-03
7.417575375000000000e+09	5.738628299999999627e-03	-4.878935200000000111e-03
7.417577500000000000e+09	5.798273199999999690e-03	-5.067051000000000367e-03
7.417579625000000000e+09	5.588141900000000335e-03	-5.121278499999999678e-03
7.417581750000000000e+09	5.682272700000000169e-03	-4.779001700000000408e-03
7.417583875000000000e+09	5.653188200000000031e-03	-4.993832900000000005e-03
7.417586000000000000e+09	5.666192900000000324e-03	-4.912703000000000035e-03
7.417588125000000000e+09	5.803170899999999729e-03	-4.848035100000000139e-03
7.417590250000000000e+09	5.811656000000000113e-03	-4.648333000000000152e-03
7.417592375000000000e+09	5.659054799999999573e-03	-4.676671299999999969e-03
7.417594500000000000e+09	5.625977499999999625e-03	-5.072178999999999577e-03
7.417596625000000000e+09	5.785238300000000375e-03	-5.018419500000000262e-03
7.417598750000000000e+09	5.893710100000000389e-03	-4.766903099999999886e-03
7.417600875000000000e+09	5.594510700000000260e-03	-4.951567199999999669e-03
7.417603000000000000e+09	5.675688499999999651e-03	-4.775173599999999949e-03
7.417605125000000000e+09	5.761909699999999759e-03	-4.840265699999999650e-03
7.417607250000000000e+09	5.488238599999999655e-03	-4.989203000000000214e-03
7.417609375000000000e+09	5.644311899999999819e-03	-4.880379699999999599e-03
7.417611500000000000e+09	5.604658099999999810e-03	-5.068852799999999832e-03
7.417613625000000000e+09	5.882248999999999985e-03	-4.811341000000000229e-03
7.417615750000000000e+09	5.814280600000000000e-03	-5.163352900000000266e-03
7.417617875000000000e+09	5.665572199999999864e-03	-5.071103199999999617e-03
7.417620000000000000e+09	5.775183500000000310e-03	-5.135728699999999800e-03
7.417622125000000000e+09	5.561254300000000386e-03	-4.745792399999999682e-03
7.417624250000000000e+09	5.852369399999999763e-03	-5.096351100000000300e-03
7.417626375000000000e+09	5.462197099999999833e-03	-5.026917399999999807e-03
7.417628500000000000e+09	5.400973499999999622e-03	-4.859820600000000143e-03
7.417630625000000000e+09	5.448928399999999721e-03	-4.936272299999999898e-03
7.417632750000000000e+09	5.637147500000000075e-03	-5.367961800000000359e-03
7.417634875000000000e+09	5.419090700000000344e-03	-5.396233200000000348e-03
7.417637000000000000e+09	5.801411400000000378e-03	-4.954530099999999992e-03
7.417639125000000000e+09	5.662951099999999870e-03	-5.079774799999999847e-03
7.417641250000000000e+09	5.644739099999999780e-03	-4.999772300000000086e-03
7.417643375000000000e+09	5.595214799999999669e-03	-5.450900499999999579e-03
7.417645500000000000e+09	5.525821700000000010e-03	-5.056177599999999578e-03
7.417647625000000000e+09	5.804664299999999846e-03	-5.197233400000000024e-03
7.417649750000000000e+09	5.763238199999999589e-03	-4.939419100000000049e-03
7.417651875000000000e+09	5.526455100000000030e-03	-5.011056499999999581e-03
7.417654000000000000e+09	5.385276799999999878e-03	-4.976656200000000377e-03
7.417656125000000000e+09	5.482487999999999771e-03	-4.957447999999999716e-03
7.417658250000000000e+09	5.536335899999999741e-03	-5.084988399999999624e-03
7.417660375000000000e+09	5.323801399999999670e-03	-4.918852900000000340e-03
7.417662500000000000e+09	5.662464300000000401e-03	-5.420271499999999680e-03
7.417664625000000000e+09	5.727269699999999915e-03	-4.903168099999999884e-03
7.417666750000000000e+09	5.692637700000000196e-03	-5.046666499999999736e-03
7.417668875000000000e+09	5.413234000000000275e-03	-5.097063699999999573e-03
7.417671000000000000e+09	5.399983399999999829e-03	-5.132466199999999659e-03
7.417673125000000000e+09	5.428701799999999592e-03	-5.118774300000000083e-03
7.417675250000000000e+09	5.670005300000000199e-03	-5.078169599999999770e-03
7.417677375000000000e+09	5.597087599999999927e-03	-5.021038499999999974e-03
7.417679500000000000e+09	5.548078599999999895e-03	-5.025050599999999860e-03
7.417681625000000000e+09	5.605975000000000021e-03	-5.266850499999999741e-03
7.417683750000000000e+09	5.428512600000000125e-03	-5.238137000000000348e-03
7.417685875000000000e+09	5.491359999999999818e-03	-5.041471599999999831e-03
7.417688000000000000e+09	5.257350000000000044e-03	-4.788875199999999797e-03
7.417690125000000000e+09	5.476341000000000021e-03	-4.932192400000000310e-03
7.417692250000000000e+09	5.217694800000000424e-03	-5.326362000000000284e-03
7.417694375000000000e+09	5.767268800000000147e-03	-4.968809200000000315e-03
7.417696500000000000e+09	5.326209800000000424e-03	-5.638401700000000155e-03
7.417698625000000000e+09	5.493316899999999697e-03	-5.362860199999999744e-03
7.417700750000000000e+09	5.328112099999999900e-03	-5.261827999999999644e-03
7.417702875000000000e+09	5.372229499999999804e-03	-5.402544300000000112e-03
7.417705000000000000e+09	5.211737099999999741e-03	-5.297256699999999992e-03
7.417707125000000000e+09	5.199788799999999732e-03	-5.210730799999999628e-03
7.417709250000000000e+09	5.180423499999999709e-03	-5.321246899999999835e-03
7.417711375000000000e+09	5.404359200000000141e-03	-5.252980899999999849e-03
7.417713500000000000e+09	5.744187000000000425e-03	-4.944347699999999783e-03
7.417715625000000000e+09	5.681893599999999697e-03	-5.454994900000000209e-03
7.417717750000000000e+09	5.385605299999999575e-03	-5.119707700000000056e-03
7.417719875000000000e+09	5.580529100000000339e-03	-5.384941199999999928e-03
7.417722000000000000e+09	5.485214000000000409e-03	-5.237550799999999944e-03
7.417724125000000000e+09	5.597432000000000275e-03	-5.142044200000000197e-03
7.417726250000000000e+09	5.319435800000000235e-03	-5.104733999999999661e-03
7.417728375000000000e+09	5.679836899999999612e-03	-5.461142100000000027e-03
7.417730500000000000e+09	5.659332300000000093e-03	-5.155892199999999662e-03
7.417732625000000000e+09	5.233597000000000422e-03	-5.181369499999999642e-03
7.417734750000000000e+09	5.583741199999999773e-03	-5.203182599999999977e-03
7.417736875000000000e+09	5.342770600000000362e-03	-5.152233699999999791e-03
7.417739000000000000e+09	5.111901799999999697e-03	-5.016409500000000056e-03
7.417741125000000000e+09	5.516602199999999859e-03	-5.037081199999999745e-03
7.417743250000000000e+09	5.572902000000000237e-03	-5.407459300000000413e-03
7.417745375000000000e+09	5.123066800000000177e-03	-5.535940799999999884e-03
7.417747500000000000e+09	5.238340900000000057e-03	-5.342114700000000042e-03
7.417749625000000000e+09	5.097604500000000108e-03	-5.086859400000000135e-03
7.417751750000000000e+09	4.982814200000000408e-03	-5.421294099999999713e-03
7.417753875000000000e+09	4.943643600000000374e-03	-5.405914300000000047e-03
7.417756000000000000e+09	5.080555199999999688e-03	-5.146658699999999940e-03
7.417758125000000000e+09	5.369602900000000102e-03	-5.328736500000000320e-03
7.417760250000000000e+09	5.273348399999999887e-03	-4.868965999999999746e-03
7.417762375000000000e+09	5.096893199999999978e-03	-4.848126300000000014e-03
7.417764500000000000e+09	5.184316300000000113e-03	-5.198349900000000419e-03
7.417766625000000000e+09	5.253902599999999735e-03	-5.528386700000000389e-03
7.417768750000000000e+09	5.346388100000000129e-03	-5.462194600000000282e-03
7.417770875000000000e+09	4.805299699999999660e-03	-5.544453999999999876e-03
7.417773000000000000e+09	5.125966400000000166e-03	-5.315323200000000338e-03
7.417775125000000000e+09	5.133893100000000084e-03	-4.840227499999999634e-03
7.417777250000000000e+09	5.126530300000000338e-03	-5.305652400000000248e-03
7.417779375000000000e+09	5.475967299999999656e-03	-5.408556900000000001e-03
7.417781500000000000e+09	5.124590299999999717e-03	-5.441030300000000014e-03
7.417783625000000000e+09	5.447248099999999621e-03	-5.476222499999999944e-03
7.417785750000000000e+09	5.609464500000000374e-03	-5.378376500000000421e-03
7.417787875000000000e+09	5.407777100000000364e-03	-5.298256099999999920e-03
7.417790000000000000e+09	5.308617199999999918e-03	-5.141859500000000097e-03
7.417792125000000000e+09	5.248180600000000064e-03	-5.381342800000000169e-03
7.417794250000000000e+09	5.148074300000000415e-03	-5.148100800000000345e-03
7.417796375000000000e+09	5.252914400000000157e-03	-5.408877599999999640e-03
7.417798500000000000e+09	5.184347899999999613e-03	-5.262583700000000170e-03
7.417800625000000000e+09	5.379363600000000058e-03	-5.071232900000000043e-03
7.417802750000000000e+09	4.863023900000000045e-03	-5.333888999999999644e-03
7.417804875000000000e+09	5.084706399999999737e-03	-5.286304599999999687e-03
7.417807000000000000e+09	5.009534399999999651e-03	-5.387527199999999662e-03
7.417809125000000000e+09	5.169359400000000243e-03	-5.498213499999999795e-03
7.417811250000000000e+09	4.956992700000000147e-03	-5.544211799999999683e-03
7.417813375000000000e+09	5.187958200000000394e-03	-5.550367999999999968e-03
7.417815500000000000e+09	5.174246300000000069e-03	-5.227289799999999820e-03
7.417817625000000000e+09	5.409583400000000063e-03	-5.731820099999999918e-03
7.417819750000000000e+09	4.937220600000000181e-03	-5.343966000000000341e-03
7.417821875000000000e+09	5.059103399999999827e-03	-5.405152499999999610e-03
7.417824000000000000e+09	5.220731299999999825e-03	-5.117525900000000245e-03
7.417826125000000000e+09	5.195742500000000326e-03	-5.416230099999999777e-03
7.417828250000000000e+09	4.857210800000000099e-03	-5.264798999999999694e-03
7.417830375000000000e+09	5.450254899999999736e-03	-5.553626400000000012e-03
7.417832500000000000e+09	5.315603599999999679e-03	-5.832149200000000082e-03
7.417834625000000000e+09	4.956550599999999876e-03	-5.531358899999999981e-03
7.417836750000000000e+09	5.306482300000000055e-03	-5.510002600000000160e-03
7.417838875000000000e+09	5.125297200000000081e-03	-5.381086999999999676e-03
7.417841000000000000e+09	4.957621300000000265e-03	-5.566907000000000279e-03
7.417843125000000000e+09	4.931651100000000038e-03	-5.597105199999999857e-03
7.417845250000000000e+09	4.918831799999999650e-03	-5.442797800000000359e-03
7.417847375000000000e+09	5.347115300000000043e-03	-5.406340899999999804e-03
7.417849500000000000e+09	4.817761400000000402e-03	-5.466098800000000237e-03
7.417851625000000000e+09	4.992152799999999974e-03	-5.322123800000000057e-03
7.417853750000000000e+09	5.495921600000000171e-03	-5.573966300000000179e-03
7.417855875000000000e+09	5.209114899999999805e-03	-5.738038099999999593e-03
7.417858000000000000e+09	5.246494600000000189e-03	-5.441130199999999820e-03
7.417860125000000000e+09	4.977922899999999949e-03	-5.222353100000000359e-03
7.417862250000000000e+09	4.785257999999999699e-03	-5.406294300000000393e-03
7.417864375000000000e+09	5.085068300000000416e-03	-5.767896100000000255e-03
7.417866500000000000e+09	5.051864799999999933e-03	-5.267323299999999639e-03
7.417868625000000000e+09	4.907076800000000072e-03	-5.571475900000000085e-03
7.417870750000000000e+09	5.087449600000000169e-03	-5.826644199999999815e-03
7.417872875000000000e+09	5.404202200000000379e-03	-5.326665999999999866e-03
7.417875000000000000e+09	4.659961199999999859e-03	-5.405470400000000029e-03
7.417877125000000000e+09	4.749968999999999719e-03	-5.556311300000000078e-03
7.417879250000000000e+09	5.019454799999999856e-03	-5.545305199999999574e-03
7.417881375000000000e+09	5.130819600000000209e-03	-5.359107000000000107e-03
7.417883500000000000e+09	4.742748300000000292e-03	-5.556170600000000237e-03
7.417885625000000000e+09	4.916282200000000185e-03	-5.329531999999999672e-03
7.417887750000000000e+09	5.066186599999999637e-03	-5.722031399999999955e-03
7.417889875000000000e+09	4.942597200000000031e-03	-5.478354399999999652e-03
7.417892000000000000e+09	5.111835099999999937e-03	-5.671380099999999772e-03
7.417894125000000000e+09	5.087042699999999758e-03	-5.667154100000000236e-03
7.417896250000000000e+09	4.902100999999999854e-03	-5.787951000000000380e-03
7.417898375000000000e+09	5.036287900000000275e-03	-5.789344800000000360e-03
7.417900500000000000e+09	4.734885999999999782e-03	-5.458326299999999992e-03
7.417902625000000000e+09	4.714537900000000288e-03	-6.073753799999999717e-03
7.417904750000000000e+09	5.189305200000000028e-03	-5.719512399999999649e-03
7.417906875000000000e+09	4.926223199999999608e-03	-5.635564499999999762e-03
7.417909000000000000e+09	5.123322300000000135e-03	-5.434967100000000217e-03
7.417911125000000000e+09	4.723306499999999769e-03	-5.345181600000000269e-03
7.417913250000000000e+09	4.808601800000000294e-03	-5.552769299999999603e-03
7.417915375000000000e+09	4.821859099999999988e-03	-5.699923499999999706e-03
7.417917500000000000e+09	4.862627900000000315e-03	-5.398042700000000270e-03
7.417919625000000000e+09	4.808780700000000151e-03	-5.490027599999999959e-03
7.417921750000000000e+09	4.718614799999999720e-03	-5.696081599999999745e-03
7.417923875000000000e+09	5.167032000000000222e-03	-5.688475499999999865e-03
7.417926000000000000e+09	4.896186599999999625e-03	-5.766797199999999790e-03
7.417928125000000000e+09	4.819982700000000238e-03	-5.662721899999999774e-03
7.417930250000000000e+09	5.145251400000000128e-03	-5.776288699999999887e-03
7.417932375000000000e+09	4.624223400000000359e-03	-5.592294299999999926e-03
7.417934500000000000e+09	4.970708899999999771e-03	-5.773628099999999867e-03
7.417936625000000000e+09	4.621486499999999907e-03	-5.697210900000000168e-03
7.417938750000000000e+09	5.080162099999999646e-03	-5.767485099999999747e-03
7.417940875000000000e+09	4.412454900000000423e-03	-5.618921300000000348e-03
7.417943000000000000e+09	4.705675500000000046e-03	-5.923234999999999785e-03
7.417945125000000000e+09	4.906073900000000251e-03	-5.691029200000000295e-03
7.417947250000000000e+09	4.826207600000000097e-03	-5.499301499999999579e-03
7.417949375000000000e+09	5.135490799999999773e-03	-5.745606200000000392e-03
7.417951500000000000e+09	4.886612000000000247e-03	-5.596400799999999912e-03
7.417953625000000000e+09	4.645772700000000074e-03	-5.535889300000000103e-03
7.417955750000000000e+09	4.872636599999999839e-03	-5.722848800000000270e-03
7.417957875000000000e+09	4.756355200000000373e-03	-5.507786100000000226e-03
7.417960000000000000e+09	4.718087999999999622e-03	-5.758256500000000395e-03
7.417962125000000000e+09	4.966629999999999656e-03	-5.824905699999999818e-03
7.417964250000000000e+09	4.800893300000000190e-03	-5.530760699999999822e-03
7.417966375000000000e+09	4.589184999999999966e-03	-5.705527299999999837e-03
7.417968500000000000e+09	4.434466599999999960e-03	-5.462417500000000398e-03
7.417970625000000000e+09	4.643877299999999916e-03	-5.609266699999999710e-03
7.417972750000000000e+09	4.775780399999999572e-03	-5.807730199999999732e-03
7.417974875000000000e+09	4.905278100000000363e-03	-5.810958300000000284e-03
7.417977000000000000e+09	4.829759900000000182e-03	-5.560213999999999955e-03
7.417979125000000000e+09	4.585358200000000384e-03	-5.661305000000000157e-03
7.417981250000000000e+09	4.756412399999999929e-03	-5.699584599999999932e-03
7.417983375000000000e+09	4.518429299999999690e-03	-5.858043099999999878e-03
7.417985500000000000e+09	4.426159500000000427e-03	-5.870467300000000409e-03
7.417987625000000000e+09	4.788769800000000285e-03	-5.783514800000000289e-03
7.417989750000000000e+09	4.550169100000000209e-03	-5.866160900000000344e-03
7.417991875000000000e+09	4.760258800000000123e-03	-5.926083300000000061e-03
7.417994000000000000e+09	4.664174099999999698e-03	-5.524236000000000077e-03
7.417996125000000000e+09	4.669075600000000166e-03	-5.798681200000000042e-03
7.417998250000000000e+09	4.978831500000000139e-03	-5.820167200000000290e-03
7.418000375000000000e+09	4.432388800000000052e-03	-5.794101200000000354e-03
7.418002500000000000e+09	5.045904300000000030e-03	-6.063647200000000202e-03
7.418004625000000000e+09	4.230301799999999952e-03	-5.945944300000000418e-03
7.418006750000000000e+09	4.856019300000000150e-03	-5.598601499999999662e-03
7.418008875000000000e+09	4.573389899999999626e-03	-5.694136600000000020e-03
7.418011000000000000e+09	4.974564800000000168e-03	-5.909166199999999619e-03
7.418013125000000000e+09	4.561906600000000325e-03	-5.754943999999999685e-03
7.418015250000000000e+09	4.936423700000000352e-03	-5.947954699999999893e-03
7.418017375000000000e+09	4.572720700000000409e-03	-5.914556799999999906e-03
7.418019500000000000e+09	4.505841299999999681e-03	-5.900220000000000291e-03
7.418021625000000000e+09	4.259676100000000035e-03	-5.858501500000000070e-03
7.418023750000000000e+09	4.720616700000000200e-03	-5.636072599999999988e-03
7.418025875000000000e+09	4.335455700000000016e-03	-5.621745299999999709e-03
7.418028000000000000e+09	4.668128300000000223e-03	-5.779332699999999677e-03
7.418030125000000000e+09	4.276496299999999959e-03	-5.792723500000000227e-03
7.418032250000000000e+09	4.798772599999999965e-03	-5.530828100000000254e-03
7.418034375000000000e+09	4.727679200000000324e-03	-5.843900200000000031e-03
7.418036500000000000e+09	4.496663100000000170e-03	-5.734273899999999674e-03
7.418038625000000000e+09	4.752133900000000272e-03	-5.820339600000000099e-03
7.418040750000000000e+09	4.793450900000000188e-03	-5.925297999999999850e-03
7.418042875000000000e+09	4.562415000000000220e-03	-5.822189499999999920e-03
7.418045000000000000e+09	4.671864000000000398e-03	-5.843716100000000135e-03
7.418047125000000000e+09	4.376508799999999713e-03	-6.056302500000000123e-03
7.418049250000000000e+09	4.358379199999999967e-03	-5.795948300000000088e-03
7.418051375000000000e+09	4.857740200000000216e-03	-5.861418699999999989e-03
7.418053500000000000e+09	4.660851199999999778e-03	-5.556163999999999721e-03
7.418055625000000000e+09	4.609966800000000337e-03	-5.860753899999999669e-03
7.418057750000000000e+09	4.605138400000000076e-03	-5.644714700000000134e-03
7.418059875000000000e+09	4.601455200000000023e-03	-5.857733300000000053e-03
7.418062000000000000e+09	4.105655399999999858e-03	-5.976500099999999642e-03
7.418064125000000000e+09	4.337404000000000433e-03	-5.796502400000000388e-03
7.418066250000000000e+09	4.332482300000000015e-03	-5.873809600000000006e-03
7.418068375000000000e+09	4.567446499999999916e-03	-5.817244000000000061e-03
7.418070500000000000e+09	4.799762899999999825e-03	-5.927168800000000293e-03
7.418072625000000000e+09	4.380049599999999779e-03	-5.923706899999999810e-03
7.418074750000000000e+09	4.355907899999999881e-03	-6.201300800000000141e-03
7.418076875000000000e+09	4.541502700000000017e-03	-6.239596600000000236e-03
7.418079000000000000e+09	4.427374599999999751e-03	-5.755937699999999838e-03
7.418081125000000000e+09	4.328001199999999792e-03	-6.052585800000000356e-03
7.418083250000000000e+09	4.715627099999999614e-03	-6.023062099999999634e-03
7.418085375000000000e+09	4.321450499999999854e-03	-6.040236600000000247e-03
7.418087500000000000e+09	4.627183499999999727e-03	-6.007228899999999747e-03
7.418089625000000000e+09	4.387973499999999610e-03	-5.942890800000000424e-03
7.418091750000000000e+09	4.528352799999999651e-03	-5.734484699999999567e-03
7.418093875000000000e+09	4.617152499999999972e-03	-5.829190799999999992e-03
7.418096000000000000e+09	4.475545800000000317e-03	-6.076476899999999799e-03
7.418098125000000000e+09	4.465382300000000047e-03	-5.649863899999999634e-03
7.418100250000000000e+09	4.481015900000000392e-03	-5.879276200000000188e-03
7.418102375000000000e+09	4.421795200000000134e-03	-6.247276599999999729e-03
7.418104500000000000e+09	4.102637800000000397e-03	-6.277329100000000363e-03
7.418106625000000000e+09	4.609913600000000410e-03	-5.728268400000000038e-03
7.418108750000000000e+09	4.675201200000000425e-03	-6.029195799999999619e-03
7.418110875000000000e+09	4.174272599999999910e-03	-6.161574799999999796e-03
7.418113000000000000e+09	4.375455500000000053e-03	-5.845117999999999842e-03
7.418115125000000000e+09	4.574065399999999691e-03	-6.076468699999999605e-03
7.418117250000000000e+09	4.527157799999999808e-03	-5.739935100000000297e-03
7.418119375000000000e+09	4.320539899999999850e-03	-5.787727599999999660e-03
7.418121500000000000e+09	4.400552799999999688e-03	-5.616205699999999787e-03
7.418123625000000000e+09	4.569827099999999864e-03	-6.046857400000000236e-03
7.418125750000000000e+09	4.334387599999999646e-03	-6.337761699999999720e-03
7.418127875000000000e+09	4.208076600000000035e-03	-5.807397199999999801e-03
7.418130000000000000e+09	4.340737800000000167e-03	-6.126381999999999661e-03
7.418132125000000000e+09	4.415686299999999932e-03	-6.118721899999999582e-03
7.418134250000000000e+09	4.217532500000000135e-03	-6.098432899999999858e-03
7.418136375000000000e+09	4.036370600000000267e-03	-5.963890599999999674e-03
7.418138500000000000e+09	4.290551000000000087e-03	-6.162598499999999771e-03
7.418140625000000000e+09	4.623117599999999709e-03	-6.191623599999999603e-03
7.418142750000000000e+09	4.397811700000000407e-03	-5.689238699999999913e-03
7.418144875000000000e+09	4.338765100000000104e-03	-6.106228299999999672e-03
7.418147000000000000e+09	4.249361699999999915e-03	-5.826970199999999961e-03
7.418149125000000000e+09	4.141759299999999734e-03	-5.972035900000000411e-03
7.418151250000000000e+09	4.471817000000000326e-03	-5.725826399999999969e-03
7.418153375000000000e+09	4.212096200000000311e-03	-6.012290299999999664e-03
7.418155500000000000e+09	4.369065999999999575e-03	-6.163842200000000174e-03
7.418157625000000000e+09	4.399618800000000378e-03	-5.986839699999999681e-03
7.418159750000000000e+09	4.341627100000000281e-03	-6.114747599999999575e-03
7.418161875000000000e+09	4.342219500000000197e-03	-5.992016600000000387e-03
7.418164000000000000e+09	4.165694299999999836e-03	-6.068751899999999706e-03
7.418166125000000000e+09	4.173966099999999908e-03	-6.008422999999999715e-03
7.418168250000000000e+09	4.186361900000000295e-03	-6.003703099999999591e-03
7.418170375000000000e+09	4.372227799999999637e-03	-5.872470500000000031e-03
7.418172500000000000e+09	4.545615499999999982e-03	-5.890555799999999849e-03
7.418174625000000000e+09	4.024330700000000247e-03	-6.077794600000000283e-03
7.418176750000000000e+09	4.453986400000000193e-03	-6.024098200000000368e-03
7.418178875000000000e+09	4.364234399999999958e-03	-6.084278299999999924e-03
7.418181000000000000e+09	4.435424200000000379e-03	-6.166298899999999618e-03
7.418183125000000000e+09	4.208041099999999639e-03	-5.869707000000000049e-03
7.418185250000000000e+09	4.178216299999999890e-03	-5.552678699999999933e-03
7.418187375000000000e+09	4.292354699999999766e-03	-6.090869799999999896e-03
7.418189500000000000e+09	4.094573199999999857e-03	-6.161790599999999660e-03
7.418191625000000000e+09	3.910363600000000238e-03	-5.581180600000000026e-03
7.418193750000000000e+09	4.135675000000000115e-03	-5.925226700000000256e-03
7.418195875000000000e+09	4.138444199999999872e-03	-6.242650199999999830e-03
7.418198000000000000e+09	4.264512199999999885e-03	-6.154986099999999911e-03
7.418200125000000000e+09	4.301455499999999772e-03	-6.281857800000000339e-03
7.418202250000000000e+09	3.934762300000000171e-03	-6.225606300000000384e-03
7.418204375000000000e+09	3.944168399999999769e-03	-6.065319700000000244e-03
7.418206500000000000e+09	4.045563500000000021e-03	-6.070150300000000387e-03
7.418208625000000000e+09	4.260598499999999726e-03	-6.285477299999999920e-03
7.418210750000000000e+09	3.858574200000000100e-03	-6.285249700000000370e-03
7.418212875000000000e+09	4.344514300000000377e-03	-6.130543599999999788e-03
7.418215000000000000e+09	4.039885899999999877e-03	-6.180320799999999837e-03
7.418217125000000000e+09	4.016229999999999974e-03	-6.185802599999999998e-03
7.418219250000000000e+09	3.745663099999999805e-03	-6.115221900000000418e-03
7.418221375000000000e+09	4.203814799999999567e-03	-6.318143299999999692e-03
7.418223500000000000e+09	4.099393899999999660e-03	-6.270773200000000387e-03
7.418225625000000000e+09	3.979607999999999930e-03	-6.436993200000000297e-03
7.418227750000000000e+09	4.014642100000000158e-03	-6.004775500000000127e-03
7.418229875000000000e+09	3.774639599999999977e-03	-6.027946499999999909e-03
7.418232000000000000e+09	4.209526199999999961e-03	-6.054290300000000034e-03
7.418234125000000000e+09	3.959050900000000289e-03	-6.215512299999999962e-03
7.418236250000000000e+09	4.015307400000000214e-03	-6.273838099999999932e-03
7.418238375000000000e+09	4.185705999999999975e-03	-6.058341200000000142e-03
7.418240500000000000e+09	3.912018800000000018e-03	-6.268197599999999862e-03
7.418242625000000000e+09	4.000777199999999700e-03	-6.249159100000000258e-03
7.418244750000000000e+09	3.850019100000000132e-03	-6.447995800000000041e-03
7.418246875000000000e+09	3.901083699999999873e-03	-6.330391399999999585e-03
7.418249000000000000e+09	3.860264500000000140e-03	-6.121863899999999831e-03
7.418251125000000000e+09	3.994027699999999625e-03	-6.343176800000000122e-03
7.418253250000000000e+09	3.837765199999999995e-03	-5.984311099999999571e-03
7.418255375000000000e+09	3.984479499999999709e-03	-6.506977599999999931e-03
7.418257500000000000e+09	4.018087499999999784e-03	-6.481402899999999696e-03
7.418259625000000000e+09	3.709108000000000023e-03	-6.020365199999999813e-03
7.418261750000000000e+09	4.133252199999999654e-03	-6.363214699999999655e-03
7.418263875000000000e+09	4.155648500000000238e-03	-6.477925899999999702e-03
7.418266000000000000e+09	3.663730400000000161e-03	-6.282908499999999979e-03
7.418268125000000000e+09	4.158059900000000281e-03	-6.359755699999999727e-03
7.418270250000000000e+09	3.473954999999999925e-03	-6.021340499999999762e-03
7.418272375000000000e+09	3.815043100000000201e-03	-6.097795700000000277e-03
7.418274500000000000e+09	3.944763700000000241e-03	-6.119232599999999828e-03
7.418276625000000000e+09	3.868636500000000120e-03	-6.268646800000000387e-03
7.418278750000000000e+09	3.911823600000000241e-03	-6.306179299999999967e-03
7.418280875000000000e+09	3.998471400000000106e-03	-5.916455800000000424e-03
7.418283000000000000e+09	3.537136800000000025e-03	-6.025767799999999855e-03
7.418285125000000000e+09	3.915448699999999997e-03	-5.995705399999999748e-03
7.418287250000000000e+09	3.724368899999999909e-03	-6.454367699999999722e-03
7.418289375000000000e+09	4.159036799999999909e-03	-6.067656999999999738e-03
7.418291500000000000e+09	3.990439299999999807e-03	-6.571480499999999940e-03
7.418293625000000000e+09	3.808844400000000168e-03	-6.131378699999999633e-03
7.418295750000000000e+09	3.871647700000000001e-03	-6.234949400000000183e-03
7.418297875000000000e+09	3.689175800000000106e-03	-6.511210899999999788e-03
7.418300000000000000e+09	3.880660000000000186e-03	-6.326412600000000212e-03
7.418302125000000000e+09	3.987938499999999636e-03	-6.483117899999999920e-03
7.418304250000000000e+09	3.901256100000000115e-03	-6.166871299999999653e-03
7.418306375000000000e+09	3.578800899999999910e-03	-6.585409199999999602e-03
7.418308500000000000e+09	3.829459900000000208e-03	-6.112770000000000009e-03
7.418310625000000000e+09	3.648848799999999948e-03	-6.457104099999999569e-03
7.418312750000000000e+09	3.820801500000000142e-03	-6.409898800000000084e-03
7.418314875000000000e+09	3.895935899999999983e-03	-6.439732699999999900e-03
7.418317000000000000e+09	3.626773499999999973e-03	-6.213044699999999837e-03
7.418319125000000000e+09	4.077744099999999934e-03	-6.265164800000000422e-03
7.418321250000000000e+09	3.685849399999999859e-03	-6.265535800000000301e-03
7.418323375000000000e+09	3.559605300000000076e-03	-6.537736799999999994e-03
7.418325500000000000e+09	3.960729599999999843e-03	-6.330024699999999872e-03
7.418327625000000000e+09	3.831023499999999977e-03	-6.151772399999999932e-03
7.418329750000000000e+09	3.859963499999999846e-03	-6.220249700000000416e-03
7.418331875000000000e+09	3.698025399999999886e-03	-6.248899500000000204e-03
7.418334000000000000e+09	3.814552299999999802e-03	-6.588113900000000349e-03
7.418336125000000000e+09	3.681852700000000020e-03	-6.297193199999999609e-03
7.418338250000000000e+09	3.678444199999999966e-03	-6.459983499999999608e-03
7.418340375000000000e+09	3.427340000000000074e-03	-6.254802500000000015e-03
7.418342500000000000e+09	3.586426599999999968e-03	-6.175678999999999891e-03
7.418344625000000000e+09	3.686485099999999796e-03	-6.308613000000000241e-03
7.418346750000000000e+09	3.597185599999999910e-03	-6.471950199999999820e-03
7.418348875000000000e+09	3.689106199999999790e-03	-6.301098399999999905e-03
7.418351000000000000e+09	3.545967599999999900e-03	-6.440928000000000278e-03
7.418353125000000000e+09	3.603780899999999877e-03	-5.990853600000000181e-03
7.418355250000000000e+09	3.642105699999999887e-03	-6.351509800000000247e-03
7.418357375000000000e+09	3.452476099999999930e-03	-6.459837799999999797e-03
7.418359500000000000e+09	3.957502199999999963e-03	-6.457134199999999859e-03
7.418361625000000000e+09	3.656524200000000040e-03	-6.302142600000000365e-03
7.418363750000000000e+09	3.250148799999999852e-03	-6.484534800000000404e-03
7.418365875000000000e+09	3.946970999999999639e-03	-6.098948400000000006e-03
7.418368000000000000e+09	3.594615700000000028e-03	-6.470802299999999993e-03
7.418370125000000000e+09	3.371043199999999851e-03	-6.422403400000000276e-03
7.418372250000000000e+09	3.688434899999999857e-03	-6.426250700000000343e-03
7.418374375000000000e+09	3.605961200000000044e-03	-6.140750599999999712e-03
7.418376500000000000e+09	3.677607600000000043e-03	-6.292330999999999966e-03
7.418378625000000000e+09	3.610845799999999953e-03	-6.194521100000000176e-03
7.418380750000000000e+09	3.619995200000000052e-03	-6.448396700000000141e-03
7.418382875000000000e+09	3.707152500000000187e-03	-6.494452999999999858e-03
7.418385000000000000e+09	3.407663899999999885e-03	-6.429930099999999968e-03
7.418387125000000000e+09	3.626021499999999842e-03	-6.572600199999999691e-03
7.418389250000000000e+09	3.421901099999999796e-03	-6.293366699999999696e-03
7.418391375000000000e+09	3.531699200000000191e-03	-6.513309099999999713e-03
7.418393500000000000e+09	3.720372899999999875e-03	-6.263818200000000058e-03
7.418395625000000000e+09	3.752776599999999973e-03	-6.314353400000000116e-03
7.418397750000000000e+09	3.492794400000000157e-03	-6.540303499999999652e-03
7.418399875000000000e+09	3.408812800000000053e-03	-6.276813200000000079e-03
7.418402000000000000e+09	3.380971999999999884e-03	-6.353315000000000004e-03
7.418404125000000000e+09	3.549088599999999927e-03	-6.522014599999999794e-03
7.418406250000000000e+09	3.617333700000000159e-03	-6.178119400000000282e-03
7.418408375000000000e+09	3.627280799999999927e-03	-6.818275000000000377e-03
7.418410500000000000e+09	3.498211399999999905e-03	-6.314547900000000089e-03
7.418412625000000000e+09	3.320513800000000036e-03	-6.442383399999999580e-03
7.418414750000000000e+09	3.675229400000000046e-03	-6.685303899999999952e-03
7.418416875000000000e+09	3.687937100000000107e-03	-6.538116899999999940e-03
7.418419000000000000e+09	3.872921799999999928e-03	-6.140106799999999615e-03
7.418421125000000000e+09	3.706371300000000073e-03	-6.448925700000000122e-03
7.418423250000000000e+09	3.489288799999999951e-03	-6.664406799999999728e-03
7.418425375000000000e+09	3.614845099999999811e-03	-6.531113399999999986e-03
7.418427500000000000e+09	3.300667299999999853e-03	-6.567193300000000351e-03
7.418429625000000000e+09	3.184343799999999908e-03	-6.432214500000000071e-03
7.418431750000000000e+09	3.489094600000000081e-03	-6.391881599999999636e-03
7.418433875000000000e+09	3.946847600000000060e-03	-6.322217599999999972e-03
7.418436000000000000e+09	3.558834400000000005e-03	-6.704444999999999849e-03
7.418438125000000000e+09	3.690026800000000169e-03	-6.576946699999999986e-03
7.418440250000000000e+09	3.208974600000000059e-03	-6.448439599999999591e-03
7.418442375000000000e+09	3.670479899999999802e-03	-6.524929399999999761e-03
7.418444500000000000e+09	3.452857299999999817e-03	-6.786111200000000121e-03
7.418446625000000000e+09	2.996354299999999787e-03	-6.841559599999999866e-03
7.418448750000000000e+09	3.537531600000000213e-03	-6.420075899999999787e-03
7.418450875000000000e+09	3.290864100000000150e-03	-6.506611100000000286e-03
7.418453000000000000e+09	3.534731199999999792e-03	-6.215019399999999715e-03
7.418455125000000000e+09	3.482658300000000123e-03	-6.711207299999999952e-03
7.418457250000000000e+09	3.219273899999999800e-03	-6.278450799999999929e-03
7.418459375000000000e+09	3.222998899999999795e-03	-6.371838700000000133e-03
7.418461500000000000e+09	3.538452200000000158e-03	-6.325917999999999819e-03
7.418463625000000000e+09	3.524122099999999792e-03	-6.279753300000000434e-03
7.418465750000000000e+09	3.028307499999999784e-03	-6.456905599999999967e-03
7.418467875000000000e+09	3.189564099999999802e-03	-6.778566500000000362e-03
7.418470000000000000e+09	3.228457200000000183e-03	-6.338225700000000087e-03
7.418472125000000000e+09	3.300905099999999846e-03	-6.347678500000000432e-03
7.418474250000000000e+09	3.309060200000000021e-03	-6.495539899999999700e-03
7.418476375000000000e+09	3.317030700000000130e-03	-6.646587800000000081e-03
7.418478500000000000e+09	3.177993699999999856e-03	-6.420846000000000019e-03
7.418480625000000000e+09	3.229566699999999926e-03	-6.333822900000000110e-03
7.418482750000000000e+09	3.573021100000000044e-03	-6.590419900000000011e-03
7.418484875000000000e+09	3.583812000000000022e-03	-6.601889199999999742e-03
7.418487000000000000e+09	3.025687699999999800e-03	-6.621090399999999751e-03
7.418489125000000000e+09	3.197558000000000084e-03	-6.331970400000000269e-03
7.418491250000000000e+09	2.944303799999999950e-03	-6.675530199999999900e-03
7.418493375000000000e+09	3.214420700000000190e-03	-6.799102700000000249e-03
7.418495500000000000e+09	3.345999300000000211e-03	-6.590293300000000208e-03
7.418497625000000000e+09	3.098964699999999864e-03	-6.575106300000000369e-03
7.418499750000000000e+09	3.462693299999999863e-03	-6.505984999999999720e-03
7.418501875000000000e+09	3.708481100000000051e-03	-6.728533299999999752e-03
7.418504000000000000e+09	3.057340999999999878e-03	-6.446666900000000075e-03
7.418506125000000000e+09	3.381064899999999904e-03	-6.329013900000000394e-03
7.418508250000000000e+09	3.101221999999999833e-03	-6.690333199999999765e-03
7.418510375000000000e+09	2.997270900000000102e-03	-6.714501299999999992e-03
7.418512500000000000e+09	2.831147500000000174e-03	-6.892369100000000220e-03
7.418514625000000000e+09	3.323870799999999875e-03	-6.808405400000000149e-03
7.418516750000000000e+09	3.122833800000000045e-03	-6.504474399999999809e-03
7.418518875000000000e+09	3.397906300000000119e-03	-6.447805400000000166e-03
7.418521000000000000e+09	3.250936800000000116e-03	-6.425851899999999658e-03
7.418523125000000000e+09	3.033021999999999802e-03	-6.614657700000000154e-03
7.418525250000000000e+09	3.196415900000000067e-03	-6.600475199999999813e-03
7.418527375000000000e+09	3.282415500000000069e-03	-6.637623700000000286e-03
7.418529500000000000e+09	3.170736200000000022e-03	-6.477907100000000230e-03
7.418531625000000000e+09	3.087217299999999841e-03	-6.519430599999999874e-03
7.418533750000000000e+09	3.033797999999999877e-03	-6.692282299999999587e-03
7.418535875000000000e+09	3.124829600000000179e-03	-6.959646800000000161e-03
7.418538000000000000e+09	3.214944400000000098e-03	-6.952916200000000026e-03
7.418540125000000000e+09	2.836713299999999924e-03	-6.446354199999999694e-03
7.418542250000000000e+09	3.182227499999999883e-03	-6.345080500000000075e-03
7.418544375000000000e+09	3.310395399999999967e-03	-6.609862799999999608e-03
7.418546500000000000e+09	3.173169400000000126e-03	-6.624305500000000207e-03
7.418548625000000000e+09	2.739512200000000005e-03	-6.595709600000000151e-03
7.418550750000000000e+09	3.153290600000000204e-03	-6.751182399999999806e-03
7.418552875000000000e+09	3.218497800000000124e-03	-6.812471500000000235e-03
7.418555000000000000e+09	3.219470999999999791e-03	-6.689523099999999771e-03
7.418557125000000000e+09	3.053091999999999872e-03	-6.748511399999999709e-03
7.418559250000000000e+09	2.918869000000000151e-03	-6.693228699999999656e-03
7.418561375000000000e+09	2.942771900000000149e-03	-6.690726200000000207e-03
7.418563500000000000e+09	3.066904100000000105e-03	-6.795070299999999945e-03
7.418565625000000000e+09	3.219244600000000216e-03	-6.629324399999999944e-03
7.418567750000000000e+09	3.367569799999999784e-03	-6.433260100000000141e-03
7.418569875000000000e+09	3.151974899999999968e-03	-6.783509899999999940e-03
7.418572000000000000e+09	3.371631099999999968e-03	-6.444577800000000217e-03
7.418574125000000000e+09	3.303528400000000156e-03	-6.957593699999999569e-03
7.418576250000000000e+09	2.941949100000000161e-03	-6.669840699999999602e-03
7.418578375000000000e+09	2.908358499999999947e-03	-6.753083699999999807e-03
7.418580500000000000e+09	3.043299100000000212e-03	-6.541913699999999700e-03
7.418582625000000000e+09	2.992577800000000010e-03	-6.634908000000000125e-03
7.418584750000000000e+09	2.820752599999999926e-03	-6.962966999999999594e-03
7.418586875000000000e+09	2.803541300000000208e-03	-6.738929700000000078e-03
7.418589000000000000e+09	2.903923899999999968e-03	-6.840976900000000221e-03
7.418591125000000000e+09	2.894029099999999820e-03	-6.309841899999999934e-03
7.418593250000000000e+09	2.948185299999999971e-03	-6.629527900000000383e-03
7.418595375000000000e+09	3.133904299999999959e-03	-6.675124900000000035e-03
7.418597500000000000e+09	3.114328100000000009e-03	-6.899468899999999620e-03
7.418599625000000000e+09	2.937739100000000009e-03	-6.595879699999999610e-03
7.418601750000000000e+09	2.869733800000000019e-03	-6.690931100000000256e-03
7.418603875000000000e+09	3.105619600000000206e-03	-6.419602299999999616e-03
7.418606000000000000e+09	2.952675000000000091e-03	-6.337620000000000406e-03
7.418608125000000000e+09	2.893679100000000164e-03	-6.797625100000000316e-03
7.418610250000000000e+09	2.758642600000000156e-03	-6.594521300000000426e-03
7.418612375000000000e+09	3.038010500000000013e-03	-6.824271899999999683e-03
7.418614500000000000e+09	2.876270299999999884e-03	-6.671013699999999748e-03
7.418616625000000000e+09	2.370563999999999918e-03	-6.796176200000000195e-03
7.418618750000000000e+09	2.934719399999999832e-03	-6.674357199999999754e-03
7.418620875000000000e+09	2.825135099999999920e-03	-6.656101600000000409e-03
7.418623000000000000e+09	2.676662900000000098e-03	-7.097831199999999827e-03
7.418625125000000000e+09	2.645847900000000089e-03	-7.255665599999999889e-03
7.418627250000000000e+09	3.329114700000000010e-03	-6.529752800000000051e-03
7.418629375000000000e+09	2.760240000000000176e-03	-6.927463600000000228e-03
7.418631500000000000e+09	2.975230000000000149e-03	-6.972773300000000354e-03
7.418633625000000000e+09	2.682321399999999800e-03	-6.777207700000000175e-03
7.418635750000000000e+09	2.790025800000000070e-03	-6.756144999999999859e-03
7.418637875000000000e+09	2.899881899999999860e-03	-6.536198400000000144e-03
7.418640000000000000e+09	3.011926500000000010e-03	-6.781549700000000236e-03
7.418642125000000000e+09	2.919277799999999909e-03	-6.946357200000000294e-03
7.418644250000000000e+09	2.970815800000000187e-03	-6.683929100000000380e-03
7.418646375000000000e+09	2.645420400000000026e-03	-6.973713900000000181e-03
7.418648500000000000e+09	2.641041399999999924e-03	-6.373801699999999924e-03
7.418650625000000000e+09	2.511626099999999910e-03	-6.449097699999999794e-03
7.418652750000000000e+09	2.757624800000000025e-03	-6.861368900000000375e-03
7.418654875000000000e+09	2.827301300000000048e-03	-6.575595800000000324e-03
7.418657000000000000e+09	2.592188599999999815e-03	-6.866732099999999991e-03
7.418659125000000000e+09	2.432799099999999846e-03	-6.705808300000000270e-03
7.418661250000000000e+09	2.607935799999999867e-03	-6.895212099999999990e-03
7.418663375000000000e+09	2.694700700000000199e-03	-6.876887299999999599e-03
7.418665500000000000e+09	3.077925999999999926e-03	-6.509022799999999997e-03
7.418667625000000000e+09	2.874843900000000063e-03	-6.707652500000000316e-03
7.418669750000000000e+09	2.735937500000000088e-03	-6.723814199999999901e-03
7.418671875000000000e+09	2.782286399999999837e-03	-6.969217500000000377e-03
7.418674000000000000e+09	2.599329699999999854e-03	-6.959113400000000414e-03
7.418676125000000000e+09	2.596925300000000030e-03	-6.723767799999999691e-03
7.418678250000000000e+09	2.390473599999999935e-03	-6.967888999999999680e-03
7.418680375000000000e+09	2.627519000000000035e-03	-6.608273300000000114e-03
7.418682500000000000e+09	2.553728099999999935e-03	-6.647943800000000181e-03
7.418684625000000000e+09	2.650850399999999871e-03	-6.678604399999999580e-03
7.418686750000000000e+09	2.540399100000000077e-03	-6.717509699999999785e-03
7.418688875000000000e+09	2.966584400000000111e-03	-6.770793199999999845e-03
7.418691000000000000e+09	2.758644399999999903e-03	-7.060667700000000310e-03
7.418693125000000000e+09	3.039741500000000055e-03	-6.718764900000000206e-03
7.418695250000000000e+09	2.615575599999999962e-03	-6.763688099999999939e-03
7.418697375000000000e+09	2.461473100000000080e-03	-6.763538599999999699e-03
7.418699500000000000e+09	2.737046800000000196e-03	-6.815998299999999864e-03
7.418701625000000000e+09	2.600076199999999844e-03	-6.642071700000000065e-03
7.418703750000000000e+09	2.778921100000000203e-03	-6.655140900000000234e-03
7.418705875000000000e+09	2.333277999999999828e-03	-6.704739300000000027e-03
7.418708000000000000e+09	2.339064599999999845e-03	-6.955163299999999986e-03
7.418710125000000000e+09	2.559004200000000208e-03	-6.694247300000000060e-03
7.418712250000000000e+09	2.340793900000000174e-03	-6.771740400000000187e-03
7.418714375000000000e+09	2.390336900000000157e-03	-6.986030199999999912e-03
7.418716500000000000e+09	2.385609900000000214e-03	-6.709221700000000260e-03
7.418718625000000000e+09	2.645382899999999815e-03	-6.949380899999999667e-03
7.418720750000000000e+09	2.683878900000000092e-03	-7.068477000000000093e-03
7.418722875000000000e+09	2.628618499999999837e-03	-7.145017499999999772e-03
7.418725000000000000e+09	2.228514599999999787e-03	-7.218555899999999637e-03
7.418727125000000000e+09	2.400212999999999999e-03	-6.827748500000000408e-03
7.418729250000000000e+09	2.489649799999999868e-03	-6.706498400000000110e-03
7.418731375000000000e+09	2.513400199999999904e-03	-6.688992199999999576e-03
7.418733500000000000e+09	2.537702599999999958e-03	-6.815781899999999796e-03
7.418735625000000000e+09	2.438508399999999958e-03	-6.559084899999999621e-03
7.418737750000000000e+09	2.250178499999999984e-03	-6.920021299999999827e-03
7.418739875000000000e+09	2.666707099999999966e-03	-6.869284300000000343e-03
7.418742000000000000e+09	2.691140299999999954e-03	-6.898476199999999808e-03
7.418744125000000000e+09	2.719052699999999819e-03	-6.477160699999999841e-03
7.418746250000000000e+09	2.487739100000000130e-03	-6.639648599999999935e-03
7.418748375000000000e+09	2.393545200000000029e-03	-7.052548100000000098e-03
7.418750500000000000e+09	2.594307399999999826e-03	-6.915655199999999787e-03
7.418752625000000000e+09	2.354862599999999872e-03	-6.858294899999999895e-03
7.418754750000000000e+09	2.003519400000000183e-03	-6.755608199999999820e-03
7.418756875000000000e+09	2.334558300000000135e-03	-6.880054699999999836e-03
7.418759000000000000e+09	2.214356099999999824e-03	-6.502768100000000384e-03
7.418761125000000000e+09	2.295368900000000194e-03	-6.899429900000000199e-03
7.418763250000000000e+09	2.418650200000000122e-03	-6.743340900000000318e-03
7.418765375000000000e+09	2.280184199999999838e-03	-6.878744800000000277e-03
7.418767500000000000e+09	2.248915199999999837e-03	-6.982556499999999743e-03
7.418769625000000000e+09	2.537539899999999987e-03	-6.756836700000000244e-03
7.418771750000000000e+09	2.155328000000000192e-03	-6.891966999999999711e-03
7.418773875000000000e+09	2.341818099999999885e-03	-6.708246200000000242e-03
7.418776000000000000e+09	2.253341099999999885e-03	-7.270272799999999772e-03
7.418778125000000000e+09	2.474461500000000019e-03	-6.984759999999999580e-03
7.418780250000000000e+09	2.098802199999999941e-03	-6.818894800000000096e-03
7.418782375000000000e+09	2.165955399999999927e-03	-6.841556799999999779e-03
7.418784500000000000e+09	2.381073100000000078e-03	-6.754364700000000353e-03
7.418786625000000000e+09	2.434790200000000113e-03	-6.967450400000000169e-03
7.418788750000000000e+09	2.158891699999999827e-03	-7.210081400000000265e-03
7.418790875000000000e+09	2.272916900000000132e-03	-7.001388300000000418e-03
7.418793000000000000e+09	2.331057599999999865e-03	-6.656271299999999731e-03
7.418795125000000000e+09	2.034163900000000164e-03	-7.182166299999999913e-03
7.418797250000000000e+09	2.602526200000000040e-03	-7.143955999999999917e-03
7.418799375000000000e+09	2.392088699999999919e-03	-7.000886500000000172e-03
7.418801500000000000e+09	1.943201299999999972e-03	-6.588073499999999583e-03
7.418803625000000000e+09	2.624472499999999826e-03	-6.830146599999999818e-03
7.418805750000000000e+09	2.192785400000000183e-03	-6.790238300000000192e-03
7.418807875000000000e+09	2.287868299999999862e-03	-6.879824700000000334e-03
7.418810000000000000e+09	2.117375099999999934e-03	-6.841664400000000042e-03
7.418812125000000000e+09	2.237636299999999981e-03	-6.727722600000000421e-03
7.418814250000000000e+09	2.133778399999999940e-03	-7.105064799999999750e-03
7.418816375000000000e+09	2.389907900000000016e-03	-6.695086599999999603e-03
7.418818500000000000e+09	2.590958999999999884e-03	-6.912042200000000254e-03
7.418820625000000000e+09	2.252425000000000174e-03	-6.655566400000000049e-03
7.418822750000000000e+09	2.238071500000000068e-03	-6.966527099999999736e-03
7.418824875000000000e+09	2.528434999999999884e-03	-7.297792600000000199e-03
7.418827000000000000e+09	2.060885200000000216e-03	-6.734887999999999639e-03
7.418829125000000000e+09	2.500431699999999813e-03	-6.820810000000000067e-03
7.418831250000000000e+09	2.177843899999999926e-03	-6.884097799999999885e-03
7.418833375000000000e+09	2.051738500000000170e-03	-6.807651900000000374e-03
7.418835500000000000e+09	1.997659599999999924e-03	-6.746642100000000211e-03
7.418837625000000000e+09	2.264601800000000040e-03	-7.173307400000000431e-03
7.418839750000000000e+09	2.151189300000000068e-03	-7.202012800000000096e-03
7.418841875000000000e+09	2.079062999999999918e-03	-7.083430600000000139e-03
7.418844000000000000e+09	1.993978500000000154e-03	-7.029544599999999754e-03
7.418846125000000000e+09	2.200386600000000126e-03	-6.945850800000000214e-03
7.418848250000000000e+09	2.322866199999999888e-03	-7.095244700000000355e-03
7.418850375000000000e+09	2.443724400000000119e-03	-6.811306300000000147e-03
7.418852500000000000e+09	2.104851100000000065e-03	-6.970824799999999870e-03
7.418854625000000000e+09	2.062438299999999874e-03	-6.989602600000000346e-03
7.418856750000000000e+09	1.917119099999999932e-03	-6.802593099999999608e-03
7.418858875000000000e+09	2.501559100000000022e-03	-6.929907600000000112e-03
7.418861000000000000e+09	2.249052899999999956e-03	-7.138043200000000234e-03
7.418863125000000000e+09	2.270709599999999866e-03	-7.031203199999999827e-03
7.418865250000000000e+09	2.238612899999999940e-03	-7.030922200000000281e-03
7.418867375000000000e+09	1.984982499999999889e-03	-6.989352300000000427e-03
7.418869500000000000e+09	2.158326400000000044e-03	-6.926546500000000176e-03
7.418871625000000000e+09	2.271962800000000039e-03	-6.947555999999999697e-03
7.418873750000000000e+09	1.872288599999999935e-03	-7.113091400000000342e-03
7.418875875000000000e+09	2.159418499999999925e-03	-7.306385399999999579e-03
7.418878000000000000e+09	2.133226499999999956e-03	-6.989607600000000316e-03
7.418880125000000000e+09	2.055663499999999845e-03	-7.083536599999999857e-03
7.418882250000000000e+09	2.006048399999999995e-03	-6.972364299999999661e-03
7.418884375000000000e+09	2.023714900000000115e-03	-7.087787699999999712e-03
7.418886500000000000e+09	1.620810500000000043e-03	-7.039024199999999697e-03
7.418888625000000000e+09	2.035855300000000145e-03	-7.162205300000000149e-03
7.418890750000000000e+09	1.948169700000000051e-03	-6.916774399999999802e-03
7.418892875000000000e+09	2.085930800000000002e-03	-7.018229400000000097e-03
7.418895000000000000e+09	1.960330599999999916e-03	-6.813587299999999958e-03
7.418897125000000000e+09	2.282234599999999943e-03	-7.304464299999999764e-03
7.418899250000000000e+09	2.018506599999999977e-03	-6.844494599999999783e-03
7.418901375000000000e+09	1.916341800000000064e-03	-6.765537700000000092e-03
7.418903500000000000e+09	1.997076200000000041e-03	-6.487862100000000090e-03
7.418905625000000000e+09	1.886504900000000092e-03	-6.838007999999999587e-03
7.418907750000000000e+09	1.938688000000000043e-03	-6.951214199999999899e-03
7.418909875000000000e+09	2.002801800000000073e-03	-7.040387399999999650e-03
7.418912000000000000e+09	1.736317700000000047e-03	-7.142840600000000331e-03
7.418914125000000000e+09	1.973070700000000184e-03	-7.352727699999999679e-03
7.418916250000000000e+09	1.784557100000000018e-03	-6.767931100000000068e-03
7.418918375000000000e+09	2.040381500000000136e-03	-6.854361100000000255e-03
7.418920500000000000e+09	2.181928799999999918e-03	-6.968785699999999715e-03
7.418922625000000000e+09	1.957105700000000021e-03	-7.018517099999999759e-03
7.418924750000000000e+09	1.796222000000000096e-03	-6.962033099999999884e-03
7.418926875000000000e+09	1.467682400000000021e-03	-6.608360899999999628e-03
7.418929000000000000e+09	1.868057399999999927e-03	-6.977614699999999844e-03
7.418931125000000000e+09	1.584397900000000066e-03	-6.994272299999999831e-03
7.418933250000000000e+09	1.935034200000000041e-03	-6.719045100000000346e-03
7.418935375000000000e+09	1.971621800000000063e-03	-6.804589599999999981e-03
7.418937500000000000e+09	1.941522700000000018e-03	-7.095582300000000120e-03
7.418939625000000000e+09	1.728692100000000023e-03	-6.956422200000000368e-03
7.418941750000000000e+09	1.797927699999999967e-03	-6.974666899999999899e-03
7.418943875000000000e+09	1.655600699999999932e-03	-7.137898999999999633e-03
7.418946000000000000e+09	1.428360000000000046e-03	-6.972143499999999827e-03
7.418948125000000000e+09	2.105045099999999867e-03	-6.923547999999999855e-03
7.418950250000000000e+09	1.906564099999999949e-03	-6.890114699999999939e-03
7.418952375000000000e+09	1.915149400000000024e-03	-7.102097800000000197e-03
7.418954500000000000e+09	2.149420600000000181e-03	-7.148601000000000087e-03
7.418956625000000000e+09	1.900034400000000017e-03	-7.354165900000000054e-03
7.418958750000000000e+09	1.619154600000000024e-03	-6.805965899999999631e-03
7.418960875000000000e+09	1.780513799999999900e-03	-6.886877700000000255e-03
7.418963000000000000e+09	1.163305299999999997e-03	-7.024422599999999989e-03
7.418965125000000000e+09	1.715889800000000012e-03	-6.850511699999999905e-03
7.418967250000000000e+09	1.656564500000000080e-03	-7.188077900000000055e-03
7.418969375000000000e+09	2.101229899999999904e-03	-7.040111600000000143e-03
7.418971500000000000e+09	1.930995899999999894e-03	-7.036408200000000140e-03
7.418973625000000000e+09	1.968077400000000070e-03	-7.068361599999999773e-03
7.418975750000000000e+09	1.462412400000000093e-03	-6.876496099999999771e-03
7.418977875000000000e+09	1.745295499999999960e-03	-7.190585299999999874e-03
7.418980000000000000e+09	1.675003900000000085e-03	-7.087536299999999852e-03
7.418982125000000000e+09	1.672690500000000068e-03	-7.357813000000000374e-03
7.418984250000000000e+09	1.796971000000000072e-03	-6.588660300000000192e-03
7.418986375000000000e+09	1.975607099999999918e-03	-6.899800400000000340e-03
7.418988500000000000e+09	1.628379199999999962e-03	-7.114324499999999732e-03
7.418990625000000000e+09	1.713100800000000009e-03	-6.995391299999999778e-03
7.418992750000000000e+09	1.769660599999999927e-03	-6.874548599999999628e-03
7.418994875000000000e+09	1.945095399999999903e-03	-6.976198200000000363e-03
7.418997000000000000e+09	1.644661499999999906e-03	-6.833554900000000237e-03
7.418999125000000000e+09	1.760574300000000095e-03	-6.909767399999999955e-03
7.419001250000000000e+09	1.821210100000000007e-03	-6.950507499999999603e-03
7.419003375000000000e+09	1.816555600000000067e-03	-6.891417700000000181e-03
7.419005500000000000e+09	1.644922800000000107e-03	-6.932516900000000419e-03
7.419007625000000000e+09	1.781990200000000074e-03	-7.188805799999999774e-03
7.419009750000000000e+09	1.646768299999999945e-03	-7.146429400000000286e-03
7.419011875000000000e+09	1.655441600000000105e-03	-6.949569000000000059e-03
7.419014000000000000e+09	1.861581800000000012e-03	-7.103840800000000427e-03
7.419016125000000000e+09	1.720305600000000086e-03	-6.903671699999999918e-03
7.419018250000000000e+09	1.455865599999999968e-03	-6.765110599999999731e-03
7.419020375000000000e+09	1.571793900000000022e-03	-7.121924100000000431e-03
7.419022500000000000e+09	1.441234599999999992e-03	-7.070135800000000234e-03
7.419024625000000000e+09	1.821022500000000002e-03	-7.194946399999999943e-03
7.419026750000000000e+09	1.622427100000000105e-03	-6.963056900000000327e-03
7.419028875000000000e+09	1.793182400000000072e-03	-7.135181400000000125e-03
7.419031000000000000e+09	1.490548099999999994e-03	-7.017967299999999624e-03
7.419033125000000000e+09	1.853354900000000072e-03	-6.991951399999999858e-03
7.419035250000000000e+09	1.425155999999999906e-03	-6.988084000000000309e-03
7.419037375000000000e+09	1.322143900000000106e-03	-6.801981900000000220e-03
7.419039500000000000e+09	1.402144199999999985e-03	-6.861044699999999975e-03
7.419041625000000000e+09	1.597717399999999937e-03	-6.713112799999999651e-03
7.419043750000000000e+09	1.430379100000000103e-03	-7.172849099999999839e-03
7.419045875000000000e+09	1.668848899999999993e-03	-7.193626899999999713e-03
7.419048000000000000e+09	1.202788800000000047e-03	-6.933177100000000037e-03
7.419050125000000000e+09	1.813299499999999941e-03	-6.899034600000000274e-03
7.419052250000000000e+09	1.422892800000000093e-03	-7.130056400000000204e-03
7.419054375000000000e+09	1.665590999999999903e-03	-6.989976600000000380e-03
7.419056500000000000e+09	1.312256300000000028e-03	-6.893446800000000395e-03
7.419058625000000000e+09	1.593940799999999909e-03	-6.832076599999999632e-03
7.419060750000000000e+09	1.071656000000000041e-03	-7.037635999999999892e-03
7.419062875000000000e+09	1.462830499999999987e-03	-6.966143600000000366e-03
7.419065000000000000e+09	1.304972699999999968e-03	-7.340421899999999625e-03
7.419067125000000000e+09	1.669109800000000057e-03	-6.998001900000000094e-03
7.419069250000000000e+09	1.710348200000000058e-03	-6.897348699999999999e-03
7.419071375000000000e+09	1.684334599999999993e-03	-7.249515399999999915e-03
7.419073500000000000e+09	1.011489599999999952e-03	-6.999421799999999867e-03
7.419075625000000000e+09	1.360155100000000079e-03	-7.107051100000000114e-03
7.419077750000000000e+09	1.092990199999999915e-03	-7.062498500000000123e-03
7.419079875000000000e+09	1.468630199999999917e-03	-7.157017899999999766e-03
7.419082000000000000e+09	1.267027499999999951e-03	-7.056438400000000083e-03
7.419084125000000000e+09	1.241377099999999923e-03	-6.885529599999999813e-03
7.419086250000000000e+09	1.528309899999999921e-03	-6.878477099999999629e-03
7.419088375000000000e+09	1.304139400000000086e-03	-7.408025599999999711e-03
7.419090500000000000e+09	9.661434999999999901e-04	-6.588134499999999567e-03
7.419092625000000000e+09	1.327187399999999991e-03	-6.816679200000000036e-03
7.419094750000000000e+09	1.220764299999999936e-03	-7.156756999999999702e-03
7.419096875000000000e+09	9.550872999999999655e-04	-6.887540999999999629e-03
7.419099000000000000e+09	1.405756100000000010e-03	-7.136350700000000311e-03
7.419101125000000000e+09	1.442047300000000006e-03	-7.105447899999999851e-03
7.419103250000000000e+09	1.546340700000000019e-03	-7.056939899999999793e-03
7.419105375000000000e+09	1.034714400000000083e-03	-6.833513999999999734e-03
7.419107500000000000e+09	1.134990200000000069e-03	-6.971457799999999753e-03
7.419109625000000000e+09	8.860972000000000379e-04	-7.382005999999999984e-03
7.419111750000000000e+09	1.194829400000000036e-03	-7.046676800000000254e-03
7.419113875000000000e+09	1.263251900000000047e-03	-7.099270000000000407e-03
7.419116000000000000e+09	1.316986100000000059e-03	-7.105726700000000381e-03
7.419118125000000000e+09	1.508461700000000025e-03	-6.832266000000000034e-03
7.419120250000000000e+09	1.465829500000000044e-03	-7.191060600000000191e-03
7.419122375000000000e+09	1.292361699999999922e-03	-7.168834800000000070e-03
7.419124500000000000e+09	1.282659000000000013e-03	-6.934746299999999981e-03
7.419126625000000000e+09	1.351474199999999929e-03	-7.024327300000000017e-03
7.419128750000000000e+09	1.211828999999999988e-03	-6.992691100000000132e-03
7.419130875000000000e+09	1.351421300000000105e-03	-6.935895800000000354e-03
7.419133000000000000e+09	1.620865700000000001e-03	-7.133920400000000328e-03
7.419135125000000000e+09	1.491036999999999961e-03	-7.115807000000000035e-03
7.419137250000000000e+09	1.146602399999999957e-03	-7.236674499999999968e-03
7.419139375000000000e+09	1.144993100000000000e-03	-7.111213699999999714e-03
7.419141500000000000e+09	1.477784599999999986e-03	-7.231654500000000291e-03
7.419143625000000000e+09	1.092836499999999978e-03	-7.206683999999999660e-03
7.419145750000000000e+09	1.020987299999999995e-03	-7.067189699999999568e-03
7.419147875000000000e+09	1.232923900000000008e-03	-6.916946299999999874e-03
7.419150000000000000e+09	8.235061000000000334e-04	-7.016883100000000269e-03
7.419152125000000000e+09	1.409198300000000063e-03	-7.049364800000000077e-03
7.419154250000000000e+09	6.880744999999999527e-04	-6.899871200000000197e-03
7.419156375000000000e+09	1.097088699999999991e-03	-7.226197699999999981e-03
7.419158500000000000e+09	1.156026000000000102e-03	-7.138191000000000327e-03
7.419160625000000000e+09	1.034505100000000051e-03	-7.219292700000000222e-03
7.419162750000000000e+09	1.066545500000000077e-03	-6.978911200000000037e-03
7.419164875000000000e+09	1.270457299999999895e-03	-7.210689999999999635e-03
7.419167000000000000e+09	9.233838000000000072e-04	-7.174243599999999624e-03
7.419169125000000000e+09	1.133025099999999995e-03	-7.172843699999999732e-03
7.419171250000000000e+09	1.065288900000000046e-03	-7.083911499999999764e-03
7.419173375000000000e+09	8.351466999999999571e-04	-7.224013100000000083e-03
7.419175500000000000e+09	1.452009900000000072e-03	-7.104559499999999611e-03
7.419177625000000000e+09	1.046873000000000031e-03	-7.034504500000000188e-03
7.419179750000000000e+09	1.147880800000000050e-03	-6.822128299999999888e-03
7.419181875000000000e+09	1.042933900000000101e-03	-6.725088599999999930e-03
7.419184000000000000e+09	1.145361699999999927e-03	-7.186111499999999971e-03
7.419186125000000000e+09	1.063998499999999981e-03	-7.296697599999999763e-03
7.419188250000000000e+09	9.073504000000000465e-04	-7.070641600000000110e-03
7.419190375000000000e+09	1.039810499999999907e-03	-6.864987000000000346e-03
7.419192500000000000e+09	1.165274599999999985e-03	-7.048786500000000198e-03
7.419194625000000000e+09	7.508830000000000409e-04	-7.198706299999999697e-03
7.419196750000000000e+09	1.268795600000000067e-03	-6.874824300000000402e-03
7.419198875000000000e+09	7.215029000000000407e-04	-6.997307599999999690e-03
7.419201000000000000e+09	9.069182000000000068e-04	-7.026321500000000039e-03
7.419203125000000000e+09	1.208407400000000020e-03	-6.925078599999999647e-03
7.419205250000000000e+09	1.283777999999999959e-03	-7.335731600000000054e-03
7.419207375000000000e+09	1.366954299999999971e-03	-6.864402399999999620e-03
7.419209500000000000e+09	7.527220000000000482e-04	-7.548341800000000351e-03
7.419211625000000000e+09	6.744163000000000501e-04	-7.002130199999999707e-03
7.419213750000000000e+09	9.884945000000000884e-04	-7.034564200000000163e-03
7.419215875000000000e+09	5.601974999999999707e-04	-7.049190500000000054e-03
7.419218000000000000e+09	1.243206599999999943e-03	-6.824015699999999920e-03
7.419220125000000000e+09	9.201758999999999460e-04	-7.172590399999999658e-03
7.419222250000000000e+09	9.650871999999999576e-04	-7.212218099999999875e-03
7.419224375000000000e+09	1.237760399999999995e-03	-7.387364500000000167e-03
7.419226500000000000e+09	8.431871999999999761e-04	-7.120077100000000297e-03
7.419228625000000000e+09	1.241380199999999896e-03	-6.656359899999999587e-03
7.419230750000000000e+09	1.234757200000000023e-03	-7.253754400000000414e-03
7.419232875000000000e+09	7.522127999999999887e-04	-6.885747200000000290e-03
7.419235000000000000e+09	1.163941099999999968e-03	-6.952852399999999954e-03
7.419237125000000000e+09	8.487145999999999666e-04	-7.054544099999999866e-03
7.419239250000000000e+09	1.065163500000000001e-03	-7.055252899999999577e-03
7.419241375000000000e+09	1.046431599999999998e-03	-7.119576199999999924e-03
7.419243500000000000e+09	7.860236999999999736e-04	-7.112806099999999764e-03
7.419245625000000000e+09	8.341899000000000276e-04	-7.147758799999999989e-03
7.419247750000000000e+09	6.798947999999999537e-04	-6.839458799999999922e-03
7.419249875000000000e+09	1.013668799999999960e-03	-7.021369199999999595e-03
7.419252000000000000e+09	1.014981199999999938e-03	-6.950112799999999882e-03
7.419254125000000000e+09	9.233069000000000215e-04	-7.062009000000000168e-03
7.419256250000000000e+09	9.567879000000000488e-04	-7.274974099999999624e-03
7.419258375000000000e+09	1.022133300000000041e-03	-6.761776300000000260e-03
7.419260500000000000e+09	9.337529000000000228e-04	-7.309778500000000019e-03
7.419262625000000000e+09	1.050204699999999916e-03	-6.833024499999999779e-03
7.419264750000000000e+09	8.014737000000000510e-04	-7.140557100000000101e-03
7.419266875000000000e+09	7.711598000000000497e-04	-6.955468200000000309e-03
7.419269000000000000e+09	1.048257699999999943e-03	-7.155685099999999771e-03
7.419271125000000000e+09	7.874403999999999562e-04	-7.051637700000000161e-03
7.419273250000000000e+09	8.585278000000000440e-04	-7.132184700000000419e-03
7.419275375000000000e+09	6.986314000000000413e-04	-7.241400900000000140e-03
7.419277500000000000e+09	7.810555999999999966e-04	-6.846301200000000017e-03
7.419279625000000000e+09	6.723954000000000302e-04	-7.139914399999999946e-03
7.419281750000000000e+09	7.383226000000000112e-04	-7.038168800000000301e-03
7.419283875000000000e+09	6.475232999999999944e-04	-7.593154399999999665e-03
7.419286000000000000e+09	7.673506999999999984e-04	-6.878658200000000236e-03
7.419288125000000000e+09	8.748512000000000172e-04	-7.185931199999999637e-03
7.419290250000000000e+09	6.953464000000000346e-04	-6.584159600000000223e-03
7.419292375000000000e+09	7.669182999999999990e-04	-7.288485899999999802e-03
7.419294500000000000e+09	6.964490000000000264e-04	-7.103649099999999675e-03
7.419296625000000000e+09	6.115171000000000408e-04	-7.137973899999999587e-03
7.419298750000000000e+09	8.235526999999999865e-04	-7.205563800000000171e-03
7.419300875000000000e+09	3.686952999999999867e-04	-7.165252999999999900e-03
7.419303000000000000e+09	8.378446000000000114e-04	-7.436473800000000141e-03
7.419305125000000000e+09	7.314323999999999869e-04	-7.066884199999999908e-03
7.419307250000000000e+09	9.474798999999999678e-04	-6.859385200000000030e-03
7.419309375000000000e+09	8.106103000000000136e-04	-7.151679900000000069e-03
7.419311500000000000e+09	7.838565999999999720e-04	-7.329241299999999897e-03
7.419313625000000000e+09	7.145553999999999925e-04	-7.050301299999999806e-03
7.419315750000000000e+09	7.540178000000000028e-04	-7.550342199999999886e-03
7.419317875000000000e+09	6.451764999999999714e-04	-7.003664100000000191e-03
7.419320000000000000e+09	3.616060999999999733e-04	-7.060064399999999712e-03
7.419322125000000000e+09	7.611087999999999795e-04	-7.465884100000000356e-03
7.419324250000000000e+09	7.860160999999999841e-04	-6.905988699999999862e-03
7.419326375000000000e+09	4.986238999999999949e-04	-6.989686999999999636e-03
7.419328500000000000e+09	5.642874000000000414e-04	-6.804910800000000225e-03
7.419330625000000000e+09	8.319725000000000037e-04	-7.115197999999999662e-03
7.419332750000000000e+09	6.533380999999999781e-04	-7.213149999999999770e-03
7.419334875000000000e+09	6.013106999999999957e-04	-7.175718299999999869e-03
7.419337000000000000e+09	7.968749999999999488e-04	-7.226110200000000067e-03
7.419339125000000000e+09	5.863385000000000038e-04	-6.979390200000000315e-03
7.419341250000000000e+09	7.086672000000000240e-04	-7.015433300000000275e-03
7.419343375000000000e+09	7.454131999999999598e-04	-6.920014700000000178e-03
7.419345500000000000e+09	6.645784000000000066e-04	-6.839581299999999628e-03
7.419347625000000000e+09	5.858906000000000313e-04	-7.235609999999999958e-03
7.419349750000000000e+09	4.727668000000000083e-04	-7.305357600000000375e-03
7.419351875000000000e+09	5.116374999999999612e-04	-7.176518899999999659e-03
7.419354000000000000e+09	4.807586999999999885e-04	-7.118972099999999921e-03
7.419356125000000000e+09	4.479061999999999909e-04	-7.170425900000000109e-03
7.419358250000000000e+09	4.020510000000000034e-04	-7.055681999999999753e-03
7.419360375000000000e+09	4.822781000000000268e-04	-7.133623399999999663e-03
7.419362500000000000e+09	4.164775000000000118e-04	-7.146710100000000163e-03
7.419364625000000000e+09	6.473819000000000231e-04	-7.140581299999999680e-03
7.419366750000000000e+09	8.404706000000000503e-04	-6.730082299999999747e-03
7.419368875000000000e+09	3.762888000000000148e-04	-7.091758499999999826e-03
7.419371000000000000e+09	3.102515999999999824e-04	-6.932947800000000341e-03
7.419373125000000000e+09	6.396185999999999885e-04	-6.964926700000000429e-03
7.419375250000000000e+09	2.930089000000000196e-04	-7.152805199999999995e-03
7.419377375000000000e+09	4.652953999999999836e-04	-7.261656299999999682e-03
7.419379500000000000e+09	4.684881999999999914e-04	-7.098569100000000354e-03
7.419381625000000000e+09	1.595261000000000107e-04	-7.351480900000000387e-03
7.419383750000000000e+09	4.726040999999999836e-04	-7.063918700000000432e-03
7.419385875000000000e+09	5.419287999999999536e-04	-7.151490100000000398e-03
7.419388000000000000e+09	5.080427999999999463e-04	-6.948184199999999679e-03
7.419390125000000000e+09	4.540627999999999787e-04	-7.036995600000000087e-03
7.419392250000000000e+09	4.593255999999999988e-04	-7.119285300000000039e-03
7.419394375000000000e+09	2.666500999999999832e-04	-7.119164199999999942e-03
7.419396500000000000e+09	3.436091000000000167e-04	-6.935999499999999721e-03
7.419398625000000000e+09	3.919653000000000265e-04	-7.106568300000000275e-03
7.419400750000000000e+09	6.715339999999999981e-05	-7.192204300000000321e-03
7.419402875000000000e+09	1.595492000000000004e-04	-6.791158500000000001e-03
7.419405000000000000e+09	1.511692000000000027e-04	-6.715164299999999697e-03
7.419407125000000000e+09	7.408525000000000223e-04	-7.099091699999999887e-03
7.419409250000000000e+09	2.685365999999999795e-04	-7.161417399999999919e-03
7.419411375000000000e+09	4.687070000000000103e-04	-7.191598199999999635e-03
7.419413500000000000e+09	2.342393999999999922e-04	-6.840037499999999937e-03
7.419415625000000000e+09	2.592431999999999983e-04	-7.277540400000000013e-03
7.419417750000000000e+09	4.637061000000000156e-04	-6.877438799999999880e-03
7.419419875000000000e+09	1.549351999999999934e-04	-7.069342000000000160e-03
7.419422000000000000e+09	3.018543999999999741e-04	-7.028069399999999772e-03
7.419424125000000000e+09	3.113710000000000110e-04	-6.775926300000000360e-03
7.419426250000000000e+09	2.638790999999999923e-04	-6.903754399999999930e-03
7.419428375000000000e+09	-1.467909999999999978e-05	-7.072013299999999926e-03
7.419430500000000000e+09	2.672252000000000178e-04	-6.735221599999999774e-03
7.419432625000000000e+09	3.635705000000000252e-04	-7.097421500000000195e-03
7.419434750000000000e+09	2.570539000000000157e-04	-7.018843999999999778e-03
7.419436875000000000e+09	6.396970000000000520e-05	-7.361970199999999867e-03
7.419439000000000000e+09	5.140420999999999619e-04	-7.156081199999999969e-03
7.419441125000000000e+09	5.817338999999999496e-04	-7.255001599999999842e-03
7.419443250000000000e+09	2.483588000000000115e-04	-6.627808199999999858e-03
7.419445375000000000e+09	2.452350000000000059e-04	-7.148745800000000025e-03
7.419447500000000000e+09	1.289131999999999908e-04	-7.065188600000000228e-03
7.419449625000000000e+09	2.991819000000000162e-04	-7.071465199999999937e-03
7.419451750000000000e+09	1.032942000000000045e-04	-7.391061299999999654e-03
7.419453875000000000e+09	7.963699999999999664e-06	-7.017680999999999572e-03
7.419456000000000000e+09	1.806668999999999897e-04	-7.243581100000000272e-03
7.419458125000000000e+09	3.245729999999999839e-05	-6.616434000000000031e-03
7.419460250000000000e+09	1.869852999999999934e-04	-6.885824300000000127e-03
7.419462375000000000e+09	-3.077589999999999785e-05	-6.787644100000000263e-03
7.419464500000000000e+09	6.350809999999999594e-05	-7.380597400000000162e-03
7.419466625000000000e+09	-4.323079999999999951e-05	-7.174440899999999684e-03
7.419468750000000000e+09	9.271809999999999579e-05	-6.891414099999999821e-03
7.419470875000000000e+09	3.418308000000000002e-04	-7.185200400000000230e-03
7.419473000000000000e+09	1.401925999999999899e-04	-7.220969300000000361e-03
7.419475125000000000e+09	3.205312999999999782e-04	-6.981018599999999630e-03
7.419477250000000000e+09	-2.410139999999999933e-05	-6.954174700000000271e-03
7.419479375000000000e+09	2.978707000000000143e-04	-6.732269899999999800e-03
7.419481500000000000e+09	1.464341999999999879e-04	-7.016029600000000220e-03
7.419483625000000000e+09	-2.834992999999999845e-04	-7.036547599999999972e-03
7.419485750000000000e+09	8.704210000000000473e-05	-7.088445799999999915e-03
7.419487875000000000e+09	3.289500000000000015e-06	-7.050544500000000339e-03
7.419490000000000000e+09	2.579282000000000016e-04	-7.159046300000000175e-03
7.419492125000000000e+09	2.933228999999999763e-04	-6.902573300000000057e-03
7.419494250000000000e+09	2.313790000000000085e-05	-6.936805800000000154e-03
7.419496375000000000e+09	3.812366000000000084e-04	-6.916158799999999780e-03
7.419498500000000000e+09	2.482931999999999761e-04	-6.919286600000000391e-03
7.419500625000000000e+09	3.181230999999999968e-04	-6.850373499999999616e-03
7.419502750000000000e+09	2.416351000000000067e-04	-7.213354800000000219e-03
7.419504875000000000e+09	1.633989999999999987e-04	-7.023331600000000050e-03
7.419507000000000000e+09	2.394407999999999996e-04	-7.156762700000000345e-03
7.419509125000000000e+09	6.561850000000000202e-05	-6.856833100000000146e-03
7.419511250000000000e+09	-1.787697000000000038e-04	-6.996690300000000390e-03
7.419513375000000000e+09	3.947390999999999964e-04	-7.364027000000000420e-03
7.419515500000000000e+09	1.706641999999999914e-04	-6.880501800000000077e-03
7.419517625000000000e+09	3.166200000000000280e-05	-6.785723900000000322e-03
7.419519750000000000e+09	3.932479999999999998e-05	-7.207775799999999872e-03
7.419521875000000000e+09	-7.833239999999999561e-05	-6.942528400000000030e-03
7.419524000000000000e+09	-1.100482999999999946e-04	-7.244496799999999848e-03
7.419526125000000000e+09	2.045144999999999949e-04	-7.053112200000000338e-03
7.419528250000000000e+09	1.546433999999999905e-04	-6.541879100000000044e-03
7.419530375000000000e+09	2.041489000000000064e-04	-7.446323099999999952e-03
7.419532500000000000e+09	-2.654038999999999747e-04	-7.092737899999999873e-03
7.419534625000000000e+09	2.066664999999999973e-04	-6.957640999999999652e-03
7.419536750000000000e+09	-3.723399999999999757e-04	-7.365422400000000078e-03
7.419538875000000000e+09	6.541880000000000459e-05	-6.968699299999999743e-03
7.419541000000000000e+09	1.257765000000000044e-04	-7.016956399999999677e-03
7.419543125000000000e+09	7.717139999999999775e-05	-7.011532899999999881e-03
7.419545250000000000e+09	2.405711000000000047e-04	-6.841297599999999861e-03
7.419547375000000000e+09	-1.076917999999999978e-04	-7.053559000000000044e-03
7.419549500000000000e+09	3.038859999999999904e-05	-7.005402699999999788e-03
7.419551625000000000e+09	-6.136880000000000102e-05	-7.232216500000000249e-03
7.419553750000000000e+09	-5.481249999999999740e-05	-6.879302300000000002e-03
7.419555875000000000e+09	-1.887461000000000054e-04	-7.390771800000000245e-03
7.419558000000000000e+09	1.265205999999999894e-04	-6.976906800000000006e-03
7.419560125000000000e+09	5.003482999999999542e-04	-7.267065500000000240e-03
7.419562250000000000e+09	9.625260000000000066e-05	-7.291955200000000206e-03
7.419564375000000000e+09	7.153310000000000126e-05	-7.198113199999999975e-03
7.419566500000000000e+09	-1.345824999999999875e-04	-7.169916400000000273e-03
7.419568625000000000e+09	-1.975265999999999936e-04	-7.438429499999999611e-03
7.419570750000000000e+09	-1.466689000000000079e-04	-6.734231299999999913e-03
7.419572875000000000e+09	4.345549999999999755e-05	-7.289243299999999606e-03
7.419575000000000000e+09	8.143220000000000276e-05	-6.934334399999999600e-03
7.419577125000000000e+09	6.226919999999999667e-05	-7.247435899999999862e-03
7.419579250000000000e+09	-1.865077000000000033e-04	-6.796119800000000044e-03
7.419581375000000000e+09	5.334380000000000247e-05	-7.126529099999999971e-03
7.419583500000000000e+09	-4.286300999999999740e-04	-7.120851899999999964e-03
7.419585625000000000e+09	-1.717695000000000094e-04	-6.918867399999999689e-03
7.419587750000000000e+09	3.756480000000000328e-05	-7.034637699999999640e-03
7.419589875000000000e+09	-2.465340000000000015e-05	-6.850852499999999894e-03
7.419592000000000000e+09	-4.892029999999999984e-05	-6.960335199999999854e-03
7.419594125000000000e+09	-2.127755999999999962e-04	-7.170204700000000139e-03
7.419596250000000000e+09	-5.209049999999999873e-05	-7.176034399999999674e-03
7.419598375000000000e+09	1.030714999999999973e-04	-7.219554900000000296e-03
7.419600500000000000e+09	-5.603140000000000160e-04	-6.790112000000000057e-03
7.419602625000000000e+09	-3.843752000000000193e-04	-6.823149799999999980e-03
7.419604750000000000e+09	-4.011043999999999742e-04	-7.120964199999999661e-03
7.419606875000000000e+09	5.249430000000000323e-05	-6.927653899999999636e-03
7.419609000000000000e+09	-5.790110000000000439e-04	-6.814890300000000199e-03
7.419611125000000000e+09	8.596299999999999333e-06	-6.805834499999999926e-03
7.419613250000000000e+09	-2.774453999999999983e-04	-6.992804299999999702e-03
7.419615375000000000e+09	-1.174524999999999940e-04	-6.871207300000000372e-03
7.419617500000000000e+09	-3.649709999999999993e-05	-6.871377399999999830e-03
7.419619625000000000e+09	-5.316913000000000368e-04	-6.783586999999999777e-03
7.419621750000000000e+09	1.254151000000000116e-04	-6.917635099999999704e-03
7.419623875000000000e+09	1.404079999999999879e-04	-7.254527600000000402e-03
7.419626000000000000e+09	-2.451193999999999964e-04	-7.230103800000000150e-03
7.419628125000000000e+09	-1.572225000000000011e-04	-6.998080999999999746e-03
7.419630250000000000e+09	-1.651049999999999989e-04	-7.285077499999999782e-03
7.419632375000000000e+09	-6.733924000000000073e-04	-7.070117499999999632e-03
7.419634500000000000e+09	2.453719999999999946e-05	-6.871440500000000097e-03
7.419636625000000000e+09	-3.449034000000000019e-04	-6.946777700000000139e-03
7.419638750000000000e+09	-1.903389000000000014e-04	-7.067530199999999888e-03
7.419640875000000000e+09	-6.354697999999999987e-04	-7.273770599999999920e-03
7.419643000000000000e+09	-7.809324000000000517e-04	-6.995448300000000133e-03
7.419645125000000000e+09	-2.974717000000000203e-04	-7.191340899999999932e-03
7.419647250000000000e+09	-3.373728000000000100e-04	-7.066467699999999692e-03
7.419649375000000000e+09	-4.295702999999999891e-04	-7.253780300000000139e-03
7.419651500000000000e+09	-1.308964000000000026e-04	-7.164243100000000294e-03
7.419653625000000000e+09	-2.649050999999999923e-04	-6.918837700000000403e-03
7.419655750000000000e+09	-5.693585000000000139e-04	-7.134350900000000113e-03
7.419657875000000000e+09	-3.619656999999999757e-04	-6.765307600000000122e-03
7.419660000000000000e+09	-3.336804000000000180e-04	-6.909969600000000385e-03
7.419662125000000000e+09	-1.555007999999999868e-04	-7.005993099999999890e-03
7.419664250000000000e+09	-3.564843000000000048e-04	-7.229848700000000329e-03
7.419666375000000000e+09	-6.134470999999999631e-04	-6.869777999999999996e-03
7.419668500000000000e+09	-6.526925999999999518e-04	-7.108143699999999732e-03
7.419670625000000000e+09	-4.390036000000000264e-04	-7.019809099999999719e-03
7.419672750000000000e+09	-7.086765999999999769e-04	-6.937220600000000223e-03
7.419674875000000000e+09	-4.290539000000000223e-04	-6.749277700000000380e-03
7.419677000000000000e+09	-3.302358000000000138e-04	-7.082686000000000363e-03
7.419679125000000000e+09	-6.675379999999999639e-04	-6.992343100000000290e-03
7.419681250000000000e+09	-5.597507999999999737e-04	-6.841061899999999717e-03
7.419683375000000000e+09	-2.231381000000000109e-04	-7.093015799999999663e-03
7.419685500000000000e+09	-4.975150999999999489e-04	-6.779237700000000262e-03
7.419687625000000000e+09	-4.521565000000000068e-04	-7.350998200000000149e-03
7.419689750000000000e+09	-4.321719000000000016e-04	-7.004175599999999842e-03
7.419691875000000000e+09	-3.070983000000000003e-04	-7.095743199999999910e-03
7.419694000000000000e+09	-6.651566999999999940e-04	-7.071368300000000287e-03
7.419696125000000000e+09	-5.842437999999999711e-04	-6.585603100000000237e-03
7.419698250000000000e+09	-4.501271000000000157e-04	-7.166454200000000122e-03
7.419700375000000000e+09	-7.589550999999999936e-04	-7.090995699999999916e-03
7.419702500000000000e+09	-4.374862000000000195e-04	-6.821919899999999946e-03
7.419704625000000000e+09	-4.980905000000000315e-04	-6.875250799999999690e-03
7.419706750000000000e+09	-3.454175999999999774e-04	-7.051598600000000272e-03
7.419708875000000000e+09	-6.511938999999999792e-04	-7.024095600000000370e-03
7.419711000000000000e+09	-3.144439000000000066e-04	-6.794446600000000197e-03
7.419713125000000000e+09	-5.750368999999999967e-04	-7.066796200000000257e-03
7.419715250000000000e+09	-5.743171000000000040e-04	-6.822975700000000025e-03
7.419717375000000000e+09	-4.894689999999999718e-04	-6.912863099999999594e-03
7.419719500000000000e+09	-3.979283000000000234e-04	-7.031463100000000417e-03
7.419721625000000000e+09	-5.422063999999999660e-04	-6.809028899999999829e-03
7.419723750000000000e+09	-5.292613999999999739e-04	-6.811402599999999592e-03
7.419725875000000000e+09	-1.045991899999999895e-03	-6.908598699999999974e-03
7.419728000000000000e+09	-8.094654000000000172e-04	-6.910460000000000214e-03
7.419730125000000000e+09	-4.002534999999999990e-04	-7.077537499999999801e-03
7.419732250000000000e+09	-7.173525999999999731e-04	-6.838497100000000273e-03
7.419734375000000000e+09	-7.313086999999999799e-04	-6.834104799999999973e-03
7.419736500000000000e+09	-9.789931000000000848e-04	-6.846440599999999849e-03
7.419738625000000000e+09	-5.800097999999999842e-04	-6.718375500000000125e-03
7.419740750000000000e+09	-5.602708999999999554e-04	-7.025456700000000040e-03
7.419742875000000000e+09	-4.407422999999999831e-04	-7.033646099999999769e-03
7.419745000000000000e+09	-5.320496000000000296e-04	-6.867597100000000059e-03
7.419747125000000000e+09	-3.716365999999999919e-04	-7.061407399999999716e-03
7.419749250000000000e+09	-8.618080000000000402e-04	-6.776581599999999608e-03
7.419751375000000000e+09	-6.788579000000000314e-04	-7.134984700000000270e-03
7.419753500000000000e+09	-5.596696999999999653e-04	-7.089756600000000214e-03
7.419755625000000000e+09	-8.385228000000000213e-04	-7.148561399999999594e-03
7.419757750000000000e+09	-5.059507000000000414e-04	-6.999566599999999805e-03
7.419759875000000000e+09	-7.477299000000000185e-04	-7.023949199999999886e-03
7.419762000000000000e+09	-5.263467000000000406e-04	-6.870708500000000281e-03
7.419764125000000000e+09	-8.607375999999999699e-04	-7.117231499999999642e-03
7.419766250000000000e+09	-6.900880999999999769e-04	-7.028125799999999923e-03
7.419768375000000000e+09	-7.892329000000000445e-04	-7.159123699999999681e-03
7.419770500000000000e+09	-8.769166999999999587e-04	-7.137045199999999916e-03
7.419772625000000000e+09	-8.851150000000000120e-04	-6.798572600000000327e-03
7.419774750000000000e+09	-1.027249899999999917e-03	-7.266143099999999681e-03
7.419776875000000000e+09	-4.962423999999999568e-04	-7.281062700000000276e-03
7.419779000000000000e+09	-8.072532000000000318e-04	-6.909979999999999595e-03
7.419781125000000000e+09	-6.361102000000000206e-04	-6.910575300000000067e-03
7.419783250000000000e+09	-7.464960000000000302e-04	-7.088899299999999737e-03
7.419785375000000000e+09	-6.791734999999999916e-04	-6.945069600000000100e-03
7.419787500000000000e+09	-9.168276999999999633e-04	-7.311273000000000077e-03
7.419789625000000000e+09	-5.811422999999999806e-04	-6.946030199999999807e-03
7.419791750000000000e+09	-7.169561999999999984e-04	-6.841858800000000414e-03
7.419793875000000000e+09	-8.855437999999999765e-04	-6.714943000000000127e-03
7.419796000000000000e+09	-8.025454999999999482e-04	-7.323909600000000179e-03
7.419798125000000000e+09	-8.120445000000000007e-04	-6.794747400000000423e-03
7.419800250000000000e+09	-9.597934999999999713e-04	-6.965372400000000193e-03
7.419802375000000000e+09	-1.050848299999999945e-03	-6.835263099999999876e-03
7.419804500000000000e+09	-5.836344000000000037e-04	-6.708039699999999647e-03
7.419806625000000000e+09	-6.644716000000000164e-04	-6.804785500000000431e-03
7.419808750000000000e+09	-9.570399000000000050e-04	-6.959797200000000274e-03
7.419810875000000000e+09	-8.991853000000000389e-04	-6.876740400000000246e-03
7.419813000000000000e+09	-6.061878999999999835e-04	-7.010771199999999911e-03
7.419815125000000000e+09	-9.375664999999999824e-04	-7.154205400000000423e-03
7.419817250000000000e+09	-7.174259000000000322e-04	-6.521468899999999756e-03
7.419819375000000000e+09	-6.971476999999999796e-04	-7.212223799999999650e-03
7.419821500000000000e+09	-8.042127000000000260e-04	-6.766044700000000377e-03
7.419823625000000000e+09	-7.807018999999999461e-04	-7.009804199999999756e-03
7.419825750000000000e+09	-9.038257000000000495e-04	-6.926622200000000402e-03
7.419827875000000000e+09	-5.828817999999999933e-04	-6.840625099999999952e-03
7.419830000000000000e+09	-7.580109999999999496e-04	-6.980821199999999969e-03
7.419832125000000000e+09	-9.056736999999999817e-04	-7.122840400000000211e-03
7.419834250000000000e+09	-8.651743000000000150e-04	-7.170444199999999844e-03
7.419836375000000000e+09	-1.036752799999999999e-03	-7.008764300000000329e-03
7.419838500000000000e+09	-6.307195999999999506e-04	-6.965185599999999810e-03
7.419840625000000000e+09	-7.064687999999999740e-04	-6.770980799999999633e-03
7.419842750000000000e+09	-1.110160200000000078e-03	-7.023355700000000028e-03
7.419844875000000000e+09	-1.152672100000000019e-03	-7.248192500000000260e-03
7.419847000000000000e+09	-9.092115000000000006e-04	-6.829488699999999683e-03
7.419849125000000000e+09	-8.948741999999999981e-04	-6.955680799999999948e-03
7.419851250000000000e+09	-8.155159999999999623e-04	-7.103973300000000074e-03
7.419853375000000000e+09	-6.742186999999999963e-04	-6.890327699999999715e-03
7.419855500000000000e+09	-1.253267200000000034e-03	-6.762107899999999713e-03
7.419857625000000000e+09	-6.933309000000000130e-04	-7.138881100000000167e-03
7.419859750000000000e+09	-9.603392000000000091e-04	-7.121673599999999577e-03
7.419861875000000000e+09	-1.255683100000000094e-03	-7.113905600000000433e-03
7.419864000000000000e+09	-6.385477999999999987e-04	-6.890341200000000416e-03
7.419866125000000000e+09	-9.499503999999999978e-04	-6.905131800000000389e-03
7.419868250000000000e+09	-8.399787000000000356e-04	-6.910860799999999846e-03
7.419870375000000000e+09	-1.167252699999999938e-03	-6.830564100000000374e-03
7.419872500000000000e+09	-8.258983000000000340e-04	-6.833542800000000014e-03
7.419874625000000000e+09	-6.756429999999999684e-04	-6.704008299999999684e-03
7.419876750000000000e+09	-1.037827500000000017e-03	-6.876690300000000075e-03
7.419878875000000000e+09	-1.100086099999999937e-03	-6.779331700000000224e-03
7.419881000000000000e+09	-1.200448100000000044e-03	-6.686407000000000114e-03
7.419883125000000000e+09	-1.406338200000000101e-03	-6.939268900000000045e-03
7.419885250000000000e+09	-1.058103599999999896e-03	-6.904044500000000410e-03
7.419887375000000000e+09	-8.959709999999999636e-04	-6.928950599999999897e-03
7.419889500000000000e+09	-1.000874599999999892e-03	-6.771260099999999900e-03
7.419891625000000000e+09	-9.920175999999999734e-04	-6.911780900000000054e-03
7.419893750000000000e+09	-1.175735200000000086e-03	-7.028913099999999949e-03
7.419895875000000000e+09	-1.199996999999999956e-03	-6.795787600000000386e-03
7.419898000000000000e+09	-1.097560899999999902e-03	-6.818374200000000378e-03
7.419900125000000000e+09	-1.236812699999999916e-03	-7.001103100000000308e-03
7.419902250000000000e+09	-1.081466799999999950e-03	-7.026316799999999738e-03
7.419904375000000000e+09	-9.654934000000000216e-04	-7.182940900000000378e-03
7.419906500000000000e+09	-9.182714999999999714e-04	-7.158002099999999715e-03
7.419908625000000000e+09	-1.035760500000000106e-03	-6.829766699999999940e-03
7.419910750000000000e+09	-1.076119099999999981e-03	-7.053554899999999947e-03
7.419912875000000000e+09	-1.348593199999999995e-03	-6.965084600000000063e-03
7.419915000000000000e+09	-1.068886999999999919e-03	-7.036258999999999569e-03
7.419917125000000000e+09	-1.058448700000000050e-03	-6.905802200000000016e-03
7.419919250000000000e+09	-1.455577800000000055e-03	-7.088997500000000264e-03
7.419921375000000000e+09	-1.092311600000000094e-03	-6.718969499999999720e-03
7.419923500000000000e+09	-9.815813999999999529e-04	-6.606161999999999625e-03
7.419925625000000000e+09	-1.328692100000000058e-03	-6.739192399999999888e-03
7.419927750000000000e+09	-1.219702000000000026e-03	-6.919716599999999572e-03
7.419929875000000000e+09	-1.087996400000000065e-03	-6.744438999999999643e-03
7.419932000000000000e+09	-1.157197200000000068e-03	-6.835958599999999823e-03
7.419934125000000000e+09	-1.429269300000000041e-03	-6.930783000000000256e-03
7.419936250000000000e+09	-1.367860899999999913e-03	-7.128885100000000204e-03
7.419938375000000000e+09	-1.115285599999999919e-03	-6.922328699999999967e-03
7.419940500000000000e+09	-1.207581899999999979e-03	-7.203865299999999937e-03
7.419942625000000000e+09	-1.371204499999999953e-03	-6.883031900000000265e-03
7.419944750000000000e+09	-1.397946800000000010e-03	-6.924750200000000418e-03
7.419946875000000000e+09	-1.281897499999999895e-03	-6.887533700000000175e-03
7.419949000000000000e+09	-1.145566200000000057e-03	-7.080305500000000016e-03
7.419951125000000000e+09	-1.514755200000000076e-03	-6.570816099999999757e-03
7.419953250000000000e+09	-1.257792100000000015e-03	-6.763520200000000364e-03
7.419955375000000000e+09	-1.590325799999999911e-03	-6.474354499999999610e-03
7.419957500000000000e+09	-1.667369699999999948e-03	-6.774873800000000106e-03
7.419959625000000000e+09	-1.107831299999999979e-03	-6.525427299999999979e-03
7.419961750000000000e+09	-1.311713400000000078e-03	-6.846656599999999780e-03
7.419963875000000000e+09	-1.270116099999999987e-03	-7.033375100000000164e-03
7.419966000000000000e+09	-1.395713299999999917e-03	-6.872275500000000342e-03
7.419968125000000000e+09	-1.243470599999999980e-03	-6.749525299999999811e-03
7.419970250000000000e+09	-1.015650899999999976e-03	-7.033161700000000252e-03
7.419972375000000000e+09	-1.243539099999999920e-03	-6.987432699999999823e-03
7.419974500000000000e+09	-1.120423699999999970e-03	-6.850197300000000246e-03
7.419976625000000000e+09	-1.420181800000000017e-03	-6.886591400000000203e-03
7.419978750000000000e+09	-1.556642000000000008e-03	-6.787090800000000236e-03
7.419980875000000000e+09	-1.283624300000000022e-03	-6.812923900000000116e-03
7.419983000000000000e+09	-1.280616800000000102e-03	-6.480196500000000304e-03
7.419985125000000000e+09	-1.120877200000000009e-03	-6.791178299999999814e-03
7.419987250000000000e+09	-1.331811100000000053e-03	-6.776718999999999625e-03
7.419989375000000000e+09	-1.756614199999999943e-03	-6.964120399999999995e-03
7.419991500000000000e+09	-1.189869299999999968e-03	-6.893103200000000319e-03
7.419993625000000000e+09	-1.144762400000000043e-03	-7.047492899999999692e-03
7.419995750000000000e+09	-1.120789199999999925e-03	-6.725597199999999894e-03
7.419997875000000000e+09	-1.168927200000000012e-03	-6.891161699999999619e-03
7.420000000000000000e+09	-1.231986299999999904e-03	-7.131098100000000245e-03
