7.403000000000000000e+09	7.147784100000000376e-03	-4.332795300000000065e-03
7.403002125000000000e+09	4.195209600000000295e-03	-4.098068699999999655e-03
7.403004250000000000e+09	4.354100399999999774e-03	-5.160767699999999937e-03
7.403006375000000000e+09	7.402916600000000041e-03	-4.628014100000000207e-03
7.403008500000000000e+09	5.805964400000000400e-03	-1.095109400000000063e-03
7.403010625000000000e+09	6.165196599999999728e-03	2.887043000000000270e-04
7.403012750000000000e+09	4.877233899999999789e-03	-5.684001000000000157e-03
7.403014875000000000e+09	5.193123099999999610e-03	-6.587706999999999504e-04
7.403017000000000000e+09	2.307230999999999865e-03	-3.595773799999999864e-03
7.403019125000000000e+09	3.011186500000000068e-03	-5.810589999999999809e-04
7.403021250000000000e+09	6.679397899999999985e-03	-6.185173999999999880e-04
7.403023375000000000e+09	7.615178499999999961e-03	-2.192531999999999966e-04
7.403025500000000000e+09	4.689604699999999800e-03	-4.267562899999999791e-03
7.403027625000000000e+09	3.436647100000000173e-03	-1.238931900000000063e-03
7.403029750000000000e+09	6.519870799999999932e-03	-5.000746200000000426e-03
7.403031875000000000e+09	2.406951400000000192e-03	-3.464164200000000114e-03
7.403034000000000000e+09	8.718074399999999405e-03	-3.438721599999999823e-03
7.403036125000000000e+09	7.962335100000000540e-03	-2.722382699999999992e-03
7.403038250000000000e+09	5.314151599999999802e-03	-2.912902700000000004e-03
7.403040375000000000e+09	6.471894300000000273e-03	-6.931772099999999708e-03
7.403042500000000000e+09	5.346300699999999816e-03	-4.158281000000000108e-04
7.403044625000000000e+09	3.817497699999999796e-03	2.093887400000000142e-03
7.403046750000000000e+09	8.351058399999999882e-03	5.801861000000000388e-04
7.403048875000000000e+09	5.012409399999999925e-03	-5.352423200000000318e-03
7.403051000000000000e+09	6.127087199999999879e-03	-1.960776999999999919e-03
7.403053125000000000e+09	9.182583500000000842e-03	-4.147150999999999962e-04
7.403055250000000000e+09	3.764550800000000027e-03	-1.253674599999999965e-03
7.403057375000000000e+09	5.506134099999999802e-03	-1.380677999999999929e-04
7.403059500000000000e+09	6.717862100000000260e-03	-2.838218300000000093e-03
7.403061625000000000e+09	3.901019899999999801e-03	-6.982083800000000312e-03
7.403063750000000000e+09	5.749231999999999954e-03	-3.468141799999999945e-03
7.403065875000000000e+09	5.250759300000000344e-03	-3.070057100000000202e-03
7.403068000000000000e+09	5.139170600000000401e-03	4.079981300000000422e-03
7.403070125000000000e+09	6.144253100000000162e-03	-2.423956899999999987e-03
7.403072250000000000e+09	6.635322499999999658e-03	-4.778119800000000215e-03
7.403074375000000000e+09	5.318336800000000170e-03	-3.030139299999999938e-03
7.403076500000000000e+09	6.075768100000000088e-03	3.198011999999999968e-04
7.403078625000000000e+09	7.697915100000000087e-03	-6.316461399999999914e-03
7.403080750000000000e+09	6.847368700000000183e-03	-4.421206900000000314e-03
7.403082875000000000e+09	3.050013500000000027e-03	-4.157462399999999926e-03
7.403085000000000000e+09	5.383195399999999610e-03	-1.637754999999999907e-04
7.403087125000000000e+09	3.792445800000000030e-03	-2.339660300000000019e-03
7.403089250000000000e+09	8.929065400000000055e-03	-4.441184999999999729e-04
7.403091375000000000e+09	5.199267100000000072e-03	-1.799563500000000071e-03
7.403093500000000000e+09	3.328944700000000152e-03	-3.529189500000000021e-03
7.403095625000000000e+09	9.824665800000000060e-03	-3.367839000000000076e-03
7.403097750000000000e+09	8.377904099999999854e-03	-1.009898200000000027e-03
7.403099875000000000e+09	3.868099600000000048e-03	-4.947925300000000255e-03
7.403102000000000000e+09	1.123800009999999933e-02	-3.692286400000000055e-03
7.403104125000000000e+09	4.430758800000000192e-03	-4.305764899999999992e-03
7.403106250000000000e+09	6.779230300000000341e-03	-3.277057199999999955e-03
7.403108375000000000e+09	8.322237200000000626e-03	-4.061158300000000144e-03
7.403110500000000000e+09	9.666762699999999556e-03	-4.618046300000000319e-03
7.403112625000000000e+09	5.309971299999999804e-03	-3.325343799999999975e-03
7.403114750000000000e+09	4.035825899999999702e-03	-1.847464700000000072e-03
7.403116875000000000e+09	5.596367300000000197e-03	-6.463047700000000215e-03
7.403119000000000000e+09	3.140586800000000171e-03	-5.996023100000000099e-03
7.403121125000000000e+09	5.970408800000000238e-03	-3.768040800000000117e-03
7.403123250000000000e+09	4.204401299999999640e-03	-1.362156300000000103e-03
7.403125375000000000e+09	5.128067000000000042e-03	-6.342837000000000475e-04
7.403127500000000000e+09	7.386900200000000132e-03	-1.711165599999999939e-03
7.403129625000000000e+09	3.683777400000000195e-03	-4.156396599999999907e-03
7.403131750000000000e+09	2.376950699999999875e-03	1.594142399999999918e-03
7.403133875000000000e+09	8.459368999999999569e-03	-2.589794400000000000e-03
7.403136000000000000e+09	9.072006299999999315e-03	-2.552536499999999951e-03
7.403138125000000000e+09	2.441866300000000104e-03	-4.822773300000000353e-03
7.403140250000000000e+09	7.486350400000000259e-03	-6.251530100000000402e-03
7.403142375000000000e+09	4.342778799999999668e-03	-1.541848000000000014e-04
7.403144500000000000e+09	5.218287500000000009e-03	-3.548799699999999856e-03
7.403146625000000000e+09	2.555161299999999906e-03	-2.857282899999999924e-03
7.403148750000000000e+09	7.899253599999999514e-03	-1.999646400000000025e-03
7.403150875000000000e+09	5.155602100000000049e-03	-2.144032799999999982e-03
7.403153000000000000e+09	7.452374399999999594e-03	-1.588079299999999939e-03
7.403155125000000000e+09	3.813237299999999805e-03	-3.181634300000000127e-03
7.403157250000000000e+09	4.690359399999999984e-03	-2.784581099999999983e-03
7.403159375000000000e+09	1.003610360000000042e-02	-5.424500199999999703e-03
7.403161500000000000e+09	6.569206099999999778e-03	-2.153378799999999902e-03
7.403163625000000000e+09	-1.055156000000000019e-03	-8.581969999999999963e-04
7.403165750000000000e+09	7.389725800000000039e-03	8.977355999999999704e-04
7.403167875000000000e+09	6.818378899999999812e-03	-5.196391600000000062e-03
7.403170000000000000e+09	3.275440299999999791e-03	-6.476941200000000017e-03
7.403172125000000000e+09	4.698828700000000184e-03	-4.293393900000000256e-03
7.403174250000000000e+09	4.840168100000000195e-03	-5.122422800000000012e-03
7.403176375000000000e+09	3.025527999999999985e-03	-4.972534100000000276e-03
7.403178500000000000e+09	3.422979699999999844e-03	-1.689795800000000068e-03
7.403180625000000000e+09	8.390500999999999645e-04	-2.470607699999999903e-03
7.403182750000000000e+09	7.035694799999999728e-03	-4.022935299999999721e-03
7.403184875000000000e+09	3.811311899999999826e-03	1.322103000000000037e-04
7.403187000000000000e+09	2.385956700000000080e-03	-4.201348500000000319e-03
7.403189125000000000e+09	3.801235599999999801e-03	-4.502129300000000216e-03
7.403191250000000000e+09	5.803441799999999734e-03	-1.680778400000000096e-03
7.403193375000000000e+09	5.082665800000000372e-03	-2.724252300000000026e-03
7.403195500000000000e+09	4.723863800000000293e-03	-1.075661000000000108e-03
7.403197625000000000e+09	7.369506399999999763e-03	-4.333379000000000050e-03
7.403199750000000000e+09	3.802468900000000127e-03	-1.050195500000000032e-03
7.403201875000000000e+09	8.198530699999999685e-03	-3.750296499999999922e-03
7.403204000000000000e+09	2.794127400000000119e-03	-5.718685999999999735e-03
7.403206125000000000e+09	2.194269200000000062e-03	-2.424901200000000208e-03
7.403208250000000000e+09	4.486159299999999649e-03	3.156500999999999816e-04
7.403210375000000000e+09	6.294145400000000258e-03	-3.719421599999999870e-03
7.403212500000000000e+09	7.243773700000000031e-03	-2.387556199999999948e-03
7.403214625000000000e+09	5.931473199999999675e-03	-3.250633699999999973e-03
7.403216750000000000e+09	7.235983199999999720e-03	2.678958500000000117e-03
7.403218875000000000e+09	5.716018500000000398e-03	-7.082691300000000002e-03
7.403221000000000000e+09	6.665799400000000166e-03	-1.258506300000000050e-03
7.403223125000000000e+09	5.276612499999999706e-03	-2.337384499999999813e-03
7.403225250000000000e+09	7.286413400000000401e-03	-2.717227999999999918e-03
7.403227375000000000e+09	7.406030000000000078e-03	-1.085698499999999912e-03
7.403229500000000000e+09	6.901965999999999830e-03	-1.781484100000000096e-03
7.403231625000000000e+09	5.264572500000000085e-03	-4.792211600000000418e-03
7.403233750000000000e+09	1.985974900000000033e-03	-4.815177900000000219e-03
7.403235875000000000e+09	4.446610999999999619e-03	2.785326800000000134e-03
7.403238000000000000e+09	5.021765000000000083e-03	-4.061225800000000177e-03
7.403240125000000000e+09	1.008707969999999947e-02	1.482906900000000071e-03
7.403242250000000000e+09	4.436265000000000000e-03	3.387045000000000095e-04
7.403244375000000000e+09	5.965532400000000089e-03	-8.934845000000000070e-04
7.403246500000000000e+09	8.848206200000000021e-03	8.627898999999999638e-04
7.403248625000000000e+09	5.650772600000000291e-03	3.672600000000000040e-05
7.403250750000000000e+09	7.578787200000000092e-03	2.322908999999999955e-04
7.403252875000000000e+09	6.515614000000000301e-03	-5.007261100000000298e-03
7.403255000000000000e+09	4.885160300000000039e-03	-5.328547500000000055e-03
7.403257125000000000e+09	4.786289899999999868e-03	-2.196436899999999835e-03
7.403259250000000000e+09	2.545354699999999911e-03	-2.518166000000000068e-03
7.403261375000000000e+09	7.656017200000000272e-03	1.596873000000000118e-04
7.403263500000000000e+09	2.928205299999999799e-03	-5.491188000000000145e-03
7.403265625000000000e+09	5.640784299999999918e-03	-1.016821999999999908e-03
7.403267750000000000e+09	5.212251700000000015e-03	-4.473993600000000098e-03
7.403269875000000000e+09	4.973503800000000051e-03	-3.770525800000000104e-03
7.403272000000000000e+09	6.193335500000000070e-03	4.679495000000000095e-04
7.403274125000000000e+09	1.755160800000000023e-03	-2.868745099999999836e-03
7.403276250000000000e+09	9.471921499999999203e-03	-3.198969800000000131e-03
7.403278375000000000e+09	4.142242899999999846e-03	-1.945121699999999981e-03
7.403280500000000000e+09	4.288184999999999913e-03	-9.830449600000000857e-03
7.403282625000000000e+09	4.382405300000000344e-03	-2.991849100000000018e-03
7.403284750000000000e+09	4.789220599999999620e-03	1.556434999999999947e-04
7.403286875000000000e+09	3.022132399999999993e-03	-2.127448000000000099e-04
7.403289000000000000e+09	1.412489000000000062e-03	-6.384113400000000424e-03
7.403291125000000000e+09	6.256405900000000346e-03	-4.171797999999999999e-04
7.403293250000000000e+09	6.701805499999999652e-03	-4.974079999999999648e-03
7.403295375000000000e+09	3.818191800000000132e-03	-8.236959999999999551e-04
7.403297500000000000e+09	6.426561400000000042e-03	-4.060101099999999588e-03
7.403299625000000000e+09	4.393281300000000285e-03	-2.643797099999999848e-03
7.403301750000000000e+09	9.007046499999999192e-03	-3.529829300000000055e-03
7.403303875000000000e+09	4.683576699999999864e-03	-3.523378199999999821e-03
7.403306000000000000e+09	5.156101300000000276e-03	-3.884777500000000019e-03
7.403308125000000000e+09	3.928263100000000015e-03	-2.088733399999999872e-03
7.403310250000000000e+09	5.295028999999999708e-03	-3.713888199999999893e-03
7.403312375000000000e+09	4.000489500000000039e-03	-3.211686000000000055e-03
7.403314500000000000e+09	2.472019700000000018e-03	-1.993928800000000119e-03
7.403316625000000000e+09	7.379528300000000318e-03	-1.821076700000000053e-03
7.403318750000000000e+09	4.866735799999999910e-03	-2.147762699999999914e-03
7.403320875000000000e+09	7.181507200000000236e-03	-3.447810099999999971e-03
7.403323000000000000e+09	8.481715100000000382e-03	-2.103901200000000103e-03
7.403325125000000000e+09	3.043928200000000066e-03	-5.137791099999999660e-03
7.403327250000000000e+09	2.690242700000000046e-03	-1.660292899999999934e-03
7.403329375000000000e+09	6.947517900000000149e-03	2.914956000000000014e-04
7.403331500000000000e+09	5.923161199999999772e-03	-6.267623699999999749e-03
7.403333625000000000e+09	1.872686500000000096e-03	-2.085896700000000083e-03
7.403335750000000000e+09	4.171685700000000302e-03	-1.076652599999999979e-03
7.403337875000000000e+09	5.792666400000000271e-03	8.777829000000000013e-04
7.403340000000000000e+09	2.339290700000000185e-03	-6.969874600000000239e-03
7.403342125000000000e+09	-3.185123000000000099e-04	-1.802207000000000006e-04
7.403344250000000000e+09	4.579348799999999851e-03	-5.056577599999999804e-03
7.403346375000000000e+09	6.010126600000000388e-03	-4.538338999999999741e-03
7.403348500000000000e+09	3.099163299999999933e-03	-7.861213500000000312e-03
7.403350625000000000e+09	5.905558299999999657e-03	1.367960000000000096e-03
7.403352750000000000e+09	4.673792900000000271e-03	-1.894600100000000007e-03
7.403354875000000000e+09	5.254362099999999869e-03	-4.138669799999999607e-03
7.403357000000000000e+09	4.195820999999999752e-03	-4.443493100000000216e-03
7.403359125000000000e+09	6.335417700000000110e-03	-2.701926700000000132e-03
7.403361250000000000e+09	7.459324600000000020e-03	-4.440574699999999889e-03
7.403363375000000000e+09	5.215272899999999837e-03	-4.887281400000000400e-03
7.403365500000000000e+09	6.688372599999999925e-03	-1.964047300000000117e-03
7.403367625000000000e+09	4.100935899999999870e-03	-3.620452000000000132e-03
7.403369750000000000e+09	5.164513400000000053e-03	-2.841662899999999881e-03
7.403371875000000000e+09	4.444066899999999862e-03	-7.511198699999999985e-03
7.403374000000000000e+09	4.847813099999999896e-03	-3.605344500000000080e-03
7.403376125000000000e+09	5.957172000000000162e-03	-1.640007200000000035e-03
7.403378250000000000e+09	6.427855900000000421e-03	-3.091813000000000113e-03
7.403380375000000000e+09	5.551512800000000039e-03	-2.416937499999999815e-03
7.403382500000000000e+09	4.439644700000000208e-03	1.311415800000000076e-03
7.403384625000000000e+09	5.460991099999999709e-03	-1.421126399999999906e-03
7.403386750000000000e+09	4.192492899999999793e-03	-1.419985099999999945e-03
7.403388875000000000e+09	3.205568900000000093e-03	-9.248947000000000201e-04
7.403391000000000000e+09	4.256324500000000302e-03	-4.207426499999999958e-03
7.403393125000000000e+09	5.858506000000000304e-03	-1.677197500000000016e-03
7.403395250000000000e+09	6.927192700000000224e-03	1.945159999999999855e-05
7.403397375000000000e+09	7.673737800000000192e-03	-6.447162999999999679e-03
7.403399500000000000e+09	4.637286400000000149e-03	-2.687935600000000008e-03
7.403401625000000000e+09	4.254731000000000311e-03	-1.502475199999999929e-03
7.403403750000000000e+09	4.717598400000000067e-03	-2.677562100000000118e-03
7.403405875000000000e+09	3.380564899999999838e-03	-7.305761099999999626e-03
7.403408000000000000e+09	4.422758700000000397e-03	-5.407751500000000308e-03
7.403410125000000000e+09	4.210018299999999936e-03	-2.487739499999999833e-03
7.403412250000000000e+09	4.951561099999999757e-03	-2.872274199999999816e-03
7.403414375000000000e+09	3.150620299999999912e-03	-3.339223699999999909e-03
7.403416500000000000e+09	4.065703999999999846e-03	-5.926777499999999997e-03
7.403418625000000000e+09	2.645080900000000047e-03	-6.657006200000000103e-03
7.403420750000000000e+09	5.944646199999999679e-03	4.267860000000000165e-04
7.403422875000000000e+09	3.697770799999999802e-03	-6.865778799999999737e-03
7.403425000000000000e+09	3.979614499999999978e-03	-1.101005000000000007e-04
7.403427125000000000e+09	3.534350800000000178e-03	-7.687339100000000099e-03
7.403429250000000000e+09	4.532222300000000349e-03	-2.518341299999999998e-03
7.403431375000000000e+09	3.588398300000000124e-03	-7.031665999999999785e-03
7.403433500000000000e+09	5.164803600000000133e-03	-2.439636299999999904e-03
7.403435625000000000e+09	5.734586899999999723e-03	-4.847445899999999579e-03
7.403437750000000000e+09	4.957740500000000147e-03	-6.839945899999999926e-03
7.403439875000000000e+09	5.428274599999999631e-03	-3.385472699999999852e-03
7.403442000000000000e+09	4.215391100000000224e-03	-2.121312900000000071e-03
7.403444125000000000e+09	5.915738099999999847e-03	-7.853410300000000441e-03
7.403446250000000000e+09	6.258638999999999869e-03	-1.690499999999999891e-04
7.403448375000000000e+09	5.458916200000000357e-03	-3.253164399999999932e-03
7.403450500000000000e+09	2.717481700000000128e-03	-8.467500200000000268e-03
7.403452625000000000e+09	3.180785399999999912e-03	-7.103515500000000087e-03
7.403454750000000000e+09	4.758449199999999733e-03	-7.252966000000000447e-04
7.403456875000000000e+09	3.789185599999999807e-03	-4.016277000000000388e-03
7.403459000000000000e+09	2.469815399999999907e-03	-4.749283400000000113e-03
7.403461125000000000e+09	5.549541300000000385e-03	-1.083761400000000062e-03
7.403463250000000000e+09	8.025893200000000158e-03	-2.958326500000000008e-03
7.403465375000000000e+09	6.164134899999999806e-03	-2.010989400000000055e-03
7.403467500000000000e+09	7.744263099999999962e-03	-4.420693100000000313e-03
7.403469625000000000e+09	5.037320300000000181e-03	-1.694031199999999990e-03
7.403471750000000000e+09	8.645777800000000596e-03	-1.286768100000000017e-03
7.403473875000000000e+09	6.892510999999999603e-03	-4.569340300000000396e-03
7.403476000000000000e+09	4.829229099999999587e-03	-1.852944899999999905e-03
7.403478125000000000e+09	5.868615599999999974e-03	-3.962316100000000049e-03
7.403480250000000000e+09	6.450525200000000424e-03	-4.212815699999999768e-03
7.403482375000000000e+09	2.120533700000000205e-03	-2.079575100000000207e-03
7.403484500000000000e+09	5.595461200000000426e-03	-7.041528000000000457e-04
7.403486625000000000e+09	2.529621100000000160e-03	-4.567428400000000249e-03
7.403488750000000000e+09	8.692248399999999778e-03	-3.867718100000000058e-03
7.403490875000000000e+09	7.691734300000000087e-03	-3.721614700000000064e-03
7.403493000000000000e+09	4.057213199999999687e-03	2.754820000000000164e-04
7.403495125000000000e+09	8.469413999999999762e-03	-2.039906900000000058e-03
7.403497250000000000e+09	5.871713100000000227e-03	-1.363194799999999920e-03
7.403499375000000000e+09	6.079820100000000137e-03	-3.039291300000000057e-03
7.403501500000000000e+09	5.629531999999999592e-03	-6.093338499999999963e-03
7.403503625000000000e+09	4.965282900000000423e-03	-5.671636199999999933e-03
7.403505750000000000e+09	4.367854400000000144e-03	-4.945738100000000338e-03
7.403507875000000000e+09	4.352127499999999642e-03	-1.835666099999999938e-03
7.403510000000000000e+09	6.804868000000000375e-03	-4.733795199999999911e-03
7.403512125000000000e+09	2.970615999999999817e-04	-5.154942699999999836e-03
7.403514250000000000e+09	4.766183499999999962e-03	-5.731333699999999719e-03
7.403516375000000000e+09	4.350267900000000416e-03	-2.843116000000000133e-03
7.403518500000000000e+09	5.250267500000000039e-03	-3.332122199999999930e-03
7.403520625000000000e+09	4.124854499999999584e-03	-5.226059499999999650e-03
7.403522750000000000e+09	7.620703900000000246e-03	-3.963439200000000093e-03
7.403524875000000000e+09	3.207542299999999961e-03	-4.090789200000000125e-03
7.403527000000000000e+09	7.693012800000000213e-03	-3.328227799999999847e-03
7.403529125000000000e+09	4.106601799999999927e-03	-4.808404999999999971e-03
7.403531250000000000e+09	5.087647500000000433e-03	-2.634300600000000214e-03
7.403533375000000000e+09	2.942270099999999902e-03	-6.006837000000000114e-03
7.403535500000000000e+09	7.738309300000000175e-03	-2.833809999999999758e-04
7.403537625000000000e+09	6.367456599999999842e-03	-2.976385499999999965e-03
7.403539750000000000e+09	8.756496000000000765e-03	-3.000930699999999982e-03
7.403541875000000000e+09	4.372779099999999849e-03	-2.981738800000000109e-03
7.403544000000000000e+09	1.678709600000000005e-03	-2.916146399999999805e-03
7.403546125000000000e+09	1.130517099999999971e-03	-2.283500500000000110e-03
7.403548250000000000e+09	3.977654300000000274e-03	-2.010879599999999909e-03
7.403550375000000000e+09	7.549056299999999838e-03	-3.542150500000000157e-03
7.403552500000000000e+09	4.826115300000000281e-03	-4.486921300000000154e-03
7.403554625000000000e+09	3.166159899999999860e-03	-5.442761400000000090e-03
7.403556750000000000e+09	2.226862200000000094e-03	-3.991969199999999794e-03
7.403558875000000000e+09	6.209423700000000178e-03	-1.039877700000000054e-03
7.403561000000000000e+09	9.585234600000000840e-03	-6.712361600000000227e-03
7.403563125000000000e+09	6.676288800000000113e-03	-4.499688800000000224e-03
7.403565250000000000e+09	5.006570000000000117e-03	6.493490000000000199e-04
7.403567375000000000e+09	7.751356600000000249e-03	2.463005900000000189e-03
7.403569500000000000e+09	1.009618000000000104e-03	-2.479741399999999853e-03
7.403571625000000000e+09	5.554471499999999798e-03	-3.126645300000000047e-03
7.403573750000000000e+09	5.540890399999999841e-03	-4.243578799999999859e-03
7.403575875000000000e+09	2.704255899999999900e-03	-3.385044299999999916e-03
7.403578000000000000e+09	6.750148600000000290e-03	-2.696411899999999993e-03
7.403580125000000000e+09	5.409335000000000358e-03	-4.949981699999999804e-03
7.403582250000000000e+09	3.302958099999999970e-03	-1.204712099999999961e-03
7.403584375000000000e+09	8.017239799999999195e-03	-2.691244599999999959e-03
7.403586500000000000e+09	6.231570900000000385e-03	4.128394900000000381e-03
7.403588625000000000e+09	3.126932099999999836e-03	-1.379227000000000014e-03
7.403590750000000000e+09	2.040022299999999945e-03	-2.275641000000000122e-03
7.403592875000000000e+09	7.503774999999999855e-03	-2.143459800000000175e-03
7.403595000000000000e+09	2.171862799999999937e-03	-3.828582100000000113e-03
7.403597125000000000e+09	5.322761900000000379e-03	-3.095881100000000014e-03
7.403599250000000000e+09	6.712622799999999959e-03	-2.696999700000000076e-03
7.403601375000000000e+09	4.717748299999999576e-03	-2.949615100000000083e-03
7.403603500000000000e+09	1.875283300000000044e-03	-2.401222800000000004e-03
7.403605625000000000e+09	6.328128300000000241e-03	-3.075976199999999865e-03
7.403607750000000000e+09	6.076757599999999676e-03	-4.448704799999999779e-03
7.403609875000000000e+09	6.039783200000000025e-03	-1.846029099999999933e-03
7.403612000000000000e+09	5.820635999999999692e-03	-5.828069100000000426e-03
7.403614125000000000e+09	5.085661899999999874e-03	-2.498573699999999832e-03
7.403616250000000000e+09	4.504999600000000187e-03	-5.534226899999999602e-03
7.403618375000000000e+09	5.996177699999999909e-03	-2.784034099999999935e-03
7.403620500000000000e+09	3.028345600000000200e-03	-8.818374999999999608e-04
7.403622625000000000e+09	4.425238999999999865e-04	-6.315260599999999828e-03
7.403624750000000000e+09	5.421251700000000000e-03	-3.822249199999999854e-03
7.403626875000000000e+09	3.694880199999999847e-03	-5.799052600000000057e-03
7.403629000000000000e+09	1.008752360000000035e-02	-2.453558999999999797e-04
7.403631125000000000e+09	2.538738100000000053e-03	-5.281084400000000262e-03
7.403633250000000000e+09	4.266162199999999627e-03	-4.025550000000000135e-03
7.403635375000000000e+09	6.525256400000000248e-03	-4.967349599999999581e-03
7.403637500000000000e+09	6.393564299999999687e-03	-8.958495299999999148e-03
7.403639625000000000e+09	1.952768799999999964e-03	-2.265723500000000040e-03
7.403641750000000000e+09	4.011371199999999755e-03	-4.062034400000000094e-03
7.403643875000000000e+09	6.120706000000000063e-03	-7.618978099999999809e-03
7.403646000000000000e+09	-1.479624999999999983e-04	-3.303277500000000033e-03
7.403648125000000000e+09	5.434056700000000281e-03	-3.483077299999999890e-03
7.403650250000000000e+09	5.061284899999999969e-03	-5.982500099999999571e-03
7.403652375000000000e+09	6.935068999999999652e-04	-4.083768199999999841e-03
7.403654500000000000e+09	6.639507400000000358e-03	-1.844481800000000084e-03
7.403656625000000000e+09	6.548812099999999810e-03	-5.662646099999999946e-03
7.403658750000000000e+09	3.749965499999999806e-03	-2.363438600000000028e-03
7.403660875000000000e+09	3.988999099999999617e-03	-8.468898999999999568e-04
7.403663000000000000e+09	6.079091000000000009e-03	-4.891384200000000425e-03
7.403665125000000000e+09	1.193899700000000024e-03	-7.366913400000000244e-03
7.403667250000000000e+09	6.394638200000000300e-03	-7.222461300000000001e-03
7.403669375000000000e+09	4.458818300000000345e-03	-6.055801700000000218e-03
7.403671500000000000e+09	4.236599899999999620e-03	-5.043223799999999729e-03
7.403673625000000000e+09	1.201430700000000098e-03	-4.989401699999999884e-03
7.403675750000000000e+09	3.624559500000000024e-03	-3.531573699999999896e-03
7.403677875000000000e+09	6.278946900000000400e-03	-2.628878700000000096e-03
7.403680000000000000e+09	6.446908200000000394e-03	-1.352949999999999899e-03
7.403682125000000000e+09	2.375123199999999886e-03	-3.462874900000000207e-03
7.403684250000000000e+09	2.608117200000000142e-03	-1.324540199999999987e-03
7.403686375000000000e+09	5.835445100000000336e-03	-2.950073899999999978e-03
7.403688500000000000e+09	4.764801600000000137e-03	-4.539172499999999909e-03
7.403690625000000000e+09	5.864365100000000323e-03	-5.681597600000000241e-03
7.403692750000000000e+09	2.206935100000000181e-03	-5.933540999999999642e-03
7.403694875000000000e+09	5.795300899999999630e-03	-2.029748100000000090e-03
7.403697000000000000e+09	4.867154200000000340e-03	-2.590434500000000136e-03
7.403699125000000000e+09	7.074781700000000277e-03	-1.787346100000000021e-03
7.403701250000000000e+09	1.234885299999999905e-03	-2.292752999999999805e-03
7.403703375000000000e+09	4.808211899999999608e-03	-4.253365200000000339e-03
7.403705500000000000e+09	5.387199999999999975e-03	-5.837775299999999577e-03
7.403707625000000000e+09	5.486077199999999862e-03	-5.501255600000000238e-03
7.403709750000000000e+09	4.204333900000000075e-03	-4.370450399999999819e-03
7.403711875000000000e+09	7.353661999999999525e-04	-4.913574500000000150e-03
7.403714000000000000e+09	5.630510400000000165e-03	-5.733033299999999895e-03
7.403716125000000000e+09	7.610971499999999966e-03	-1.632341999999999951e-03
7.403718250000000000e+09	4.230928000000000119e-03	-1.463798699999999901e-03
7.403720375000000000e+09	4.657850199999999906e-03	-5.364222899999999961e-03
7.403722500000000000e+09	6.482294900000000297e-03	-4.566594400000000345e-03
7.403724625000000000e+09	5.003841000000000191e-03	-5.122154500000000027e-03
7.403726750000000000e+09	6.951007700000000171e-03	-1.053230600000000039e-03
7.403728875000000000e+09	4.594926800000000318e-03	-4.095030799999999777e-03
7.403731000000000000e+09	3.112620500000000141e-03	-2.777138199999999810e-03
7.403733125000000000e+09	2.929538800000000033e-03	-3.252750999999999906e-03
7.403735250000000000e+09	5.810524000000000071e-03	-6.353339599999999719e-03
7.403737375000000000e+09	2.947419000000000167e-03	-5.799356299999999971e-03
7.403739500000000000e+09	3.040610300000000116e-03	-3.535410200000000183e-03
7.403741625000000000e+09	4.955174300000000226e-03	-4.375872099999999869e-03
7.403743750000000000e+09	9.831947299999999404e-03	-5.433512100000000185e-03
7.403745875000000000e+09	4.557409999999999586e-03	-8.652792000000000079e-04
7.403748000000000000e+09	6.173634300000000429e-03	-1.689236900000000083e-03
7.403750125000000000e+09	4.956031399999999768e-03	-3.536390899999999806e-03
7.403752250000000000e+09	2.620341200000000058e-03	-7.540604200000000298e-03
7.403754375000000000e+09	8.774171799999999286e-03	-5.307911499999999963e-03
7.403756500000000000e+09	3.545185499999999913e-03	-4.766069999999999855e-03
7.403758625000000000e+09	6.266914999999999639e-03	-5.509596700000000090e-03
7.403760750000000000e+09	2.591974800000000200e-03	-7.764953100000000254e-03
7.403762875000000000e+09	1.047720409999999998e-02	-7.555598900000000048e-03
7.403765000000000000e+09	5.811322199999999910e-03	-2.389667399999999969e-03
7.403767125000000000e+09	5.743362299999999789e-03	-3.365790100000000049e-03
7.403769250000000000e+09	6.947019900000000331e-03	-7.212407399999999809e-03
7.403771375000000000e+09	4.219356900000000368e-03	-2.660716000000000036e-03
7.403773500000000000e+09	5.509841300000000233e-03	-8.814179999999999693e-05
7.403775625000000000e+09	3.751710000000000114e-03	-1.831236699999999997e-03
7.403777750000000000e+09	6.298600799999999958e-03	-7.376129000000000366e-03
7.403779875000000000e+09	1.500608999999999916e-04	-2.333477400000000170e-03
7.403782000000000000e+09	5.456360099999999977e-03	-2.158782699999999954e-03
7.403784125000000000e+09	5.550683499999999569e-03	-7.858719400000000258e-03
7.403786250000000000e+09	5.950147499999999985e-03	-3.667947799999999800e-03
7.403788375000000000e+09	1.486237899999999935e-03	-6.856403199999999698e-03
7.403790500000000000e+09	2.352436099999999884e-03	1.445848499999999965e-03
7.403792625000000000e+09	5.612958300000000025e-03	-3.714780799999999831e-03
7.403794750000000000e+09	3.628813000000000047e-04	-4.292698999999999647e-03
7.403796875000000000e+09	5.826467299999999773e-03	-7.691335399999999801e-03
7.403799000000000000e+09	3.395773600000000138e-03	-9.243203999999999873e-04
7.403801125000000000e+09	3.098621299999999856e-03	-5.768458700000000418e-03
7.403803250000000000e+09	3.046113000000000032e-03	-7.175315699999999623e-03
7.403805375000000000e+09	8.079208900000000790e-03	-5.071287699999999649e-03
7.403807500000000000e+09	4.502649400000000197e-03	-1.999091199999999784e-03
7.403809625000000000e+09	1.660778400000000044e-03	-4.791798800000000164e-03
7.403811750000000000e+09	1.015964199999999911e-03	-3.175755000000000158e-04
7.403813875000000000e+09	5.091653100000000272e-03	-1.798607499999999981e-03
7.403816000000000000e+09	4.104094499999999708e-03	-6.176204700000000047e-03
7.403818125000000000e+09	1.807496100000000050e-03	-3.665819800000000121e-03
7.403820250000000000e+09	2.962802699999999862e-03	-5.580061300000000411e-03
7.403822375000000000e+09	5.614704499999999612e-03	-3.117654000000000085e-03
7.403824500000000000e+09	7.555414100000000348e-03	-6.501012199999999658e-03
7.403826625000000000e+09	1.513744499999999981e-03	3.855649000000000055e-04
7.403828750000000000e+09	4.469913699999999643e-03	-2.289489799999999860e-03
7.403830875000000000e+09	6.518572000000000255e-03	8.790891000000000330e-04
7.403833000000000000e+09	7.596331100000000038e-03	-7.055917000000000092e-03
7.403835125000000000e+09	4.197427099999999703e-03	-2.953698399999999964e-03
7.403837250000000000e+09	2.905658599999999970e-03	-5.840056599999999924e-03
7.403839375000000000e+09	5.629028700000000135e-03	-9.955681999999999119e-04
7.403841500000000000e+09	1.398637899999999974e-03	-5.773081900000000093e-03
7.403843625000000000e+09	4.533388799999999580e-03	-1.223041499999999969e-03
7.403845750000000000e+09	2.705715699999999835e-03	-8.960010399999999292e-03
7.403847875000000000e+09	7.023391099999999956e-03	-3.753561999999999784e-03
7.403850000000000000e+09	3.436735499999999961e-03	-8.852255700000000518e-03
7.403852125000000000e+09	2.370161100000000003e-03	-5.411024399999999658e-03
7.403854250000000000e+09	6.966509999999999543e-04	-2.258360200000000123e-03
7.403856375000000000e+09	5.283656000000000290e-03	-2.556289499999999954e-03
7.403858500000000000e+09	6.658439999999999845e-03	-2.203481299999999858e-03
7.403860625000000000e+09	5.270149899999999887e-03	-3.856899400000000141e-03
7.403862750000000000e+09	8.501373200000000505e-03	-4.941657200000000409e-03
7.403864875000000000e+09	4.856667299999999944e-03	-4.712062599999999706e-03
7.403867000000000000e+09	6.544598799999999834e-03	-6.089580800000000092e-03
7.403869125000000000e+09	3.391208100000000190e-03	-4.706669900000000004e-03
7.403871250000000000e+09	6.446087100000000118e-03	-5.354033000000000229e-03
7.403873375000000000e+09	3.952637900000000037e-03	-6.555370100000000068e-03
7.403875500000000000e+09	3.590065899999999796e-03	-3.452482000000000207e-03
7.403877625000000000e+09	3.053039400000000150e-03	-1.123179810000000077e-02
7.403879750000000000e+09	7.156654400000000277e-03	-2.396730399999999830e-03
7.403881875000000000e+09	3.185897200000000103e-03	-4.003671399999999582e-03
7.403884000000000000e+09	6.318653900000000337e-03	-3.774884599999999823e-03
7.403886125000000000e+09	4.280642200000000369e-03	-7.185371400000000429e-03
7.403888250000000000e+09	6.209708900000000288e-03	-4.750555299999999724e-03
7.403890375000000000e+09	8.129786599999999294e-03	-6.591356900000000345e-03
7.403892500000000000e+09	5.281527099999999871e-03	-6.186620900000000187e-03
7.403894625000000000e+09	2.176882299999999878e-03	-6.207820600000000383e-03
7.403896750000000000e+09	3.554291800000000060e-03	-1.528897200000000050e-03
7.403898875000000000e+09	3.987331099999999809e-03	-8.193973800000000501e-03
7.403901000000000000e+09	3.158176799999999791e-03	-1.815562599999999936e-03
7.403903125000000000e+09	3.448066300000000167e-03	-4.682421200000000047e-03
7.403905250000000000e+09	7.591661999999999889e-04	-3.937859299999999819e-03
7.403907375000000000e+09	6.048075899999999852e-03	-2.225137900000000168e-03
7.403909500000000000e+09	1.565698099999999950e-03	-5.221037799999999826e-03
7.403911625000000000e+09	2.935826900000000194e-03	-8.426566800000000190e-03
7.403913750000000000e+09	-5.046265000000000516e-04	-5.517134999999999618e-04
7.403915875000000000e+09	4.198657100000000204e-03	-1.694084399999999917e-03
7.403918000000000000e+09	6.982868300000000250e-03	-3.844004499999999994e-03
7.403920125000000000e+09	5.678786299999999572e-03	-5.876830799999999827e-03
7.403922250000000000e+09	2.228239099999999948e-03	-4.636542999999999914e-03
7.403924375000000000e+09	1.930084199999999948e-03	-4.389380200000000086e-03
7.403926500000000000e+09	2.846796600000000167e-03	-4.498260500000000189e-03
7.403928625000000000e+09	3.487946300000000117e-03	-6.928398399999999811e-03
7.403930750000000000e+09	4.947360599999999810e-03	-3.744253999999999812e-03
7.403932875000000000e+09	6.050458600000000083e-03	-3.006385700000000112e-03
7.403935000000000000e+09	4.330101599999999600e-03	-2.482200999999999852e-03
7.403937125000000000e+09	1.764645499999999969e-03	-1.897800899999999924e-03
7.403939250000000000e+09	4.601420299999999831e-03	-5.713929500000000140e-03
7.403941375000000000e+09	4.227948399999999739e-03	-4.279467300000000009e-03
7.403943500000000000e+09	3.894573100000000166e-03	-4.122560999999999847e-04
7.403945625000000000e+09	5.865983100000000429e-03	-5.611512800000000196e-03
7.403947750000000000e+09	1.290053900000000080e-03	-3.736010599999999883e-03
7.403949875000000000e+09	5.240018400000000069e-03	-5.106074199999999577e-03
7.403952000000000000e+09	3.618520000000000178e-04	-1.454747799999999997e-03
7.403954125000000000e+09	4.815457300000000086e-03	-3.960068999999999981e-04
7.403956250000000000e+09	5.430050900000000375e-03	-6.427948799999999574e-03
7.403958375000000000e+09	7.916779999999999998e-03	-9.149343500000000490e-03
7.403960500000000000e+09	3.156832599999999812e-03	-4.144420499999999959e-03
7.403962625000000000e+09	6.141995100000000388e-03	-7.179640900000000027e-03
7.403964750000000000e+09	1.318248400000000082e-03	-3.014701299999999941e-03
7.403966875000000000e+09	4.643887099999999789e-03	-6.314873000000000361e-03
7.403969000000000000e+09	4.485062399999999866e-03	-2.942611899999999798e-03
7.403971125000000000e+09	1.962723799999999824e-03	-3.011677999999999838e-03
7.403973250000000000e+09	4.469652299999999842e-03	-6.263715500000000165e-03
7.403975375000000000e+09	7.319670900000000216e-03	-3.608027499999999933e-03
7.403977500000000000e+09	3.664785399999999967e-03	-3.208936300000000009e-03
7.403979625000000000e+09	4.780954300000000122e-03	-3.949065600000000072e-03
7.403981750000000000e+09	8.361931499999999268e-03	-3.862320600000000020e-03
7.403983875000000000e+09	2.545513200000000184e-03	-2.561199699999999919e-03
7.403986000000000000e+09	5.399767599999999966e-03	-4.813418400000000000e-03
7.403988125000000000e+09	2.571657299999999865e-03	-8.087224999999999536e-04
7.403990250000000000e+09	9.637035999999999866e-04	-5.589585799999999619e-03
7.403992375000000000e+09	1.910345199999999993e-03	-1.885074600000000026e-03
7.403994500000000000e+09	5.818120599999999747e-03	-2.789818300000000001e-03
7.403996625000000000e+09	5.237659700000000217e-03	-4.318958900000000219e-03
7.403998750000000000e+09	1.893915300000000024e-03	-4.568552400000000166e-03
7.404000875000000000e+09	-1.732156299999999989e-03	-2.420592300000000158e-03
7.404003000000000000e+09	1.352940599999999946e-03	-4.430917000000000362e-03
7.404005125000000000e+09	5.165204199999999697e-03	-2.014820000000000134e-05
7.404007250000000000e+09	1.821109000000000117e-04	-1.129907819999999979e-02
7.404009375000000000e+09	5.703486999999999489e-04	-5.130564300000000320e-03
7.404011500000000000e+09	1.488080799999999971e-03	-8.023179499999999811e-03
7.404013625000000000e+09	3.934739599999999803e-03	-2.168150499999999935e-03
7.404015750000000000e+09	3.957752600000000349e-03	-4.787729400000000253e-03
7.404017875000000000e+09	8.571788000000000541e-04	-1.638437599999999954e-03
7.404020000000000000e+09	5.538378899999999924e-03	-5.222521100000000402e-03
7.404022125000000000e+09	2.515859000000000064e-03	-5.935469300000000177e-03
7.404024250000000000e+09	3.748215400000000190e-03	-6.756782499999999976e-03
7.404026375000000000e+09	8.072485999999999811e-04	-6.619838900000000158e-03
7.404028500000000000e+09	5.281601500000000088e-03	-2.565708600000000082e-03
7.404030625000000000e+09	3.147097699999999981e-03	-6.506141999999999481e-04
7.404032750000000000e+09	1.855228200000000067e-03	-7.420567900000000182e-03
7.404034875000000000e+09	2.085417600000000204e-03	-4.149397099999999582e-03
7.404037000000000000e+09	4.409943199999999570e-03	-2.542743000000000086e-03
7.404039125000000000e+09	4.397353799999999951e-03	-2.326111100000000098e-03
7.404041250000000000e+09	4.544277200000000280e-03	-3.059908100000000106e-03
7.404043375000000000e+09	-5.791626999999999496e-04	-6.918588100000000289e-03
7.404045500000000000e+09	6.880730300000000368e-03	-3.304085699999999813e-03
7.404047625000000000e+09	1.312718700000000066e-03	-5.062382500000000424e-03
7.404049750000000000e+09	1.133982400000000095e-03	-3.989176700000000332e-03
7.404051875000000000e+09	7.477210300000000295e-03	-4.902247900000000075e-03
7.404054000000000000e+09	2.623061999999999790e-04	-8.441229899999999620e-03
7.404056125000000000e+09	5.904251000000000334e-04	-6.913612300000000072e-03
7.404058250000000000e+09	3.444202200000000009e-03	-3.373889799999999980e-03
7.404060375000000000e+09	1.315850099999999953e-03	-2.880402099999999823e-03
7.404062500000000000e+09	2.138586999999999953e-03	-4.772078800000000183e-03
7.404064625000000000e+09	3.352110100000000193e-03	-4.368363099999999707e-03
7.404066750000000000e+09	4.879015300000000104e-03	-4.012362000000000220e-03
7.404068875000000000e+09	7.063149300000000005e-03	-2.518906500000000180e-03
7.404071000000000000e+09	-3.287143999999999982e-04	-2.102797300000000102e-03
7.404073125000000000e+09	9.998968699999999377e-03	-4.928290600000000306e-03
7.404075250000000000e+09	2.478361399999999808e-03	-4.841311200000000120e-03
7.404077375000000000e+09	4.475137500000000296e-03	-5.119498099999999705e-03
7.404079500000000000e+09	4.930234599999999690e-03	-2.950730999999999840e-03
7.404081625000000000e+09	3.737503100000000127e-03	-3.819529900000000200e-03
7.404083750000000000e+09	1.356219899999999961e-03	-1.108434499999999892e-03
7.404085875000000000e+09	6.183058299999999625e-03	-7.307036900000000133e-03
7.404088000000000000e+09	5.905269900000000190e-03	-5.671149999999999802e-03
7.404090125000000000e+09	8.356274000000000340e-03	-3.856095500000000093e-03
7.404092250000000000e+09	5.208807900000000067e-03	-6.892723699999999711e-03
7.404094375000000000e+09	6.373009800000000065e-03	-3.613077100000000163e-03
7.404096500000000000e+09	1.732256000000000106e-04	-6.655046000000000182e-04
7.404098625000000000e+09	3.801932100000000089e-03	-3.737768600000000024e-03
7.404100750000000000e+09	4.942414200000000077e-03	-5.841576799999999639e-03
7.404102875000000000e+09	4.623353200000000253e-03	-5.639949800000000277e-03
7.404105000000000000e+09	5.086969900000000086e-03	-2.840542799999999993e-03
7.404107125000000000e+09	3.372902899999999978e-03	-5.088780299999999882e-03
7.404109250000000000e+09	1.439430800000000062e-03	-4.495298899999999875e-03
7.404111375000000000e+09	6.740688999999999795e-04	-3.260663999999999924e-03
7.404113500000000000e+09	7.169185999999999701e-04	-6.794414799999999761e-03
7.404115625000000000e+09	4.102296899999999941e-03	-1.524863300000000102e-03
7.404117750000000000e+09	5.769224300000000416e-03	-3.479355400000000084e-03
7.404119875000000000e+09	4.915514099999999768e-03	-3.188603600000000128e-03
7.404122000000000000e+09	4.818200600000000118e-03	-4.429553200000000204e-03
7.404124125000000000e+09	2.653757100000000112e-03	-5.562988900000000354e-03
7.404126250000000000e+09	6.496120000000000193e-03	-5.339574799999999982e-03
7.404128375000000000e+09	5.202673700000000345e-03	-4.879494199999999914e-03
7.404130500000000000e+09	6.550813899999999822e-03	-5.548280899999999925e-03
7.404132625000000000e+09	6.397396700000000311e-03	-5.018769299999999850e-03
7.404134750000000000e+09	4.556415999999999765e-03	-5.433042199999999974e-03
7.404136875000000000e+09	3.732918699999999805e-03	-7.526511900000000359e-03
7.404139000000000000e+09	6.264484300000000387e-03	-6.034188000000000225e-03
7.404141125000000000e+09	4.318212800000000365e-03	-2.427633800000000060e-03
7.404143250000000000e+09	4.757541199999999748e-03	-7.580082299999999808e-03
7.404145375000000000e+09	5.732313099999999766e-03	-7.581360799999999935e-03
7.404147500000000000e+09	5.333730600000000273e-03	-5.040066999999999638e-03
7.404149625000000000e+09	5.037009700000000083e-03	-1.348191600000000091e-03
7.404151750000000000e+09	4.669123899999999723e-03	-6.850429100000000361e-03
7.404153875000000000e+09	6.522174999999999848e-03	-2.029662199999999854e-03
7.404156000000000000e+09	4.324009799999999591e-03	-2.877025799999999908e-03
7.404158125000000000e+09	3.597666800000000071e-03	-6.425261899999999693e-03
7.404160250000000000e+09	2.282146499999999825e-03	-2.927834800000000091e-03
7.404162375000000000e+09	6.408070299999999754e-03	-2.930162899999999918e-03
7.404164500000000000e+09	2.413657100000000076e-03	-2.373498700000000166e-03
7.404166625000000000e+09	4.603851299999999619e-03	-4.178646400000000406e-03
7.404168750000000000e+09	6.189034900000000249e-03	-6.442663399999999652e-03
7.404170875000000000e+09	-3.944698999999999753e-04	-2.725948100000000207e-03
7.404173000000000000e+09	-1.350929600000000050e-03	-5.523279699999999667e-03
7.404175125000000000e+09	1.026826399999999917e-03	-6.099136899999999667e-03
7.404177250000000000e+09	2.507151899999999871e-03	-4.518972900000000313e-03
7.404179375000000000e+09	6.235767199999999767e-03	-1.323384900000000022e-03
7.404181500000000000e+09	5.425715799999999631e-03	-6.953126700000000250e-03
7.404183625000000000e+09	3.939403299999999844e-03	-1.973841100000000084e-03
7.404185750000000000e+09	-9.174499999999999997e-06	-8.356445500000000276e-03
7.404187875000000000e+09	2.833503199999999871e-03	-5.592095099999999652e-03
7.404190000000000000e+09	8.246669499999999611e-03	-7.180070799999999608e-03
7.404192125000000000e+09	1.953290199999999956e-03	-3.264022499999999841e-03
7.404194250000000000e+09	4.466325299999999825e-03	-7.911220000000000058e-04
7.404196375000000000e+09	2.829831399999999803e-03	-5.295331099999999944e-03
7.404198500000000000e+09	6.758078300000000364e-03	-4.080926200000000413e-03
7.404200625000000000e+09	7.023516900000000354e-03	-5.096941100000000266e-03
7.404202750000000000e+09	3.387643999999999985e-03	-3.482297599999999854e-03
7.404204875000000000e+09	1.300770300000000023e-03	-7.522348199999999950e-03
7.404207000000000000e+09	1.989088200000000035e-03	-3.553238700000000035e-03
7.404209125000000000e+09	3.657205199999999812e-03	-1.853888699999999955e-03
7.404211250000000000e+09	4.219504199999999858e-03	-7.021380699999999614e-03
7.404213375000000000e+09	7.513977199999999877e-03	-2.744390299999999866e-03
7.404215500000000000e+09	-1.472811999999999884e-04	-4.769420199999999978e-03
7.404217625000000000e+09	2.186488600000000091e-03	-8.489783199999999946e-03
7.404219750000000000e+09	5.521677699999999814e-03	-5.080687500000000134e-03
7.404221875000000000e+09	4.606306999999999589e-03	-4.289727400000000260e-03
7.404224000000000000e+09	2.209033999999999911e-03	-5.298529399999999875e-03
7.404226125000000000e+09	3.484547000000000165e-04	-1.531334700000000102e-03
7.404228250000000000e+09	9.512197999999999487e-04	-1.391047799999999912e-03
7.404230375000000000e+09	3.712594899999999924e-03	-7.048227300000000327e-03
7.404232500000000000e+09	3.342352700000000062e-03	-6.250609999999999435e-05
7.404234625000000000e+09	3.909244499999999824e-03	-3.663662700000000060e-03
7.404236750000000000e+09	2.171842299999999885e-03	-3.730878100000000006e-03
7.404238875000000000e+09	1.855784999999999987e-03	-8.524424699999999869e-03
7.404241000000000000e+09	2.930524500000000060e-03	-4.236552400000000336e-03
7.404243125000000000e+09	2.029118900000000201e-03	-9.159103599999999373e-03
7.404245250000000000e+09	3.989584000000000012e-03	-5.475340199999999616e-03
7.404247375000000000e+09	3.518435900000000185e-03	-6.061527899999999587e-03
7.404249500000000000e+09	3.671827999999999811e-03	-4.577397900000000283e-03
7.404251625000000000e+09	4.806651799999999732e-03	-4.626250699999999959e-03
7.404253750000000000e+09	4.696152999999999786e-03	-4.202075799999999833e-03
7.404255875000000000e+09	8.897806999999999765e-04	-6.916501799999999651e-03
7.404258000000000000e+09	2.933533199999999955e-03	-6.385848700000000197e-03
7.404260125000000000e+09	4.471485100000000337e-03	-5.024565600000000139e-03
7.404262250000000000e+09	2.630252200000000092e-03	-8.012606900000000115e-03
7.404264375000000000e+09	2.813088499999999784e-03	-4.914321200000000209e-03
7.404266500000000000e+09	2.631473999999999966e-03	-1.669973800000000000e-03
7.404268625000000000e+09	3.509370600000000142e-03	-6.755031800000000156e-03
7.404270750000000000e+09	1.178180000000000026e-03	-5.380424800000000243e-03
7.404272875000000000e+09	6.863315699999999846e-03	-5.561576900000000240e-03
7.404275000000000000e+09	5.649236200000000256e-03	-5.971151600000000267e-03
7.404277125000000000e+09	-2.742325000000000210e-04	-5.073804900000000208e-03
7.404279250000000000e+09	6.354036199999999607e-03	-2.294382099999999793e-03
7.404281375000000000e+09	2.384030599999999861e-03	-2.566853000000000017e-03
7.404283500000000000e+09	3.959009399999999582e-03	-6.789188399999999957e-03
7.404285625000000000e+09	2.914054599999999894e-03	-4.517037800000000061e-03
7.404287750000000000e+09	5.131944700000000067e-03	-7.724130400000000195e-03
7.404289875000000000e+09	5.135689599999999910e-03	-5.961641099999999763e-03
7.404292000000000000e+09	4.494607799999999695e-03	-4.190759900000000371e-03
7.404294125000000000e+09	2.509915699999999954e-03	-3.778718800000000193e-03
7.404296250000000000e+09	5.015831699999999914e-03	-4.391413599999999598e-03
7.404298375000000000e+09	9.108744999999999472e-04	-7.760556899999999925e-03
7.404300500000000000e+09	6.268659099999999811e-03	-5.792487000000000026e-04
7.404302625000000000e+09	1.783954500000000092e-03	-3.637070599999999831e-03
7.404304750000000000e+09	1.937240700000000034e-03	-5.384273999999999658e-03
7.404306875000000000e+09	-1.934237999999999962e-04	6.287375999999999686e-04
7.404309000000000000e+09	5.082448699999999632e-03	-3.699161500000000026e-03
7.404311125000000000e+09	3.040028800000000014e-03	-4.199210899999999969e-03
7.404313250000000000e+09	6.041052400000000017e-03	-1.085739770000000021e-02
7.404315375000000000e+09	7.170425999999999710e-04	-5.586661399999999847e-03
7.404317500000000000e+09	3.444088899999999970e-03	-8.955580399999999580e-03
7.404319625000000000e+09	-2.145918599999999902e-03	-3.558949499999999790e-03
7.404321750000000000e+09	1.617681799999999993e-03	-3.278725599999999900e-03
7.404323875000000000e+09	4.253577300000000241e-03	-1.879852399999999918e-03
7.404326000000000000e+09	6.395993200000000059e-03	-4.108616600000000035e-03
7.404328125000000000e+09	2.292612399999999998e-03	-5.773038000000000301e-03
7.404330250000000000e+09	9.576057999999999923e-04	-6.380697999999999535e-04
7.404332375000000000e+09	4.132055800000000202e-03	-1.001188870000000071e-02
7.404334500000000000e+09	3.792862599999999914e-03	-9.000074000000000268e-03
7.404336625000000000e+09	8.122604300000000818e-03	-5.702707399999999704e-03
7.404338750000000000e+09	4.796490100000000076e-03	-3.995058999999999590e-03
7.404340875000000000e+09	6.921044700000000133e-03	-4.276197899999999684e-03
7.404343000000000000e+09	1.281121000000000028e-04	-5.632433200000000126e-03
7.404345125000000000e+09	1.871127399999999909e-03	-5.332367799999999589e-03
7.404347250000000000e+09	2.693720599999999913e-03	-1.410963899999999977e-03
7.404349375000000000e+09	2.141657099999999970e-03	-5.862382200000000251e-03
7.404351500000000000e+09	1.407577500000000087e-03	-7.805848300000000316e-03
7.404353625000000000e+09	5.856716500000000263e-03	-4.544811999999999637e-03
7.404355750000000000e+09	4.618770500000000077e-03	-7.311568899999999933e-03
7.404357875000000000e+09	2.870277499999999808e-03	-9.784881500000000218e-03
7.404360000000000000e+09	2.826336999999999947e-03	-4.544577600000000370e-03
7.404362125000000000e+09	5.854192099999999850e-03	-4.425164300000000196e-03
7.404364250000000000e+09	2.947263099999999914e-03	-2.875316900000000030e-03
7.404366375000000000e+09	1.628400400000000036e-03	-6.307774000000000367e-04
7.404368500000000000e+09	3.664401099999999890e-03	-3.333185700000000033e-03
7.404370625000000000e+09	2.478910300000000070e-03	-5.200173899999999648e-03
7.404372750000000000e+09	2.386126000000000132e-03	-6.247304300000000067e-03
7.404374875000000000e+09	5.766735999999999737e-04	-9.688907800000000348e-03
7.404377000000000000e+09	-3.180447900000000182e-03	-7.827829999999999164e-03
7.404379125000000000e+09	3.173610199999999954e-03	-2.927230900000000156e-03
7.404381250000000000e+09	6.412943999999999633e-04	-1.237946699999999990e-03
7.404383375000000000e+09	2.586114200000000102e-03	-8.593068000000000581e-03
7.404385500000000000e+09	2.884608400000000013e-03	-1.276872399999999996e-03
7.404387625000000000e+09	1.614033699999999983e-03	-1.366043900000000035e-03
7.404389750000000000e+09	1.623690699999999921e-03	-5.640195700000000430e-03
7.404391875000000000e+09	3.886675599999999797e-03	-2.250708499999999872e-03
7.404394000000000000e+09	5.391566199999999615e-03	-5.382439299999999816e-03
7.404396125000000000e+09	-8.323996000000000390e-04	-1.917619300000000067e-03
7.404398250000000000e+09	5.230210100000000362e-03	-8.022501300000000127e-03
7.404400375000000000e+09	3.572690299999999996e-03	-9.554737599999999983e-03
7.404402500000000000e+09	6.087207699999999666e-03	-5.035086400000000385e-03
7.404404625000000000e+09	1.143887799999999955e-03	-5.674357900000000406e-03
7.404406750000000000e+09	5.247905500000000362e-03	-3.265780099999999846e-03
7.404408875000000000e+09	6.707399999999999647e-04	-7.648358000000000066e-03
7.404411000000000000e+09	3.948380100000000066e-03	-5.566392400000000004e-03
7.404413125000000000e+09	4.345165500000000396e-03	-4.611084100000000137e-03
7.404415250000000000e+09	6.962790200000000020e-03	-3.906672800000000195e-03
7.404417375000000000e+09	3.059881400000000109e-03	-3.191916500000000108e-03
7.404419500000000000e+09	2.276659400000000024e-03	-6.459077500000000305e-03
7.404421625000000000e+09	1.884959799999999909e-03	-3.995567400000000352e-03
7.404423750000000000e+09	4.555973999999999961e-03	-2.520266800000000012e-03
7.404425875000000000e+09	1.759406600000000022e-03	-8.257354899999999609e-03
7.404428000000000000e+09	2.433034000000000151e-03	-8.213972300000000476e-03
7.404430125000000000e+09	2.351626800000000163e-03	-3.926730300000000340e-03
7.404432250000000000e+09	7.798030400000000202e-03	-4.216279499999999597e-03
7.404434375000000000e+09	3.291113899999999898e-03	-4.828555200000000068e-03
7.404436500000000000e+09	2.897823700000000131e-03	-4.693946000000000056e-03
7.404438625000000000e+09	3.852104900000000165e-03	-8.478956799999999572e-03
7.404440750000000000e+09	-9.944101000000000763e-04	-2.433423499999999833e-03
7.404442875000000000e+09	2.078986699999999920e-03	-4.414080199999999982e-03
7.404445000000000000e+09	1.218590999999999988e-03	-2.171748199999999889e-03
7.404447125000000000e+09	4.642935800000000217e-03	-4.748174899999999844e-03
7.404449250000000000e+09	8.579196999999999778e-04	-5.290404299999999956e-03
7.404451375000000000e+09	7.231550999999999908e-04	-2.123117199999999954e-03
7.404453500000000000e+09	1.454546199999999989e-03	-2.570084299999999926e-03
7.404455625000000000e+09	1.991476900000000144e-03	-4.276796700000000048e-03
7.404457750000000000e+09	2.776946800000000028e-03	-2.773711700000000124e-03
7.404459875000000000e+09	4.504653600000000160e-03	-5.065772999999999977e-03
7.404462000000000000e+09	-3.969123000000000182e-04	-3.801416199999999804e-03
7.404464125000000000e+09	9.150446000000000447e-04	-6.218018999999999977e-03
7.404466250000000000e+09	2.218082799999999966e-03	-3.522160500000000045e-03
7.404468375000000000e+09	1.670398999999999929e-04	-4.885668400000000265e-03
7.404470500000000000e+09	5.399809799999999611e-03	-2.979441900000000081e-03
7.404472625000000000e+09	2.452283799999999819e-03	-4.397680099999999766e-03
7.404474750000000000e+09	2.253799500000000077e-03	-4.162911099999999642e-03
7.404476875000000000e+09	4.148288800000000248e-03	-5.406455400000000251e-03
7.404479000000000000e+09	4.225085400000000088e-03	-5.974275200000000313e-03
7.404481125000000000e+09	4.408191199999999740e-03	-8.288469999999999605e-04
7.404483250000000000e+09	1.519921899999999906e-03	-4.443344099999999713e-03
7.404485375000000000e+09	-5.247999999999999627e-04	-3.762084800000000014e-03
7.404487500000000000e+09	1.186906699999999964e-03	-6.753389500000000004e-03
7.404489625000000000e+09	4.794136600000000262e-03	-8.108743899999999727e-03
7.404491750000000000e+09	4.164940800000000061e-03	-6.751770199999999889e-03
7.404493875000000000e+09	5.921244800000000259e-03	-4.070726600000000410e-03
7.404496000000000000e+09	3.506411699999999881e-03	-5.297414099999999890e-03
7.404498125000000000e+09	-7.848176000000000327e-04	-5.562557400000000228e-03
7.404500250000000000e+09	2.355373799999999854e-03	-5.784153799999999616e-03
7.404502375000000000e+09	2.020467999999999982e-04	-4.022564499999999911e-03
7.404504500000000000e+09	3.091957900000000085e-03	-2.779955599999999957e-03
7.404506625000000000e+09	3.746574999999999819e-04	-8.076524099999999456e-03
7.404508750000000000e+09	4.162190599999999845e-03	-5.150087999999999715e-03
7.404510875000000000e+09	1.221614100000000024e-03	-5.549462199999999866e-03
7.404513000000000000e+09	3.125570099999999858e-03	-9.087144999999999815e-04
7.404515125000000000e+09	-2.035008599999999813e-03	-7.512474499999999625e-03
7.404517250000000000e+09	3.197076999999999883e-04	-8.289905099999999791e-03
7.404519375000000000e+09	-7.522793000000000058e-04	-3.985508599999999790e-03
7.404521500000000000e+09	2.518985400000000197e-03	-3.966728999999999568e-03
7.404523625000000000e+09	3.378124200000000212e-03	-5.769800299999999944e-03
7.404525750000000000e+09	1.405014900000000093e-03	-8.034071400000000404e-03
7.404527875000000000e+09	2.606506499999999924e-03	-4.603519000000000361e-03
7.404530000000000000e+09	5.305352200000000226e-03	-6.182015699999999711e-03
7.404532125000000000e+09	2.293554699999999971e-03	-6.803901999999999693e-03
7.404534250000000000e+09	-1.703678799999999976e-03	-6.293885899999999804e-03
7.404536375000000000e+09	3.215189399999999944e-03	-6.569666899999999921e-03
7.404538500000000000e+09	-4.541526000000000265e-04	-7.930236000000000229e-03
7.404540625000000000e+09	1.412145799999999906e-03	-6.827751600000000164e-03
7.404542750000000000e+09	-4.289367000000000093e-04	-5.540014900000000096e-03
7.404544875000000000e+09	2.867039000000000046e-04	-3.967914300000000005e-03
7.404547000000000000e+09	4.424096100000000226e-03	-4.611792400000000111e-03
7.404549125000000000e+09	3.159183199999999938e-03	-4.039876700000000209e-03
7.404551250000000000e+09	2.637407100000000067e-03	-5.526355499999999893e-03
7.404553375000000000e+09	6.644810099999999727e-03	-4.584087599999999915e-03
7.404555500000000000e+09	2.268798800000000095e-03	-7.263355200000000053e-03
7.404557625000000000e+09	-8.442159000000000295e-04	-3.063365699999999990e-03
7.404559750000000000e+09	1.382382699999999947e-03	-6.798692900000000150e-03
7.404561875000000000e+09	3.862801199999999976e-03	-2.657901900000000147e-03
7.404564000000000000e+09	1.201701899999999988e-03	-6.787231300000000009e-03
7.404566125000000000e+09	-7.221104000000000108e-04	-6.592548099999999758e-03
7.404568250000000000e+09	5.553518099999999943e-03	-2.200021700000000160e-03
7.404570375000000000e+09	5.744233500000000235e-03	-3.244816699999999998e-03
7.404572500000000000e+09	3.637762000000000114e-03	-1.231971199999999959e-03
7.404574625000000000e+09	1.260662500000000021e-03	-4.132616000000000414e-03
7.404576750000000000e+09	2.096043299999999793e-03	-3.687225599999999909e-03
7.404578875000000000e+09	-6.687442999999999730e-04	-4.528916000000000018e-03
7.404581000000000000e+09	2.954578299999999907e-03	-5.273384300000000420e-03
7.404583125000000000e+09	2.329109499999999951e-03	-4.892870900000000425e-03
7.404585250000000000e+09	6.291135699999999588e-03	-6.945403400000000303e-03
7.404587375000000000e+09	1.249903899999999998e-03	-4.153381499999999997e-03
7.404589500000000000e+09	2.233549699999999843e-03	-4.285064899999999760e-03
7.404591625000000000e+09	-5.449461999999999969e-04	-6.720980199999999731e-03
7.404593750000000000e+09	1.033292500000000062e-03	-5.926422199999999835e-03
7.404595875000000000e+09	3.561500000000000121e-06	-3.709256599999999956e-03
7.404598000000000000e+09	6.008208099999999725e-03	-5.960215300000000146e-03
7.404600125000000000e+09	3.078211899999999841e-03	-3.243247800000000156e-03
7.404602250000000000e+09	1.590418500000000080e-03	-7.357424300000000097e-03
7.404604375000000000e+09	-1.870877800000000013e-03	-3.564599299999999995e-03
7.404606500000000000e+09	5.630908999999999914e-03	-8.612630600000000664e-03
7.404608625000000000e+09	1.305534300000000007e-03	-8.170249200000000156e-03
7.404610750000000000e+09	5.513173399999999821e-03	-4.022950600000000168e-03
7.404612875000000000e+09	4.528407899999999792e-03	-3.868308699999999795e-03
7.404615000000000000e+09	4.498510399999999972e-03	-3.855473900000000193e-03
7.404617125000000000e+09	6.953479099999999857e-03	-8.215569699999999628e-03
7.404619250000000000e+09	-1.387879899999999939e-03	-1.491305700000000083e-03
7.404621375000000000e+09	-1.761424500000000103e-03	-2.450064300000000164e-03
7.404623500000000000e+09	1.056446900000000038e-03	-6.129691500000000216e-03
7.404625625000000000e+09	-1.146820200000000069e-03	-2.204386799999999858e-03
7.404627750000000000e+09	2.758076099999999965e-03	-3.470529100000000009e-03
7.404629875000000000e+09	2.697105699999999794e-03	-5.746830300000000183e-03
7.404632000000000000e+09	3.696197599999999795e-03	-4.586299500000000015e-03
7.404634125000000000e+09	3.963237900000000404e-03	-1.970050899999999973e-03
7.404636250000000000e+09	4.925839500000000169e-03	-2.689848900000000199e-03
7.404638375000000000e+09	-2.618880999999999770e-04	-4.887223399999999704e-03
7.404640500000000000e+09	6.241691399999999869e-03	-6.934619000000000373e-03
7.404642625000000000e+09	2.572626199999999801e-03	-6.567895899999999683e-03
7.404644750000000000e+09	8.647312000000000531e-04	-7.396040900000000300e-03
7.404646875000000000e+09	-1.808786699999999966e-03	-4.947659800000000357e-03
7.404649000000000000e+09	1.716185000000000063e-03	-5.694489199999999696e-03
7.404651125000000000e+09	4.142978099999999886e-03	-2.348546899999999840e-03
7.404653250000000000e+09	1.379096000000000011e-03	-2.033782500000000208e-03
7.404655375000000000e+09	2.966752000000000018e-04	-2.711618900000000148e-03
7.404657500000000000e+09	6.099032100000000359e-03	-5.095978999999999613e-03
7.404659625000000000e+09	3.026403699999999797e-03	-6.247177900000000332e-03
7.404661750000000000e+09	1.715566200000000034e-03	-3.815339200000000125e-03
7.404663875000000000e+09	-9.584319999999999472e-04	-3.253150599999999996e-03
7.404666000000000000e+09	6.254928300000000413e-03	-9.025791099999999623e-03
7.404668125000000000e+09	-2.254495999999999931e-03	-3.355053199999999836e-03
7.404670250000000000e+09	4.060262400000000382e-03	-3.276551600000000147e-03
7.404672375000000000e+09	7.139785499999999792e-03	-3.444216099999999978e-03
7.404674500000000000e+09	1.023427500000000101e-03	-6.682171599999999975e-03
7.404676625000000000e+09	2.073023499999999963e-03	-1.573929699999999975e-03
7.404678750000000000e+09	1.551737799999999921e-03	-4.782700600000000177e-03
7.404680875000000000e+09	-1.003630300000000032e-03	-6.318999100000000091e-03
7.404683000000000000e+09	2.635710199999999944e-03	-6.693271399999999906e-03
7.404685125000000000e+09	3.421289599999999872e-03	-3.879033100000000081e-03
7.404687250000000000e+09	1.885646900000000027e-03	-5.004495599999999635e-03
7.404689375000000000e+09	6.889018900000000098e-03	-7.238711200000000172e-03
7.404691500000000000e+09	4.839680899999999723e-03	-8.116377200000000208e-03
7.404693625000000000e+09	7.210209500000000146e-03	-4.026687900000000021e-03
7.404695750000000000e+09	-7.254718999999999751e-04	-4.952333899999999609e-03
7.404697875000000000e+09	2.724508499999999788e-03	-6.342844200000000328e-03
7.404700000000000000e+09	1.875469199999999902e-03	-2.602179599999999808e-03
7.404702125000000000e+09	2.472095100000000142e-03	-2.510226099999999985e-03
7.404704250000000000e+09	-1.635051999999999903e-03	-9.204493200000000291e-03
7.404706375000000000e+09	3.359259099999999890e-03	-5.234724300000000163e-03
7.404708500000000000e+09	1.398361799999999931e-03	-3.268348600000000118e-03
7.404710625000000000e+09	1.305122300000000025e-03	-4.910530500000000360e-03
7.404712750000000000e+09	2.238331399999999791e-03	-6.451850900000000166e-03
7.404714875000000000e+09	3.964081500000000112e-03	-4.152481700000000206e-03
7.404717000000000000e+09	-1.440255699999999899e-03	-5.324010500000000284e-03
7.404719125000000000e+09	2.511029000000000126e-03	-3.064780699999999827e-03
7.404721250000000000e+09	5.213362400000000167e-03	-6.401110199999999854e-03
7.404723375000000000e+09	4.082013300000000323e-03	-3.487713899999999798e-03
7.404725500000000000e+09	5.033832900000000110e-03	-5.435174099999999682e-03
7.404727625000000000e+09	1.416263199999999922e-03	-4.419114299999999697e-03
7.404729750000000000e+09	-1.237776400000000030e-03	-3.058969400000000061e-03
7.404731875000000000e+09	7.058900899999999770e-03	-9.233114699999999536e-03
7.404734000000000000e+09	3.474650399999999837e-03	-9.506005799999999936e-03
7.404736125000000000e+09	2.669569300000000211e-03	-6.288005499999999894e-03
7.404738250000000000e+09	-3.727836999999999796e-04	-3.902697599999999881e-03
7.404740375000000000e+09	3.648244000000000031e-04	-5.887320199999999774e-03
7.404742500000000000e+09	1.246604400000000034e-03	-5.429749200000000275e-03
7.404744625000000000e+09	-1.065513699999999942e-03	-5.022072100000000289e-03
7.404746750000000000e+09	-1.332728700000000059e-03	-6.986140000000000058e-03
7.404748875000000000e+09	3.485024999999999993e-04	-3.978758399999999910e-03
7.404751000000000000e+09	-2.089551099999999856e-03	-6.477252299999999852e-03
7.404753125000000000e+09	2.433979399999999880e-03	-9.151458899999999341e-03
7.404755250000000000e+09	6.798476399999999614e-03	-2.858637600000000015e-03
7.404757375000000000e+09	1.775912500000000104e-03	-6.008454800000000151e-03
7.404759500000000000e+09	4.883342599999999922e-03	-2.618394200000000085e-03
7.404761625000000000e+09	3.146829999999999820e-05	-2.636541799999999897e-03
7.404763750000000000e+09	2.328414300000000107e-03	-2.898133599999999990e-03
7.404765875000000000e+09	-4.242917000000000021e-04	-2.551758600000000096e-03
7.404768000000000000e+09	1.426162999999999986e-04	-5.610155500000000087e-03
7.404770125000000000e+09	3.924753500000000180e-03	-6.484926599999999569e-03
7.404772250000000000e+09	3.060210900000000147e-03	-4.803155800000000197e-03
7.404774375000000000e+09	5.113757000000000242e-04	-8.635721799999999254e-03
7.404776500000000000e+09	-1.580801000000000114e-04	-3.482912300000000003e-03
7.404778625000000000e+09	2.475202000000000131e-03	-7.742242499999999611e-03
7.404780750000000000e+09	2.833316099999999820e-03	-4.859802300000000408e-03
7.404782875000000000e+09	2.089173000000000158e-03	-7.013567299999999734e-03
7.404785000000000000e+09	3.702315299999999962e-03	-7.362036300000000290e-03
7.404787125000000000e+09	1.650518199999999975e-03	-7.085434100000000297e-03
7.404789250000000000e+09	-1.774643399999999930e-03	-4.735815800000000263e-03
7.404791375000000000e+09	-2.514180500000000144e-03	-4.571717999999999789e-03
7.404793500000000000e+09	4.889796299999999742e-03	-8.505110300000000290e-03
7.404795625000000000e+09	1.348869200000000004e-03	-7.756609000000000247e-03
7.404797750000000000e+09	3.385989600000000044e-03	-3.578622599999999824e-03
7.404799875000000000e+09	-2.998643899999999928e-03	-8.176105399999999621e-03
7.404802000000000000e+09	2.357992499999999898e-03	-7.200512899999999931e-03
7.404804125000000000e+09	1.062490999999999989e-04	-8.270903700000000261e-03
7.404806250000000000e+09	-2.705043999999999981e-04	-6.027581700000000410e-03
7.404808375000000000e+09	-1.255989299999999993e-03	-6.954581999999999951e-04
7.404810500000000000e+09	-6.777499000000000414e-04	-3.922726799999999917e-03
7.404812625000000000e+09	1.908899099999999960e-03	-8.308726199999999854e-03
7.404814750000000000e+09	3.032906100000000178e-03	-5.973609099999999984e-03
7.404816875000000000e+09	1.004600000000000024e-03	-8.295744400000000865e-03
7.404819000000000000e+09	2.382340999999999897e-04	-6.928764500000000187e-03
7.404821125000000000e+09	3.182788099999999797e-03	-5.043720699999999606e-03
7.404823250000000000e+09	-3.734039199999999829e-03	-4.378374800000000254e-03
7.404825375000000000e+09	2.104449799999999829e-03	-7.673951099999999637e-03
7.404827500000000000e+09	9.149302999999999906e-04	-4.254574799999999955e-03
7.404829625000000000e+09	6.787223499999999951e-03	-4.234245900000000069e-03
7.404831750000000000e+09	2.460422400000000006e-03	-8.213970299999999794e-03
7.404833875000000000e+09	9.011003000000000502e-04	-6.354251899999999870e-03
7.404836000000000000e+09	3.821583400000000061e-03	-3.977736299999999614e-03
7.404838125000000000e+09	7.107059000000000423e-04	-3.582008600000000011e-03
7.404840250000000000e+09	2.149399699999999993e-03	-5.017887999999999862e-03
7.404842375000000000e+09	1.328458999999999933e-03	-6.302548800000000104e-03
7.404844500000000000e+09	-3.048104000000000048e-04	-5.326706900000000369e-03
7.404846625000000000e+09	-1.133229500000000091e-03	-4.983031599999999950e-03
7.404848750000000000e+09	5.932413699999999901e-03	-7.559287799999999877e-03
7.404850875000000000e+09	-9.680488999999999804e-04	-6.925326499999999615e-03
7.404853000000000000e+09	1.924409100000000006e-03	-5.798775899999999810e-03
7.404855125000000000e+09	-7.695930999999999822e-04	-3.042079899999999924e-03
7.404857250000000000e+09	5.830781000000000375e-04	-6.807613100000000153e-03
7.404859375000000000e+09	2.308040500000000089e-03	-4.180136200000000163e-03
7.404861500000000000e+09	1.699241999999999951e-04	-6.805138300000000175e-03
7.404863625000000000e+09	1.695188200000000102e-03	-5.861446200000000259e-03
7.404865750000000000e+09	4.121996699999999972e-03	-4.412837400000000319e-03
7.404867875000000000e+09	1.839610599999999974e-03	-3.655847099999999864e-03
7.404870000000000000e+09	2.042227699999999996e-03	-2.587103299999999988e-03
7.404872125000000000e+09	2.330468400000000172e-03	-3.103356299999999925e-03
7.404874250000000000e+09	-4.123611600000000321e-03	-3.829135300000000106e-03
7.404876375000000000e+09	3.241484700000000010e-03	-5.893953900000000259e-03
7.404878500000000000e+09	-8.827864000000000154e-04	6.383871999999999854e-04
7.404880625000000000e+09	5.050052299999999855e-03	3.498152000000000249e-04
7.404882750000000000e+09	-1.298825200000000048e-03	-6.737953599999999856e-03
7.404884875000000000e+09	2.359106699999999942e-03	-7.210652100000000155e-03
7.404887000000000000e+09	-2.021799800000000178e-03	-2.175434799999999801e-03
7.404889125000000000e+09	2.795050500000000049e-03	-4.023612200000000264e-03
7.404891250000000000e+09	5.800098699999999864e-03	-6.993959400000000250e-03
7.404893375000000000e+09	7.710830000000000169e-05	-5.755561699999999989e-03
7.404895500000000000e+09	1.879442800000000104e-03	-1.694032100000000081e-03
7.404897625000000000e+09	2.149767899999999784e-03	-5.685471800000000374e-03
7.404899750000000000e+09	3.669213599999999933e-03	-6.111133799999999769e-03
7.404901875000000000e+09	-4.762642200000000159e-03	-3.036877299999999995e-03
7.404904000000000000e+09	1.278852399999999946e-03	-2.124731500000000099e-03
7.404906125000000000e+09	-2.448803900000000137e-03	-7.747298900000000425e-03
7.404908250000000000e+09	3.129767099999999913e-03	-7.565930299999999893e-03
7.404910375000000000e+09	-9.514245000000000384e-04	-6.350765500000000140e-03
7.404912500000000000e+09	-1.188879400000000027e-03	-3.769315400000000215e-03
7.404914625000000000e+09	4.102189899999999882e-03	-4.398806300000000433e-03
7.404916750000000000e+09	5.769686999999999906e-04	-1.159182500000000091e-03
7.404918875000000000e+09	6.570742200000000144e-03	-4.890118199999999790e-03
7.404921000000000000e+09	-3.191483999999999749e-04	-5.607902500000000283e-03
7.404923125000000000e+09	1.704249099999999946e-03	-4.341785400000000052e-03
7.404925250000000000e+09	1.509992099999999966e-03	-3.668080599999999983e-03
7.404927375000000000e+09	4.859496999999999732e-04	-6.922008599999999665e-03
7.404929500000000000e+09	-1.744813100000000040e-03	-4.275841899999999716e-03
7.404931625000000000e+09	2.975291699999999939e-03	-3.741797700000000070e-03
7.404933750000000000e+09	-5.295200400000000043e-03	-3.933573299999999773e-03
7.404935875000000000e+09	4.514316999999999896e-04	-5.092328000000000132e-03
7.404938000000000000e+09	2.335716500000000004e-03	-6.847018800000000127e-03
7.404940125000000000e+09	1.439245999999999928e-03	-4.363729200000000287e-03
7.404942250000000000e+09	1.521136200000000041e-03	-5.997088499999999982e-03
7.404944375000000000e+09	-2.213552599999999912e-03	-1.049062799999999967e-03
7.404946500000000000e+09	2.392498700000000086e-03	-6.233093500000000051e-03
7.404948625000000000e+09	2.665382400000000131e-03	-5.115616299999999582e-03
7.404950750000000000e+09	2.541887699999999858e-03	-4.642395599999999886e-03
7.404952875000000000e+09	-1.544899300000000071e-03	-4.831556800000000144e-03
7.404955000000000000e+09	1.916484200000000051e-03	-6.721546699999999923e-03
7.404957125000000000e+09	1.271970699999999893e-03	-3.156994800000000045e-03
7.404959250000000000e+09	2.315600100000000158e-03	-7.887829000000000715e-03
7.404961375000000000e+09	-3.120337999999999736e-04	-4.078903699999999848e-03
7.404963500000000000e+09	3.576856599999999990e-03	-6.800847100000000089e-03
7.404965625000000000e+09	2.140096599999999957e-03	-4.519575599999999839e-03
7.404967750000000000e+09	2.910225000000000008e-04	-3.195157499999999855e-03
7.404969875000000000e+09	2.278692299999999799e-03	-6.319585100000000427e-03
7.404972000000000000e+09	1.980729999999999923e-05	-5.103425200000000043e-03
7.404974125000000000e+09	1.483271200000000050e-03	-7.192537799999999988e-03
7.404976250000000000e+09	7.707737299999999764e-03	-7.128157799999999822e-03
7.404978375000000000e+09	4.368075800000000182e-03	-3.947392899999999961e-03
7.404980500000000000e+09	5.078344000000000044e-04	-6.374656200000000314e-03
7.404982625000000000e+09	4.306326999999999876e-04	-4.461105899999999805e-03
7.404984750000000000e+09	1.132333899999999997e-03	-2.605060399999999891e-03
7.404986875000000000e+09	-2.037334500000000190e-03	-3.012373899999999920e-03
7.404989000000000000e+09	1.382449700000000026e-03	-4.908878200000000268e-03
7.404991125000000000e+09	1.952552100000000011e-03	-9.570809499999999304e-03
7.404993250000000000e+09	1.693710300000000066e-03	-6.125295499999999956e-03
7.404995375000000000e+09	-3.484316400000000025e-03	-5.629824200000000355e-03
7.404997500000000000e+09	9.017146999999999879e-04	-2.044048399999999835e-03
7.404999625000000000e+09	-5.743583999999999929e-04	-1.954521399999999999e-03
7.405001750000000000e+09	-7.906225000000000015e-04	-7.232851299999999879e-03
7.405003875000000000e+09	2.384455699999999973e-03	-4.976491799999999827e-03
7.405006000000000000e+09	1.957244999999999927e-04	-6.512296499999999620e-03
7.405008125000000000e+09	-3.741355999999999827e-04	-8.324534499999999490e-03
7.405010250000000000e+09	5.040417900000000034e-03	-6.821003699999999767e-03
7.405012375000000000e+09	1.208770899999999943e-03	-7.310562599999999821e-03
7.405014500000000000e+09	-6.044997000000000087e-04	-7.960433600000000470e-03
7.405016625000000000e+09	-2.551212699999999989e-03	-2.352913600000000084e-03
7.405018750000000000e+09	3.577413299999999876e-03	-5.681457200000000068e-03
7.405020875000000000e+09	-1.644321999999999874e-04	-7.772341500000000056e-03
7.405023000000000000e+09	-1.157048000000000039e-04	-6.177824299999999831e-03
7.405025125000000000e+09	-3.230528600000000077e-03	-3.472267800000000074e-03
7.405027250000000000e+09	6.401960299999999611e-03	-2.132030500000000207e-03
7.405029375000000000e+09	1.903163700000000055e-03	-4.992095400000000349e-03
7.405031500000000000e+09	6.177227999999999669e-04	-1.257408900000000097e-03
7.405033625000000000e+09	2.297649000000000132e-04	-4.334675999999999980e-03
7.405035750000000000e+09	-1.980489199999999842e-03	-2.944695499999999948e-03
7.405037875000000000e+09	2.412907799999999998e-03	-2.398779000000000189e-03
7.405040000000000000e+09	-2.806695999999999800e-04	-2.579648300000000026e-03
7.405042125000000000e+09	2.318115999999999948e-04	-2.231484499999999895e-03
7.405044250000000000e+09	4.938749999999999564e-04	-4.239994100000000002e-03
7.405046375000000000e+09	-2.745991200000000212e-03	-3.243302400000000127e-03
7.405048500000000000e+09	2.726673099999999805e-03	-2.668025999999999991e-03
7.405050625000000000e+09	5.255939999999999961e-04	-4.939511199999999796e-03
7.405052750000000000e+09	4.785683000000000103e-04	-1.375392299999999906e-03
7.405054875000000000e+09	1.810883299999999996e-03	-4.468450199999999747e-03
7.405057000000000000e+09	2.281601800000000128e-03	-3.654444299999999850e-03
7.405059125000000000e+09	1.871923200000000015e-03	-8.584023399999999790e-03
7.405061250000000000e+09	-2.520336099999999791e-03	-3.532095700000000092e-03
7.405063375000000000e+09	-2.363537999999999935e-04	-6.458383600000000037e-03
7.405065500000000000e+09	-7.651297000000000480e-04	-6.789257100000000399e-03
7.405067625000000000e+09	-1.539341700000000082e-03	-7.442244599999999974e-03
7.405069750000000000e+09	2.273721099999999849e-03	-4.251695899999999653e-03
7.405071875000000000e+09	5.412586999999999954e-04	-4.884307000000000058e-03
7.405074000000000000e+09	3.083189999999999976e-03	-7.316562999999999886e-03
7.405076125000000000e+09	4.634325999999999919e-04	-3.438837599999999915e-03
7.405078250000000000e+09	-3.092982399999999899e-03	-6.805271400000000026e-03
7.405080375000000000e+09	-3.082480099999999890e-03	-3.763405599999999820e-03
7.405082500000000000e+09	2.847954000000000197e-03	-4.064346800000000204e-03
7.405084625000000000e+09	1.058881499999999969e-03	-7.205803799999999613e-03
7.405086750000000000e+09	-5.975270999999999664e-04	-1.718118499999999986e-03
7.405088875000000000e+09	6.663077000000000106e-04	-5.361559999999999807e-04
7.405091000000000000e+09	-3.702706499999999790e-03	-3.478244100000000161e-03
7.405093125000000000e+09	1.692257900000000053e-03	-3.714814700000000115e-03
7.405095250000000000e+09	2.581812900000000043e-03	-3.869174799999999803e-03
7.405097375000000000e+09	-1.060922000000000004e-04	-7.455597300000000108e-03
7.405099500000000000e+09	-2.057654999999999814e-03	-6.530999400000000142e-03
7.405101625000000000e+09	6.659590000000000388e-05	-7.124043200000000110e-03
7.405103750000000000e+09	1.556078100000000053e-03	-4.162408700000000059e-03
7.405105875000000000e+09	6.767544999999999594e-04	-5.763702899999999761e-03
7.405108000000000000e+09	2.147970500000000085e-03	-5.061798900000000039e-03
7.405110125000000000e+09	4.060101200000000056e-03	-4.977564599999999631e-03
7.405112250000000000e+09	-7.708012999999999887e-04	-3.776014399999999983e-03
7.405114375000000000e+09	-2.105984300000000083e-03	-1.451793800000000106e-03
7.405116500000000000e+09	2.545430899999999875e-03	-6.584908799999999833e-03
7.405118625000000000e+09	-2.371956199999999786e-03	-1.847015399999999948e-03
7.405120750000000000e+09	1.182620400000000032e-03	-4.655150200000000328e-03
7.405122875000000000e+09	1.821378000000000016e-03	-2.434360799999999835e-03
7.405125000000000000e+09	-2.005391599999999802e-03	-4.454632499999999773e-03
7.405127125000000000e+09	1.104190000000000011e-05	-5.230880200000000320e-03
7.405129250000000000e+09	4.756448000000000034e-04	-6.895693799999999887e-03
7.405131375000000000e+09	7.851345000000000025e-04	-6.175912599999999752e-03
7.405133500000000000e+09	-3.334443600000000073e-03	-7.453205899999999946e-03
7.405135625000000000e+09	2.338392099999999935e-03	-2.680432300000000056e-03
7.405137750000000000e+09	-9.158036999999999948e-04	-7.727246200000000183e-03
7.405139875000000000e+09	-1.013708899999999974e-03	-6.817666699999999809e-03
7.405142000000000000e+09	-2.342516000000000053e-04	-5.899709000000000376e-03
7.405144125000000000e+09	-8.744999000000000262e-04	-6.854984199999999799e-03
7.405146250000000000e+09	3.664930000000000162e-04	-3.670752099999999817e-03
7.405148375000000000e+09	2.507909000000000006e-03	-4.547594299999999957e-03
7.405150500000000000e+09	5.720289000000000146e-04	-5.800160900000000258e-03
7.405152625000000000e+09	-4.617850899999999606e-03	-5.120098899999999884e-03
7.405154750000000000e+09	2.290436399999999997e-03	-7.623654500000000278e-03
7.405156875000000000e+09	3.423784500000000199e-03	-2.823663399999999830e-03
7.405159000000000000e+09	1.455595100000000100e-03	-4.467970400000000064e-03
7.405161125000000000e+09	2.683931999999999768e-04	-4.237961299999999827e-03
7.405163250000000000e+09	-3.404777000000000216e-04	-7.353864400000000023e-03
7.405165375000000000e+09	-1.381974000000000006e-03	-1.485142600000000047e-03
7.405167500000000000e+09	1.686768599999999936e-03	-5.707435099999999886e-03
7.405169625000000000e+09	4.429548400000000302e-03	-6.727246400000000230e-03
7.405171750000000000e+09	1.807162800000000017e-03	-4.618349499999999629e-03
7.405173875000000000e+09	3.478968900000000124e-03	-9.252168300000000387e-03
7.405176000000000000e+09	2.030079900000000045e-03	-5.698267699999999721e-03
7.405178125000000000e+09	1.040389600000000058e-03	-9.349622900000000014e-03
7.405180250000000000e+09	1.272282499999999967e-03	-7.561820300000000016e-03
7.405182375000000000e+09	4.066356299999999806e-03	-4.977864200000000315e-03
7.405184500000000000e+09	1.276583900000000061e-03	-6.642344900000000420e-03
7.405186625000000000e+09	3.555280000000000072e-03	-4.901405799999999577e-03
7.405188750000000000e+09	-2.382013899999999972e-03	-5.118276700000000401e-03
7.405190875000000000e+09	4.481833000000000171e-03	-8.076679700000000475e-03
7.405193000000000000e+09	-1.972506399999999875e-03	-5.350778399999999747e-03
7.405195125000000000e+09	3.038769999999999774e-04	-3.272944500000000024e-03
7.405197250000000000e+09	1.366402899999999941e-03	-1.094764319999999916e-02
7.405199375000000000e+09	2.465365299999999846e-03	-4.241362200000000325e-03
7.405201500000000000e+09	3.300691599999999899e-03	-3.838095499999999872e-03
7.405203625000000000e+09	2.622643400000000159e-03	-4.519720500000000245e-03
7.405205750000000000e+09	-1.469265300000000083e-03	-2.924778199999999908e-03
7.405207875000000000e+09	-6.007549999999999766e-05	-4.182449300000000078e-03
7.405210000000000000e+09	1.432221600000000003e-03	-3.657300999999999955e-03
7.405212125000000000e+09	5.028769999999999898e-04	-6.512283100000000255e-03
7.405214250000000000e+09	-3.181831000000000199e-04	-7.617928999999999846e-03
7.405216375000000000e+09	9.195318999999999975e-04	-6.224550700000000374e-03
7.405218500000000000e+09	-8.829038000000000424e-04	-7.414343900000000195e-03
7.405220625000000000e+09	1.511832299999999948e-03	-3.427598699999999821e-03
7.405222750000000000e+09	5.731107200000000110e-03	-7.167157799999999794e-03
7.405224875000000000e+09	1.855390499999999901e-03	-3.141472099999999788e-03
7.405227000000000000e+09	1.493671399999999937e-03	-9.235003400000000445e-03
7.405229125000000000e+09	1.504338600000000017e-03	-1.665166000000000042e-04
7.405231250000000000e+09	-9.932700000000000632e-06	-2.363850600000000010e-03
7.405233375000000000e+09	3.872479299999999954e-03	-6.167067600000000240e-03
7.405235500000000000e+09	-2.269190099999999956e-03	-3.930424600000000275e-03
7.405237625000000000e+09	2.939050999999999925e-04	-5.285922000000000190e-03
7.405239750000000000e+09	-6.312339000000000144e-04	-6.806632800000000233e-03
7.405241875000000000e+09	-2.407302799999999892e-03	-5.553534100000000195e-03
7.405244000000000000e+09	3.668254000000000133e-04	-1.085725570000000036e-02
7.405246125000000000e+09	-8.774256999999999499e-04	-6.489974800000000189e-03
7.405248250000000000e+09	1.080798599999999990e-03	-7.708822899999999596e-03
7.405250375000000000e+09	-1.065004000000000010e-04	-6.135095200000000200e-03
7.405252500000000000e+09	2.963100000000000057e-06	-7.463885899999999837e-03
7.405254625000000000e+09	1.960003200000000161e-03	-6.326618400000000135e-03
7.405256750000000000e+09	2.668539699999999959e-03	-4.581774000000000263e-03
7.405258875000000000e+09	3.968070100000000225e-03	-7.223603900000000189e-03
7.405261000000000000e+09	3.053634700000000188e-03	-4.233627000000000223e-03
7.405263125000000000e+09	5.700447999999999670e-04	-5.458253799999999989e-03
7.405265250000000000e+09	9.198216000000000161e-04	-9.108977299999999541e-03
7.405267375000000000e+09	-1.749380800000000088e-03	-7.039235599999999794e-03
7.405269500000000000e+09	-5.840224999999999670e-04	-4.685421700000000182e-03
7.405271625000000000e+09	2.946037999999999999e-04	-7.703815900000000015e-03
7.405273750000000000e+09	1.664744000000000065e-04	-6.066360699999999613e-03
7.405275875000000000e+09	2.424426300000000027e-03	-9.262829499999999938e-03
7.405278000000000000e+09	2.600135600000000151e-03	-6.167046600000000017e-03
7.405280125000000000e+09	-2.055130799999999903e-03	-1.193755959999999970e-02
7.405282250000000000e+09	6.865286000000000392e-04	-7.364210099999999974e-03
7.405284375000000000e+09	-1.375921599999999989e-03	-5.853520299999999746e-03
7.405286500000000000e+09	7.789907999999999685e-04	-7.381154800000000286e-03
7.405288625000000000e+09	4.359386999999999941e-04	-5.861637999999999744e-03
7.405290750000000000e+09	4.083931800000000119e-03	-7.975141300000000363e-03
7.405292875000000000e+09	2.211911000000000107e-04	-6.998928800000000019e-03
7.405295000000000000e+09	-6.183262999999999824e-04	-1.943553300000000093e-03
7.405297125000000000e+09	1.046854500000000011e-03	-5.037603699999999678e-03
7.405299250000000000e+09	1.058580300000000040e-03	-4.700082700000000197e-03
7.405301375000000000e+09	5.774633799999999775e-03	-3.492572199999999846e-03
7.405303500000000000e+09	1.318900000000000129e-04	-3.224001599999999981e-03
7.405305625000000000e+09	2.857359700000000093e-03	-6.217382599999999801e-03
7.405307750000000000e+09	-8.988356000000000514e-04	-5.772110399999999704e-03
7.405309875000000000e+09	1.519794600000000081e-03	-9.083665799999999721e-03
7.405312000000000000e+09	4.487113200000000107e-03	-6.467904400000000151e-03
7.405314125000000000e+09	2.800380999999999791e-03	-7.051427499999999605e-03
7.405316250000000000e+09	3.951779000000000099e-04	-3.536123999999999865e-03
7.405318375000000000e+09	8.065168000000000163e-04	-6.293440800000000244e-03
7.405320500000000000e+09	-1.278505600000000081e-03	-7.214874399999999730e-03
7.405322625000000000e+09	-4.351108000000000016e-04	-5.855044900000000094e-03
7.405324750000000000e+09	-1.193874000000000015e-04	-1.554169200000000061e-03
7.405326875000000000e+09	8.234539999999999937e-05	-4.597555199999999766e-03
7.405329000000000000e+09	2.712731800000000183e-03	-3.770526299999999841e-03
7.405331125000000000e+09	-7.328652000000000387e-04	-2.368325299999999786e-03
7.405333250000000000e+09	-1.027587000000000026e-04	-4.092792599999999816e-03
7.405335375000000000e+09	2.098981399999999900e-03	-4.026109200000000006e-03
7.405337500000000000e+09	2.368183399999999970e-03	-1.420563699999999926e-03
7.405339625000000000e+09	-3.641696000000000039e-04	-3.671414500000000185e-03
7.405341750000000000e+09	1.530550299999999982e-03	-3.074715500000000171e-03
7.405343875000000000e+09	-2.441185499999999967e-03	-5.330477200000000200e-03
7.405346000000000000e+09	1.115754100000000085e-03	-7.994003799999999799e-03
7.405348125000000000e+09	-7.450363000000000211e-04	-3.382849299999999941e-03
7.405350250000000000e+09	4.655835900000000402e-03	-7.046135499999999982e-03
7.405352375000000000e+09	-2.415501999999999927e-03	-8.997628900000000443e-03
7.405354500000000000e+09	2.996175800000000066e-03	-2.657175099999999936e-03
7.405356625000000000e+09	1.828986400000000030e-03	-6.685472599999999800e-03
7.405358750000000000e+09	-7.465316999999999526e-04	-8.083339099999999749e-03
7.405360875000000000e+09	1.298934799999999909e-03	-4.288188800000000342e-03
7.405363000000000000e+09	3.336057500000000082e-03	-4.093904100000000240e-03
7.405365125000000000e+09	3.190537600000000005e-03	-8.005489200000000249e-03
7.405367250000000000e+09	1.439484399999999909e-03	-2.628304200000000212e-03
7.405369375000000000e+09	-6.434373999999999866e-04	2.238314300000000031e-03
7.405371500000000000e+09	-9.617742999999999778e-04	-5.101042800000000349e-03
7.405373625000000000e+09	2.001273899999999901e-03	-3.766704999999999966e-03
7.405375750000000000e+09	1.188154500000000030e-03	-3.363761299999999937e-03
7.405377875000000000e+09	2.280342600000000077e-03	-5.511004800000000176e-03
7.405380000000000000e+09	-1.188751299999999929e-03	-3.969499199999999665e-03
7.405382125000000000e+09	1.578072600000000013e-03	-4.615311300000000082e-03
7.405384250000000000e+09	-6.200474899999999963e-03	-6.949601000000000346e-04
7.405386375000000000e+09	1.792861300000000080e-03	-4.681176500000000171e-03
7.405388500000000000e+09	-3.021058499999999813e-03	-5.446902099999999594e-03
7.405390625000000000e+09	9.792102999999999918e-04	-1.208493109999999975e-02
7.405392750000000000e+09	-8.444586999999999927e-04	-4.955522599999999736e-03
7.405394875000000000e+09	-2.184897000000000098e-04	-7.731528500000000269e-03
7.405397000000000000e+09	2.831455000000000083e-03	-4.981360300000000317e-03
7.405399125000000000e+09	-1.540370799999999946e-03	-4.207621600000000135e-03
7.405401250000000000e+09	4.124522200000000326e-03	-5.627102699999999950e-03
7.405403375000000000e+09	8.457182999999999628e-04	-5.433840100000000145e-03
7.405405500000000000e+09	-1.870218600000000085e-03	-3.516783199999999956e-03
7.405407625000000000e+09	-1.768854199999999894e-03	-4.580991999999999877e-03
7.405409750000000000e+09	-3.377847599999999999e-03	-9.995136000000000385e-04
7.405411875000000000e+09	6.907965900000000159e-03	-4.233285399999999962e-03
7.405414000000000000e+09	1.347361000000000045e-03	-4.871992000000000336e-03
7.405416125000000000e+09	3.195862099999999869e-03	-5.292082600000000241e-03
7.405418250000000000e+09	2.301719800000000087e-03	-8.732902699999999657e-03
7.405420375000000000e+09	-1.067675300000000020e-03	-6.348606599999999898e-03
7.405422500000000000e+09	1.995523600000000120e-03	-3.401882699999999975e-03
7.405424625000000000e+09	-1.873761800000000102e-03	-8.147947200000000070e-03
7.405426750000000000e+09	1.305825899999999914e-03	-5.640606200000000334e-03
7.405428875000000000e+09	1.246557999999999933e-04	-3.570711500000000021e-03
7.405431000000000000e+09	3.467186900000000013e-03	-7.139632199999999991e-03
7.405433125000000000e+09	-1.393201300000000047e-03	-5.387580999999999794e-03
7.405435250000000000e+09	-6.580644000000000077e-04	-3.992106300000000142e-03
7.405437375000000000e+09	4.466103000000000022e-04	-2.316067000000000212e-03
7.405439500000000000e+09	3.138349600000000118e-03	-5.352965099999999928e-03
7.405441625000000000e+09	2.738201000000000111e-04	-5.575134399999999955e-03
7.405443750000000000e+09	1.482923400000000060e-03	-2.391126400000000065e-03
7.405445875000000000e+09	-2.632094699999999992e-03	-6.010687399999999937e-03
7.405448000000000000e+09	-1.477939400000000082e-03	-8.407277700000000131e-03
7.405450125000000000e+09	-1.250258100000000002e-03	-3.421321399999999874e-03
7.405452250000000000e+09	-1.805935600000000037e-03	-6.545345400000000292e-03
7.405454375000000000e+09	-4.721913000000000000e-04	-6.330507600000000179e-03
7.405456500000000000e+09	3.519852400000000100e-03	-1.003022989999999975e-02
7.405458625000000000e+09	3.707539499999999884e-03	-5.932326899999999792e-03
7.405460750000000000e+09	-6.959038000000000506e-04	-2.874665399999999909e-03
7.405462875000000000e+09	2.570217000000000074e-03	-5.992924999999999641e-03
7.405465000000000000e+09	1.263699500000000026e-03	-7.358192799999999784e-03
7.405467125000000000e+09	2.630222499999999939e-03	-6.405700999999999756e-03
7.405469250000000000e+09	-2.343725599999999833e-03	-7.383846200000000401e-03
7.405471375000000000e+09	-3.157082500000000028e-03	-5.922070699999999570e-03
7.405473500000000000e+09	1.891510099999999927e-03	-1.895843199999999989e-03
7.405475625000000000e+09	3.251377100000000207e-03	-6.136866599999999707e-03
7.405477750000000000e+09	7.216689999999999509e-05	-7.434176800000000078e-03
7.405479875000000000e+09	-9.270301000000000539e-04	-3.018871499999999965e-03
7.405482000000000000e+09	2.794477100000000106e-03	-2.237829800000000046e-03
7.405484125000000000e+09	-1.061334799999999988e-03	-5.390740899999999641e-03
7.405486250000000000e+09	2.330068000000000135e-04	-9.316489000000000714e-03
7.405488375000000000e+09	2.170073000000000119e-04	-4.432870200000000281e-03
7.405490500000000000e+09	-2.019734899999999899e-03	-6.864653299999999743e-03
7.405492625000000000e+09	-6.933526999999999659e-04	-8.358804600000000265e-03
7.405494750000000000e+09	3.063138200000000040e-03	-9.440652500000000502e-03
7.405496875000000000e+09	-1.122413999999999991e-04	-5.518791700000000126e-03
7.405499000000000000e+09	2.554824399999999947e-03	-5.896248100000000235e-03
7.405501125000000000e+09	2.269489400000000105e-03	-2.314052400000000172e-03
7.405503250000000000e+09	-4.591418800000000161e-03	-1.661197099999999925e-03
7.405505375000000000e+09	-2.809735099999999871e-03	-4.701645899999999829e-03
7.405507500000000000e+09	-9.685540000000000512e-04	-3.347303499999999994e-03
7.405509625000000000e+09	-9.342139999999999971e-05	-2.320478300000000053e-03
7.405511750000000000e+09	-2.015528999999999845e-03	-5.140020000000000298e-05
7.405513875000000000e+09	2.762930600000000018e-03	-2.951722099999999974e-03
7.405516000000000000e+09	1.762229599999999910e-03	-8.144892199999999999e-03
7.405518125000000000e+09	3.352481899999999911e-03	-2.675082999999999975e-03
7.405520250000000000e+09	1.172445000000000041e-03	-7.478066799999999632e-03
7.405522375000000000e+09	5.620727100000000309e-03	-2.354395400000000148e-03
7.405524500000000000e+09	1.248050000000000019e-05	-2.597360999999999854e-03
7.405526625000000000e+09	-5.303797000000000069e-04	-8.816077699999999226e-03
7.405528750000000000e+09	-2.011105600000000215e-03	-3.934367999999999720e-03
7.405530875000000000e+09	8.423144999999999938e-04	-1.481682700000000030e-03
7.405533000000000000e+09	-2.815670000000000098e-05	-3.948012899999999749e-03
7.405535125000000000e+09	-8.664760999999999557e-04	-8.433047000000000806e-03
7.405537250000000000e+09	3.028431299999999934e-03	-7.421064899999999659e-03
7.405539375000000000e+09	-6.318138000000000053e-04	-6.619365900000000191e-03
7.405541500000000000e+09	-8.339498000000000093e-04	-4.277638400000000410e-03
7.405543625000000000e+09	3.865033000000000032e-04	-7.630724499999999924e-03
7.405545750000000000e+09	3.113980499999999870e-03	-5.388143800000000025e-03
7.405547875000000000e+09	1.478791199999999985e-03	-3.854499300000000048e-03
7.405550000000000000e+09	-3.804305899999999886e-03	-5.576250599999999814e-03
7.405552125000000000e+09	1.517912599999999938e-03	-2.949159700000000047e-03
7.405554250000000000e+09	3.830200800000000023e-03	-3.133020900000000122e-03
7.405556375000000000e+09	-2.872983300000000063e-03	-7.720916799999999816e-03
7.405558500000000000e+09	-2.074970999999999890e-04	-2.054030899999999965e-03
7.405560625000000000e+09	1.716760400000000037e-03	-2.372946600000000114e-03
7.405562750000000000e+09	4.215652999999999870e-04	-3.180376999999999857e-03
7.405564875000000000e+09	-9.141779000000000484e-04	-5.700863199999999659e-03
7.405567000000000000e+09	4.490289999999999863e-04	-2.753657000000000066e-03
7.405569125000000000e+09	-2.262407100000000167e-03	-7.113242999999999996e-03
7.405571250000000000e+09	-4.170413199999999619e-03	-2.607325699999999986e-03
7.405573375000000000e+09	-6.651756000000000422e-04	-6.672523399999999785e-03
7.405575500000000000e+09	1.296054999999999950e-03	-1.629866300000000099e-03
7.405577625000000000e+09	5.277053299999999968e-03	-4.864822199999999618e-03
7.405579750000000000e+09	-1.772772099999999967e-03	-5.282645699999999681e-03
7.405581875000000000e+09	-7.448030000000000449e-04	-2.622493799999999885e-03
7.405584000000000000e+09	-3.563697199999999853e-03	-5.842149500000000210e-03
7.405586125000000000e+09	-1.288611299999999939e-03	-5.245607099999999821e-03
7.405588250000000000e+09	2.319823700000000176e-03	-6.929748999999999805e-03
7.405590375000000000e+09	1.443188100000000014e-03	-6.376548699999999917e-03
7.405592500000000000e+09	1.835889000000000000e-04	-4.467152700000000080e-03
7.405594625000000000e+09	2.509538999999999867e-03	-3.089161500000000161e-03
7.405596750000000000e+09	-1.319320699999999933e-03	-4.343508000000000265e-03
7.405598875000000000e+09	-5.167823999999999465e-04	-4.061874000000000040e-03
7.405601000000000000e+09	1.206381299999999962e-03	-8.764430499999999874e-03
7.405603125000000000e+09	-3.346805400000000142e-03	-6.109978200000000352e-03
7.405605250000000000e+09	4.894794000000000488e-04	-5.317996900000000055e-03
7.405607375000000000e+09	-1.443798000000000097e-04	-4.791305600000000248e-03
7.405609500000000000e+09	-1.282823000000000101e-04	-4.479913500000000035e-03
7.405611625000000000e+09	-1.368496099999999896e-03	-3.890605100000000139e-03
7.405613750000000000e+09	-2.927956700000000027e-03	-7.263873199999999752e-03
7.405615875000000000e+09	2.029665300000000044e-03	-3.625218800000000203e-03
7.405618000000000000e+09	2.538370500000000033e-03	-6.931413699999999789e-03
7.405620125000000000e+09	-3.239950000000000040e-05	-7.931765099999999943e-03
7.405622250000000000e+09	2.932238399999999908e-03	-7.599662299999999752e-03
7.405624375000000000e+09	-1.226699999999999893e-04	-5.759708599999999873e-03
7.405626500000000000e+09	-8.773369999999999520e-04	-3.978951900000000409e-03
7.405628625000000000e+09	-5.061238099999999622e-03	-4.363553400000000186e-03
7.405630750000000000e+09	2.028601599999999873e-03	-4.649066399999999578e-03
7.405632875000000000e+09	-6.208690000000000216e-04	-1.023291739999999950e-02
7.405635000000000000e+09	-3.570029100000000205e-03	6.707981000000000447e-04
7.405637125000000000e+09	1.116618900000000084e-03	-5.572079800000000020e-03
7.405639250000000000e+09	-3.558910800000000037e-03	-7.386614399999999817e-03
7.405641375000000000e+09	5.189726500000000145e-03	-2.901135200000000067e-03
7.405643500000000000e+09	-1.928653399999999928e-03	-3.227927800000000066e-03
7.405645625000000000e+09	-5.393864000000000167e-04	-3.769930500000000066e-03
7.405647750000000000e+09	-2.135647000000000120e-04	-1.578062999999999992e-03
7.405649875000000000e+09	-2.772351199999999790e-03	-6.561595299999999596e-03
7.405652000000000000e+09	3.301029000000000138e-04	-7.161644400000000132e-03
7.405654125000000000e+09	2.258059999999999993e-04	-8.518728799999999990e-03
7.405656250000000000e+09	-8.250229999999999782e-05	-3.137216300000000065e-03
7.405658375000000000e+09	-2.610772199999999987e-03	-5.057859500000000223e-03
7.405660500000000000e+09	2.972408299999999837e-03	-8.243999999999999335e-06
7.405662625000000000e+09	-5.146283000000000411e-04	-4.096193899999999583e-03
7.405664750000000000e+09	8.525050000000000650e-05	-6.051455300000000391e-03
7.405666875000000000e+09	-2.192330000000000147e-03	-4.067792199999999830e-03
7.405669000000000000e+09	-5.098261999999999673e-04	-3.996531999999999689e-03
7.405671125000000000e+09	-1.448943399999999982e-03	-5.075481399999999879e-03
7.405673250000000000e+09	4.732507199999999581e-03	-3.138736899999999917e-03
7.405675375000000000e+09	1.461180999999999927e-04	-4.716843499999999814e-03
7.405677500000000000e+09	-1.160887200000000055e-03	-7.128929800000000268e-03
7.405679625000000000e+09	1.833608399999999946e-03	-5.273911699999999855e-03
7.405681750000000000e+09	-1.819831799999999892e-03	-7.608272899999999998e-03
7.405683875000000000e+09	1.075780000000000058e-04	-2.594900499999999981e-03
7.405686000000000000e+09	-2.376871899999999892e-03	-3.544562399999999936e-03
7.405688125000000000e+09	1.372288000000000099e-04	-1.044821999999999938e-04
7.405690250000000000e+09	-2.356734300000000188e-03	-6.661280500000000063e-03
7.405692375000000000e+09	-1.176500700000000050e-03	-2.383990700000000133e-03
7.405694500000000000e+09	-8.887451999999999895e-04	-3.663598699999999920e-03
7.405696625000000000e+09	1.969304299999999949e-03	-2.775122200000000160e-03
7.405698750000000000e+09	-2.231046100000000018e-03	-4.812589100000000397e-03
7.405700875000000000e+09	3.545386299999999866e-03	-5.688793900000000021e-03
7.405703000000000000e+09	-2.643864499999999847e-03	-7.329450799999999780e-03
7.405705125000000000e+09	-1.372977600000000039e-03	-6.528711300000000078e-03
7.405707250000000000e+09	-6.821391000000000433e-04	-7.040124499999999771e-03
7.405709375000000000e+09	1.245533100000000091e-03	-5.188492599999999615e-03
7.405711500000000000e+09	-2.932437600000000182e-03	-2.036589399999999810e-03
7.405713625000000000e+09	-5.952803399999999703e-03	-8.853649499999999631e-03
7.405715750000000000e+09	-2.969615399999999805e-03	-4.628570400000000390e-03
7.405717875000000000e+09	-2.256272699999999944e-03	-6.207926300000000432e-03
7.405720000000000000e+09	2.212593000000000112e-04	-6.308988300000000285e-03
7.405722125000000000e+09	-2.425638500000000097e-03	-8.069693600000000383e-03
7.405724250000000000e+09	3.746739600000000003e-03	-8.894576600000000596e-03
7.405726375000000000e+09	2.505358400000000201e-03	-4.513209100000000265e-03
7.405728500000000000e+09	-2.291275800000000008e-03	-2.936057299999999832e-03
7.405730625000000000e+09	-1.657539100000000008e-03	-3.251711899999999884e-03
7.405732750000000000e+09	-1.914467599999999979e-03	-4.794685199999999987e-03
7.405734875000000000e+09	-2.959368000000000090e-04	-5.171082799999999861e-03
7.405737000000000000e+09	-3.132253299999999876e-03	-7.935598699999999242e-03
7.405739125000000000e+09	5.693498800000000235e-03	-8.977247100000000299e-03
7.405741250000000000e+09	-1.262298100000000057e-03	-4.264094000000000391e-03
7.405743375000000000e+09	-1.005149600000000091e-03	-6.492854600000000365e-03
7.405745500000000000e+09	-3.550297000000000001e-04	-6.292945900000000183e-03
7.405747625000000000e+09	-6.814472000000000237e-04	-6.877869099999999597e-03
7.405749750000000000e+09	5.347311999999999465e-04	-7.508090900000000123e-03
7.405751875000000000e+09	1.328600199999999945e-03	-3.808443300000000000e-03
7.405754000000000000e+09	-1.032893499999999959e-03	-5.191990399999999763e-03
7.405756125000000000e+09	3.929803999999999958e-04	-4.697973999999999727e-03
7.405758250000000000e+09	-4.431138000000000264e-03	-6.252490700000000109e-03
7.405760375000000000e+09	6.245952699999999733e-03	-7.400418800000000026e-03
7.405762500000000000e+09	-3.913495399999999610e-03	-4.059133900000000232e-03
7.405764625000000000e+09	-2.016867999999999949e-04	-9.841014299999999160e-03
7.405766750000000000e+09	-2.617237200000000191e-03	-5.068099500000000125e-03
7.405768875000000000e+09	-2.595712999999999927e-03	-6.077745100000000317e-03
7.405771000000000000e+09	2.804187000000000194e-04	-8.245875200000000668e-03
7.405773125000000000e+09	3.223322800000000092e-03	-2.417064500000000189e-03
7.405775250000000000e+09	6.876383999999999925e-04	-7.215799600000000376e-03
7.405777375000000000e+09	4.120883000000000098e-04	-3.812334799999999961e-03
7.405779500000000000e+09	2.249810000000000064e-05	-5.959215900000000218e-03
7.405781625000000000e+09	-5.744228599999999865e-03	-6.293215300000000109e-03
7.405783750000000000e+09	6.877403999999999722e-04	-4.681557200000000321e-03
7.405785875000000000e+09	-8.150486999999999880e-04	-4.643282200000000380e-03
7.405788000000000000e+09	4.050589000000000056e-04	-7.477010299999999748e-03
7.405790125000000000e+09	3.286161299999999785e-03	-3.954559600000000057e-03
7.405792250000000000e+09	-3.260070999999999911e-04	-2.742090799999999818e-03
7.405794375000000000e+09	-2.504063500000000119e-03	-4.267927500000000089e-03
7.405796500000000000e+09	-2.371509700000000182e-03	-6.403345999999999864e-03
7.405798625000000000e+09	1.966322099999999982e-03	-3.076573699999999786e-03
7.405800750000000000e+09	2.474040099999999867e-03	-6.108468799999999983e-03
7.405802875000000000e+09	-1.855204399999999974e-03	-7.900552300000000458e-03
7.405805000000000000e+09	1.738701600000000036e-03	-3.234700300000000178e-03
7.405807125000000000e+09	-6.580810000000000305e-04	-3.528133499999999874e-03
7.405809250000000000e+09	-4.289819099999999871e-03	-9.816173100000000554e-03
7.405811375000000000e+09	-2.038175299999999811e-03	-9.748759999999999544e-04
7.405813500000000000e+09	-2.661961599999999786e-03	-6.163222500000000055e-03
7.405815625000000000e+09	1.931264499999999981e-03	-2.128303299999999895e-03
7.405817750000000000e+09	1.212975000000000034e-03	-3.289268399999999842e-03
7.405819875000000000e+09	3.658865000000000077e-04	-3.447756699999999976e-03
7.405822000000000000e+09	-5.290228999999999591e-04	-5.682321100000000194e-03
7.405824125000000000e+09	2.558678799999999833e-03	-2.493534200000000010e-03
7.405826250000000000e+09	-4.336366599999999689e-03	-7.109573800000000381e-03
7.405828375000000000e+09	-9.950269000000000735e-04	-5.443091199999999796e-03
7.405830500000000000e+09	-3.408783800000000138e-03	-4.084767999999999906e-03
7.405832625000000000e+09	-2.535134499999999822e-03	-4.452202300000000258e-03
7.405834750000000000e+09	1.262305399999999944e-03	-5.480518700000000000e-03
7.405836875000000000e+09	2.425317000000000184e-03	-3.383184200000000086e-03
7.405839000000000000e+09	1.560985100000000011e-03	-6.319466499999999883e-03
7.405841125000000000e+09	-2.455914999999999813e-04	-5.001818899999999762e-03
7.405843250000000000e+09	-1.175545999999999942e-04	-5.379149899999999609e-03
7.405845375000000000e+09	1.180069699999999975e-03	-8.767078600000000402e-03
7.405847500000000000e+09	-2.028464800000000061e-03	-9.859695300000000454e-03
7.405849625000000000e+09	-2.160060699999999910e-03	-8.492740999999999832e-03
7.405851750000000000e+09	-1.281298200000000010e-03	-6.645195399999999711e-03
7.405853875000000000e+09	-8.005394600000000083e-03	-5.113933699999999999e-03
7.405856000000000000e+09	-6.276473299999999964e-03	-5.987003000000000290e-03
7.405858125000000000e+09	2.159151199999999847e-03	-1.952676499999999931e-03
7.405860250000000000e+09	1.761479700000000061e-03	-4.044256799999999819e-03
7.405862375000000000e+09	3.443990000000000072e-04	-6.426016199999999741e-03
7.405864500000000000e+09	-1.335998000000000079e-04	-3.945419799999999762e-03
7.405866625000000000e+09	-1.979296299999999849e-03	-3.674310899999999949e-03
7.405868750000000000e+09	-1.554671999999999944e-04	-4.148831599999999731e-03
7.405870875000000000e+09	-1.577710599999999951e-03	-4.163591399999999609e-03
7.405873000000000000e+09	-1.609808199999999967e-03	-6.715355899999999982e-03
7.405875125000000000e+09	-2.310883000000000013e-04	-2.852075199999999991e-03
7.405877250000000000e+09	-3.176350899999999967e-03	-5.558974500000000117e-03
7.405879375000000000e+09	4.530765999999999982e-04	-3.414907100000000046e-03
7.405881500000000000e+09	4.338909999999999967e-04	-1.332525800000000041e-03
7.405883625000000000e+09	1.941531100000000063e-03	-6.065953399999999933e-03
7.405885750000000000e+09	-5.002378000000000033e-04	-2.546553799999999850e-03
7.405887875000000000e+09	-1.942017000000000092e-03	-8.257737200000000305e-03
7.405890000000000000e+09	9.200125999999999877e-04	-2.703337599999999872e-03
7.405892125000000000e+09	-4.618231900000000292e-03	-7.748452700000000096e-03
7.405894250000000000e+09	5.785203000000000047e-04	-3.650407100000000078e-03
7.405896375000000000e+09	-2.135749799999999993e-03	-3.455724700000000101e-03
7.405898500000000000e+09	-5.117001099999999962e-03	-3.067720800000000182e-03
7.405900625000000000e+09	-3.108499999999999800e-05	-6.537759199999999826e-03
7.405902750000000000e+09	-3.705541000000000238e-04	-3.718358399999999869e-03
7.405904875000000000e+09	-6.507490000000000269e-05	-6.429281299999999900e-03
7.405907000000000000e+09	-9.051817000000000413e-04	-6.424961600000000071e-03
7.405909125000000000e+09	-3.809678099999999970e-03	-5.664643999999999929e-03
7.405911250000000000e+09	-1.535184100000000018e-03	-4.863701899999999662e-03
7.405913375000000000e+09	-2.699413300000000002e-03	-6.976670100000000388e-03
7.405915500000000000e+09	-2.718531900000000032e-03	-1.617638999999999926e-03
7.405917625000000000e+09	-3.603418199999999794e-03	-3.885727500000000015e-03
7.405919750000000000e+09	1.240206999999999898e-04	-4.455128800000000312e-03
7.405921875000000000e+09	-1.311022000000000012e-03	-1.955838499999999845e-03
7.405924000000000000e+09	2.958493999999999881e-03	-9.749095600000000361e-03
7.405926125000000000e+09	-2.245304300000000152e-03	4.565638999999999809e-04
7.405928250000000000e+09	-2.555167499999999852e-03	-1.125739200000000018e-03
7.405930375000000000e+09	-4.855293899999999982e-03	-4.025735699999999709e-03
7.405932500000000000e+09	-1.828638700000000073e-03	-4.798439699999999634e-03
7.405934625000000000e+09	2.147281599999999787e-03	-6.115238200000000339e-03
7.405936750000000000e+09	-1.308293799999999925e-03	-7.038385099999999901e-03
7.405938875000000000e+09	-2.667832099999999790e-03	-1.903488299999999940e-03
7.405941000000000000e+09	-1.843744100000000059e-03	-5.996525100000000413e-03
7.405943125000000000e+09	-3.107259499999999973e-03	-4.701422499999999977e-03
7.405945250000000000e+09	-4.562966199999999965e-03	-5.732600200000000090e-03
7.405947375000000000e+09	-1.128652599999999942e-03	-6.182693199999999591e-03
7.405949500000000000e+09	-2.037114000000000025e-04	-4.856266300000000244e-03
7.405951625000000000e+09	-2.828753199999999891e-03	-3.926226100000000142e-03
7.405953750000000000e+09	-3.697158299999999970e-03	-7.605895500000000274e-03
7.405955875000000000e+09	1.925281000000000041e-04	-6.593743200000000068e-03
7.405958000000000000e+09	-2.397959000000000126e-04	-5.541639200000000182e-03
7.405960125000000000e+09	-5.738027000000000145e-04	-4.376472200000000243e-03
7.405962250000000000e+09	-4.231623000000000329e-03	-4.964152299999999990e-03
7.405964375000000000e+09	4.252473000000000104e-04	-7.641840900000000311e-03
7.405966500000000000e+09	-2.797251900000000038e-03	-8.647444299999999459e-03
7.405968625000000000e+09	-2.452417000000000138e-04	-1.123438329999999936e-02
7.405970750000000000e+09	1.059791499999999985e-03	-7.789642299999999936e-03
7.405972875000000000e+09	-1.897423799999999917e-03	-1.967935799999999923e-03
7.405975000000000000e+09	-1.938283899999999936e-03	-2.320761000000000178e-03
7.405977125000000000e+09	-3.186019699999999809e-03	-7.397902599999999808e-03
7.405979250000000000e+09	-3.320508399999999929e-03	-5.897489500000000287e-03
7.405981375000000000e+09	1.873270000000000108e-05	-5.914432499999999586e-03
7.405983500000000000e+09	1.435095099999999981e-03	-5.834774600000000241e-03
7.405985625000000000e+09	3.385769999999999942e-05	-3.425281999999999979e-03
7.405987750000000000e+09	-3.099259599999999813e-03	-5.322905600000000376e-03
7.405989875000000000e+09	2.433393999999999965e-04	-4.791025400000000108e-03
7.405992000000000000e+09	-1.906141999999999993e-03	-6.842409300000000354e-03
7.405994125000000000e+09	-6.076034999999999596e-03	-1.075333400000000068e-03
7.405996250000000000e+09	-7.104789999999999446e-05	-1.371509199999999991e-03
7.405998375000000000e+09	-5.052905800000000169e-03	-4.131236699999999741e-03
7.406000500000000000e+09	1.587735999999999965e-03	-4.843328800000000316e-03
7.406002625000000000e+09	-3.751893999999999759e-04	-8.130475200000000791e-03
7.406004750000000000e+09	-3.200274300000000016e-03	-6.956668000000000053e-03
7.406006875000000000e+09	-4.427265700000000345e-03	-7.156347199999999603e-03
7.406009000000000000e+09	-5.508823000000000365e-04	-4.476383100000000045e-03
7.406011125000000000e+09	-3.322495799999999801e-03	-2.902310899999999833e-03
7.406013250000000000e+09	-1.507464800000000082e-03	-7.124922100000000147e-03
7.406015375000000000e+09	-9.846741999999999041e-04	-4.965012999999999892e-04
7.406017500000000000e+09	-2.549918100000000010e-03	-4.170210899999999589e-03
7.406019625000000000e+09	1.352037699999999966e-03	-1.027173009999999935e-02
7.406021750000000000e+09	-2.774492999999999838e-03	-3.317004299999999802e-03
7.406023875000000000e+09	-1.566508400000000013e-03	-4.903837999999999774e-03
7.406026000000000000e+09	-5.410109999999999876e-04	-6.487558099999999640e-03
7.406028125000000000e+09	-6.754585000000000450e-04	-6.825465400000000314e-03
7.406030250000000000e+09	-1.883726899999999937e-03	-3.454675500000000104e-03
7.406032375000000000e+09	-3.866159100000000123e-03	-3.495542800000000193e-03
7.406034500000000000e+09	-1.231860599999999974e-03	-3.331187599999999981e-03
7.406036625000000000e+09	-2.236645000000000213e-03	-1.113839400000000068e-03
7.406038750000000000e+09	1.484185799999999901e-03	-8.414646499999999321e-03
7.406040875000000000e+09	1.987352500000000126e-03	-2.521372799999999862e-03
7.406043000000000000e+09	4.190693599999999880e-03	-2.948812600000000079e-03
7.406045125000000000e+09	-3.626530999999999787e-04	-5.666462899999999588e-03
7.406047250000000000e+09	1.504526499999999907e-03	-4.548865400000000163e-03
7.406049375000000000e+09	-2.569893000000000177e-03	-1.827074300000000031e-03
7.406051500000000000e+09	-4.097043600000000070e-03	-6.356511000000000236e-04
7.406053625000000000e+09	-3.772658800000000187e-03	-4.642649300000000097e-03
7.406055750000000000e+09	-3.071937099999999879e-03	-7.835559799999999159e-03
7.406057875000000000e+09	-8.809122999999999650e-04	-7.834858499999999837e-03
7.406060000000000000e+09	2.675199699999999872e-03	-4.378254100000000294e-03
7.406062125000000000e+09	1.796991099999999987e-03	-8.961499000000000374e-04
7.406064250000000000e+09	6.113855000000000504e-04	-2.401521000000000211e-03
7.406066375000000000e+09	-3.815986099999999978e-03	-2.688044200000000179e-03
7.406068500000000000e+09	3.860533999999999993e-04	-6.562072399999999660e-03
7.406070625000000000e+09	-6.554403900000000185e-03	-4.555572899999999793e-03
7.406072750000000000e+09	1.581478899999999967e-03	-4.915780399999999939e-03
7.406074875000000000e+09	-3.393605000000000059e-03	-7.101789499999999582e-03
7.406077000000000000e+09	-1.514846499999999985e-03	-3.295852699999999962e-03
7.406079125000000000e+09	-4.580922999999999983e-04	-4.822985299999999788e-03
7.406081250000000000e+09	-4.013965999999999780e-04	-8.913184299999999879e-03
7.406083375000000000e+09	3.113073000000000055e-03	-2.711982200000000003e-03
7.406085500000000000e+09	-2.424083999999999961e-03	-3.526898699999999904e-03
7.406087625000000000e+09	-2.103362399999999816e-03	-2.916480899999999814e-03
7.406089750000000000e+09	-2.649271400000000054e-03	-6.473622200000000125e-03
7.406091875000000000e+09	-3.757739200000000026e-03	-5.812724600000000220e-03
7.406094000000000000e+09	-1.641556599999999949e-03	-8.557354700000000328e-03
7.406096125000000000e+09	1.132916400000000007e-03	-4.488590800000000040e-03
7.406098250000000000e+09	-6.533417000000000131e-04	-8.042735299999999310e-03
7.406100375000000000e+09	-1.459351499999999961e-03	-2.499643499999999914e-03
7.406102500000000000e+09	1.381001300000000076e-03	-5.872103000000000045e-03
7.406104625000000000e+09	-3.385635999999999919e-04	-8.015425600000000705e-03
7.406106750000000000e+09	-2.683664300000000204e-03	-4.812191399999999654e-03
7.406108875000000000e+09	8.050683999999999575e-04	-4.196257899999999985e-03
7.406111000000000000e+09	-7.098172000000000249e-04	-5.283735300000000010e-03
7.406113125000000000e+09	-3.478159499999999935e-03	-5.754746500000000424e-03
7.406115250000000000e+09	1.121060000000000071e-05	-4.280242200000000143e-03
7.406117375000000000e+09	1.370770999999999958e-04	-4.766166900000000373e-03
7.406119500000000000e+09	-1.057397799999999907e-03	-5.257301399999999951e-03
7.406121625000000000e+09	-8.341604999999999766e-04	-2.049398500000000189e-03
7.406123750000000000e+09	-3.912110800000000166e-03	-4.264973899999999901e-03
7.406125875000000000e+09	-2.781420499999999896e-03	-3.782429899999999786e-03
7.406128000000000000e+09	5.525766999999999571e-04	-3.299690399999999791e-03
7.406130125000000000e+09	2.863720599999999925e-03	-5.019705499999999911e-03
7.406132250000000000e+09	-1.020206299999999950e-03	-3.865754700000000130e-03
7.406134375000000000e+09	-2.517717200000000113e-03	-3.837371500000000182e-03
7.406136500000000000e+09	-1.636882799999999933e-03	-5.846666799999999768e-03
7.406138625000000000e+09	-1.211107299999999998e-03	-4.696564400000000430e-03
7.406140750000000000e+09	-1.133923900000000096e-03	-3.548317799999999890e-03
7.406142875000000000e+09	-2.715749899999999814e-03	-7.785740499999999932e-03
7.406145000000000000e+09	-1.489951300000000095e-03	-7.537405300000000162e-03
7.406147125000000000e+09	8.223930999999999646e-04	-5.714973600000000133e-03
7.406149250000000000e+09	-2.183328899999999878e-03	-7.556039900000000378e-03
7.406151375000000000e+09	-2.119436799999999989e-03	-3.749310000000000056e-03
7.406153500000000000e+09	-2.768012399999999953e-03	-1.542841600000000079e-03
7.406155625000000000e+09	-1.403469100000000105e-03	-5.499197299999999608e-03
7.406157750000000000e+09	-3.405559000000000168e-04	-4.110063399999999874e-03
7.406159875000000000e+09	-1.205126200000000009e-03	-4.130674400000000114e-03
7.406162000000000000e+09	-4.874264900000000421e-03	-3.270836400000000192e-03
7.406164125000000000e+09	-2.071854200000000212e-03	-3.210098499999999942e-03
7.406166250000000000e+09	-3.898623999999999840e-03	-3.897506299999999903e-03
7.406168375000000000e+09	1.780712999999999957e-03	-4.480985300000000365e-03
7.406170500000000000e+09	-2.908968400000000194e-03	-3.503857400000000115e-03
7.406172625000000000e+09	-4.689816200000000365e-03	-5.406474799999999928e-03
7.406174750000000000e+09	-9.890032000000000857e-04	-3.916151100000000128e-03
7.406176875000000000e+09	-2.281989400000000029e-03	-6.016109199999999588e-03
7.406179000000000000e+09	-8.299689999999999813e-05	-8.966634899999999242e-03
7.406181125000000000e+09	-8.874215999999999875e-04	-4.905764100000000426e-03
7.406183250000000000e+09	-3.924193000000000191e-04	-5.302237599999999780e-03
7.406185375000000000e+09	-3.759941199999999786e-03	-4.824332599999999957e-03
7.406187500000000000e+09	3.400780700000000187e-03	-5.031425200000000028e-03
7.406189625000000000e+09	-3.025430400000000096e-03	-3.559102800000000025e-03
7.406191750000000000e+09	-1.084502999999999899e-03	-7.292264999999999815e-04
7.406193875000000000e+09	-1.299013099999999938e-03	-7.696002199999999599e-03
7.406196000000000000e+09	-1.181810200000000003e-03	-5.461747799999999708e-03
7.406198125000000000e+09	-4.220491699999999631e-03	-3.867160399999999831e-03
7.406200250000000000e+09	2.558912999999999899e-03	-5.570162200000000098e-03
7.406202375000000000e+09	-2.296672500000000207e-03	-4.011572500000000312e-03
7.406204500000000000e+09	-3.865772799999999797e-03	-5.699428700000000111e-03
7.406206625000000000e+09	-5.512146800000000159e-03	-5.716568699999999802e-03
7.406208750000000000e+09	2.047439600000000061e-03	-3.088155600000000185e-03
7.406210875000000000e+09	-4.000195399999999929e-03	-6.355487600000000147e-03
7.406213000000000000e+09	-2.699869599999999911e-03	-4.895385799999999767e-03
7.406215125000000000e+09	3.467561499999999818e-03	-4.818607400000000061e-03
7.406217250000000000e+09	-2.297236499999999980e-03	-3.478204000000000148e-04
7.406219375000000000e+09	-1.819444199999999991e-03	-1.546949699999999959e-03
7.406221500000000000e+09	-8.779244000000000067e-04	-9.466446700000000561e-03
7.406223625000000000e+09	-1.150476899999999976e-03	-7.041424200000000189e-03
7.406225750000000000e+09	-1.875038099999999913e-03	-1.000993059999999955e-02
7.406227875000000000e+09	-5.198005500000000070e-03	-8.435388099999999861e-03
7.406230000000000000e+09	3.575579399999999873e-03	-6.024044699999999905e-03
7.406232125000000000e+09	-1.510776599999999904e-03	-6.580752999999999950e-03
7.406234250000000000e+09	-1.121525400000000089e-03	-2.787982799999999886e-03
7.406236375000000000e+09	-3.122522799999999810e-03	-7.903894499999999587e-03
7.406238500000000000e+09	-3.349746099999999834e-03	-1.089552900000000015e-03
7.406240625000000000e+09	-1.546635800000000036e-03	-4.317932000000000020e-03
7.406242750000000000e+09	-1.590440600000000027e-03	-2.186055399999999819e-03
7.406244875000000000e+09	-2.053332299999999829e-03	-9.083708899999999239e-03
7.406247000000000000e+09	2.743880599999999961e-03	-2.481994600000000158e-03
7.406249125000000000e+09	-3.140920399999999873e-03	-6.987667700000000162e-03
7.406251250000000000e+09	-6.392436999999999729e-04	-2.410582999999999997e-03
7.406253375000000000e+09	3.165957100000000093e-03	-5.070830299999999798e-03
7.406255500000000000e+09	-1.195761000000000019e-04	-8.755410300000000465e-03
7.406257625000000000e+09	-6.749370000000000196e-04	-5.229241299999999593e-03
7.406259750000000000e+09	-2.625860800000000099e-03	-6.840882500000000123e-03
7.406261875000000000e+09	1.227441799999999961e-03	-4.154064199999999915e-03
7.406264000000000000e+09	-8.252266999999999979e-04	-3.498764499999999864e-03
7.406266125000000000e+09	-3.656515999999999738e-04	-6.591703699999999777e-03
7.406268250000000000e+09	3.181198300000000201e-03	-8.157125899999999319e-03
7.406270375000000000e+09	1.021370000000000014e-05	-3.390423300000000150e-03
7.406272500000000000e+09	-2.808336999999999943e-04	-4.040710700000000113e-03
7.406274625000000000e+09	3.338212000000000015e-04	-4.884623000000000263e-03
7.406276750000000000e+09	-7.816344999999999717e-04	-5.021530599999999948e-03
7.406278875000000000e+09	-6.803513000000000399e-04	-1.790527799999999930e-03
7.406281000000000000e+09	-4.434577799999999716e-03	-5.761110199999999910e-03
7.406283125000000000e+09	-1.821277199999999903e-03	-4.840800299999999806e-03
7.406285250000000000e+09	5.469340000000000052e-04	-7.033062999999999988e-03
7.406287375000000000e+09	-2.089604200000000182e-03	-3.881551200000000080e-03
7.406289500000000000e+09	-2.654502100000000024e-03	-7.118396400000000061e-03
7.406291625000000000e+09	-4.176381199999999912e-03	-4.092829200000000153e-03
7.406293750000000000e+09	-1.768422699999999985e-03	-2.858401799999999836e-03
7.406295875000000000e+09	-2.776965599999999933e-03	-5.619674999999999757e-04
7.406298000000000000e+09	-2.718158500000000203e-03	-6.521869999999999924e-03
7.406300125000000000e+09	-4.823656699999999756e-03	-4.488177599999999649e-03
7.406302250000000000e+09	8.253816000000000191e-04	-4.899853699999999826e-03
7.406304375000000000e+09	1.203502300000000060e-03	-2.645140099999999852e-03
7.406306500000000000e+09	-2.605350499999999937e-03	-3.246023499999999961e-03
7.406308625000000000e+09	-4.724618199999999942e-03	-3.824617199999999842e-03
7.406310750000000000e+09	-4.583378499999999668e-03	-4.742505900000000031e-03
7.406312875000000000e+09	-1.237696300000000037e-03	-4.385702600000000208e-03
7.406315000000000000e+09	-3.260560999999999928e-03	-5.687345899999999774e-03
7.406317125000000000e+09	-8.732847000000000179e-04	-5.332284300000000171e-03
7.406319250000000000e+09	-2.148448399999999987e-03	-7.252134999999999831e-03
7.406321375000000000e+09	8.557073999999999583e-04	-2.265683399999999809e-03
7.406323500000000000e+09	-3.417846600000000196e-03	-6.284278899999999786e-03
7.406325625000000000e+09	-1.541805000000000042e-03	-3.190967299999999951e-03
7.406327750000000000e+09	3.631673000000000084e-04	-2.916445100000000182e-03
7.406329875000000000e+09	4.202645999999999877e-04	-4.206320399999999640e-03
7.406332000000000000e+09	1.556615199999999977e-03	-3.643289100000000110e-03
7.406334125000000000e+09	-3.879190299999999911e-03	-1.786449399999999986e-03
7.406336250000000000e+09	-1.783776200000000006e-03	-4.311714000000000345e-03
7.406338375000000000e+09	-3.749153999999999985e-04	-7.358238799999999857e-03
7.406340500000000000e+09	-4.090055999999999792e-04	1.712309000000000075e-04
7.406342625000000000e+09	-1.499228000000000019e-03	-3.721680800000000053e-03
7.406344750000000000e+09	-1.215485299999999975e-03	-2.950827699999999856e-03
7.406346875000000000e+09	2.493153599999999893e-03	-4.470121500000000248e-03
7.406349000000000000e+09	-3.260355099999999971e-03	-6.077565600000000255e-03
7.406351125000000000e+09	2.801716999999999793e-04	-3.697808700000000150e-03
7.406353250000000000e+09	-8.110548400000000546e-03	-5.024107100000000346e-03
7.406355375000000000e+09	-2.479297499999999835e-03	-8.461235399999999379e-03
7.406357500000000000e+09	3.339880000000000149e-04	-4.784853700000000175e-03
7.406359625000000000e+09	-2.787049499999999947e-03	-8.905544000000000264e-04
7.406361750000000000e+09	-7.912512000000000451e-04	-4.528958900000000336e-03
7.406363875000000000e+09	-7.693873999999999852e-04	-5.494474099999999660e-03
7.406366000000000000e+09	-2.449117099999999821e-03	-7.302140500000000103e-03
7.406368125000000000e+09	1.000219999999999988e-04	-3.993162700000000426e-03
7.406370250000000000e+09	-1.404071000000000008e-03	-2.868609199999999897e-03
7.406372375000000000e+09	-3.175907200000000017e-03	-3.448011899999999831e-03
7.406374500000000000e+09	7.522686999999999690e-04	-2.802944800000000194e-03
7.406376625000000000e+09	-2.224007300000000169e-03	-7.155980800000000426e-03
7.406378750000000000e+09	2.671411600000000042e-03	-3.663287999999999787e-03
7.406380875000000000e+09	-2.005365500000000009e-03	-5.603720799999999808e-03
7.406383000000000000e+09	-1.562087700000000003e-03	-3.883193000000000061e-03
7.406385125000000000e+09	-6.832996000000000469e-04	-1.295384799999999958e-03
7.406387250000000000e+09	-2.248971000000000054e-04	-6.653314599999999787e-03
7.406389375000000000e+09	-3.388494799999999980e-03	-1.894244800000000062e-03
7.406391500000000000e+09	-2.549074299999999800e-03	-7.033731599999999869e-03
7.406393625000000000e+09	-8.322720000000000031e-04	-8.335428900000000502e-03
7.406395750000000000e+09	-2.790024800000000162e-03	-5.808938100000000070e-03
7.406397875000000000e+09	1.035904200000000103e-03	-3.476129000000000111e-03
7.406400000000000000e+09	-6.262440999999999668e-03	-1.794373699999999953e-03
7.406402125000000000e+09	-1.136591699999999969e-03	-2.728910800000000029e-03
7.406404250000000000e+09	-1.701824000000000002e-03	-4.920782099999999881e-03
7.406406375000000000e+09	-4.965278600000000257e-03	-2.547295700000000006e-03
7.406408500000000000e+09	-9.880685000000001030e-04	-6.412379600000000374e-03
7.406410625000000000e+09	-4.797790000000000019e-04	-2.337399899999999860e-03
7.406412750000000000e+09	-7.440233000000000090e-04	-6.148302399999999723e-03
7.406414875000000000e+09	-5.011929200000000105e-03	-7.365082999999999699e-04
7.406417000000000000e+09	4.129336000000000269e-04	-4.131446000000000424e-03
7.406419125000000000e+09	-3.413717200000000208e-03	-1.656192500000000078e-03
7.406421250000000000e+09	-5.236427800000000368e-03	-2.322067699999999946e-03
7.406423375000000000e+09	1.485186799999999941e-03	-3.565232099999999810e-03
7.406425500000000000e+09	-8.850697999999999942e-04	-3.654679000000000087e-03
7.406427625000000000e+09	-2.990858700000000123e-03	-7.075470300000000039e-03
7.406429750000000000e+09	1.731172800000000062e-03	-8.285385500000000750e-03
7.406431875000000000e+09	-4.519599000000000012e-03	-4.738073399999999900e-03
7.406434000000000000e+09	1.639599000000000048e-03	-4.800582500000000023e-03
7.406436125000000000e+09	3.661259100000000075e-03	-8.199047200000000174e-03
7.406438250000000000e+09	-4.419030499999999743e-03	-3.194021400000000149e-03
7.406440375000000000e+09	-9.276755000000000461e-04	-2.883317499999999995e-03
7.406442500000000000e+09	5.250819999999999983e-05	-2.478403200000000185e-03
7.406444625000000000e+09	-2.330446099999999941e-03	-7.666363000000000040e-04
7.406446750000000000e+09	-5.995109600000000406e-03	-4.835642000000000239e-03
7.406448875000000000e+09	-2.728019500000000101e-03	-6.437045399999999883e-03
7.406451000000000000e+09	-5.369588100000000259e-03	-4.564119000000000162e-03
7.406453125000000000e+09	6.365226000000000304e-04	1.972175799999999896e-03
7.406455250000000000e+09	-3.246270400000000021e-03	-2.792774100000000072e-03
7.406457375000000000e+09	-3.420440700000000091e-03	6.527250999999999756e-04
7.406459500000000000e+09	-7.425210000000000013e-04	-3.768633700000000204e-03
7.406461625000000000e+09	-1.655240500000000050e-03	-4.346180100000000303e-03
7.406463750000000000e+09	2.785518399999999985e-03	-6.138366000000000135e-03
7.406465875000000000e+09	-5.851402500000000076e-03	-1.060324999999999983e-04
7.406468000000000000e+09	-3.605468799999999967e-03	-2.436364800000000164e-03
7.406470125000000000e+09	-4.958050200000000372e-03	-6.380956800000000401e-03
7.406472250000000000e+09	-2.138417899999999969e-03	-3.657579399999999915e-03
7.406474375000000000e+09	-4.342312699999999887e-03	-3.280803000000000105e-03
7.406476500000000000e+09	-3.741535099999999860e-03	-6.238703299999999626e-03
7.406478625000000000e+09	-7.775387999999999831e-04	-3.203852000000000089e-03
7.406480750000000000e+09	-8.108528400000000400e-03	-3.620072599999999991e-03
7.406482875000000000e+09	-2.578711400000000160e-03	-2.517426899999999999e-03
7.406485000000000000e+09	1.917170499999999896e-03	-5.978509499999999643e-03
7.406487125000000000e+09	-1.206169499999999945e-03	-5.506092599999999962e-03
7.406489250000000000e+09	-2.546973499999999856e-03	-1.833180700000000031e-03
7.406491375000000000e+09	-3.386227400000000037e-03	-4.821713699999999846e-03
7.406493500000000000e+09	-8.493612000000000427e-04	-6.529041799999999590e-03
7.406495625000000000e+09	-3.256837900000000147e-03	-4.459358899999999945e-03
7.406497750000000000e+09	1.964029999999999856e-03	-6.319679600000000126e-03
7.406499875000000000e+09	-1.803670799999999895e-03	-1.948183600000000021e-03
7.406502000000000000e+09	1.299858500000000043e-03	-9.461312700000000173e-03
7.406504125000000000e+09	-3.339075200000000011e-03	-5.733923699999999950e-03
7.406506250000000000e+09	2.502199999999999862e-05	-5.712931400000000222e-03
7.406508375000000000e+09	-2.268962800000000075e-03	-4.377367400000000200e-03
7.406510500000000000e+09	-6.769861000000000064e-04	-2.322284400000000117e-03
7.406512625000000000e+09	1.340751800000000108e-03	-5.335141300000000378e-03
7.406514750000000000e+09	-2.038104599999999988e-03	-2.946071000000000193e-03
7.406516875000000000e+09	-1.803432100000000029e-03	-3.518945999999999793e-03
7.406519000000000000e+09	-1.666456499999999924e-03	-3.115989999999999960e-05
7.406521125000000000e+09	-2.105323300000000192e-03	-3.442299599999999998e-03
7.406523250000000000e+09	-1.053784299999999986e-03	-1.385191700000000048e-03
7.406525375000000000e+09	-2.969640200000000022e-03	-2.050991999999999963e-04
7.406527500000000000e+09	3.264692799999999867e-03	-5.447030000000000058e-04
7.406529625000000000e+09	-4.234702000000000236e-04	-3.675462200000000068e-03
7.406531750000000000e+09	-1.130832800000000074e-03	-6.255771799999999654e-03
7.406533875000000000e+09	-4.413131000000000150e-04	-3.390220700000000018e-03
7.406536000000000000e+09	-6.088728699999999654e-03	-3.746462999999999790e-03
7.406538125000000000e+09	-4.920584500000000153e-03	-4.199185999999999717e-03
7.406540250000000000e+09	-4.067551400000000116e-03	-6.031296400000000363e-03
7.406542375000000000e+09	7.263817999999999577e-04	-3.334678700000000013e-03
7.406544500000000000e+09	-4.819494799999999961e-03	-5.442182200000000337e-03
7.406546625000000000e+09	-4.285568600000000221e-03	-2.002907999999999859e-03
7.406548750000000000e+09	-9.171103499999999631e-03	-7.838070200000000001e-03
7.406550875000000000e+09	-1.230143400000000085e-03	-2.695385900000000102e-03
7.406553000000000000e+09	-2.354938899999999870e-03	-4.040118500000000265e-03
7.406555125000000000e+09	1.383305000000000038e-03	-4.275489599999999710e-03
7.406557250000000000e+09	-2.234825599999999950e-03	-5.295055299999999569e-03
7.406559375000000000e+09	8.109729999999999890e-04	-4.358163899999999841e-03
7.406561500000000000e+09	1.212379100000000008e-03	-6.379954099999999781e-03
7.406563625000000000e+09	-3.093046900000000210e-03	-5.392600899999999871e-03
7.406565750000000000e+09	-1.799724599999999930e-03	-1.488257499999999945e-03
7.406567875000000000e+09	-2.678147300000000182e-03	-3.454590799999999844e-03
7.406570000000000000e+09	-1.046747900000000089e-03	-6.454734600000000370e-03
7.406572125000000000e+09	1.238107399999999929e-03	-1.537622200000000059e-03
7.406574250000000000e+09	-2.689530099999999906e-03	-6.307782599999999830e-03
7.406576375000000000e+09	3.118242800000000075e-03	-2.632206299999999884e-03
7.406578500000000000e+09	-2.537329999999999981e-05	-4.268361600000000235e-03
7.406580625000000000e+09	1.344040500000000075e-03	-1.962017300000000030e-03
7.406582750000000000e+09	-1.219929600000000010e-03	-5.453463599999999745e-03
7.406584875000000000e+09	-1.981191000000000202e-03	-5.104411199999999739e-03
7.406587000000000000e+09	-1.219687600000000103e-03	-3.823652600000000071e-03
7.406589125000000000e+09	-1.679942200000000092e-03	-4.765639200000000401e-03
7.406591250000000000e+09	-2.765015899999999881e-03	-6.681013000000000403e-04
7.406593375000000000e+09	-3.918352999999999853e-04	-2.601541199999999818e-03
7.406595500000000000e+09	-2.316556999999999904e-03	-4.544563399999999864e-03
7.406597625000000000e+09	-2.121618200000000096e-03	-5.345011200000000275e-03
7.406599750000000000e+09	2.307041000000000126e-04	-4.065949999999999599e-03
7.406601875000000000e+09	3.003494299999999884e-03	-4.628765800000000236e-03
7.406604000000000000e+09	-2.584524700000000175e-03	-2.867883700000000129e-03
7.406606125000000000e+09	-2.502795600000000138e-03	-5.927770899999999614e-03
7.406608250000000000e+09	-1.509244899999999954e-03	-4.322823100000000411e-03
7.406610375000000000e+09	-3.478129999999999850e-03	-3.190221100000000063e-03
7.406612500000000000e+09	-2.676025600000000049e-03	-3.937108699999999732e-03
7.406614625000000000e+09	-1.928111699999999953e-03	-4.207264700000000295e-03
7.406616750000000000e+09	-1.190417100000000072e-03	-1.803421300000000033e-03
7.406618875000000000e+09	-1.668540700000000062e-03	-3.509112100000000029e-03
7.406621000000000000e+09	3.468250999999999886e-03	-1.119120199999999992e-03
7.406623125000000000e+09	1.726116599999999966e-03	-6.186543200000000145e-03
7.406625250000000000e+09	-5.158857299999999868e-03	-5.168313299999999569e-03
7.406627375000000000e+09	-2.503044399999999978e-03	-4.892073299999999923e-03
7.406629500000000000e+09	2.105487200000000138e-03	-2.720703499999999834e-03
7.406631625000000000e+09	-4.582704899999999817e-03	-5.095848699999999849e-03
7.406633750000000000e+09	-5.727774000000000363e-04	-4.864148399999999699e-03
7.406635875000000000e+09	-3.418589100000000124e-03	-1.353860199999999984e-03
7.406638000000000000e+09	3.952181000000000032e-04	-8.751003900000000127e-03
7.406640125000000000e+09	-5.257269499999999915e-03	-5.694876100000000226e-03
7.406642250000000000e+09	1.233293799999999945e-03	-2.021495999999999797e-03
7.406644375000000000e+09	-1.265208099999999905e-03	-4.392364200000000232e-03
7.406646500000000000e+09	-6.558004999999999564e-04	-5.755432300000000098e-03
7.406648625000000000e+09	1.364626600000000065e-03	-2.751323400000000099e-03
7.406650750000000000e+09	2.433005800000000076e-03	-5.340978599999999903e-03
7.406652875000000000e+09	-5.126516299999999901e-03	-7.527004999999999807e-04
7.406655000000000000e+09	-2.297045499999999900e-03	-7.138737400000000170e-03
7.406657125000000000e+09	1.002091699999999898e-03	-3.447838600000000149e-03
7.406659250000000000e+09	-3.977897999999999677e-03	-4.314531199999999990e-03
7.406661375000000000e+09	-4.111068000000000057e-04	-4.807572300000000076e-03
7.406663500000000000e+09	-3.401252799999999847e-03	-2.461796500000000207e-03
7.406665625000000000e+09	-3.366512400000000026e-03	-2.303093500000000151e-03
7.406667750000000000e+09	1.091792799999999905e-03	-4.006081600000000083e-03
7.406669875000000000e+09	-2.597505300000000055e-03	-2.888532200000000147e-03
7.406672000000000000e+09	-7.226093000000000273e-04	-2.570936700000000033e-03
7.406674125000000000e+09	-3.483839099999999894e-03	-6.675361799999999721e-03
7.406676250000000000e+09	-9.749930999999999875e-04	-1.793744299999999996e-03
7.406678375000000000e+09	-1.945837800000000013e-03	-3.039757399999999839e-03
7.406680500000000000e+09	-4.474323199999999737e-03	-5.584040999999999658e-03
7.406682625000000000e+09	-1.911698000000000086e-03	-3.729207899999999881e-03
7.406684750000000000e+09	-5.627861900000000368e-03	-4.072215900000000430e-03
7.406686875000000000e+09	-1.093937599999999892e-03	-4.423112300000000413e-03
7.406689000000000000e+09	-4.378629999999999784e-04	-5.506272700000000228e-03
7.406691125000000000e+09	2.643799899999999935e-03	-2.356667199999999858e-03
7.406693250000000000e+09	-2.751203499999999979e-03	-5.663152099999999890e-03
7.406695375000000000e+09	8.063875999999999770e-04	-4.948792799999999874e-03
7.406697500000000000e+09	-3.766916600000000132e-03	-2.364198699999999886e-03
7.406699625000000000e+09	2.641280900000000063e-03	-3.598312900000000085e-03
7.406701750000000000e+09	-3.622877799999999881e-03	-2.654434299999999889e-03
7.406703875000000000e+09	2.007706000000000052e-04	-1.451937200000000001e-03
7.406706000000000000e+09	2.009146299999999951e-03	-3.434605399999999999e-03
7.406708125000000000e+09	-2.726584599999999983e-03	-5.520345299999999955e-03
7.406710250000000000e+09	-1.293853200000000042e-03	-4.319884700000000202e-03
7.406712375000000000e+09	-1.301472900000000005e-03	-5.395536200000000324e-03
7.406714500000000000e+09	-3.610534099999999913e-03	-3.531612400000000082e-03
7.406716625000000000e+09	-2.755277400000000123e-03	-2.370191299999999893e-03
7.406718750000000000e+09	-1.685265200000000095e-03	-1.097391500000000032e-03
7.406720875000000000e+09	-2.872697300000000113e-03	-2.834749100000000157e-03
7.406723000000000000e+09	-8.416775000000000471e-04	-4.114755599999999659e-03
7.406725125000000000e+09	-6.919288499999999738e-03	-1.536891199999999933e-03
7.406727250000000000e+09	1.310503000000000080e-04	-5.595604700000000355e-03
7.406729375000000000e+09	1.182011699999999978e-03	-5.152406699999999805e-03
7.406731500000000000e+09	-1.961342000000000033e-03	-6.216149999999999497e-04
7.406733625000000000e+09	3.597245000000000217e-04	-6.688622499999999707e-03
7.406735750000000000e+09	-3.965572399999999810e-03	-5.460282000000000330e-03
7.406737875000000000e+09	1.589887600000000102e-03	-4.515457500000000235e-03
7.406740000000000000e+09	-2.731513999999999882e-04	-4.365854399999999878e-03
7.406742125000000000e+09	-2.947929499999999911e-03	-4.854998600000000331e-03
7.406744250000000000e+09	-4.090390999999999645e-03	-1.666980900000000071e-03
7.406746375000000000e+09	-2.065250700000000050e-03	-3.076496399999999881e-03
7.406748500000000000e+09	-1.731150199999999945e-03	-1.950724700000000056e-03
7.406750625000000000e+09	-3.300738300000000212e-03	-6.027129600000000198e-03
7.406752750000000000e+09	-2.605382500000000007e-03	-2.357057999999999983e-03
7.406754875000000000e+09	-5.137138200000000363e-03	-5.367758900000000125e-03
7.406757000000000000e+09	-4.127183100000000014e-03	-5.814091300000000066e-03
7.406759125000000000e+09	-3.206480700000000073e-03	-5.550523199999999983e-03
7.406761250000000000e+09	-9.157609999999999622e-04	-2.552192899999999876e-03
7.406763375000000000e+09	-1.873732500000000085e-03	-3.033140599999999912e-03
7.406765500000000000e+09	-1.929560199999999937e-03	-3.957096299999999893e-03
7.406767625000000000e+09	-1.880634599999999939e-03	-5.085870000000000148e-03
7.406769750000000000e+09	-2.234328299999999937e-03	-7.410247499999999751e-03
7.406771875000000000e+09	-1.632874500000000041e-03	1.000003099999999994e-03
7.406774000000000000e+09	-3.527967900000000216e-03	-3.079702000000000134e-03
7.406776125000000000e+09	-1.017267099999999902e-03	-9.902360900000000549e-03
7.406778250000000000e+09	-5.217792199999999811e-03	-3.260544099999999803e-03
7.406780375000000000e+09	7.945342000000000203e-04	-4.405626699999999965e-03
7.406782500000000000e+09	2.419400000000000078e-06	-6.439146700000000431e-03
7.406784625000000000e+09	1.426167299999999988e-03	-4.932716200000000252e-03
7.406786750000000000e+09	1.491242700000000067e-03	-6.784716199999999732e-03
7.406788875000000000e+09	3.669883999999999777e-04	-6.806461599999999966e-03
7.406791000000000000e+09	-4.701908999999999776e-03	-5.146675800000000134e-03
7.406793125000000000e+09	-1.875354000000000083e-03	-1.550243699999999999e-03
7.406795250000000000e+09	-4.549866100000000101e-03	-1.994122499999999819e-03
7.406797375000000000e+09	-1.411088800000000068e-03	-3.381067199999999821e-03
7.406799500000000000e+09	1.049430799999999907e-03	-4.519220600000000213e-03
7.406801625000000000e+09	-2.411598999999999948e-04	-4.418874399999999855e-03
7.406803750000000000e+09	-3.674912299999999899e-03	-2.402292099999999916e-03
7.406805875000000000e+09	-6.492638999999999485e-04	-2.943631899999999812e-03
7.406808000000000000e+09	-1.784484999999999934e-03	-5.487387100000000288e-03
7.406810125000000000e+09	-2.537368600000000120e-03	-2.721666299999999858e-03
7.406812250000000000e+09	-1.176803199999999988e-03	-4.185363600000000309e-03
7.406814375000000000e+09	-3.725448000000000127e-03	-2.097724999999999937e-03
7.406816500000000000e+09	-3.329258299999999973e-03	-2.095126799999999945e-03
7.406818625000000000e+09	9.461919999999999695e-05	-2.234231599999999922e-03
7.406820750000000000e+09	-4.172882200000000222e-03	-4.996934800000000024e-03
7.406822875000000000e+09	-2.091791700000000202e-03	-4.334356900000000019e-03
7.406825000000000000e+09	-3.465554899999999904e-03	-6.644469000000000070e-03
7.406827125000000000e+09	-1.592185400000000004e-03	-2.944194299999999907e-03
7.406829250000000000e+09	2.025852299999999964e-03	-6.919241799999999859e-03
7.406831375000000000e+09	4.861450000000000016e-05	-8.319840499999999958e-03
7.406833500000000000e+09	-5.010445900000000397e-03	-3.868678099999999995e-03
7.406835625000000000e+09	-3.502407000000000025e-04	-5.944142000000000349e-03
7.406837750000000000e+09	2.394158799999999802e-03	-5.023686200000000365e-03
7.406839875000000000e+09	-1.254403399999999991e-03	-4.294322999999999847e-04
7.406842000000000000e+09	-3.061077799999999995e-03	-6.543373400000000034e-03
7.406844125000000000e+09	-4.044049200000000149e-03	-6.093669500000000079e-03
7.406846250000000000e+09	-3.133780799999999912e-03	-6.144076299999999720e-03
7.406848375000000000e+09	-2.438260499999999990e-03	-2.170786899999999943e-03
7.406850500000000000e+09	-3.199293699999999994e-03	-6.844346400000000420e-03
7.406852625000000000e+09	-1.426644300000000018e-03	-4.041006899999999638e-03
7.406854750000000000e+09	-4.028215400000000057e-03	1.430136600000000025e-03
7.406856875000000000e+09	-1.372384900000000020e-03	-4.950978400000000113e-03
7.406859000000000000e+09	-3.307791100000000064e-03	-2.704706299999999966e-03
7.406861125000000000e+09	-7.536669999999999654e-04	-5.021552999999999781e-03
7.406863250000000000e+09	-6.452559999999999763e-04	-2.810222399999999943e-03
7.406865375000000000e+09	-3.114913600000000175e-03	-7.659475699999999596e-03
7.406867500000000000e+09	1.568180599999999952e-03	-3.156139499999999817e-03
7.406869625000000000e+09	8.197824000000000473e-04	-3.569981299999999951e-03
7.406871750000000000e+09	-4.259996900000000142e-03	-1.989231900000000032e-03
7.406873875000000000e+09	-1.972823999999999867e-04	-1.661230600000000073e-03
7.406876000000000000e+09	-1.036068000000000015e-03	-3.848343999999999962e-04
7.406878125000000000e+09	-1.166849999999999984e-04	-8.736324599999999510e-03
7.406880250000000000e+09	-7.833103999999999805e-04	-4.536125400000000363e-03
7.406882375000000000e+09	1.001416100000000016e-03	-3.007208899999999803e-03
7.406884500000000000e+09	-1.413573999999999961e-04	-5.595120700000000107e-03
7.406886625000000000e+09	-2.155819299999999893e-03	-5.887191499999999689e-03
7.406888750000000000e+09	-3.532019999999999865e-03	-1.523367500000000034e-03
7.406890875000000000e+09	-3.591469999999999819e-04	1.189465700000000032e-03
7.406893000000000000e+09	-2.810751700000000027e-03	-2.819915699999999900e-03
7.406895125000000000e+09	6.021270000000000035e-05	-3.455545899999999844e-03
7.406897250000000000e+09	-3.013367199999999937e-03	-2.938024899999999891e-03
7.406899375000000000e+09	-8.221514000000000513e-04	-3.443929999999999995e-03
7.406901500000000000e+09	-7.754600000000000598e-05	-8.500814400000000770e-03
7.406903625000000000e+09	-8.318445999999999740e-04	-6.207236700000000329e-03
7.406905750000000000e+09	-1.093874799999999944e-03	-1.856872199999999931e-03
7.406907875000000000e+09	-2.788434599999999996e-03	-2.694581000000000146e-03
7.406910000000000000e+09	-5.328026500000000200e-03	-1.403506199999999962e-03
7.406912125000000000e+09	-1.915746100000000106e-03	-8.676893800000000032e-03
7.406914250000000000e+09	-4.352938100000000241e-03	-4.213029000000000079e-03
7.406916375000000000e+09	-1.034681100000000003e-03	-2.255654499999999903e-03
7.406918500000000000e+09	-3.322228999999999894e-03	-3.482920799999999865e-03
7.406920625000000000e+09	-3.153925000000000131e-04	-4.803822299999999795e-03
7.406922750000000000e+09	1.922005399999999987e-03	2.829600000000000149e-04
7.406924875000000000e+09	-1.218505400000000072e-03	-4.369527399999999923e-03
7.406927000000000000e+09	-3.030363999999999909e-04	-3.747742599999999858e-03
7.406929125000000000e+09	-2.996425000000000043e-03	-6.936441000000000221e-04
7.406931250000000000e+09	-1.950989499999999932e-03	-2.566193699999999838e-03
7.406933375000000000e+09	-4.593854999999999879e-04	-2.684584900000000149e-03
7.406935500000000000e+09	-2.804763699999999853e-03	-6.070730000000000066e-05
7.406937625000000000e+09	-3.647426000000000270e-04	-3.108935199999999805e-03
7.406939750000000000e+09	-5.044252100000000405e-03	-4.002178300000000001e-03
7.406941875000000000e+09	1.999031999999999871e-04	-1.521562200000000026e-03
7.406944000000000000e+09	1.258129100000000009e-03	-4.991541500000000117e-03
7.406946125000000000e+09	2.791898999999999813e-04	-6.045975399999999576e-03
7.406948250000000000e+09	-1.785671300000000062e-03	-4.161263699999999920e-03
7.406950375000000000e+09	1.376023400000000009e-03	3.143893300000000137e-03
7.406952500000000000e+09	-4.553254799999999908e-03	3.100485999999999845e-04
7.406954625000000000e+09	-4.205120000000000017e-04	-2.476782500000000026e-03
7.406956750000000000e+09	-2.127908899999999843e-03	-5.363752999999999750e-03
7.406958875000000000e+09	-1.209728399999999895e-03	-4.764578499999999953e-03
7.406961000000000000e+09	-2.095157500000000006e-03	4.587509999999999722e-05
7.406963125000000000e+09	-4.878766300000000194e-03	-6.608187199999999810e-03
7.406965250000000000e+09	3.455094900000000007e-03	-7.083565699999999805e-03
7.406967375000000000e+09	-3.179870200000000074e-03	-4.862371199999999949e-03
7.406969500000000000e+09	-2.818776199999999902e-03	-5.825411999999999648e-04
7.406971625000000000e+09	-2.368924799999999956e-03	-5.087998300000000362e-03
7.406973750000000000e+09	-8.076056999999999984e-04	-4.440847900000000244e-03
7.406975875000000000e+09	2.581176000000000238e-04	-4.121860700000000433e-03
7.406978000000000000e+09	-4.447080100000000424e-03	-3.631216899999999918e-03
7.406980125000000000e+09	-2.247816100000000171e-03	-3.921565800000000393e-03
7.406982250000000000e+09	7.266774999999999624e-04	-3.793364000000000024e-03
7.406984375000000000e+09	-2.505832700000000177e-03	-2.950294799999999846e-03
7.406986500000000000e+09	-2.144447399999999983e-03	-3.527138500000000145e-03
7.406988625000000000e+09	-1.834554800000000015e-03	-1.725370499999999896e-03
7.406990750000000000e+09	-5.640477999999999985e-03	-1.272743200000000076e-03
7.406992875000000000e+09	-9.153120999999999740e-04	-9.334894999999999738e-04
7.406995000000000000e+09	-5.935367199999999621e-03	-4.535938500000000380e-03
7.406997125000000000e+09	2.965237000000000016e-04	-1.912136899999999917e-03
7.406999250000000000e+09	-1.737367199999999929e-03	-3.101974400000000100e-03
7.407001375000000000e+09	-2.858827999999999999e-04	-4.535294599999999815e-03
7.407003500000000000e+09	5.906944999999999600e-04	-1.578918199999999970e-03
7.407005625000000000e+09	2.033981499999999980e-03	-4.776476800000000258e-03
7.407007750000000000e+09	-4.488971799999999859e-03	-3.632870199999999918e-03
7.407009875000000000e+09	-4.336183900000000271e-03	8.008158000000000247e-04
7.407012000000000000e+09	-1.893411700000000031e-03	-3.918475400000000393e-03
7.407014125000000000e+09	-5.646520000000000141e-04	-3.416955599999999937e-03
7.407016250000000000e+09	-3.248473000000000094e-04	-1.474212699999999940e-03
7.407018375000000000e+09	-4.986139399999999812e-03	-3.578674000000000004e-03
7.407020500000000000e+09	-3.349003599999999907e-03	-1.319047700000000080e-03
7.407022625000000000e+09	-1.325727999999999976e-03	-4.889230199999999686e-03
7.407024750000000000e+09	-7.161322999999999604e-04	-7.182925899999999600e-03
7.407026875000000000e+09	-5.515442899999999614e-03	1.633341099999999994e-03
7.407029000000000000e+09	-9.909299999999998925e-04	-9.731222999999999783e-04
7.407031125000000000e+09	-5.269486599999999646e-03	-3.476207700000000060e-03
7.407033250000000000e+09	-4.251370200000000044e-03	-4.056829500000000248e-03
7.407035375000000000e+09	-1.584946700000000076e-03	-4.119275900000000240e-03
7.407037500000000000e+09	-3.577031400000000184e-03	-2.335523400000000076e-03
7.407039625000000000e+09	-8.764496000000000526e-04	-1.978984699999999843e-03
7.407041750000000000e+09	-7.327173900000000066e-03	-4.093099999999999825e-05
7.407043875000000000e+09	4.998929999999999926e-05	-8.754009999999999895e-05
7.407046000000000000e+09	-1.310329500000000005e-03	-2.786322300000000033e-03
7.407048125000000000e+09	-7.571038000000000203e-04	-4.098924500000000054e-03
7.407050250000000000e+09	-3.639617999999999955e-04	-3.706530100000000015e-03
7.407052375000000000e+09	-2.273134500000000176e-03	-6.235480100000000310e-03
7.407054500000000000e+09	6.561725999999999930e-04	-3.029080999999999874e-04
7.407056625000000000e+09	-4.265980800000000218e-03	-3.715578099999999797e-03
7.407058750000000000e+09	-1.417699999999999996e-06	-4.423513300000000113e-03
7.407060875000000000e+09	-6.424592000000000237e-04	-5.350217400000000130e-03
7.407063000000000000e+09	-6.253935799999999802e-03	-3.901933499999999961e-03
7.407065125000000000e+09	-2.883000599999999917e-03	4.313262999999999906e-04
7.407067250000000000e+09	-1.073138200000000025e-03	-1.434158500000000001e-03
7.407069375000000000e+09	-3.983686000000000171e-03	-2.474851900000000007e-03
7.407071500000000000e+09	-1.761456900000000093e-03	-5.318026600000000208e-03
7.407073625000000000e+09	1.307915200000000057e-03	-2.849018200000000105e-03
7.407075750000000000e+09	-5.944481999999999848e-04	-1.790790300000000106e-03
7.407077875000000000e+09	-4.151321000000000026e-04	-3.948698300000000154e-03
7.407080000000000000e+09	-1.289836400000000070e-03	-1.341972099999999904e-03
7.407082125000000000e+09	-6.519069199999999800e-03	-8.136976100000000225e-03
7.407084250000000000e+09	-3.937234599999999730e-03	-3.957558299999999578e-03
7.407086375000000000e+09	-3.201163400000000062e-03	-3.691177199999999981e-03
7.407088500000000000e+09	-4.067098600000000098e-03	-5.672060100000000070e-03
7.407090625000000000e+09	-5.582540399999999688e-03	-3.481806799999999889e-03
7.407092750000000000e+09	1.456365700000000069e-03	-3.774593599999999903e-03
7.407094875000000000e+09	-1.628740800000000105e-03	-5.609165999999999631e-03
7.407097000000000000e+09	-3.602616800000000164e-03	-8.082145000000000648e-03
7.407099125000000000e+09	3.837929600000000111e-03	-9.425256999999999602e-04
7.407101250000000000e+09	-3.569552100000000176e-03	-5.165872999999999863e-04
7.407103375000000000e+09	-4.840771800000000062e-03	-7.415845499999999639e-03
7.407105500000000000e+09	-4.497580900000000027e-03	-4.461411900000000069e-03
7.407107625000000000e+09	-4.857071400000000268e-03	-3.789335100000000046e-03
7.407109750000000000e+09	-3.349320399999999951e-03	-5.294486600000000362e-03
7.407111875000000000e+09	-2.648692399999999936e-03	-2.091289599999999853e-03
7.407114000000000000e+09	-2.840130599999999943e-03	3.697438000000000157e-04
7.407116125000000000e+09	-5.441666599999999722e-03	-5.572525099999999648e-03
7.407118250000000000e+09	-6.118705200000000392e-03	-1.044884999999999954e-03
7.407120375000000000e+09	-2.642676300000000155e-03	-6.692418999999999799e-04
7.407122500000000000e+09	-2.898230300000000006e-03	-3.274433099999999805e-03
7.407124625000000000e+09	-2.292781399999999949e-03	-2.923361399999999891e-03
7.407126750000000000e+09	-1.215634499999999896e-03	-3.148506399999999837e-03
7.407128875000000000e+09	-2.409332399999999843e-03	-2.942107199999999863e-03
7.407131000000000000e+09	-1.384654500000000090e-03	-4.540614299999999777e-03
7.407133125000000000e+09	1.498553500000000078e-03	2.112345600000000052e-03
7.407135250000000000e+09	-3.196148700000000023e-03	8.040480000000000240e-04
7.407137375000000000e+09	2.993978000000000221e-04	1.693963000000000098e-04
7.407139500000000000e+09	-2.810596199999999909e-03	-4.216371800000000281e-03
7.407141625000000000e+09	7.244343000000000310e-04	-4.855866200000000417e-03
7.407143750000000000e+09	-5.572360000000000160e-04	-5.191383299999999604e-03
7.407145875000000000e+09	-8.042010999999999734e-04	-1.504190099999999902e-03
7.407148000000000000e+09	-2.609532800000000183e-03	-1.507739599999999899e-03
7.407150125000000000e+09	-2.681574999999999953e-04	-6.646070500000000186e-03
7.407152250000000000e+09	-4.499794399999999805e-03	-1.335357400000000043e-03
7.407154375000000000e+09	-3.656865300000000131e-03	-2.265272599999999803e-03
7.407156500000000000e+09	-3.206671700000000153e-03	-2.122611200000000010e-03
7.407158625000000000e+09	-3.055500899999999929e-03	-1.559342399999999939e-03
7.407160750000000000e+09	-2.582208800000000172e-03	-6.240920799999999900e-03
7.407162875000000000e+09	-4.919772499999999944e-03	-2.176220999999999885e-03
7.407165000000000000e+09	-4.994247700000000074e-03	-3.163292900000000147e-03
7.407167125000000000e+09	-1.182599400000000026e-03	-5.505027800000000283e-03
7.407169250000000000e+09	-1.474670800000000030e-03	-5.555748499999999847e-03
7.407171375000000000e+09	-5.236767199999999879e-03	-8.375235000000000188e-04
7.407173500000000000e+09	1.852353900000000032e-03	-1.897027799999999971e-03
7.407175625000000000e+09	-1.996111699999999871e-03	-1.125571899999999997e-03
7.407177750000000000e+09	-3.394878599999999816e-03	-3.807494800000000082e-03
7.407179875000000000e+09	-5.560278699999999900e-03	-4.069734700000000004e-03
7.407182000000000000e+09	-4.423546500000000159e-03	-6.276933499999999902e-03
7.407184125000000000e+09	-1.254332699999999952e-03	-1.666868499999999906e-03
7.407186250000000000e+09	-2.228810700000000145e-03	-6.392780800000000090e-03
7.407188375000000000e+09	-8.146604999999999906e-04	-5.397587599999999902e-03
7.407190500000000000e+09	-3.215021000000000198e-04	-2.716986800000000066e-03
7.407192625000000000e+09	-3.967929299999999916e-03	-3.460712700000000142e-03
7.407194750000000000e+09	-9.723808999999999925e-04	-2.938999500000000036e-03
7.407196875000000000e+09	-2.917819900000000188e-03	-3.236946499999999831e-03
7.407199000000000000e+09	1.593559100000000069e-03	-3.645330200000000079e-03
7.407201125000000000e+09	-1.828891399999999943e-03	-1.356486299999999949e-03
7.407203250000000000e+09	-5.443256000000000049e-04	-8.229719000000000140e-04
7.407205375000000000e+09	-5.551740099999999921e-03	-8.005134100000000155e-03
7.407207500000000000e+09	-3.564134300000000154e-03	-6.325764999999999687e-03
7.407209625000000000e+09	-1.388850299999999953e-03	-7.882560000000000640e-05
7.407211750000000000e+09	-1.795221399999999976e-03	-5.224662599999999914e-03
7.407213875000000000e+09	-1.789215899999999906e-03	-1.401374300000000038e-03
7.407216000000000000e+09	1.426305699999999912e-03	-3.391442199999999789e-03
7.407218125000000000e+09	-2.959250899999999948e-03	-1.509070900000000033e-03
7.407220250000000000e+09	2.387146699999999951e-03	-7.601794499999999996e-03
7.407222375000000000e+09	-3.892572799999999798e-03	-6.850921000000000267e-04
7.407224500000000000e+09	-2.152175699999999900e-03	-3.889469699999999804e-03
7.407226625000000000e+09	-1.490127900000000035e-03	-2.932651899999999968e-03
7.407228750000000000e+09	-2.935187899999999999e-03	-4.760114999999999876e-04
7.407230875000000000e+09	-2.089417000000000097e-03	-2.486318799999999787e-03
7.407233000000000000e+09	8.139730000000000077e-05	-3.009138900000000050e-03
7.407235125000000000e+09	6.593019000000000310e-04	-1.953244299999999916e-03
7.407237250000000000e+09	-3.296805199999999943e-03	-1.136737899999999950e-03
7.407239375000000000e+09	-3.289152200000000116e-03	1.943056999999999987e-04
7.407241500000000000e+09	2.269903000000000198e-03	-4.738786299999999709e-03
7.407243625000000000e+09	-1.696099300000000060e-03	-6.195438900000000033e-03
7.407245750000000000e+09	-3.235456199999999904e-03	-5.633280600000000263e-03
7.407247875000000000e+09	-5.600092999999999781e-04	-8.671488499999999502e-03
7.407250000000000000e+09	3.319600199999999876e-03	-4.929837299999999950e-03
7.407252125000000000e+09	-4.620735699999999752e-03	-1.953287399999999868e-03
7.407254250000000000e+09	1.870993700000000070e-03	-4.072088199999999818e-03
7.407256375000000000e+09	-3.916038099999999758e-03	-1.767743200000000073e-03
7.407258500000000000e+09	-2.816403400000000012e-03	9.774682000000000683e-04
7.407260625000000000e+09	-1.299920499999999935e-03	-3.970129200000000261e-03
7.407262750000000000e+09	-1.032793999999999992e-04	-7.293485899999999598e-03
7.407264875000000000e+09	-1.945628299999999913e-03	-2.016724499999999858e-03
7.407267000000000000e+09	-3.372727900000000150e-03	-2.441684899999999828e-03
7.407269125000000000e+09	-1.352726600000000046e-03	-6.049600999999999937e-03
7.407271250000000000e+09	-3.581497099999999927e-03	-1.187395499999999897e-03
7.407273375000000000e+09	-2.597013300000000115e-03	-5.612745399999999850e-03
7.407275500000000000e+09	-6.236930000000000609e-05	-7.325753999999999860e-04
7.407277625000000000e+09	2.802152400000000165e-03	-7.247408999999999796e-03
7.407279750000000000e+09	9.820391999999999403e-04	-4.171154899999999707e-03
7.407281875000000000e+09	-3.047057000000000259e-04	-6.840036300000000395e-03
7.407284000000000000e+09	-1.347969399999999996e-03	-5.830501099999999687e-03
7.407286125000000000e+09	-1.387468499999999945e-03	-7.681460999999999671e-04
7.407288250000000000e+09	-1.983827300000000175e-03	-2.352663699999999868e-03
7.407290375000000000e+09	-2.525765799999999967e-03	-4.312535600000000358e-03
7.407292500000000000e+09	-4.433857700000000054e-03	-2.655210600000000067e-03
7.407294625000000000e+09	-6.921497100000000013e-03	-5.758723599999999651e-03
7.407296750000000000e+09	-3.737661900000000068e-03	-1.274231499999999972e-03
7.407298875000000000e+09	-3.054107999999999823e-03	-1.725508300000000049e-03
7.407301000000000000e+09	-6.598617900000000071e-03	-1.284881199999999939e-03
7.407303125000000000e+09	-5.483331800000000415e-03	-2.116354799999999817e-03
7.407305250000000000e+09	-1.333451700000000059e-03	-4.503954400000000254e-03
7.407307375000000000e+09	1.003219999999999980e-03	-6.534839500000000356e-03
7.407309500000000000e+09	-2.280003000000000064e-04	-5.477742800000000127e-03
7.407311625000000000e+09	-2.070693299999999855e-03	-5.259566799999999646e-03
7.407313750000000000e+09	2.725730000000000210e-04	-3.990850199999999848e-03
7.407315875000000000e+09	-2.703837000000000167e-03	-2.431453599999999857e-03
7.407318000000000000e+09	6.703104000000000527e-04	-3.206027000000000182e-03
7.407320125000000000e+09	-1.346972799999999939e-03	-6.853834799999999894e-03
7.407322250000000000e+09	-3.942456300000000101e-03	2.533502999999999992e-04
7.407324375000000000e+09	-1.950667699999999918e-03	-2.702733699999999937e-03
7.407326500000000000e+09	-2.907317300000000077e-03	-2.061384400000000009e-03
7.407328625000000000e+09	-6.004558000000000118e-04	2.156114700000000012e-03
7.407330750000000000e+09	-3.386377800000000150e-03	-4.086222100000000065e-03
7.407332875000000000e+09	-1.611240999999999910e-04	-4.637002099999999911e-03
7.407335000000000000e+09	-4.073393199999999874e-03	-4.558367199999999869e-03
7.407337125000000000e+09	-1.641909900000000080e-03	-2.016155800000000217e-03
7.407339250000000000e+09	-5.337185799999999772e-03	-4.437612399999999770e-03
7.407341375000000000e+09	-1.371217699999999901e-03	-4.925858800000000245e-03
7.407343500000000000e+09	-8.260742999999999862e-04	-4.035753900000000303e-03
7.407345625000000000e+09	-3.323844700000000082e-03	-5.006337399999999729e-03
7.407347750000000000e+09	-6.488105000000000521e-04	-1.791385200000000007e-03
7.407349875000000000e+09	2.165406700000000167e-03	-1.565253499999999911e-03
7.407352000000000000e+09	-6.581121000000000106e-04	-1.763622399999999982e-03
7.407354125000000000e+09	-3.033492500000000217e-03	-4.681055200000000006e-03
7.407356250000000000e+09	-2.274889799999999830e-03	-1.960394199999999920e-03
7.407358375000000000e+09	-1.132872899999999919e-03	-1.744212900000000066e-03
7.407360500000000000e+09	-3.487110600000000067e-03	-4.582224699999999998e-03
7.407362625000000000e+09	-1.972228600000000120e-03	-1.821956499999999963e-03
7.407364750000000000e+09	7.001756000000000256e-04	-3.775752900000000148e-03
7.407366875000000000e+09	-1.962967999999999939e-04	-2.765861799999999940e-03
7.407369000000000000e+09	-1.655997399999999901e-03	-3.151728900000000215e-03
7.407371125000000000e+09	-1.464082999999999921e-04	-2.401714899999999979e-03
7.407373250000000000e+09	-3.198678700000000177e-03	-7.192715199999999767e-03
7.407375375000000000e+09	-1.703475400000000004e-03	-5.727773999999999713e-03
7.407377500000000000e+09	-2.696639600000000012e-03	-2.685322799999999809e-03
7.407379625000000000e+09	-3.648332900000000097e-03	-4.575897199999999845e-03
7.407381750000000000e+09	-2.056344900000000187e-03	-4.668537000000000381e-03
7.407383875000000000e+09	-1.082985700000000089e-03	-2.764253999999999843e-03
7.407386000000000000e+09	-2.850067700000000204e-03	-3.101054000000000007e-04
7.407388125000000000e+09	-3.938908999999999987e-03	-8.517394999999999654e-04
7.407390250000000000e+09	-1.395583900000000026e-03	-4.498264699999999887e-03
7.407392375000000000e+09	-1.157881999999999970e-04	-3.030783000000000218e-04
7.407394500000000000e+09	-6.113857000000000102e-04	-2.288119800000000190e-03
7.407396625000000000e+09	-2.624486200000000161e-03	-3.122160699999999931e-03
7.407398750000000000e+09	-3.229778200000000057e-03	-6.149515099999999963e-03
7.407400875000000000e+09	-2.633012399999999816e-03	7.804429999999999408e-05
7.407403000000000000e+09	-2.698169099999999862e-03	-8.212585200000000613e-03
7.407405125000000000e+09	-5.159043999999999783e-03	-3.591425599999999857e-03
7.407407250000000000e+09	-1.500851400000000014e-03	1.157094900000000095e-03
7.407409375000000000e+09	-3.967776200000000184e-03	-2.489699599999999936e-03
7.407411500000000000e+09	-3.185581500000000000e-03	-3.897264699999999915e-03
7.407413625000000000e+09	-1.469678299999999972e-03	-3.413164499999999952e-03
7.407415750000000000e+09	-2.682753200000000029e-03	-4.086638000000000076e-03
7.407417875000000000e+09	2.609097400000000028e-03	-6.690683600000000425e-03
7.407420000000000000e+09	-2.153909600000000063e-03	-3.369939800000000020e-03
7.407422125000000000e+09	-2.203976099999999886e-03	-3.503519699999999883e-03
7.407424250000000000e+09	1.615030000000000019e-05	-3.119167700000000185e-03
7.407426375000000000e+09	-1.896891200000000010e-03	-5.999163600000000270e-03
7.407428500000000000e+09	-3.589765100000000004e-03	-3.972670999999999668e-03
7.407430625000000000e+09	-3.234973500000000099e-03	-2.413857000000000155e-03
7.407432750000000000e+09	-6.253321400000000189e-03	-1.622582900000000107e-03
7.407434875000000000e+09	-4.471555200000000389e-03	-4.847456600000000192e-03
7.407437000000000000e+09	-6.206477000000000174e-04	-3.812950600000000051e-03
7.407439125000000000e+09	-3.369526999999999765e-04	-2.339870400000000107e-03
7.407441250000000000e+09	-1.624345599999999900e-03	3.666230999999999830e-04
7.407443375000000000e+09	-3.811454900000000017e-03	-6.454819000000000312e-04
7.407445500000000000e+09	-4.646876299999999974e-03	6.625246999999999690e-04
7.407447625000000000e+09	-2.745043799999999801e-03	-1.531477299999999941e-03
7.407449750000000000e+09	1.693204000000000020e-03	-3.648092600000000119e-03
7.407451875000000000e+09	4.682552999999999889e-04	-4.369918500000000150e-03
7.407454000000000000e+09	-2.685151900000000078e-03	-2.008469699999999945e-03
7.407456125000000000e+09	-1.562149199999999941e-03	-1.414650000000000084e-05
7.407458250000000000e+09	-1.979045400000000159e-03	-5.398082799999999633e-03
7.407460375000000000e+09	-3.468423999999999899e-03	-5.579055200000000367e-03
7.407462500000000000e+09	-8.663087700000000543e-03	-2.351467999999999896e-04
7.407464625000000000e+09	-5.122476800000000212e-03	-6.340881000000000252e-04
7.407466750000000000e+09	-5.182951999999999568e-04	3.432989000000000006e-04
7.407468875000000000e+09	-5.086333699999999979e-03	-1.703852700000000079e-03
7.407471000000000000e+09	-8.814753000000000475e-04	-3.288575900000000052e-03
7.407473125000000000e+09	-2.430590600000000039e-03	-2.610406200000000079e-03
7.407475250000000000e+09	-8.055083999999999465e-04	-2.257374600000000130e-03
7.407477375000000000e+09	-3.018009199999999951e-03	8.248387999999999944e-04
7.407479500000000000e+09	-5.373699400000000147e-03	-9.082876000000000144e-04
7.407481625000000000e+09	-5.578092500000000377e-03	-1.241432499999999949e-03
7.407483750000000000e+09	-3.760406400000000128e-03	-2.750610999999999811e-04
7.407485875000000000e+09	3.989583399999999808e-03	-7.842329999999999841e-05
7.407488000000000000e+09	-1.315079299999999916e-03	-6.133697000000000238e-04
7.407490125000000000e+09	-3.861207599999999952e-03	-9.775999999999999100e-04
7.407492250000000000e+09	-3.390632000000000194e-03	-4.630283199999999863e-03
7.407494375000000000e+09	-3.695595299999999972e-03	9.271741999999999701e-04
7.407496500000000000e+09	8.385705000000000242e-04	-8.657129000000000170e-04
7.407498625000000000e+09	-3.787623200000000013e-03	-2.165758099999999867e-03
7.407500750000000000e+09	-5.482707399999999995e-03	-2.155689000000000129e-03
7.407502875000000000e+09	-4.853539199999999665e-03	5.983890000000000064e-05
7.407505000000000000e+09	-2.578382299999999825e-03	1.936255299999999893e-03
7.407507125000000000e+09	-3.267438699999999918e-03	-2.689276200000000061e-03
7.407509250000000000e+09	-3.321222600000000181e-03	-1.141153900000000092e-03
7.407511375000000000e+09	-9.464285200000000300e-03	-2.460642199999999932e-03
7.407513500000000000e+09	1.029146099999999914e-03	-3.119040999999999806e-04
7.407515625000000000e+09	-1.948506999999999930e-03	-1.317403599999999965e-03
7.407517750000000000e+09	-1.388146499999999995e-03	-7.906770999999999721e-04
7.407519875000000000e+09	1.342630200000000107e-03	2.301716000000000038e-04
7.407522000000000000e+09	-2.081009400000000120e-03	-4.057504200000000040e-03
7.407524125000000000e+09	-5.879471300000000365e-03	-5.711190900000000410e-03
7.407526250000000000e+09	-6.033771400000000409e-03	4.175697699999999721e-03
7.407528375000000000e+09	-3.131759500000000189e-03	-2.145211100000000200e-03
7.407530500000000000e+09	-3.449319800000000009e-03	-1.491075799999999965e-03
7.407532625000000000e+09	1.046613000000000003e-04	1.829251000000000054e-03
7.407534750000000000e+09	-5.635967000000000407e-03	-1.878176100000000098e-03
7.407536875000000000e+09	1.851219999999999938e-04	-1.248520000000000033e-04
7.407539000000000000e+09	-3.119435800000000102e-03	-2.251890999999999789e-03
7.407541125000000000e+09	-3.591856799999999881e-03	3.848797000000000156e-03
7.407543250000000000e+09	-1.862934400000000037e-03	-2.114041499999999834e-03
7.407545375000000000e+09	-1.990397499999999823e-03	-5.930716100000000407e-03
7.407547500000000000e+09	-3.277938000000000206e-03	-3.272827500000000025e-03
7.407549625000000000e+09	-1.503028700000000025e-03	-4.504014500000000365e-03
7.407551750000000000e+09	-2.802452899999999855e-03	5.754612999999999786e-04
7.407553875000000000e+09	-2.857612399999999962e-03	1.025747999999999938e-03
7.407556000000000000e+09	-6.772934300000000088e-03	3.119139000000000156e-04
7.407558125000000000e+09	-3.210837499999999976e-03	5.201968700000000195e-03
7.407560250000000000e+09	-3.192912500000000178e-03	-3.548056400000000089e-03
7.407562375000000000e+09	-1.285556499999999935e-03	-1.539459100000000000e-03
7.407564500000000000e+09	-3.665818500000000112e-03	5.099825999999999578e-04
7.407566625000000000e+09	-2.822587699999999904e-03	-1.525261200000000046e-03
7.407568750000000000e+09	-2.900319100000000195e-03	-8.850620000000000449e-04
7.407570875000000000e+09	-1.427751199999999958e-03	-2.874096100000000063e-03
7.407573000000000000e+09	-2.797694199999999944e-03	-3.028310000000000203e-03
7.407575125000000000e+09	-9.967540999999999034e-04	-1.586912300000000104e-03
7.407577250000000000e+09	-1.624627800000000072e-03	-1.190546800000000065e-03
7.407579375000000000e+09	-6.066497199999999757e-03	-2.190403200000000123e-03
7.407581500000000000e+09	-2.732720399999999817e-03	2.535031999999999889e-04
7.407583625000000000e+09	-2.142646599999999991e-03	-4.648566800000000082e-03
7.407585750000000000e+09	-1.750082999999999934e-03	-5.492093000000000409e-04
7.407587875000000000e+09	-3.112630199999999979e-03	-1.821846100000000046e-03
7.407590000000000000e+09	1.280761500000000006e-03	-1.122821300000000078e-03
7.407592125000000000e+09	-1.986593100000000073e-03	1.344613799999999984e-03
7.407594250000000000e+09	-5.870681400000000126e-03	1.465021099999999979e-03
7.407596375000000000e+09	3.429191600000000041e-03	-2.970978400000000123e-03
7.407598500000000000e+09	-4.271034899999999815e-03	-1.948950099999999892e-03
7.407600625000000000e+09	1.690831899999999935e-03	-1.654352200000000061e-03
7.407602750000000000e+09	-1.420850100000000012e-03	9.631709999999999979e-05
7.407604875000000000e+09	-3.355613300000000014e-03	2.252780099999999834e-03
7.407607000000000000e+09	-6.532055900000000026e-03	7.776525000000000494e-04
7.407609125000000000e+09	-2.247518400000000135e-03	-6.756383300000000022e-03
7.407611250000000000e+09	-4.546545699999999732e-03	-3.800404199999999916e-03
7.407613375000000000e+09	-4.359788699999999663e-03	-1.304073300000000097e-03
7.407615500000000000e+09	-1.767338899999999898e-03	-8.972340000000000090e-04
7.407617625000000000e+09	1.197676099999999983e-03	1.024996000000000023e-03
7.407619750000000000e+09	-9.203405999999999480e-04	-2.548667100000000154e-03
7.407621875000000000e+09	-2.423189899999999945e-03	1.157525599999999948e-03
7.407624000000000000e+09	-4.141463399999999878e-03	2.965236799999999839e-03
7.407626125000000000e+09	-1.772899699999999894e-03	-2.114711000000000021e-03
7.407628250000000000e+09	-4.216365199999999765e-03	-5.793575999999999501e-04
7.407630375000000000e+09	5.034772999999999983e-04	-2.901866099999999941e-03
7.407632500000000000e+09	-1.245545100000000063e-03	-1.506808999999999959e-04
7.407634625000000000e+09	-2.482301699999999930e-03	5.472360199999999966e-03
7.407636750000000000e+09	-8.371465999999999717e-04	-4.115198399999999736e-03
7.407638875000000000e+09	-3.554299800000000186e-03	-4.484616299999999965e-03
7.407641000000000000e+09	-5.245746199999999984e-03	5.991179999999999786e-05
7.407643125000000000e+09	-5.819439499999999772e-03	-1.119055600000000081e-03
7.407645250000000000e+09	-2.295472999999999969e-04	-5.060781299999999976e-03
7.407647375000000000e+09	-7.443893000000000254e-04	-2.724865999999999942e-04
7.407649500000000000e+09	-9.710651999999999739e-04	-3.579240100000000060e-03
7.407651625000000000e+09	1.390193299999999956e-03	-4.275108900000000427e-03
7.407653750000000000e+09	-1.771853600000000088e-03	9.708228999999999644e-04
7.407655875000000000e+09	-2.636234500000000057e-03	-1.566462100000000053e-03
7.407658000000000000e+09	-4.496543500000000151e-03	9.339170999999999627e-04
7.407660125000000000e+09	-1.129049999999999932e-03	2.977225300000000113e-03
7.407662250000000000e+09	3.013831299999999904e-03	-1.699608000000000076e-04
7.407664375000000000e+09	-4.948753400000000316e-03	-1.171487000000000055e-04
7.407666500000000000e+09	-3.556275800000000074e-03	9.238007000000000336e-04
7.407668625000000000e+09	-9.838824999999998960e-04	-2.618003000000000149e-04
7.407670750000000000e+09	-3.112588300000000002e-03	-6.366904799999999892e-03
7.407672875000000000e+09	-4.616892200000000113e-03	-2.848670499999999932e-03
7.407675000000000000e+09	-1.042230199999999961e-03	-4.334859699999999740e-03
7.407677125000000000e+09	-3.950450000000000315e-03	-3.010644000000000037e-04
7.407679250000000000e+09	-3.687819399999999869e-03	-3.200616299999999980e-03
7.407681375000000000e+09	-5.099125000000000359e-03	1.035267600000000076e-03
7.407683500000000000e+09	-3.604971599999999988e-03	-6.476047799999999806e-03
7.407685625000000000e+09	-3.822687999999999867e-03	-3.956922999999999994e-04
7.407687750000000000e+09	1.120822999999999958e-04	-8.206872999999999512e-04
7.407689875000000000e+09	-9.470836999999999528e-04	-5.564397999999999914e-04
7.407692000000000000e+09	-7.984288999999999883e-04	8.598091000000000414e-04
7.407694125000000000e+09	-1.105235599999999973e-03	-1.811201999999999875e-04
7.407696250000000000e+09	-5.234960299999999976e-03	-4.221445800000000158e-03
7.407698375000000000e+09	-3.043841199999999889e-03	8.483729999999999494e-05
7.407700500000000000e+09	-1.075218599999999951e-03	1.427431199999999907e-03
7.407702625000000000e+09	7.479964999999999661e-04	8.204192000000000342e-04
7.407704750000000000e+09	-5.944895900000000261e-03	7.732270000000000289e-04
7.407706875000000000e+09	-2.267824500000000052e-03	8.038320000000000653e-05
7.407709000000000000e+09	-2.692242999999999980e-03	-1.773439599999999906e-03
7.407711125000000000e+09	-4.410374300000000428e-03	1.801961799999999983e-03
7.407713250000000000e+09	-3.509178200000000018e-03	-1.520279800000000087e-03
7.407715375000000000e+09	-4.493602299999999855e-03	-7.903739000000000120e-04
7.407717500000000000e+09	-1.625301100000000037e-03	-1.792093600000000016e-03
7.407719625000000000e+09	-2.042090800000000150e-03	-1.629689099999999955e-03
7.407721750000000000e+09	-3.141008299999999923e-03	2.181693299999999842e-03
7.407723875000000000e+09	-2.604080099999999971e-03	1.265242699999999994e-03
7.407726000000000000e+09	1.466429999999999951e-05	-6.482604999999999574e-04
7.407728125000000000e+09	-5.956079599999999745e-03	1.282804000000000127e-04
7.407730250000000000e+09	-1.291287899999999994e-03	-2.207956200000000136e-03
7.407732375000000000e+09	2.125494099999999942e-03	-3.513091800000000143e-03
7.407734500000000000e+09	3.358894500000000026e-03	3.561975999999999793e-04
7.407736625000000000e+09	-1.579549900000000060e-03	1.803498400000000087e-03
7.407738750000000000e+09	5.504429000000000353e-04	-4.946310899999999643e-03
7.407740875000000000e+09	-3.940176800000000368e-03	-4.991772799999999628e-03
7.407743000000000000e+09	-2.243158800000000144e-03	-1.566958999999999984e-04
7.407745125000000000e+09	1.439841000000000027e-04	-1.651875300000000017e-03
7.407747250000000000e+09	-4.507988699999999904e-03	-8.381092000000000359e-04
7.407749375000000000e+09	-2.312699799999999931e-03	2.634539999999999885e-03
7.407751500000000000e+09	-1.684227200000000015e-03	1.704730100000000038e-03
7.407753625000000000e+09	1.245860500000000063e-03	-1.284763000000000018e-04
7.407755750000000000e+09	-3.524833099999999820e-03	7.434012000000000476e-04
7.407757875000000000e+09	1.023548100000000027e-03	-2.347402399999999872e-03
7.407760000000000000e+09	-3.359425999999999775e-04	-2.373438900000000157e-03
7.407762125000000000e+09	-4.507888100000000293e-03	2.016372000000000216e-03
7.407764250000000000e+09	-1.785514499999999935e-03	1.218512799999999993e-03
7.407766375000000000e+09	2.104996200000000105e-03	1.740390299999999965e-03
7.407768500000000000e+09	1.146855299999999895e-03	2.477381800000000127e-03
7.407770625000000000e+09	-3.036764200000000025e-03	-3.544487999999999936e-04
7.407772750000000000e+09	-1.615788900000000037e-03	-1.119417300000000040e-03
7.407774875000000000e+09	-2.868271000000000037e-04	3.009107300000000117e-03
7.407777000000000000e+09	-6.696105000000000156e-04	5.790930999999999596e-04
7.407779125000000000e+09	5.280560000000000142e-05	3.201706800000000182e-03
7.407781250000000000e+09	-1.551565300000000078e-03	4.426705999999999762e-04
7.407783375000000000e+09	2.013327399999999788e-03	4.229753999999999957e-04
7.407785500000000000e+09	-2.738588200000000202e-03	-2.301619400000000110e-03
7.407787625000000000e+09	-5.465002499999999791e-03	1.563201300000000059e-03
7.407789750000000000e+09	-6.823413999999999651e-04	-8.421916999999999685e-04
7.407791875000000000e+09	-1.014030100000000000e-03	-7.546999999999999909e-06
7.407794000000000000e+09	-1.891922299999999977e-03	-1.463694999999999883e-04
7.407796125000000000e+09	-3.190307900000000172e-03	-6.005379999999999616e-04
7.407798250000000000e+09	5.138035000000000215e-04	-1.123359800000000045e-03
7.407800375000000000e+09	9.692484999999999816e-04	-1.111259399999999994e-03
7.407802500000000000e+09	1.185157399999999970e-03	-2.075352400000000062e-03
7.407804625000000000e+09	-2.950784100000000167e-03	-2.338894900000000089e-03
7.407806750000000000e+09	-9.550927999999999978e-04	5.682500999999999958e-04
7.407808875000000000e+09	3.296361700000000061e-03	4.229635000000000035e-04
7.407811000000000000e+09	-5.936122500000000010e-03	-2.515295999999999981e-04
7.407813125000000000e+09	-1.345828299999999970e-03	-7.992379999999999667e-04
7.407815250000000000e+09	-3.771158000000000257e-04	9.733612000000000210e-04
7.407817375000000000e+09	-5.045227700000000023e-03	-1.941180999999999940e-03
7.407819500000000000e+09	-4.009996000000000155e-04	-3.273699699999999945e-03
7.407821625000000000e+09	-2.414152799999999977e-03	-3.749132400000000209e-03
7.407823750000000000e+09	-2.779993499999999871e-03	-3.885617999999999971e-04
7.407825875000000000e+09	-2.461488400000000094e-03	1.533938199999999950e-03
7.407828000000000000e+09	-2.456412800000000105e-03	-2.563867000000000164e-04
7.407830125000000000e+09	2.327824500000000209e-03	-1.979120200000000079e-03
7.407832250000000000e+09	-2.617394900000000191e-03	-2.845987900000000216e-03
7.407834375000000000e+09	2.275578000000000052e-04	-1.790361099999999896e-03
7.407836500000000000e+09	-1.933295999999999929e-04	1.555567699999999909e-03
7.407838625000000000e+09	-4.927272899999999775e-03	1.840121600000000105e-03
7.407840750000000000e+09	-2.729256399999999919e-03	9.805201999999999841e-04
7.407842875000000000e+09	-4.121077899999999773e-03	-4.177038099999999705e-03
7.407845000000000000e+09	-1.113749800000000088e-03	-2.145131000000000208e-03
7.407847125000000000e+09	-4.698584999999999806e-04	-1.423820899999999993e-03
7.407849250000000000e+09	3.603354999999999926e-04	1.109547599999999995e-03
7.407851375000000000e+09	-3.347973000000000181e-03	3.194925000000000044e-04
7.407853500000000000e+09	-2.732289999999999890e-05	-3.859998600000000106e-03
7.407855625000000000e+09	-1.494664400000000068e-03	1.940986299999999899e-03
7.407857750000000000e+09	-3.387038000000000201e-03	-5.528625100000000153e-03
7.407859875000000000e+09	1.268358700000000051e-03	2.654200700000000027e-03
7.407862000000000000e+09	1.334621600000000016e-03	-2.150119900000000122e-03
7.407864125000000000e+09	2.282116700000000071e-03	-6.054626999999999926e-04
7.407866250000000000e+09	3.232294499999999876e-03	-3.702575200000000118e-03
7.407868375000000000e+09	-3.989646200000000406e-03	-3.193196000000000250e-04
7.407870500000000000e+09	2.562926000000000201e-04	-9.509489000000000527e-04
7.407872625000000000e+09	-2.424719200000000161e-03	-5.392620300000000415e-03
7.407874750000000000e+09	1.091442900000000066e-03	-2.005762300000000012e-03
7.407876875000000000e+09	-1.311628999999999974e-04	-6.144041099999999860e-03
7.407879000000000000e+09	3.641273600000000197e-03	-2.995727100000000146e-03
7.407881125000000000e+09	-1.400356499999999907e-03	-1.939401600000000090e-03
7.407883250000000000e+09	-8.783874000000000326e-04	-6.531474000000000004e-04
7.407885375000000000e+09	-2.361758600000000031e-03	-1.930217400000000050e-03
7.407887500000000000e+09	-2.664886400000000127e-03	-4.804641699999999925e-03
7.407889625000000000e+09	1.644410399999999932e-03	-7.076393999999999523e-04
7.407891750000000000e+09	-1.025627099999999910e-03	-3.384294300000000033e-03
7.407893875000000000e+09	5.727450999999999723e-04	-6.544412000000000319e-04
7.407896000000000000e+09	-4.533234000000000243e-04	-2.790789599999999888e-03
7.407898125000000000e+09	3.613264999999999836e-04	-2.821171099999999956e-03
7.407900250000000000e+09	2.014965599999999843e-03	-3.160867300000000032e-03
7.407902375000000000e+09	-1.282982700000000024e-03	-7.858099999999999591e-04
7.407904500000000000e+09	-4.430102600000000203e-03	3.223691999999999899e-04
7.407906625000000000e+09	-1.480992800000000041e-03	-1.547709399999999897e-03
7.407908750000000000e+09	7.195332999999999504e-04	-5.046224799999999601e-03
7.407910875000000000e+09	-1.572141999999999897e-03	-2.933140900000000186e-03
7.407913000000000000e+09	9.369011000000000006e-04	5.070889999999999827e-05
7.407915125000000000e+09	-1.866707200000000070e-03	-2.109436699999999928e-03
7.407917250000000000e+09	4.065898800000000354e-03	-6.864193999999999895e-04
7.407919375000000000e+09	-1.620352000000000034e-03	1.572801200000000042e-03
7.407921500000000000e+09	1.203576100000000072e-03	-9.293641000000000488e-04
7.407923625000000000e+09	2.813159999999999879e-03	-1.332402600000000097e-03
7.407925750000000000e+09	1.412480299999999914e-03	-2.390658400000000069e-03
7.407927875000000000e+09	-6.122541000000000441e-04	-2.877401800000000190e-03
7.407930000000000000e+09	-3.398761699999999948e-03	-6.127326999999999687e-04
7.407932125000000000e+09	-2.235042599999999789e-03	-4.178292999999999808e-04
7.407934250000000000e+09	-2.161943700000000176e-03	2.577177999999999739e-04
7.407936375000000000e+09	3.583195899999999830e-03	-2.413471800000000205e-03
7.407938500000000000e+09	-1.002904000000000046e-04	-1.059934599999999994e-03
7.407940625000000000e+09	-2.117235199999999932e-03	-1.359423299999999897e-03
7.407942750000000000e+09	-1.267668599999999994e-03	-1.355093500000000093e-03
7.407944875000000000e+09	-1.210179899999999902e-03	-2.978188100000000137e-03
7.407947000000000000e+09	-2.804180999999999774e-04	-3.408680000000000032e-05
7.407949125000000000e+09	4.138882800000000250e-03	-2.841000000000000209e-03
7.407951250000000000e+09	5.149285999999999881e-04	-2.263132800000000003e-03
7.407953375000000000e+09	5.157860999999999913e-04	-4.289352399999999885e-03
7.407955500000000000e+09	-1.631666599999999920e-03	5.583069999999999656e-04
7.407957625000000000e+09	2.025317000000000111e-04	2.664090500000000205e-03
7.407959750000000000e+09	-2.183535300000000005e-03	-3.639450800000000076e-03
7.407961875000000000e+09	1.271797700000000097e-03	-3.224074799999999789e-03
7.407964000000000000e+09	-3.839988099999999942e-03	-4.495322599999999717e-03
7.407966125000000000e+09	-6.614036999999999911e-04	-2.624054700000000035e-03
7.407968250000000000e+09	2.833287800000000144e-03	-1.088925699999999941e-03
7.407970375000000000e+09	-1.695423400000000075e-03	-5.975253399999999951e-03
7.407972500000000000e+09	-9.421762000000000409e-04	-3.415842499999999834e-03
7.407974625000000000e+09	-1.823516999999999976e-04	-3.435641000000000129e-04
7.407976750000000000e+09	2.519845399999999860e-03	1.270675499999999927e-03
7.407978875000000000e+09	-8.357796000000000235e-04	-6.288559400000000126e-03
7.407981000000000000e+09	-2.362736199999999898e-03	-1.790845999999999963e-04
7.407983125000000000e+09	4.026177500000000312e-03	-7.633066999999999673e-04
7.407985250000000000e+09	-3.783096999999999805e-04	-3.689792800000000171e-03
7.407987375000000000e+09	1.332719700000000026e-03	2.267798999999999867e-04
7.407989500000000000e+09	5.172889999999999867e-04	-3.757704199999999800e-03
7.407991625000000000e+09	-1.851132599999999895e-03	-3.239745300000000140e-03
7.407993750000000000e+09	-2.117292900000000092e-03	-4.532132099999999948e-03
7.407995875000000000e+09	-2.886092000000000149e-04	-2.704532899999999816e-03
7.407998000000000000e+09	-2.078757000000000087e-03	-4.916029199999999780e-03
7.408000125000000000e+09	-4.877960199999999830e-03	-7.804714800000000195e-03
7.408002250000000000e+09	-3.592669599999999928e-03	-6.656298100000000197e-03
7.408004375000000000e+09	-4.143551999999999999e-04	3.098874299999999828e-03
7.408006500000000000e+09	-2.411801299999999978e-03	-4.804843199999999682e-03
7.408008625000000000e+09	-3.279965900000000011e-03	1.782825399999999954e-03
7.408010750000000000e+09	-2.851570099999999920e-03	-1.152498600000000052e-03
7.408012875000000000e+09	1.659340000000000034e-03	-1.700191300000000088e-03
7.408015000000000000e+09	-4.489782000000000321e-03	1.309511999999999872e-04
7.408017125000000000e+09	1.387275000000000097e-04	3.198442299999999794e-03
7.408019250000000000e+09	5.439643999999999990e-04	-5.631122599999999895e-03
7.408021375000000000e+09	2.233285299999999887e-03	-1.029884800000000064e-03
7.408023500000000000e+09	2.537345600000000083e-03	-4.150401500000000347e-03
7.408025625000000000e+09	-3.505917900000000195e-03	-7.660329999999999483e-04
7.408027750000000000e+09	4.853160500000000196e-03	2.847614999999999738e-04
7.408029875000000000e+09	2.677839300000000103e-03	-9.071739999999999578e-04
7.408032000000000000e+09	-3.004264899999999853e-03	-1.676705999999999867e-04
7.408034125000000000e+09	-1.966193900000000067e-03	-1.487428000000000057e-03
7.408036250000000000e+09	7.690064999999999835e-04	-1.537578000000000002e-04
7.408038375000000000e+09	-9.849041000000000219e-04	-5.843188499999999765e-03
7.408040500000000000e+09	2.040136899999999993e-03	-1.922871999999999949e-03
7.408042625000000000e+09	-1.083727299999999926e-03	-6.841720000000000353e-04
7.408044750000000000e+09	-2.952913699999999957e-03	4.369485999999999791e-04
7.408046875000000000e+09	-1.016933499999999983e-03	-4.344529399999999889e-03
7.408049000000000000e+09	1.548254599999999981e-03	1.751803000000000073e-04
7.408051125000000000e+09	2.546764300000000075e-03	-6.418274300000000390e-03
7.408053250000000000e+09	-5.144284999999999960e-04	-1.347635000000000022e-03
7.408055375000000000e+09	4.997909999999999723e-05	-4.785391899999999824e-03
7.408057500000000000e+09	-5.040161100000000068e-03	-3.521281299999999906e-03
7.408059625000000000e+09	2.260184299999999820e-03	-2.115359700000000055e-03
7.408061750000000000e+09	-1.536140700000000097e-03	-1.878211500000000027e-03
7.408063875000000000e+09	-2.117989499999999980e-03	-4.380649300000000017e-03
7.408066000000000000e+09	-1.578967099999999948e-03	-2.716352899999999876e-03
7.408068125000000000e+09	1.109349999999999975e-05	-3.142742699999999823e-03
7.408070250000000000e+09	-6.781877999999999648e-04	-4.207006200000000182e-03
7.408072375000000000e+09	6.116134000000000284e-04	-1.973198900000000099e-03
7.408074500000000000e+09	-2.407439099999999967e-03	-7.421990499999999574e-03
7.408076625000000000e+09	4.122641999999999821e-04	-1.354640500000000008e-03
7.408078750000000000e+09	-4.784326600000000408e-03	-1.566866400000000012e-03
7.408080875000000000e+09	-2.033235200000000058e-03	-2.420553299999999870e-03
7.408083000000000000e+09	-3.583742500000000174e-03	-8.417700000000000399e-04
7.408085125000000000e+09	-8.008937999999999518e-04	-2.027596500000000170e-03
7.408087250000000000e+09	-2.263685499999999826e-03	-4.879291299999999679e-03
7.408089375000000000e+09	-1.572176100000000033e-03	-3.285992299999999835e-03
7.408091500000000000e+09	1.530063999999999925e-04	-3.221294100000000014e-03
7.408093625000000000e+09	-4.420436899999999683e-03	6.065267000000000488e-04
7.408095750000000000e+09	-7.580068000000000352e-04	-4.349355499999999798e-03
7.408097875000000000e+09	1.997817700000000061e-03	-3.670509699999999990e-03
7.408100000000000000e+09	2.993889999999999892e-05	-5.087606100000000194e-03
7.408102125000000000e+09	-2.395080799999999791e-03	-4.395914299999999567e-03
7.408104250000000000e+09	-1.620911999999999906e-04	-8.719005999999999848e-04
7.408106375000000000e+09	-6.205263999999999615e-04	-2.275260199999999938e-03
7.408108500000000000e+09	-2.167291200000000077e-03	-5.619420600000000175e-03
7.408110625000000000e+09	2.381450600000000004e-03	-3.366912200000000185e-03
7.408112750000000000e+09	-8.505331999999999563e-04	-3.105150499999999834e-03
7.408114875000000000e+09	-2.989058100000000200e-03	1.442660000000000008e-05
7.408117000000000000e+09	5.546611400000000039e-03	-2.887048900000000005e-03
7.408119125000000000e+09	3.526661200000000013e-03	-1.999900700000000007e-03
7.408121250000000000e+09	5.612765000000000462e-04	-3.290108600000000126e-03
7.408123375000000000e+09	5.181933100000000146e-03	3.045616999999999812e-04
7.408125500000000000e+09	3.122889000000000112e-04	1.970170199999999889e-03
7.408127625000000000e+09	4.768137999999999782e-04	-1.213788599999999921e-03
7.408129750000000000e+09	-3.580712000000000218e-04	-5.631583600000000106e-03
7.408131875000000000e+09	-9.115539999999999667e-04	-5.292004799999999731e-03
7.408134000000000000e+09	-1.117472200000000065e-03	-1.636856600000000106e-03
7.408136125000000000e+09	-6.413954999999999613e-04	-3.144362099999999972e-03
7.408138250000000000e+09	1.472990699999999998e-03	-2.773070199999999944e-03
7.408140375000000000e+09	7.256187000000000531e-04	-2.780241000000000136e-04
7.408142500000000000e+09	2.400165799999999950e-03	-6.407981200000000162e-03
7.408144625000000000e+09	3.111376800000000171e-03	-4.465582400000000195e-03
7.408146750000000000e+09	-2.341371000000000077e-03	1.527285999999999932e-04
7.408148875000000000e+09	2.418559000000000030e-04	-3.646848999999999751e-04
7.408151000000000000e+09	1.200383400000000099e-03	-6.077972400000000198e-03
7.408153125000000000e+09	-4.064054999999999578e-03	-5.196485100000000287e-03
7.408155250000000000e+09	-2.817178000000000043e-03	-4.495695499999999810e-03
7.408157375000000000e+09	-3.624872000000000012e-04	-7.299699500000000375e-03
7.408159500000000000e+09	-2.832795999999999838e-04	-8.435349800000000245e-03
7.408161625000000000e+09	-1.824005100000000105e-03	-5.487216000000000489e-04
7.408163750000000000e+09	6.496883999999999645e-04	-5.447106499999999907e-03
7.408165875000000000e+09	9.566912000000000332e-04	1.186979999999999942e-05
7.408168000000000000e+09	2.666279100000000166e-03	7.330293999999999786e-04
7.408170125000000000e+09	-6.588447999999999570e-04	-2.890524700000000023e-03
7.408172250000000000e+09	-1.561573300000000013e-03	3.770164999999999910e-04
7.408174375000000000e+09	-3.641638699999999798e-03	-4.196905600000000111e-03
7.408176500000000000e+09	-2.997605600000000179e-03	-9.598160999999999802e-04
7.408178625000000000e+09	-1.569481099999999992e-03	-1.701522100000000051e-03
7.408180750000000000e+09	2.655807200000000114e-03	-8.700086000000000104e-04
7.408182875000000000e+09	-1.459921999999999945e-04	-3.616862000000000202e-03
7.408185000000000000e+09	-1.044937300000000008e-03	-4.198623599999999623e-03
7.408187125000000000e+09	-1.387209199999999993e-03	-2.134307099999999818e-03
7.408189250000000000e+09	5.965545999999999956e-04	-2.494942400000000129e-03
7.408191375000000000e+09	-1.925570199999999997e-03	-1.121360600000000053e-03
7.408193500000000000e+09	-1.151298999999999969e-04	-9.181366000000000483e-04
7.408195625000000000e+09	9.962874999999999509e-04	-3.142294700000000142e-03
7.408197750000000000e+09	5.714110000000000082e-05	-4.698495900000000322e-03
7.408199875000000000e+09	-1.425661900000000032e-03	-4.590074300000000079e-03
7.408202000000000000e+09	-1.489464200000000091e-03	-1.566144000000000000e-03
7.408204125000000000e+09	1.443955899999999895e-03	-1.892898399999999983e-03
7.408206250000000000e+09	4.302328000000000120e-04	-5.440418199999999885e-03
7.408208375000000000e+09	-2.742943299999999959e-03	-8.513646999999999838e-04
7.408210500000000000e+09	2.052750800000000160e-03	-1.063172200000000100e-03
7.408212625000000000e+09	-1.376631699999999927e-03	-3.210288099999999978e-03
7.408214750000000000e+09	2.330434699999999956e-03	-1.787284500000000049e-03
7.408216875000000000e+09	3.978338999999999790e-04	-4.681445700000000029e-03
7.408219000000000000e+09	-2.259845999999999979e-04	-1.658587900000000085e-03
7.408221125000000000e+09	-2.283548000000000045e-04	-2.882461700000000029e-03
7.408223250000000000e+09	-2.348358100000000077e-03	-2.923764900000000010e-03
7.408225375000000000e+09	-3.460140000000000112e-04	-5.849909000000000359e-03
7.408227500000000000e+09	9.114734999999999461e-04	-5.095460900000000314e-03
7.408229625000000000e+09	1.596136599999999940e-03	-4.275192700000000380e-03
7.408231750000000000e+09	3.459291499999999926e-03	-3.370218300000000014e-03
7.408233875000000000e+09	-4.132909999999999839e-04	-1.048338000000000058e-04
7.408236000000000000e+09	-1.923449700000000057e-03	-2.545755499999999977e-03
7.408238125000000000e+09	-4.859455999999999845e-04	-5.012983900000000242e-03
7.408240250000000000e+09	3.503916499999999885e-03	8.750300000000000569e-05
7.408242375000000000e+09	-1.271406600000000086e-03	-3.415553699999999797e-03
7.408244500000000000e+09	2.322028000000000124e-04	-5.853023100000000201e-03
7.408246625000000000e+09	-1.774374499999999957e-03	9.689148999999999548e-04
7.408248750000000000e+09	1.170554999999999990e-03	-1.809808499999999943e-03
7.408250875000000000e+09	-9.049827999999999779e-04	5.983965000000000161e-04
7.408253000000000000e+09	1.671947499999999970e-03	-5.517430099999999851e-03
7.408255125000000000e+09	-6.828151999999999876e-04	1.934759799999999927e-03
7.408257250000000000e+09	5.262243000000000432e-04	-6.359996300000000241e-03
7.408259375000000000e+09	-1.160234800000000061e-03	-5.021508099999999648e-03
7.408261500000000000e+09	-2.347046099999999802e-03	-5.951337400000000256e-03
7.408263625000000000e+09	3.468074499999999980e-03	-3.318092500000000087e-03
7.408265750000000000e+09	-2.150400900000000101e-03	-4.348819299999999964e-03
7.408267875000000000e+09	1.207757600000000046e-03	-5.751171299999999903e-03
7.408270000000000000e+09	4.311053399999999723e-03	-1.881729599999999942e-03
7.408272125000000000e+09	-7.377993999999999481e-04	-4.637192299999999719e-03
7.408274250000000000e+09	-3.507868800000000196e-03	-2.137553999999999897e-04
7.408276375000000000e+09	-7.239489999999999359e-05	-6.543813300000000423e-03
7.408278500000000000e+09	3.088339800000000114e-03	-7.015422000000000541e-04
7.408280625000000000e+09	1.718622900000000035e-03	-6.559115299999999579e-03
7.408282750000000000e+09	-1.402270699999999971e-03	-5.944683800000000358e-03
7.408284875000000000e+09	-3.056914600000000190e-03	2.632485999999999854e-04
7.408287000000000000e+09	2.736115400000000038e-03	-3.554984800000000021e-03
7.408289125000000000e+09	3.015360999999999823e-03	-3.750056800000000148e-03
7.408291250000000000e+09	1.835163400000000035e-03	-4.058139100000000138e-03
7.408293375000000000e+09	2.034236100000000064e-03	-2.209582400000000002e-03
7.408295500000000000e+09	-1.815116600000000070e-03	-2.159984000000000209e-03
7.408297625000000000e+09	1.894789999999999929e-03	-3.709086800000000166e-03
7.408299750000000000e+09	1.018385799999999963e-03	-5.706615200000000020e-03
7.408301875000000000e+09	8.116051900000000735e-03	-2.873921800000000040e-03
7.408304000000000000e+09	2.517822299999999958e-03	-8.588037899999999628e-03
7.408306125000000000e+09	-9.410243000000000427e-04	-6.910881100000000263e-03
7.408308250000000000e+09	-5.551174499999999602e-03	-4.337741899999999866e-03
7.408310375000000000e+09	1.153599800000000000e-03	-1.346722500000000020e-03
7.408312500000000000e+09	4.942657799999999879e-03	-2.156368999999999994e-03
7.408314625000000000e+09	-3.254825600000000024e-03	-2.975415400000000054e-03
7.408316750000000000e+09	4.377691999999999760e-04	-4.380628899999999999e-03
7.408318875000000000e+09	-4.795531300000000115e-03	-8.038694500000000479e-03
7.408321000000000000e+09	-1.252107699999999938e-03	-1.611899200000000039e-03
7.408323125000000000e+09	5.724610699999999573e-03	-2.007834100000000042e-03
7.408325250000000000e+09	-1.684780400000000008e-03	-1.865876399999999956e-03
7.408327375000000000e+09	3.413900000000000043e-06	-5.035921599999999831e-03
7.408329500000000000e+09	2.121173100000000103e-03	-4.696732599999999674e-03
7.408331625000000000e+09	1.495859499999999944e-03	-5.918213099999999893e-03
7.408333750000000000e+09	-1.381650099999999926e-03	-3.028265999999999944e-03
7.408335875000000000e+09	2.624808499999999913e-03	-1.185684900000000090e-03
7.408338000000000000e+09	-1.232390999999999999e-03	-5.668576600000000028e-03
7.408340125000000000e+09	5.667939999999999811e-05	-7.275632000000000410e-04
7.408342250000000000e+09	-2.183080100000000037e-03	-6.823637799999999858e-03
7.408344375000000000e+09	-1.271731099999999937e-03	-2.765748000000000165e-03
7.408346500000000000e+09	-7.909021000000000454e-04	-4.113909000000000120e-04
7.408348625000000000e+09	-1.686571900000000080e-03	-3.984963799999999626e-03
7.408350750000000000e+09	7.255182999999999684e-04	-5.800279799999999604e-03
7.408352875000000000e+09	1.394668599999999937e-03	-1.569711699999999915e-03
7.408355000000000000e+09	1.572564499999999990e-03	-2.934245099999999856e-03
7.408357125000000000e+09	-1.228360000000000010e-04	-6.575239499999999820e-03
7.408359250000000000e+09	3.114561400000000202e-03	-1.381090800000000021e-03
7.408361375000000000e+09	-3.351739999999999863e-04	-5.037292700000000310e-03
7.408363500000000000e+09	2.352306499999999925e-03	-1.825045999999999873e-04
7.408365625000000000e+09	1.439618900000000021e-03	-4.441823200000000194e-03
7.408367750000000000e+09	-5.013699999999999787e-05	-3.832095199999999841e-03
7.408369875000000000e+09	-2.043376700000000198e-03	-2.561687999999999899e-03
7.408372000000000000e+09	-2.024279899999999795e-03	-6.423449500000000083e-03
7.408374125000000000e+09	3.886248000000000133e-04	-6.581918400000000106e-03
7.408376250000000000e+09	2.454536999999999908e-04	-5.220566200000000337e-03
7.408378375000000000e+09	3.041402199999999976e-03	-5.792368499999999733e-03
7.408380500000000000e+09	1.356412200000000050e-03	-2.171723600000000174e-03
7.408382625000000000e+09	-4.894246000000000100e-04	-3.087923299999999899e-03
7.408384750000000000e+09	-1.569455399999999902e-03	-1.862671599999999976e-03
7.408386875000000000e+09	-7.927951000000000355e-04	-4.793742400000000278e-03
7.408389000000000000e+09	-2.453269200000000178e-03	-7.369605599999999763e-03
7.408391125000000000e+09	4.253472999999999803e-03	-3.284158200000000197e-03
7.408393250000000000e+09	2.832091799999999961e-03	-2.188486099999999938e-03
7.408395375000000000e+09	2.214272399999999905e-03	-3.635326400000000058e-03
7.408397500000000000e+09	7.468184000000000324e-04	-5.624795999999999616e-03
7.408399625000000000e+09	2.120576199999999953e-03	-4.368628400000000404e-03
7.408401750000000000e+09	-1.385129900000000008e-03	-2.472730099999999841e-03
7.408403875000000000e+09	-7.224656999999999564e-04	-3.464202200000000061e-03
7.408406000000000000e+09	-3.575867500000000105e-03	-3.753877799999999921e-03
7.408408125000000000e+09	1.328304499999999940e-03	1.698399999999999866e-05
7.408410250000000000e+09	-1.037005099999999949e-03	-2.699247799999999944e-03
7.408412375000000000e+09	-2.139641099999999886e-03	-1.773113700000000011e-03
7.408414500000000000e+09	3.479096000000000207e-04	-4.155352999999999651e-03
7.408416625000000000e+09	-2.564532999999999917e-03	-2.342309800000000157e-03
7.408418750000000000e+09	3.093325000000000068e-04	-6.230742000000000051e-04
7.408420875000000000e+09	1.145092799999999954e-03	-4.789988599999999569e-03
7.408423000000000000e+09	1.407483699999999976e-03	-5.479279299999999762e-03
7.408425125000000000e+09	-1.923369999999999984e-03	-3.277246100000000186e-03
7.408427250000000000e+09	-5.243566199999999920e-03	-5.486054199999999825e-03
7.408429375000000000e+09	-2.634758300000000168e-03	-1.486727599999999958e-03
7.408431500000000000e+09	-9.487890000000000397e-05	-2.182778499999999972e-03
7.408433625000000000e+09	1.461885999999999915e-03	-3.358031300000000139e-03
7.408435750000000000e+09	-2.393360800000000031e-03	1.063156700000000019e-03
7.408437875000000000e+09	5.058124000000000431e-04	3.994134000000000204e-04
7.408440000000000000e+09	5.349114000000000299e-04	-5.403413400000000276e-03
7.408442125000000000e+09	2.968337000000000037e-04	-2.250567099999999793e-03
7.408444250000000000e+09	-2.955624600000000216e-03	-8.944352000000000249e-04
7.408446375000000000e+09	1.380606400000000070e-03	-4.708534000000000330e-03
7.408448500000000000e+09	8.148002999999999583e-04	-3.000576100000000059e-03
7.408450625000000000e+09	-5.153662000000000260e-04	-4.573525000000000160e-03
7.408452750000000000e+09	-6.012389000000000145e-04	-2.073307600000000132e-03
7.408454875000000000e+09	-1.929606000000000105e-04	-4.556094200000000184e-03
7.408457000000000000e+09	3.036290499999999819e-03	-3.922961699999999788e-03
7.408459125000000000e+09	-1.204259799999999898e-03	-9.088537600000000036e-03
7.408461250000000000e+09	2.164204099999999902e-03	-4.164690399999999675e-03
7.408463375000000000e+09	-5.531543000000000310e-04	-1.751815099999999917e-03
7.408465500000000000e+09	-2.958552399999999846e-03	-3.316809999999999843e-05
7.408467625000000000e+09	-3.445432999999999916e-04	1.374668799999999953e-03
7.408469750000000000e+09	2.953609700000000074e-03	-2.597529900000000204e-03
7.408471875000000000e+09	-2.518327099999999926e-03	-2.490386900000000122e-03
7.408474000000000000e+09	3.448793600000000115e-03	-4.037122599999999964e-03
7.408476125000000000e+09	-2.027496299999999828e-03	-1.616965200000000007e-03
7.408478250000000000e+09	-1.915196000000000086e-03	-7.370482599999999586e-03
7.408480375000000000e+09	1.271040800000000030e-03	-4.533318000000000157e-04
7.408482500000000000e+09	4.891623200000000393e-03	-2.552256599999999914e-03
7.408484625000000000e+09	1.893750899999999907e-03	-3.138096800000000214e-03
7.408486750000000000e+09	-2.215941400000000054e-03	-5.530558000000000522e-04
7.408488875000000000e+09	-3.163188800000000210e-03	-6.193296899999999917e-03
7.408491000000000000e+09	-1.172301200000000010e-03	-1.725902299999999964e-03
7.408493125000000000e+09	7.187589999999999398e-05	-3.361309700000000063e-03
7.408495250000000000e+09	9.243580000000000156e-04	-6.093039700000000419e-03
7.408497375000000000e+09	-9.984939999999999983e-05	-1.208677800000000071e-03
7.408499500000000000e+09	1.292712699999999919e-03	-2.963177200000000067e-03
7.408501625000000000e+09	-3.144366000000000001e-03	-1.426203600000000007e-03
7.408503750000000000e+09	2.183228000000000165e-03	-8.416242900000000735e-03
7.408505875000000000e+09	-1.700999000000000076e-04	-8.645784499999999845e-03
7.408508000000000000e+09	-3.239888299999999898e-03	-2.402297500000000023e-03
7.408510125000000000e+09	-3.414537799999999880e-03	-5.779905999999999586e-03
7.408512250000000000e+09	5.633822000000000352e-04	-5.417407100000000419e-03
7.408514375000000000e+09	-1.348262200000000096e-03	-3.274884500000000212e-03
7.408516500000000000e+09	1.963611599999999860e-03	-2.797700000000000187e-03
7.408518625000000000e+09	-1.025296599999999964e-03	-2.131912999999999929e-04
7.408520750000000000e+09	2.225368100000000172e-03	-2.012464900000000140e-03
7.408522875000000000e+09	1.185185399999999977e-03	-1.807659000000000089e-03
7.408525000000000000e+09	-4.282946999999999622e-03	-2.072945899999999956e-03
7.408527125000000000e+09	3.082378399999999904e-03	-2.149712399999999940e-03
7.408529250000000000e+09	-2.001038499999999859e-03	-6.031064699999999848e-03
7.408531375000000000e+09	1.374042800000000071e-03	-4.232221199999999621e-03
7.408533500000000000e+09	8.306992000000000239e-04	-2.783005500000000024e-03
7.408535625000000000e+09	-2.589467299999999913e-03	-2.302901400000000130e-03
7.408537750000000000e+09	3.155954900000000184e-03	-8.906014500000000028e-03
7.408539875000000000e+09	1.509523000000000028e-03	-4.857355199999999901e-03
7.408542000000000000e+09	-1.753387500000000085e-03	-2.162754600000000010e-03
7.408544125000000000e+09	6.537199999999999955e-04	-2.809751599999999860e-03
7.408546250000000000e+09	-1.398740500000000050e-03	-4.471839600000000227e-03
7.408548375000000000e+09	9.392699000000000447e-04	-3.133009799999999807e-03
7.408550500000000000e+09	1.787041799999999903e-03	-3.342248300000000023e-03
7.408552625000000000e+09	-3.045387799999999933e-03	-3.880044500000000198e-03
7.408554750000000000e+09	-2.897632000000000246e-04	-5.600666300000000340e-03
7.408556875000000000e+09	2.480572400000000035e-03	-5.433064599999999807e-03
7.408559000000000000e+09	-6.392893000000000187e-04	-4.214130800000000232e-03
7.408561125000000000e+09	1.748009399999999941e-03	-5.350918399999999783e-03
7.408563250000000000e+09	-1.354833400000000085e-03	-4.208826300000000249e-03
7.408565375000000000e+09	-3.061820399999999956e-03	-6.819128500000000426e-03
7.408567500000000000e+09	1.750824700000000022e-03	-6.040237199999999584e-03
7.408569625000000000e+09	-3.916662300000000110e-03	-5.920112499999999681e-03
7.408571750000000000e+09	-1.804264799999999924e-03	-2.875126699999999789e-03
7.408573875000000000e+09	8.024202000000000461e-04	1.894287699999999946e-03
7.408576000000000000e+09	9.831646999999999349e-04	-6.504645699999999676e-03
7.408578125000000000e+09	-1.677144599999999975e-03	-5.640116700000000378e-03
7.408580250000000000e+09	-2.879764600000000140e-03	-1.487940600000000084e-03
7.408582375000000000e+09	-1.657954199999999963e-03	-2.639546899999999866e-03
7.408584500000000000e+09	1.449199999999999881e-04	-3.720562000000000175e-03
7.408586625000000000e+09	-3.963115999999999818e-04	-3.739521500000000161e-03
7.408588750000000000e+09	-1.509378100000000056e-03	-6.418916600000000409e-03
7.408590875000000000e+09	-3.665600000000000107e-06	-6.573678500000000070e-03
7.408593000000000000e+09	-1.893372599999999925e-03	-3.681222000000000053e-03
7.408595125000000000e+09	2.812735000000000235e-04	-5.285864700000000166e-03
7.408597250000000000e+09	-8.887571000000000360e-04	-2.706180299999999973e-03
7.408599375000000000e+09	-5.529255099999999881e-03	-3.748178899999999886e-03
7.408601500000000000e+09	1.201073200000000053e-03	-3.172184099999999802e-03
7.408603625000000000e+09	-1.344064999999999973e-03	-2.599916800000000132e-03
7.408605750000000000e+09	-2.556807500000000087e-03	-3.253228500000000106e-03
7.408607875000000000e+09	-2.374907600000000091e-03	-5.483419199999999862e-03
7.408610000000000000e+09	-5.731459000000000380e-04	-1.049602300000000059e-03
7.408612125000000000e+09	8.476969999999999579e-05	-5.502913400000000038e-03
7.408614250000000000e+09	-4.890848300000000259e-03	-3.607274000000000157e-03
7.408616375000000000e+09	-8.109258999999999738e-04	-3.510267799999999914e-03
7.408618500000000000e+09	-1.855566899999999990e-03	-3.801762299999999865e-03
7.408620625000000000e+09	-2.136822999999999934e-03	-1.052997900000000051e-03
7.408622750000000000e+09	-1.128398899999999948e-03	-2.492377599999999818e-03
7.408624875000000000e+09	7.533600000000000105e-04	-2.073174599999999881e-03
7.408627000000000000e+09	-2.011680300000000168e-03	-1.616426700000000039e-03
7.408629125000000000e+09	2.717577699999999905e-03	2.257540000000000073e-05
7.408631250000000000e+09	-4.953029900000000159e-03	-4.138818499999999574e-03
7.408633375000000000e+09	-1.333616999999999941e-04	-6.564188500000000051e-03
7.408635500000000000e+09	-1.970747999999999923e-04	-4.951469000000000009e-04
7.408637625000000000e+09	2.917889999999999807e-04	-3.811069700000000067e-03
7.408639750000000000e+09	4.230814299999999945e-03	-5.187620300000000094e-03
7.408641875000000000e+09	-2.806877000000000265e-04	-7.825276299999999602e-03
7.408644000000000000e+09	3.101802900000000165e-03	-7.945851999999999559e-04
7.408646125000000000e+09	6.111530000000000218e-04	-4.025982800000000271e-03
7.408648250000000000e+09	-5.314735999999999592e-03	-2.548615000000000168e-03
7.408650375000000000e+09	-2.187436400000000204e-03	-3.466643699999999960e-03
7.408652500000000000e+09	-4.232329299999999621e-03	-3.640662099999999839e-03
7.408654625000000000e+09	3.065649100000000186e-03	-3.844912399999999945e-03
7.408656750000000000e+09	-1.375232000000000049e-04	-7.096741000000000160e-04
7.408658875000000000e+09	1.657533799999999936e-03	-2.707789999999999850e-03
7.408661000000000000e+09	-2.022275300000000130e-03	-6.654474599999999837e-03
7.408663125000000000e+09	-2.083859899999999845e-03	-1.456847000000000046e-03
7.408665250000000000e+09	-4.620964899999999848e-03	-6.257890799999999733e-03
7.408667375000000000e+09	-7.750028800000000224e-03	-5.809361100000000333e-03
7.408669500000000000e+09	-2.261821900000000104e-03	-4.604778999999999817e-03
7.408671625000000000e+09	-3.204151100000000169e-03	-3.157294299999999828e-03
7.408673750000000000e+09	-3.250060500000000099e-03	-4.989115100000000164e-03
7.408675875000000000e+09	-3.566377700000000154e-03	-5.088141000000000018e-03
7.408678000000000000e+09	1.836986799999999927e-03	-1.240562900000000048e-03
7.408680125000000000e+09	-2.421819799999999807e-03	-5.994057000000000334e-04
7.408682250000000000e+09	-1.757597999999999973e-04	-5.176768299999999663e-03
7.408684375000000000e+09	-2.379170600000000101e-03	-7.722748800000000038e-03
7.408686500000000000e+09	-8.955567999999999905e-04	-3.725271000000000051e-03
7.408688625000000000e+09	8.320380000000000050e-04	-5.040134299999999602e-03
7.408690750000000000e+09	5.037540000000000073e-03	-4.284350499999999874e-03
7.408692875000000000e+09	3.611371000000000156e-04	-8.599513899999999475e-03
7.408695000000000000e+09	-3.688754399999999954e-03	-6.561542899999999942e-03
7.408697125000000000e+09	-2.507113599999999821e-03	-1.277740000000000069e-05
7.408699250000000000e+09	-3.404042600000000123e-03	-3.923472199999999965e-03
7.408701375000000000e+09	-5.038684000000000088e-04	-7.774997100000000105e-03
7.408703500000000000e+09	1.643744300000000037e-03	-3.598236500000000053e-03
7.408705625000000000e+09	-4.239309600000000337e-03	-6.866165100000000063e-03
7.408707750000000000e+09	1.485546599999999903e-03	-3.881343499999999943e-03
7.408709875000000000e+09	-4.305514999999999993e-04	-2.051265200000000101e-03
7.408712000000000000e+09	-7.364407000000000115e-04	-4.090446699999999991e-03
7.408714125000000000e+09	-2.604222800000000060e-03	-4.207257100000000305e-03
7.408716250000000000e+09	-3.987869899999999662e-03	-3.019949599999999842e-03
7.408718375000000000e+09	1.617280200000000088e-03	1.036871499999999927e-03
7.408720500000000000e+09	-4.862244000000000266e-04	-5.829579199999999732e-03
7.408722625000000000e+09	1.808936199999999989e-03	-4.491364900000000167e-03
7.408724750000000000e+09	-1.279869899999999975e-03	-6.162136300000000018e-03
7.408726875000000000e+09	-4.737493899999999612e-03	-3.411268700000000091e-03
7.408729000000000000e+09	7.173366000000000464e-04	-5.763218999999999547e-04
7.408731125000000000e+09	-6.767622600000000252e-03	-4.541684800000000098e-03
7.408733250000000000e+09	-4.760789399999999782e-03	-5.044184999999999641e-03
7.408735375000000000e+09	8.960933000000000353e-04	-3.283852299999999967e-03
7.408737500000000000e+09	-1.749014699999999929e-03	-3.233885000000000145e-03
7.408739625000000000e+09	-3.645200000000000133e-04	-3.693682099999999816e-03
7.408741750000000000e+09	1.170140000000000015e-04	-4.930897400000000194e-03
7.408743875000000000e+09	-4.372387600000000353e-03	-5.346273099999999945e-03
7.408746000000000000e+09	4.043669999999999860e-04	-3.489904199999999904e-03
7.408748125000000000e+09	-6.475824699999999622e-03	-5.731449700000000244e-03
7.408750250000000000e+09	-2.086632399999999860e-03	-3.659826599999999909e-03
7.408752375000000000e+09	-3.103779999999999885e-04	8.387137999999999928e-04
7.408754500000000000e+09	-1.937575699999999996e-03	-4.649693300000000418e-03
7.408756625000000000e+09	-1.528324699999999980e-03	-4.331203500000000220e-03
7.408758750000000000e+09	-1.109039700000000054e-03	-8.317213099999999984e-03
7.408760875000000000e+09	-3.528704200000000197e-03	-2.841901700000000214e-03
7.408763000000000000e+09	-6.596536000000000500e-04	-1.907606999999999966e-03
7.408765125000000000e+09	-1.978066000000000112e-03	-1.870062800000000082e-03
7.408767250000000000e+09	-2.851756200000000064e-03	-6.583892600000000248e-03
7.408769375000000000e+09	7.211869999999999782e-04	-6.370617299999999962e-03
7.408771500000000000e+09	2.595312099999999827e-03	-4.796568000000000186e-04
7.408773625000000000e+09	9.851733000000000972e-04	-1.466376199999999989e-03
7.408775750000000000e+09	5.766855000000000201e-04	-3.465501000000000172e-03
7.408777875000000000e+09	5.752040999999999838e-04	-3.564910299999999796e-03
7.408780000000000000e+09	-3.864019099999999821e-03	-4.690823700000000020e-03
7.408782125000000000e+09	-2.537333599999999894e-03	-2.761237299999999822e-03
7.408784250000000000e+09	-1.615855899999999899e-03	-7.601586399999999723e-03
7.408786375000000000e+09	1.395682000000000086e-03	-2.583396500000000127e-03
7.408788500000000000e+09	-1.169776499999999929e-03	-5.130489200000000298e-03
7.408790625000000000e+09	-1.872820500000000037e-03	-2.561264199999999797e-03
7.408792750000000000e+09	-8.539137000000000029e-04	-6.795861499999999999e-03
7.408794875000000000e+09	-3.940855200000000121e-03	-3.761321599999999966e-03
7.408797000000000000e+09	2.661666000000000140e-04	-7.988409999999999608e-03
7.408799125000000000e+09	-4.029347800000000236e-03	-3.700578400000000077e-03
7.408801250000000000e+09	3.648684100000000163e-03	-4.771004599999999901e-03
7.408803375000000000e+09	-6.624967800000000108e-03	-5.253149399999999629e-03
7.408805500000000000e+09	-4.443535000000000193e-03	-2.133594999999999849e-03
7.408807625000000000e+09	-6.543633999999999562e-04	-1.354685200000000072e-03
7.408809750000000000e+09	-3.619953500000000143e-03	-7.235365100000000146e-03
7.408811875000000000e+09	-3.115088999999999814e-04	-4.024703900000000008e-03
7.408814000000000000e+09	-1.698792100000000001e-03	-4.208800399999999657e-03
7.408816125000000000e+09	-1.154506399999999941e-03	-2.967478400000000092e-03
7.408818250000000000e+09	2.889380000000000109e-05	-1.382837600000000030e-03
7.408820375000000000e+09	1.009567100000000094e-03	-7.688026199999999782e-03
7.408822500000000000e+09	-3.519991999999999891e-04	-3.816610299999999897e-03
7.408824625000000000e+09	-2.000748000000000110e-04	-1.377884599999999998e-03
7.408826750000000000e+09	-2.638928000000000020e-03	-6.527162100000000015e-03
7.408828875000000000e+09	-5.056936500000000327e-03	-4.190172899999999694e-03
7.408831000000000000e+09	-4.693294500000000369e-03	-4.858004200000000036e-03
7.408833125000000000e+09	1.912636199999999962e-03	-3.468515799999999979e-03
7.408835250000000000e+09	-1.903988199999999973e-03	-3.265323799999999936e-03
7.408837375000000000e+09	-3.432821400000000099e-03	-8.698202999999999838e-03
7.408839500000000000e+09	-4.677958700000000095e-03	1.072151799999999976e-03
7.408841625000000000e+09	-3.195331599999999810e-03	-3.858204999999999968e-03
7.408843750000000000e+09	-1.082917600000000069e-03	-4.755549700000000213e-03
7.408845875000000000e+09	-4.330359800000000044e-03	-1.124478200000000004e-03
7.408848000000000000e+09	-1.633474499999999947e-03	-2.621803900000000114e-03
7.408850125000000000e+09	-3.352251899999999975e-03	-2.622139000000000002e-04
7.408852250000000000e+09	-4.098343400000000088e-03	-5.373944500000000027e-03
7.408854375000000000e+09	-5.752433000000000372e-03	-3.819332800000000208e-03
7.408856500000000000e+09	6.517845000000000409e-04	-5.656950200000000067e-03
7.408858625000000000e+09	1.318401000000000078e-03	-7.402828099999999786e-03
7.408860750000000000e+09	-1.206234000000000039e-03	-8.630919000000000785e-03
7.408862875000000000e+09	-4.402391299999999959e-03	-7.161266700000000138e-03
7.408865000000000000e+09	-1.429347999999999990e-03	-3.888384400000000074e-03
7.408867125000000000e+09	-3.336448000000000105e-03	-4.913128699999999918e-03
7.408869250000000000e+09	-9.719765000000000002e-04	-1.970175900000000098e-03
7.408871375000000000e+09	-4.472529099999999862e-03	-3.397636500000000056e-03
7.408873500000000000e+09	-3.250039599999999911e-03	-1.221510600000000075e-03
7.408875625000000000e+09	-9.242433999999999676e-04	-3.081458000000000027e-03
7.408877750000000000e+09	3.303489199999999799e-03	-4.308364200000000359e-03
7.408879875000000000e+09	-2.778412699999999874e-03	-6.002907400000000171e-03
7.408882000000000000e+09	-8.729993999999999818e-04	-3.687402999999999905e-04
7.408884125000000000e+09	1.102611999999999993e-03	-2.518139500000000138e-03
7.408886250000000000e+09	-4.712418700000000141e-03	-3.678951099999999783e-03
7.408888375000000000e+09	-3.731473600000000113e-03	-5.974176500000000049e-03
7.408890500000000000e+09	-2.741594600000000180e-03	-7.314970199999999700e-03
7.408892625000000000e+09	9.080037999999999478e-04	-5.001053699999999901e-03
7.408894750000000000e+09	-2.801014000000000108e-03	-5.795960999999999648e-03
7.408896875000000000e+09	-2.820559700000000065e-03	-3.141778500000000189e-03
7.408899000000000000e+09	-2.466484799999999963e-03	-4.507910599999999726e-03
7.408901125000000000e+09	-1.025446900000000043e-03	-3.898997400000000103e-03
7.408903250000000000e+09	-1.642307100000000002e-03	-2.623699100000000204e-03
7.408905375000000000e+09	-3.016061799999999841e-03	-5.533171499999999660e-03
7.408907500000000000e+09	-8.105287000000000516e-04	-8.126925800000000394e-03
7.408909625000000000e+09	-3.780621100000000102e-03	-2.415685999999999897e-04
7.408911750000000000e+09	-2.673283700000000061e-03	-2.558215799999999807e-03
7.408913875000000000e+09	-2.584742499999999853e-03	-7.780581000000000172e-04
7.408916000000000000e+09	-4.279179000000000251e-04	-3.098780800000000037e-03
7.408918125000000000e+09	-4.538507300000000320e-03	-3.512014800000000207e-03
7.408920250000000000e+09	-4.987179799999999844e-03	-2.923612999999999820e-03
7.408922375000000000e+09	-3.473740600000000105e-03	-5.389481300000000322e-03
7.408924500000000000e+09	-1.249826199999999957e-03	-6.086969999999999707e-03
7.408926625000000000e+09	-5.389307700000000104e-03	-1.365845899999999953e-03
7.408928750000000000e+09	-2.038052199999999901e-03	3.346860000000000004e-04
7.408930875000000000e+09	9.075783999999999501e-04	-3.212988400000000092e-03
7.408933000000000000e+09	-2.324047000000000092e-03	-2.032776000000000027e-03
7.408935125000000000e+09	1.795460100000000059e-03	-3.834145000000000175e-03
7.408937250000000000e+09	-2.416426499999999901e-03	-3.337664999999999968e-04
7.408939375000000000e+09	-1.291232499999999967e-03	-1.577522000000000039e-03
7.408941500000000000e+09	3.270396499999999804e-03	-4.214266700000000171e-03
7.408943625000000000e+09	-4.148670600000000340e-03	-6.634972400000000402e-03
7.408945750000000000e+09	-3.659967499999999818e-03	-1.859849800000000063e-03
7.408947875000000000e+09	-3.754647500000000016e-03	-1.004440199999999958e-03
7.408950000000000000e+09	-5.592493599999999801e-03	-6.275879399999999969e-03
7.408952125000000000e+09	-3.622975999999999974e-03	-6.971942200000000138e-03
7.408954250000000000e+09	-1.655649099999999957e-03	-1.207423599999999991e-03
7.408956375000000000e+09	9.843256000000000748e-04	-1.915367999999999921e-04
7.408958500000000000e+09	-2.011516300000000187e-03	-1.741804299999999894e-03
7.408960625000000000e+09	-7.664667999999999915e-04	-1.943978700000000091e-03
7.408962750000000000e+09	-1.019250499999999927e-03	-4.046609700000000295e-03
7.408964875000000000e+09	-5.835650799999999791e-03	-5.984740199999999746e-03
7.408967000000000000e+09	-7.729844000000000255e-04	-2.184671100000000043e-03
7.408969125000000000e+09	-1.364178300000000064e-03	-6.277943999999999712e-03
7.408971250000000000e+09	-2.851850200000000026e-03	-4.633199400000000308e-03
7.408973375000000000e+09	-5.202872800000000152e-03	-4.806501500000000086e-03
7.408975500000000000e+09	-4.641195199999999937e-03	-5.101783500000000096e-03
7.408977625000000000e+09	-4.802321800000000293e-03	-5.741350699999999904e-03
7.408979750000000000e+09	-2.327295599999999829e-03	-3.471946100000000094e-03
7.408981875000000000e+09	-3.030675799999999875e-03	-2.441910299999999930e-03
7.408984000000000000e+09	-5.082204800000000161e-03	-5.474838200000000168e-03
7.408986125000000000e+09	-2.847086200000000043e-03	-4.706783299999999642e-03
7.408988250000000000e+09	-4.933174299999999908e-03	-4.361212100000000196e-03
7.408990375000000000e+09	-6.212612000000000169e-03	-4.466576600000000084e-03
7.408992500000000000e+09	5.448131200000000222e-03	-3.582224000000000172e-03
7.408994625000000000e+09	-1.903661399999999988e-03	-2.633442800000000000e-03
7.408996750000000000e+09	-3.772639500000000111e-03	-3.338873999999999922e-03
7.408998875000000000e+09	-5.953759700000000113e-03	-6.713852400000000324e-03
7.409001000000000000e+09	-5.378055399999999778e-03	-6.719448999999999735e-03
7.409003125000000000e+09	-6.005325000000000376e-04	-5.174579399999999600e-03
7.409005250000000000e+09	-5.591104300000000055e-03	-9.062181000000000099e-04
7.409007375000000000e+09	-8.569880599999999543e-03	-5.905264200000000414e-03
7.409009500000000000e+09	-5.294199000000000301e-03	-4.601677299999999866e-03
7.409011625000000000e+09	-3.975721399999999905e-03	-4.052819800000000312e-03
7.409013750000000000e+09	-5.266624200000000200e-03	-3.834353200000000048e-03
7.409015875000000000e+09	1.969146399999999880e-03	-3.522662599999999960e-03
7.409018000000000000e+09	-2.362079100000000036e-03	-4.994385500000000228e-03
7.409020125000000000e+09	-3.209388799999999924e-03	9.345367000000000474e-04
7.409022250000000000e+09	-2.583199999999999798e-04	-5.661014199999999871e-03
7.409024375000000000e+09	9.212884999999999868e-04	-1.508239100000000011e-03
7.409026500000000000e+09	-5.646224099999999635e-03	-2.583178199999999845e-03
7.409028625000000000e+09	-3.292011400000000206e-03	-1.205175099999999987e-03
7.409030750000000000e+09	-1.368140199999999963e-03	-5.530259899999999916e-03
7.409032875000000000e+09	-5.502832699999999841e-03	-6.042180000000000294e-03
7.409035000000000000e+09	-3.358935400000000095e-03	-4.132340099999999572e-03
7.409037125000000000e+09	-1.110498300000000013e-03	-4.809305499999999567e-03
7.409039250000000000e+09	-4.475747799999999811e-03	-3.767990000000000141e-03
7.409041375000000000e+09	-4.080700100000000073e-03	-4.648523499999999628e-03
7.409043500000000000e+09	-4.659422400000000006e-03	-4.119290400000000414e-03
7.409045625000000000e+09	-6.843763000000000103e-03	-3.802376399999999809e-03
7.409047750000000000e+09	-4.449502999999999943e-04	-5.498575000000000337e-03
7.409049875000000000e+09	-3.817767499999999859e-03	-4.886169400000000239e-03
7.409052000000000000e+09	-5.347384099999999765e-03	-5.064969100000000363e-03
7.409054125000000000e+09	-4.163809400000000223e-03	-4.960134399999999860e-03
7.409056250000000000e+09	1.756497500000000047e-03	-1.987260600000000012e-03
7.409058375000000000e+09	-6.598606199999999984e-03	-7.883762500000000492e-03
7.409060500000000000e+09	-2.540604399999999829e-03	-4.724274799999999934e-03
7.409062625000000000e+09	-4.553873100000000416e-03	-3.021595900000000057e-03
7.409064750000000000e+09	-6.141953500000000080e-03	-2.716189999999999837e-03
7.409066875000000000e+09	-6.991280000000000324e-04	-8.535962999999999710e-04
7.409069000000000000e+09	-6.984271299999999898e-03	-4.950135799999999878e-03
7.409071125000000000e+09	-7.205442000000000053e-04	-3.277605900000000148e-03
7.409073250000000000e+09	-7.091305999999999695e-04	-6.027391899999999872e-03
7.409075375000000000e+09	-3.723625600000000143e-03	-8.439934000000000498e-04
7.409077500000000000e+09	-3.972950700000000071e-03	-3.401214999999999967e-03
7.409079625000000000e+09	-6.143989199999999942e-03	-4.017681000000000377e-03
7.409081750000000000e+09	1.674218000000000104e-04	-6.238518099999999789e-03
7.409083875000000000e+09	-6.696882500000000092e-03	-7.094632699999999827e-03
7.409086000000000000e+09	-2.474513600000000004e-03	-1.373234999999999994e-03
7.409088125000000000e+09	-1.366631699999999901e-03	-5.353729100000000247e-03
7.409090250000000000e+09	-2.616285600000000083e-03	-7.174892700000000227e-03
7.409092375000000000e+09	-2.370915999999999985e-04	-6.121065400000000323e-03
7.409094500000000000e+09	-1.407639899999999899e-03	-2.838000099999999845e-03
7.409096625000000000e+09	-4.022505600000000209e-03	-4.555360199999999686e-03
7.409098750000000000e+09	-4.017211599999999903e-03	-4.556975199999999636e-03
7.409100875000000000e+09	-1.969165699999999956e-03	8.923690000000000615e-05
7.409103000000000000e+09	-5.337477000000000193e-03	-2.100364300000000066e-03
7.409105125000000000e+09	-2.894745800000000056e-03	-1.514701299999999910e-03
7.409107250000000000e+09	-2.893136000000000145e-03	3.591231999999999975e-04
7.409109375000000000e+09	-5.604336399999999829e-03	-5.696667400000000013e-03
7.409111500000000000e+09	-1.799198600000000104e-03	-7.468770999999999917e-04
7.409113625000000000e+09	-3.517327199999999848e-03	-4.787689200000000422e-03
7.409115750000000000e+09	-9.117427000000000214e-04	-6.556788400000000162e-03
7.409117875000000000e+09	-2.880935399999999969e-03	-2.938093799999999967e-03
7.409120000000000000e+09	-3.812007300000000171e-03	-3.169414399999999875e-03
7.409122125000000000e+09	-5.224997900000000195e-03	-3.853484199999999971e-03
7.409124250000000000e+09	-6.288545900000000292e-03	-6.103405299999999784e-03
7.409126375000000000e+09	-7.436788300000000268e-03	-6.699770800000000130e-03
7.409128500000000000e+09	-6.041059199999999733e-03	-5.696490400000000370e-03
7.409130625000000000e+09	-3.563832199999999919e-03	-3.383999799999999787e-03
7.409132750000000000e+09	-7.172568500000000430e-03	-5.507599600000000380e-03
7.409134875000000000e+09	-7.365167000000000155e-04	-4.888131000000000420e-03
7.409137000000000000e+09	-1.307250499999999989e-03	-4.874171999999999858e-04
7.409139125000000000e+09	-2.570976600000000195e-03	-4.227186800000000237e-03
7.409141250000000000e+09	-3.893014700000000002e-03	-6.262139699999999705e-03
7.409143375000000000e+09	-4.509654099999999693e-03	-2.779038299999999836e-03
7.409145500000000000e+09	-2.682763900000000208e-03	-1.811874700000000015e-03
7.409147625000000000e+09	-5.330505800000000412e-03	-5.382479000000000343e-04
7.409149750000000000e+09	-5.513305999999999936e-03	-4.508524100000000333e-03
7.409151875000000000e+09	8.385435000000000328e-04	-2.887461200000000089e-03
7.409154000000000000e+09	-7.816748800000000372e-03	9.683100000000000515e-06
7.409156125000000000e+09	-7.564176300000000248e-03	-1.190950000000000081e-03
7.409158250000000000e+09	-4.613072200000000248e-03	-4.845557599999999673e-03
7.409160375000000000e+09	-5.384050100000000068e-03	-1.850090499999999935e-03
7.409162500000000000e+09	-7.487492699999999911e-03	-2.696748000000000114e-03
7.409164625000000000e+09	-2.438054299999999931e-03	-3.340844899999999805e-03
7.409166750000000000e+09	-2.143779299999999839e-03	-5.928113000000000479e-04
7.409168875000000000e+09	-5.873414599999999750e-03	-3.060103599999999986e-03
7.409171000000000000e+09	-4.908226100000000376e-03	-4.976345000000000074e-04
7.409173125000000000e+09	-3.860330300000000027e-03	-3.443932900000000116e-03
7.409175250000000000e+09	-3.863048400000000139e-03	-3.678161399999999807e-03
7.409177375000000000e+09	-7.157783800000000300e-03	-2.471735999999999985e-03
7.409179500000000000e+09	-3.117028999999999894e-03	-3.213848300000000154e-03
7.409181625000000000e+09	-4.063325900000000317e-03	-3.817920299999999923e-03
7.409183750000000000e+09	-7.887079000000000182e-04	-2.251196400000000149e-03
7.409185875000000000e+09	-1.358988300000000095e-03	-5.343671999999999832e-03
7.409188000000000000e+09	-4.945242600000000072e-03	-1.209124900000000096e-03
7.409190125000000000e+09	-3.361635300000000073e-03	3.609805999999999909e-04
7.409192250000000000e+09	-2.674006799999999878e-03	-2.959766200000000028e-03
7.409194375000000000e+09	-2.290457599999999854e-03	-2.692844599999999998e-03
7.409196500000000000e+09	-7.915153000000000076e-04	-3.294810899999999886e-03
7.409198625000000000e+09	-6.398505900000000385e-03	-4.621748699999999981e-03
7.409200750000000000e+09	-5.258229900000000422e-03	-1.565143200000000028e-03
7.409202875000000000e+09	-5.101126999999999571e-03	-4.379674499999999804e-03
7.409205000000000000e+09	-1.714441400000000061e-03	-1.039142000000000060e-03
7.409207125000000000e+09	-5.995119900000000016e-03	-4.548190300000000234e-03
7.409209250000000000e+09	-4.103583000000000057e-03	-4.102642600000000299e-03
7.409211375000000000e+09	5.719777000000000108e-04	-5.807238699999999962e-03
7.409213500000000000e+09	-1.299713199999999935e-03	-5.296931099999999983e-03
7.409215625000000000e+09	-8.952750799999999176e-03	-2.794560000000000186e-03
7.409217750000000000e+09	-5.224164800000000164e-03	-5.365104100000000348e-03
7.409219875000000000e+09	-5.811517399999999688e-03	-7.588102700000000020e-03
7.409222000000000000e+09	-2.789038499999999931e-03	-8.317621999999999559e-04
7.409224125000000000e+09	-7.008891100000000200e-03	-5.307245000000000365e-03
7.409226250000000000e+09	-4.439521699999999897e-03	-2.043921199999999827e-03
7.409228375000000000e+09	-4.304106200000000319e-03	-3.964621500000000374e-03
7.409230500000000000e+09	-1.466133899999999980e-03	-1.878491500000000099e-03
7.409232625000000000e+09	-3.025411500000000156e-03	-2.710733700000000131e-03
7.409234750000000000e+09	-5.147040500000000032e-03	-1.992511399999999898e-03
7.409236875000000000e+09	-2.373225799999999913e-03	-3.519786799999999848e-03
7.409239000000000000e+09	-2.763288500000000199e-03	-3.870640700000000083e-03
7.409241125000000000e+09	-1.066971699999999914e-03	-1.599334100000000033e-03
7.409243250000000000e+09	-2.802979200000000216e-03	-6.754402900000000369e-03
7.409245375000000000e+09	-2.516877600000000034e-03	4.655281000000000263e-04
7.409247500000000000e+09	5.412900000000000301e-06	-3.982330699999999876e-03
7.409249625000000000e+09	-6.121672499999999614e-03	-1.991702000000000142e-03
7.409251750000000000e+09	-4.767697999999999901e-03	-4.366543500000000244e-03
7.409253875000000000e+09	-2.200835899999999817e-03	-3.430770399999999790e-03
7.409256000000000000e+09	-5.345117600000000128e-03	-4.571010900000000224e-03
7.409258125000000000e+09	-1.454380099999999943e-03	-1.146520700000000070e-03
7.409260250000000000e+09	-1.120886710000000043e-02	-2.900536000000000000e-03
7.409262375000000000e+09	-5.808408499999999884e-03	-2.618389400000000183e-03
7.409264500000000000e+09	-2.237712099999999808e-03	-6.641005499999999909e-03
7.409266625000000000e+09	1.143710999999999946e-03	-4.116729999999999869e-04
7.409268750000000000e+09	-2.340966999999999788e-03	1.486913700000000102e-03
7.409270875000000000e+09	-2.139059799999999852e-03	-8.031979999999999762e-04
7.409273000000000000e+09	1.020889899999999958e-03	-5.186932800000000274e-03
7.409275125000000000e+09	-4.517184599999999814e-03	3.178251000000000210e-04
7.409277250000000000e+09	-7.646984400000000036e-03	-6.051021099999999778e-03
7.409279375000000000e+09	-1.417164100000000088e-03	-3.747426400000000019e-03
7.409281500000000000e+09	-3.818311000000000014e-03	-3.519365799999999832e-03
7.409283625000000000e+09	-4.921159300000000139e-03	-7.164917800000000087e-03
7.409285750000000000e+09	-4.344881499999999827e-03	2.888507900000000100e-03
7.409287875000000000e+09	-5.063527600000000163e-03	-2.658513400000000072e-03
7.409290000000000000e+09	-3.992693400000000420e-03	1.840598599999999918e-03
7.409292125000000000e+09	-5.610537100000000110e-03	-6.555644600000000433e-03
7.409294250000000000e+09	-1.910211999999999999e-04	-1.366480599999999983e-03
7.409296375000000000e+09	-4.755051500000000327e-03	-4.244823200000000067e-03
7.409298500000000000e+09	-3.939554999999999967e-03	-2.578333300000000029e-03
7.409300625000000000e+09	2.641333999999999739e-04	-2.280667499999999848e-03
7.409302750000000000e+09	-4.246115499999999696e-03	-3.216802400000000079e-03
7.409304875000000000e+09	-4.338199400000000185e-03	-1.398869500000000021e-03
7.409307000000000000e+09	-5.423776100000000412e-03	-8.560033000000000312e-04
7.409309125000000000e+09	-3.200181099999999893e-03	-3.988636999999999738e-03
7.409311250000000000e+09	-5.884928799999999613e-03	-5.499373699999999913e-03
7.409313375000000000e+09	-5.062471999999999936e-04	-2.158898299999999909e-03
7.409315500000000000e+09	-3.662583100000000105e-03	-3.244328299999999984e-03
7.409317625000000000e+09	-1.450027399999999920e-03	-5.114778300000000048e-03
7.409319750000000000e+09	-4.956444899999999827e-03	-6.048908900000000283e-03
7.409321875000000000e+09	-9.504684899999999229e-03	-4.830508199999999919e-03
7.409324000000000000e+09	-3.633816999999999907e-04	-4.632584000000000354e-03
7.409326125000000000e+09	-5.673797300000000057e-03	-8.384404700000000488e-03
7.409328250000000000e+09	-3.942255000000000412e-03	-6.650655899999999981e-03
7.409330375000000000e+09	-7.314567600000000322e-03	-8.163527500000000020e-03
7.409332500000000000e+09	-5.809436400000000424e-03	-1.601251500000000104e-03
7.409334625000000000e+09	-1.740602400000000084e-03	-5.320013000000000172e-03
7.409336750000000000e+09	-3.753712699999999999e-03	-4.154264300000000062e-03
7.409338875000000000e+09	-1.733182499999999949e-03	6.169482000000000438e-04
7.409341000000000000e+09	-4.778738499999999993e-03	-2.311695999999999803e-03
7.409343125000000000e+09	-1.443821700000000102e-03	-3.601998600000000123e-03
7.409345250000000000e+09	-2.816454099999999953e-03	-6.070702300000000405e-03
7.409347375000000000e+09	-3.348713299999999792e-03	-1.468389700000000088e-03
7.409349500000000000e+09	-7.188270000000000076e-03	-6.410899000000000285e-03
7.409351625000000000e+09	-2.691900499999999846e-03	-4.123854399999999851e-03
7.409353750000000000e+09	-5.882117899999999948e-03	8.982337000000000394e-04
7.409355875000000000e+09	-1.767808700000000075e-03	-6.054811099999999821e-03
7.409358000000000000e+09	-5.727294200000000030e-03	-1.904000199999999945e-03
7.409360125000000000e+09	-7.364735600000000063e-03	-2.554612500000000112e-03
7.409362250000000000e+09	-5.432992600000000408e-03	-3.377642200000000212e-03
7.409364375000000000e+09	-1.701036099999999988e-03	-5.231624399999999959e-03
7.409366500000000000e+09	-2.186138900000000104e-03	-2.413094000000000176e-03
7.409368625000000000e+09	-8.106878499999999391e-03	-5.494929400000000096e-03
7.409370750000000000e+09	-4.097315100000000279e-03	-1.391152000000000100e-03
7.409372875000000000e+09	-2.416143600000000141e-03	-5.005722800000000049e-03
7.409375000000000000e+09	-4.372746099999999872e-03	-6.283928999999999513e-04
7.409377125000000000e+09	-2.824388199999999793e-03	-2.651803900000000193e-03
7.409379250000000000e+09	-3.675285999999999831e-03	-2.815929600000000206e-03
7.409381375000000000e+09	-7.476712100000000409e-03	-4.859014699999999846e-03
7.409383500000000000e+09	-2.886540200000000007e-03	8.280194999999999960e-04
7.409385625000000000e+09	-4.476184200000000307e-03	-4.758075799999999904e-03
7.409387750000000000e+09	-3.798647100000000082e-03	1.849169000000000116e-04
7.409389875000000000e+09	-4.592657600000000194e-03	-7.397416500000000145e-03
7.409392000000000000e+09	-4.270657899999999625e-03	-2.960487500000000098e-03
7.409394125000000000e+09	-3.249267599999999898e-03	-9.495941999999999621e-04
7.409396250000000000e+09	-5.779723999999999973e-03	-6.287707000000000018e-03
7.409398375000000000e+09	-4.147903300000000196e-03	-3.123654200000000082e-03
7.409400500000000000e+09	-1.834875000000000080e-04	-2.641704300000000030e-03
7.409402625000000000e+09	-6.319169900000000221e-03	-2.528455700000000004e-03
7.409404750000000000e+09	-4.796218900000000403e-03	-5.957865700000000361e-03
7.409406875000000000e+09	-7.122343100000000198e-03	-2.483389400000000045e-03
7.409409000000000000e+09	-1.560651300000000024e-03	-2.627040900000000064e-03
7.409411125000000000e+09	-3.830744300000000178e-03	-5.777744000000000022e-04
7.409413250000000000e+09	-3.175635600000000208e-03	-6.200111300000000006e-03
7.409415375000000000e+09	4.768819999999999787e-04	-8.233522000000000280e-04
7.409417500000000000e+09	-4.611753100000000154e-03	-4.659259800000000069e-03
7.409419625000000000e+09	-3.415076700000000201e-03	-6.261822999999999695e-04
7.409421750000000000e+09	-3.464614999999999882e-03	-6.774407999999999992e-03
7.409423875000000000e+09	-7.819030000000000251e-04	-4.880388700000000066e-03
7.409426000000000000e+09	-2.345316499999999804e-03	-3.170709800000000127e-03
7.409428125000000000e+09	-4.207034800000000394e-03	1.221477999999999963e-04
7.409430250000000000e+09	-4.568209900000000032e-03	-4.863825199999999641e-03
7.409432375000000000e+09	-5.302068400000000195e-03	-4.400350400000000058e-03
7.409434500000000000e+09	-6.895686699999999635e-03	-2.420492099999999817e-03
7.409436625000000000e+09	-1.308369800000000038e-03	-1.308588000000000069e-03
7.409438750000000000e+09	-4.875571500000000155e-03	-6.662519999999999359e-05
7.409440875000000000e+09	-1.080349260000000068e-02	1.165961999999999934e-04
7.409443000000000000e+09	-5.123450499999999616e-03	-4.126955800000000132e-03
7.409445125000000000e+09	-6.174999199999999661e-03	-4.275173200000000236e-03
7.409447250000000000e+09	-4.955534800000000427e-03	-4.338873600000000240e-03
7.409449375000000000e+09	-5.398319300000000050e-03	-3.222436200000000032e-03
7.409451500000000000e+09	-5.510928000000000007e-03	1.188563099999999937e-03
7.409453625000000000e+09	-4.411563200000000358e-03	-3.531395399999999810e-03
7.409455750000000000e+09	-3.374582200000000171e-03	-1.365422600000000021e-03
7.409457875000000000e+09	-7.970251700000000050e-03	-9.006656999999999511e-04
7.409460000000000000e+09	-8.003321900000000613e-03	-9.916072999999999207e-04
7.409462125000000000e+09	-2.046134399999999937e-03	-3.890772399999999943e-03
7.409464250000000000e+09	-7.204838800000000140e-03	-8.537336999999999877e-04
7.409466375000000000e+09	-5.949172499999999704e-03	-2.868887300000000189e-03
7.409468500000000000e+09	-5.210889199999999867e-03	-4.258314299999999691e-03
7.409470625000000000e+09	-2.737751300000000176e-03	1.677326399999999954e-03
7.409472750000000000e+09	-6.457765899999999733e-03	-1.138323400000000032e-03
7.409474875000000000e+09	-2.596375900000000032e-03	-7.083385999999999676e-04
7.409477000000000000e+09	-2.156225400000000032e-03	-3.566334400000000134e-03
7.409479125000000000e+09	-6.635050899999999849e-03	-4.977710100000000241e-03
7.409481250000000000e+09	-4.674722499999999815e-03	-5.725206800000000318e-03
7.409483375000000000e+09	-3.578235999999999830e-03	-9.195797000000000346e-04
7.409485500000000000e+09	-6.952474299999999822e-03	-3.452265800000000207e-03
7.409487625000000000e+09	-5.494099900000000425e-03	-6.344864300000000075e-03
7.409489750000000000e+09	-7.863307099999999536e-03	-2.044320999999999985e-03
7.409491875000000000e+09	-4.272549300000000154e-03	-7.795324000000000177e-04
7.409494000000000000e+09	-1.692311099999999980e-03	-5.807645000000000168e-03
7.409496125000000000e+09	-2.874592899999999906e-03	-2.566724499999999999e-03
7.409498250000000000e+09	-6.984891699999999821e-03	-9.902012999999999007e-04
7.409500375000000000e+09	-3.917749100000000352e-03	-5.952117800000000097e-03
7.409502500000000000e+09	-1.834450100000000090e-03	-1.833160099999999945e-03
7.409504625000000000e+09	-1.051801030000000005e-02	-3.573899100000000207e-03
7.409506750000000000e+09	-5.234968300000000102e-03	-1.626917600000000064e-03
7.409508875000000000e+09	-3.001682900000000181e-03	-5.176948999999999483e-04
7.409511000000000000e+09	-4.038166999999999625e-03	-1.140785199999999914e-03
7.409513125000000000e+09	-2.220092099999999933e-03	-8.899332999999999723e-04
7.409515250000000000e+09	-3.354904000000000133e-03	-4.660682999999999775e-04
7.409517375000000000e+09	-9.652882999999999256e-03	-3.649945500000000096e-03
7.409519500000000000e+09	-6.262393300000000315e-03	-4.287523000000000115e-04
7.409521625000000000e+09	-5.118198499999999755e-03	-9.217764999999999726e-04
7.409523750000000000e+09	-5.524867099999999746e-03	-3.605841600000000025e-03
7.409525875000000000e+09	-3.611354299999999882e-03	-7.869173999999999614e-04
7.409528000000000000e+09	-3.863004299999999846e-03	-3.739696399999999955e-03
7.409530125000000000e+09	-1.540681199999999976e-03	1.490315299999999971e-03
7.409532250000000000e+09	-4.559512200000000008e-03	3.061674900000000213e-03
7.409534375000000000e+09	-3.300210400000000172e-03	-3.761597000000000204e-03
7.409536500000000000e+09	-4.028244999999999743e-03	-2.606768000000000193e-03
7.409538625000000000e+09	-5.857417600000000384e-03	-1.330054499999999956e-03
7.409540750000000000e+09	-6.370336199999999949e-03	-1.644567200000000059e-03
7.409542875000000000e+09	-3.799163899999999806e-03	-2.403801100000000149e-03
7.409545000000000000e+09	-4.016327299999999760e-03	-5.301979699999999872e-03
7.409547125000000000e+09	-5.677204600000000136e-03	1.088430999999999947e-03
7.409549250000000000e+09	-3.391871500000000032e-03	-2.813908400000000084e-03
7.409551375000000000e+09	-3.348813500000000134e-03	-5.200638199999999683e-03
7.409553500000000000e+09	-5.276349700000000295e-03	2.238589500000000201e-03
7.409555625000000000e+09	-3.116451399999999820e-03	-4.870283599999999762e-03
7.409557750000000000e+09	-3.567658100000000061e-03	-4.321420099999999896e-03
7.409559875000000000e+09	-5.776148000000000046e-04	-5.118247599999999585e-03
7.409562000000000000e+09	-5.865743799999999925e-03	-3.760628700000000040e-03
7.409564125000000000e+09	-1.007396299999999915e-03	-3.531671000000000116e-03
7.409566250000000000e+09	-3.599560099999999947e-03	-2.385145300000000076e-03
7.409568375000000000e+09	-6.722423400000000077e-03	-3.061855100000000079e-03
7.409570500000000000e+09	-9.291812000000000205e-04	-4.713071999999999791e-04
7.409572625000000000e+09	8.864310000000000516e-05	-4.693363600000000080e-03
7.409574750000000000e+09	-7.701699299999999887e-03	-2.494188499999999784e-03
7.409576875000000000e+09	-5.678795999999999844e-03	-4.435799899999999692e-03
7.409579000000000000e+09	-3.257223799999999902e-03	6.790598000000000337e-04
7.409581125000000000e+09	-4.275626499999999990e-03	-4.592858400000000146e-03
7.409583250000000000e+09	-9.856971500000000566e-03	-5.308305900000000015e-03
7.409585375000000000e+09	-2.664025999999999894e-04	-1.709811999999999953e-04
7.409587500000000000e+09	-2.662252200000000003e-03	-2.616068999999999947e-03
7.409589625000000000e+09	-5.457725800000000349e-03	-2.771905199999999923e-03
7.409591750000000000e+09	-4.859904499999999697e-03	-5.164250999999999694e-04
7.409593875000000000e+09	-5.672795300000000110e-03	-6.844226999999999820e-04
7.409596000000000000e+09	-1.146101700000000086e-03	2.085706000000000051e-04
7.409598125000000000e+09	-3.702290500000000179e-03	-4.585895900000000296e-03
7.409600250000000000e+09	-2.161811899999999901e-03	-7.324086900000000358e-03
7.409602375000000000e+09	2.174300999999999903e-04	-4.969373099999999620e-03
7.409604500000000000e+09	-3.226175500000000133e-03	-2.297741600000000051e-03
7.409606625000000000e+09	-6.780955400000000105e-03	-4.806539599999999635e-03
7.409608750000000000e+09	-5.929797799999999945e-03	-4.529057000000000395e-03
7.409610875000000000e+09	-6.802777000000000303e-03	-2.509074200000000095e-03
7.409613000000000000e+09	-4.484170800000000269e-03	-5.941617700000000404e-03
7.409615125000000000e+09	-3.493933800000000121e-03	-2.850199500000000045e-03
7.409617250000000000e+09	-5.941802199999999569e-03	-1.694670199999999969e-03
7.409619375000000000e+09	-3.540103199999999808e-03	-9.704130000000000481e-04
7.409621500000000000e+09	-6.635298100000000011e-03	-5.822432000000000432e-04
7.409623625000000000e+09	-3.054240100000000201e-03	-4.338528700000000154e-03
7.409625750000000000e+09	-5.690730100000000215e-03	-4.888652900000000148e-03
7.409627875000000000e+09	-5.605823000000000229e-03	-3.034398800000000056e-03
7.409630000000000000e+09	-5.315387500000000147e-03	-1.926795800000000083e-03
7.409632125000000000e+09	-4.387102399999999632e-03	1.539025299999999957e-03
7.409634250000000000e+09	-1.976724200000000084e-03	-5.372807000000000277e-03
7.409636375000000000e+09	-6.053821800000000301e-03	2.278785099999999786e-03
7.409638500000000000e+09	-8.475664999999999632e-04	-5.381872999999999692e-03
7.409640625000000000e+09	-7.584235100000000403e-03	-4.184242599999999680e-03
7.409642750000000000e+09	-6.211785299999999718e-03	-3.199092499999999905e-03
7.409644875000000000e+09	-4.917638000000000217e-03	-1.701313999999999995e-03
7.409647000000000000e+09	-6.741050000000000113e-05	-8.988343999999999674e-04
7.409649125000000000e+09	-1.989865099999999984e-03	-5.588052999999999944e-04
7.409651250000000000e+09	-4.802279700000000248e-03	-3.901397599999999796e-03
7.409653375000000000e+09	-2.975940399999999972e-03	5.779195999999999682e-04
7.409655500000000000e+09	-6.289375600000000031e-03	1.809644999999999917e-04
7.409657625000000000e+09	-7.386714100000000421e-03	-6.132410799999999870e-03
7.409659750000000000e+09	-8.124891100000000005e-03	-4.213788999999999903e-03
7.409661875000000000e+09	-4.728243200000000097e-03	-4.932161899999999884e-03
7.409664000000000000e+09	-4.212764800000000191e-03	-4.801811399999999716e-03
7.409666125000000000e+09	-4.550472399999999987e-03	-3.502943299999999784e-03
7.409668250000000000e+09	-5.283164800000000189e-03	1.955348200000000050e-03
7.409670375000000000e+09	-6.388534900000000273e-03	-3.508511000000000182e-03
7.409672500000000000e+09	-6.148014900000000130e-03	-6.123383199999999672e-03
7.409674625000000000e+09	5.808052999999999870e-04	1.026951300000000008e-03
7.409676750000000000e+09	-4.701306899999999588e-03	-1.691375800000000009e-03
7.409678875000000000e+09	-4.779056599999999613e-03	-2.864969199999999831e-03
7.409681000000000000e+09	-7.336295700000000294e-03	-2.518982099999999939e-03
7.409683125000000000e+09	-4.614773000000000074e-04	-4.825114499999999876e-03
7.409685250000000000e+09	-4.745903400000000237e-03	-3.248305800000000215e-03
7.409687375000000000e+09	-2.797301299999999970e-03	-4.301871399999999783e-03
7.409689500000000000e+09	-3.705143599999999923e-03	2.020682000000000207e-03
7.409691625000000000e+09	-6.818837500000000072e-03	1.294736400000000027e-03
7.409693750000000000e+09	-1.691802299999999948e-03	-4.244452800000000393e-03
7.409695875000000000e+09	-8.006158000000000198e-04	-2.381811499999999908e-03
7.409698000000000000e+09	-4.792733500000000146e-03	-1.268027500000000083e-03
7.409700125000000000e+09	-3.937264499999999952e-03	-3.019102000000000070e-03
7.409702250000000000e+09	-3.098018799999999965e-03	-4.320176600000000429e-03
7.409704375000000000e+09	-8.006444099999999314e-03	-4.163164799999999853e-03
7.409706500000000000e+09	5.769122999999999482e-04	6.365878999999999635e-04
7.409708625000000000e+09	-5.836896099999999872e-03	-5.466962799999999963e-03
7.409710750000000000e+09	-3.806062099999999847e-03	-5.756571299999999926e-03
7.409712875000000000e+09	-3.821047799999999998e-03	-1.948553999999999911e-03
7.409715000000000000e+09	-8.052290700000000814e-03	-9.108058000000000473e-04
7.409717125000000000e+09	-6.931098099999999720e-03	-9.123107999999999999e-04
7.409719250000000000e+09	-7.448150899999999609e-03	-1.338717300000000004e-03
7.409721375000000000e+09	-8.509339499999999182e-03	-2.546116399999999880e-03
7.409723500000000000e+09	-6.110666800000000114e-03	-1.552321000000000007e-04
7.409725625000000000e+09	-4.387290099999999887e-03	-1.760912099999999928e-03
7.409727750000000000e+09	-3.853302199999999924e-03	5.985349000000000485e-04
7.409729875000000000e+09	-7.781500299999999891e-03	8.867652000000000390e-04
7.409732000000000000e+09	-2.902857300000000109e-03	-3.390962999999999877e-04
7.409734125000000000e+09	-5.578821599999999638e-03	-4.258329999999999733e-04
7.409736250000000000e+09	-4.778482399999999831e-03	-1.761378099999999893e-03
7.409738375000000000e+09	-7.564106299999999797e-03	-4.003255300000000370e-03
7.409740500000000000e+09	-8.106971799999999548e-03	-2.725064399999999835e-03
7.409742625000000000e+09	-4.901774599999999572e-03	-1.650260900000000055e-03
7.409744750000000000e+09	-5.214795900000000241e-03	-1.448881000000000062e-04
7.409746875000000000e+09	-3.247918499999999983e-03	-1.477591099999999921e-03
7.409749000000000000e+09	-4.610550599999999923e-03	-5.785571699999999574e-03
7.409751125000000000e+09	-3.466335999999999983e-03	-2.276404499999999838e-03
7.409753250000000000e+09	-6.953538799999999832e-03	-3.505944999999999786e-04
7.409755375000000000e+09	-4.072965999999999913e-03	-3.334116900000000123e-03
7.409757500000000000e+09	-6.297707700000000283e-03	-4.234339999999999849e-05
7.409759625000000000e+09	-5.437176400000000298e-03	9.614836000000000519e-04
7.409761750000000000e+09	-8.866047900000000037e-03	-2.764908500000000120e-03
7.409763875000000000e+09	-5.840934199999999951e-03	-2.628644900000000166e-03
7.409766000000000000e+09	-7.606610399999999897e-03	-2.869421500000000208e-03
7.409768125000000000e+09	-8.263589700000000676e-03	1.965640000000000106e-04
7.409770250000000000e+09	-5.100044899999999631e-03	-3.014316999999999756e-04
7.409772375000000000e+09	-5.943897499999999806e-03	-3.167563600000000180e-03
7.409774500000000000e+09	-1.918126299999999918e-03	-2.929360299999999879e-03
7.409776625000000000e+09	-7.268567899999999957e-03	-4.091133599999999607e-03
7.409778750000000000e+09	-4.739602899999999751e-03	-1.201735999999999907e-03
7.409780875000000000e+09	-6.470827600000000381e-03	-3.349673100000000094e-03
7.409783000000000000e+09	-1.729859600000000028e-03	1.689132999999999997e-03
7.409785125000000000e+09	-5.708214199999999718e-03	-4.940156099999999835e-03
7.409787250000000000e+09	-6.287373300000000283e-03	-1.826850000000000088e-03
7.409789375000000000e+09	-6.081233200000000193e-03	-2.610385499999999959e-03
7.409791500000000000e+09	-2.143308899999999892e-03	-3.535150899999999798e-03
7.409793625000000000e+09	-9.072753299999999910e-03	-2.989614099999999847e-03
7.409795750000000000e+09	-1.601870399999999950e-03	-3.339238599999999786e-03
7.409797875000000000e+09	-8.929105499999999418e-03	-2.661424199999999976e-03
7.409800000000000000e+09	-3.955306500000000183e-03	-4.338940799999999737e-03
7.409802125000000000e+09	-8.713034700000000382e-03	-1.248752000000000000e-04
7.409804250000000000e+09	-8.738391599999999204e-03	2.520385999999999894e-04
7.409806375000000000e+09	-1.107980639999999947e-02	-3.238836900000000019e-03
7.409808500000000000e+09	-5.610801700000000135e-03	5.485572000000000408e-04
7.409810625000000000e+09	-4.735949799999999987e-03	3.122709999999999787e-05
7.409812750000000000e+09	-7.973878800000000489e-03	-1.111524899999999892e-03
7.409814875000000000e+09	-8.394752899999999990e-03	-2.883197000000000104e-03
7.409817000000000000e+09	-4.854158800000000183e-03	-2.636205300000000074e-03
7.409819125000000000e+09	-8.318553399999999501e-03	-5.799827999999999928e-04
7.409821250000000000e+09	-5.977467999999999670e-03	-4.289132999999999986e-04
7.409823375000000000e+09	-3.317677599999999984e-03	-4.871056999999999818e-03
7.409825500000000000e+09	-3.042207600000000102e-03	-1.588467799999999930e-03
7.409827625000000000e+09	-4.703205299999999901e-03	-1.099027999999999941e-04
7.409829750000000000e+09	-7.927762099999999257e-03	2.942390999999999930e-04
7.409831875000000000e+09	-6.685055799999999916e-03	5.513350000000000195e-04
7.409834000000000000e+09	-7.238613999999999986e-03	-3.261971999999999810e-04
7.409836125000000000e+09	-3.698702600000000097e-03	1.302637799999999992e-03
7.409838250000000000e+09	-7.923020500000000840e-03	-1.952255099999999997e-03
7.409840375000000000e+09	-8.210839500000000762e-03	-3.195747899999999957e-03
7.409842500000000000e+09	-4.953528100000000045e-03	-1.000910700000000059e-03
7.409844625000000000e+09	-4.365291999999999784e-03	-1.106563899999999951e-03
7.409846750000000000e+09	-8.686180000000000376e-04	-2.973959799999999817e-03
7.409848875000000000e+09	-8.293528300000000200e-03	-6.572114999999999468e-04
7.409851000000000000e+09	-5.245433499999999603e-03	-9.937499000000000245e-04
7.409853125000000000e+09	-9.698043199999999142e-03	1.434071099999999904e-03
7.409855250000000000e+09	-2.643940600000000210e-03	-2.523957900000000157e-03
7.409857375000000000e+09	-8.543446099999999280e-03	-3.460665600000000126e-03
7.409859500000000000e+09	-6.175876599999999619e-03	-1.774123899999999936e-03
7.409861625000000000e+09	-3.438038899999999905e-03	-2.130748500000000187e-03
7.409863750000000000e+09	-3.482870000000000215e-04	-5.227930100000000024e-03
7.409865875000000000e+09	-5.680765600000000151e-03	-8.746284999999999693e-04
7.409868000000000000e+09	-5.723398600000000405e-03	-1.217513699999999950e-03
7.409870125000000000e+09	-4.751992299999999690e-03	-1.614712999999999934e-04
7.409872250000000000e+09	-7.637326499999999574e-03	-2.908922400000000120e-03
7.409874375000000000e+09	-3.239226200000000066e-03	-3.827636499999999883e-03
7.409876500000000000e+09	-6.002786399999999675e-03	2.207426000000000180e-03
7.409878625000000000e+09	-4.640310199999999989e-03	-4.273172000000000428e-03
7.409880750000000000e+09	-6.852687900000000408e-03	-7.592181899999999803e-03
7.409882875000000000e+09	-2.892185800000000081e-03	-2.955347899999999969e-03
7.409885000000000000e+09	-6.931258000000000037e-04	-3.044333399999999898e-03
7.409887125000000000e+09	-6.931350499999999921e-03	-5.201948900000000382e-03
7.409889250000000000e+09	-5.732711500000000314e-03	-4.906582900000000351e-03
7.409891375000000000e+09	-3.912873400000000008e-03	-3.454256800000000006e-03
7.409893500000000000e+09	-4.564351999999999819e-03	-2.364150900000000066e-03
7.409895625000000000e+09	-7.612962800000000300e-03	-3.125237999999999909e-04
7.409897750000000000e+09	-7.725800799999999954e-03	2.065209900000000015e-03
7.409899875000000000e+09	-7.335859499999999866e-03	-1.950577800000000053e-03
7.409902000000000000e+09	-6.952533000000000324e-03	2.812787999999999877e-04
7.409904125000000000e+09	-4.060875700000000053e-03	-1.134004899999999962e-03
7.409906250000000000e+09	-5.607904399999999630e-03	-1.932602299999999947e-03
7.409908375000000000e+09	-4.344888600000000080e-03	-4.829131300000000064e-03
7.409910500000000000e+09	-1.579261200000000058e-03	3.983254000000000200e-04
7.409912625000000000e+09	-8.571148400000000792e-03	5.571013000000000527e-04
7.409914750000000000e+09	-3.113934899999999933e-03	1.926757199999999930e-03
7.409916875000000000e+09	-5.194794800000000247e-03	3.636558999999999820e-04
7.409919000000000000e+09	-5.988861300000000373e-03	9.228726000000000247e-04
7.409921125000000000e+09	-1.046204340000000087e-02	-2.758020300000000018e-03
7.409923250000000000e+09	-5.767968600000000258e-03	-1.544365900000000107e-03
7.409925375000000000e+09	-5.186425300000000252e-03	-5.059428999999999836e-04
7.409927500000000000e+09	-3.202235600000000095e-03	-1.594870900000000058e-03
7.409929625000000000e+09	-3.940118999999999740e-03	-1.063379300000000032e-03
7.409931750000000000e+09	-7.320407400000000266e-03	-2.351489999999999917e-03
7.409933875000000000e+09	-1.527200299999999927e-03	-2.401643199999999815e-03
7.409936000000000000e+09	-3.348677600000000195e-03	-2.409093000000000172e-03
7.409938125000000000e+09	-7.111738700000000066e-03	-5.360334999999999926e-03
7.409940250000000000e+09	-2.807274900000000101e-03	-5.469392999999999694e-04
7.409942375000000000e+09	-6.578183500000000204e-03	-1.331059000000000105e-03
7.409944500000000000e+09	-3.998866799999999631e-03	-1.083294000000000000e-04
7.409946625000000000e+09	-5.313459599999999748e-03	3.064079999999999842e-04
7.409948750000000000e+09	-7.245396099999999902e-03	-2.250840500000000216e-03
7.409950875000000000e+09	-3.913077400000000185e-03	-5.793021800000000034e-03
7.409953000000000000e+09	-6.795422500000000351e-03	-3.921708000000000095e-04
7.409955125000000000e+09	-6.928984299999999680e-03	-1.295284899999999935e-03
7.409957250000000000e+09	-6.146534700000000177e-03	-3.067310900000000048e-03
7.409959375000000000e+09	-8.097726700000000208e-03	3.717812699999999831e-03
7.409961500000000000e+09	-5.826829999999999857e-03	1.251953299999999979e-03
7.409963625000000000e+09	-6.538585799999999809e-03	4.132633000000000248e-04
7.409965750000000000e+09	-4.792811499999999857e-03	2.929690400000000122e-03
7.409967875000000000e+09	-5.899806999999999968e-03	1.735530299999999988e-03
7.409970000000000000e+09	-4.027219500000000021e-03	-4.205745999999999790e-03
7.409972125000000000e+09	-2.712634299999999894e-03	-2.478423300000000100e-03
7.409974250000000000e+09	-7.475383799999999780e-03	-1.346117699999999995e-03
7.409976375000000000e+09	-7.204551200000000079e-03	-4.279082699999999830e-03
7.409978500000000000e+09	-4.922533500000000374e-03	-8.386536999999999898e-04
7.409980625000000000e+09	-7.523647500000000231e-03	-4.160816799999999746e-03
7.409982750000000000e+09	-7.065882800000000165e-03	-2.881822799999999869e-03
7.409984875000000000e+09	-4.404147100000000217e-03	-5.025692200000000075e-03
7.409987000000000000e+09	-5.679379499999999761e-03	2.568947700000000049e-03
7.409989125000000000e+09	-5.266616899999999879e-03	-1.428505500000000006e-03
7.409991250000000000e+09	-3.881396899999999938e-03	2.011907999999999915e-04
7.409993375000000000e+09	-8.166676899999999323e-03	1.740830999999999867e-04
7.409995500000000000e+09	-5.138706899999999703e-03	-1.414731800000000074e-03
7.409997625000000000e+09	-2.616886599999999896e-03	6.686135000000000385e-04
7.409999750000000000e+09	-7.267893200000000165e-03	-2.574954200000000026e-03
7.410001875000000000e+09	-5.058836100000000183e-03	-6.236751900000000320e-03
7.410004000000000000e+09	-4.262952199999999608e-03	6.140690600000000068e-03
7.410006125000000000e+09	-6.682372100000000259e-03	8.921537000000000434e-04
7.410008250000000000e+09	-3.594114800000000089e-03	-6.534916999999999896e-04
7.410010375000000000e+09	-5.771916799999999605e-03	-1.369760499999999985e-03
7.410012500000000000e+09	-6.679216400000000109e-03	-6.993858000000000149e-04
7.410014625000000000e+09	-4.883812999999999870e-03	-1.937068500000000077e-03
7.410016750000000000e+09	-8.276054799999999975e-03	-4.306955000000000332e-03
7.410018875000000000e+09	-5.696724999999999706e-03	-1.183086799999999916e-03
7.410021000000000000e+09	-9.656016200000000840e-03	-1.661063800000000005e-03
7.410023125000000000e+09	-7.574369699999999872e-03	1.220870800000000041e-03
7.410025250000000000e+09	-8.235177800000000048e-03	-2.988264699999999829e-03
7.410027375000000000e+09	-2.989930899999999891e-03	-2.457913999999999845e-03
7.410029500000000000e+09	-4.727425000000000377e-03	-2.710975000000000017e-03
7.410031625000000000e+09	-1.206807049999999992e-02	-3.497013199999999839e-03
7.410033750000000000e+09	-6.161840099999999626e-03	-7.631406000000000300e-04
7.410035875000000000e+09	-5.397109700000000433e-03	1.317316200000000085e-03
7.410038000000000000e+09	-2.129167099999999986e-03	3.103601499999999840e-03
7.410040125000000000e+09	-1.077348269999999983e-02	8.997560000000000638e-05
7.410042250000000000e+09	-4.487270199999999869e-03	-5.768565000000000021e-04
7.410044375000000000e+09	-5.285773500000000291e-03	2.855698000000000047e-04
7.410046500000000000e+09	-1.039064490000000084e-02	1.488207600000000059e-03
7.410048625000000000e+09	-2.014268100000000082e-03	1.347355200000000018e-03
7.410050750000000000e+09	-2.858960299999999902e-03	1.392598000000000045e-04
7.410052875000000000e+09	-3.504757500000000008e-03	-8.593392999999999735e-04
7.410055000000000000e+09	-3.698812499999999844e-03	-9.926149000000000430e-04
7.410057125000000000e+09	-9.252711800000000542e-03	7.620349999999999910e-04
7.410059250000000000e+09	-5.873082100000000423e-03	-1.165611999999999979e-04
7.410061375000000000e+09	-2.448594399999999820e-03	-5.236891999999999936e-04
7.410063500000000000e+09	-6.367514200000000402e-03	-3.077154199999999982e-03
7.410065625000000000e+09	-5.168189200000000184e-03	-2.690704000000000251e-04
7.410067750000000000e+09	-6.300732399999999997e-03	4.775100000000000241e-06
7.410069875000000000e+09	-7.471188099999999735e-03	-1.625554999999999990e-04
7.410072000000000000e+09	-2.564142000000000157e-03	-6.142740000000000483e-04
7.410074125000000000e+09	-3.888165399999999987e-03	1.280920000000000062e-03
7.410076250000000000e+09	-7.912852800000000006e-03	-2.359070999999999911e-03
7.410078375000000000e+09	-6.645216699999999602e-03	2.132106099999999966e-03
7.410080500000000000e+09	-7.748846400000000342e-03	-1.992232599999999802e-03
7.410082625000000000e+09	-5.239063000000000400e-03	-2.209321099999999802e-03
7.410084750000000000e+09	-5.967837600000000346e-03	-9.969411999999999545e-04
7.410086875000000000e+09	-7.335412300000000024e-03	5.873230000000000009e-05
7.410089000000000000e+09	-4.012740600000000088e-03	-8.069741000000000501e-04
7.410091125000000000e+09	-3.619493799999999942e-03	5.357002999999999505e-04
7.410093250000000000e+09	-7.071711100000000090e-03	-1.297659899999999925e-03
7.410095375000000000e+09	-2.445761399999999992e-03	5.974122999999999586e-04
7.410097500000000000e+09	-7.632606499999999849e-03	-1.837967700000000051e-03
7.410099625000000000e+09	-5.105870999999999674e-03	6.177610000000000642e-05
7.410101750000000000e+09	-5.157794599999999605e-03	-1.734618000000000054e-03
7.410103875000000000e+09	-9.969627999999999476e-03	-1.593344900000000100e-03
7.410106000000000000e+09	-1.505159899999999927e-03	-2.181518899999999785e-03
7.410108125000000000e+09	-6.284288499999999590e-03	-8.428962999999999820e-04
7.410110250000000000e+09	-7.059319100000000131e-03	1.499705000000000048e-03
7.410112375000000000e+09	-9.118962499999999291e-03	-8.055424999999999738e-04
7.410114500000000000e+09	-8.033440899999999205e-03	2.428937800000000209e-03
7.410116625000000000e+09	-1.081636579999999993e-02	-1.130676099999999981e-03
7.410118750000000000e+09	-6.181236500000000279e-03	9.259974000000000460e-04
7.410120875000000000e+09	-6.412322600000000018e-03	-1.974133999999999893e-04
7.410123000000000000e+09	-5.571225600000000167e-03	-5.033140200000000251e-03
7.410125125000000000e+09	-6.109615199999999732e-03	-3.727574200000000060e-03
7.410127250000000000e+09	-5.894026699999999931e-03	1.312775999999999982e-04
7.410129375000000000e+09	-5.133173799999999828e-03	2.029916100000000133e-03
7.410131500000000000e+09	-6.931337899999999962e-03	4.555294999999999895e-04
7.410133625000000000e+09	-5.770611400000000279e-03	1.173095999999999991e-03
7.410135750000000000e+09	-1.414111299999999899e-03	-3.185148999999999750e-04
7.410137875000000000e+09	-6.841251199999999651e-03	-1.195578199999999943e-03
7.410140000000000000e+09	-6.258850300000000366e-03	1.579694999999999992e-04
7.410142125000000000e+09	-3.553303399999999980e-03	-1.513201100000000077e-03
7.410144250000000000e+09	-3.718838400000000054e-03	-4.995014699999999683e-03
7.410146375000000000e+09	-7.194408400000000363e-03	3.007550000000000029e-05
7.410148500000000000e+09	-5.808119599999999813e-03	-4.103635700000000247e-03
7.410150625000000000e+09	-9.262157599999999366e-03	4.841010000000000191e-04
7.410152750000000000e+09	-9.658607700000000282e-03	-2.689983799999999797e-03
7.410154875000000000e+09	-7.942054400000000611e-03	3.987747300000000356e-03
7.410157000000000000e+09	-4.692061499999999712e-03	-1.548620699999999923e-03
7.410159125000000000e+09	-8.357399600000000803e-03	1.994669699999999934e-03
7.410161250000000000e+09	-6.418738099999999822e-03	-1.914519099999999977e-03
7.410163375000000000e+09	-4.663290199999999691e-03	-6.497045999999999594e-04
7.410165500000000000e+09	-5.461030799999999803e-03	1.316925399999999960e-03
7.410167625000000000e+09	-6.032789999999999681e-03	1.372945200000000050e-03
7.410169750000000000e+09	-6.386316500000000125e-03	2.082258300000000128e-03
7.410171875000000000e+09	-4.659125400000000208e-03	-2.558581500000000047e-03
7.410174000000000000e+09	-6.002480299999999810e-03	-4.113103000000000115e-04
7.410176125000000000e+09	-4.159763399999999618e-03	1.669032599999999969e-03
7.410178250000000000e+09	-4.440849000000000185e-03	-6.428103999999999806e-04
7.410180375000000000e+09	-1.704241999999999910e-03	-6.960294999999999807e-04
7.410182500000000000e+09	-3.653119800000000084e-03	-2.342923499999999964e-03
7.410184625000000000e+09	-4.427304600000000166e-03	9.218580000000000090e-05
7.410186750000000000e+09	-2.241466100000000152e-03	-4.103450800000000079e-03
7.410188875000000000e+09	-3.646511700000000088e-03	3.494111000000000265e-04
7.410191000000000000e+09	-2.533657600000000128e-03	-1.521774600000000031e-03
7.410193125000000000e+09	-7.680182600000000012e-03	-1.912206899999999935e-03
7.410195250000000000e+09	-7.157352500000000242e-03	-2.870328799999999955e-03
7.410197375000000000e+09	-5.078200899999999601e-03	-3.985436699999999992e-03
7.410199500000000000e+09	-7.331442199999999715e-03	2.805670999999999925e-04
7.410201625000000000e+09	-8.836451900000000248e-03	-2.443339999999999886e-05
7.410203750000000000e+09	-2.514235499999999818e-03	1.581207000000000055e-03
7.410205875000000000e+09	-7.981137100000000595e-03	-2.113525900000000086e-03
7.410208000000000000e+09	-2.606750599999999897e-03	4.199467099999999731e-03
7.410210125000000000e+09	-2.561737200000000197e-03	7.019721999999999941e-04
7.410212250000000000e+09	-4.193229700000000379e-03	-2.894813300000000089e-03
7.410214375000000000e+09	-3.669492500000000063e-03	-1.497502599999999936e-03
7.410216500000000000e+09	-7.983317400000000327e-03	-3.630598899999999945e-03
7.410218625000000000e+09	-4.089278400000000147e-03	1.251404499999999968e-03
7.410220750000000000e+09	-3.944930299999999807e-03	3.741153399999999803e-03
7.410222875000000000e+09	-5.451688799999999946e-03	2.721705500000000215e-03
7.410225000000000000e+09	-7.214159300000000039e-03	-1.529733400000000054e-03
7.410227125000000000e+09	-6.821080799999999604e-03	-3.482916999999999979e-04
7.410229250000000000e+09	-2.634425200000000203e-03	1.418807700000000033e-03
7.410231375000000000e+09	-4.353150800000000348e-03	3.352341600000000206e-03
7.410233500000000000e+09	-3.659548600000000085e-03	-3.466070800000000188e-03
7.410235625000000000e+09	-6.754647400000000045e-03	3.490343300000000020e-03
7.410237750000000000e+09	-5.512903700000000226e-03	3.772178000000000054e-04
7.410239875000000000e+09	-4.553255699999999781e-03	-1.589479900000000069e-03
7.410242000000000000e+09	-4.614505500000000253e-03	-2.459267900000000097e-03
7.410244125000000000e+09	-2.992448300000000085e-03	8.594587999999999577e-04
7.410246250000000000e+09	-6.858233099999999638e-03	-5.945154999999999494e-04
7.410248375000000000e+09	-5.503052300000000133e-03	-8.545647999999999873e-04
7.410250500000000000e+09	-2.740265500000000146e-03	-3.411927199999999997e-03
7.410252625000000000e+09	-6.920826700000000387e-03	-2.277199199999999785e-03
7.410254750000000000e+09	-3.514983100000000204e-03	-3.367862699999999918e-03
7.410256875000000000e+09	-3.127267799999999820e-03	-1.697379800000000001e-03
7.410259000000000000e+09	-4.270674599999999682e-03	-5.614646000000000046e-04
7.410261125000000000e+09	-2.899537399999999911e-03	-3.633306700000000014e-03
7.410263250000000000e+09	-6.538294400000000187e-03	-2.302564300000000102e-03
7.410265375000000000e+09	-5.099578999999999918e-03	-8.289761999999999999e-04
7.410267500000000000e+09	-5.962232599999999806e-03	-1.840971899999999930e-03
7.410269625000000000e+09	-6.119999600000000303e-03	-1.579783200000000037e-03
7.410271750000000000e+09	-6.422617900000000130e-03	-4.796937599999999587e-03
7.410273875000000000e+09	-5.751440800000000297e-03	-1.804072699999999902e-03
7.410276000000000000e+09	-7.601054000000000317e-03	8.523502000000000509e-04
7.410278125000000000e+09	-7.006031499999999974e-03	-2.933816699999999920e-03
7.410280250000000000e+09	-8.028471699999999503e-03	-2.147351999999999941e-03
7.410282375000000000e+09	-8.314791699999999133e-03	1.907983600000000019e-03
7.410284500000000000e+09	-5.016578100000000304e-03	1.124980999999999941e-03
7.410286625000000000e+09	-7.341902499999999714e-03	-1.614657299999999913e-03
7.410288750000000000e+09	-6.941018099999999788e-03	1.074023199999999973e-03
7.410290875000000000e+09	-2.886036800000000083e-03	3.665390399999999844e-03
7.410293000000000000e+09	-5.700115099999999990e-03	-1.644349600000000015e-03
7.410295125000000000e+09	-6.489164700000000195e-03	1.165833800000000073e-03
7.410297250000000000e+09	-4.389968499999999905e-03	6.057019999999999548e-04
7.410299375000000000e+09	-2.345713100000000172e-03	-7.388612000000000131e-04
7.410301500000000000e+09	-3.786155700000000054e-03	-7.955678000000000099e-04
7.410303625000000000e+09	-3.983249599999999675e-03	-7.069857999999999828e-04
7.410305750000000000e+09	-4.095646599999999866e-03	2.491384999999999932e-04
7.410307875000000000e+09	-1.343726400000000085e-03	-2.624776399999999808e-03
7.410310000000000000e+09	-6.686320499999999674e-03	-2.695359400000000172e-03
7.410312125000000000e+09	-4.493360000000000062e-03	-3.141328000000000089e-04
7.410314250000000000e+09	-5.800182000000000081e-03	9.706730999999999476e-04
7.410316375000000000e+09	-5.167445199999999746e-03	4.322679999999999752e-05
7.410318500000000000e+09	-5.208367299999999873e-03	-3.615469000000000061e-04
7.410320625000000000e+09	-7.996982700000000374e-03	-3.707371699999999909e-03
7.410322750000000000e+09	-6.901468699999999817e-03	2.680922400000000216e-03
7.410324875000000000e+09	-7.568842000000000104e-03	3.089391500000000096e-03
7.410327000000000000e+09	-1.445791699999999895e-03	-1.239718199999999965e-03
7.410329125000000000e+09	-8.275846499999999634e-03	-1.003008199999999963e-03
7.410331250000000000e+09	-7.181470399999999830e-03	7.685956000000000515e-04
7.410333375000000000e+09	-8.279769600000000396e-03	2.795619999999999841e-05
7.410335500000000000e+09	-2.827249600000000199e-03	6.219370000000000052e-05
7.410337625000000000e+09	-5.987851500000000368e-03	9.799680999999999323e-04
7.410339750000000000e+09	-4.782914499999999826e-03	-8.496534000000000465e-04
7.410341875000000000e+09	-3.765276100000000160e-03	-7.184961000000000342e-04
7.410344000000000000e+09	-7.206187600000000387e-03	-1.303773999999999894e-04
7.410346125000000000e+09	-4.591764899999999788e-03	1.504676999999999892e-04
7.410348250000000000e+09	-7.491012200000000086e-03	-3.806185200000000192e-03
7.410350375000000000e+09	-9.008548300000000439e-03	-3.513102199999999786e-03
7.410352500000000000e+09	-5.260100299999999861e-03	-3.657118000000000109e-04
7.410354625000000000e+09	-3.216002300000000026e-03	-2.951833400000000197e-03
7.410356750000000000e+09	-4.967116799999999992e-03	-3.294717799999999797e-03
7.410358875000000000e+09	-8.216640000000000532e-04	1.267219200000000053e-03
7.410361000000000000e+09	-7.849292000000000769e-03	-4.867720000000000212e-05
7.410363125000000000e+09	-4.347452899999999787e-03	-1.354777300000000037e-03
7.410365250000000000e+09	-8.110960500000000128e-03	-5.584373899999999988e-03
7.410367375000000000e+09	-4.058456900000000089e-03	5.920785999999999931e-04
7.410369500000000000e+09	-4.930773599999999611e-03	-4.508008999999999888e-04
7.410371625000000000e+09	-4.904580399999999667e-03	-5.132543600000000032e-03
7.410373750000000000e+09	-6.020750099999999660e-03	-3.008329399999999827e-03
7.410375875000000000e+09	-6.868319700000000139e-03	-5.701652999999999669e-04
7.410378000000000000e+09	-3.057229500000000020e-03	-7.053928000000000541e-04
7.410380125000000000e+09	-6.623256299999999777e-03	-1.160136300000000082e-03
7.410382250000000000e+09	-8.150129299999999549e-03	-7.505854000000000388e-04
7.410384375000000000e+09	-2.830158900000000026e-03	1.350279200000000087e-03
7.410386500000000000e+09	-1.784569099999999990e-03	-5.975053000000000135e-04
7.410388625000000000e+09	-7.852563700000000577e-03	-1.706732400000000004e-03
7.410390750000000000e+09	-4.429387899999999781e-03	1.662563300000000034e-03
7.410392875000000000e+09	-2.629890599999999950e-03	2.731970900000000105e-03
7.410395000000000000e+09	-4.794437700000000156e-03	2.978983599999999923e-03
7.410397125000000000e+09	-7.630137999999999851e-03	-2.617754199999999982e-03
7.410399250000000000e+09	-4.101838299999999680e-03	1.935804800000000010e-03
7.410401375000000000e+09	-6.241051400000000200e-03	-8.293890999999999633e-04
7.410403500000000000e+09	-4.129331600000000178e-03	-2.838127900000000058e-03
7.410405625000000000e+09	-5.052141100000000044e-03	-1.614674800000000026e-03
7.410407750000000000e+09	-5.651635900000000212e-03	1.576880500000000076e-03
7.410409875000000000e+09	-4.688123100000000237e-03	-1.821411599999999981e-03
7.410412000000000000e+09	-3.471078500000000008e-03	2.446881299999999811e-03
7.410414125000000000e+09	-1.632670099999999945e-03	1.235903900000000092e-03
7.410416250000000000e+09	-5.604078499999999921e-03	2.281431799999999836e-03
7.410418375000000000e+09	-6.434567399999999680e-03	8.102676000000000279e-04
7.410420500000000000e+09	-4.160898100000000148e-03	-1.524130500000000013e-03
7.410422625000000000e+09	-6.310527800000000076e-03	-2.386238000000000107e-04
7.410424750000000000e+09	-3.670246500000000009e-03	4.633503999999999878e-04
7.410426875000000000e+09	-7.280846100000000140e-03	1.853932499999999929e-03
7.410429000000000000e+09	-2.518944400000000094e-03	1.900876999999999927e-04
7.410431125000000000e+09	-8.062660399999999408e-03	6.618549999999999846e-05
7.410433250000000000e+09	-5.820313399999999839e-03	-1.125341200000000040e-03
7.410435375000000000e+09	-3.763186099999999996e-03	-2.510159499999999825e-03
7.410437500000000000e+09	-9.122351000000000765e-03	2.011086500000000207e-03
7.410439625000000000e+09	-7.447836299999999882e-03	1.170324999999999946e-04
7.410441750000000000e+09	-7.421132500000000159e-03	1.033235699999999991e-03
7.410443875000000000e+09	-3.739282999999999930e-03	2.829879500000000159e-03
7.410446000000000000e+09	-1.016740460000000075e-02	3.608672800000000108e-03
7.410448125000000000e+09	-4.733697200000000320e-03	1.172614300000000094e-03
7.410450250000000000e+09	-2.450404299999999879e-03	1.423875000000000119e-04
7.410452375000000000e+09	-4.090861599999999661e-03	6.971803000000000375e-04
7.410454500000000000e+09	-2.393159199999999806e-03	3.766600699999999961e-03
7.410456625000000000e+09	-7.529607800000000066e-03	5.289172000000000188e-04
7.410458750000000000e+09	-6.772946600000000379e-03	-2.471907199999999818e-03
7.410460875000000000e+09	-6.094568300000000396e-03	-3.466477300000000029e-03
7.410463000000000000e+09	-6.272527400000000100e-03	3.902410800000000093e-03
7.410465125000000000e+09	-6.920427300000000365e-03	-2.234042199999999954e-03
7.410467250000000000e+09	-3.108014699999999894e-03	-8.075340000000000512e-04
7.410469375000000000e+09	-1.262329599999999956e-03	2.562464999999999882e-03
7.410471500000000000e+09	-3.556565199999999882e-03	-1.845150000000000045e-04
7.410473625000000000e+09	-5.889360500000000338e-03	1.898783000000000025e-03
7.410475750000000000e+09	-4.907517699999999934e-03	2.323425400000000193e-03
7.410477875000000000e+09	-3.241352500000000032e-03	1.008679499999999910e-03
7.410480000000000000e+09	-4.171321700000000209e-03	-6.760880999999999618e-04
7.410482125000000000e+09	-6.379027500000000392e-03	1.069743300000000055e-03
7.410484250000000000e+09	-1.524606499999999918e-03	9.765802999999999984e-04
7.410486375000000000e+09	-4.725433999999999711e-03	-1.239521599999999927e-03
7.410488500000000000e+09	-4.176837200000000153e-03	-1.213529000000000083e-03
7.410490625000000000e+09	-4.992167100000000080e-03	-3.048409999999999770e-04
7.410492750000000000e+09	-4.510734700000000423e-03	1.490787999999999998e-04
7.410494875000000000e+09	-5.865549400000000420e-03	-1.249083700000000029e-03
7.410497000000000000e+09	-6.866524599999999923e-03	-1.784106500000000100e-03
7.410499125000000000e+09	-4.577048299999999896e-03	-1.118268800000000009e-03
7.410501250000000000e+09	-8.153560199999999869e-03	2.494206499999999851e-03
7.410503375000000000e+09	-5.045474900000000186e-03	3.770240000000000006e-05
7.410505500000000000e+09	-2.841322099999999892e-03	6.451703000000000255e-04
7.410507625000000000e+09	-7.719254499999999783e-03	4.295949900000000168e-03
7.410509750000000000e+09	8.875652999999999841e-04	9.620099999999999593e-05
7.410511875000000000e+09	-4.112385900000000392e-03	2.018697299999999955e-03
7.410514000000000000e+09	-3.640714499999999926e-03	-1.585386299999999929e-03
7.410516125000000000e+09	-9.849425099999999794e-03	3.450209899999999962e-03
7.410518250000000000e+09	-1.051222700000000072e-02	8.605083999999999823e-04
7.410520375000000000e+09	-6.626028299999999621e-03	4.123966399999999879e-03
7.410522500000000000e+09	-4.199752000000000172e-03	-5.353076999999999705e-04
7.410524625000000000e+09	-3.179803100000000177e-03	-4.139524999999999910e-04
7.410526750000000000e+09	-4.105922500000000301e-03	4.178377100000000080e-03
7.410528875000000000e+09	-4.958804500000000420e-03	2.338290299999999915e-03
7.410531000000000000e+09	-4.117568500000000006e-03	4.645474000000000239e-04
7.410533125000000000e+09	-7.714546200000000145e-03	1.486419099999999925e-03
7.410535250000000000e+09	-9.355037300000000611e-03	2.188995100000000037e-03
7.410537375000000000e+09	-5.411900899999999744e-03	2.859105999999999930e-04
7.410539500000000000e+09	-2.496810800000000188e-03	-9.692290999999999797e-04
7.410541625000000000e+09	-8.868803399999999892e-03	1.444591500000000014e-03
7.410543750000000000e+09	-6.884896100000000192e-03	1.839587999999999911e-04
7.410545875000000000e+09	-6.241078300000000266e-03	-2.228834700000000089e-03
7.410548000000000000e+09	-3.512325199999999804e-03	3.019032799999999891e-03
7.410550125000000000e+09	-7.303267100000000039e-03	8.486297999999999975e-04
7.410552250000000000e+09	-7.864491200000000432e-03	2.571096200000000213e-03
7.410554375000000000e+09	-6.111805100000000136e-03	-4.998199999999999681e-05
7.410556500000000000e+09	-5.688270700000000284e-03	-3.564996500000000134e-03
7.410558625000000000e+09	-2.064913800000000091e-03	-2.444764299999999980e-03
7.410560750000000000e+09	-4.023232199999999918e-03	1.844866799999999966e-03
7.410562875000000000e+09	-6.228337300000000125e-03	1.405010099999999974e-03
7.410565000000000000e+09	-2.966884899999999801e-03	-1.799896600000000036e-03
7.410567125000000000e+09	-3.470725500000000196e-03	1.558340000000000072e-03
7.410569250000000000e+09	-7.272063500000000222e-03	-1.898052600000000104e-03
7.410571375000000000e+09	-4.282334300000000156e-03	-2.092475199999999959e-03
7.410573500000000000e+09	-8.216284199999999982e-03	4.246508700000000205e-03
7.410575625000000000e+09	-3.809487399999999992e-03	-1.577988700000000025e-03
7.410577750000000000e+09	-5.318745599999999928e-03	1.435652799999999991e-03
7.410579875000000000e+09	-2.799908600000000029e-03	-1.633420499999999964e-03
7.410582000000000000e+09	-8.011073299999999300e-03	1.985078600000000134e-03
7.410584125000000000e+09	-1.013032479999999985e-02	2.848707000000000236e-04
7.410586250000000000e+09	-1.096870909999999970e-02	2.538969500000000032e-03
7.410588375000000000e+09	-3.473717800000000137e-03	1.455041000000000017e-03
7.410590500000000000e+09	-5.514061300000000325e-03	3.442867100000000097e-03
7.410592625000000000e+09	-4.970004699999999893e-03	4.347407600000000386e-03
7.410594750000000000e+09	-3.243648500000000188e-03	-1.456177599999999893e-03
7.410596875000000000e+09	-2.332376900000000027e-03	1.021972600000000102e-03
7.410599000000000000e+09	-7.431718300000000020e-03	1.955814900000000037e-03
7.410601125000000000e+09	-3.643619700000000090e-03	2.347976900000000190e-03
7.410603250000000000e+09	-4.291359600000000003e-03	1.683012499999999960e-03
7.410605375000000000e+09	-6.910785400000000155e-03	4.704691599999999765e-03
7.410607500000000000e+09	-4.683642800000000286e-03	-6.035230000000000152e-05
7.410609625000000000e+09	-5.311680800000000320e-03	-1.570457900000000019e-03
7.410611750000000000e+09	-2.030576200000000150e-03	-8.187522999999999503e-04
7.410613875000000000e+09	-9.635642499999999555e-03	1.254339300000000034e-03
7.410616000000000000e+09	-8.103230100000000796e-03	-3.063673399999999967e-03
7.410618125000000000e+09	-4.799317499999999730e-03	2.143271400000000115e-03
7.410620250000000000e+09	-9.146927600000000214e-03	8.313389999999999495e-04
7.410622375000000000e+09	-3.928861700000000311e-03	1.522893300000000092e-03
7.410624500000000000e+09	-2.865551699999999841e-03	5.466279999999999577e-04
7.410626625000000000e+09	-5.853163899999999642e-03	-3.171651399999999860e-03
7.410628750000000000e+09	-5.368596899999999658e-03	1.249337199999999955e-03
7.410630875000000000e+09	-3.671846299999999980e-03	1.954015099999999953e-03
7.410633000000000000e+09	-5.686679299999999708e-03	8.147214999999999752e-04
7.410635125000000000e+09	-6.423331800000000279e-03	5.069204000000000331e-04
7.410637250000000000e+09	-5.618397899999999674e-03	2.307008599999999920e-03
7.410639375000000000e+09	-4.782515900000000077e-03	-1.692104999999999955e-04
7.410641500000000000e+09	-5.834076900000000412e-03	-1.033113399999999920e-03
7.410643625000000000e+09	-5.094157000000000199e-03	-1.133513399999999975e-03
7.410645750000000000e+09	-5.269194999999999955e-03	3.126961900000000023e-03
7.410647875000000000e+09	-4.865418699999999631e-03	3.446597999999999828e-04
7.410650000000000000e+09	-8.469742299999999391e-03	2.542482000000000097e-04
7.410652125000000000e+09	-7.589545599999999829e-03	-1.464931999999999953e-03
7.410654250000000000e+09	-1.367528700000000038e-03	9.993008999999999312e-04
7.410656375000000000e+09	-1.022656719999999984e-02	1.967489099999999817e-03
7.410658500000000000e+09	-2.195850999999999966e-03	7.910356999999999588e-04
7.410660625000000000e+09	-4.840881299999999672e-03	1.746581400000000008e-03
7.410662750000000000e+09	-5.833304999999999567e-03	-1.412728999999999938e-04
7.410664875000000000e+09	-6.618625900000000249e-03	1.851891700000000062e-03
7.410667000000000000e+09	-6.306522799999999575e-03	2.496372399999999877e-03
7.410669125000000000e+09	-9.168377999999999597e-03	2.263865400000000024e-03
7.410671250000000000e+09	-6.224503400000000290e-03	-5.682060999999999536e-04
7.410673375000000000e+09	-8.210880199999999463e-03	2.819606699999999914e-03
7.410675500000000000e+09	-3.453238799999999806e-03	1.460238100000000021e-03
7.410677625000000000e+09	-4.560314000000000208e-03	-2.527672999999999812e-04
7.410679750000000000e+09	-4.866926199999999786e-03	1.585649400000000092e-03
7.410681875000000000e+09	-3.107764399999999975e-03	4.746668999999999802e-04
7.410684000000000000e+09	-5.087272200000000390e-03	-1.333201999999999911e-03
7.410686125000000000e+09	-1.187522500000000054e-03	-2.750637599999999992e-03
7.410688250000000000e+09	-1.967823300000000157e-03	-7.746514999999999608e-04
7.410690375000000000e+09	-7.266047399999999573e-03	7.497417400000000280e-03
7.410692500000000000e+09	-4.300742399999999896e-03	-2.010215499999999829e-03
7.410694625000000000e+09	-5.742885599999999861e-03	-4.015663000000000045e-04
7.410696750000000000e+09	-9.325018200000000090e-03	-5.130290000000000241e-04
7.410698875000000000e+09	-5.006741599999999653e-03	2.595502999999999873e-04
7.410701000000000000e+09	-5.217284499999999721e-03	-1.056637200000000096e-03
7.410703125000000000e+09	-5.197102299999999987e-03	-1.342128300000000043e-03
7.410705250000000000e+09	-5.561199799999999582e-03	4.329005500000000090e-03
7.410707375000000000e+09	-5.250192899999999753e-03	4.807938200000000384e-03
7.410709500000000000e+09	-5.909977799999999691e-03	3.498430600000000060e-03
7.410711625000000000e+09	-5.747147900000000066e-03	2.044675999999999937e-04
7.410713750000000000e+09	-6.002343900000000135e-03	-1.253350999999999988e-03
7.410715875000000000e+09	-6.432548599999999943e-03	2.130378599999999817e-03
7.410718000000000000e+09	-7.598472700000000017e-03	1.019229800000000024e-03
7.410720125000000000e+09	-7.701971200000000232e-03	1.709295100000000033e-03
7.410722250000000000e+09	-7.272008899999999817e-03	7.307598799999999624e-03
7.410724375000000000e+09	-1.230505599999999998e-02	1.909800599999999897e-03
7.410726500000000000e+09	-2.661510800000000017e-03	2.247285199999999976e-03
7.410728625000000000e+09	-5.250885599999999612e-03	1.282505399999999893e-03
7.410730750000000000e+09	-4.381108899999999751e-03	-1.820822200000000004e-03
7.410732875000000000e+09	-8.360952600000000692e-03	2.669514699999999807e-03
7.410735000000000000e+09	-4.015475899999999994e-03	-1.228571000000000133e-04
7.410737125000000000e+09	-9.216574199999999148e-03	-1.452381700000000006e-03
7.410739250000000000e+09	-6.554931899999999825e-03	-4.400043099999999784e-03
7.410741375000000000e+09	-4.824845599999999686e-03	4.420599400000000019e-03
7.410743500000000000e+09	-3.204168500000000031e-03	-3.975384600000000414e-03
7.410745625000000000e+09	-7.872262399999999799e-03	7.901208000000000059e-04
7.410747750000000000e+09	-5.433990700000000326e-03	1.927540699999999961e-03
7.410749875000000000e+09	-3.918433600000000017e-03	-1.271348199999999904e-03
7.410752000000000000e+09	-2.799451899999999983e-03	5.956444899999999848e-03
7.410754125000000000e+09	-2.644492799999999862e-03	6.268056000000000148e-04
7.410756250000000000e+09	-6.921733499999999963e-03	2.636464600000000026e-03
7.410758375000000000e+09	-5.685960700000000125e-03	-2.888136999999999822e-03
7.410760500000000000e+09	-5.043387499999999607e-03	4.974572000000000022e-03
7.410762625000000000e+09	-6.735774699999999733e-03	4.907102499999999728e-03
7.410764750000000000e+09	-8.444905100000000414e-03	3.954453999999999608e-03
7.410766875000000000e+09	-5.585575500000000346e-03	-4.097584000000000035e-04
7.410769000000000000e+09	-6.726299100000000288e-03	4.040902499999999599e-03
7.410771125000000000e+09	-5.877142299999999799e-03	-2.578268000000000096e-04
7.410773250000000000e+09	-7.263800299999999613e-03	-1.909975200000000022e-03
7.410775375000000000e+09	-4.093529900000000138e-03	-1.987816099999999923e-03
7.410777500000000000e+09	-5.436241500000000247e-03	4.555015499999999669e-03
7.410779625000000000e+09	-4.933001000000000226e-03	1.798127399999999978e-03
7.410781750000000000e+09	-8.530165200000000211e-03	2.485956699999999908e-03
7.410783875000000000e+09	-6.264112999999999973e-03	1.975032800000000102e-03
7.410786000000000000e+09	-2.927176000000000083e-03	-3.058991499999999791e-03
7.410788125000000000e+09	-6.650400100000000356e-03	5.081129099999999801e-03
7.410790250000000000e+09	-5.241899000000000385e-03	-1.048177000000000044e-04
7.410792375000000000e+09	-7.013153099999999869e-03	2.034375199999999793e-03
7.410794500000000000e+09	-5.459920299999999720e-03	-3.575798800000000097e-03
7.410796625000000000e+09	-6.897562500000000048e-03	-1.736423900000000050e-03
7.410798750000000000e+09	-9.530864400000000139e-03	2.288797600000000172e-03
7.410800875000000000e+09	-5.226547500000000394e-03	2.637311399999999958e-03
7.410803000000000000e+09	-3.706685999999999835e-04	3.539540199999999942e-03
7.410805125000000000e+09	-8.202737899999999749e-03	-3.952893999999999766e-04
7.410807250000000000e+09	-1.255331200000000006e-03	-1.439592699999999977e-03
7.410809375000000000e+09	-7.496201200000000148e-03	2.613744800000000149e-03
7.410811500000000000e+09	-5.499277399999999601e-03	6.006298999999999666e-04
7.410813625000000000e+09	-9.371227600000000407e-03	-2.268598200000000210e-03
7.410815750000000000e+09	-4.416972699999999717e-03	-2.150704800000000083e-03
7.410817875000000000e+09	-5.716586000000000063e-03	-6.178706999999999862e-04
7.410820000000000000e+09	-4.772503099999999589e-03	4.882360700000000324e-03
7.410822125000000000e+09	-5.000454799999999936e-03	1.068732100000000006e-03
7.410824250000000000e+09	-6.675763799999999762e-03	3.691845100000000057e-03
7.410826375000000000e+09	-6.521424399999999760e-03	-6.360342000000000166e-04
7.410828500000000000e+09	-7.834701000000000122e-04	4.858703699999999612e-03
7.410830625000000000e+09	-6.217416699999999720e-03	1.147699500000000025e-03
7.410832750000000000e+09	-5.653211499999999737e-03	2.346392699999999901e-03
7.410834875000000000e+09	-4.247546199999999682e-03	8.977339000000000412e-04
7.410837000000000000e+09	-7.362411099999999729e-03	-1.063755000000000050e-04
7.410839125000000000e+09	-6.318377600000000226e-03	3.743237600000000158e-03
7.410841250000000000e+09	-4.454907000000000138e-03	-1.423733200000000011e-03
7.410843375000000000e+09	-7.503049099999999950e-03	2.492680599999999927e-03
7.410845500000000000e+09	-5.978945200000000335e-03	5.513221799999999846e-03
7.410847625000000000e+09	-5.880161800000000341e-03	2.386589000000000158e-03
7.410849750000000000e+09	-6.669975100000000330e-03	4.054164699999999663e-03
7.410851875000000000e+09	-4.148143400000000106e-03	1.236922699999999913e-03
7.410854000000000000e+09	-8.117981300000000344e-03	-1.272301900000000078e-03
7.410856125000000000e+09	-8.008973699999999765e-03	-9.627915000000000128e-04
7.410858250000000000e+09	-1.020680199999999919e-02	1.111261099999999924e-03
7.410860375000000000e+09	-1.023671609999999947e-02	-3.070910000000000046e-04
7.410862500000000000e+09	-4.091393399999999729e-03	8.815971999999999828e-04
7.410864625000000000e+09	-7.733672999999999503e-04	2.112920999999999810e-03
7.410866750000000000e+09	-6.814171800000000216e-03	6.948371999999999752e-04
7.410868875000000000e+09	-4.895365199999999681e-03	-1.444834600000000080e-03
7.410871000000000000e+09	-5.521935399999999654e-03	3.795545300000000098e-03
7.410873125000000000e+09	-4.644680299999999658e-03	6.843824000000000088e-04
7.410875250000000000e+09	-2.459876599999999934e-03	-1.580653000000000006e-03
7.410877375000000000e+09	-6.433863800000000008e-03	2.421694099999999877e-03
7.410879500000000000e+09	-1.005259669999999939e-02	4.511175099999999681e-03
7.410881625000000000e+09	-4.826426400000000116e-03	5.477776200000000241e-03
7.410883750000000000e+09	-1.523719599999999973e-03	-1.852420000000000130e-05
7.410885875000000000e+09	-8.123892900000000486e-03	3.148426000000000067e-04
7.410888000000000000e+09	-4.363994500000000117e-03	2.969934799999999868e-03
7.410890125000000000e+09	-7.331696000000000393e-03	2.697137100000000093e-03
7.410892250000000000e+09	-1.156203099999999996e-03	2.261617699999999859e-03
7.410894375000000000e+09	-7.012046299999999746e-03	4.972533000000000118e-04
7.410896500000000000e+09	-2.756051600000000018e-03	7.411358000000000269e-04
7.410898625000000000e+09	-7.012073300000000280e-03	-9.177067000000000340e-04
7.410900750000000000e+09	-4.533303899999999685e-03	6.076385899999999993e-03
7.410902875000000000e+09	-7.923184600000000855e-03	3.736756300000000034e-03
7.410905000000000000e+09	-4.491690599999999776e-03	8.075104999999999523e-04
7.410907125000000000e+09	-4.745390900000000245e-03	1.781613899999999907e-03
7.410909250000000000e+09	-6.843128999999999879e-03	7.675940999999999494e-04
7.410911375000000000e+09	-4.998983900000000119e-03	1.118147500000000061e-03
7.410913500000000000e+09	-2.491494600000000118e-03	2.191926700000000096e-03
7.410915625000000000e+09	-7.541745100000000340e-03	-2.220012200000000008e-03
7.410917750000000000e+09	-3.737595499999999977e-03	3.196912799999999943e-03
7.410919875000000000e+09	-4.933200500000000169e-03	1.648354899999999968e-03
7.410922000000000000e+09	-5.216517700000000181e-03	2.911969199999999997e-03
7.410924125000000000e+09	-6.696848099999999637e-03	3.600877999999999848e-04
7.410926250000000000e+09	-7.681724000000000017e-03	-2.320643500000000008e-03
7.410928375000000000e+09	-4.884880999999999555e-04	1.089150600000000088e-03
7.410930500000000000e+09	-8.626461999999999672e-03	1.258955999999999877e-04
7.410932625000000000e+09	-6.182955999999999869e-03	2.240080599999999967e-03
7.410934750000000000e+09	-5.126155000000000295e-03	2.449874400000000025e-03
7.410936875000000000e+09	-4.102799100000000324e-03	4.613914999999999683e-03
7.410939000000000000e+09	-3.772012700000000173e-03	4.579809000000000115e-04
7.410941125000000000e+09	-3.901276899999999836e-03	3.231130100000000061e-03
7.410943250000000000e+09	-6.754392500000000292e-03	1.677607000000000013e-04
7.410945375000000000e+09	-6.231432999999999764e-03	-1.107980599999999934e-03
7.410947500000000000e+09	-7.395285300000000242e-03	4.572675299999999672e-03
7.410949625000000000e+09	-9.906964000000000308e-04	-1.124153900000000005e-03
7.410951750000000000e+09	-5.911777899999999877e-03	-1.450882599999999897e-03
7.410953875000000000e+09	-9.536598000000000297e-03	-2.961918400000000152e-03
7.410956000000000000e+09	-9.399492900000000484e-03	1.627463999999999907e-04
7.410958125000000000e+09	-5.723411200000000365e-03	-1.696560699999999974e-03
7.410960250000000000e+09	-4.590401000000000030e-03	5.146430000000000123e-05
7.410962375000000000e+09	-5.716728000000000131e-04	1.440772699999999908e-03
7.410964500000000000e+09	5.882778999999999873e-04	3.785204099999999947e-03
7.410966625000000000e+09	-5.472371499999999916e-03	-6.938874999999999731e-04
7.410968750000000000e+09	-4.025868000000000155e-03	-3.685153000000000257e-04
7.410970875000000000e+09	-5.998559100000000130e-03	-2.196882299999999930e-03
7.410973000000000000e+09	-5.054579299999999685e-03	9.796595999999998996e-04
7.410975125000000000e+09	-9.532082500000000486e-03	1.945345600000000005e-03
7.410977250000000000e+09	-1.004433929999999989e-02	1.450203300000000054e-03
7.410979375000000000e+09	-6.993319700000000250e-03	-1.290134399999999992e-03
7.410981500000000000e+09	-5.550589699999999675e-03	3.301549400000000113e-03
7.410983625000000000e+09	-4.121424000000000268e-03	4.689636000000000173e-04
7.410985750000000000e+09	-7.482778300000000361e-03	3.087972100000000060e-03
7.410987875000000000e+09	-6.766562999999999745e-04	5.665210700000000189e-03
7.410990000000000000e+09	-5.522447599999999977e-03	-2.776879099999999927e-03
7.410992125000000000e+09	-1.360615400000000051e-03	3.933226500000000340e-03
7.410994250000000000e+09	-4.079271800000000038e-03	2.358913499999999979e-03
7.410996375000000000e+09	-6.326786600000000246e-03	5.938932600000000270e-03
7.410998500000000000e+09	-4.711237600000000268e-03	-1.661642600000000055e-03
7.411000625000000000e+09	-4.299239399999999975e-03	2.366134199999999840e-03
7.411002750000000000e+09	-3.729449399999999835e-03	-1.148512400000000107e-03
7.411004875000000000e+09	-6.111649900000000121e-03	4.923488999999999643e-04
7.411007000000000000e+09	-6.371079600000000183e-03	-1.751292999999999904e-04
7.411009125000000000e+09	-5.053935399999999988e-03	-8.713612000000000354e-04
7.411011250000000000e+09	-2.671500399999999966e-03	3.577604000000000179e-04
7.411013375000000000e+09	-3.734374200000000008e-03	5.606477599999999673e-03
7.411015500000000000e+09	-6.822441900000000142e-03	2.283364700000000205e-03
7.411017625000000000e+09	-8.069989300000000171e-03	1.235942999999999981e-03
7.411019750000000000e+09	-5.595663600000000057e-03	-8.421977999999999886e-04
7.411021875000000000e+09	-7.399435099999999814e-03	-2.615842999999999749e-04
7.411024000000000000e+09	-2.779383600000000058e-03	-1.854041700000000088e-03
7.411026125000000000e+09	-4.917324800000000100e-03	4.916559299999999702e-03
7.411028250000000000e+09	-7.332991900000000382e-03	4.218049999999999773e-04
7.411030375000000000e+09	-4.899585799999999977e-03	-9.100313000000000499e-04
7.411032500000000000e+09	-4.482718600000000324e-03	1.631828799999999937e-03
7.411034625000000000e+09	-1.348451199999999928e-03	-7.860709999999999486e-05
7.411036750000000000e+09	-6.941205999999999895e-04	3.407514400000000079e-03
7.411038875000000000e+09	-5.832168999999999895e-03	4.516307399999999923e-03
7.411041000000000000e+09	-6.431608699999999922e-03	4.891552300000000068e-03
7.411043125000000000e+09	-2.499391000000000113e-03	3.981481000000000039e-04
7.411045250000000000e+09	-3.785682399999999986e-03	6.050700099999999602e-03
7.411047375000000000e+09	-7.739009600000000023e-03	2.172875400000000030e-03
7.411049500000000000e+09	-6.900694199999999820e-03	3.288399000000000010e-03
7.411051625000000000e+09	-4.086231099999999665e-03	1.078447999999999945e-04
7.411053750000000000e+09	-1.080879759999999953e-02	6.189763000000000253e-04
7.411055875000000000e+09	-3.361303700000000186e-03	2.471183699999999865e-03
7.411058000000000000e+09	-7.416008899999999848e-03	4.460196799999999878e-03
7.411060125000000000e+09	-6.600604999999999840e-03	7.989263999999999611e-04
7.411062250000000000e+09	-1.171814870000000008e-02	9.823881000000000887e-04
7.411064375000000000e+09	-4.956719299999999724e-03	4.462803300000000098e-03
7.411066500000000000e+09	-9.682156900000000663e-03	-1.315423999999999934e-03
7.411068625000000000e+09	-6.609701100000000412e-03	-7.257782000000000166e-04
7.411070750000000000e+09	-3.598327899999999996e-03	5.267212000000000283e-04
7.411072875000000000e+09	-4.408042800000000309e-03	3.170818599999999932e-03
7.411075000000000000e+09	-3.927401199999999704e-03	1.107076499999999977e-03
7.411077125000000000e+09	-5.575803399999999972e-03	3.888805200000000021e-03
7.411079250000000000e+09	-4.037777099999999807e-03	2.435983899999999945e-03
7.411081375000000000e+09	-8.306720499999999813e-03	-1.734658000000000087e-04
7.411083500000000000e+09	-1.695663000000000031e-04	3.513943199999999909e-03
7.411085625000000000e+09	-5.470911600000000381e-03	1.769649500000000045e-03
7.411087750000000000e+09	-2.656550699999999949e-03	2.318024599999999897e-03
7.411089875000000000e+09	-3.061615100000000204e-03	4.657625799999999712e-03
7.411092000000000000e+09	-3.429858899999999912e-03	-2.731556999999999909e-04
7.411094125000000000e+09	-2.023689300000000059e-03	4.531964599999999642e-03
7.411096250000000000e+09	-2.564757100000000008e-03	1.715013499999999995e-03
7.411098375000000000e+09	-4.805594300000000374e-03	2.157182999999999909e-04
7.411100500000000000e+09	-1.194966700000000019e-03	5.558761500000000341e-03
7.411102625000000000e+09	-7.309536900000000031e-03	3.502319099999999866e-03
7.411104750000000000e+09	-5.200874000000000295e-03	3.951942299999999623e-03
7.411106875000000000e+09	-6.286033100000000366e-03	2.467445799999999807e-03
7.411109000000000000e+09	-6.186208700000000137e-03	3.561917999999999855e-03
7.411111125000000000e+09	-5.946210799999999790e-03	1.719656699999999984e-03
7.411113250000000000e+09	-5.040082000000000416e-03	1.090411699999999920e-03
7.411115375000000000e+09	-6.580047999999999800e-03	9.881149999999999135e-04
7.411117500000000000e+09	-2.719004399999999828e-03	4.957666500000000066e-03
7.411119625000000000e+09	-9.719483000000000332e-04	2.780898099999999998e-03
7.411121750000000000e+09	-7.394895799999999693e-03	5.250702000000000537e-04
7.411123875000000000e+09	-4.703595700000000324e-03	3.594405499999999906e-03
7.411126000000000000e+09	-2.838363600000000202e-03	-4.768900999999999761e-04
7.411128125000000000e+09	-6.445259400000000194e-03	3.647114099999999946e-03
7.411130250000000000e+09	-4.400319599999999963e-03	1.616031900000000068e-03
7.411132375000000000e+09	-6.670147700000000207e-03	7.930438999999999848e-04
7.411134500000000000e+09	-9.693700899999999412e-03	8.865000999999999524e-04
7.411136625000000000e+09	-9.407030000000000253e-03	1.442001199999999898e-03
7.411138750000000000e+09	-7.952611400000000191e-03	2.243493999999999903e-04
7.411140875000000000e+09	-7.297363700000000092e-03	2.565142999999999980e-04
7.411143000000000000e+09	-6.509398900000000314e-03	3.508331500000000120e-03
7.411145125000000000e+09	-1.021981320000000040e-02	2.041858999999999927e-04
7.411147250000000000e+09	-3.308190099999999950e-03	2.836767999999999929e-03
7.411149375000000000e+09	-7.083836700000000278e-03	4.046285200000000228e-03
7.411151500000000000e+09	-4.149137599999999995e-03	1.675519799999999936e-03
7.411153625000000000e+09	-6.106745299999999897e-03	-1.570656000000000027e-04
7.411155750000000000e+09	-9.319928999999999367e-03	-1.078014100000000003e-03
7.411157875000000000e+09	-4.883829400000000258e-03	2.393932399999999794e-03
7.411160000000000000e+09	-5.658178300000000355e-03	3.987519800000000406e-03
7.411162125000000000e+09	-4.742893500000000366e-03	-2.217041400000000027e-03
7.411164250000000000e+09	-4.717549899999999574e-03	3.851506000000000200e-03
7.411166375000000000e+09	-5.235456000000000311e-03	6.847439099999999904e-03
7.411168500000000000e+09	-4.391052900000000196e-03	4.482649000000000117e-04
7.411170625000000000e+09	-3.689352500000000080e-03	2.482856800000000138e-03
7.411172750000000000e+09	-4.405692400000000251e-03	1.616639599999999998e-03
7.411174875000000000e+09	-3.759528199999999896e-03	-1.548043499999999986e-03
7.411177000000000000e+09	-3.745063299999999967e-03	-6.265551999999999537e-04
7.411179125000000000e+09	-2.653739300000000113e-03	2.915476399999999881e-03
7.411181250000000000e+09	-8.018517699999999984e-03	3.212231600000000058e-03
7.411183375000000000e+09	-4.461977199999999852e-03	4.465360300000000351e-03
7.411185500000000000e+09	-3.288825300000000097e-03	3.110198299999999885e-03
7.411187625000000000e+09	-3.968202700000000339e-03	-6.019800000000000369e-06
7.411189750000000000e+09	-8.499671699999999247e-03	1.210748800000000045e-03
7.411191875000000000e+09	-2.666149000000000036e-03	-1.584595199999999909e-03
7.411194000000000000e+09	-7.934704000000000756e-03	-9.518311999999999476e-04
7.411196125000000000e+09	-4.463442700000000429e-03	1.109425100000000072e-03
7.411198250000000000e+09	-6.035320900000000141e-03	3.544786999999999981e-04
7.411200375000000000e+09	-1.952908800000000000e-03	2.924226700000000061e-03
7.411202500000000000e+09	-1.268811099999999931e-03	-5.130974999999999642e-04
7.411204625000000000e+09	-8.380194900000000405e-03	-2.618481999999999776e-04
7.411206750000000000e+09	-3.358504799999999842e-03	-3.239884000000000167e-04
7.411208875000000000e+09	-5.274950300000000140e-03	5.620248300000000100e-03
7.411211000000000000e+09	-6.695420100000000138e-03	3.667263799999999872e-03
7.411213125000000000e+09	-4.188545600000000320e-03	4.357786399999999914e-03
7.411215250000000000e+09	-5.580400200000000185e-03	4.273340300000000140e-03
7.411217375000000000e+09	-6.634215399999999867e-03	2.461391600000000044e-03
7.411219500000000000e+09	-2.617196799999999858e-03	2.845594300000000004e-03
7.411221625000000000e+09	-7.837113200000000654e-03	1.926590400000000080e-03
7.411223750000000000e+09	-2.162572800000000031e-03	2.467961000000000070e-04
7.411225875000000000e+09	-6.937669900000000348e-03	2.426800399999999927e-03
7.411228000000000000e+09	-4.998500599999999676e-03	-4.773582000000000064e-04
7.411230125000000000e+09	-7.075275199999999862e-03	4.432301000000000036e-04
7.411232250000000000e+09	-4.827345000000000247e-03	4.263102799999999790e-03
7.411234375000000000e+09	-7.967021100000000813e-03	1.941886999999999997e-03
7.411236500000000000e+09	-6.090164700000000146e-03	1.994165200000000068e-03
7.411238625000000000e+09	-4.242586500000000184e-03	-1.849930999999999971e-03
7.411240750000000000e+09	-7.301682299999999980e-03	-2.094388899999999852e-03
7.411242875000000000e+09	-2.461749200000000123e-03	2.775650599999999937e-03
7.411245000000000000e+09	-6.984374800000000064e-03	-2.819975699999999978e-03
7.411247125000000000e+09	-9.917101899999999221e-03	2.610777199999999958e-03
7.411249250000000000e+09	-6.489664200000000091e-03	4.783852899999999769e-03
7.411251375000000000e+09	-7.288785400000000018e-03	5.056727900000000317e-03
7.411253500000000000e+09	-2.715157299999999829e-03	3.210095799999999888e-03
7.411255625000000000e+09	-9.060081500000000815e-03	-7.200629999999999531e-04
7.411257750000000000e+09	-3.562777799999999884e-03	9.489929000000000463e-04
7.411259875000000000e+09	-4.875155400000000076e-03	4.072225700000000302e-03
7.411262000000000000e+09	-3.405710900000000034e-03	4.784007800000000116e-03
7.411264125000000000e+09	-9.568978299999999354e-03	4.600545400000000291e-03
7.411266250000000000e+09	-7.381139699999999908e-03	3.143186200000000138e-03
7.411268375000000000e+09	-2.160703400000000066e-03	-1.223554200000000029e-03
7.411270500000000000e+09	-4.901859199999999799e-03	2.905276500000000209e-03
7.411272625000000000e+09	-6.643981699999999997e-03	1.483714599999999897e-03
7.411274750000000000e+09	-3.054455800000000030e-03	3.630102999999999759e-04
7.411276875000000000e+09	-6.505749100000000375e-03	1.049241399999999939e-03
7.411279000000000000e+09	-3.922508199999999966e-03	4.161597500000000123e-03
7.411281125000000000e+09	-4.137400400000000415e-03	-8.930041000000000107e-04
7.411283250000000000e+09	-9.559951500000000296e-03	6.866690499999999683e-03
7.411285375000000000e+09	-2.602495800000000081e-03	5.625283899999999893e-03
7.411287500000000000e+09	-5.243946299999999866e-03	4.245596100000000386e-03
7.411289625000000000e+09	-7.110919299999999936e-03	-1.502613700000000104e-03
7.411291750000000000e+09	-3.978025500000000221e-03	3.824430800000000030e-03
7.411293875000000000e+09	-5.943625099999999724e-03	4.363422599999999818e-03
7.411296000000000000e+09	-5.728714299999999870e-03	2.884191800000000198e-03
7.411298125000000000e+09	-5.296114700000000008e-03	3.945592399999999639e-03
7.411300250000000000e+09	-5.498421800000000137e-03	2.424881700000000063e-03
7.411302375000000000e+09	-5.255229099999999751e-03	1.925779199999999927e-03
7.411304500000000000e+09	-5.724766099999999656e-03	-2.002960000000000081e-04
7.411306625000000000e+09	-5.767990800000000022e-03	-4.296492000000000063e-04
7.411308750000000000e+09	-6.187959199999999889e-03	5.421452099999999816e-03
7.411310875000000000e+09	-5.180214800000000099e-03	2.906443099999999908e-03
7.411313000000000000e+09	-5.179167000000000146e-03	2.497054999999999761e-04
7.411315125000000000e+09	-2.386781799999999985e-03	4.324774200000000048e-03
7.411317250000000000e+09	-1.037146979999999975e-02	3.316229799999999804e-03
7.411319375000000000e+09	-3.306168099999999988e-03	6.757733299999999811e-03
7.411321500000000000e+09	-2.010296799999999797e-03	1.050766100000000104e-03
7.411323625000000000e+09	-4.601352399999999662e-03	3.398267000000000171e-04
7.411325750000000000e+09	-2.999632199999999974e-03	4.221057799999999686e-03
7.411327875000000000e+09	-4.443246999999999995e-03	1.964675400000000065e-03
7.411330000000000000e+09	-7.650313700000000404e-03	3.579042100000000195e-03
7.411332125000000000e+09	-5.641110300000000063e-03	2.058032200000000072e-03
7.411334250000000000e+09	-3.161605400000000194e-03	2.280107500000000138e-03
7.411336375000000000e+09	-3.668161000000000078e-03	1.058703999999999939e-03
7.411338500000000000e+09	-5.025662600000000389e-03	6.798518600000000127e-03
7.411340625000000000e+09	-5.855511300000000412e-03	3.506417999999999861e-03
7.411342750000000000e+09	-4.824951200000000134e-03	5.078679200000000074e-03
7.411344875000000000e+09	-4.945415800000000153e-03	-2.372705999999999980e-04
7.411347000000000000e+09	-3.432963099999999847e-03	2.479099600000000004e-03
7.411349125000000000e+09	-4.416993600000000339e-03	4.023527999999999740e-04
7.411351250000000000e+09	-7.184267999999999731e-03	8.744716999999999508e-04
7.411353375000000000e+09	-3.490871100000000025e-03	3.252063800000000188e-03
7.411355500000000000e+09	-6.006294700000000368e-03	1.422976000000000059e-03
7.411357625000000000e+09	-6.035614600000000114e-03	5.063778100000000150e-03
7.411359750000000000e+09	-6.141958399999999582e-03	3.305246500000000136e-03
7.411361875000000000e+09	-6.606491299999999595e-03	4.710555899999999824e-03
7.411364000000000000e+09	-4.326983599999999729e-03	4.471344500000000097e-03
7.411366125000000000e+09	-3.218919800000000046e-03	6.255329599999999782e-03
7.411368250000000000e+09	-3.482070900000000177e-03	2.607076399999999974e-03
7.411370375000000000e+09	-2.751640499999999812e-03	-8.498469000000000032e-04
7.411372500000000000e+09	-2.490272300000000074e-03	3.716400800000000185e-03
7.411374625000000000e+09	-4.096767599999999628e-03	1.971614200000000074e-03
7.411376750000000000e+09	-4.557346700000000118e-03	-4.426308000000000109e-04
7.411378875000000000e+09	-8.257527000000000617e-03	1.989619900000000070e-03
7.411381000000000000e+09	-4.548260800000000423e-03	2.917051099999999966e-03
7.411383125000000000e+09	-8.483534500000000644e-03	3.236929800000000208e-03
7.411385250000000000e+09	-3.570578699999999838e-03	2.318975699999999834e-03
7.411387375000000000e+09	-3.863951000000000018e-03	4.831018400000000428e-03
7.411389500000000000e+09	-2.041821100000000121e-03	-1.691019999999999947e-04
7.411391625000000000e+09	-5.676378400000000289e-03	2.247969900000000142e-03
7.411393750000000000e+09	-7.403642700000000014e-03	4.296702000000000334e-03
7.411395875000000000e+09	-3.476955600000000094e-03	4.008290000000000073e-04
7.411398000000000000e+09	-4.330485299999999906e-03	-1.415967900000000054e-03
7.411400125000000000e+09	-4.199397100000000146e-03	9.767645999999999620e-04
7.411402250000000000e+09	-6.256872400000000264e-03	2.363688999999999927e-04
7.411404375000000000e+09	-4.655687700000000172e-03	4.194671300000000179e-03
7.411406500000000000e+09	-8.316108399999999276e-03	2.466050500000000183e-03
7.411408625000000000e+09	-5.725525900000000279e-03	2.719393899999999944e-03
7.411410750000000000e+09	-3.038245900000000055e-03	2.038563599999999951e-03
7.411412875000000000e+09	-2.838743300000000011e-03	4.421172000000000123e-03
7.411415000000000000e+09	-4.792671699999999889e-03	4.953060199999999649e-03
7.411417125000000000e+09	2.146667399999999809e-03	3.911139600000000313e-03
7.411419250000000000e+09	-3.075082199999999884e-03	-1.502960200000000085e-03
7.411421375000000000e+09	-3.602478499999999841e-03	4.704019499999999993e-03
7.411423500000000000e+09	-9.918208300000000074e-03	7.754299899999999961e-03
7.411425625000000000e+09	-9.760168499999999359e-03	-2.607007000000000161e-04
7.411427750000000000e+09	-4.965840299999999680e-03	3.366664200000000183e-03
7.411429875000000000e+09	-5.519056500000000219e-03	-8.584277999999999874e-04
7.411432000000000000e+09	-6.217785200000000047e-03	3.912457799999999666e-03
7.411434125000000000e+09	-4.716873299999999568e-03	-7.560566999999999808e-04
7.411436250000000000e+09	-7.041396499999999850e-03	1.413433699999999986e-03
7.411438375000000000e+09	-1.542829400000000038e-03	-1.231646899999999959e-03
7.411440500000000000e+09	-5.290066799999999791e-03	1.330600300000000027e-03
7.411442625000000000e+09	-5.267617700000000285e-03	-8.465967000000000457e-04
7.411444750000000000e+09	-5.251879600000000300e-03	-9.560232000000000322e-04
7.411446875000000000e+09	-2.251026299999999824e-03	-2.095300000000000081e-05
7.411449000000000000e+09	-1.850644700000000052e-03	2.941759600000000158e-03
7.411451125000000000e+09	-4.519240300000000425e-03	6.900859399999999776e-03
7.411453250000000000e+09	-4.353542400000000312e-03	-5.393773900000000017e-03
7.411455375000000000e+09	-5.000629799999999764e-03	2.188649500000000147e-03
7.411457500000000000e+09	-1.797438699999999966e-03	2.058045599999999871e-03
7.411459625000000000e+09	-6.265644400000000037e-03	1.835049000000000055e-03
7.411461750000000000e+09	-2.899913899999999930e-03	7.230570000000000400e-04
7.411463875000000000e+09	-2.914617799999999828e-03	2.459936600000000011e-03
7.411466000000000000e+09	-7.181919800000000423e-03	8.959047000000000148e-04
7.411468125000000000e+09	-7.969889000000000834e-03	3.348964199999999915e-03
7.411470250000000000e+09	-4.562535500000000112e-03	5.158047100000000273e-03
7.411472375000000000e+09	-5.216273599999999774e-03	8.915788000000000229e-04
7.411474500000000000e+09	-6.749058700000000292e-03	5.901016700000000052e-03
7.411476625000000000e+09	-2.043173799999999964e-03	3.554870900000000212e-03
7.411478750000000000e+09	-7.513009000000000180e-03	1.462880499999999907e-03
7.411480875000000000e+09	-7.517968899999999746e-03	5.544159100000000361e-03
7.411483000000000000e+09	-5.334369599999999600e-03	6.114737299999999966e-03
7.411485125000000000e+09	-3.811065399999999902e-03	2.724212900000000034e-03
7.411487250000000000e+09	-4.747804100000000034e-03	5.210599500000000391e-03
7.411489375000000000e+09	-4.678109800000000013e-03	2.449714300000000074e-03
7.411491500000000000e+09	-6.393056599999999597e-03	2.610411600000000186e-03
7.411493625000000000e+09	-4.313843599999999702e-03	4.846905900000000184e-03
7.411495750000000000e+09	-5.221730400000000084e-03	1.574292099999999956e-03
7.411497875000000000e+09	-5.866125100000000279e-03	3.232926499999999852e-03
7.411500000000000000e+09	-4.939132399999999860e-03	4.469012300000000174e-03
7.411502125000000000e+09	-7.673447400000000043e-03	2.956916600000000176e-03
7.411504250000000000e+09	-5.755933199999999604e-03	-6.673138999999999807e-04
7.411506375000000000e+09	-3.516273800000000154e-03	2.690816999999999862e-03
7.411508500000000000e+09	1.839970299999999902e-03	6.711849599999999971e-03
7.411510625000000000e+09	-3.651499199999999959e-03	5.251761700000000428e-03
7.411512750000000000e+09	-4.740251400000000150e-03	5.509882399999999937e-03
7.411514875000000000e+09	-3.898316299999999863e-03	1.615479800000000016e-03
7.411517000000000000e+09	-3.969322800000000227e-03	1.375506500000000035e-03
7.411519125000000000e+09	-4.496651600000000151e-03	8.527388500000000066e-03
7.411521250000000000e+09	-4.537859099999999590e-03	2.993977000000000097e-03
7.411523375000000000e+09	-7.372601900000000201e-03	4.277275599999999858e-03
7.411525500000000000e+09	-3.551748500000000142e-03	1.717032600000000051e-03
7.411527625000000000e+09	-3.151282200000000110e-03	5.532305199999999583e-03
7.411529750000000000e+09	-3.806128099999999802e-03	5.613624400000000354e-03
7.411531875000000000e+09	-7.813855399999999896e-03	4.536991199999999835e-03
7.411534000000000000e+09	-6.739548899999999593e-03	-3.541690000000000306e-05
7.411536125000000000e+09	-1.559027699999999961e-03	3.635664499999999993e-03
7.411538250000000000e+09	-6.503431599999999826e-03	3.287014200000000063e-03
7.411540375000000000e+09	-8.865308800000000836e-03	3.650155400000000116e-03
7.411542500000000000e+09	-3.635903900000000098e-03	4.187776300000000361e-03
7.411544625000000000e+09	-5.893831199999999618e-03	7.560248999999999789e-04
7.411546750000000000e+09	-5.663160300000000084e-03	1.454061900000000072e-03
7.411548875000000000e+09	-6.126750599999999589e-03	5.110861300000000065e-03
7.411551000000000000e+09	-6.314410500000000072e-03	3.925141800000000319e-03
7.411553125000000000e+09	-5.832878799999999947e-03	1.528440600000000038e-03
7.411555250000000000e+09	1.302529999999999877e-04	4.993668399999999855e-03
7.411557375000000000e+09	1.408390000000000033e-03	7.270845800000000012e-03
7.411559500000000000e+09	-1.684734999999999922e-03	5.084208699999999588e-03
7.411561625000000000e+09	-3.727066399999999936e-03	1.197755999999999989e-04
7.411563750000000000e+09	-7.698175199999999878e-03	4.185584299999999675e-03
7.411565875000000000e+09	-6.006835900000000172e-03	7.812827899999999492e-03
7.411568000000000000e+09	-8.892186399999999977e-03	-9.644007999999999704e-04
7.411570125000000000e+09	-1.862286899999999979e-03	3.248978599999999793e-03
7.411572250000000000e+09	-7.429423699999999908e-03	5.618844000000000442e-04
7.411574375000000000e+09	5.739058000000000440e-04	3.477294000000000131e-03
7.411576500000000000e+09	-5.450586799999999725e-03	-2.199888699999999909e-03
7.411578625000000000e+09	-6.681401699999999812e-03	4.194434200000000425e-03
7.411580750000000000e+09	-3.492417900000000137e-03	9.551530000000000350e-04
7.411582875000000000e+09	4.028628499999999980e-03	2.481124199999999985e-03
7.411585000000000000e+09	-6.385314199999999642e-03	4.053932500000000279e-03
7.411587125000000000e+09	-9.679409000000000146e-04	7.269433199999999692e-03
7.411589250000000000e+09	-6.109468300000000379e-03	3.932473399999999834e-03
7.411591375000000000e+09	-4.865354900000000427e-03	1.052907899999999935e-03
7.411593500000000000e+09	-1.194516100000000101e-03	5.649990100000000168e-03
7.411595625000000000e+09	-5.824733000000000341e-03	1.488244000000000112e-04
7.411597750000000000e+09	-1.426713299999999912e-03	7.054950100000000404e-03
7.411599875000000000e+09	-3.787890099999999954e-03	4.293369099999999605e-03
7.411602000000000000e+09	-4.651603699999999619e-03	6.855867600000000069e-03
7.411604125000000000e+09	-5.933087699999999888e-03	-1.533160300000000094e-03
7.411606250000000000e+09	-1.785186899999999894e-03	2.839564299999999819e-03
7.411608375000000000e+09	-5.479197899999999760e-03	4.265619699999999813e-03
7.411610500000000000e+09	-1.050847669999999991e-02	3.323891700000000064e-03
7.411612625000000000e+09	-3.875578699999999988e-03	2.373288900000000180e-03
7.411614750000000000e+09	-6.668015000000000227e-04	5.312776800000000230e-03
7.411616875000000000e+09	-3.649388500000000108e-03	2.344989799999999854e-03
7.411619000000000000e+09	-4.467377500000000411e-03	3.607166699999999997e-03
7.411621125000000000e+09	-2.394895800000000022e-03	4.457875299999999701e-03
7.411623250000000000e+09	-6.861172300000000120e-03	2.278177499999999890e-03
7.411625375000000000e+09	-5.172823600000000209e-03	4.669589499999999768e-03
7.411627500000000000e+09	-3.796352700000000038e-03	2.676543100000000012e-03
7.411629625000000000e+09	-4.978584599999999645e-03	1.500024499999999929e-03
7.411631750000000000e+09	-1.023040270000000022e-02	4.868189700000000002e-03
7.411633875000000000e+09	-5.617062899999999796e-03	4.480390499999999630e-03
7.411636000000000000e+09	-4.473855799999999945e-03	2.326565499999999793e-03
7.411638125000000000e+09	-7.000962399999999600e-03	2.727420800000000204e-03
7.411640250000000000e+09	-4.587653799999999969e-03	1.953010600000000020e-03
7.411642375000000000e+09	-5.860105000000000001e-03	2.470652299999999933e-03
7.411644500000000000e+09	-4.505379599999999665e-03	3.840037699999999943e-03
7.411646625000000000e+09	-7.513461600000000129e-03	2.856289900000000010e-03
7.411648750000000000e+09	-5.034728300000000135e-03	2.101386299999999895e-03
7.411650875000000000e+09	-4.684758399999999941e-03	4.067139200000000065e-03
7.411653000000000000e+09	-2.502619199999999832e-03	4.836031999999999983e-04
7.411655125000000000e+09	-5.423870600000000111e-03	2.901270400000000201e-03
7.411657250000000000e+09	-5.380691699999999751e-03	2.411474099999999857e-03
7.411659375000000000e+09	-4.325088700000000175e-03	4.161273200000000123e-03
7.411661500000000000e+09	-7.449339200000000202e-03	4.370267399999999865e-03
7.411663625000000000e+09	2.079380100000000064e-03	3.569824899999999961e-03
7.411665750000000000e+09	-3.869660699999999832e-03	1.080702299999999894e-03
7.411667875000000000e+09	-9.731982999999999823e-04	3.552315000000000225e-04
7.411670000000000000e+09	-3.547634799999999870e-03	5.417272999999999793e-04
7.411672125000000000e+09	-1.705690499999999894e-03	3.240375800000000039e-03
7.411674250000000000e+09	-4.492787199999999891e-03	1.914022200000000101e-03
7.411676375000000000e+09	-5.031704100000000159e-03	5.449610199999999766e-03
7.411678500000000000e+09	-2.670885100000000047e-03	7.688773599999999646e-03
7.411680625000000000e+09	-5.717826599999999843e-03	9.559826999999999908e-04
7.411682750000000000e+09	-7.117187300000000182e-03	5.120699000000000257e-03
7.411684875000000000e+09	-5.791991699999999611e-03	2.912231400000000071e-03
7.411687000000000000e+09	-3.613203199999999796e-03	1.206047399999999941e-03
7.411689125000000000e+09	-6.844730900000000132e-03	2.081735099999999956e-03
7.411691250000000000e+09	6.388926000000000500e-04	4.649280599999999763e-03
7.411693375000000000e+09	-6.044995400000000192e-03	4.676520200000000051e-03
7.411695500000000000e+09	-2.529608899999999903e-03	3.203906600000000059e-03
7.411697625000000000e+09	-4.783322300000000110e-03	5.614840799999999688e-03
7.411699750000000000e+09	-5.202062900000000226e-03	1.700498599999999928e-03
7.411701875000000000e+09	-1.862568800000000049e-03	3.393202000000000110e-03
7.411704000000000000e+09	-2.938349700000000061e-03	3.460236599999999985e-03
7.411706125000000000e+09	-6.837804400000000414e-03	5.315200400000000096e-03
7.411708250000000000e+09	-7.195617900000000379e-03	7.573751999999999785e-04
7.411710375000000000e+09	-4.599720300000000386e-03	1.650810099999999985e-03
7.411712500000000000e+09	-5.349441800000000191e-03	5.870093800000000112e-03
7.411714625000000000e+09	-6.019695999999999728e-03	4.120479699999999613e-03
7.411716750000000000e+09	-1.889397799999999964e-03	6.691923899999999668e-03
7.411718875000000000e+09	-3.786821399999999813e-03	3.456012499999999796e-03
7.411721000000000000e+09	-2.311811200000000056e-03	9.960145000000000977e-04
7.411723125000000000e+09	-4.985867300000000266e-03	1.034562300000000041e-03
7.411725250000000000e+09	-5.251893900000000406e-03	7.092407099999999825e-03
7.411727375000000000e+09	-3.318672800000000214e-03	5.969398600000000096e-03
7.411729500000000000e+09	-7.829732699999999643e-03	5.705412899999999857e-03
7.411731625000000000e+09	-2.414397600000000189e-03	4.444892699999999572e-03
7.411733750000000000e+09	-7.519579999999999667e-03	7.355242199999999751e-03
7.411735875000000000e+09	-7.243085999999999925e-04	4.611124500000000036e-03
7.411738000000000000e+09	-7.078392699999999996e-03	1.009891900000000047e-03
7.411740125000000000e+09	-4.026789999999999710e-03	2.097971999999999977e-04
7.411742250000000000e+09	-7.397907999999999915e-04	3.681700699999999795e-03
7.411744375000000000e+09	-4.185952100000000196e-03	2.108398999999999950e-03
7.411746500000000000e+09	-2.886861300000000217e-03	4.996961299999999953e-03
7.411748625000000000e+09	-1.066965679999999986e-02	6.824647999999999782e-04
7.411750750000000000e+09	-5.621795399999999880e-03	3.186214100000000181e-03
7.411752875000000000e+09	-4.378526800000000045e-03	8.840395000000000458e-04
7.411755000000000000e+09	-4.818555199999999608e-03	-4.210492000000000141e-04
7.411757125000000000e+09	-6.265215200000000262e-03	3.315971400000000159e-03
7.411759250000000000e+09	3.979332999999999937e-04	6.439675500000000344e-03
7.411761375000000000e+09	-4.597550399999999864e-03	3.795951899999999973e-03
7.411763500000000000e+09	-5.921755800000000174e-03	2.176389800000000201e-03
7.411765625000000000e+09	-2.852023700000000210e-03	2.202602299999999787e-03
7.411767750000000000e+09	-2.764931999999999893e-03	1.063043999999999968e-03
7.411769875000000000e+09	-4.525513299999999774e-03	2.699752299999999810e-03
7.411772000000000000e+09	-4.642236899999999979e-03	1.281530000000000078e-05
7.411774125000000000e+09	-7.347912600000000051e-03	3.756641700000000039e-03
7.411776250000000000e+09	-5.734786300000000066e-03	3.193497300000000105e-03
7.411778375000000000e+09	-4.829715800000000323e-03	1.772216500000000023e-03
7.411780500000000000e+09	-6.165684799999999674e-03	9.424158400000000324e-03
7.411782625000000000e+09	-6.355795400000000157e-03	4.779013099999999958e-03
7.411784750000000000e+09	-7.377390600000000367e-03	5.003309400000000191e-03
7.411786875000000000e+09	-5.723428499999999759e-03	5.311474400000000193e-03
7.411789000000000000e+09	-5.528447500000000306e-03	4.810190699999999583e-03
7.411791125000000000e+09	-3.344224399999999944e-03	7.131281700000000404e-03
7.411793250000000000e+09	-2.784840700000000037e-03	5.153089000000000020e-04
7.411795375000000000e+09	-6.671477000000000310e-03	3.560151699999999919e-03
7.411797500000000000e+09	-1.047913779999999975e-02	3.423180699999999865e-03
7.411799625000000000e+09	-5.117896999999999724e-03	5.400862200000000266e-03
7.411801750000000000e+09	-7.273191600000000236e-03	6.430761699999999921e-03
7.411803875000000000e+09	-3.796345699999999820e-03	6.184677799999999809e-03
7.411806000000000000e+09	-5.954774099999999952e-03	1.666442300000000069e-03
7.411808125000000000e+09	-3.153249500000000066e-03	4.277617200000000119e-03
7.411810250000000000e+09	-2.208265300000000157e-03	3.858329399999999888e-03
7.411812375000000000e+09	-5.806548499999999655e-03	-5.695137000000000289e-04
7.411814500000000000e+09	-4.957286099999999585e-03	5.382682100000000212e-03
7.411816625000000000e+09	-1.389052100000000029e-03	1.823114100000000062e-03
7.411818750000000000e+09	-2.467426500000000165e-03	6.271069899999999649e-03
7.411820875000000000e+09	-4.438129199999999927e-03	6.211595399999999580e-03
7.411823000000000000e+09	-4.329071000000000308e-03	3.869118799999999789e-03
7.411825125000000000e+09	-3.332923299999999891e-03	2.503888200000000189e-03
7.411827250000000000e+09	-6.358021299999999827e-03	3.623812000000000127e-03
7.411829375000000000e+09	-4.430895899999999672e-03	6.234083999999999980e-03
7.411831500000000000e+09	-1.204288200000000041e-03	4.162980200000000221e-03
7.411833625000000000e+09	-2.810392699999999903e-03	3.171356999999999865e-04
7.411835750000000000e+09	-3.489922099999999937e-03	4.843531499999999615e-03
7.411837875000000000e+09	-6.211135199999999641e-03	6.482690299999999822e-03
7.411840000000000000e+09	-5.166344899999999671e-03	3.487842599999999883e-03
7.411842125000000000e+09	-4.632978999999999743e-04	6.274661400000000090e-03
7.411844250000000000e+09	-5.107823099999999651e-03	3.235713700000000109e-03
7.411846375000000000e+09	-3.122030899999999904e-03	4.954818399999999859e-03
7.411848500000000000e+09	-6.065358899999999734e-03	2.102901700000000141e-03
7.411850625000000000e+09	-3.095588199999999880e-03	3.382959799999999892e-03
7.411852750000000000e+09	-7.690260099999999578e-03	3.849000100000000025e-03
7.411854875000000000e+09	-6.205457400000000297e-03	4.802952000000000089e-03
7.411857000000000000e+09	-4.233762900000000162e-03	6.743780399999999703e-03
7.411859125000000000e+09	-5.336864999999999665e-04	5.018680099999999790e-03
7.411861250000000000e+09	-7.037110899999999940e-03	1.222806199999999961e-03
7.411863375000000000e+09	-4.512295300000000037e-03	9.953828000000000068e-04
7.411865500000000000e+09	-4.702577200000000388e-03	7.333628200000000090e-03
7.411867625000000000e+09	-3.342500500000000156e-03	9.021324299999999505e-03
7.411869750000000000e+09	-4.795928300000000186e-03	3.802104299999999829e-03
7.411871875000000000e+09	-8.891867200000000415e-03	2.865791700000000150e-03
7.411874000000000000e+09	-2.915551499999999904e-03	5.557412500000000026e-03
7.411876125000000000e+09	-4.797062300000000043e-03	2.255179999999999858e-03
7.411878250000000000e+09	-1.713575599999999938e-03	4.224780800000000301e-03
7.411880375000000000e+09	-2.810102300000000188e-03	1.910296099999999947e-03
7.411882500000000000e+09	-2.129091599999999827e-03	2.349980199999999846e-03
7.411884625000000000e+09	-3.802367100000000107e-03	6.836732600000000083e-03
7.411886750000000000e+09	-3.912658599999999619e-03	1.756304200000000050e-03
7.411888875000000000e+09	-1.958051599999999920e-03	6.862084699999999871e-03
7.411891000000000000e+09	-4.737831500000000244e-03	3.573976899999999849e-03
7.411893125000000000e+09	-5.749896299999999669e-03	4.904540100000000236e-03
7.411895250000000000e+09	-4.747390100000000238e-03	2.999244500000000039e-03
7.411897375000000000e+09	-1.437836899999999935e-03	6.077298999999999765e-04
7.411899500000000000e+09	-2.373912599999999928e-03	1.108107699999999907e-03
7.411901625000000000e+09	-6.140374399999999795e-03	6.783851000000000247e-04
7.411903750000000000e+09	-5.035607099999999704e-03	3.528106799999999876e-03
7.411905875000000000e+09	-4.038667299999999794e-03	5.056733300000000424e-03
7.411908000000000000e+09	-7.736366100000000197e-03	6.995160700000000072e-03
7.411910125000000000e+09	-5.327976400000000029e-03	4.044681100000000092e-03
7.411912250000000000e+09	-2.964909799999999786e-03	5.161594400000000388e-03
7.411914375000000000e+09	-1.076377000000000106e-03	1.387698300000000029e-03
7.411916500000000000e+09	-2.667233000000000191e-03	1.267372699999999922e-03
7.411918625000000000e+09	-5.353298599999999595e-03	2.614490299999999798e-03
7.411920750000000000e+09	-4.404415200000000134e-03	3.700278799999999826e-03
7.411922875000000000e+09	-3.277005500000000106e-03	5.705354800000000427e-03
7.411925000000000000e+09	-4.123136500000000072e-03	3.419455100000000098e-03
7.411927125000000000e+09	-6.564395699999999584e-03	1.881443999999999912e-03
7.411929250000000000e+09	-2.604872399999999966e-03	4.867952400000000179e-03
7.411931375000000000e+09	-7.887002400000000732e-03	2.606545000000000042e-03
7.411933500000000000e+09	-4.620839499999999586e-03	2.444966600000000011e-03
7.411935625000000000e+09	-5.691122300000000384e-03	3.201073000000000026e-03
7.411937750000000000e+09	-5.437638800000000119e-03	2.861849200000000145e-03
7.411939875000000000e+09	-5.651041199999999945e-03	7.236200000000000276e-06
7.411942000000000000e+09	-6.409987600000000008e-03	3.026650200000000155e-03
7.411944125000000000e+09	-4.022893399999999745e-03	4.065440499999999763e-03
7.411946250000000000e+09	-7.137194799999999756e-03	5.467076199999999601e-03
7.411948375000000000e+09	-4.094234500000000151e-03	3.903627700000000030e-03
7.411950500000000000e+09	1.464297200000000106e-03	1.065227699999999993e-03
7.411952625000000000e+09	-6.557848500000000407e-03	3.420175200000000193e-03
7.411954750000000000e+09	-6.535761699999999980e-03	9.126456000000000022e-04
7.411956875000000000e+09	-2.709097100000000188e-03	2.322198699999999949e-03
7.411959000000000000e+09	-6.261837400000000269e-03	2.303710400000000182e-03
7.411961125000000000e+09	-3.212353999999999839e-04	5.811234900000000064e-03
7.411963250000000000e+09	-3.503406900000000015e-03	3.734721099999999908e-03
7.411965375000000000e+09	-2.281584699999999934e-03	1.481248199999999965e-03
7.411967500000000000e+09	-3.947949699999999881e-03	7.839714299999999900e-03
7.411969625000000000e+09	-3.658928599999999864e-03	5.446103100000000349e-03
7.411971750000000000e+09	-4.080190499999999769e-03	4.171888900000000205e-03
7.411973875000000000e+09	-2.557979399999999858e-03	1.880646099999999958e-03
7.411976000000000000e+09	-4.071449799999999827e-03	3.071429599999999857e-03
7.411978125000000000e+09	-4.573418699999999906e-03	3.552764300000000024e-03
7.411980250000000000e+09	-5.982453599999999760e-03	3.327622699999999937e-03
7.411982375000000000e+09	-4.968144399999999995e-03	1.968557000000000119e-03
7.411984500000000000e+09	-2.123418100000000214e-03	4.243484399999999761e-03
7.411986625000000000e+09	-4.210228600000000092e-03	3.327355699999999961e-03
7.411988750000000000e+09	-4.648005499999999929e-03	4.503592199999999907e-03
7.411990875000000000e+09	-4.048080499999999644e-03	2.356076700000000156e-03
7.411993000000000000e+09	-3.272576699999999936e-03	4.824965999999999977e-03
7.411995125000000000e+09	-4.700264800000000277e-03	3.846282999999999820e-03
7.411997250000000000e+09	-7.015560300000000214e-03	5.136553999999999773e-03
7.411999375000000000e+09	-3.798114200000000072e-03	4.389955000000000072e-03
7.412001500000000000e+09	-2.198339200000000177e-03	5.342389200000000407e-03
7.412003625000000000e+09	-7.616646900000000227e-03	9.993032000000000650e-04
7.412005750000000000e+09	-4.137946899999999859e-03	5.758987200000000202e-03
7.412007875000000000e+09	-5.483253199999999633e-03	3.309123900000000059e-03
7.412010000000000000e+09	-3.779358999999999930e-03	6.613175199999999851e-03
7.412012125000000000e+09	-4.782270600000000128e-03	4.846820499999999685e-03
7.412014250000000000e+09	-1.218792399999999929e-03	2.602297899999999817e-03
7.412016375000000000e+09	-7.465445299999999909e-03	3.458095600000000210e-03
7.412018500000000000e+09	-2.540059900000000200e-03	6.921746299999999991e-03
7.412020625000000000e+09	-4.533437999999999878e-03	2.293878499999999800e-03
7.412022750000000000e+09	-3.103298300000000096e-03	4.183529899999999940e-03
7.412024875000000000e+09	-9.162440399999999263e-03	4.210972700000000131e-03
7.412027000000000000e+09	-5.854519400000000005e-03	4.003772099999999660e-03
7.412029125000000000e+09	-3.450318999999999869e-03	5.532474699999999704e-03
7.412031250000000000e+09	-3.117551100000000124e-03	3.346309500000000173e-03
7.412033375000000000e+09	1.487196999999999998e-03	2.378499200000000133e-03
7.412035500000000000e+09	-2.944213299999999880e-03	4.958070799999999591e-03
7.412037625000000000e+09	-2.280400000000000135e-03	3.225720200000000131e-03
7.412039750000000000e+09	-6.657077400000000096e-03	2.708547999999999858e-03
7.412041875000000000e+09	2.717559000000000250e-04	2.128648300000000014e-03
7.412044000000000000e+09	-4.035208299999999866e-03	-1.933932499999999922e-03
7.412046125000000000e+09	-3.595659299999999850e-03	2.198651900000000124e-03
7.412048250000000000e+09	-4.624406099999999777e-03	1.567937300000000036e-03
7.412050375000000000e+09	-7.952429999999999482e-04	2.242163399999999845e-03
7.412052500000000000e+09	-8.645732999999999847e-04	5.403944299999999604e-03
7.412054625000000000e+09	-9.341308099999999157e-03	5.085432800000000246e-03
7.412056750000000000e+09	-6.346265499999999976e-03	4.746404400000000211e-03
7.412058875000000000e+09	-3.907782299999999938e-03	3.205984900000000137e-03
7.412061000000000000e+09	-5.015713100000000237e-03	3.655242899999999826e-03
7.412063125000000000e+09	-6.034762499999999676e-03	4.574436000000000301e-03
7.412065250000000000e+09	-2.849747699999999936e-03	-7.716249999999999856e-05
7.412067375000000000e+09	-3.390439099999999900e-03	5.264954399999999778e-03
7.412069500000000000e+09	-5.473843899999999811e-03	4.041470999999999605e-03
7.412071625000000000e+09	1.703683199999999958e-03	5.292390999999999589e-03
7.412073750000000000e+09	-4.953617999999999910e-03	6.820800099999999727e-03
7.412075875000000000e+09	-8.742022900000000207e-03	5.202357099999999936e-03
7.412078000000000000e+09	-4.555861799999999864e-03	5.746803200000000049e-03
7.412080125000000000e+09	-6.853804199999999867e-03	6.135926499999999617e-03
7.412082250000000000e+09	-7.264833899999999928e-03	2.555304100000000030e-03
7.412084375000000000e+09	-5.446460200000000258e-03	2.274568099999999850e-03
7.412086500000000000e+09	-4.784256199999999820e-03	2.646148899999999950e-03
7.412088625000000000e+09	2.904500000000000059e-05	5.309402599999999729e-03
7.412090750000000000e+09	-6.658992000000000296e-04	6.633485199999999797e-03
7.412092875000000000e+09	-1.273007199999999896e-03	4.640037100000000102e-03
7.412095000000000000e+09	-1.221486599999999914e-03	9.786320999999999302e-04
7.412097125000000000e+09	-4.850665100000000132e-03	2.655975699999999894e-03
7.412099250000000000e+09	-2.836159999999999896e-04	8.214408499999999169e-03
7.412101375000000000e+09	-7.756269799999999937e-03	3.800659799999999908e-03
7.412103500000000000e+09	-5.917082599999999928e-03	3.896535500000000186e-03
7.412105625000000000e+09	-5.038277199999999928e-03	2.592359399999999946e-03
7.412107750000000000e+09	-2.898667900000000044e-03	2.181669099999999830e-03
7.412109875000000000e+09	-2.531884099999999905e-03	8.701155000000000347e-04
7.412112000000000000e+09	-6.307832299999999864e-03	3.802092400000000108e-03
7.412114125000000000e+09	-6.761691900000000102e-03	3.278739399999999835e-03
7.412116250000000000e+09	-5.619787099999999820e-03	3.711884700000000169e-03
7.412118375000000000e+09	-3.700353200000000044e-03	2.737137000000000164e-03
7.412120500000000000e+09	-5.133156199999999898e-03	4.990037899999999992e-03
7.412122625000000000e+09	4.398270000000000022e-04	3.572725699999999924e-03
7.412124750000000000e+09	-3.402340399999999928e-03	3.262657400000000107e-03
7.412126875000000000e+09	-4.894467900000000309e-03	4.517284499999999620e-03
7.412129000000000000e+09	-5.990002000000000347e-03	5.736918599999999910e-03
7.412131125000000000e+09	-7.817415100000000769e-03	2.580352800000000005e-03
7.412133250000000000e+09	-5.174467700000000107e-03	3.749725299999999862e-03
7.412135375000000000e+09	-3.737766000000000222e-04	4.523828300000000240e-03
7.412137500000000000e+09	-3.658049500000000193e-03	1.720335799999999976e-03
7.412139625000000000e+09	-3.793423000000000194e-03	6.702963800000000423e-03
7.412141750000000000e+09	-6.241387699999999955e-03	5.715534100000000013e-03
7.412143875000000000e+09	-1.082848400000000107e-03	5.270826900000000030e-03
7.412146000000000000e+09	-1.471378300000000068e-03	7.112493200000000182e-03
7.412148125000000000e+09	-4.121545400000000033e-03	5.345892599999999863e-03
7.412150250000000000e+09	-2.794325199999999915e-03	3.475100400000000200e-03
7.412152375000000000e+09	-7.132369999999999856e-03	8.333350600000000857e-03
7.412154500000000000e+09	-2.976507299999999866e-03	3.647364199999999796e-03
7.412156625000000000e+09	-2.111523100000000167e-03	6.373331799999999714e-03
7.412158750000000000e+09	-4.885064399999999862e-03	3.614611000000000213e-03
7.412160875000000000e+09	-2.075004899999999958e-03	2.722393400000000172e-03
7.412163000000000000e+09	-5.013648600000000094e-03	4.481816500000000182e-03
7.412165125000000000e+09	-2.309571199999999914e-03	7.469269399999999871e-03
7.412167250000000000e+09	-4.698755100000000240e-03	6.192771000000000343e-04
7.412169375000000000e+09	-5.157277000000000259e-04	3.523383599999999928e-03
7.412171500000000000e+09	-3.868873200000000172e-03	7.028844000000000238e-03
7.412173625000000000e+09	-2.881709899999999967e-03	5.108247100000000256e-03
7.412175750000000000e+09	-3.975474300000000211e-03	2.645324200000000181e-03
7.412177875000000000e+09	-5.477326099999999844e-03	2.943116500000000132e-03
7.412180000000000000e+09	-3.783668699999999819e-03	3.852417800000000180e-03
7.412182125000000000e+09	-3.179059200000000206e-03	2.456514400000000056e-03
7.412184250000000000e+09	-8.461292299999999267e-03	8.684507799999999569e-03
7.412186375000000000e+09	-3.503386600000000031e-03	3.107503599999999946e-03
7.412188500000000000e+09	-1.189631399999999941e-03	1.752888599999999960e-03
7.412190625000000000e+09	-5.243597200000000083e-03	2.060658700000000173e-03
7.412192750000000000e+09	-5.957859000000000245e-03	2.891603300000000071e-03
7.412194875000000000e+09	-4.477531300000000408e-03	4.323206599999999782e-03
7.412197000000000000e+09	-6.096317100000000003e-03	3.287913799999999786e-03
7.412199125000000000e+09	-5.711888200000000103e-03	4.739478899999999967e-03
7.412201250000000000e+09	-1.192429799999999897e-03	3.352160199999999930e-03
7.412203375000000000e+09	-3.789622199999999937e-03	4.399460600000000207e-03
7.412205500000000000e+09	-3.976273199999999855e-03	5.808188199999999787e-03
7.412207625000000000e+09	-1.994831399999999998e-03	3.845948799999999914e-03
7.412209750000000000e+09	-6.824133799999999861e-03	8.009920099999999835e-03
7.412211875000000000e+09	-3.875557200000000029e-03	1.609810799999999986e-03
7.412214000000000000e+09	-2.978296000000000068e-03	3.503102599999999896e-03
7.412216125000000000e+09	-2.701078500000000156e-03	4.085107099999999748e-03
7.412218250000000000e+09	-5.699147800000000166e-03	8.977466999999999392e-03
7.412220375000000000e+09	-4.165401999999999798e-04	3.238199599999999970e-03
7.412222500000000000e+09	-3.068869300000000213e-03	7.051677899999999992e-03
7.412224625000000000e+09	-4.537334100000000106e-03	2.832205799999999805e-03
7.412226750000000000e+09	-6.811126600000000017e-03	5.329533400000000150e-03
7.412228875000000000e+09	-4.011717899999999587e-03	3.288752900000000128e-03
7.412231000000000000e+09	-6.670720599999999979e-03	4.898286200000000028e-03
7.412233125000000000e+09	-2.913493400000000209e-03	5.044673199999999587e-03
7.412235250000000000e+09	-3.261992500000000187e-03	3.813495999999999986e-03
7.412237375000000000e+09	-4.771804000000000150e-03	2.773681100000000097e-03
7.412239500000000000e+09	-1.949622899999999904e-03	3.919417100000000161e-03
7.412241625000000000e+09	-4.641713999999999909e-03	4.731228700000000321e-03
7.412243750000000000e+09	-3.422163000000000201e-03	4.632676900000000375e-03
7.412245875000000000e+09	-1.201182700000000096e-03	3.892564399999999970e-03
7.412248000000000000e+09	-4.322517199999999747e-03	6.531783000000000207e-03
7.412250125000000000e+09	-2.691566800000000110e-03	3.409079199999999824e-03
7.412252250000000000e+09	-2.172485100000000075e-03	5.034229999999999781e-03
7.412254375000000000e+09	-5.338890500000000386e-03	3.865132800000000129e-03
7.412256500000000000e+09	-3.054899399999999945e-03	7.449557600000000085e-03
7.412258625000000000e+09	-1.145310799999999917e-03	5.630137700000000141e-03
7.412260750000000000e+09	-5.933193600000000005e-03	2.688265600000000217e-03
7.412262875000000000e+09	-5.624122799999999901e-03	5.507106399999999596e-03
7.412265000000000000e+09	-1.612943099999999963e-03	3.577500799999999790e-03
7.412267125000000000e+09	-1.724834300000000062e-03	1.724639100000000067e-03
7.412269250000000000e+09	-4.735946100000000027e-03	3.946237800000000281e-03
7.412271375000000000e+09	-3.822719999999999937e-03	3.661203500000000197e-03
7.412273500000000000e+09	2.140238999999999889e-04	7.913107799999999359e-03
7.412275625000000000e+09	-4.129897799999999834e-03	4.836820000000000355e-03
7.412277750000000000e+09	-7.520487699999999984e-03	3.214150499999999990e-03
7.412279875000000000e+09	7.171054000000000274e-04	4.575873900000000140e-03
7.412282000000000000e+09	-5.566795599999999587e-03	4.548047199999999575e-03
7.412284125000000000e+09	-5.378708900000000147e-03	3.006765099999999819e-03
7.412286250000000000e+09	-2.628988699999999876e-03	4.506351300000000122e-03
7.412288375000000000e+09	-8.600612000000000317e-04	5.462876299999999859e-03
7.412290500000000000e+09	-4.060211499999999939e-03	1.170973799999999905e-03
7.412292625000000000e+09	3.761535000000000096e-04	7.693564699999999763e-03
7.412294750000000000e+09	-4.843466599999999601e-03	3.082137600000000189e-03
7.412296875000000000e+09	-2.338931299999999925e-03	6.733334799999999946e-03
7.412299000000000000e+09	-1.465479800000000056e-03	2.798787499999999800e-03
7.412301125000000000e+09	-9.013768400000000264e-03	6.677371799999999927e-03
7.412303250000000000e+09	-4.754617000000000153e-04	2.748975700000000095e-03
7.412305375000000000e+09	-9.753224999999999915e-04	1.554267999999999871e-04
7.412307500000000000e+09	-2.616003400000000128e-03	5.900347999999999704e-03
7.412309625000000000e+09	-6.764530099999999969e-03	3.576414600000000187e-03
7.412311750000000000e+09	-6.839334600000000070e-03	5.236272000000000149e-03
7.412313875000000000e+09	-2.732039700000000147e-03	5.379011999999999856e-03
7.412316000000000000e+09	-5.928570200000000262e-03	5.071831199999999804e-03
7.412318125000000000e+09	-3.449005199999999847e-03	3.887341700000000125e-03
7.412320250000000000e+09	-3.560505700000000072e-03	1.443921099999999954e-03
7.412322375000000000e+09	-8.374631000000000219e-04	5.599874200000000413e-03
7.412324500000000000e+09	-1.499470500000000097e-03	3.112897500000000057e-03
7.412326625000000000e+09	-4.995790600000000158e-03	4.979216899999999724e-03
7.412328750000000000e+09	-8.141208900000000345e-03	6.909476999999999806e-03
7.412330875000000000e+09	-2.780039099999999808e-03	7.133477499999999784e-03
7.412333000000000000e+09	-3.473341000000000124e-04	6.768375099999999686e-03
7.412335125000000000e+09	2.315786600000000004e-03	4.609942399999999822e-03
7.412337250000000000e+09	-5.970020900000000234e-03	3.825144500000000111e-03
7.412339375000000000e+09	-6.594469399999999641e-03	3.723218099999999961e-03
7.412341500000000000e+09	-7.027389999999999678e-04	5.539658299999999924e-03
7.412343625000000000e+09	-4.892993400000000132e-03	3.869010699999999789e-03
7.412345750000000000e+09	-1.202932799999999929e-03	7.369684199999999678e-03
7.412347875000000000e+09	-3.322344599999999849e-03	7.675977100000000095e-03
7.412350000000000000e+09	-5.071352999999999799e-03	3.749234399999999863e-03
7.412352125000000000e+09	3.218429999999999880e-04	6.883003999999999858e-03
7.412354250000000000e+09	-7.217156000000000396e-04	6.218626399999999804e-03
7.412356375000000000e+09	-1.352196800000000010e-03	5.985622099999999939e-03
7.412358500000000000e+09	-1.004145599999999895e-03	9.106169799999999301e-03
7.412360625000000000e+09	-3.641811100000000041e-03	4.368474899999999668e-03
7.412362750000000000e+09	2.969509000000000168e-04	2.468112299999999839e-03
7.412364875000000000e+09	-5.083449799999999706e-03	3.978448199999999949e-03
7.412367000000000000e+09	-5.661877499999999792e-03	2.439114500000000210e-03
7.412369125000000000e+09	-3.979038800000000119e-03	5.429214699999999720e-03
7.412371250000000000e+09	-2.770045599999999830e-03	7.880806199999999817e-03
7.412373375000000000e+09	1.100217999999999975e-04	6.072560799999999689e-03
7.412375500000000000e+09	-4.418445899999999885e-03	3.078984500000000058e-03
7.412377625000000000e+09	-4.269162800000000230e-03	7.683783700000000258e-03
7.412379750000000000e+09	-3.207088700000000105e-03	3.792320999999999973e-03
7.412381875000000000e+09	-5.857281899999999646e-03	4.831751799999999854e-03
7.412384000000000000e+09	-5.287515399999999713e-03	3.472914299999999791e-03
7.412386125000000000e+09	-3.113888000000000094e-04	7.010516900000000363e-03
7.412388250000000000e+09	-2.853560599999999982e-03	6.880332400000000424e-03
7.412390375000000000e+09	-6.012684199999999979e-03	3.084308799999999854e-03
7.412392500000000000e+09	-6.377943199999999702e-03	1.624881199999999963e-03
7.412394625000000000e+09	-2.739094999999999985e-03	6.168954800000000203e-03
7.412396750000000000e+09	-2.775301999999999891e-03	4.988607899999999810e-03
7.412398875000000000e+09	-4.440438599999999882e-03	6.080552599999999690e-03
7.412401000000000000e+09	6.162738999999999544e-04	5.814688800000000421e-03
7.412403125000000000e+09	-1.770220400000000003e-03	7.502058399999999953e-03
7.412405250000000000e+09	-3.162601100000000161e-03	7.213213100000000037e-03
7.412407375000000000e+09	-6.064798199999999785e-03	4.692095000000000293e-03
7.412409500000000000e+09	-2.822083600000000175e-03	5.133263800000000161e-03
7.412411625000000000e+09	-3.881092000000000049e-03	6.004957099999999603e-03
7.412413750000000000e+09	-4.450433200000000235e-03	3.475198000000000089e-03
7.412415875000000000e+09	-4.840109900000000298e-03	5.633269800000000049e-03
7.412418000000000000e+09	-2.309793100000000123e-03	3.643662000000000203e-03
7.412420125000000000e+09	-3.641330199999999982e-03	4.552866899999999904e-03
7.412422250000000000e+09	-4.455750199999999710e-03	2.399836600000000014e-03
7.412424375000000000e+09	-6.950894400000000133e-03	1.511508300000000051e-03
7.412426500000000000e+09	-5.153806500000000096e-03	8.986680299999999164e-03
7.412428625000000000e+09	-1.196705300000000050e-03	4.291752099999999841e-03
7.412430750000000000e+09	-2.573275400000000004e-03	3.266012799999999834e-03
7.412432875000000000e+09	-5.337282799999999890e-03	4.640677400000000306e-03
7.412435000000000000e+09	-4.253938300000000179e-03	4.304058000000000363e-03
7.412437125000000000e+09	-5.761931999999999774e-04	7.044321400000000226e-03
7.412439250000000000e+09	-7.107573800000000115e-03	3.779746699999999866e-03
7.412441375000000000e+09	-4.118988199999999711e-03	9.440197999999999905e-04
7.412443500000000000e+09	-3.106126700000000091e-03	3.517806100000000092e-03
7.412445625000000000e+09	-6.021430099999999959e-03	6.412531100000000428e-03
7.412447750000000000e+09	-3.988185600000000199e-03	5.186015500000000153e-03
7.412449875000000000e+09	-2.720711199999999858e-03	6.860655099999999826e-03
7.412452000000000000e+09	-4.182690099999999793e-03	5.260879000000000423e-03
7.412454125000000000e+09	-3.437274799999999984e-03	2.985621099999999969e-03
7.412456250000000000e+09	-3.728277600000000098e-03	2.064560799999999845e-03
7.412458375000000000e+09	2.873881000000000005e-04	2.244354100000000088e-03
7.412460500000000000e+09	-1.984571300000000180e-03	6.364533399999999612e-03
7.412462625000000000e+09	-5.273195700000000291e-03	7.131411800000000099e-03
7.412464750000000000e+09	-7.124666099999999586e-03	1.407477700000000099e-03
7.412466875000000000e+09	-5.781684599999999813e-03	5.849490599999999929e-03
7.412469000000000000e+09	-7.240630799999999909e-03	4.743407600000000036e-03
7.412471125000000000e+09	-3.789047099999999849e-03	5.904524399999999673e-03
7.412473250000000000e+09	-7.189071099999999603e-03	6.041630699999999896e-03
7.412475375000000000e+09	-6.208065100000000058e-03	3.644849800000000192e-03
7.412477500000000000e+09	-2.995082999999999730e-04	5.303239399999999659e-03
7.412479625000000000e+09	-2.801833100000000135e-03	3.729394000000000025e-03
7.412481750000000000e+09	-2.832560100000000060e-03	4.262542499999999977e-03
7.412483875000000000e+09	-5.218206500000000143e-03	2.878581800000000121e-03
7.412486000000000000e+09	-2.555140799999999855e-03	8.485029999999999309e-03
7.412488125000000000e+09	-5.731568200000000321e-03	3.928015200000000047e-03
7.412490250000000000e+09	-1.480294000000000054e-03	4.837868700000000181e-03
7.412492375000000000e+09	-1.619529699999999999e-03	1.706884799999999931e-03
7.412494500000000000e+09	-5.288339999999999881e-03	5.653042599999999820e-03
7.412496625000000000e+09	-3.746544100000000124e-03	4.024125800000000197e-03
7.412498750000000000e+09	-4.462595000000000190e-04	5.308660199999999836e-03
7.412500875000000000e+09	-6.079461599999999750e-03	2.951716799999999901e-03
7.412503000000000000e+09	-4.915171500000000034e-03	8.064937899999999327e-03
7.412505125000000000e+09	-1.075179799999999948e-03	3.794280799999999974e-03
7.412507250000000000e+09	-7.831490300000000515e-03	2.535030900000000056e-03
7.412509375000000000e+09	-3.040470699999999783e-03	5.883978300000000314e-03
7.412511500000000000e+09	-2.703854600000000098e-03	1.297348800000000090e-03
7.412513625000000000e+09	-3.588588399999999897e-03	6.587211699999999739e-03
7.412515750000000000e+09	-1.610646299999999968e-03	7.002756599999999942e-03
7.412517875000000000e+09	-2.013636999999999979e-03	3.088897599999999941e-03
7.412520000000000000e+09	-1.897991699999999936e-03	5.242192700000000358e-03
7.412522125000000000e+09	-7.530996600000000075e-03	3.869728099999999830e-03
7.412524250000000000e+09	-2.680751299999999983e-03	9.601739499999999497e-03
7.412526375000000000e+09	-2.774979999999999808e-03	2.085150999999999932e-03
7.412528500000000000e+09	-2.560592300000000092e-03	5.658520499999999953e-03
7.412530625000000000e+09	-2.754637600000000089e-03	5.934839899999999786e-03
7.412532750000000000e+09	-2.494197799999999920e-03	3.704987900000000171e-03
7.412534875000000000e+09	-5.278996099999999810e-03	3.986993399999999577e-03
7.412537000000000000e+09	-3.481766900000000161e-03	7.981822399999999665e-03
7.412539125000000000e+09	-3.859758599999999797e-03	3.891826000000000139e-03
7.412541250000000000e+09	-2.011755400000000190e-03	7.768683499999999922e-03
7.412543375000000000e+09	-1.782479800000000064e-03	4.472114400000000260e-03
7.412545500000000000e+09	-2.924968999999999920e-03	6.793383200000000129e-03
7.412547625000000000e+09	-3.975581199999999801e-03	7.378685500000000015e-03
7.412549750000000000e+09	-3.007205399999999910e-03	4.938097999999999490e-04
7.412551875000000000e+09	-3.271864499999999933e-03	5.281922700000000331e-03
7.412554000000000000e+09	-5.165880000000000081e-05	5.943902099999999640e-03
7.412556125000000000e+09	-6.637076700000000239e-03	7.896419700000000680e-03
7.412558250000000000e+09	-1.332578600000000049e-03	5.349024899999999839e-03
7.412560375000000000e+09	-2.426344600000000188e-03	6.929985700000000290e-03
7.412562500000000000e+09	-4.923751399999999785e-03	4.365723099999999773e-03
7.412564625000000000e+09	-2.189497299999999987e-03	9.355911200000000677e-03
7.412566750000000000e+09	-3.093644600000000199e-03	9.662359000000000572e-03
7.412568875000000000e+09	-4.086697700000000051e-03	4.198422299999999933e-03
7.412571000000000000e+09	-2.776105799999999905e-03	3.878105100000000215e-03
7.412573125000000000e+09	-1.383950699999999916e-03	4.940696300000000166e-03
7.412575250000000000e+09	-5.768644699999999660e-03	3.549844899999999789e-03
7.412577375000000000e+09	-3.823794799999999990e-03	6.029842300000000203e-03
7.412579500000000000e+09	-5.835042200000000422e-03	2.860801899999999929e-03
7.412581625000000000e+09	-1.615158100000000036e-03	4.749075600000000376e-03
7.412583750000000000e+09	-6.305945000000000083e-04	9.382958400000000407e-03
7.412585875000000000e+09	-3.808319300000000216e-03	3.253180300000000150e-03
7.412588000000000000e+09	-3.572546199999999863e-03	6.995323700000000144e-03
7.412590125000000000e+09	-3.367528700000000080e-03	6.226095099999999667e-03
7.412592250000000000e+09	-4.272881499999999812e-03	5.438134199999999918e-03
7.412594375000000000e+09	-3.636689900000000114e-03	4.652511800000000072e-03
7.412596500000000000e+09	-3.996361999999999831e-03	2.676614099999999937e-03
7.412598625000000000e+09	-4.339649099999999711e-03	8.947407000000000103e-04
7.412600750000000000e+09	2.140099300000000010e-03	5.264433100000000254e-03
7.412602875000000000e+09	-5.731790700000000301e-03	5.788761400000000043e-03
7.412605000000000000e+09	-1.919300999999999993e-03	5.407076200000000311e-03
7.412607125000000000e+09	-4.394785200000000079e-03	6.470136700000000268e-03
7.412609250000000000e+09	-3.815154399999999991e-03	4.583992599999999612e-03
7.412611375000000000e+09	-2.323019899999999825e-03	2.921583000000000166e-03
7.412613500000000000e+09	-4.754538699999999798e-03	-2.075013999999999917e-04
7.412615625000000000e+09	-3.972135699999999707e-03	7.286502299999999925e-03
7.412617750000000000e+09	-3.192205699999999848e-03	6.097136900000000269e-03
7.412619875000000000e+09	-3.156370300000000025e-03	1.700891599999999936e-03
7.412622000000000000e+09	-2.154841900000000095e-03	7.318267800000000101e-03
7.412624125000000000e+09	-4.653912799999999905e-03	5.457339000000000287e-03
7.412626250000000000e+09	-1.481023599999999919e-03	8.965597800000000769e-03
7.412628375000000000e+09	-3.987914199999999590e-03	9.073670100000000294e-03
7.412630500000000000e+09	-4.670482600000000310e-03	6.576117099999999847e-03
7.412632625000000000e+09	-2.874876299999999836e-03	4.563194599999999788e-03
7.412634750000000000e+09	-7.209778600000000225e-03	7.736762299999999995e-03
7.412636875000000000e+09	-1.998067000000000072e-03	8.365339299999999950e-03
7.412639000000000000e+09	-5.468339999999999892e-05	2.279810399999999872e-03
7.412641125000000000e+09	-5.269663499999999688e-03	5.613472300000000095e-03
7.412643250000000000e+09	4.265133999999999744e-04	7.237161999999999675e-04
7.412645375000000000e+09	-5.830435900000000005e-03	3.672937800000000089e-03
7.412647500000000000e+09	1.830547000000000077e-04	4.188273900000000043e-03
7.412649625000000000e+09	-1.892192800000000062e-03	6.660643899999999819e-03
7.412651750000000000e+09	-3.175130600000000171e-03	5.423231199999999780e-03
7.412653875000000000e+09	-5.763127999999999957e-04	8.740475500000000758e-03
7.412656000000000000e+09	-5.002424899999999980e-03	5.963599299999999652e-03
7.412658125000000000e+09	-5.816375399999999633e-03	5.066741799999999879e-03
7.412660250000000000e+09	-2.536870599999999868e-03	6.185087500000000307e-03
7.412662375000000000e+09	-3.424200300000000176e-03	6.445403399999999859e-03
7.412664500000000000e+09	-1.722187299999999909e-03	7.996893700000000382e-03
7.412666625000000000e+09	-3.966225000000000306e-03	7.320388500000000326e-03
7.412668750000000000e+09	-2.151572999999999940e-03	1.672538199999999958e-03
7.412670875000000000e+09	-1.935750900000000061e-03	1.709273400000000005e-03
7.412673000000000000e+09	-3.917226099999999815e-03	7.096755399999999867e-03
7.412675125000000000e+09	-3.145868000000000015e-04	6.087119700000000015e-03
7.412677250000000000e+09	-1.511758300000000084e-03	8.556570799999999727e-03
7.412679375000000000e+09	-4.581390999999999762e-03	6.863574300000000426e-03
7.412681500000000000e+09	-4.381224300000000071e-03	4.395540400000000000e-03
7.412683625000000000e+09	-5.223135999999999751e-03	3.564059799999999903e-03
7.412685750000000000e+09	-4.930733100000000112e-03	2.187861799999999985e-03
7.412687875000000000e+09	-2.011341399999999960e-03	5.122166099999999646e-03
7.412690000000000000e+09	-4.983738599999999914e-03	2.504685300000000087e-03
7.412692125000000000e+09	-5.488143200000000083e-03	3.138812400000000075e-03
7.412694250000000000e+09	-2.747973099999999943e-03	1.284589199999999895e-03
7.412696375000000000e+09	-3.284116200000000187e-03	3.932407199999999811e-03
7.412698500000000000e+09	-2.785886999999999912e-03	5.301543399999999844e-03
7.412700625000000000e+09	-4.036436099999999617e-03	6.180771100000000302e-03
7.412702750000000000e+09	-2.128948600000000069e-03	4.948746000000000395e-03
7.412704875000000000e+09	-1.193233300000000026e-03	6.850288199999999585e-03
7.412707000000000000e+09	-2.242229000000000097e-03	4.905977800000000007e-03
7.412709125000000000e+09	-1.387439099999999894e-03	6.638261799999999740e-03
7.412711250000000000e+09	-2.192635599999999841e-03	4.682472800000000296e-03
7.412713375000000000e+09	-8.784841000000000481e-04	3.043765800000000198e-03
7.412715500000000000e+09	-3.574758199999999997e-03	1.229160599999999963e-03
7.412717625000000000e+09	3.298255000000000154e-04	2.360361400000000193e-03
7.412719750000000000e+09	-1.066074800000000027e-03	1.885573300000000082e-03
7.412721875000000000e+09	1.365182400000000077e-03	1.582729900000000040e-03
7.412724000000000000e+09	1.924229999999999973e-04	7.851948200000000155e-03
7.412726125000000000e+09	-2.443890000000000211e-04	5.743257300000000412e-03
7.412728250000000000e+09	-1.268152399999999957e-03	4.041807700000000364e-03
7.412730375000000000e+09	-4.324819500000000316e-03	6.018964299999999580e-03
7.412732500000000000e+09	-5.397898100000000400e-03	5.616041199999999636e-03
7.412734625000000000e+09	-3.844484699999999814e-03	6.314053400000000163e-03
7.412736750000000000e+09	-2.059439000000000148e-03	3.529610500000000036e-03
7.412738875000000000e+09	-6.808486000000000529e-04	6.978340900000000284e-03
7.412741000000000000e+09	-1.978610100000000038e-03	6.537131399999999981e-03
7.412743125000000000e+09	-2.617654499999999811e-03	5.415908900000000400e-03
7.412745250000000000e+09	9.105155999999999666e-04	1.117148970000000040e-02
7.412747375000000000e+09	-5.034104099999999783e-03	6.610721400000000095e-03
7.412749500000000000e+09	-1.329098699999999933e-03	7.904164999999999455e-03
7.412751625000000000e+09	-2.545184199999999883e-03	6.028108299999999573e-03
7.412753750000000000e+09	-1.617803899999999996e-03	3.096952300000000140e-03
7.412755875000000000e+09	-2.060001499999999843e-03	5.582639700000000156e-03
7.412758000000000000e+09	-1.768820699999999963e-03	5.692703700000000151e-03
7.412760125000000000e+09	-2.739774999999999849e-03	5.184069399999999619e-03
7.412762250000000000e+09	-7.906923999999999854e-04	9.894005299999999656e-03
7.412764375000000000e+09	-1.475381900000000092e-03	6.095156899999999885e-03
7.412766500000000000e+09	-2.026860799999999959e-03	2.220683299999999874e-03
7.412768625000000000e+09	-1.152262700000000056e-03	3.320734799999999938e-03
7.412770750000000000e+09	-2.039885600000000167e-03	7.561639700000000013e-03
7.412772875000000000e+09	-5.343523999999999670e-03	6.389203500000000154e-03
7.412775000000000000e+09	-1.910356300000000092e-03	1.740262700000000037e-03
7.412777125000000000e+09	9.143690000000000541e-05	4.178501000000000264e-03
7.412779250000000000e+09	-1.286522999999999920e-03	8.388865199999999758e-03
7.412781375000000000e+09	-3.077008899999999873e-03	5.990988600000000247e-03
7.412783500000000000e+09	-3.438889799999999934e-03	9.060093999999999440e-03
7.412785625000000000e+09	-1.078918500000000062e-03	6.359270900000000074e-03
7.412787750000000000e+09	-3.653628099999999945e-03	6.216941900000000007e-03
7.412789875000000000e+09	-4.635217900000000377e-03	7.412772399999999900e-03
7.412792000000000000e+09	2.046212999999999851e-03	1.990300999999999876e-03
7.412794125000000000e+09	-3.721958500000000208e-03	3.158125800000000181e-03
7.412796250000000000e+09	-1.302007999999999898e-03	4.266556200000000409e-03
7.412798375000000000e+09	-1.948002400000000030e-03	5.159245399999999940e-03
7.412800500000000000e+09	-1.692932299999999959e-03	7.734622499999999762e-03
7.412802625000000000e+09	-2.866205000000000250e-04	6.133950699999999798e-03
7.412804750000000000e+09	-1.986311399999999856e-03	6.250930099999999628e-03
7.412806875000000000e+09	-6.566353999999999507e-04	4.304996099999999770e-03
7.412809000000000000e+09	-3.258181399999999887e-03	7.164052500000000351e-03
7.412811125000000000e+09	-2.282297300000000074e-03	3.176934100000000216e-03
7.412813250000000000e+09	4.784131999999999751e-04	5.602560399999999621e-03
7.412815375000000000e+09	-7.026218499999999610e-03	6.064064499999999823e-03
7.412817500000000000e+09	5.635233000000000126e-04	3.106121900000000189e-03
7.412819625000000000e+09	1.134895599999999902e-03	5.591353599999999632e-03
7.412821750000000000e+09	1.476190600000000042e-03	6.653209999999999680e-03
7.412823875000000000e+09	-1.851433399999999905e-03	4.225636100000000096e-03
7.412826000000000000e+09	-2.239029200000000087e-03	5.103049299999999795e-03
7.412828125000000000e+09	-3.825294600000000121e-03	3.653072800000000103e-03
7.412830250000000000e+09	-6.835948500000000282e-03	2.759487699999999943e-03
7.412832375000000000e+09	-2.392520500000000147e-03	4.292404799999999937e-03
7.412834500000000000e+09	-8.539453000000000451e-04	4.259513700000000166e-03
7.412836625000000000e+09	-2.754903400000000089e-03	7.595718700000000240e-03
7.412838750000000000e+09	-2.094149000000000065e-04	5.944131200000000136e-03
7.412840875000000000e+09	5.134792000000000219e-04	8.873240900000000861e-03
7.412843000000000000e+09	-3.947529899999999842e-03	2.599507699999999838e-03
7.412845125000000000e+09	-7.904890000000000137e-05	9.269524200000000408e-03
7.412847250000000000e+09	-3.099577200000000129e-03	4.112410000000000371e-03
7.412849375000000000e+09	-4.073283700000000264e-03	4.935091600000000162e-03
7.412851500000000000e+09	-6.898348700000000132e-03	6.507520499999999881e-03
7.412853625000000000e+09	-3.931040000000000229e-04	4.330865399999999851e-03
7.412855750000000000e+09	-3.788727500000000151e-03	1.888593199999999894e-03
7.412857875000000000e+09	-4.915535099999999991e-03	5.320194000000000312e-03
7.412860000000000000e+09	-1.751069799999999902e-03	5.281449399999999829e-03
7.412862125000000000e+09	-7.554417499999999640e-03	6.846718400000000038e-03
7.412864250000000000e+09	-6.344131400000000386e-03	4.019154900000000349e-03
7.412866375000000000e+09	-1.365207000000000009e-03	3.746157500000000130e-03
7.412868500000000000e+09	-7.546273000000000043e-04	7.818450399999999495e-03
7.412870625000000000e+09	-2.848218500000000188e-03	8.780980299999999530e-03
7.412872750000000000e+09	-6.132877999999999594e-04	5.948875400000000306e-03
7.412874875000000000e+09	-3.177176099999999906e-03	6.596129499999999792e-03
7.412877000000000000e+09	3.060555000000000176e-04	8.565292900000000265e-03
7.412879125000000000e+09	-4.523971400000000032e-03	8.032527899999999249e-03
7.412881250000000000e+09	-4.364062600000000354e-03	3.202781000000000031e-03
7.412883375000000000e+09	-3.576551299999999965e-03	3.002747200000000123e-03
7.412885500000000000e+09	-1.336997799999999981e-03	5.787768000000000426e-03
7.412887625000000000e+09	-5.856107600000000357e-03	7.254428799999999671e-03
7.412889750000000000e+09	1.782083500000000015e-03	2.927485400000000206e-03
7.412891875000000000e+09	-2.114822000000000143e-03	2.233693699999999942e-03
7.412894000000000000e+09	-2.492313400000000043e-03	1.115895469999999938e-02
7.412896125000000000e+09	2.797537699999999919e-03	8.387666400000000355e-03
7.412898250000000000e+09	-4.379232599999999601e-03	6.958619499999999826e-03
7.412900375000000000e+09	-6.610605999999999774e-04	4.933918500000000415e-03
7.412902500000000000e+09	-3.477088299999999809e-03	6.241157500000000385e-03
7.412904625000000000e+09	-2.510244799999999856e-03	5.838334300000000247e-03
7.412906750000000000e+09	-3.548740400000000017e-03	1.188595900000000063e-03
7.412908875000000000e+09	-5.850482599999999936e-03	7.334734400000000008e-03
7.412911000000000000e+09	-4.285045099999999947e-03	3.626014199999999955e-03
7.412913125000000000e+09	-3.683990099999999868e-03	6.249832200000000372e-03
7.412915250000000000e+09	-3.458368199999999927e-03	8.644146899999999994e-03
7.412917375000000000e+09	-2.557845699999999802e-03	3.727249399999999890e-03
7.412919500000000000e+09	-1.768381999999999983e-03	4.056260699999999705e-03
7.412921625000000000e+09	1.895376500000000002e-03	7.356379300000000232e-03
7.412923750000000000e+09	-6.451933999999999881e-04	4.393115999999999861e-03
7.412925875000000000e+09	-1.850128799999999985e-03	7.032616799999999620e-03
7.412928000000000000e+09	-1.881270900000000081e-03	9.041066599999999717e-03
7.412930125000000000e+09	-2.618159200000000179e-03	9.215779299999999133e-03
7.412932250000000000e+09	-5.766483000000000199e-04	5.526277700000000251e-03
7.412934375000000000e+09	-2.991860700000000071e-03	3.635855300000000005e-03
7.412936500000000000e+09	-2.196467399999999827e-03	5.501377400000000140e-03
7.412938625000000000e+09	-3.411881099999999889e-03	4.226880599999999905e-03
7.412940750000000000e+09	-1.988441400000000216e-03	9.706712899999999158e-03
7.412942875000000000e+09	1.778542000000000089e-04	7.944107500000000335e-03
7.412945000000000000e+09	-3.362175299999999901e-03	4.667367300000000059e-03
7.412947125000000000e+09	-2.702279299999999808e-03	9.403077799999999542e-03
7.412949250000000000e+09	1.089148199999999921e-03	7.907253799999999777e-03
7.412951375000000000e+09	6.871644000000000103e-04	8.038773299999999594e-03
7.412953500000000000e+09	-5.320829899999999883e-03	8.016395200000000013e-03
7.412955625000000000e+09	-5.425580299999999828e-03	5.932016099999999625e-03
7.412957750000000000e+09	2.947324999999999771e-04	8.100190000000000168e-03
7.412959875000000000e+09	-2.984549300000000072e-03	5.273122699999999684e-03
7.412962000000000000e+09	3.168454900000000109e-03	5.933421300000000023e-03
7.412964125000000000e+09	-3.346009200000000117e-03	4.822578099999999708e-03
7.412966250000000000e+09	-1.040765900000000009e-03	7.046115000000000364e-03
7.412968375000000000e+09	-2.642524000000000045e-04	4.606067000000000147e-03
7.412970500000000000e+09	-2.032396100000000150e-03	5.158391600000000222e-03
7.412972625000000000e+09	-2.124214900000000010e-03	3.425176800000000101e-03
7.412974750000000000e+09	-2.262345099999999842e-03	3.944058000000000286e-03
7.412976875000000000e+09	-3.170454300000000170e-03	7.355785899999999974e-03
7.412979000000000000e+09	-6.683041000000000242e-04	4.195710800000000337e-03
7.412981125000000000e+09	-1.495559899999999911e-03	8.879368599999999667e-03
7.412983250000000000e+09	-1.981640599999999995e-03	7.352823599999999855e-03
7.412985375000000000e+09	-3.223362100000000049e-03	5.687322600000000068e-03
7.412987500000000000e+09	-5.390844199999999739e-03	1.617449900000000060e-03
7.412989625000000000e+09	-3.304584699999999972e-03	7.104808199999999851e-03
7.412991750000000000e+09	-2.717650299999999942e-03	1.030419060000000060e-02
7.412993875000000000e+09	7.649605999999999550e-04	8.478655499999999609e-03
7.412996000000000000e+09	1.014117199999999995e-03	3.312624799999999963e-03
7.412998125000000000e+09	-2.457119099999999830e-03	6.021466700000000297e-03
7.413000250000000000e+09	-3.058263900000000174e-03	2.487330099999999870e-03
7.413002375000000000e+09	-4.402341999999999735e-04	7.869013200000000291e-03
7.413004500000000000e+09	-4.283439999999999904e-04	7.395397500000000339e-03
7.413006625000000000e+09	-6.230323500000000021e-03	3.879258200000000080e-03
7.413008750000000000e+09	1.633483499999999981e-03	4.466404099999999808e-03
7.413010875000000000e+09	-1.963231699999999982e-03	6.990498799999999777e-03
7.413013000000000000e+09	1.782968000000000009e-03	6.809996999999999925e-03
7.413015125000000000e+09	-1.981492999999999970e-04	8.768846199999999480e-03
7.413017250000000000e+09	1.172549099999999978e-03	1.043157200000000007e-02
7.413019375000000000e+09	-2.424578199999999784e-03	4.523100199999999585e-03
7.413021500000000000e+09	4.132927800000000054e-03	2.847542000000000215e-03
7.413023625000000000e+09	-4.262509000000000263e-03	7.094404900000000208e-03
7.413025750000000000e+09	9.174043000000000215e-04	3.135699400000000175e-03
7.413027875000000000e+09	1.926170999999999960e-04	5.415775500000000013e-03
7.413030000000000000e+09	-5.014621599999999693e-03	3.799702199999999922e-03
7.413032125000000000e+09	-4.840574999999999847e-04	7.737831799999999975e-03
7.413034250000000000e+09	-4.487799999999999621e-06	5.794499899999999704e-03
7.413036375000000000e+09	-1.785402099999999987e-03	3.414598799999999865e-03
7.413038500000000000e+09	-3.113727999999999743e-04	4.979791699999999710e-03
7.413040625000000000e+09	1.182056300000000008e-03	1.023518240000000079e-02
7.413042750000000000e+09	-2.233365199999999811e-03	1.351666399999999985e-03
7.413044875000000000e+09	-1.761891000000000021e-03	4.995783799999999573e-03
7.413047000000000000e+09	-3.638370900000000019e-03	3.365012899999999998e-03
7.413049125000000000e+09	1.818217200000000078e-03	3.829043199999999925e-03
7.413051250000000000e+09	-4.330883599999999986e-03	5.670188500000000222e-03
7.413053375000000000e+09	-2.524549100000000098e-03	5.253620199999999713e-03
7.413055500000000000e+09	-1.450682999999999920e-03	7.219964700000000395e-03
7.413057625000000000e+09	-8.125358000000000276e-04	8.954974500000000698e-03
7.413059750000000000e+09	1.770962000000000003e-04	6.791083600000000046e-03
7.413061875000000000e+09	5.672103999999999861e-04	5.625005000000000196e-04
7.413064000000000000e+09	-5.151019300000000273e-03	5.972651899999999701e-03
7.413066125000000000e+09	1.526310599999999894e-03	6.437575400000000204e-03
7.413068250000000000e+09	-5.726187800000000043e-03	6.544343799999999614e-03
7.413070375000000000e+09	-3.188612200000000025e-03	4.096265699999999781e-03
7.413072500000000000e+09	-4.391152399999999865e-03	6.807271200000000223e-03
7.413074625000000000e+09	-1.612367699999999989e-03	8.271046100000000248e-03
7.413076750000000000e+09	-7.624759999999999958e-04	6.480396499999999983e-03
7.413078875000000000e+09	-5.658478100000000240e-03	3.755821500000000070e-03
7.413081000000000000e+09	-1.569626099999999998e-03	6.291531700000000185e-03
7.413083125000000000e+09	-7.382174000000000244e-04	2.967940599999999846e-03
7.413085250000000000e+09	-1.462322600000000045e-03	6.231025200000000347e-03
7.413087375000000000e+09	-1.876716700000000083e-03	5.756941300000000331e-03
7.413089500000000000e+09	-9.411158000000000197e-04	7.567884000000000416e-03
7.413091625000000000e+09	1.808635299999999946e-03	3.635562499999999905e-03
7.413093750000000000e+09	-2.526607199999999793e-03	4.090885499999999571e-03
7.413095875000000000e+09	2.103265400000000132e-03	4.629767800000000183e-03
7.413098000000000000e+09	-3.703846599999999992e-03	4.686972099999999787e-03
7.413100125000000000e+09	-2.709805300000000128e-03	8.098050799999999272e-03
7.413102250000000000e+09	-8.543919000000000080e-04	9.394503000000000228e-03
7.413104375000000000e+09	-4.687021700000000221e-03	4.482711399999999603e-03
7.413106500000000000e+09	-3.135945099999999826e-03	3.365630399999999800e-03
7.413108625000000000e+09	-1.264773000000000069e-03	7.058291799999999797e-03
7.413110750000000000e+09	-3.475746000000000044e-04	6.870354300000000060e-03
7.413112875000000000e+09	-4.059288599999999643e-03	4.624493200000000422e-03
7.413115000000000000e+09	-4.513399999999999877e-03	2.689300500000000108e-03
7.413117125000000000e+09	-6.956732200000000262e-03	6.059150099999999727e-03
7.413119250000000000e+09	-4.103759799999999631e-03	3.674668800000000131e-03
7.413121375000000000e+09	3.435852699999999895e-03	6.198454400000000079e-03
7.413123500000000000e+09	-6.349787000000000400e-04	1.046810739999999920e-02
7.413125625000000000e+09	-2.653673400000000192e-03	6.609750799999999579e-03
7.413127750000000000e+09	-7.450310999999999826e-04	8.841143200000000160e-03
7.413129875000000000e+09	-2.584603000000000096e-04	8.763741199999999440e-03
7.413132000000000000e+09	-1.383302099999999916e-03	4.537474300000000210e-03
7.413134125000000000e+09	-6.925098999999999881e-04	3.970615900000000129e-03
7.413136250000000000e+09	-9.645689000000000476e-04	7.369807299999999589e-03
7.413138375000000000e+09	-1.267684199999999893e-03	4.631316100000000373e-03
7.413140500000000000e+09	1.880257100000000013e-03	7.190646600000000395e-03
7.413142625000000000e+09	-5.918212299999999620e-03	7.255688399999999857e-03
7.413144750000000000e+09	1.437543299999999996e-03	3.984716600000000331e-03
7.413146875000000000e+09	-2.238224000000000029e-03	6.589115700000000228e-03
7.413149000000000000e+09	-1.856873900000000077e-03	6.193315500000000189e-03
7.413151125000000000e+09	-1.220182100000000028e-03	8.912490800000000615e-03
7.413153250000000000e+09	1.518115800000000059e-03	5.317839900000000293e-03
7.413155375000000000e+09	-7.454992000000000129e-04	2.566424900000000182e-03
7.413157500000000000e+09	-2.004514399999999912e-03	4.434891199999999901e-03
7.413159625000000000e+09	-1.579513100000000088e-03	7.187611800000000273e-03
7.413161750000000000e+09	-4.993992499999999786e-03	8.078026099999999904e-03
7.413163875000000000e+09	-2.109298300000000004e-03	5.325968900000000242e-03
7.413166000000000000e+09	-4.988920000000000203e-04	4.244601199999999824e-03
7.413168125000000000e+09	-3.294549600000000120e-03	7.046339000000000422e-03
7.413170250000000000e+09	-1.039926399999999964e-03	7.880378900000000256e-03
7.413172375000000000e+09	1.343818600000000084e-03	5.484507999999999918e-03
7.413174500000000000e+09	-3.686682499999999890e-03	5.659677600000000315e-03
7.413176625000000000e+09	4.058275999999999767e-04	8.159526599999999616e-03
7.413178750000000000e+09	-8.007329999999999786e-04	4.407519599999999704e-03
7.413180875000000000e+09	-5.320417200000000096e-03	7.795834199999999818e-03
7.413183000000000000e+09	5.278032000000000426e-04	6.253614400000000358e-03
7.413185125000000000e+09	-2.346051999999999946e-04	9.924622600000000336e-03
7.413187250000000000e+09	2.521131399999999943e-03	9.661159399999999162e-03
7.413189375000000000e+09	-1.177812999999999967e-04	3.160183000000000002e-03
7.413191500000000000e+09	4.830922799999999920e-03	7.839114499999999194e-03
7.413193625000000000e+09	-2.346452100000000207e-03	6.964896200000000002e-03
7.413195750000000000e+09	-1.432877599999999923e-03	6.850064999999999800e-03
7.413197875000000000e+09	-1.889772999999999974e-04	7.371935399999999736e-03
7.413200000000000000e+09	-5.384075999999999576e-04	5.970831799999999634e-03
7.413202125000000000e+09	-2.598229499999999813e-03	3.221648599999999904e-03
7.413204250000000000e+09	9.349197000000000063e-04	8.402649400000000018e-03
7.413206375000000000e+09	-3.686855999999999857e-04	5.246552300000000349e-03
7.413208500000000000e+09	-1.770211000000000050e-04	7.420569699999999928e-03
7.413210625000000000e+09	-7.640166000000000535e-04	6.022175999999999745e-03
7.413212750000000000e+09	-7.778060000000000540e-05	5.697776300000000418e-03
7.413214875000000000e+09	-3.366877500000000061e-03	7.852826999999999724e-03
7.413217000000000000e+09	-2.893520100000000154e-03	7.704360199999999576e-03
7.413219125000000000e+09	-2.933657899999999978e-03	3.845656399999999950e-03
7.413221250000000000e+09	-1.095672200000000077e-03	4.848501699999999658e-03
7.413223375000000000e+09	-2.882487899999999856e-03	7.073621700000000227e-03
7.413225500000000000e+09	-3.356000000000000042e-03	4.795348700000000297e-03
7.413227625000000000e+09	-4.307727000000000236e-04	8.606184399999999499e-03
7.413229750000000000e+09	-3.947804099999999670e-03	6.868096100000000218e-03
7.413231875000000000e+09	-1.568633199999999901e-03	5.077650700000000197e-03
7.413234000000000000e+09	-7.119585599999999660e-03	5.743026800000000306e-03
7.413236125000000000e+09	8.707159999999999488e-05	4.715159200000000085e-03
7.413238250000000000e+09	-1.020495699999999974e-03	4.873645400000000370e-03
7.413240375000000000e+09	-2.313040799999999987e-03	5.348896500000000290e-03
7.413242500000000000e+09	-2.592277000000000253e-04	2.266926500000000008e-03
7.413244625000000000e+09	-2.582947899999999807e-03	4.696542100000000199e-03
7.413246750000000000e+09	-3.496150700000000191e-03	7.668668099999999613e-03
7.413248875000000000e+09	3.142259999999999964e-05	3.687720099999999834e-03
7.413251000000000000e+09	1.732730100000000068e-03	7.183152600000000144e-03
7.413253125000000000e+09	3.721878999999999878e-04	3.743490899999999798e-03
7.413255250000000000e+09	-1.061788599999999912e-03	4.986347099999999949e-03
7.413257375000000000e+09	-1.806465200000000005e-03	4.206570300000000290e-03
7.413259500000000000e+09	4.672508899999999570e-03	2.860105600000000144e-03
7.413261625000000000e+09	-1.938571499999999998e-03	5.547420499999999692e-03
7.413263750000000000e+09	2.852339999999999867e-05	1.003929450000000043e-02
7.413265875000000000e+09	2.922856799999999991e-03	3.029564900000000088e-03
7.413268000000000000e+09	-1.044564000000000050e-04	4.214101100000000079e-03
7.413270125000000000e+09	-3.075170500000000071e-03	7.443391300000000259e-03
7.413272250000000000e+09	-4.500199999999999773e-04	5.782780500000000122e-03
7.413274375000000000e+09	-8.693728000000000393e-04	8.271413199999999230e-03
7.413276500000000000e+09	-4.755511799999999865e-03	1.223652599999999974e-03
7.413278625000000000e+09	-3.346599000000000015e-03	7.692488499999999667e-03
7.413280750000000000e+09	4.702592000000000122e-04	3.416686300000000044e-03
7.413282875000000000e+09	-1.668523899999999971e-03	2.782961999999999936e-03
7.413285000000000000e+09	3.004169399999999813e-03	7.019713300000000010e-03
7.413287125000000000e+09	-2.028552600000000077e-03	7.294071800000000334e-03
7.413289250000000000e+09	-1.591038999999999930e-04	5.698163400000000149e-03
7.413291375000000000e+09	-1.906140599999999949e-03	1.158261109999999920e-02
7.413293500000000000e+09	-1.644974599999999990e-03	5.204908500000000014e-03
7.413295625000000000e+09	3.796561999999999854e-04	4.772121600000000033e-03
7.413297750000000000e+09	-5.403902999999999615e-04	5.709004499999999899e-03
7.413299875000000000e+09	6.633592000000000438e-04	1.936624299999999957e-03
7.413302000000000000e+09	-1.616947600000000077e-03	1.405198099999999898e-03
7.413304125000000000e+09	6.945331999999999591e-04	5.149362000000000210e-03
7.413306250000000000e+09	-1.511220200000000036e-03	3.247988199999999898e-03
7.413308375000000000e+09	-3.608704800000000178e-03	6.745059399999999566e-03
7.413310500000000000e+09	5.667057000000000518e-04	5.819475799999999574e-03
7.413312625000000000e+09	-5.803176900000000041e-03	5.034140099999999916e-03
7.413314750000000000e+09	-2.793560899999999927e-03	5.949157800000000329e-03
7.413316875000000000e+09	-2.083343300000000189e-03	4.103734000000000375e-03
7.413319000000000000e+09	-6.720799999999999756e-05	4.814489699999999726e-03
7.413321125000000000e+09	2.864688700000000022e-03	1.485644000000000103e-04
7.413323250000000000e+09	-7.816376999999999787e-04	5.921917500000000237e-03
7.413325375000000000e+09	1.060521899999999906e-03	6.116083999999999930e-03
7.413327500000000000e+09	-2.633862199999999903e-03	8.210085500000000383e-03
7.413329625000000000e+09	-1.670588300000000080e-03	5.198976099999999718e-03
7.413331750000000000e+09	-1.997999099999999903e-03	7.701487499999999653e-03
7.413333875000000000e+09	-1.282837200000000065e-03	3.084736099999999849e-03
7.413336000000000000e+09	-5.576523699999999702e-03	3.364816200000000142e-03
7.413338125000000000e+09	1.104117800000000002e-03	6.608944099999999877e-03
7.413340250000000000e+09	-1.742838600000000014e-03	4.153438500000000352e-03
7.413342375000000000e+09	-7.537724999999999460e-04	6.497780600000000080e-03
7.413344500000000000e+09	1.082391999999999946e-03	8.730013099999999610e-03
7.413346625000000000e+09	-4.452195100000000405e-03	7.292388999999999816e-03
7.413348750000000000e+09	2.980711599999999808e-03	6.215146599999999723e-03
7.413350875000000000e+09	-3.286484000000000107e-03	7.460201500000000242e-03
7.413353000000000000e+09	5.726553000000000329e-04	6.531904300000000371e-03
7.413355125000000000e+09	-3.327573300000000005e-03	7.372671600000000117e-03
7.413357250000000000e+09	-1.911023100000000009e-03	5.640782300000000103e-03
7.413359375000000000e+09	2.133286399999999999e-03	5.737067299999999877e-03
7.413361500000000000e+09	-1.057691199999999995e-03	6.656258499999999703e-03
7.413363625000000000e+09	-9.979573999999999737e-04	5.621400399999999624e-03
7.413365750000000000e+09	2.506965999999999795e-03	1.126026460000000007e-02
7.413367875000000000e+09	-7.692566000000000508e-04	5.041380699999999625e-03
7.413370000000000000e+09	-3.406914799999999875e-03	1.585407899999999922e-03
7.413372125000000000e+09	-2.978617800000000083e-03	4.101472600000000308e-03
7.413374250000000000e+09	1.495781799999999903e-03	5.293171999999999634e-03
7.413376375000000000e+09	2.421372199999999829e-03	6.743102600000000155e-03
7.413378500000000000e+09	-8.238073999999999961e-04	7.220563800000000428e-03
7.413380625000000000e+09	9.982916000000000966e-04	7.074029699999999712e-03
7.413382750000000000e+09	6.284186999999999673e-04	5.713692099999999850e-03
7.413384875000000000e+09	-5.310815200000000048e-03	5.366314799999999906e-03
7.413387000000000000e+09	-1.749029999999999888e-04	5.839293500000000345e-03
7.413389125000000000e+09	-2.166610900000000110e-03	2.377482800000000045e-03
7.413391250000000000e+09	-1.531029799999999996e-03	8.231774199999999930e-03
7.413393375000000000e+09	-2.421410200000000210e-03	6.627467700000000406e-03
7.413395500000000000e+09	-3.000483799999999809e-03	1.231912150000000032e-02
7.413397625000000000e+09	-2.000902900000000022e-03	4.201668599999999754e-03
7.413399750000000000e+09	3.948429999999999735e-05	3.018119100000000131e-03
7.413401875000000000e+09	-3.578445000000000193e-04	7.516352999999999923e-03
7.413404000000000000e+09	4.081371000000000196e-04	6.396706200000000335e-03
7.413406125000000000e+09	4.234395000000000173e-04	7.624834399999999741e-03
7.413408250000000000e+09	-2.071192700000000150e-03	2.506674300000000070e-03
7.413410375000000000e+09	-2.724204000000000252e-04	6.129212900000000075e-03
7.413412500000000000e+09	2.251265999999999868e-04	8.025193700000000582e-03
7.413414625000000000e+09	-7.482969999999999813e-04	3.462434500000000082e-03
7.413416750000000000e+09	-4.721895200000000327e-03	6.747482200000000027e-03
7.413418875000000000e+09	-1.426341700000000046e-03	2.466966100000000158e-03
7.413421000000000000e+09	-2.209780299999999833e-03	4.951419700000000111e-03
7.413423125000000000e+09	-2.000466399999999926e-03	4.862188800000000199e-03
7.413425250000000000e+09	1.937830000000000046e-05	6.107517800000000080e-03
7.413427375000000000e+09	-3.765310300000000113e-03	3.891838400000000031e-03
7.413429500000000000e+09	2.864325599999999802e-03	3.430871199999999902e-03
7.413431625000000000e+09	-3.697497799999999949e-03	5.055141200000000043e-03
7.413433750000000000e+09	-8.767783000000000347e-04	6.037838200000000301e-03
7.413435875000000000e+09	-2.941478100000000009e-03	4.721868199999999793e-03
7.413438000000000000e+09	-3.701300800000000089e-03	2.788506999999999965e-03
7.413440125000000000e+09	-3.525674099999999943e-03	9.192141000000000461e-04
7.413442250000000000e+09	-1.432365199999999965e-03	3.432590799999999959e-03
7.413444375000000000e+09	1.004233999999999899e-03	5.314938299999999623e-03
7.413446500000000000e+09	3.878655799999999789e-03	4.317241399999999577e-03
7.413448625000000000e+09	-3.681815499999999911e-03	6.216934500000000086e-03
7.413450750000000000e+09	-6.871356999999999812e-04	4.491815500000000301e-03
7.413452875000000000e+09	-4.622138999999999827e-04	7.412489199999999605e-03
7.413455000000000000e+09	-5.081269700000000042e-03	7.061375299999999612e-03
7.413457125000000000e+09	9.680962999999999895e-04	7.632869999999999933e-03
7.413459250000000000e+09	-1.803000099999999949e-03	8.967601599999999729e-03
7.413461375000000000e+09	2.216199999999999889e-05	6.590137700000000057e-03
7.413463500000000000e+09	-1.074502300000000068e-03	7.577027800000000340e-03
7.413465625000000000e+09	5.917697999999999665e-04	5.020938200000000032e-03
7.413467750000000000e+09	-2.887657999999999978e-03	9.572001999999999594e-03
7.413469875000000000e+09	1.742015499999999923e-03	9.137213400000000069e-03
7.413472000000000000e+09	2.623750599999999985e-03	2.684793300000000091e-03
7.413474125000000000e+09	3.433271299999999995e-03	2.718884300000000073e-03
7.413476250000000000e+09	3.256212000000000190e-04	1.945362699999999981e-03
7.413478375000000000e+09	-4.452541999999999763e-04	7.948021300000000094e-03
7.413480500000000000e+09	5.030412999999999638e-04	4.676896499999999568e-03
7.413482625000000000e+09	-2.759245500000000184e-03	4.740646500000000006e-03
7.413484750000000000e+09	-3.260394299999999895e-03	7.019893900000000013e-03
7.413486875000000000e+09	-2.627241299999999880e-03	5.639256300000000145e-03
7.413489000000000000e+09	-3.794196499999999850e-03	6.791327699999999586e-03
7.413491125000000000e+09	1.790760499999999918e-03	4.580055100000000011e-03
7.413493250000000000e+09	7.620435999999999963e-04	7.579900799999999932e-03
7.413495375000000000e+09	2.135599199999999812e-03	5.004854799999999826e-03
7.413497500000000000e+09	1.244520399999999964e-03	3.517601200000000043e-03
7.413499625000000000e+09	-7.770738999999999598e-04	7.894424199999999781e-03
7.413501750000000000e+09	4.811449999999999885e-04	7.351412499999999614e-03
7.413503875000000000e+09	-1.479287900000000010e-03	5.225871600000000193e-03
7.413506000000000000e+09	-2.708788800000000007e-03	7.035677399999999866e-03
7.413508125000000000e+09	-3.969882400000000235e-03	5.079877000000000004e-03
7.413510250000000000e+09	-4.344563000000000071e-03	5.006027100000000167e-03
7.413512375000000000e+09	2.817542299999999805e-03	8.103197499999999220e-03
7.413514500000000000e+09	5.399619999999999941e-03	3.473949499999999784e-03
7.413516625000000000e+09	5.892808000000000247e-04	3.200077799999999795e-03
7.413518750000000000e+09	-3.988273799999999918e-03	5.425963199999999861e-03
7.413520875000000000e+09	2.489190100000000100e-03	7.070817899999999948e-03
7.413523000000000000e+09	-1.496321000000000001e-04	5.943909399999999961e-03
7.413525125000000000e+09	2.901843000000000196e-04	7.362595300000000093e-03
7.413527250000000000e+09	1.022069499999999969e-03	7.299589199999999625e-03
7.413529375000000000e+09	-1.859605000000000069e-03	5.251702999999999927e-03
7.413531500000000000e+09	3.761834099999999959e-03	6.004765199999999650e-03
7.413533625000000000e+09	-5.294240000000000187e-04	1.095192199999999935e-02
7.413535750000000000e+09	-3.795514099999999866e-03	7.250333399999999567e-03
7.413537875000000000e+09	3.766084099999999872e-03	3.726546099999999886e-03
7.413540000000000000e+09	-1.420229000000000120e-04	5.323203099999999910e-03
7.413542125000000000e+09	7.187260999999999693e-04	3.610308799999999846e-03
7.413544250000000000e+09	-3.892489000000000062e-04	7.485536800000000372e-03
7.413546375000000000e+09	4.289649199999999614e-03	3.598879000000000140e-03
7.413548500000000000e+09	-1.658621899999999970e-03	4.678969300000000373e-03
7.413550625000000000e+09	1.545746499999999923e-03	8.019534000000000037e-03
7.413552750000000000e+09	-2.913448400000000042e-03	6.947128700000000136e-03
7.413554875000000000e+09	9.930167000000000160e-04	2.191541799999999814e-03
7.413557000000000000e+09	-1.599892799999999950e-03	3.841453099999999916e-03
7.413559125000000000e+09	-3.327483300000000106e-03	4.516350100000000173e-03
7.413561250000000000e+09	-2.612171200000000006e-03	6.854455300000000285e-03
7.413563375000000000e+09	-2.082645900000000029e-03	4.370173300000000302e-03
7.413565500000000000e+09	-2.910651299999999879e-03	3.878775399999999807e-03
7.413567625000000000e+09	1.482189799999999915e-03	5.187763700000000422e-03
7.413569750000000000e+09	2.372640400000000215e-03	7.782479200000000201e-03
7.413571875000000000e+09	-3.847697299999999852e-03	6.591448500000000356e-03
7.413574000000000000e+09	-2.293350899999999862e-03	3.555998299999999987e-03
7.413576125000000000e+09	3.224739900000000211e-03	2.891960299999999946e-03
7.413578250000000000e+09	-1.660272000000000017e-04	4.398946100000000400e-03
7.413580375000000000e+09	4.149315199999999842e-03	4.813303300000000215e-03
7.413582500000000000e+09	1.227432500000000043e-03	4.254544300000000397e-03
7.413584625000000000e+09	-8.471032000000000518e-04	8.555549200000000035e-03
7.413586750000000000e+09	5.290720000000000058e-05	2.400417199999999810e-03
7.413588875000000000e+09	3.057520800000000042e-03	3.638773200000000162e-03
7.413591000000000000e+09	2.824272799999999906e-03	1.083286450000000081e-02
7.413593125000000000e+09	4.836492000000000178e-04	6.849441300000000052e-03
7.413595250000000000e+09	5.990090000000000106e-05	5.386411600000000008e-03
7.413597375000000000e+09	-2.293354400000000189e-03	8.964624699999999835e-03
7.413599500000000000e+09	3.546301999999999983e-04	5.415704900000000224e-03
7.413601625000000000e+09	3.498366999999999840e-04	3.432939199999999937e-03
7.413603750000000000e+09	4.798749000000000157e-04	5.838910800000000380e-03
7.413605875000000000e+09	-2.977427899999999811e-03	6.219935799999999626e-03
7.413608000000000000e+09	-2.229322499999999898e-03	7.181335999999999969e-03
7.413610125000000000e+09	3.273331999999999783e-04	3.695235900000000146e-03
7.413612250000000000e+09	-2.863866000000000068e-04	5.210255700000000247e-03
7.413614375000000000e+09	-1.823734800000000088e-03	2.569149900000000045e-03
7.413616500000000000e+09	-2.394144799999999799e-03	3.532307399999999858e-03
7.413618625000000000e+09	2.379183200000000060e-03	5.080194599999999887e-03
7.413620750000000000e+09	-1.027628000000000048e-04	6.139676900000000034e-03
7.413622875000000000e+09	3.909089999999999939e-04	3.527156500000000212e-03
7.413625000000000000e+09	-3.655314499999999956e-03	7.065163799999999578e-03
7.413627125000000000e+09	-8.561658999999999676e-04	8.283021099999999387e-03
7.413629250000000000e+09	-2.142208999999999954e-03	8.130566100000000129e-03
7.413631375000000000e+09	-2.399956600000000169e-03	7.666009399999999807e-03
7.413633500000000000e+09	3.387958500000000112e-03	6.367502300000000247e-03
7.413635625000000000e+09	1.391383499999999896e-03	5.071929699999999999e-03
7.413637750000000000e+09	-1.505349800000000066e-03	5.738357700000000158e-03
7.413639875000000000e+09	2.241899500000000059e-03	4.592761100000000360e-03
7.413642000000000000e+09	-1.871258000000000101e-04	4.337495499999999976e-03
7.413644125000000000e+09	-2.170785399999999865e-03	4.246094599999999941e-03
7.413646250000000000e+09	-2.370825500000000186e-03	7.600338600000000090e-03
7.413648375000000000e+09	-2.607896000000000172e-03	4.822264899999999591e-03
7.413650500000000000e+09	2.885343700000000088e-03	6.235021599999999650e-03
7.413652625000000000e+09	-1.407799400000000079e-03	7.187280600000000089e-03
7.413654750000000000e+09	-1.241639199999999962e-03	4.611157400000000413e-03
7.413656875000000000e+09	9.668063999999999868e-04	3.588420399999999854e-03
7.413659000000000000e+09	2.220931399999999910e-03	6.722034600000000200e-03
7.413661125000000000e+09	-2.823141999999999948e-04	7.581059599999999572e-03
7.413663250000000000e+09	2.291229899999999969e-03	8.976886599999999231e-03
7.413665375000000000e+09	2.073068000000000122e-04	1.093267599999999968e-03
7.413667500000000000e+09	-4.758415499999999951e-03	7.339710699999999963e-03
7.413669625000000000e+09	4.529198199999999973e-03	3.911528400000000190e-03
7.413671750000000000e+09	5.638255299999999672e-03	7.588973500000000330e-03
7.413673875000000000e+09	1.776897300000000041e-03	3.666548500000000113e-03
7.413676000000000000e+09	1.760493799999999966e-03	4.290215899999999874e-03
7.413678125000000000e+09	8.170788000000000009e-04	5.468656300000000227e-03
7.413680250000000000e+09	1.043690500000000066e-03	1.001823020000000043e-02
7.413682375000000000e+09	-4.840862799999999869e-03	5.195808300000000213e-03
7.413684500000000000e+09	7.626488999999999751e-04	7.528312399999999814e-03
7.413686625000000000e+09	9.307173999999999872e-04	7.614587299999999587e-03
7.413688750000000000e+09	3.294246000000000240e-04	5.916432899999999988e-03
7.413690875000000000e+09	5.779626099999999982e-03	9.879979800000000811e-03
7.413693000000000000e+09	-1.477655200000000096e-03	6.536560700000000092e-03
7.413695125000000000e+09	-9.567189999999999722e-04	3.737547300000000020e-03
7.413697250000000000e+09	-1.077329500000000087e-03	5.917605499999999998e-03
7.413699375000000000e+09	-3.131119700000000155e-03	1.129157639999999949e-02
7.413701500000000000e+09	5.461255000000000146e-04	7.543701899999999752e-03
7.413703625000000000e+09	-9.735806999999999534e-04	7.154549599999999836e-03
7.413705750000000000e+09	-1.679867000000000036e-03	4.563143799999999813e-03
7.413707875000000000e+09	9.967250999999999889e-04	4.677220200000000230e-03
7.413710000000000000e+09	1.774223600000000107e-03	2.246383499999999971e-03
7.413712125000000000e+09	2.608528000000000040e-04	3.308589299999999903e-03
7.413714250000000000e+09	3.254742599999999909e-03	2.665687199999999986e-03
7.413716375000000000e+09	3.737147000000000017e-04	5.938764600000000227e-03
7.413718500000000000e+09	-3.264193199999999937e-03	6.738939200000000282e-03
7.413720625000000000e+09	8.846372000000000350e-04	7.093923599999999580e-03
7.413722750000000000e+09	2.900625400000000128e-03	9.464553699999999486e-03
7.413724875000000000e+09	-1.272248799999999968e-03	6.788842399999999930e-03
7.413727000000000000e+09	-2.411704299999999860e-03	7.777140400000000231e-03
7.413729125000000000e+09	-8.427608999999999968e-04	6.688334800000000045e-03
7.413731250000000000e+09	1.552234800000000048e-03	7.482270000000000067e-03
7.413733375000000000e+09	1.507496299999999982e-03	5.310874600000000355e-03
7.413735500000000000e+09	1.848088400000000037e-03	4.281804699999999970e-03
7.413737625000000000e+09	-2.646850999999999978e-04	1.509739000000000014e-04
7.413739750000000000e+09	-3.973834600000000078e-03	2.633753200000000030e-03
7.413741875000000000e+09	5.284489999999999950e-05	5.044637999999999727e-03
7.413744000000000000e+09	1.735829999999999947e-04	3.378870400000000100e-03
7.413746125000000000e+09	1.974636300000000202e-03	6.203563900000000353e-03
7.413748250000000000e+09	-3.779855999999999949e-04	6.585989799999999832e-03
7.413750375000000000e+09	1.136534499999999979e-03	4.366339000000000331e-03
7.413752500000000000e+09	-2.798463399999999868e-03	7.609885299999999929e-03
7.413754625000000000e+09	2.308646000000000136e-03	7.003561200000000229e-03
7.413756750000000000e+09	2.257554999999999903e-04	6.133280300000000171e-03
7.413758875000000000e+09	2.257991200000000059e-03	9.688842200000000529e-03
7.413761000000000000e+09	1.474857200000000059e-03	8.759939499999999310e-03
7.413763125000000000e+09	-5.542812999999999950e-04	7.567004500000000175e-03
7.413765250000000000e+09	1.493960000000000008e-05	5.878209700000000364e-03
7.413767375000000000e+09	3.581009999999999922e-04	6.589596500000000252e-03
7.413769500000000000e+09	-1.557351900000000094e-03	6.774565800000000027e-03
7.413771625000000000e+09	2.276801100000000206e-03	6.661722200000000198e-03
7.413773750000000000e+09	2.216199399999999996e-03	6.549004199999999831e-03
7.413775875000000000e+09	-1.950579999999999881e-05	4.078662200000000328e-03
7.413778000000000000e+09	1.139737199999999893e-03	1.839655099999999970e-03
7.413780125000000000e+09	-1.599611500000000085e-03	1.087484000000000107e-03
7.413782250000000000e+09	1.709774600000000047e-03	6.157185100000000383e-03
7.413784375000000000e+09	1.805059000000000025e-04	6.690241300000000085e-03
7.413786500000000000e+09	2.955689999999999967e-03	5.174836399999999635e-03
7.413788625000000000e+09	2.620072299999999868e-03	3.550140900000000113e-03
7.413790750000000000e+09	-2.706280799999999983e-03	2.625876899999999951e-03
7.413792875000000000e+09	1.657173899999999939e-03	7.916072700000000364e-03
7.413795000000000000e+09	2.484397800000000007e-03	4.421064199999999791e-03
7.413797125000000000e+09	6.349964799999999882e-03	3.443130700000000214e-03
7.413799250000000000e+09	3.163290200000000094e-03	2.826802800000000060e-03
7.413801375000000000e+09	-6.633525999999999615e-04	7.921774499999999219e-03
7.413803500000000000e+09	-1.887866499999999934e-03	3.505309999999999817e-05
7.413805625000000000e+09	2.718881399999999952e-03	4.999355199999999666e-03
7.413807750000000000e+09	5.495159099999999928e-03	5.403176800000000259e-03
7.413809875000000000e+09	-3.232190099999999837e-03	4.611795200000000199e-03
7.413812000000000000e+09	4.860025399999999725e-03	6.384217000000000190e-03
7.413814125000000000e+09	2.391159900000000213e-03	1.223206300000000005e-03
7.413816250000000000e+09	2.035196000000000021e-04	2.157149499999999869e-03
7.413818375000000000e+09	7.250240000000000569e-05	7.827162599999999693e-03
7.413820500000000000e+09	2.443443000000000112e-04	5.530590800000000432e-03
7.413822625000000000e+09	-2.736791799999999976e-03	5.764548999999999888e-04
7.413824750000000000e+09	1.913623900000000020e-03	9.269825699999999571e-03
7.413826875000000000e+09	1.838144899999999979e-03	7.466072199999999881e-03
7.413829000000000000e+09	-5.656762999999999765e-04	4.680196000000000182e-03
7.413831125000000000e+09	9.083878999999999565e-04	8.303661199999999576e-03
7.413833250000000000e+09	-7.624808000000000063e-04	6.574231199999999893e-03
7.413835375000000000e+09	1.033527999999999921e-03	5.080639599999999846e-03
7.413837500000000000e+09	-4.123472700000000227e-03	3.704839799999999975e-03
7.413839625000000000e+09	-1.621274700000000044e-03	4.189067700000000116e-03
7.413841750000000000e+09	2.825416000000000190e-04	2.895342700000000206e-03
7.413843875000000000e+09	6.739302999999999873e-04	3.455345800000000130e-03
7.413846000000000000e+09	3.969366000000000105e-04	4.571700700000000395e-03
7.413848125000000000e+09	2.446442100000000095e-03	8.107758799999999905e-03
7.413850250000000000e+09	-3.071151499999999999e-03	2.082688100000000108e-03
7.413852375000000000e+09	2.088655000000000080e-04	7.505503000000000174e-03
7.413854500000000000e+09	2.298469500000000203e-03	5.958317999999999774e-03
7.413856625000000000e+09	2.285561099999999790e-03	1.046427689999999966e-02
7.413858750000000000e+09	-1.761016399999999933e-03	9.050937199999999419e-03
7.413860875000000000e+09	-2.687165999999999947e-04	4.325228000000000406e-03
7.413863000000000000e+09	1.919684100000000095e-03	6.481478500000000323e-03
7.413865125000000000e+09	-5.589683999999999929e-04	8.111869299999999519e-03
7.413867250000000000e+09	-4.258890599999999756e-03	6.836936699999999860e-03
7.413869375000000000e+09	-4.424617700000000285e-03	5.162186299999999700e-03
7.413871500000000000e+09	1.339167000000000048e-04	6.365782999999999858e-03
7.413873625000000000e+09	4.260334400000000306e-03	7.491613700000000070e-03
7.413875750000000000e+09	1.520639799999999901e-03	6.249030899999999909e-03
7.413877875000000000e+09	1.111504099999999955e-03	8.517920499999999742e-03
7.413880000000000000e+09	2.992493900000000023e-03	6.228862200000000009e-03
7.413882125000000000e+09	1.660075100000000040e-03	5.895689699999999769e-03
7.413884250000000000e+09	1.895026699999999981e-03	2.869685700000000096e-03
7.413886375000000000e+09	5.613548200000000390e-03	5.957808600000000405e-03
7.413888500000000000e+09	2.207745899999999980e-03	5.082127199999999720e-03
7.413890625000000000e+09	5.296323999999999607e-04	7.923568100000000225e-03
7.413892750000000000e+09	5.280000000000000269e-06	6.300946200000000046e-03
7.413894875000000000e+09	-2.583494600000000186e-03	3.862962399999999869e-03
7.413897000000000000e+09	-2.378978099999999943e-03	8.376655699999999150e-03
7.413899125000000000e+09	5.048738000000000314e-04	5.096683299999999958e-03
7.413901250000000000e+09	6.772851000000000522e-04	8.132882799999999537e-03
7.413903375000000000e+09	-1.307518599999999906e-03	7.262230700000000400e-03
7.413905500000000000e+09	8.683645000000000036e-04	6.765958199999999936e-03
7.413907625000000000e+09	2.654617000000000174e-03	3.571873299999999817e-03
7.413909750000000000e+09	3.516369100000000126e-03	5.184303399999999618e-03
7.413911875000000000e+09	9.498259000000000432e-04	6.228201400000000186e-03
7.413914000000000000e+09	1.267741099999999997e-03	3.191889800000000110e-03
7.413916125000000000e+09	2.898490000000000094e-05	5.387411400000000072e-03
7.413918250000000000e+09	-8.780863999999999553e-04	4.049346500000000279e-03
7.413920375000000000e+09	-5.228993999999999830e-04	8.965064400000000155e-03
7.413922500000000000e+09	1.160046000000000081e-03	3.232682900000000050e-03
7.413924625000000000e+09	1.422668499999999933e-03	7.074141800000000209e-03
7.413926750000000000e+09	-1.892684499999999900e-03	1.893659700000000033e-03
7.413928875000000000e+09	-2.418724100000000168e-03	4.106240700000000389e-03
7.413931000000000000e+09	-1.441982700000000095e-03	4.639600600000000005e-03
7.413933125000000000e+09	-5.599780000000000111e-05	6.763107899999999846e-03
7.413935250000000000e+09	2.515045999999999840e-04	4.556964299999999822e-03
7.413937375000000000e+09	6.767564999999999909e-04	3.749864099999999922e-03
7.413939500000000000e+09	-2.376124399999999994e-03	1.853854899999999922e-03
7.413941625000000000e+09	1.211794800000000035e-03	6.878180299999999900e-03
7.413943750000000000e+09	-1.660121399999999999e-03	6.543555099999999979e-03
7.413945875000000000e+09	6.600390999999999940e-04	7.900234500000000507e-03
7.413948000000000000e+09	-8.903725000000000138e-04	9.053716899999999720e-03
7.413950125000000000e+09	-9.291195000000000139e-04	3.953299700000000201e-03
7.413952250000000000e+09	2.774407500000000172e-03	6.425689899999999927e-03
7.413954375000000000e+09	-2.530613599999999904e-03	1.046677700000000003e-03
7.413956500000000000e+09	1.669930999999999987e-04	7.974285500000000831e-03
7.413958625000000000e+09	4.061211000000000335e-03	5.189170300000000430e-03
7.413960750000000000e+09	-8.223629999999999731e-05	1.139220099999999937e-02
7.413962875000000000e+09	-1.107121800000000029e-03	5.143469200000000408e-03
7.413965000000000000e+09	9.819037999999999551e-04	5.316703100000000348e-03
7.413967125000000000e+09	2.410274400000000147e-03	5.442675200000000185e-03
7.413969250000000000e+09	1.562398599999999986e-03	6.799370499999999630e-03
7.413971375000000000e+09	-2.622667600000000172e-03	8.598560200000000819e-03
7.413973500000000000e+09	3.722506300000000094e-03	5.546908199999999768e-03
7.413975625000000000e+09	3.695012699999999928e-03	4.553385899999999945e-03
7.413977750000000000e+09	2.716200700000000016e-03	8.288867999999999583e-03
7.413979875000000000e+09	-3.171702599999999973e-03	8.073638899999999174e-03
7.413982000000000000e+09	1.555915300000000048e-03	4.912424599999999641e-03
7.413984125000000000e+09	3.364956100000000144e-03	9.348897499999999847e-03
7.413986250000000000e+09	1.902793899999999936e-03	6.880234100000000297e-03
7.413988375000000000e+09	7.767387999999999636e-04	5.217759899999999638e-03
7.413990500000000000e+09	-2.414814999999999952e-04	5.859877999999999788e-03
7.413992625000000000e+09	1.458387800000000064e-03	5.633003699999999947e-03
7.413994750000000000e+09	4.321937000000000088e-04	4.996210200000000129e-03
7.413996875000000000e+09	2.222742199999999842e-03	9.635375899999999716e-03
7.413999000000000000e+09	1.469283500000000001e-03	7.072532700000000103e-03
7.414001125000000000e+09	-1.288558100000000012e-03	5.990972300000000327e-03
7.414003250000000000e+09	-9.546484000000000263e-04	9.298455400000000745e-03
7.414005375000000000e+09	-2.716552799999999955e-03	1.054836869999999961e-02
7.414007500000000000e+09	1.008067999999999985e-04	7.369870700000000392e-03
7.414009625000000000e+09	-6.515235000000000514e-04	4.591022099999999759e-03
7.414011750000000000e+09	-7.888024000000000424e-04	8.495134399999999808e-03
7.414013875000000000e+09	2.109413899999999960e-03	5.712452300000000344e-03
7.414016000000000000e+09	8.641433000000000447e-04	6.677062800000000374e-03
7.414018125000000000e+09	2.634724299999999849e-03	6.898970400000000065e-03
7.414020250000000000e+09	1.597051699999999961e-03	9.206603199999999904e-03
7.414022375000000000e+09	-1.402329699999999924e-03	7.354954599999999690e-03
7.414024500000000000e+09	2.050266399999999944e-03	4.137572000000000168e-04
7.414026625000000000e+09	-3.917988300000000389e-03	6.243768499999999971e-03
7.414028750000000000e+09	2.899432099999999998e-03	8.005440000000000819e-03
7.414030875000000000e+09	1.217161999999999931e-03	8.689614800000000291e-03
7.414033000000000000e+09	4.037549000000000194e-04	1.039477800000000078e-03
7.414035125000000000e+09	1.413510300000000086e-03	7.477185899999999781e-03
7.414037250000000000e+09	-1.314158599999999937e-03	7.842853999999999798e-03
7.414039375000000000e+09	-1.979627399999999999e-03	1.006581689999999987e-02
7.414041500000000000e+09	8.834691999999999676e-04	3.496519699999999821e-03
7.414043625000000000e+09	1.543191900000000054e-03	7.100455299999999977e-03
7.414045750000000000e+09	-5.164742000000000161e-04	9.686286599999999886e-03
7.414047875000000000e+09	2.958820799999999866e-03	5.465393300000000350e-03
7.414050000000000000e+09	2.149483000000000101e-04	4.214157900000000366e-03
7.414052125000000000e+09	7.583245999999999867e-04	5.049320099999999971e-03
7.414054250000000000e+09	1.368936000000000068e-04	2.208551100000000038e-03
7.414056375000000000e+09	4.498143900000000327e-03	5.026067700000000187e-03
7.414058500000000000e+09	7.404876999999999813e-04	9.220616900000000796e-03
7.414060625000000000e+09	1.525250500000000084e-03	2.803079500000000158e-03
7.414062750000000000e+09	3.945596099999999599e-03	3.935725900000000034e-03
7.414064875000000000e+09	2.347847000000000020e-04	6.353146599999999825e-03
7.414067000000000000e+09	-1.214586699999999943e-03	5.395823000000000112e-03
7.414069125000000000e+09	2.790065200000000061e-03	7.150823800000000001e-03
7.414071250000000000e+09	-1.129508700000000010e-03	9.670599000000000209e-03
7.414073375000000000e+09	-2.990017299999999864e-03	4.439373100000000398e-03
7.414075500000000000e+09	-4.929818000000000307e-04	4.252097199999999889e-03
7.414077625000000000e+09	2.978382999999999812e-03	7.149098399999999701e-03
7.414079750000000000e+09	1.192022299999999932e-03	6.880014299999999937e-03
7.414081875000000000e+09	-1.335339000000000057e-03	7.366983199999999760e-03
7.414084000000000000e+09	3.971695600000000118e-03	8.116235899999999295e-03
7.414086125000000000e+09	1.452944600000000055e-03	7.877339500000000300e-03
7.414088250000000000e+09	1.258370800000000031e-03	8.743868400000000263e-03
7.414090375000000000e+09	3.062491699999999890e-03	6.609872499999999880e-03
7.414092500000000000e+09	3.446348399999999822e-03	3.411003699999999930e-03
7.414094625000000000e+09	1.984167700000000027e-03	4.618442300000000049e-03
7.414096750000000000e+09	-1.331046000000000009e-03	4.151326900000000195e-03
7.414098875000000000e+09	9.073312000000000044e-04	4.066679400000000263e-03
7.414101000000000000e+09	-8.957590000000000409e-05	9.245496500000000353e-03
7.414103125000000000e+09	-1.483752000000000020e-04	4.902461700000000124e-03
7.414105250000000000e+09	4.852350899999999939e-03	4.031521100000000184e-03
7.414107375000000000e+09	2.784663599999999926e-03	5.505898700000000194e-03
7.414109500000000000e+09	3.653512600000000023e-03	7.132781000000000364e-03
7.414111625000000000e+09	6.827334999999999914e-04	9.822862700000000585e-03
7.414113750000000000e+09	2.166200499999999807e-03	1.990671099999999881e-03
7.414115875000000000e+09	1.502684499999999961e-03	4.617348999999999759e-03
7.414118000000000000e+09	4.096260600000000210e-03	6.293901099999999783e-03
7.414120125000000000e+09	3.455420800000000119e-03	7.795915500000000220e-03
7.414122250000000000e+09	-1.538041699999999996e-03	6.686864899999999702e-03
7.414124375000000000e+09	2.127517599999999981e-03	6.496439599999999891e-03
7.414126500000000000e+09	2.756049300000000101e-03	5.917417700000000141e-03
7.414128625000000000e+09	2.332632399999999984e-03	4.828936300000000355e-03
7.414130750000000000e+09	3.401418399999999939e-03	3.441538699999999867e-03
7.414132875000000000e+09	1.547747099999999959e-03	5.508895500000000368e-03
7.414135000000000000e+09	2.522292000000000197e-03	5.827657400000000112e-03
7.414137125000000000e+09	-8.111916000000000482e-04	5.292479000000000107e-03
7.414139250000000000e+09	2.665429200000000044e-03	5.771438299999999931e-03
7.414141375000000000e+09	2.784426699999999807e-03	5.913869300000000086e-03
7.414143500000000000e+09	6.543805999999999668e-04	1.009413900000000024e-02
7.414145625000000000e+09	-2.677646699999999911e-03	7.964670199999999284e-03
7.414147750000000000e+09	-2.152319699999999999e-03	2.895977599999999871e-03
7.414149875000000000e+09	2.686447499999999964e-03	4.847993999999999568e-03
7.414152000000000000e+09	1.298488900000000076e-03	6.894814400000000114e-03
7.414154125000000000e+09	3.331716699999999996e-03	6.093616199999999684e-03
7.414156250000000000e+09	2.234431700000000069e-03	5.585544300000000115e-03
7.414158375000000000e+09	-3.210479899999999897e-03	5.050814100000000292e-03
7.414160500000000000e+09	1.455723300000000015e-03	8.069343899999999528e-03
7.414162625000000000e+09	3.559619999999999885e-03	7.079189100000000089e-03
7.414164750000000000e+09	2.108609200000000072e-03	3.584568499999999953e-03
7.414166875000000000e+09	2.978948800000000199e-03	3.545615399999999928e-03
7.414169000000000000e+09	3.259942200000000116e-03	3.794167499999999936e-03
7.414171125000000000e+09	2.632338699999999931e-03	6.187528799999999704e-03
7.414173250000000000e+09	1.276631600000000064e-03	8.467221599999999807e-03
7.414175375000000000e+09	4.536354799999999660e-03	6.107779399999999949e-03
7.414177500000000000e+09	2.689165299999999974e-03	6.851119900000000006e-03
7.414179625000000000e+09	-4.027204999999999739e-04	8.084980400000000428e-03
7.414181750000000000e+09	4.272080800000000421e-03	6.448704199999999616e-03
7.414183875000000000e+09	-1.703312700000000034e-03	6.109026200000000108e-03
7.414186000000000000e+09	1.471385599999999955e-03	6.661911799999999800e-03
7.414188125000000000e+09	2.692196400000000135e-03	6.034426899999999726e-03
7.414190250000000000e+09	2.362695499999999896e-03	8.060723299999999342e-03
7.414192375000000000e+09	-2.578511000000000019e-04	6.284641399999999802e-03
7.414194500000000000e+09	3.727984999999999849e-04	4.681585900000000133e-03
7.414196625000000000e+09	3.871251400000000169e-03	5.691506300000000358e-03
7.414198750000000000e+09	-1.057266000000000065e-03	6.442243599999999612e-03
7.414200875000000000e+09	4.270979599999999606e-03	3.768918200000000076e-03
7.414203000000000000e+09	5.079493999999999719e-04	7.946303300000000583e-03
7.414205125000000000e+09	4.913599200000000333e-03	6.501062499999999897e-03
7.414207250000000000e+09	4.884753999999999832e-03	7.645809400000000075e-03
7.414209375000000000e+09	5.606216399999999940e-03	9.167266099999999904e-03
7.414211500000000000e+09	5.722046700000000402e-03	5.909382700000000155e-03
7.414213625000000000e+09	3.772763399999999861e-03	6.080269600000000330e-03
7.414215750000000000e+09	4.552872000000000342e-03	9.395626900000000545e-03
7.414217875000000000e+09	1.916661799999999898e-03	9.109294599999999756e-03
7.414220000000000000e+09	-6.174438000000000192e-04	8.746559399999999374e-03
7.414222125000000000e+09	4.728633900000000188e-03	5.976451100000000280e-03
7.414224250000000000e+09	9.375082999999999767e-04	1.624767100000000086e-03
7.414226375000000000e+09	2.127397599999999826e-03	3.260789200000000117e-03
7.414228500000000000e+09	7.106560000000000481e-04	4.939747500000000145e-03
7.414230625000000000e+09	1.032004900000000084e-03	6.859648299999999976e-03
7.414232750000000000e+09	1.468893200000000046e-03	3.561150600000000110e-03
7.414234875000000000e+09	-6.929307999999999692e-04	6.763266000000000416e-03
7.414237000000000000e+09	2.136191400000000094e-03	6.558251699999999990e-03
7.414239125000000000e+09	3.856019200000000095e-03	7.479412199999999587e-03
7.414241250000000000e+09	3.687627199999999814e-03	6.777663100000000211e-03
7.414243375000000000e+09	-4.657462000000000234e-04	6.886505700000000035e-03
7.414245500000000000e+09	5.440833499999999691e-03	5.114764699999999747e-03
7.414247625000000000e+09	1.721975900000000028e-03	3.059787400000000147e-03
7.414249750000000000e+09	1.891678799999999992e-03	1.084601720000000040e-02
7.414251875000000000e+09	-7.843457000000000076e-04	7.252472499999999996e-03
7.414254000000000000e+09	1.898937700000000086e-03	3.248911900000000033e-03
7.414256125000000000e+09	1.445025499999999909e-03	6.301899199999999764e-03
7.414258250000000000e+09	-3.061698999999999974e-04	1.009960719999999923e-02
7.414260375000000000e+09	-9.229209000000000154e-04	4.741848300000000432e-03
7.414262500000000000e+09	-2.910300000000000105e-04	3.443386499999999840e-03
7.414264625000000000e+09	4.121342000000000061e-03	7.855607199999999762e-03
7.414266750000000000e+09	1.673477200000000106e-03	2.415148099999999808e-03
7.414268875000000000e+09	-1.788956000000000021e-04	3.940352799999999669e-03
7.414271000000000000e+09	2.991582200000000077e-03	8.767227199999999901e-03
7.414273125000000000e+09	2.980635499999999879e-03	2.337343899999999846e-03
7.414275250000000000e+09	1.610160999999999927e-03	9.712347600000000719e-03
7.414277375000000000e+09	1.984678799999999976e-03	4.648544600000000318e-03
7.414279500000000000e+09	4.684896200000000094e-03	4.522209899999999998e-03
7.414281625000000000e+09	6.665616999999999983e-04	4.695818400000000177e-03
7.414283750000000000e+09	1.737934200000000075e-03	7.493318300000000216e-03
7.414285875000000000e+09	1.855054199999999929e-03	-8.183007000000000171e-04
7.414288000000000000e+09	3.492182899999999798e-03	3.590374999999999817e-03
7.414290125000000000e+09	4.340863900000000233e-03	5.363765999999999846e-03
7.414292250000000000e+09	1.621999999999999961e-03	5.059334700000000205e-03
7.414294375000000000e+09	-7.594963000000000148e-04	8.017230300000000726e-03
7.414296500000000000e+09	1.460724100000000084e-03	7.728904800000000255e-03
7.414298625000000000e+09	1.501760999999999895e-03	3.184466500000000116e-03
7.414300750000000000e+09	-3.240233700000000154e-03	3.954963899999999581e-03
7.414302875000000000e+09	5.154433200000000000e-03	7.720795899999999788e-03
7.414305000000000000e+09	2.989285600000000150e-03	7.712142200000000024e-03
7.414307125000000000e+09	3.896931000000000180e-04	8.016238000000000183e-03
7.414309250000000000e+09	3.078247399999999804e-03	9.096648299999999382e-03
7.414311375000000000e+09	2.020132899999999877e-03	5.792277400000000326e-03
7.414313500000000000e+09	1.819664900000000007e-03	3.960955300000000047e-03
7.414315625000000000e+09	3.622954299999999947e-03	7.233874099999999981e-03
7.414317750000000000e+09	3.378620900000000021e-03	6.251099999999999886e-03
7.414319875000000000e+09	6.508857300000000373e-03	9.263363300000000689e-03
7.414322000000000000e+09	1.966152499999999827e-03	8.411509799999999579e-03
7.414324125000000000e+09	-1.109158999999999970e-03	3.918008100000000202e-03
7.414326250000000000e+09	-8.505275999999999982e-04	6.576964999999999721e-03
7.414328375000000000e+09	2.501860600000000052e-03	4.238511000000000362e-03
7.414330500000000000e+09	3.020196699999999970e-03	7.405525999999999949e-03
7.414332625000000000e+09	-6.527424000000000203e-04	1.832264600000000103e-03
7.414334750000000000e+09	1.426690700000000011e-03	5.863309700000000381e-03
7.414336875000000000e+09	3.421712899999999804e-03	8.942389900000000114e-03
7.414339000000000000e+09	1.149953800000000055e-03	1.053728630000000041e-02
7.414341125000000000e+09	1.682768399999999987e-03	6.301491200000000278e-03
7.414343250000000000e+09	5.023774299999999617e-03	7.508321699999999897e-03
7.414345375000000000e+09	3.627754999999999869e-03	5.231429499999999851e-03
7.414347500000000000e+09	8.464760000000000589e-05	5.655513200000000101e-03
7.414349625000000000e+09	1.304156799999999948e-03	8.579984100000000169e-03
7.414351750000000000e+09	2.656639599999999907e-03	8.648012700000000733e-03
7.414353875000000000e+09	4.380324300000000212e-03	3.342549199999999849e-03
7.414356000000000000e+09	-5.853899999999999975e-06	8.816815900000000289e-03
7.414358125000000000e+09	3.862181899999999994e-03	5.227915399999999782e-03
7.414360250000000000e+09	4.850213400000000057e-03	7.430257600000000212e-03
7.414362375000000000e+09	2.150589699999999865e-03	5.408724200000000239e-03
7.414364500000000000e+09	1.453465799999999978e-03	4.132597600000000211e-03
7.414366625000000000e+09	-3.542077000000000138e-04	7.372551300000000293e-03
7.414368750000000000e+09	2.060462400000000020e-03	5.623476599999999853e-03
7.414370875000000000e+09	-2.678450000000000188e-03	5.524066799999999625e-03
7.414373000000000000e+09	4.153761199999999806e-03	4.106199799999999886e-03
7.414375125000000000e+09	4.742270000000000253e-04	3.946609299999999897e-03
7.414377250000000000e+09	2.945691099999999882e-03	6.029102399999999862e-03
7.414379375000000000e+09	2.031402500000000031e-03	5.567324599999999568e-03
7.414381500000000000e+09	4.142780399999999690e-03	4.098862899999999865e-03
7.414383625000000000e+09	2.282936199999999801e-03	7.879720200000000715e-03
7.414385750000000000e+09	4.764941299999999637e-03	6.269157000000000028e-03
7.414387875000000000e+09	3.212920299999999854e-03	8.317239900000000449e-03
7.414390000000000000e+09	6.295206400000000375e-03	8.083911900000000789e-03
7.414392125000000000e+09	3.941439199999999775e-03	7.405381200000000011e-03
7.414394250000000000e+09	3.177497999999999954e-03	4.938260300000000408e-03
7.414396375000000000e+09	-6.340499999999999348e-05	4.185956000000000225e-03
7.414398500000000000e+09	4.332882700000000378e-03	5.586585199999999883e-03
7.414400625000000000e+09	2.303451299999999865e-03	1.579251899999999922e-03
7.414402750000000000e+09	3.136878999999999753e-04	6.704353500000000306e-03
7.414404875000000000e+09	2.495640199999999993e-03	4.791100900000000266e-03
7.414407000000000000e+09	8.323649000000000239e-04	3.176337200000000065e-03
7.414409125000000000e+09	-2.212626799999999928e-03	7.298740199999999810e-03
7.414411250000000000e+09	1.958729800000000038e-03	5.039956899999999823e-03
7.414413375000000000e+09	5.050388299999999941e-03	2.284656300000000029e-03
7.414415500000000000e+09	1.671301499999999990e-03	7.658423900000000013e-03
7.414417625000000000e+09	4.060562400000000335e-03	7.311971900000000316e-03
7.414419750000000000e+09	4.793668899999999934e-03	7.619142800000000028e-03
7.414421875000000000e+09	1.253978399999999913e-03	6.886984399999999777e-03
7.414424000000000000e+09	-5.528695999999999828e-04	8.376284600000000538e-03
7.414426125000000000e+09	1.202200999999999964e-03	4.609553700000000413e-03
7.414428250000000000e+09	-3.774678799999999900e-03	6.327358499999999678e-03
7.414430375000000000e+09	5.776141000000000261e-03	3.521886499999999851e-03
7.414432500000000000e+09	3.411612999999999755e-04	2.557964199999999879e-03
7.414434625000000000e+09	4.824458499999999955e-03	8.225900100000000867e-03
7.414436750000000000e+09	4.049281200000000129e-03	8.711860499999999827e-03
7.414438875000000000e+09	1.884637100000000022e-03	5.371777900000000196e-03
7.414441000000000000e+09	2.197783500000000199e-03	7.207851399999999631e-03
7.414443125000000000e+09	1.051247900000000035e-03	1.008965239999999944e-02
7.414445250000000000e+09	4.265058900000000264e-03	8.881124599999999994e-03
7.414447375000000000e+09	1.860372799999999950e-03	5.419565599999999657e-03
7.414449500000000000e+09	4.685046999999999801e-04	5.828972499999999710e-03
7.414451625000000000e+09	2.764664999999999918e-03	6.774052200000000093e-03
7.414453750000000000e+09	-9.757258000000000424e-04	4.096511800000000002e-03
7.414455875000000000e+09	3.417380199999999878e-03	3.801378399999999925e-03
7.414458000000000000e+09	5.273963999999999909e-04	6.509817000000000208e-03
7.414460125000000000e+09	2.906534999999999913e-04	6.491367700000000296e-03
7.414462250000000000e+09	1.660596500000000031e-03	8.178714499999999860e-03
7.414464375000000000e+09	9.521452000000000127e-04	7.293904200000000428e-03
7.414466500000000000e+09	2.610191699999999792e-03	9.213570299999999588e-03
7.414468625000000000e+09	9.308253000000000273e-04	7.000299700000000430e-03
7.414470750000000000e+09	4.890685300000000187e-03	7.079537399999999599e-03
7.414472875000000000e+09	2.266233099999999910e-03	5.654154599999999982e-03
7.414475000000000000e+09	5.031907500000000130e-03	6.102002999999999941e-03
7.414477125000000000e+09	-8.146731999999999845e-04	8.655408200000000787e-03
7.414479250000000000e+09	6.095777000000000140e-03	4.371093099999999974e-03
7.414481375000000000e+09	5.840560199999999917e-03	8.752575000000000069e-04
7.414483500000000000e+09	7.035789999999999937e-05	4.892816099999999953e-03
7.414485625000000000e+09	2.031040599999999786e-03	8.710179000000000185e-03
7.414487750000000000e+09	4.903839999999999588e-04	9.034231999999999679e-03
7.414489875000000000e+09	-2.344196299999999882e-03	6.068167299999999847e-03
7.414492000000000000e+09	-1.510835799999999925e-03	9.637405200000000866e-03
7.414494125000000000e+09	3.489722599999999994e-03	5.655264800000000397e-03
7.414496250000000000e+09	3.814827900000000108e-03	4.134123400000000101e-03
7.414498375000000000e+09	2.228205799999999868e-03	3.858826200000000164e-03
7.414500500000000000e+09	2.625368299999999988e-03	8.619452099999999270e-03
7.414502625000000000e+09	3.613761599999999827e-03	8.736680499999999877e-03
7.414504750000000000e+09	4.969382100000000087e-03	8.194361199999999901e-03
7.414506875000000000e+09	3.574460800000000063e-03	3.967230399999999678e-03
7.414509000000000000e+09	2.164462199999999878e-03	6.152083899999999904e-03
7.414511125000000000e+09	3.093748400000000034e-03	6.391093500000000205e-03
7.414513250000000000e+09	2.776709100000000069e-03	3.305712399999999850e-03
7.414515375000000000e+09	3.687350500000000000e-03	2.958699200000000033e-03
7.414517500000000000e+09	1.762853800000000045e-03	4.912253699999999910e-03
7.414519625000000000e+09	4.338214100000000427e-03	5.987239800000000375e-03
7.414521750000000000e+09	1.163422699999999916e-03	4.025280400000000140e-03
7.414523875000000000e+09	-9.916654000000000007e-04	7.666185499999999577e-03
7.414526000000000000e+09	1.342600100000000034e-03	5.360346600000000412e-03
7.414528125000000000e+09	-4.177408999999999767e-04	5.233642000000000155e-03
7.414530250000000000e+09	4.079742899999999790e-03	6.414006100000000342e-03
7.414532375000000000e+09	4.478929399999999686e-03	7.305747599999999793e-03
7.414534500000000000e+09	2.519835700000000022e-03	3.149939300000000140e-03
7.414536625000000000e+09	1.722249799999999971e-03	2.839826699999999961e-03
7.414538750000000000e+09	5.613104800000000109e-03	6.588004700000000408e-03
7.414540875000000000e+09	-7.713117999999999494e-04	1.029961339999999927e-02
7.414543000000000000e+09	1.732994500000000025e-03	3.467808800000000014e-03
7.414545125000000000e+09	1.335536299999999900e-03	6.975037600000000108e-03
7.414547250000000000e+09	2.901747899999999967e-03	3.695339599999999947e-03
7.414549375000000000e+09	3.575195999999999778e-04	4.907603400000000102e-03
7.414551500000000000e+09	-1.049871200000000032e-03	5.808828000000000255e-03
7.414553625000000000e+09	7.451547999999999679e-03	1.561666900000000056e-03
7.414555750000000000e+09	4.525825899999999687e-03	7.455802600000000294e-03
7.414557875000000000e+09	3.645332299999999928e-03	1.813831199999999975e-03
7.414560000000000000e+09	4.267332399999999686e-03	7.969622299999999659e-03
7.414562125000000000e+09	5.676026199999999883e-03	6.843984499999999742e-03
7.414564250000000000e+09	4.119726399999999907e-03	4.691842699999999693e-03
7.414566375000000000e+09	8.590197999999999844e-04	6.565736899999999841e-03
7.414568500000000000e+09	5.872722799999999764e-03	5.032440299999999672e-03
7.414570625000000000e+09	-5.952199999999999695e-05	6.767752600000000347e-03
7.414572750000000000e+09	1.972987299999999933e-03	6.854936100000000310e-03
7.414574875000000000e+09	1.273861100000000081e-03	7.081995300000000319e-03
7.414577000000000000e+09	3.294746900000000180e-03	3.221191200000000053e-03
7.414579125000000000e+09	1.638082699999999928e-03	4.348553100000000261e-03
7.414581250000000000e+09	3.520350099999999816e-03	5.146783700000000066e-03
7.414583375000000000e+09	5.258710599999999978e-03	2.572417899999999893e-03
7.414585500000000000e+09	5.100148799999999934e-03	6.009302200000000288e-03
7.414587625000000000e+09	1.514940599999999981e-03	6.014539299999999838e-03
7.414589750000000000e+09	4.029143100000000255e-03	1.442690099999999979e-03
7.414591875000000000e+09	5.046633099999999622e-03	5.990699000000000371e-03
7.414594000000000000e+09	5.484885999999999581e-04	7.694157699999999885e-03
7.414596125000000000e+09	-1.190506600000000017e-03	5.318299099999999890e-03
7.414598250000000000e+09	1.295750299999999912e-03	7.743231500000000329e-03
7.414600375000000000e+09	3.519849299999999910e-03	2.959995300000000090e-03
7.414602500000000000e+09	3.179524600000000183e-03	5.886734200000000305e-03
7.414604625000000000e+09	5.753851800000000204e-03	5.721814100000000014e-03
7.414606750000000000e+09	2.095762900000000019e-03	-5.049883000000000453e-04
7.414608875000000000e+09	1.892936200000000079e-03	2.910031400000000126e-03
7.414611000000000000e+09	-1.447339699999999982e-03	2.419411900000000091e-03
7.414613125000000000e+09	1.950628100000000075e-03	6.416317799999999780e-03
7.414615250000000000e+09	9.189158000000000222e-04	6.801253999999999850e-04
7.414617375000000000e+09	7.583045499999999800e-03	6.895469000000000424e-03
7.414619500000000000e+09	3.302808400000000096e-03	5.230388699999999683e-03
7.414621625000000000e+09	2.027827900000000148e-03	8.144191199999999478e-03
7.414623750000000000e+09	1.277195500000000020e-03	1.017453100000000011e-03
7.414625875000000000e+09	1.454533700000000063e-03	7.048457099999999760e-03
7.414628000000000000e+09	3.433534700000000044e-03	6.540673000000000320e-03
7.414630125000000000e+09	1.039239320000000071e-02	7.192044800000000140e-03
7.414632250000000000e+09	3.574142199999999839e-03	7.516738799999999644e-03
7.414634375000000000e+09	4.293756000000000135e-03	2.899894100000000117e-03
7.414636500000000000e+09	3.859493999999999880e-04	7.569585999999999676e-03
7.414638625000000000e+09	1.717937799999999949e-03	1.905540700000000077e-03
7.414640750000000000e+09	2.152815000000000197e-03	3.105591999999999901e-03
7.414642875000000000e+09	3.905819000000000044e-03	6.034854899999999960e-03
7.414645000000000000e+09	2.616241000000000053e-03	4.100552200000000432e-03
7.414647125000000000e+09	-1.151165000000000001e-03	4.452661400000000255e-03
7.414649250000000000e+09	5.176170400000000039e-03	9.647043399999999380e-03
7.414651375000000000e+09	2.918587999999999846e-04	8.448341999999999311e-03
7.414653500000000000e+09	5.002337400000000066e-03	4.435965800000000320e-03
7.414655625000000000e+09	-1.472107000000000060e-03	2.110366800000000077e-03
7.414657750000000000e+09	2.842658999999999984e-03	4.184669599999999573e-03
7.414659875000000000e+09	5.141330900000000252e-03	6.080555700000000313e-03
7.414662000000000000e+09	2.171648999999999888e-03	6.269590799999999638e-03
7.414664125000000000e+09	1.915602000000000027e-04	4.379893999999999628e-03
7.414666250000000000e+09	4.439099000000000170e-04	2.950870100000000003e-03
7.414668375000000000e+09	3.438759799999999839e-03	6.415423899999999832e-03
7.414670500000000000e+09	1.996711200000000040e-03	7.379668399999999955e-03
7.414672625000000000e+09	2.548950400000000050e-03	7.526101500000000055e-03
7.414674750000000000e+09	3.116975599999999898e-03	6.637178100000000122e-03
7.414676875000000000e+09	1.319929700000000089e-03	6.134965600000000241e-03
7.414679000000000000e+09	6.038987200000000069e-03	5.364740899999999660e-03
7.414681125000000000e+09	4.725680599999999669e-03	2.936504800000000210e-03
7.414683250000000000e+09	5.005842699999999736e-03	6.216564899999999817e-03
7.414685375000000000e+09	2.230767900000000126e-03	5.476963599999999828e-03
7.414687500000000000e+09	1.722593300000000013e-03	8.329283300000000362e-03
7.414689625000000000e+09	3.229248499999999838e-03	7.738535799999999784e-03
7.414691750000000000e+09	1.571307999999999993e-03	4.488485599999999728e-03
7.414693875000000000e+09	7.336486000000000353e-04	6.467659500000000339e-03
7.414696000000000000e+09	7.491417299999999883e-03	4.371276700000000133e-03
7.414698125000000000e+09	3.440102799999999843e-03	4.019001300000000013e-03
7.414700250000000000e+09	4.529485500000000366e-03	5.931851000000000138e-03
7.414702375000000000e+09	3.368440900000000196e-03	4.719110999999999792e-03
7.414704500000000000e+09	4.031035700000000326e-03	2.927114900000000065e-03
7.414706625000000000e+09	3.531779999999999989e-03	5.163785700000000402e-03
7.414708750000000000e+09	-3.476994000000000070e-04	2.745062999999999843e-03
7.414710875000000000e+09	4.660938400000000023e-03	5.826853300000000430e-03
7.414713000000000000e+09	3.566018800000000065e-03	2.338601200000000116e-03
7.414715125000000000e+09	4.054329800000000018e-03	1.438799699999999959e-03
7.414717250000000000e+09	5.056595199999999735e-03	1.421188400000000015e-03
7.414719375000000000e+09	4.466825500000000393e-03	6.278291800000000353e-03
7.414721500000000000e+09	1.396789700000000082e-03	7.455500399999999590e-03
7.414723625000000000e+09	1.966488599999999948e-03	6.516726999999999936e-03
7.414725750000000000e+09	4.296677700000000287e-03	1.018599989999999927e-02
7.414727875000000000e+09	6.217764000000000190e-04	4.310404299999999987e-03
7.414730000000000000e+09	-1.929218999999999867e-04	6.015607099999999673e-03
7.414732125000000000e+09	3.353055399999999887e-03	6.266233999999999867e-03
7.414734250000000000e+09	-7.043826999999999467e-04	-2.503579999999999838e-05
7.414736375000000000e+09	6.351049999999999578e-04	5.787800400000000199e-03
7.414738500000000000e+09	5.788826300000000057e-03	5.206273200000000045e-03
7.414740625000000000e+09	2.826103099999999983e-03	5.546179800000000312e-03
7.414742750000000000e+09	5.600104999999999536e-04	9.447958299999999893e-03
7.414744875000000000e+09	4.420585299999999981e-03	2.552238200000000144e-03
7.414747000000000000e+09	4.277514399999999758e-03	8.873626799999999315e-03
7.414749125000000000e+09	3.542501600000000188e-03	5.990423600000000133e-03
7.414751250000000000e+09	7.462907500000000131e-03	6.712298900000000096e-03
7.414753375000000000e+09	2.342121500000000130e-03	3.369291099999999987e-03
7.414755500000000000e+09	3.240940999999999787e-03	2.619311200000000103e-03
7.414757625000000000e+09	2.258108699999999795e-03	5.698106300000000193e-03
7.414759750000000000e+09	5.113243400000000091e-03	9.242300000000000168e-03
7.414761875000000000e+09	8.574000000000000241e-05	6.350331100000000326e-03
7.414764000000000000e+09	6.395469099999999581e-03	5.416630999999999876e-03
7.414766125000000000e+09	1.469685899999999962e-03	3.237604800000000102e-03
7.414768250000000000e+09	2.306091000000000076e-04	8.285693000000000225e-03
7.414770375000000000e+09	7.722101500000000049e-03	6.262703300000000209e-03
7.414772500000000000e+09	7.843906999999999572e-04	8.078564499999999621e-03
7.414774625000000000e+09	7.023502200000000112e-03	6.178410300000000167e-03
7.414776750000000000e+09	3.993228100000000176e-03	5.885204699999999588e-03
7.414778875000000000e+09	1.292129099999999968e-03	1.694544000000000085e-03
7.414781000000000000e+09	-1.668170999999999923e-04	5.747231700000000020e-03
7.414783125000000000e+09	6.445085899999999576e-03	7.250196100000000018e-03
7.414785250000000000e+09	3.727805199999999902e-03	9.595550499999999303e-03
7.414787375000000000e+09	-1.141966000000000037e-04	4.961860999999999702e-03
7.414789500000000000e+09	-8.195332999999999958e-04	2.130907500000000197e-03
7.414791625000000000e+09	7.443617000000000462e-04	6.517133799999999880e-03
7.414793750000000000e+09	4.244166500000000342e-03	6.653837699999999925e-03
7.414795875000000000e+09	3.216160200000000094e-03	4.268914900000000262e-03
7.414798000000000000e+09	3.360117900000000012e-03	6.601801099999999624e-03
7.414800125000000000e+09	2.007753000000000088e-04	5.500530699999999808e-03
7.414802250000000000e+09	3.696250500000000053e-03	4.576703199999999742e-03
7.414804375000000000e+09	5.505199500000000287e-03	3.573276900000000103e-03
7.414806500000000000e+09	4.601480199999999875e-03	9.620046300000000689e-03
7.414808625000000000e+09	3.793329299999999901e-03	4.246014900000000085e-03
7.414810750000000000e+09	1.650304399999999927e-03	2.650552100000000064e-03
7.414812875000000000e+09	4.326571999999999883e-03	1.517656100000000074e-03
7.414815000000000000e+09	2.696337200000000107e-03	1.365532299999999916e-03
7.414817125000000000e+09	3.024882799999999844e-03	5.189520399999999686e-03
7.414819250000000000e+09	1.642837000000000073e-03	8.435754300000000705e-03
7.414821375000000000e+09	8.124267399999999389e-03	6.379458999999999651e-03
7.414823500000000000e+09	6.396112800000000077e-03	8.445705999999999873e-04
7.414825625000000000e+09	5.907045599999999862e-03	7.439979900000000083e-03
7.414827750000000000e+09	2.341998599999999854e-03	6.326903000000000041e-03
7.414829875000000000e+09	3.452461600000000189e-03	4.660997800000000330e-03
7.414832000000000000e+09	4.682304299999999649e-03	5.694548100000000265e-03
7.414834125000000000e+09	5.291300500000000254e-03	5.275439899999999696e-03
7.414836250000000000e+09	2.847524599999999920e-03	1.514243400000000106e-03
7.414838375000000000e+09	7.657924400000000117e-03	5.069095899999999898e-03
7.414840500000000000e+09	2.863117399999999795e-03	7.731318800000000317e-03
7.414842625000000000e+09	4.532472299999999732e-03	2.999875500000000108e-03
7.414844750000000000e+09	2.544605100000000165e-03	8.381854299999999883e-03
7.414846875000000000e+09	1.398348000000000050e-04	2.804576000000000031e-03
7.414849000000000000e+09	2.765704300000000008e-03	6.594326799999999586e-03
7.414851125000000000e+09	-2.093527999999999882e-03	4.435367400000000092e-03
7.414853250000000000e+09	1.330559299999999924e-03	7.735492099999999663e-03
7.414855375000000000e+09	2.210250600000000180e-03	2.905041499999999870e-03
7.414857500000000000e+09	4.042507600000000076e-03	5.747420599999999817e-03
7.414859625000000000e+09	5.326733600000000367e-03	8.533746999999999513e-03
7.414861750000000000e+09	1.099200199999999898e-03	2.658388499999999981e-03
7.414863875000000000e+09	1.747888300000000061e-03	7.871121599999999358e-03
7.414866000000000000e+09	1.595572800000000019e-03	3.388156399999999943e-03
7.414868125000000000e+09	4.732269899999999758e-03	6.643646500000000184e-03
7.414870250000000000e+09	3.493456600000000023e-03	1.764335099999999939e-03
7.414872375000000000e+09	6.843067000000000420e-03	1.996379500000000119e-03
7.414874500000000000e+09	2.955716999999999741e-04	4.800987399999999752e-03
7.414876625000000000e+09	-8.143949999999999844e-04	6.339771499999999858e-03
7.414878750000000000e+09	4.475680699999999915e-03	4.979789200000000159e-03
7.414880875000000000e+09	1.464849500000000009e-03	4.434925099999999752e-03
7.414883000000000000e+09	3.737053100000000197e-03	6.751688999999999954e-03
7.414885125000000000e+09	2.565942500000000046e-03	4.336763199999999624e-03
7.414887250000000000e+09	1.394410299999999893e-03	7.733009499999999627e-03
7.414889375000000000e+09	7.215366699999999772e-03	5.686839699999999762e-03
7.414891500000000000e+09	1.169018800000000023e-03	4.149202799999999677e-03
7.414893625000000000e+09	2.196903599999999821e-03	6.441269399999999604e-03
7.414895750000000000e+09	5.432383399999999966e-03	5.188000299999999572e-03
7.414897875000000000e+09	-2.948477000000000129e-04	5.671589999999999791e-03
7.414900000000000000e+09	5.472657700000000368e-03	6.604615900000000185e-03
7.414902125000000000e+09	1.671588699999999915e-03	3.680519299999999820e-03
7.414904250000000000e+09	1.840828899999999956e-03	4.302870500000000042e-03
7.414906375000000000e+09	2.162066900000000121e-03	7.171589699999999720e-03
7.414908500000000000e+09	3.563844500000000210e-03	7.839713099999999490e-03
7.414910625000000000e+09	-1.644319599999999977e-03	3.978896400000000132e-03
7.414912750000000000e+09	6.713349100000000000e-03	6.400800300000000428e-03
7.414914875000000000e+09	7.539502200000000078e-03	8.286433600000000371e-03
7.414917000000000000e+09	1.067469799999999983e-03	4.956706100000000427e-03
7.414919125000000000e+09	6.099312600000000167e-03	7.763316699999999945e-03
7.414921250000000000e+09	5.979629499999999931e-03	7.894223400000000695e-03
7.414923375000000000e+09	5.860837800000000090e-03	6.178825800000000042e-03
7.414925500000000000e+09	3.538809999999999872e-03	2.363900600000000147e-03
7.414927625000000000e+09	2.989143799999999934e-03	6.697190799999999840e-03
7.414929750000000000e+09	6.230932100000000258e-03	4.348599699999999672e-03
7.414931875000000000e+09	5.975530500000000335e-03	5.728270300000000252e-03
7.414934000000000000e+09	4.776720199999999993e-03	2.243178599999999957e-03
7.414936125000000000e+09	6.911882900000000142e-03	2.004942500000000179e-03
7.414938250000000000e+09	6.300002100000000327e-03	2.501632199999999796e-03
7.414940375000000000e+09	1.705916600000000017e-03	9.977677500000000504e-03
7.414942500000000000e+09	6.139419000000000126e-03	7.710209600000000191e-03
7.414944625000000000e+09	5.224704499999999890e-03	4.546807499999999669e-03
7.414946750000000000e+09	2.869691100000000203e-03	6.331340300000000074e-03
7.414948875000000000e+09	6.265159000000000179e-03	4.967555499999999971e-03
7.414951000000000000e+09	5.686529499999999800e-03	2.219839400000000063e-03
7.414953125000000000e+09	5.288010600000000311e-03	6.734234199999999601e-03
7.414955250000000000e+09	2.245511700000000187e-03	7.757049499999999972e-03
7.414957375000000000e+09	3.145208300000000134e-03	9.065448900000000129e-03
7.414959500000000000e+09	4.730844599999999879e-03	4.380300699999999971e-03
7.414961625000000000e+09	4.541370000000000194e-04	7.397937200000000331e-03
7.414963750000000000e+09	-1.970069300000000176e-03	2.482838800000000071e-03
7.414965875000000000e+09	4.058961300000000355e-03	6.454059699999999643e-03
7.414968000000000000e+09	4.262112799999999598e-03	-5.539301999999999638e-04
7.414970125000000000e+09	5.937438700000000416e-03	3.857601300000000101e-03
7.414972250000000000e+09	5.615252500000000001e-03	5.074817700000000369e-03
7.414974375000000000e+09	4.943018100000000012e-03	4.511741300000000204e-03
7.414976500000000000e+09	2.852131899999999810e-03	2.804275699999999975e-03
7.414978625000000000e+09	1.743634499999999936e-03	6.852655000000000031e-03
7.414980750000000000e+09	2.717975799999999918e-03	7.030233000000000315e-03
7.414982875000000000e+09	3.672857800000000131e-03	2.797628199999999989e-03
7.414985000000000000e+09	2.310432900000000157e-03	6.480106900000000107e-03
7.414987125000000000e+09	6.616257000000000171e-04	6.221381300000000322e-03
7.414989250000000000e+09	4.661449500000000405e-03	5.868591999999999732e-03
7.414991375000000000e+09	2.745522600000000011e-03	2.506079000000000032e-03
7.414993500000000000e+09	-1.293293199999999898e-03	4.112352700000000347e-03
7.414995625000000000e+09	1.272961200000000039e-03	2.476186600000000217e-03
7.414997750000000000e+09	2.161207599999999830e-03	6.440050099999999715e-03
7.414999875000000000e+09	6.301917800000000035e-03	9.968729799999999364e-03
7.415002000000000000e+09	2.661456500000000149e-03	7.350948700000000183e-03
7.415004125000000000e+09	7.101617200000000241e-03	4.714592499999999825e-03
7.415006250000000000e+09	4.141160500000000237e-03	4.493238400000000229e-03
7.415008375000000000e+09	3.421422099999999952e-03	1.470466300000000020e-03
7.415010500000000000e+09	2.165052399999999912e-03	4.190626000000000247e-03
7.415012625000000000e+09	3.871750199999999826e-03	6.985960499999999997e-03
7.415014750000000000e+09	1.273649400000000098e-03	1.047917299999999961e-02
7.415016875000000000e+09	1.228023200000000030e-03	7.405173699999999942e-03
7.415019000000000000e+09	5.160009400000000260e-03	5.369496799999999917e-03
7.415021125000000000e+09	6.430853299999999932e-03	1.157494999999999922e-03
7.415023250000000000e+09	5.296124299999999813e-03	4.810732399999999992e-03
7.415025375000000000e+09	1.723188100000000098e-03	1.022000500000000076e-03
7.415027500000000000e+09	7.662618399999999649e-03	6.129572300000000334e-03
7.415029625000000000e+09	2.861269799999999891e-03	6.119211999999999742e-03
7.415031750000000000e+09	8.318328899999999707e-03	2.793034399999999931e-03
7.415033875000000000e+09	1.781224299999999974e-03	5.430341600000000192e-03
7.415036000000000000e+09	3.786149600000000143e-03	3.564568299999999832e-03
7.415038125000000000e+09	1.460101400000000027e-03	5.507144599999999612e-03
7.415040250000000000e+09	1.915402899999999950e-03	4.028240199999999840e-03
7.415042375000000000e+09	3.018789000000000021e-03	2.691157899999999884e-03
7.415044500000000000e+09	5.649349700000000363e-03	7.844784199999999680e-03
7.415046625000000000e+09	4.856706700000000369e-03	6.008993899999999673e-03
7.415048750000000000e+09	1.642846799999999946e-03	3.435266499999999924e-03
7.415050875000000000e+09	5.031872100000000202e-03	7.302733999999999528e-04
7.415053000000000000e+09	4.124747500000000393e-03	2.475660000000000187e-03
7.415055125000000000e+09	3.970934800000000021e-03	5.603373400000000171e-03
7.415057250000000000e+09	1.100709000000000035e-04	9.390556300000000092e-03
7.415059375000000000e+09	2.526966700000000086e-03	1.102261459999999936e-02
7.415061500000000000e+09	2.941471699999999995e-03	6.068863199999999930e-03
7.415063625000000000e+09	6.892315599999999758e-03	2.222753699999999860e-03
7.415065750000000000e+09	2.826443100000000132e-03	5.659677999999999584e-03
7.415067875000000000e+09	3.218010999999999788e-03	6.690879500000000007e-03
7.415070000000000000e+09	1.535918199999999900e-03	2.104207800000000139e-03
7.415072125000000000e+09	4.056938500000000121e-03	2.980330900000000092e-03
7.415074250000000000e+09	4.776828900000000197e-03	5.071844300000000368e-03
7.415076375000000000e+09	1.098365999999999926e-03	3.353644399999999946e-03
7.415078500000000000e+09	7.073787399999999920e-03	3.842019099999999937e-03
7.415080625000000000e+09	1.907016099999999910e-03	4.575239499999999779e-03
7.415082750000000000e+09	2.394665600000000019e-03	7.664721999999999681e-03
7.415084875000000000e+09	4.937424800000000426e-03	3.438311099999999919e-03
7.415087000000000000e+09	3.483615099999999836e-03	6.537538600000000061e-03
7.415089125000000000e+09	7.763598099999999627e-03	2.603180000000000077e-03
7.415091250000000000e+09	6.468033899999999642e-03	8.545693400000000176e-03
7.415093375000000000e+09	4.238121000000000076e-04	5.725528100000000162e-03
7.415095500000000000e+09	5.443504499999999788e-03	5.755148600000000066e-03
7.415097625000000000e+09	3.315367000000000054e-03	4.378099400000000016e-03
7.415099750000000000e+09	4.175194699999999932e-03	3.582735899999999959e-03
7.415101875000000000e+09	3.044676999999999974e-03	6.114551799999999593e-03
7.415104000000000000e+09	5.394531299999999821e-03	3.325007699999999854e-03
7.415106125000000000e+09	3.294178699999999842e-03	7.996405999999999306e-03
7.415108250000000000e+09	4.185626399999999719e-03	3.178087400000000149e-03
7.415110375000000000e+09	4.644236799999999776e-03	3.070574400000000096e-03
7.415112500000000000e+09	8.081797800000000212e-03	1.139590399999999924e-03
7.415114625000000000e+09	2.977835500000000028e-03	1.635967199999999958e-03
7.415116750000000000e+09	2.769327700000000052e-03	6.026136900000000386e-03
7.415118875000000000e+09	2.421358099999999791e-03	5.514040999999999908e-03
7.415121000000000000e+09	1.139839500000000084e-03	2.759576000000000130e-03
7.415123125000000000e+09	8.108720099999999417e-03	1.623167900000000103e-03
7.415125250000000000e+09	2.787048500000000040e-03	9.120195700000000016e-03
7.415127375000000000e+09	3.238445899999999825e-03	5.386053499999999758e-03
7.415129500000000000e+09	6.972274100000000127e-03	7.458158200000000390e-03
7.415131625000000000e+09	7.856116099999999394e-03	4.870289400000000005e-03
7.415133750000000000e+09	9.123903900000000788e-03	1.834846000000000003e-03
7.415135875000000000e+09	1.873355200000000010e-03	5.442189899999999927e-03
7.415138000000000000e+09	1.460322299999999894e-03	6.837323099999999786e-03
7.415140125000000000e+09	7.913591899999999207e-03	4.454679700000000256e-03
7.415142250000000000e+09	4.579503099999999993e-03	7.894267199999999152e-03
7.415144375000000000e+09	2.590437599999999892e-03	2.586590499999999893e-03
7.415146500000000000e+09	4.276920800000000300e-03	5.539136800000000332e-03
7.415148625000000000e+09	7.989225000000000840e-03	2.915746400000000012e-03
7.415150750000000000e+09	4.694749600000000002e-03	5.277709900000000093e-03
7.415152875000000000e+09	4.160694900000000244e-03	4.847522400000000078e-03
7.415155000000000000e+09	3.578974700000000196e-03	7.068773999999999891e-03
7.415157125000000000e+09	6.188999199999999784e-03	2.508816100000000118e-03
7.415159250000000000e+09	3.998246399999999708e-03	1.675547899999999977e-03
7.415161375000000000e+09	6.558055499999999871e-03	1.032017179999999978e-02
7.415163500000000000e+09	7.283515100000000422e-03	6.499298399999999844e-03
7.415165625000000000e+09	1.821472499999999932e-03	4.907892999999999978e-03
7.415167750000000000e+09	4.080379700000000102e-03	3.433253399999999962e-03
7.415169875000000000e+09	5.147892700000000071e-03	5.823816400000000025e-03
7.415172000000000000e+09	4.199661599999999703e-03	3.355593899999999904e-03
7.415174125000000000e+09	2.694266600000000053e-03	5.405677999999999699e-03
7.415176250000000000e+09	6.840508000000000352e-03	1.004978729999999980e-02
7.415178375000000000e+09	2.661357300000000148e-03	6.178917299999999585e-03
7.415180500000000000e+09	4.900651899999999665e-03	6.279741699999999947e-03
7.415182625000000000e+09	2.399806699999999793e-03	3.945486399999999921e-03
7.415184750000000000e+09	6.076294700000000118e-03	6.713025299999999737e-03
7.415186875000000000e+09	2.286592799999999891e-03	5.196019599999999843e-03
7.415189000000000000e+09	8.195617699999999464e-03	3.338261199999999988e-03
7.415191125000000000e+09	4.249286799999999961e-03	8.661496600000000504e-03
7.415193250000000000e+09	6.550489999999999959e-03	4.332607999999999945e-03
7.415195375000000000e+09	6.025115299999999827e-03	2.605459599999999844e-03
7.415197500000000000e+09	2.307299499999999805e-03	6.493307499999999982e-03
7.415199625000000000e+09	4.426941999999999683e-03	5.927388999999999922e-03
7.415201750000000000e+09	1.459294700000000108e-03	3.940483100000000301e-03
7.415203875000000000e+09	2.805979499999999849e-03	2.348131299999999932e-03
7.415206000000000000e+09	2.709867800000000191e-03	5.736703299999999783e-03
7.415208125000000000e+09	3.379327899999999985e-03	2.577989000000000148e-03
7.415210250000000000e+09	7.911884399999999373e-03	2.695617500000000149e-03
7.415212375000000000e+09	2.765174599999999788e-03	8.593554300000000312e-03
7.415214500000000000e+09	-3.962193999999999829e-04	4.362379799999999835e-03
7.415216625000000000e+09	3.367110600000000186e-03	4.502466699999999912e-03
7.415218750000000000e+09	3.096724300000000020e-03	5.407815899999999718e-03
7.415220875000000000e+09	6.014050200000000020e-03	8.659475499999999548e-03
7.415223000000000000e+09	3.287997200000000037e-03	3.867988900000000028e-03
7.415225125000000000e+09	2.957238200000000122e-03	8.067666500000000851e-03
7.415227250000000000e+09	2.979114199999999789e-03	7.967128000000000404e-03
7.415229375000000000e+09	2.737336700000000175e-03	7.838990500000000278e-03
7.415231500000000000e+09	2.628450799999999896e-03	5.938700499999999619e-03
7.415233625000000000e+09	5.610721899999999811e-03	5.702567799999999805e-03
7.415235750000000000e+09	4.825222300000000207e-03	8.606199199999999341e-03
7.415237875000000000e+09	3.248472400000000215e-03	5.803270200000000198e-03
7.415240000000000000e+09	6.824108199999999805e-03	7.317935499999999975e-03
7.415242125000000000e+09	6.008330800000000367e-03	5.115658999999999831e-03
7.415244250000000000e+09	2.342743600000000200e-03	3.728986599999999877e-03
7.415246375000000000e+09	4.787527199999999823e-03	6.302245500000000326e-03
7.415248500000000000e+09	7.357185599999999798e-03	4.842990900000000015e-03
7.415250625000000000e+09	6.286023000000000175e-04	2.882157199999999843e-03
7.415252750000000000e+09	2.505825599999999924e-03	6.698087800000000411e-03
7.415254875000000000e+09	-9.411219000000000398e-04	-1.276077100000000061e-03
7.415257000000000000e+09	4.803495199999999708e-03	3.737671200000000204e-03
7.415259125000000000e+09	2.606213000000000019e-03	2.987973100000000139e-03
7.415261250000000000e+09	7.367069199999999596e-03	2.786610799999999968e-03
7.415263375000000000e+09	5.275643299999999668e-03	3.720417199999999803e-03
7.415265500000000000e+09	8.002772400000000147e-03	5.724383100000000023e-03
7.415267625000000000e+09	9.212346000000000380e-04	7.568176400000000380e-03
7.415269750000000000e+09	4.729426999999999590e-03	3.485229500000000015e-03
7.415271875000000000e+09	1.803553000000000057e-03	4.220978200000000298e-03
7.415274000000000000e+09	3.737186400000000117e-03	5.720636200000000365e-03
7.415276125000000000e+09	7.891739999999999519e-03	4.001710300000000005e-03
7.415278250000000000e+09	2.119531100000000053e-03	4.538136499999999643e-03
7.415280375000000000e+09	5.417425299999999687e-03	2.932993100000000092e-03
7.415282500000000000e+09	5.281175899999999805e-03	4.966681399999999837e-03
7.415284625000000000e+09	1.953131900000000185e-03	3.560077699999999838e-03
7.415286750000000000e+09	7.842651500000000567e-03	3.536574800000000067e-03
7.415288875000000000e+09	6.826900200000000397e-03	2.633897599999999832e-03
7.415291000000000000e+09	3.538969400000000019e-03	3.479447100000000129e-03
7.415293125000000000e+09	1.913045400000000073e-03	6.170945500000000333e-03
7.415295250000000000e+09	5.342396400000000260e-03	4.930114799999999603e-03
7.415297375000000000e+09	4.981418599999999815e-03	6.662065800000000274e-03
7.415299500000000000e+09	7.363129599999999712e-03	8.095948699999999318e-03
7.415301625000000000e+09	4.315762899999999770e-03	3.022557800000000208e-03
7.415303750000000000e+09	3.487688300000000175e-03	3.654703799999999871e-03
7.415305875000000000e+09	7.686169599999999845e-03	2.994166899999999801e-03
7.415308000000000000e+09	3.422141100000000106e-03	1.752899899999999910e-03
7.415310125000000000e+09	6.591438399999999947e-03	4.824152299999999623e-03
7.415312250000000000e+09	6.104860699999999953e-03	5.773077599999999927e-03
7.415314375000000000e+09	2.960125799999999922e-03	1.160063899999999896e-03
7.415316500000000000e+09	1.891693000000000064e-03	6.044720899999999827e-03
7.415318625000000000e+09	3.870153199999999943e-03	3.653200899999999984e-03
7.415320750000000000e+09	5.644618300000000220e-03	5.799903900000000223e-03
7.415322875000000000e+09	2.926594800000000083e-03	5.187972499999999633e-03
7.415325000000000000e+09	3.328004600000000063e-03	5.939998999999999627e-03
7.415327125000000000e+09	4.985995099999999611e-03	5.266120000000000002e-03
7.415329250000000000e+09	5.304417700000000312e-03	2.256705999999999870e-04
7.415331375000000000e+09	3.459811699999999941e-03	3.354819199999999838e-03
7.415333500000000000e+09	3.839786799999999820e-03	4.449468100000000294e-03
7.415335625000000000e+09	1.239653999999999973e-03	3.993251700000000418e-03
7.415337750000000000e+09	1.997332799999999940e-03	3.504844000000000015e-03
7.415339875000000000e+09	5.097726099999999941e-03	5.825829999999999724e-03
7.415342000000000000e+09	3.766559100000000087e-03	3.776415300000000082e-03
7.415344125000000000e+09	3.773332199999999970e-03	3.558094099999999961e-03
7.415346250000000000e+09	6.096708600000000366e-03	3.393070000000000200e-03
7.415348375000000000e+09	5.229424199999999946e-03	9.615921899999999370e-03
7.415350500000000000e+09	5.496875000000000459e-04	4.682552000000000415e-03
7.415352625000000000e+09	1.783596300000000025e-03	4.964204800000000112e-03
7.415354750000000000e+09	5.626270000000000056e-04	1.517593600000000011e-03
7.415356875000000000e+09	1.974951500000000134e-03	5.454492800000000294e-03
7.415359000000000000e+09	3.346690600000000026e-03	6.476170699999999648e-03
7.415361125000000000e+09	2.609019000000000182e-03	6.324481699999999658e-03
7.415363250000000000e+09	2.864403699999999980e-03	4.794164099999999665e-03
7.415365375000000000e+09	4.405727800000000180e-03	6.519163700000000367e-03
7.415367500000000000e+09	7.546285500000000403e-03	1.121691900000000054e-03
7.415369625000000000e+09	4.562947099999999957e-03	2.336862600000000085e-03
7.415371750000000000e+09	6.797503199999999947e-03	4.854255600000000233e-03
7.415373875000000000e+09	5.701000599999999675e-03	5.560702199999999901e-03
7.415376000000000000e+09	3.833866600000000215e-03	7.023841200000000354e-03
7.415378125000000000e+09	-1.410675899999999997e-03	4.245344399999999990e-03
7.415380250000000000e+09	4.810956800000000186e-03	7.775778399999999820e-03
7.415382375000000000e+09	5.216881799999999875e-03	-1.331646699999999937e-03
7.415384500000000000e+09	5.427413499999999592e-03	4.442281900000000054e-03
7.415386625000000000e+09	3.867556199999999927e-03	2.969638599999999910e-03
7.415388750000000000e+09	3.025365000000000129e-04	2.816465700000000006e-03
7.415390875000000000e+09	3.415212700000000174e-03	6.232955000000000093e-03
7.415393000000000000e+09	1.027811000000000002e-03	5.083174099999999800e-03
7.415395125000000000e+09	5.273551799999999859e-03	5.940591000000000274e-03
7.415397250000000000e+09	3.517798999999999839e-03	5.907260999999999589e-03
7.415399375000000000e+09	7.140290199999999726e-03	5.303005099999999992e-03
7.415401500000000000e+09	7.565642299999999695e-03	9.130587299999999573e-03
7.415403625000000000e+09	7.397092499999999814e-03	7.108730300000000273e-03
7.415405750000000000e+09	4.694666800000000390e-03	1.698374199999999959e-03
7.415407875000000000e+09	6.294550299999999987e-03	2.753563399999999807e-03
7.415410000000000000e+09	6.431835799999999735e-03	7.718824899999999871e-03
7.415412125000000000e+09	2.487993200000000044e-03	3.194003999999999854e-03
7.415414250000000000e+09	2.839701400000000167e-03	2.431551599999999883e-03
7.415416375000000000e+09	1.139390640000000066e-02	2.178889499999999996e-03
7.415418500000000000e+09	9.801583699999999802e-03	4.890280399999999590e-03
7.415420625000000000e+09	3.690689100000000070e-03	7.240744799999999752e-03
7.415422750000000000e+09	2.909109600000000205e-03	1.584798799999999949e-03
7.415424875000000000e+09	2.368893300000000056e-03	2.661076999999999974e-03
7.415427000000000000e+09	3.583852399999999921e-03	3.789140099999999903e-03
7.415429125000000000e+09	1.030403359999999997e-02	1.742460599999999917e-03
7.415431250000000000e+09	6.129499099999999659e-03	3.037326300000000017e-03
7.415433375000000000e+09	2.072299799999999942e-03	4.456256799999999858e-03
7.415435500000000000e+09	3.705850799999999955e-03	3.600983400000000011e-03
7.415437625000000000e+09	4.962840000000000074e-05	1.413951600000000084e-03
7.415439750000000000e+09	3.315813700000000159e-03	6.077638100000000258e-03
7.415441875000000000e+09	1.864260400000000099e-03	3.740513699999999803e-03
7.415444000000000000e+09	1.171283000000000014e-04	2.728169199999999975e-03
7.415446125000000000e+09	6.539172200000000282e-03	1.492486500000000070e-03
7.415448250000000000e+09	3.565215200000000119e-03	7.915934200000000406e-03
7.415450375000000000e+09	3.658755799999999919e-03	2.109743199999999930e-03
7.415452500000000000e+09	6.254672699999999988e-03	1.536562800000000053e-03
7.415454625000000000e+09	7.033569200000000000e-03	4.249748200000000309e-03
7.415456750000000000e+09	7.784545599999999690e-03	7.159826999999999685e-03
7.415458875000000000e+09	7.743220500000000048e-03	4.072886000000000388e-03
7.415461000000000000e+09	7.889525700000000336e-03	3.794957399999999981e-03
7.415463125000000000e+09	4.486073299999999812e-03	4.354710300000000020e-03
7.415465250000000000e+09	8.967365499999999448e-03	7.156134599999999964e-03
7.415467375000000000e+09	2.079259899999999842e-03	1.986625200000000178e-03
7.415469500000000000e+09	3.123776799999999822e-03	3.811155799999999937e-03
7.415471625000000000e+09	1.140385799999999892e-03	1.422656900000000097e-03
7.415473750000000000e+09	2.236899799999999931e-03	5.399664600000000404e-03
7.415475875000000000e+09	7.807123499999999751e-03	4.437787200000000397e-03
7.415478000000000000e+09	3.385964600000000192e-03	4.961428700000000171e-03
7.415480125000000000e+09	5.159020599999999609e-03	7.988920800000000322e-03
7.415482250000000000e+09	2.080980000000000069e-03	3.262275299999999913e-03
7.415484375000000000e+09	6.196056499999999870e-03	3.869763100000000056e-03
7.415486500000000000e+09	6.183512999999999857e-03	1.974539799999999821e-03
7.415488625000000000e+09	1.475616400000000043e-03	3.970274499999999936e-03
7.415490750000000000e+09	5.319037000000000417e-03	5.743548400000000366e-03
7.415492875000000000e+09	1.252192500000000016e-03	5.834697800000000073e-03
7.415495000000000000e+09	6.796854100000000211e-03	2.040873099999999940e-03
7.415497125000000000e+09	5.760203999999999672e-03	5.403886800000000379e-03
7.415499250000000000e+09	7.034729499999999719e-03	2.532196599999999784e-03
7.415501375000000000e+09	3.886179699999999827e-03	4.151254000000000055e-03
7.415503500000000000e+09	4.244876100000000325e-03	5.016209899999999645e-03
7.415505625000000000e+09	3.979154999999999845e-03	1.517060900000000070e-03
7.415507750000000000e+09	5.323484699999999660e-03	5.945874900000000171e-03
7.415509875000000000e+09	9.842525600000000610e-03	6.390862899999999631e-03
7.415512000000000000e+09	6.219514699999999577e-03	2.708627300000000012e-03
7.415514125000000000e+09	1.857764299999999915e-03	5.530021900000000289e-03
7.415516250000000000e+09	8.318460200000000679e-03	8.369092499999999588e-03
7.415518375000000000e+09	2.432637000000000135e-04	4.580302599999999842e-03
7.415520500000000000e+09	5.237267799999999716e-03	3.883177199999999878e-03
7.415522625000000000e+09	6.975368499999999757e-03	1.930597100000000076e-03
7.415524750000000000e+09	6.974254600000000248e-03	1.873525200000000085e-03
7.415526875000000000e+09	5.527491899999999701e-03	2.627795999999999951e-03
7.415529000000000000e+09	7.550800300000000409e-03	2.117265599999999890e-03
7.415531125000000000e+09	4.972047099999999872e-03	4.896590999999999617e-03
7.415533250000000000e+09	7.243566100000000361e-03	2.955206999999999843e-04
7.415535375000000000e+09	1.292064000000000103e-03	8.209683000000000388e-04
7.415537500000000000e+09	6.331753800000000133e-03	1.783102699999999973e-03
7.415539625000000000e+09	4.743050900000000264e-03	4.460460900000000166e-03
7.415541750000000000e+09	3.163967299999999837e-03	4.270493900000000079e-03
7.415543875000000000e+09	1.983902599999999832e-03	2.646785500000000194e-03
7.415546000000000000e+09	9.505765899999999227e-03	-1.368137400000000092e-03
7.415548125000000000e+09	6.363069699999999648e-03	4.783052700000000115e-03
7.415550250000000000e+09	1.570930899999999986e-03	5.716157099999999956e-03
7.415552375000000000e+09	6.472143199999999715e-03	4.617460399999999583e-03
7.415554500000000000e+09	2.035956399999999927e-03	7.043502999999999570e-04
7.415556625000000000e+09	1.851399199999999952e-03	2.864148300000000057e-03
7.415558750000000000e+09	4.538110700000000386e-03	5.703176699999999710e-03
7.415560875000000000e+09	6.098018099999999789e-03	3.979827099999999618e-03
7.415563000000000000e+09	8.005026099999999756e-03	4.388990599999999936e-03
7.415565125000000000e+09	6.769912999999999799e-03	2.975308600000000064e-03
7.415567250000000000e+09	3.827963900000000072e-03	5.022419000000000189e-03
7.415569375000000000e+09	7.006716199999999707e-03	1.371367199999999923e-03
7.415571500000000000e+09	4.868550600000000339e-03	3.511485600000000158e-03
7.415573625000000000e+09	7.422444200000000332e-03	5.332370900000000212e-03
7.415575750000000000e+09	6.440001499999999622e-03	3.781883499999999943e-03
7.415577875000000000e+09	4.114769100000000360e-03	5.888918499999999667e-03
7.415580000000000000e+09	4.021931400000000427e-03	7.221110200000000270e-03
7.415582125000000000e+09	7.113816400000000373e-03	6.368598399999999757e-03
7.415584250000000000e+09	3.526977499999999887e-03	4.214443699999999814e-03
7.415586375000000000e+09	5.612419599999999772e-03	1.068219899999999899e-03
7.415588500000000000e+09	5.280612399999999769e-03	2.282798500000000116e-03
7.415590625000000000e+09	5.989090699999999670e-03	6.080049899999999570e-03
7.415592750000000000e+09	5.267966500000000399e-03	3.565987000000000063e-03
7.415594875000000000e+09	8.551930399999999391e-03	2.242099600000000206e-03
7.415597000000000000e+09	7.180120100000000373e-03	4.570400700000000309e-03
7.415599125000000000e+09	2.254747200000000156e-03	1.893737300000000040e-03
7.415601250000000000e+09	5.369655800000000360e-03	1.236688299999999996e-03
7.415603375000000000e+09	7.267931299999999713e-03	6.123778100000000328e-03
7.415605500000000000e+09	5.069486500000000388e-03	3.292773100000000175e-03
7.415607625000000000e+09	7.813522499999999565e-03	3.301960699999999856e-03
7.415609750000000000e+09	3.229331199999999850e-03	3.284622000000000062e-03
7.415611875000000000e+09	1.968638100000000019e-03	1.790638700000000017e-03
7.415614000000000000e+09	3.987806099999999590e-03	4.198411499999999720e-03
7.415616125000000000e+09	4.455543200000000245e-03	5.298139700000000125e-03
7.415618250000000000e+09	6.062545899999999786e-03	2.690557200000000173e-03
7.415620375000000000e+09	5.777202599999999716e-03	5.352099100000000387e-03
7.415622500000000000e+09	3.521789600000000200e-03	2.562971600000000030e-03
7.415624625000000000e+09	2.231349599999999864e-03	3.632041500000000086e-03
7.415626750000000000e+09	2.990932999999999873e-03	2.331819599999999937e-03
7.415628875000000000e+09	3.859964000000000017e-03	5.314581900000000386e-03
7.415631000000000000e+09	4.041686800000000336e-03	1.273581200000000043e-03
7.415633125000000000e+09	5.079473999999999621e-03	1.604891700000000022e-03
7.415635250000000000e+09	4.380866300000000289e-03	6.285528099999999896e-03
7.415637375000000000e+09	5.359306399999999582e-03	-1.129788199999999911e-03
7.415639500000000000e+09	1.081626100000000062e-03	4.332068999999999807e-04
7.415641625000000000e+09	2.466410999999999951e-03	1.631690500000000047e-03
7.415643750000000000e+09	6.430348500000000397e-03	1.872228799999999926e-03
7.415645875000000000e+09	2.813642500000000050e-03	2.844919799999999846e-03
7.415648000000000000e+09	3.508626400000000069e-03	4.605253899999999997e-03
7.415650125000000000e+09	6.214250800000000428e-03	4.953606800000000428e-03
7.415652250000000000e+09	6.835173800000000216e-03	3.855700300000000202e-03
7.415654375000000000e+09	5.419510699999999584e-03	1.577729699999999959e-03
7.415656500000000000e+09	2.977993799999999799e-03	1.936314400000000097e-03
7.415658625000000000e+09	5.580599700000000128e-03	6.405555599999999614e-03
7.415660750000000000e+09	4.865255599999999958e-03	3.638888299999999947e-03
7.415662875000000000e+09	6.245855899999999683e-03	1.744110600000000092e-03
7.415665000000000000e+09	7.736907500000000069e-03	6.249051200000000326e-03
7.415667125000000000e+09	6.513022099999999856e-03	8.759210599999999250e-03
7.415669250000000000e+09	2.231139100000000073e-03	2.813045900000000002e-03
7.415671375000000000e+09	4.140946399999999653e-03	3.826616200000000200e-03
7.415673500000000000e+09	6.440555700000000390e-03	1.585283000000000048e-03
7.415675625000000000e+09	4.777576900000000265e-03	6.385549199999999981e-03
7.415677750000000000e+09	3.762030799999999814e-03	9.600986000000000372e-04
7.415679875000000000e+09	2.078824799999999789e-03	2.484749499999999809e-03
7.415682000000000000e+09	3.972551900000000254e-03	2.982249900000000058e-03
7.415684125000000000e+09	8.355143100000000239e-03	6.043953000000000346e-03
7.415686250000000000e+09	2.450904700000000082e-03	6.492816099999999813e-03
7.415688375000000000e+09	9.123345399999999855e-03	3.763128699999999938e-03
7.415690500000000000e+09	2.464114999999999795e-03	2.294102100000000154e-03
7.415692625000000000e+09	3.281351000000000059e-03	3.482541899999999895e-03
7.415694750000000000e+09	2.940230600000000045e-03	6.460079100000000116e-03
7.415696875000000000e+09	6.741873599999999994e-03	1.753681100000000024e-03
7.415699000000000000e+09	4.393556899999999724e-03	1.276159499999999971e-03
7.415701125000000000e+09	1.144959299999999966e-03	2.363185500000000022e-03
7.415703250000000000e+09	3.893246600000000151e-03	2.794560099999999787e-03
7.415705375000000000e+09	3.962758200000000321e-03	5.411225399999999679e-03
7.415707500000000000e+09	4.103347599999999581e-03	2.465440100000000200e-03
7.415709625000000000e+09	7.233854799999999904e-03	3.750947900000000008e-03
7.415711750000000000e+09	6.701616500000000254e-03	6.127048700000000195e-03
7.415713875000000000e+09	4.663620900000000138e-03	4.350088499999999955e-03
7.415716000000000000e+09	6.580901600000000316e-03	7.041780699999999893e-03
7.415718125000000000e+09	6.546281200000000217e-03	3.166928800000000117e-03
7.415720250000000000e+09	6.763325599999999924e-03	1.707211099999999962e-03
7.415722375000000000e+09	7.262465499999999803e-03	5.860930799999999712e-03
7.415724500000000000e+09	1.780967600000000041e-03	5.447346799999999885e-03
7.415726625000000000e+09	8.963074999999999168e-03	4.085163799999999568e-03
7.415728750000000000e+09	5.333506299999999679e-03	3.467743100000000162e-03
7.415730875000000000e+09	6.635341299999999998e-03	1.534093000000000045e-03
7.415733000000000000e+09	7.665457799999999926e-03	5.229163299999999882e-03
7.415735125000000000e+09	7.406356900000000097e-03	4.101930999999999741e-04
7.415737250000000000e+09	5.678401900000000328e-03	4.533741499999999723e-03
7.415739375000000000e+09	4.496113000000000366e-03	5.888645500000000248e-03
7.415741500000000000e+09	1.071295050000000033e-02	2.534757199999999964e-03
7.415743625000000000e+09	6.130403199999999615e-03	8.550494800000000770e-03
7.415745750000000000e+09	6.245968900000000053e-03	5.299259399999999877e-03
7.415747875000000000e+09	4.764932999999999842e-03	4.552589800000000388e-03
7.415750000000000000e+09	4.593245699999999945e-03	7.760550700000000413e-03
7.415752125000000000e+09	3.767275400000000187e-03	2.913169100000000209e-03
7.415754250000000000e+09	2.284847400000000143e-03	5.365073500000000321e-03
7.415756375000000000e+09	5.139507599999999961e-03	1.855267899999999944e-03
7.415758500000000000e+09	5.085520599999999829e-03	1.826266100000000035e-03
7.415760625000000000e+09	4.878028199999999599e-03	3.706401599999999998e-03
7.415762750000000000e+09	5.852532300000000236e-03	2.022973600000000163e-03
7.415764875000000000e+09	8.851376299999999878e-03	5.644458599999999972e-03
7.415767000000000000e+09	4.323083200000000202e-03	5.570561499999999652e-03
7.415769125000000000e+09	2.834025500000000169e-03	5.639037700000000194e-03
7.415771250000000000e+09	5.951435399999999848e-03	2.099273999999999932e-03
7.415773375000000000e+09	9.145364000000000011e-04	1.004740799999999899e-03
7.415775500000000000e+09	9.265523700000000140e-03	5.159404799999999652e-03
7.415777625000000000e+09	3.629581099999999814e-03	2.789684599999999945e-03
7.415779750000000000e+09	3.577851600000000153e-03	5.372598000000000130e-03
7.415781875000000000e+09	7.909715299999999991e-03	6.224338799999999672e-03
7.415784000000000000e+09	3.021754299999999862e-03	3.993230099999999991e-03
7.415786125000000000e+09	5.446468700000000121e-03	4.728352899999999776e-03
7.415788250000000000e+09	2.640692599999999810e-03	3.204921500000000069e-03
7.415790375000000000e+09	7.311064299999999599e-03	2.416463000000000042e-04
7.415792500000000000e+09	6.543789999999999850e-03	3.978319200000000194e-03
7.415794625000000000e+09	6.224230800000000140e-03	7.401167499999999899e-03
7.415796750000000000e+09	5.702373799999999569e-03	1.610604500000000026e-03
7.415798875000000000e+09	2.252679200000000121e-03	7.593561000000000191e-04
7.415801000000000000e+09	2.155933699999999873e-03	7.661719000000000428e-04
7.415803125000000000e+09	7.938204000000000787e-03	1.591236200000000064e-03
7.415805250000000000e+09	3.055505500000000197e-03	3.343483999999999866e-03
7.415807375000000000e+09	6.341132400000000328e-03	1.607055999999999936e-03
7.415809500000000000e+09	4.744753099999999592e-03	8.081117000000000508e-04
7.415811625000000000e+09	3.599729800000000136e-03	2.564181799999999851e-03
7.415813750000000000e+09	5.334086099999999636e-03	5.595805700000000375e-03
7.415815875000000000e+09	3.879192699999999862e-03	-2.015222300000000209e-03
7.415818000000000000e+09	1.323229900000000075e-03	7.252420100000000341e-03
7.415820125000000000e+09	4.546434299999999908e-03	6.422360799999999627e-03
7.415822250000000000e+09	6.676251999999999708e-03	1.501270000000000078e-04
7.415824375000000000e+09	5.056498700000000221e-03	3.033560299999999918e-03
7.415826500000000000e+09	4.704014700000000090e-03	4.082518200000000326e-03
7.415828625000000000e+09	5.607263799999999757e-03	1.286486199999999948e-03
7.415830750000000000e+09	6.018203300000000283e-03	6.265195700000000117e-03
7.415832875000000000e+09	7.329534900000000269e-03	3.192624499999999980e-03
7.415835000000000000e+09	5.102538299999999881e-03	6.188844899999999642e-03
7.415837125000000000e+09	6.885341599999999888e-03	2.464258400000000123e-03
7.415839250000000000e+09	7.702566299999999769e-03	2.909327100000000214e-03
7.415841375000000000e+09	4.705469299999999987e-03	4.622542299999999986e-03
7.415843500000000000e+09	-1.036795999999999958e-04	4.932065999999999707e-03
7.415845625000000000e+09	5.743896200000000139e-03	7.124324799999999860e-03
7.415847750000000000e+09	5.986738299999999798e-03	4.254173699999999787e-03
7.415849875000000000e+09	5.974959999999999646e-03	4.288990900000000210e-03
7.415852000000000000e+09	4.983615200000000335e-03	5.885755399999999596e-03
7.415854125000000000e+09	6.191761500000000223e-03	3.192644299999999793e-03
7.415856250000000000e+09	8.632228800000000743e-03	3.378095199999999864e-03
7.415858375000000000e+09	5.986248799999999842e-03	3.286369600000000127e-03
7.415860500000000000e+09	6.350086199999999646e-03	4.567718000000000234e-04
7.415862625000000000e+09	1.019431430000000000e-02	2.935885400000000194e-03
7.415864750000000000e+09	5.186378600000000373e-03	3.918320000000000120e-05
7.415866875000000000e+09	6.424761200000000255e-03	5.328366600000000383e-03
7.415869000000000000e+09	2.927274699999999914e-03	2.793292699999999976e-03
7.415871125000000000e+09	5.403804100000000367e-03	3.418870799999999908e-03
7.415873250000000000e+09	8.551418300000000403e-03	7.974961000000000029e-04
7.415875375000000000e+09	5.995359599999999789e-03	2.552070200000000101e-03
7.415877500000000000e+09	4.064082899999999984e-03	4.558928999999999759e-03
7.415879625000000000e+09	2.596168299999999929e-03	-6.491372000000000028e-04
7.415881750000000000e+09	7.989900499999999170e-03	2.737884299999999993e-03
7.415883875000000000e+09	4.158295900000000093e-03	5.665047399999999581e-03
7.415886000000000000e+09	4.642867999999999648e-03	5.118395100000000010e-03
7.415888125000000000e+09	4.365730299999999627e-03	4.547735800000000071e-03
7.415890250000000000e+09	3.148827099999999910e-03	2.175664199999999965e-03
7.415892375000000000e+09	4.644200799999999643e-03	-8.269332000000000332e-04
7.415894500000000000e+09	1.820684599999999919e-03	3.947362000000000266e-03
7.415896625000000000e+09	5.487031100000000321e-03	3.237564999999999974e-03
7.415898750000000000e+09	2.338597500000000155e-03	2.967212800000000161e-03
7.415900875000000000e+09	6.188758600000000137e-03	8.056256100000000822e-03
7.415903000000000000e+09	6.657719200000000379e-03	1.079979200000000077e-03
7.415905125000000000e+09	5.543448900000000172e-03	6.015872900000000106e-03
7.415907250000000000e+09	3.290945999999999889e-03	6.076381399999999759e-03
7.415909375000000000e+09	5.488312500000000135e-03	4.019692499999999794e-03
7.415911500000000000e+09	5.421449000000000060e-03	5.611064000000000459e-04
7.415913625000000000e+09	8.469772400000000548e-03	2.178878100000000012e-03
7.415915750000000000e+09	6.936529999999999779e-03	3.810207999999999824e-03
7.415917875000000000e+09	9.003029299999999735e-03	3.739584900000000097e-03
7.415920000000000000e+09	7.571105999999999539e-04	1.852136899999999977e-03
7.415922125000000000e+09	3.542380700000000160e-03	1.495259899999999958e-03
7.415924250000000000e+09	4.902944700000000031e-03	4.724841399999999726e-03
7.415926375000000000e+09	8.376624799999999454e-03	9.833877999999999023e-04
7.415928500000000000e+09	5.622598200000000421e-03	-9.260781000000000264e-04
7.415930625000000000e+09	6.133391000000000190e-03	5.697893600000000086e-03
7.415932750000000000e+09	5.440969099999999961e-03	7.769328199999999893e-03
7.415934875000000000e+09	4.976831200000000205e-03	1.314359300000000072e-03
7.415937000000000000e+09	8.204582999999999668e-03	2.452280600000000029e-03
7.415939125000000000e+09	-8.177809999999999550e-05	4.419213200000000029e-03
7.415941250000000000e+09	7.152016500000000360e-03	6.196774099999999980e-03
7.415943375000000000e+09	8.138667699999999408e-03	4.746603000000000280e-03
7.415945500000000000e+09	3.939497099999999738e-03	5.473039000000000506e-04
7.415947625000000000e+09	6.766547700000000165e-03	3.388607899999999951e-03
7.415949750000000000e+09	7.078676699999999697e-03	3.218348199999999850e-03
7.415951875000000000e+09	6.411654099999999738e-03	6.264960600000000178e-03
7.415954000000000000e+09	1.191214860000000021e-02	1.344363199999999963e-03
7.415956125000000000e+09	5.104789700000000006e-03	3.452110300000000090e-03
7.415958250000000000e+09	3.244038600000000074e-03	2.321202699999999879e-03
7.415960375000000000e+09	6.148703299999999823e-03	4.217613799999999670e-03
7.415962500000000000e+09	2.995324499999999900e-03	3.576111600000000078e-03
7.415964625000000000e+09	4.976247199999999683e-03	-1.507767000000000026e-04
7.415966750000000000e+09	3.528739199999999989e-03	1.042627400000000100e-03
7.415968875000000000e+09	6.180877700000000224e-03	5.451886199999999606e-03
7.415971000000000000e+09	5.713353800000000281e-03	1.708468799999999935e-03
7.415973125000000000e+09	5.436924299999999766e-03	1.373261599999999957e-03
7.415975250000000000e+09	5.422795900000000092e-03	3.206260900000000146e-03
7.415977375000000000e+09	2.544582499999999831e-03	3.374518000000000070e-04
7.415979500000000000e+09	5.578522100000000289e-03	2.588738100000000184e-03
7.415981625000000000e+09	6.246192700000000042e-03	3.771697000000000070e-03
7.415983750000000000e+09	6.163712099999999611e-03	3.614274099999999820e-03
7.415985875000000000e+09	1.000292030000000075e-02	1.808030400000000103e-03
7.415988000000000000e+09	9.206464600000000345e-03	-9.315740000000000088e-04
7.415990125000000000e+09	4.245971099999999894e-03	3.066909899999999915e-03
7.415992250000000000e+09	5.204087399999999738e-03	1.235413000000000093e-04
7.415994375000000000e+09	7.454970200000000068e-03	-3.090741599999999919e-03
7.415996500000000000e+09	7.246165700000000397e-03	4.006518700000000384e-03
7.415998625000000000e+09	4.515240799999999631e-03	4.007502500000000197e-03
7.416000750000000000e+09	7.320439399999999902e-03	-4.741109000000000078e-04
7.416002875000000000e+09	7.510632799999999998e-03	5.676528099999999730e-03
7.416005000000000000e+09	5.303984299999999971e-03	3.320303499999999880e-03
7.416007125000000000e+09	5.147234599999999868e-03	4.863950199999999766e-03
7.416009250000000000e+09	5.247984600000000013e-03	4.875297300000000326e-03
7.416011375000000000e+09	2.350390799999999784e-03	3.852876099999999904e-03
7.416013500000000000e+09	3.260598999999999876e-03	3.720074999999999988e-04
7.416015625000000000e+09	5.270074500000000196e-03	3.308464799999999949e-03
7.416017750000000000e+09	1.028929209999999983e-02	-2.916313499999999975e-03
7.416019875000000000e+09	5.867645799999999731e-03	3.888496700000000205e-03
7.416022000000000000e+09	6.259619600000000325e-03	-2.295749000000000032e-04
7.416024125000000000e+09	6.218900700000000101e-03	-3.675419599999999853e-03
7.416026250000000000e+09	2.571445900000000201e-03	1.469544599999999916e-03
7.416028375000000000e+09	4.709394900000000300e-03	4.279297399999999751e-03
7.416030500000000000e+09	2.991075599999999928e-03	-2.142828500000000004e-03
7.416032625000000000e+09	5.411451999999999755e-03	2.520150599999999852e-03
7.416034750000000000e+09	5.319582500000000387e-03	1.590795600000000087e-03
7.416036875000000000e+09	1.493978100000000007e-03	5.562737800000000163e-03
7.416039000000000000e+09	1.530296499999999954e-03	2.557627199999999885e-03
7.416041125000000000e+09	8.532778300000000080e-03	7.845536099999999777e-03
7.416043250000000000e+09	3.883178699999999955e-03	8.292440700000000553e-03
7.416045375000000000e+09	4.646805599999999717e-03	3.870157700000000176e-03
7.416047500000000000e+09	1.041570680000000054e-02	3.061942099999999823e-03
7.416049625000000000e+09	7.847665800000000469e-03	-9.433471000000000131e-04
7.416051750000000000e+09	7.416025199999999769e-03	4.220985699999999820e-03
7.416053875000000000e+09	1.058658359999999944e-02	1.783647100000000001e-03
7.416056000000000000e+09	9.313546600000000009e-03	2.866207400000000093e-03
7.416058125000000000e+09	6.436400400000000244e-03	2.066578800000000177e-03
7.416060250000000000e+09	6.178860700000000233e-03	4.403827600000000120e-03
7.416062375000000000e+09	8.444819600000000315e-03	1.137615499999999977e-03
7.416064500000000000e+09	4.660262600000000290e-03	9.353684000000000347e-04
7.416066625000000000e+09	5.708693299999999596e-03	-1.155210700000000069e-03
7.416068750000000000e+09	1.767646299999999990e-03	3.070517500000000208e-03
7.416070875000000000e+09	6.793085400000000058e-03	3.308964100000000210e-03
7.416073000000000000e+09	4.068031300000000267e-03	2.220859300000000043e-03
7.416075125000000000e+09	6.517632199999999834e-03	9.531224999999999940e-04
7.416077250000000000e+09	9.833708400000000169e-03	1.535731000000000086e-04
7.416079375000000000e+09	6.673476599999999571e-03	4.018582899999999583e-03
7.416081500000000000e+09	2.520593399999999928e-03	2.943188599999999999e-03
7.416083625000000000e+09	5.842621299999999768e-03	1.402235699999999962e-03
7.416085750000000000e+09	6.957657100000000372e-03	1.682666499999999933e-03
7.416087875000000000e+09	9.432177499999999659e-03	3.124217199999999948e-03
7.416090000000000000e+09	6.680286599999999894e-03	4.336214700000000366e-03
7.416092125000000000e+09	5.500003699999999641e-03	4.398355100000000094e-03
7.416094250000000000e+09	8.349771799999999161e-03	-1.835880999999999928e-03
7.416096375000000000e+09	9.949617500000000614e-03	1.914515799999999936e-03
7.416098500000000000e+09	5.000243700000000374e-03	1.033402199999999957e-03
7.416100625000000000e+09	3.575656500000000144e-03	1.387987999999999939e-03
7.416102750000000000e+09	6.659772900000000308e-03	3.956162299999999715e-03
7.416104875000000000e+09	3.905356100000000052e-03	2.719778300000000055e-03
7.416107000000000000e+09	6.392703999999999921e-03	5.146209000000000113e-04
7.416109125000000000e+09	6.359741700000000157e-03	1.616925099999999994e-03
7.416111250000000000e+09	5.711791299999999585e-03	3.459624000000000119e-03
7.416113375000000000e+09	1.801879300000000040e-03	5.001086999999999980e-04
7.416115500000000000e+09	4.175655799999999744e-03	3.211248400000000017e-03
7.416117625000000000e+09	6.606260200000000152e-03	1.936470100000000066e-03
7.416119750000000000e+09	6.410398999999999785e-03	5.062511300000000110e-03
7.416121875000000000e+09	6.082303199999999910e-03	-3.775707000000000000e-04
7.416124000000000000e+09	3.880498100000000054e-03	3.463311999999999749e-04
7.416126125000000000e+09	9.560460899999999665e-03	4.477508399999999972e-03
7.416128250000000000e+09	2.058224500000000162e-03	1.395079800000000080e-03
7.416130375000000000e+09	7.642215499999999682e-03	3.334450799999999927e-03
7.416132500000000000e+09	9.289049599999999948e-03	2.133248500000000086e-03
7.416134625000000000e+09	2.978317099999999891e-03	3.128189999999999877e-04
7.416136750000000000e+09	4.025708299999999906e-03	2.913997000000000202e-03
7.416138875000000000e+09	5.491556400000000004e-03	6.846728600000000046e-03
7.416141000000000000e+09	7.531649199999999704e-03	4.498541099999999598e-03
7.416143125000000000e+09	2.946004199999999965e-03	1.537802300000000108e-03
7.416145250000000000e+09	3.497646899999999962e-03	4.665968999999999846e-03
7.416147375000000000e+09	4.071352799999999710e-03	2.502632900000000167e-03
7.416149500000000000e+09	5.615699899999999911e-03	1.969423699999999899e-03
7.416151625000000000e+09	6.719445200000000173e-03	3.224160099999999821e-03
7.416153750000000000e+09	4.702418800000000149e-03	3.083383700000000109e-03
7.416155875000000000e+09	8.541211800000000215e-03	4.185920999999999999e-04
7.416158000000000000e+09	5.781018800000000020e-03	-4.900593000000000397e-04
7.416160125000000000e+09	2.585421999999999981e-03	2.458244499999999791e-03
7.416162250000000000e+09	6.767430399999999763e-03	7.592691700000000175e-03
7.416164375000000000e+09	4.636040099999999727e-03	3.179170800000000099e-03
7.416166500000000000e+09	6.358187900000000260e-03	5.194808500000000148e-03
7.416168625000000000e+09	6.833183799999999891e-03	5.435119000000000408e-03
7.416170750000000000e+09	5.735882500000000044e-03	4.144345100000000268e-03
7.416172875000000000e+09	1.625235600000000035e-03	2.984286400000000193e-03
7.416175000000000000e+09	8.895125099999999854e-03	1.887469300000000011e-03
7.416177125000000000e+09	4.518819700000000113e-03	3.234539000000000034e-04
7.416179250000000000e+09	4.930097399999999741e-03	-2.223552199999999802e-03
7.416181375000000000e+09	5.369463399999999803e-03	2.535636899999999840e-03
7.416183500000000000e+09	6.374484899999999579e-03	1.461953900000000084e-03
7.416185625000000000e+09	3.671275500000000056e-03	1.107536699999999916e-03
7.416187750000000000e+09	5.650712599999999780e-03	1.795056200000000020e-03
7.416189875000000000e+09	8.396707800000000055e-03	-1.688560900000000064e-03
7.416192000000000000e+09	3.806056300000000038e-03	3.353395199999999968e-03
7.416194125000000000e+09	4.348759800000000057e-03	2.503564599999999994e-03
7.416196250000000000e+09	6.122719700000000230e-03	-1.128103699999999897e-03
7.416198375000000000e+09	4.482800099999999927e-03	3.910419800000000320e-03
7.416200500000000000e+09	6.349048300000000034e-03	1.587150899999999936e-03
7.416202625000000000e+09	4.346256399999999867e-03	1.962764899999999962e-03
7.416204750000000000e+09	8.357641299999999523e-03	1.029894499999999902e-03
7.416206875000000000e+09	5.858652999999999691e-04	1.344000000000000123e-07
7.416209000000000000e+09	6.057506800000000101e-03	3.361616799999999836e-03
7.416211125000000000e+09	3.196022199999999820e-03	2.109474999999999979e-03
7.416213250000000000e+09	2.256612500000000025e-03	-2.063334799999999841e-03
7.416215375000000000e+09	6.433650800000000232e-03	1.335582999999999996e-03
7.416217500000000000e+09	5.213272700000000370e-03	5.461229100000000204e-03
7.416219625000000000e+09	4.004465000000000021e-04	1.694624399999999963e-03
7.416221750000000000e+09	1.290079099999999999e-03	4.124404499999999654e-03
7.416223875000000000e+09	2.568008599999999867e-03	4.890383499999999620e-03
7.416226000000000000e+09	7.009124000000000257e-03	4.157101199999999920e-03
7.416228125000000000e+09	4.746654000000000324e-03	5.296304699999999747e-03
7.416230250000000000e+09	1.006237050000000077e-02	1.926231100000000071e-03
7.416232375000000000e+09	2.785405199999999980e-03	2.638258100000000130e-03
7.416234500000000000e+09	1.147925349999999976e-02	5.008818899999999824e-03
7.416236625000000000e+09	7.436580400000000063e-03	3.155606899999999909e-03
7.416238750000000000e+09	6.390526700000000344e-03	3.169881399999999964e-03
7.416240875000000000e+09	3.930778099999999824e-03	2.216045299999999923e-03
7.416243000000000000e+09	3.976636500000000143e-03	1.332493300000000018e-03
7.416245125000000000e+09	6.904325000000000219e-03	4.149546500000000221e-03
7.416247250000000000e+09	6.401060099999999684e-03	6.220173899999999721e-03
7.416249375000000000e+09	9.531338400000000446e-03	1.036730200000000098e-03
7.416251500000000000e+09	8.038202499999999237e-03	-2.942792999999999971e-03
7.416253625000000000e+09	3.337364800000000055e-03	1.112224499999999935e-03
7.416255750000000000e+09	1.952989899999999900e-03	1.240328800000000016e-03
7.416257875000000000e+09	7.327686899999999795e-03	1.819737400000000010e-03
7.416260000000000000e+09	6.245725300000000250e-03	4.330841299999999873e-03
7.416262125000000000e+09	8.972291900000000167e-03	-5.552840000000000185e-05
7.416264250000000000e+09	6.672384999999999644e-04	6.469553999999999756e-04
7.416266375000000000e+09	9.086925699999999842e-03	4.010241399999999595e-03
7.416268500000000000e+09	5.791575299999999864e-03	1.768060199999999969e-03
7.416270625000000000e+09	3.164066000000000101e-03	-5.908830000000000142e-05
7.416272750000000000e+09	4.558448599999999871e-03	4.575280000000000145e-04
7.416274875000000000e+09	5.523268199999999649e-03	-2.168870700000000065e-03
7.416277000000000000e+09	8.518216699999999267e-03	1.111023800000000101e-03
7.416279125000000000e+09	3.697129400000000090e-03	2.641126299999999819e-03
7.416281250000000000e+09	9.625716799999999712e-03	1.960461699999999953e-03
7.416283375000000000e+09	6.484100300000000122e-03	-9.095467000000000309e-04
7.416285500000000000e+09	6.940035899999999654e-03	5.144774599999999733e-03
7.416287625000000000e+09	1.380768299999999985e-03	-1.140456599999999966e-03
7.416289750000000000e+09	1.142446000000000086e-03	6.429349099999999602e-03
7.416291875000000000e+09	4.230078699999999768e-03	-1.204502600000000078e-03
7.416294000000000000e+09	6.978467399999999619e-03	2.031539399999999877e-03
7.416296125000000000e+09	3.932617200000000299e-03	4.011213300000000120e-03
7.416298250000000000e+09	7.332678100000000060e-03	8.318785000000000415e-04
7.416300375000000000e+09	8.985900300000000326e-03	1.358196600000000087e-03
7.416302500000000000e+09	4.258998400000000087e-03	-2.486319999999999939e-05
7.416304625000000000e+09	3.550979200000000183e-03	-5.437732999999999933e-04
7.416306750000000000e+09	4.049445199999999676e-03	5.052368500000000394e-03
7.416308875000000000e+09	5.439049199999999688e-03	-1.627846999999999866e-04
7.416311000000000000e+09	8.649384099999999145e-03	9.554496999999999469e-04
7.416313125000000000e+09	3.496995599999999909e-03	2.909180500000000096e-03
7.416315250000000000e+09	6.429265699999999785e-03	2.022871800000000143e-03
7.416317375000000000e+09	5.836718700000000093e-03	8.099281000000000492e-04
7.416319500000000000e+09	7.290845800000000064e-03	-3.419955000000000022e-04
7.416321625000000000e+09	5.957547500000000273e-03	6.940730000000000207e-05
7.416323750000000000e+09	7.903595799999999644e-03	4.896832999999999742e-03
7.416325875000000000e+09	6.650179600000000191e-03	4.200993099999999689e-03
7.416328000000000000e+09	5.082871499999999827e-03	2.837788999999999850e-03
7.416330125000000000e+09	7.318602599999999778e-03	-1.907761999999999913e-04
7.416332250000000000e+09	4.974849600000000142e-03	2.378342400000000006e-03
7.416334375000000000e+09	4.573559799999999884e-03	-8.048751999999999946e-04
7.416336500000000000e+09	4.634294399999999876e-03	2.210106800000000149e-03
7.416338625000000000e+09	7.592194099999999626e-03	8.788361999999999867e-04
7.416340750000000000e+09	2.446710999999999851e-03	2.660141799999999820e-03
7.416342875000000000e+09	8.937960999999999476e-03	1.679598100000000063e-03
7.416345000000000000e+09	4.777134399999999857e-03	-1.797097000000000050e-04
7.416347125000000000e+09	3.301980700000000171e-03	1.908743700000000093e-03
7.416349250000000000e+09	3.613813300000000110e-03	-4.395905000000000190e-04
7.416351375000000000e+09	6.886200799999999712e-03	1.155273600000000052e-03
7.416353500000000000e+09	5.270899100000000365e-03	1.520631799999999992e-03
7.416355625000000000e+09	5.656738700000000369e-03	6.521826999999999789e-04
7.416357750000000000e+09	3.724283200000000175e-03	-8.994775999999999683e-04
7.416359875000000000e+09	5.770110600000000374e-03	3.390252399999999985e-03
7.416362000000000000e+09	4.454549900000000229e-03	3.139053999999999846e-04
7.416364125000000000e+09	6.724694100000000278e-03	1.948382999999999929e-03
7.416366250000000000e+09	4.035679099999999950e-03	1.475934400000000063e-03
7.416368375000000000e+09	7.572373099999999899e-03	1.515192399999999977e-03
7.416370500000000000e+09	6.118998199999999693e-03	5.289739400000000036e-03
7.416372625000000000e+09	8.110039799999999716e-03	2.741213299999999825e-03
7.416374750000000000e+09	8.029646799999999932e-03	5.105533999999999897e-04
7.416376875000000000e+09	7.750755100000000265e-03	4.012576900000000210e-03
7.416379000000000000e+09	6.082582100000000040e-03	1.767354700000000082e-03
7.416381125000000000e+09	4.158477100000000301e-03	2.750958300000000065e-03
7.416383250000000000e+09	9.026394899999999957e-03	-3.101434399999999838e-03
7.416385375000000000e+09	3.336180599999999993e-03	4.854300199999999829e-03
7.416387500000000000e+09	3.320483200000000010e-03	2.885963899999999943e-03
7.416389625000000000e+09	5.772360899999999691e-03	6.058057399999999641e-03
7.416391750000000000e+09	8.886104500000000309e-03	-5.042536999999999931e-04
7.416393875000000000e+09	6.957455599999999747e-03	2.533498500000000084e-03
7.416396000000000000e+09	8.346253300000000194e-03	3.275693300000000197e-03
7.416398125000000000e+09	8.505414299999999872e-03	1.070797999999999976e-04
7.416400250000000000e+09	5.927975299999999927e-03	-1.505308400000000043e-03
7.416402375000000000e+09	3.252109600000000194e-03	2.888721700000000149e-03
7.416404500000000000e+09	4.700701600000000042e-03	2.331112599999999972e-03
7.416406625000000000e+09	6.354938699999999885e-03	4.749583299999999599e-03
7.416408750000000000e+09	6.997390000000000033e-03	-1.398593999999999911e-04
7.416410875000000000e+09	5.765556899999999679e-03	2.190609400000000182e-03
7.416413000000000000e+09	5.950919899999999700e-03	4.258516999999999858e-03
7.416415125000000000e+09	5.217740099999999825e-03	-1.267256800000000081e-03
7.416417250000000000e+09	7.579108499999999936e-03	2.238094099999999968e-03
7.416419375000000000e+09	5.683892500000000021e-03	2.651077899999999821e-03
7.416421500000000000e+09	5.802472900000000232e-03	-1.760243400000000014e-03
7.416423625000000000e+09	8.056489000000000011e-03	-4.461938999999999836e-04
7.416425750000000000e+09	4.079246299999999582e-03	-3.462199999999999913e-03
7.416427875000000000e+09	6.586966300000000191e-03	2.336989800000000093e-03
7.416430000000000000e+09	5.129539500000000404e-03	-1.347382800000000106e-03
7.416432125000000000e+09	6.101362200000000000e-03	2.964307000000000010e-04
7.416434250000000000e+09	9.865253900000000783e-03	1.156825999999999905e-03
7.416436375000000000e+09	5.261442800000000128e-03	2.193062899999999836e-03
7.416438500000000000e+09	8.383749200000000304e-03	-2.590178099999999872e-03
7.416440625000000000e+09	1.039881009999999925e-02	2.958237299999999948e-03
7.416442750000000000e+09	4.922288399999999627e-03	3.350940499999999905e-03
7.416444875000000000e+09	7.597897800000000430e-03	1.244415100000000052e-03
7.416447000000000000e+09	3.825655500000000025e-03	6.667458000000000022e-04
7.416449125000000000e+09	3.579617399999999918e-03	6.008387799999999855e-03
7.416451250000000000e+09	6.544298100000000076e-03	5.520704700000000215e-03
7.416453375000000000e+09	5.163340100000000238e-03	-4.102798999999999747e-04
7.416455500000000000e+09	1.759991600000000017e-03	4.525713699999999590e-03
7.416457625000000000e+09	2.427891499999999900e-03	2.093018299999999977e-03
7.416459750000000000e+09	5.883397000000000279e-03	-1.309933000000000050e-04
7.416461875000000000e+09	4.501305700000000388e-03	-1.532279999999999905e-04
7.416464000000000000e+09	5.249928800000000333e-03	2.551620499999999840e-03
7.416466125000000000e+09	3.565662499999999995e-03	6.090979000000000488e-04
7.416468250000000000e+09	8.152929899999999605e-03	1.979879999999999889e-04
7.416470375000000000e+09	3.594289499999999814e-03	2.875262799999999796e-03
7.416472500000000000e+09	2.937558700000000075e-03	-2.162231799999999975e-03
7.416474625000000000e+09	3.578943199999999863e-03	3.256787100000000171e-03
7.416476750000000000e+09	4.665852699999999652e-03	4.478945000000000127e-04
7.416478875000000000e+09	3.385765800000000054e-03	1.613042500000000032e-03
7.416481000000000000e+09	6.233905100000000123e-03	4.018973500000000074e-03
7.416483125000000000e+09	7.356597399999999579e-03	7.392266000000000418e-04
7.416485250000000000e+09	9.407748100000000099e-03	-1.622439199999999894e-03
7.416487375000000000e+09	3.501617299999999940e-03	2.841779000000000223e-04
7.416489500000000000e+09	5.802143200000000126e-03	-2.060142000000000050e-03
7.416491625000000000e+09	3.670611700000000078e-03	-4.672450000000000301e-05
7.416493750000000000e+09	7.039280900000000063e-03	4.073673199999999946e-03
7.416495875000000000e+09	3.677545300000000048e-03	6.257361999999999603e-04
7.416498000000000000e+09	9.878716900000000800e-03	4.294829999999999807e-04
7.416500125000000000e+09	4.031931400000000019e-03	8.130866999999999956e-04
7.416502250000000000e+09	6.395626700000000414e-03	4.333519000000000086e-03
7.416504375000000000e+09	7.244406299999999778e-03	2.614574000000000151e-04
7.416506500000000000e+09	4.408132799999999775e-03	4.420020600000000403e-03
7.416508625000000000e+09	7.844932900000000514e-03	9.120946000000000001e-04
7.416510750000000000e+09	5.019182700000000309e-03	-5.481775000000000363e-03
7.416512875000000000e+09	4.901055900000000388e-03	2.746197299999999803e-03
7.416515000000000000e+09	7.480638399999999660e-03	2.123797299999999853e-03
7.416517125000000000e+09	3.425869199999999858e-03	2.276751799999999874e-03
7.416519250000000000e+09	8.227325400000000746e-03	1.324960000000000135e-04
7.416521375000000000e+09	5.032517700000000045e-03	-4.805839999999999917e-04
7.416523500000000000e+09	8.793957399999999952e-03	-6.524115000000000469e-04
7.416525625000000000e+09	6.786440200000000422e-03	2.715443899999999983e-03
7.416527750000000000e+09	6.960331299999999825e-03	-1.872993000000000043e-04
7.416529875000000000e+09	4.440603300000000100e-03	4.572101299999999958e-03
7.416532000000000000e+09	6.582634300000000070e-03	8.857971999999999764e-04
7.416534125000000000e+09	6.979176699999999935e-03	2.534005099999999799e-03
7.416536250000000000e+09	6.072315699999999809e-03	2.810273399999999987e-03
7.416538375000000000e+09	5.952280199999999966e-03	1.691130099999999924e-03
7.416540500000000000e+09	7.820303100000000271e-03	2.808432599999999800e-03
7.416542625000000000e+09	4.311154200000000269e-03	2.713684000000000061e-03
7.416544750000000000e+09	5.937505899999999913e-03	8.579171999999999926e-04
7.416546875000000000e+09	7.647506600000000300e-03	5.698050999999999767e-04
7.416549000000000000e+09	1.007449239999999926e-02	4.032339999999999818e-04
7.416551125000000000e+09	4.815261099999999968e-03	-2.495516599999999911e-03
7.416553250000000000e+09	9.243568400000000754e-03	5.395886699999999717e-03
7.416555375000000000e+09	5.163794099999999797e-03	-1.437098500000000105e-03
7.416557500000000000e+09	5.346481600000000355e-03	2.971464100000000084e-03
7.416559625000000000e+09	8.978297999999999141e-03	2.827621199999999849e-03
7.416561750000000000e+09	8.848599199999999596e-03	5.558867000000000322e-04
7.416563875000000000e+09	7.962004199999999157e-03	4.588273000000000243e-04
7.416566000000000000e+09	5.553747099999999971e-03	2.532859399999999855e-03
7.416568125000000000e+09	7.369737300000000005e-03	9.581814000000000347e-04
7.416570250000000000e+09	8.069727900000000370e-03	6.676649999999999848e-05
7.416572375000000000e+09	9.010207100000000580e-03	3.998535600000000315e-03
7.416574500000000000e+09	9.370318699999999681e-03	-2.509932900000000182e-03
7.416576625000000000e+09	2.556005999999999990e-03	-4.854295899999999664e-03
7.416578750000000000e+09	6.531620600000000339e-03	-1.694727499999999993e-03
7.416580875000000000e+09	5.219741600000000169e-03	3.280529999999999818e-03
7.416583000000000000e+09	2.261553099999999948e-03	1.339707199999999945e-03
7.416585125000000000e+09	6.605464499999999864e-03	-6.355590000000000588e-05
7.416587250000000000e+09	3.016762999999999997e-03	3.711841899999999885e-03
7.416589375000000000e+09	3.970974700000000183e-03	-7.142507999999999887e-04
7.416591500000000000e+09	3.421271599999999805e-03	2.445735300000000199e-03
7.416593625000000000e+09	2.156426500000000086e-03	7.464131999999999842e-04
7.416595750000000000e+09	6.938720300000000320e-03	-2.597631200000000053e-03
7.416597875000000000e+09	5.130397800000000355e-03	-5.777469999999999828e-04
7.416600000000000000e+09	6.044821899999999575e-03	3.341095699999999894e-03
7.416602125000000000e+09	5.055900999999999798e-03	1.345402000000000100e-04
7.416604250000000000e+09	3.532078799999999966e-03	1.395282700000000098e-03
7.416606375000000000e+09	4.674389800000000421e-03	-4.376704999999999832e-04
7.416608500000000000e+09	7.061300799999999794e-03	4.803944899999999969e-03
7.416610625000000000e+09	9.319282300000000449e-03	-1.943471100000000035e-03
7.416612750000000000e+09	9.385695000000000539e-04	1.071487199999999942e-03
7.416614875000000000e+09	1.260050560000000076e-02	3.948825999999999790e-04
7.416617000000000000e+09	8.888219899999999160e-03	1.258087699999999986e-03
7.416619125000000000e+09	4.811187100000000223e-03	5.560176299999999676e-03
7.416621250000000000e+09	6.153979399999999662e-03	2.807344399999999948e-03
7.416623375000000000e+09	4.759453500000000031e-03	-2.001343500000000216e-03
7.416625500000000000e+09	3.725882499999999976e-03	4.254430099999999618e-03
7.416627625000000000e+09	3.287034600000000081e-03	1.841556800000000108e-03
7.416629750000000000e+09	8.076412800000000100e-03	3.722766699999999988e-03
7.416631875000000000e+09	7.450455699999999730e-03	1.838934400000000104e-03
7.416634000000000000e+09	6.024016899999999966e-03	-3.737313600000000124e-03
7.416636125000000000e+09	3.906205500000000004e-03	-2.339687599999999788e-03
7.416638250000000000e+09	5.177653299999999612e-03	-1.343360999999999893e-04
7.416640375000000000e+09	5.861839599999999970e-03	1.214253900000000080e-03
7.416642500000000000e+09	3.578570499999999838e-03	-1.498613599999999973e-03
7.416644625000000000e+09	4.804581599999999814e-03	2.559152000000000193e-04
7.416646750000000000e+09	9.348713899999999688e-03	1.185793999999999997e-03
7.416648875000000000e+09	4.591210600000000287e-03	1.430556799999999984e-03
7.416651000000000000e+09	9.870484500000000286e-03	2.049743900000000011e-03
7.416653125000000000e+09	5.707651400000000354e-03	-6.084289999999999577e-04
7.416655250000000000e+09	7.685594900000000326e-03	-1.204690000000000014e-04
7.416657375000000000e+09	2.628810699999999893e-03	-2.272054400000000050e-03
7.416659500000000000e+09	7.773542700000000277e-03	4.356362100000000376e-03
7.416661625000000000e+09	7.362241200000000339e-03	7.123232000000000175e-04
7.416663750000000000e+09	3.321890899999999959e-03	3.020972299999999909e-03
7.416665875000000000e+09	6.948112000000000212e-03	9.917793000000000268e-04
7.416668000000000000e+09	4.241216699999999715e-03	-1.234004900000000007e-03
7.416670125000000000e+09	1.104059469999999973e-02	1.311487199999999921e-03
7.416672250000000000e+09	7.022455399999999633e-03	-1.499206400000000026e-03
7.416674375000000000e+09	8.441944200000000773e-03	-3.772752000000000093e-04
7.416676500000000000e+09	7.105227799999999823e-03	-4.580281000000000066e-04
7.416678625000000000e+09	5.406179700000000345e-03	1.613419999999999958e-03
7.416680750000000000e+09	5.516216699999999806e-03	6.068327699999999901e-03
7.416682875000000000e+09	8.726344100000000062e-03	8.718680000000000353e-04
7.416685000000000000e+09	8.697676099999999272e-03	-3.375602000000000008e-04
7.416687125000000000e+09	4.309374500000000101e-03	8.628880000000000230e-04
7.416689250000000000e+09	2.638878999999999791e-03	1.914452799999999920e-03
7.416691375000000000e+09	2.059524100000000111e-03	6.291420600000000030e-03
7.416693500000000000e+09	7.374512800000000007e-03	9.106764999999999739e-04
7.416695625000000000e+09	6.071607500000000303e-03	-2.682185699999999930e-03
7.416697750000000000e+09	6.412418199999999659e-03	2.659115000000000090e-03
7.416699875000000000e+09	5.387322899999999817e-03	2.057503300000000125e-03
7.416702000000000000e+09	7.414118800000000196e-03	-5.795226999999999800e-04
7.416704125000000000e+09	6.994731599999999896e-03	2.257084500000000084e-03
7.416706250000000000e+09	1.020835850000000045e-02	7.723521999999999809e-04
7.416708375000000000e+09	7.038891299999999913e-03	1.331873199999999979e-03
7.416710500000000000e+09	4.774470200000000344e-03	4.677550299999999606e-03
7.416712625000000000e+09	5.488210999999999784e-03	2.513474400000000053e-03
7.416714750000000000e+09	6.100513600000000321e-03	1.774369600000000021e-03
7.416716875000000000e+09	6.826862700000000186e-03	-5.173664000000000344e-04
7.416719000000000000e+09	1.203413709999999991e-02	2.819436399999999954e-03
7.416721125000000000e+09	2.485818999999999789e-03	4.910639000000000063e-04
7.416723250000000000e+09	5.642352399999999921e-03	1.024202699999999903e-03
7.416725375000000000e+09	6.646998900000000189e-03	2.891247000000000001e-04
7.416727500000000000e+09	7.105299899999999690e-03	8.963782000000000433e-04
7.416729625000000000e+09	3.723686300000000025e-03	-1.621268500000000098e-03
7.416731750000000000e+09	1.094332550000000001e-02	1.835484999999999981e-03
7.416733875000000000e+09	4.840734299999999851e-03	1.175422599999999956e-03
7.416736000000000000e+09	5.579696399999999577e-03	3.691706800000000167e-03
7.416738125000000000e+09	7.310042999999999576e-03	1.494079799999999993e-03
7.416740250000000000e+09	2.348228500000000118e-03	1.996333600000000080e-03
7.416742375000000000e+09	5.911652400000000016e-03	7.516366999999999927e-04
7.416744500000000000e+09	5.626461299999999804e-03	-1.511934099999999968e-03
7.416746625000000000e+09	4.633822800000000387e-03	9.642497999999999781e-04
7.416748750000000000e+09	9.284499200000000813e-03	1.632841699999999915e-03
7.416750875000000000e+09	4.650539999999999882e-03	3.457584000000000200e-04
7.416753000000000000e+09	9.422880599999999135e-03	3.896667899999999799e-03
7.416755125000000000e+09	9.183435400000000345e-03	1.078118699999999893e-03
7.416757250000000000e+09	6.852778700000000146e-03	-2.976279999999999903e-05
7.416759375000000000e+09	9.863135900000000178e-03	-2.837259099999999996e-03
7.416761500000000000e+09	6.349966500000000028e-03	8.718515999999999723e-04
7.416763625000000000e+09	9.342287600000000539e-03	-1.319694099999999979e-03
7.416765750000000000e+09	1.117157799999999972e-03	-4.448801000000000166e-04
7.416767875000000000e+09	5.608785300000000348e-03	4.929490000000000130e-05
7.416770000000000000e+09	6.671422899999999642e-03	1.412671199999999960e-03
7.416772125000000000e+09	5.556666800000000309e-03	2.757041100000000040e-03
7.416774250000000000e+09	3.706428999999999800e-03	-1.829158599999999987e-03
7.416776375000000000e+09	8.460101999999999726e-04	6.291775000000000319e-04
7.416778500000000000e+09	5.990548299999999722e-03	7.983604999999999738e-04
7.416780625000000000e+09	5.060190000000000000e-03	4.413046099999999930e-03
7.416782750000000000e+09	7.271993200000000102e-03	1.735602500000000105e-03
7.416784875000000000e+09	8.133476199999999795e-03	-9.462324000000000039e-04
7.416787000000000000e+09	3.404580700000000171e-03	2.870216899999999960e-03
7.416789125000000000e+09	6.144404800000000284e-03	1.969511999999999923e-04
7.416791250000000000e+09	4.446403199999999882e-03	1.986230199999999921e-03
7.416793375000000000e+09	9.027776499999999246e-03	5.618239199999999767e-03
7.416795500000000000e+09	6.190676099999999592e-03	9.948599999999999718e-04
7.416797625000000000e+09	3.696266299999999803e-03	-9.518150000000000341e-05
7.416799750000000000e+09	5.746000400000000376e-03	1.283674000000000056e-03
7.416801875000000000e+09	3.225824400000000102e-03	1.095455800000000009e-03
7.416804000000000000e+09	5.099552000000000251e-03	-2.150956900000000182e-03
7.416806125000000000e+09	3.005815399999999925e-03	4.275220000000000040e-04
7.416808250000000000e+09	8.372595499999999774e-03	1.564549500000000102e-03
7.416810375000000000e+09	5.128829399999999816e-03	-2.136465199999999787e-03
7.416812500000000000e+09	4.412650399999999869e-03	2.578630499999999895e-03
7.416814625000000000e+09	4.099656200000000202e-03	2.176903400000000134e-03
7.416816750000000000e+09	8.735623200000000588e-03	-1.715086700000000020e-03
7.416818875000000000e+09	7.087747600000000349e-03	3.067042999999999766e-04
7.416821000000000000e+09	1.002529819999999940e-02	1.961551599999999951e-03
7.416823125000000000e+09	6.814200000000000292e-03	-2.770305999999999832e-04
7.416825250000000000e+09	5.668134400000000156e-03	3.040085499999999833e-03
7.416827375000000000e+09	5.673353600000000108e-03	-1.154867300000000062e-03
7.416829500000000000e+09	5.904200099999999674e-03	-2.817423099999999923e-03
7.416831625000000000e+09	3.126180899999999978e-03	-4.280589999999999916e-03
7.416833750000000000e+09	9.414814800000000788e-03	1.525652099999999988e-03
7.416835875000000000e+09	7.844258200000000722e-03	-1.306724900000000083e-03
7.416838000000000000e+09	4.149938199999999786e-03	-2.317902699999999962e-03
7.416840125000000000e+09	5.742804699999999596e-03	1.267778000000000112e-04
7.416842250000000000e+09	6.983834099999999996e-03	4.285102699999999640e-03
7.416844375000000000e+09	4.066795300000000321e-03	1.631355599999999902e-03
7.416846500000000000e+09	4.973793500000000395e-03	-2.867222999999999907e-04
7.416848625000000000e+09	1.947221399999999984e-03	2.364293200000000018e-03
7.416850750000000000e+09	9.838207999999999329e-03	-1.839321400000000018e-03
7.416852875000000000e+09	2.350502300000000076e-03	1.270373200000000057e-03
7.416855000000000000e+09	5.808315100000000127e-03	3.660267000000000034e-03
7.416857125000000000e+09	5.919163100000000323e-03	1.837943899999999959e-03
7.416859250000000000e+09	9.600612499999999425e-03	3.512739999999999846e-05
7.416861375000000000e+09	3.240236899999999944e-03	-3.357386700000000203e-03
7.416863500000000000e+09	5.717790099999999973e-03	-3.828090000000000138e-05
7.416865625000000000e+09	8.202553700000000253e-03	1.042987499999999948e-03
7.416867750000000000e+09	7.413292200000000214e-03	-9.055693000000000509e-04
7.416869875000000000e+09	7.090486699999999816e-03	-1.327298399999999896e-03
7.416872000000000000e+09	6.532114700000000128e-03	-2.520109899999999851e-03
7.416874125000000000e+09	6.117573700000000086e-03	-1.084180000000000011e-05
7.416876250000000000e+09	4.389898700000000389e-03	-8.744388000000000074e-04
7.416878375000000000e+09	7.541494299999999817e-03	-1.097284999999999927e-03
7.416880500000000000e+09	3.617006600000000072e-03	9.251214000000000225e-04
7.416882625000000000e+09	6.416713000000000104e-03	-1.759756699999999929e-03
7.416884750000000000e+09	8.332514299999999735e-03	-3.436286800000000041e-03
7.416886875000000000e+09	4.942247999999999780e-04	-9.752355999999999569e-04
7.416889000000000000e+09	6.915056999999999628e-03	2.335957000000000105e-04
7.416891125000000000e+09	8.219191600000000028e-03	2.327513900000000111e-03
7.416893250000000000e+09	6.536119299999999625e-03	2.897474699999999948e-03
7.416895375000000000e+09	7.571289900000000017e-03	-5.254136999999999870e-04
7.416897500000000000e+09	3.364719400000000093e-03	-2.512553199999999903e-03
7.416899625000000000e+09	6.858940000000000002e-03	-5.307948399999999969e-03
7.416901750000000000e+09	3.448635499999999979e-03	-1.076141199999999928e-03
7.416903875000000000e+09	1.064647349999999978e-02	1.558427899999999906e-03
7.416906000000000000e+09	5.270303700000000292e-03	7.115723600000000218e-03
7.416908125000000000e+09	9.546465299999999307e-03	-2.109104399999999803e-03
7.416910250000000000e+09	6.616603199999999615e-03	-1.740077299999999915e-03
7.416912375000000000e+09	6.888882500000000422e-03	1.369149199999999912e-03
7.416914500000000000e+09	7.271274900000000187e-03	1.545117900000000022e-03
7.416916625000000000e+09	2.712138299999999891e-03	-1.689218500000000097e-03
7.416918750000000000e+09	6.235229299999999787e-03	-5.385376999999999786e-04
7.416920875000000000e+09	5.230637699999999592e-03	-5.491921000000000302e-04
7.416923000000000000e+09	6.526093699999999977e-03	-3.978371900000000384e-03
7.416925125000000000e+09	2.228218699999999931e-03	8.665659000000000035e-04
7.416927250000000000e+09	8.718908900000000781e-03	-1.901853200000000075e-03
7.416929375000000000e+09	4.508673999999999842e-03	2.774381900000000116e-03
7.416931500000000000e+09	6.336556400000000269e-03	2.257932900000000128e-03
7.416933625000000000e+09	7.062410899999999742e-03	3.578516700000000141e-03
7.416935750000000000e+09	8.816039200000000409e-03	1.804787400000000108e-03
7.416937875000000000e+09	4.407463099999999953e-03	-2.314801799999999850e-03
7.416940000000000000e+09	5.196032800000000007e-03	-3.068480900000000039e-03
7.416942125000000000e+09	8.427391399999999491e-03	1.233814400000000098e-03
7.416944250000000000e+09	7.371249300000000393e-03	2.048272199999999921e-03
7.416946375000000000e+09	4.921872100000000347e-03	6.256748999999999818e-04
7.416948500000000000e+09	6.688333999999999772e-03	3.699923899999999800e-03
7.416950625000000000e+09	4.921273099999999914e-03	-3.240096000000000035e-03
7.416952750000000000e+09	7.926417800000000111e-03	3.019678100000000066e-03
7.416954875000000000e+09	4.859491900000000378e-03	-1.632186299999999982e-03
7.416957000000000000e+09	2.399335500000000006e-03	1.449326699999999935e-03
7.416959125000000000e+09	6.892460799999999832e-03	-1.678987399999999977e-03
7.416961250000000000e+09	6.520589499999999983e-03	-1.170870500000000024e-03
7.416963375000000000e+09	3.347158199999999886e-03	2.372026000000000169e-03
7.416965500000000000e+09	4.722169499999999756e-03	-4.922744999999999638e-04
7.416967625000000000e+09	6.941883000000000255e-03	4.620698000000000123e-04
7.416969750000000000e+09	3.767970800000000099e-03	3.514999300000000090e-03
7.416971875000000000e+09	6.603700799999999947e-03	-1.646580000000000081e-04
7.416974000000000000e+09	2.275561599999999934e-03	-2.390059999999999949e-04
7.416976125000000000e+09	8.077544299999999539e-03	1.160013099999999920e-03
7.416978250000000000e+09	7.700204300000000092e-03	-5.566810900000000034e-03
7.416980375000000000e+09	7.456103099999999984e-03	2.307942099999999927e-03
7.416982500000000000e+09	4.153135500000000244e-03	-2.239689999999999964e-04
7.416984625000000000e+09	7.573037099999999945e-03	-8.784746999999999868e-04
7.416986750000000000e+09	6.985345700000000248e-03	-6.801119999999999692e-05
7.416988875000000000e+09	6.471446700000000295e-03	-7.032365999999999747e-04
7.416991000000000000e+09	2.471731500000000185e-03	1.204944199999999962e-03
7.416993125000000000e+09	5.367688699999999605e-03	1.356049000000000067e-04
7.416995250000000000e+09	9.481498600000000734e-03	-1.841312099999999931e-03
7.416997375000000000e+09	7.790642399999999669e-03	1.084096000000000105e-03
7.416999500000000000e+09	5.289572600000000402e-03	4.137453000000000246e-04
7.417001625000000000e+09	6.051834800000000132e-03	-1.659988999999999952e-03
7.417003750000000000e+09	8.571933099999999930e-03	1.575741600000000065e-03
7.417005875000000000e+09	6.116373700000000274e-03	1.224850300000000086e-03
7.417008000000000000e+09	6.427918300000000015e-03	1.506864899999999993e-03
7.417010125000000000e+09	4.493935200000000185e-03	5.095453500000000392e-03
7.417012250000000000e+09	9.139652300000000382e-03	1.711830199999999974e-03
7.417014375000000000e+09	5.941867200000000050e-03	4.901646999999999862e-04
7.417016500000000000e+09	5.947043200000000016e-03	-3.470521900000000156e-03
7.417018625000000000e+09	6.543042199999999850e-03	3.081717999999999892e-04
7.417020750000000000e+09	9.665561700000000270e-03	4.612019999999999933e-05
7.417022875000000000e+09	1.534346700000000039e-03	-1.584877800000000000e-03
7.417025000000000000e+09	5.696516100000000027e-03	-1.404177499999999896e-03
7.417027125000000000e+09	4.664480599999999699e-03	-1.989328000000000006e-04
7.417029250000000000e+09	4.075694500000000102e-03	-1.181321099999999968e-03
7.417031375000000000e+09	3.122010799999999989e-03	4.377974999999999770e-04
7.417033500000000000e+09	5.545956599999999660e-03	-7.460267000000000244e-04
7.417035625000000000e+09	4.213071700000000329e-03	-1.790360200000000023e-03
7.417037750000000000e+09	9.785457900000000750e-03	1.074118100000000025e-03
7.417039875000000000e+09	6.056146400000000235e-03	-2.385293399999999838e-03
7.417042000000000000e+09	6.859899200000000100e-03	-1.137342800000000010e-03
7.417044125000000000e+09	6.687149499999999608e-03	-8.474577999999999755e-04
7.417046250000000000e+09	9.042269999999999822e-03	-5.030347699999999922e-03
7.417048375000000000e+09	5.261376199999999968e-03	-5.813421999999999513e-04
7.417050500000000000e+09	9.163995600000000505e-03	-3.971386700000000165e-03
7.417052625000000000e+09	7.589577699999999934e-03	-2.777131099999999991e-03
7.417054750000000000e+09	5.330912600000000355e-03	-2.225977999999999984e-04
7.417056875000000000e+09	2.308220499999999887e-03	-5.061065999999999699e-04
7.417059000000000000e+09	3.034254100000000152e-03	-6.667969999999999789e-05
7.417061125000000000e+09	6.594207900000000240e-03	-7.098494999999999805e-04
7.417063250000000000e+09	6.654523199999999930e-03	2.527924200000000038e-03
7.417065375000000000e+09	5.360333299999999780e-03	2.576736899999999917e-03
7.417067500000000000e+09	6.699282299999999649e-03	-2.458830700000000195e-03
7.417069625000000000e+09	6.894816399999999929e-03	-2.538906799999999901e-03
7.417071750000000000e+09	9.999624999999999833e-03	4.435067000000000002e-04
7.417073875000000000e+09	6.007332500000000380e-03	1.973312200000000138e-03
7.417076000000000000e+09	7.151824499999999939e-03	1.373383499999999893e-03
7.417078125000000000e+09	5.583878700000000257e-03	3.607616000000000121e-04
7.417080250000000000e+09	6.474176400000000026e-03	-6.932356699999999566e-03
7.417082375000000000e+09	3.724465000000000154e-03	-2.788238199999999809e-03
7.417084500000000000e+09	7.659755899999999736e-03	-3.326178700000000186e-03
7.417086625000000000e+09	1.083245159999999922e-02	1.065632800000000007e-03
7.417088750000000000e+09	4.937562099999999975e-03	-6.653978999999999536e-04
7.417090875000000000e+09	4.942407400000000360e-03	-7.904130000000000097e-04
7.417093000000000000e+09	7.592367699999999844e-03	1.305857400000000031e-03
7.417095125000000000e+09	4.906927699999999969e-03	-8.680298999999999611e-04
7.417097250000000000e+09	9.328635199999999253e-03	2.367842299999999879e-03
7.417099375000000000e+09	4.078712699999999768e-03	-3.282501000000000169e-04
7.417101500000000000e+09	4.591265100000000224e-03	5.580090000000000440e-04
7.417103625000000000e+09	6.351874000000000409e-03	-3.044531999999999967e-03
7.417105750000000000e+09	3.404694700000000015e-03	-6.760422999999999563e-04
7.417107875000000000e+09	5.609244099999999809e-03	-1.788795900000000015e-03
7.417110000000000000e+09	4.235956100000000391e-03	-8.013057000000000079e-04
7.417112125000000000e+09	4.555300400000000111e-03	-1.554610400000000026e-03
7.417114250000000000e+09	5.939042900000000152e-03	3.210144600000000049e-03
7.417116375000000000e+09	4.946399199999999829e-03	5.862260999999999471e-04
7.417118500000000000e+09	7.402083099999999874e-03	-9.405340000000000315e-05
7.417120625000000000e+09	6.346657300000000008e-03	-2.600880999999999874e-04
7.417122750000000000e+09	7.625362499999999849e-03	-1.121303799999999982e-03
7.417124875000000000e+09	7.167008100000000353e-03	-8.082311000000000009e-04
7.417127000000000000e+09	3.993148999999999657e-03	2.527420800000000113e-03
7.417129125000000000e+09	8.034644900000000381e-03	-3.123883200000000110e-03
7.417131250000000000e+09	7.950685500000000475e-03	-1.573402999999999911e-03
7.417133375000000000e+09	4.472681899999999926e-03	-2.373519999999999935e-05
7.417135500000000000e+09	9.368225699999999795e-03	-5.561804000000000053e-04
7.417137625000000000e+09	5.462686700000000256e-03	-2.035213299999999795e-03
7.417139750000000000e+09	7.058861399999999744e-03	-2.958442300000000032e-03
7.417141875000000000e+09	1.005083799999999944e-02	-5.626038000000000089e-04
7.417144000000000000e+09	4.245007599999999631e-03	4.011918999999999967e-04
7.417146125000000000e+09	7.128653900000000293e-03	1.303964599999999892e-03
7.417148250000000000e+09	6.325271099999999966e-03	-3.287326399999999840e-03
7.417150375000000000e+09	8.162573399999999493e-03	1.120915099999999923e-03
7.417152500000000000e+09	6.050113299999999861e-03	1.331324800000000105e-03
7.417154625000000000e+09	2.550291899999999976e-03	-1.829455999999999921e-03
7.417156750000000000e+09	4.579502000000000052e-03	3.386560800000000104e-03
7.417158875000000000e+09	8.053100699999999473e-03	-1.165416500000000018e-03
7.417161000000000000e+09	5.588668800000000034e-03	-5.439388800000000135e-03
7.417163125000000000e+09	8.881053999999999338e-03	1.402754700000000002e-03
7.417165250000000000e+09	5.965336699999999708e-03	2.346484299999999912e-03
7.417167375000000000e+09	4.632586099999999769e-03	-3.143617000000000026e-03
7.417169500000000000e+09	5.453157299999999812e-03	-1.748299700000000055e-03
7.417171625000000000e+09	5.389867199999999643e-03	-3.680030700000000172e-03
7.417173750000000000e+09	5.099944999999999826e-03	-1.934906599999999897e-03
7.417175875000000000e+09	1.090061839999999921e-02	-8.457353000000000136e-04
7.417178000000000000e+09	5.438165200000000081e-03	4.942424000000000166e-04
7.417180125000000000e+09	7.494431699999999988e-03	-3.161036299999999983e-03
7.417182250000000000e+09	4.707068899999999889e-03	-2.390913199999999787e-03
7.417184375000000000e+09	5.062236000000000340e-03	-3.730494500000000168e-03
7.417186500000000000e+09	7.378076199999999973e-03	-2.355376000000000062e-04
7.417188625000000000e+09	2.968424199999999957e-03	-2.755807000000000092e-04
7.417190750000000000e+09	4.810622500000000246e-03	-2.208234700000000130e-03
7.417192875000000000e+09	6.660972099999999847e-03	-3.466085999999999733e-04
7.417195000000000000e+09	9.457660200000000614e-03	1.058809800000000021e-03
7.417197125000000000e+09	4.403916600000000112e-03	-5.064069200000000104e-03
7.417199250000000000e+09	6.385291599999999741e-03	1.365181700000000055e-03
7.417201375000000000e+09	4.156207099999999904e-03	-1.426259999999999995e-04
7.417203500000000000e+09	6.789989100000000215e-03	-5.326023699999999847e-03
7.417205625000000000e+09	7.418461200000000394e-03	2.227722799999999961e-03
7.417207750000000000e+09	2.824741899999999844e-03	-5.254670999999999821e-04
7.417209875000000000e+09	6.491332100000000299e-03	2.121949599999999915e-03
7.417212000000000000e+09	3.302132000000000157e-03	-2.385597399999999854e-03
7.417214125000000000e+09	9.736722899999999611e-03	-2.249533399999999878e-03
7.417216250000000000e+09	4.102223000000000327e-03	-8.224887999999999644e-04
7.417218375000000000e+09	4.798269699999999777e-03	7.418230999999999957e-04
7.417220500000000000e+09	1.052715559999999918e-02	-1.410584400000000019e-03
7.417222625000000000e+09	8.623434200000000202e-03	-7.135830999999999815e-04
7.417224750000000000e+09	7.414004600000000285e-03	-3.976893000000000008e-04
7.417226875000000000e+09	6.618880599999999934e-03	-1.686673700000000100e-03
7.417229000000000000e+09	1.019972459999999963e-02	9.250961999999999944e-04
7.417231125000000000e+09	2.748812199999999852e-03	-2.402941500000000188e-03
7.417233250000000000e+09	7.798252000000000309e-03	3.024825999999999990e-03
7.417235375000000000e+09	7.160835299999999612e-03	4.051664000000000177e-04
7.417237500000000000e+09	6.856596399999999661e-03	-2.940302899999999980e-03
7.417239625000000000e+09	7.064592700000000419e-03	-2.952730700000000003e-03
7.417241750000000000e+09	4.988804599999999666e-03	-2.730795800000000110e-03
7.417243875000000000e+09	9.958866800000000519e-03	-1.325394900000000011e-03
7.417246000000000000e+09	5.801430699999999586e-03	2.594019199999999994e-03
7.417248125000000000e+09	1.038398679999999984e-02	-6.164481000000000517e-04
7.417250250000000000e+09	6.852069199999999763e-03	8.870218999999999717e-04
7.417252375000000000e+09	3.283980499999999882e-03	-2.511728799999999803e-03
7.417254500000000000e+09	7.187144500000000082e-03	-4.778736000000000116e-04
7.417256625000000000e+09	3.770339499999999892e-03	-2.439916000000000036e-04
7.417258750000000000e+09	7.629005999999999808e-03	-3.382360999999999853e-04
7.417260875000000000e+09	5.307776400000000297e-03	-6.068827599999999933e-03
7.417263000000000000e+09	1.078126310000000060e-02	-1.233422299999999963e-03
7.417265125000000000e+09	6.102455599999999890e-03	-4.126433000000000206e-04
7.417267250000000000e+09	6.739652399999999759e-03	-1.394427900000000040e-03
7.417269375000000000e+09	2.202982999999999938e-03	-1.183302900000000098e-03
7.417271500000000000e+09	9.232726400000000264e-03	-3.927038999999999790e-04
7.417273625000000000e+09	4.728070400000000152e-03	-2.896011699999999790e-03
7.417275750000000000e+09	2.869819200000000084e-03	-4.108009999999999993e-05
7.417277875000000000e+09	7.507342299999999850e-03	3.197699000000000027e-04
7.417280000000000000e+09	3.472001800000000006e-03	-4.106500299999999576e-03
7.417282125000000000e+09	8.221717200000000850e-03	-4.836160000000000263e-04
7.417284250000000000e+09	4.285289700000000090e-03	-5.279156699999999931e-03
7.417286375000000000e+09	3.701538700000000116e-03	3.364074900000000191e-03
7.417288500000000000e+09	1.203285410000000041e-02	1.358869499999999916e-03
7.417290625000000000e+09	7.050440100000000300e-03	2.543912800000000009e-03
7.417292750000000000e+09	3.150006900000000207e-03	8.820406999999999727e-04
7.417294875000000000e+09	5.845977999999999938e-03	2.566899999999999937e-06
7.417297000000000000e+09	7.993180100000000371e-03	-2.710445900000000002e-03
7.417299125000000000e+09	3.899865000000000189e-03	-7.104147999999999800e-04
7.417301250000000000e+09	7.200674699999999595e-03	2.993129099999999789e-03
7.417303375000000000e+09	5.399587100000000431e-03	-1.189097299999999956e-03
7.417305500000000000e+09	4.362403699999999745e-03	1.245587499999999993e-03
7.417307625000000000e+09	3.046244899999999908e-03	2.007733800000000100e-03
7.417309750000000000e+09	2.068080700000000157e-03	2.998692700000000089e-03
7.417311875000000000e+09	8.382446599999999332e-03	-2.280838199999999944e-03
7.417314000000000000e+09	5.549671100000000412e-03	1.436507799999999901e-03
7.417316125000000000e+09	9.246096299999999324e-03	1.246708200000000086e-03
7.417318250000000000e+09	9.969755699999999221e-03	1.449802800000000091e-03
7.417320375000000000e+09	4.405426199999999681e-03	5.420800000000000005e-05
7.417322500000000000e+09	3.463780200000000139e-03	5.814789999999999803e-04
7.417324625000000000e+09	2.892177799999999955e-03	-5.321247799999999709e-03
7.417326750000000000e+09	7.551963600000000283e-03	2.299825299999999802e-03
7.417328875000000000e+09	6.703318699999999582e-03	-2.219621800000000020e-03
7.417331000000000000e+09	7.004962099999999595e-03	7.694134999999999950e-04
7.417333125000000000e+09	1.106187229999999917e-02	3.959656999999999890e-04
7.417335250000000000e+09	7.000360100000000210e-03	1.299840200000000091e-03
7.417337375000000000e+09	4.924442200000000297e-03	1.954864199999999802e-03
7.417339500000000000e+09	5.237623200000000347e-03	-4.659209000000000093e-03
7.417341625000000000e+09	5.468086900000000347e-03	-2.702337600000000173e-03
7.417343750000000000e+09	8.017293400000000125e-03	2.071719699999999883e-03
7.417345875000000000e+09	5.517690599999999779e-03	-3.833355000000000096e-04
7.417348000000000000e+09	6.343847399999999817e-03	-2.238165700000000098e-03
7.417350125000000000e+09	8.847180300000000164e-03	2.869283099999999850e-03
7.417352250000000000e+09	4.549372700000000116e-03	-3.241742100000000182e-03
7.417354375000000000e+09	5.828548700000000041e-03	-6.107932999999999852e-04
7.417356500000000000e+09	4.733947300000000170e-03	2.300361300000000001e-03
7.417358625000000000e+09	4.629620800000000362e-03	-3.742412599999999853e-03
7.417360750000000000e+09	2.502512299999999808e-03	-1.911878799999999941e-03
7.417362875000000000e+09	5.232619299999999654e-03	2.489103700000000127e-03
7.417365000000000000e+09	4.906163499999999580e-03	2.405455099999999954e-03
7.417367125000000000e+09	7.054125399999999768e-03	1.409196500000000100e-03
7.417369250000000000e+09	1.371091299999999992e-02	-9.630869999999999492e-04
7.417371375000000000e+09	1.669473299999999980e-03	1.823808400000000033e-03
7.417373500000000000e+09	5.004232200000000019e-03	-1.309643799999999931e-03
7.417375625000000000e+09	4.730844199999999743e-03	2.326177300000000121e-03
7.417377750000000000e+09	5.828244500000000390e-03	-2.470125599999999869e-03
7.417379875000000000e+09	7.988237100000000063e-03	2.365747499999999812e-03
7.417382000000000000e+09	4.617336500000000267e-03	-2.053250999999999969e-04
7.417384125000000000e+09	4.996585100000000036e-03	-6.614331000000000420e-04
7.417386250000000000e+09	7.898340999999999695e-03	5.074990000000000008e-05
7.417388375000000000e+09	8.177138000000000462e-03	-3.312807100000000112e-03
7.417390500000000000e+09	4.101188799999999808e-03	-3.873543299999999794e-03
7.417392625000000000e+09	4.869410499999999968e-03	-5.092344000000000384e-04
7.417394750000000000e+09	4.808164499999999925e-03	-1.889627899999999933e-03
7.417396875000000000e+09	5.929923099999999739e-03	-4.839654199999999726e-03
7.417399000000000000e+09	3.489418199999999842e-03	-1.138774900000000040e-03
7.417401125000000000e+09	5.413903999999999765e-03	-1.611013099999999932e-03
7.417403250000000000e+09	5.269283599999999811e-03	2.741606599999999935e-03
7.417405375000000000e+09	2.898902100000000110e-03	-3.696615900000000191e-03
7.417407500000000000e+09	4.244875599999999721e-03	-2.353351599999999825e-03
7.417409625000000000e+09	4.094738199999999745e-03	2.353986999999999931e-04
7.417411750000000000e+09	6.252238999999999713e-03	-2.500129499999999977e-03
7.417413875000000000e+09	8.111036199999999488e-03	-1.458817500000000010e-03
7.417416000000000000e+09	6.029111200000000260e-03	-1.359889699999999998e-03
7.417418125000000000e+09	1.110757759999999976e-02	5.395912999999999578e-04
7.417420250000000000e+09	5.974796499999999837e-03	3.344304900000000073e-03
7.417422375000000000e+09	9.555860399999999491e-03	2.183270599999999947e-03
7.417424500000000000e+09	4.043665400000000243e-03	-7.333207000000000007e-04
7.417426625000000000e+09	5.380592699999999819e-03	6.845943999999999858e-04
7.417428750000000000e+09	7.085890299999999739e-03	1.915733100000000010e-03
7.417430875000000000e+09	6.684443800000000255e-03	-2.584025199999999845e-03
7.417433000000000000e+09	7.599415600000000194e-03	2.103975899999999989e-03
7.417435125000000000e+09	9.999394899999999864e-03	3.302533000000000183e-04
7.417437250000000000e+09	5.979865200000000075e-03	-8.382542000000000422e-04
7.417439375000000000e+09	6.372927700000000258e-03	5.087763999999999828e-03
7.417441500000000000e+09	8.138113000000000638e-03	-1.630386200000000013e-03
7.417443625000000000e+09	6.046327599999999983e-03	-4.142506500000000397e-03
7.417445750000000000e+09	3.290143499999999884e-03	1.734613999999999991e-04
7.417447875000000000e+09	6.450291900000000231e-03	-2.173896600000000019e-03
7.417450000000000000e+09	8.097284700000000404e-03	8.024395000000000139e-04
7.417452125000000000e+09	7.014971200000000122e-03	-7.186033000000000524e-04
7.417454250000000000e+09	3.450971000000000160e-03	-3.539784299999999915e-03
7.417456375000000000e+09	5.990430899999999587e-03	-1.825038800000000020e-03
7.417458500000000000e+09	5.524573300000000173e-03	4.452840399999999713e-03
7.417460625000000000e+09	9.259599500000000039e-03	-7.698775999999999623e-04
7.417462750000000000e+09	5.397653599999999857e-03	-1.496911000000000075e-04
7.417464875000000000e+09	7.421162000000000245e-03	5.931018000000000141e-04
7.417467000000000000e+09	5.693750299999999695e-03	-4.244111999999999863e-04
7.417469125000000000e+09	3.417650099999999976e-03	-5.069198500000000190e-03
7.417471250000000000e+09	9.700237500000000179e-03	1.861304800000000096e-03
7.417473375000000000e+09	3.093171500000000199e-03	-2.587544000000000215e-03
7.417475500000000000e+09	7.847930600000000562e-03	1.839571000000000077e-04
7.417477625000000000e+09	8.376027000000000299e-04	5.838278000000000348e-04
7.417479750000000000e+09	5.163109899999999801e-03	-1.603839799999999972e-03
7.417481875000000000e+09	1.066310829999999980e-02	1.260261099999999967e-03
7.417484000000000000e+09	6.936838100000000326e-03	-1.046741799999999960e-03
7.417486125000000000e+09	4.875644699999999963e-03	-4.205126499999999740e-03
7.417488250000000000e+09	4.731651100000000380e-03	-4.743227200000000102e-03
7.417490375000000000e+09	8.268008999999999775e-03	1.229890900000000066e-03
7.417492500000000000e+09	6.649697500000000157e-03	5.346630000000000002e-04
7.417494625000000000e+09	7.286808799999999926e-03	1.259366600000000032e-03
7.417496750000000000e+09	4.235655399999999765e-03	-3.714533500000000068e-03
7.417498875000000000e+09	5.306926000000000004e-03	2.040559500000000120e-03
7.417501000000000000e+09	3.816183999999999809e-03	-6.116647099999999830e-03
7.417503125000000000e+09	5.464002100000000389e-03	-7.056338999999999797e-04
7.417505250000000000e+09	4.997340000000000289e-03	-1.077443800000000033e-03
7.417507375000000000e+09	7.311521799999999918e-03	-2.176515899999999833e-03
7.417509500000000000e+09	7.398848999999999877e-03	9.527644999999999951e-04
7.417511625000000000e+09	3.047275299999999999e-03	-3.822567000000000022e-04
7.417513750000000000e+09	7.151476599999999698e-03	-2.487483999999999984e-04
7.417515875000000000e+09	6.874206100000000361e-03	-3.456654700000000215e-03
7.417518000000000000e+09	4.521883800000000252e-03	-6.750242000000000048e-03
7.417520125000000000e+09	2.698723499999999831e-03	-4.491261300000000400e-03
7.417522250000000000e+09	3.242407599999999872e-03	1.691135199999999929e-03
7.417524375000000000e+09	4.061086200000000278e-03	-3.813916699999999899e-03
7.417526500000000000e+09	3.261872600000000066e-03	-5.236341999999999950e-04
7.417528625000000000e+09	5.648148599999999742e-03	-1.337157799999999898e-03
7.417530750000000000e+09	6.762403099999999764e-03	-1.220997699999999946e-03
7.417532875000000000e+09	3.054944200000000044e-03	-7.104583999999999943e-04
7.417535000000000000e+09	8.306958200000000639e-03	-6.257847000000000192e-04
7.417537125000000000e+09	4.166736300000000413e-03	-5.156650100000000070e-03
7.417539250000000000e+09	4.519485900000000042e-03	-1.212131699999999994e-03
7.417541375000000000e+09	4.119851300000000431e-03	-2.419390100000000030e-03
7.417543500000000000e+09	5.989829999999999807e-03	-2.228003999999999955e-04
7.417545625000000000e+09	6.880592599999999816e-03	-2.947583200000000216e-03
7.417547750000000000e+09	4.348193900000000070e-03	-4.048332499999999709e-03
7.417549875000000000e+09	3.279799099999999943e-03	-3.683378800000000012e-03
7.417552000000000000e+09	4.658926600000000071e-03	-1.059197300000000105e-03
7.417554125000000000e+09	4.109595500000000345e-03	5.360490000000000307e-04
7.417556250000000000e+09	4.166253499999999707e-03	-1.308256199999999897e-03
7.417558375000000000e+09	7.404855400000000254e-03	-3.322661199999999825e-03
7.417560500000000000e+09	2.620092200000000149e-03	1.864766300000000009e-03
7.417562625000000000e+09	8.013685200000000494e-03	-2.548345000000000146e-04
7.417564750000000000e+09	8.415199400000000080e-03	5.083311499999999816e-03
7.417566875000000000e+09	7.911873499999999559e-03	4.457670000000000301e-05
7.417569000000000000e+09	5.740740400000000389e-03	-3.011129600000000180e-03
7.417571125000000000e+09	5.343018799999999999e-03	-2.478971600000000157e-03
7.417573250000000000e+09	7.933018999999999488e-03	-2.623581999999999846e-04
7.417575375000000000e+09	7.418065700000000401e-03	3.821273400000000167e-03
7.417577500000000000e+09	3.174131900000000048e-03	1.361390999999999990e-04
7.417579625000000000e+09	4.935816400000000125e-03	-1.298027700000000013e-03
7.417581750000000000e+09	5.923552099999999931e-03	3.181443200000000013e-03
7.417583875000000000e+09	8.651185800000000745e-03	-4.045196000000000035e-03
7.417586000000000000e+09	3.106256700000000186e-03	-1.847566699999999944e-03
7.417588125000000000e+09	8.931600899999999482e-03	-2.816986000000000056e-03
7.417590250000000000e+09	4.037097199999999976e-03	-7.146278999999999956e-04
7.417592375000000000e+09	4.387341200000000399e-03	4.343570999999999955e-04
7.417594500000000000e+09	3.877589099999999896e-03	-1.170938700000000079e-03
7.417596625000000000e+09	4.987458299999999838e-03	-8.670811000000000490e-04
7.417598750000000000e+09	5.472590799999999672e-03	-4.571534700000000166e-03
7.417600875000000000e+09	3.626362199999999796e-03	-2.092235599999999786e-03
7.417603000000000000e+09	8.548191599999999460e-03	-1.670174499999999918e-03
7.417605125000000000e+09	4.801291899999999939e-03	-2.945890000000000013e-05
7.417607250000000000e+09	7.814697400000000793e-03	-2.121839999999999837e-03
7.417609375000000000e+09	7.462477500000000083e-03	1.010583100000000045e-03
7.417611500000000000e+09	5.798215699999999598e-03	-4.183987999999999596e-03
7.417613625000000000e+09	8.538920900000000064e-03	-9.490504900000000174e-03
7.417615750000000000e+09	5.650239700000000281e-03	3.853899000000000148e-04
7.417617875000000000e+09	6.186501599999999837e-03	-2.571872900000000094e-03
7.417620000000000000e+09	1.315150900000000046e-03	2.360762999999999881e-04
7.417622125000000000e+09	3.951601400000000035e-03	1.713925600000000028e-03
7.417624250000000000e+09	4.825507199999999781e-03	2.342873000000000091e-04
7.417626375000000000e+09	7.109447500000000246e-03	-3.695004100000000031e-03
7.417628500000000000e+09	4.062308599999999922e-03	-1.261797600000000037e-03
7.417630625000000000e+09	6.153810299999999678e-03	-3.362374999999999804e-04
7.417632750000000000e+09	9.862856200000000642e-03	-3.146632500000000072e-03
7.417634875000000000e+09	7.612181299999999651e-03	1.559253100000000062e-03
7.417637000000000000e+09	5.690782999999999606e-03	-5.892089199999999728e-03
7.417639125000000000e+09	6.891017299999999818e-03	-2.180196599999999901e-03
7.417641250000000000e+09	3.508651399999999920e-03	5.162842999999999859e-04
7.417643375000000000e+09	3.286860400000000092e-03	-3.084022000000000065e-03
7.417645500000000000e+09	3.117627600000000190e-03	-3.481800699999999978e-03
7.417647625000000000e+09	8.789328600000000102e-03	-3.746183799999999991e-03
7.417649750000000000e+09	2.949516000000000117e-03	-4.020654799999999647e-03
7.417651875000000000e+09	4.764804400000000224e-03	-4.972988999999999491e-04
7.417654000000000000e+09	6.654206299999999852e-03	-3.718756200000000213e-03
7.417656125000000000e+09	7.135602900000000311e-03	-1.640396799999999967e-03
7.417658250000000000e+09	8.432855499999999255e-03	5.236518000000000336e-04
7.417660375000000000e+09	2.732354800000000045e-03	-2.298211799999999930e-03
7.417662500000000000e+09	4.689088099999999711e-03	-3.264637300000000023e-03
7.417664625000000000e+09	5.813398800000000276e-03	-2.828199999999999874e-06
7.417666750000000000e+09	8.604643599999999698e-03	-4.208468999999999838e-04
7.417668875000000000e+09	9.839602899999999250e-03	-2.504134199999999942e-03
7.417671000000000000e+09	5.850882699999999763e-03	-5.055537100000000172e-03
7.417673125000000000e+09	3.246167900000000196e-03	-2.110369099999999994e-03
7.417675250000000000e+09	6.107284400000000286e-03	-1.849685599999999989e-03
7.417677375000000000e+09	5.470452100000000248e-03	2.650888699999999921e-03
7.417679500000000000e+09	6.391143000000000171e-03	-6.858803000000000339e-04
7.417681625000000000e+09	5.547850600000000208e-03	2.025954799999999788e-03
7.417683750000000000e+09	5.509401599999999913e-03	4.526692000000000129e-04
7.417685875000000000e+09	2.564940600000000133e-03	-2.391499499999999792e-03
7.417688000000000000e+09	4.650438500000000398e-03	-4.890942100000000153e-03
7.417690125000000000e+09	7.490662300000000030e-03	-1.895949399999999991e-03
7.417692250000000000e+09	8.157795400000000807e-03	-1.875307699999999907e-03
7.417694375000000000e+09	7.474920399999999618e-03	5.808893000000000086e-04
7.417696500000000000e+09	7.311497999999999609e-03	-5.989221999999999775e-03
7.417698625000000000e+09	5.277343799999999717e-03	-5.071633899999999744e-03
7.417700750000000000e+09	3.100696200000000076e-03	-2.705899999999999798e-03
7.417702875000000000e+09	8.042667499999999609e-03	9.949804000000000460e-04
7.417705000000000000e+09	4.982399099999999803e-03	-4.817424499999999575e-03
7.417707125000000000e+09	7.612532400000000116e-03	-2.582562200000000120e-03
7.417709250000000000e+09	4.106230899999999649e-03	-5.225736100000000391e-03
7.417711375000000000e+09	3.646970199999999881e-03	-2.725155300000000041e-03
7.417713500000000000e+09	2.533510000000000102e-03	-2.408632799999999800e-03
7.417715625000000000e+09	7.528544600000000066e-03	-3.560682099999999944e-03
7.417717750000000000e+09	4.887828099999999912e-03	6.708072000000000036e-04
7.417719875000000000e+09	9.496599499999999403e-03	-1.199361099999999951e-03
7.417722000000000000e+09	5.532428300000000361e-03	-6.537796400000000369e-03
7.417724125000000000e+09	4.004506700000000363e-03	2.644955999999999956e-03
7.417726250000000000e+09	6.125272000000000182e-03	-2.601287600000000075e-03
7.417728375000000000e+09	6.770294100000000086e-03	-6.360515999999999870e-04
7.417730500000000000e+09	5.729560199999999930e-03	-3.253708699999999926e-03
7.417732625000000000e+09	8.254415899999999195e-03	-1.115162399999999974e-03
7.417734750000000000e+09	8.703167499999999238e-03	-2.219187200000000137e-03
7.417736875000000000e+09	2.882296900000000210e-03	-3.700589299999999891e-03
7.417739000000000000e+09	5.485271899999999770e-03	-1.457125199999999938e-03
7.417741125000000000e+09	4.200988600000000323e-03	-2.017004000000000193e-03
7.417743250000000000e+09	6.669473000000000415e-03	-2.583802899999999934e-03
7.417745375000000000e+09	7.665845299999999793e-03	-3.806345599999999812e-03
7.417747500000000000e+09	7.858352399999999141e-03	-2.368246699999999871e-03
7.417749625000000000e+09	3.342096200000000197e-03	-4.173729999999999763e-05
7.417751750000000000e+09	5.907768100000000341e-03	-1.951012399999999935e-03
7.417753875000000000e+09	3.525935999999999914e-03	-4.830116800000000023e-03
7.417756000000000000e+09	8.314141199999999787e-03	-3.338575500000000047e-03
7.417758125000000000e+09	7.372664999999999601e-03	-3.518668999999999768e-04
7.417760250000000000e+09	6.737151999999999724e-03	-5.889721999999999579e-04
7.417762375000000000e+09	7.819286300000000481e-03	1.216377600000000028e-03
7.417764500000000000e+09	3.505055300000000078e-03	-1.033995599999999997e-03
7.417766625000000000e+09	5.382548600000000225e-03	3.609429600000000141e-03
7.417768750000000000e+09	9.315303199999999673e-03	2.274999999999999818e-06
7.417770875000000000e+09	3.408765800000000071e-03	-2.573187499999999954e-03
7.417773000000000000e+09	1.104143710000000077e-02	-1.336620900000000042e-03
7.417775125000000000e+09	1.639184599999999898e-03	-1.261994399999999926e-03
7.417777250000000000e+09	5.402656199999999673e-03	2.058783999999999972e-04
7.417779375000000000e+09	6.466275199999999695e-03	-7.287227000000000288e-04
7.417781500000000000e+09	5.098587899999999784e-03	4.782098000000000034e-04
7.417783625000000000e+09	4.085166099999999918e-03	7.016801999999999501e-04
7.417785750000000000e+09	4.291881499999999731e-03	-5.701893000000000196e-04
7.417787875000000000e+09	4.009275900000000385e-03	-7.859438999999999748e-04
7.417790000000000000e+09	7.709180599999999710e-03	-4.632819199999999894e-03
7.417792125000000000e+09	9.622376000000000193e-03	-2.966948300000000170e-03
7.417794250000000000e+09	5.162508100000000148e-03	-3.747565300000000113e-03
7.417796375000000000e+09	6.568378500000000321e-03	-6.101898799999999970e-03
7.417798500000000000e+09	7.510333800000000386e-03	-3.549325400000000012e-03
7.417800625000000000e+09	5.508490199999999636e-03	-2.023172699999999970e-03
7.417802750000000000e+09	5.655384700000000084e-03	-2.960985000000000179e-04
7.417804875000000000e+09	4.913427799999999998e-03	-1.028660899999999908e-03
7.417807000000000000e+09	6.141921399999999975e-03	-2.965581499999999857e-03
7.417809125000000000e+09	4.583117799999999673e-03	-4.419945500000000381e-03
7.417811250000000000e+09	8.738098200000000634e-03	-5.307975599999999704e-03
7.417813375000000000e+09	2.901075300000000023e-03	-2.665153799999999806e-03
7.417815500000000000e+09	7.690887599999999755e-03	-9.812147000000000230e-04
7.417817625000000000e+09	4.231935699999999842e-03	-4.330808299999999895e-03
7.417819750000000000e+09	4.701524700000000133e-03	-5.032314599999999742e-03
7.417821875000000000e+09	5.001601700000000289e-03	-1.536656499999999913e-03
7.417824000000000000e+09	5.555657099999999904e-03	-4.136614000000000263e-03
7.417826125000000000e+09	6.735406999999999679e-03	-5.116895199999999845e-03
7.417828250000000000e+09	7.155255299999999791e-03	-3.772062899999999944e-03
7.417830375000000000e+09	5.944117900000000371e-03	-3.786791800000000128e-03
7.417832500000000000e+09	4.620427100000000335e-03	-4.185303000000000135e-04
7.417834625000000000e+09	4.912642299999999719e-03	-2.023359299999999850e-03
7.417836750000000000e+09	4.135222899999999903e-03	-1.834081100000000027e-03
7.417838875000000000e+09	1.494197700000000082e-03	-4.421473100000000017e-03
7.417841000000000000e+09	5.581392999999999598e-03	-1.183920200000000049e-03
7.417843125000000000e+09	1.860336699999999999e-03	-3.946288000000000053e-03
7.417845250000000000e+09	1.560719599999999896e-03	-2.364492000000000156e-03
7.417847375000000000e+09	5.550688899999999676e-03	-2.719185999999999956e-04
7.417849500000000000e+09	8.189918100000000492e-03	-9.579842000000000088e-04
7.417851625000000000e+09	3.572595100000000058e-03	-3.259360399999999911e-03
7.417853750000000000e+09	4.850117299999999812e-03	-1.786277900000000050e-03
7.417855875000000000e+09	5.656879299999999743e-03	-3.567824999999999946e-04
7.417858000000000000e+09	5.217371900000000035e-03	-4.219825200000000033e-03
7.417860125000000000e+09	9.571059099999999417e-03	-3.883909200000000127e-03
7.417862250000000000e+09	1.014629629999999963e-02	-4.603653200000000154e-03
7.417864375000000000e+09	3.071371900000000130e-03	-1.111079899999999933e-03
7.417866500000000000e+09	2.917162499999999790e-03	-8.289260000000000118e-04
7.417868625000000000e+09	6.052552699999999911e-03	-3.352495799999999880e-03
7.417870750000000000e+09	3.763422199999999843e-03	-1.279018499999999992e-03
7.417872875000000000e+09	6.261664699999999924e-03	-3.731643000000000199e-03
7.417875000000000000e+09	3.992315599999999957e-03	-4.656564600000000394e-03
7.417877125000000000e+09	3.080856600000000077e-03	-4.647417000000000041e-03
7.417879250000000000e+09	4.680157600000000098e-03	-2.565687599999999860e-03
7.417881375000000000e+09	4.993920899999999656e-03	1.331081399999999937e-03
7.417883500000000000e+09	7.341588199999999655e-03	-1.886232199999999908e-03
7.417885625000000000e+09	5.846587099999999912e-03	-2.777162599999999891e-03
7.417887750000000000e+09	7.003532500000000417e-03	-1.703697500000000064e-03
7.417889875000000000e+09	1.009146669999999926e-02	-5.160457000000000455e-04
7.417892000000000000e+09	5.304483100000000062e-03	7.079038000000000171e-04
7.417894125000000000e+09	6.153697900000000380e-03	-3.266799500000000089e-03
7.417896250000000000e+09	8.907472499999999349e-03	-2.307174800000000216e-03
7.417898375000000000e+09	1.070672070000000010e-02	4.564530999999999819e-04
7.417900500000000000e+09	6.961477399999999906e-03	1.133460900000000070e-03
7.417902625000000000e+09	7.346136399999999775e-03	-1.424618199999999960e-03
7.417904750000000000e+09	8.614928600000000200e-03	-1.125300999999999992e-03
7.417906875000000000e+09	5.492460999999999698e-03	-1.012700000000000062e-06
7.417909000000000000e+09	3.121805999999999973e-03	-1.859910200000000060e-03
7.417911125000000000e+09	2.515190999999999955e-03	-7.055287000000000364e-03
7.417913250000000000e+09	4.961889700000000382e-03	-4.299967400000000162e-03
7.417915375000000000e+09	5.488950400000000389e-03	-3.818649800000000188e-03
7.417917500000000000e+09	4.999916299999999751e-03	-6.153381599999999639e-03
7.417919625000000000e+09	6.612258400000000334e-03	-8.140569000000000494e-04
7.417921750000000000e+09	5.702589999999999569e-03	-2.630425799999999877e-03
7.417923875000000000e+09	1.483041000000000047e-03	1.679852999999999924e-04
7.417926000000000000e+09	9.376811500000000257e-03	-2.543946000000000054e-03
7.417928125000000000e+09	7.585625200000000422e-03	-9.276307999999999819e-04
7.417930250000000000e+09	4.670695300000000418e-03	1.723343000000000010e-04
7.417932375000000000e+09	7.010117800000000010e-03	-3.219313599999999893e-03
7.417934500000000000e+09	8.428029899999999949e-03	-3.260684000000000238e-04
7.417936625000000000e+09	2.563385999999999963e-03	7.819159999999999858e-05
7.417938750000000000e+09	4.802660799999999668e-03	-1.717942600000000068e-03
7.417940875000000000e+09	6.934089299999999720e-03	-1.246484699999999982e-03
7.417943000000000000e+09	6.024317000000000387e-03	-9.884463999999999490e-04
7.417945125000000000e+09	6.054546800000000333e-03	-8.658771999999999910e-04
7.417947250000000000e+09	8.670855200000000818e-03	-3.743428699999999838e-03
7.417949375000000000e+09	1.146841359999999956e-02	-1.093584500000000046e-03
7.417951500000000000e+09	3.931242399999999859e-03	-1.775679100000000094e-03
7.417953625000000000e+09	8.322849800000000492e-03	-5.912358999999999844e-03
7.417955750000000000e+09	8.556489400000000592e-03	-2.102539799999999896e-03
7.417957875000000000e+09	7.218610999999999778e-03	-6.823169999999999930e-04
7.417960000000000000e+09	2.443037600000000104e-03	-1.163066300000000029e-03
7.417962125000000000e+09	7.363114999999999938e-03	-2.874961300000000199e-03
7.417964250000000000e+09	4.020699200000000043e-03	3.733802300000000143e-03
7.417966375000000000e+09	3.310147099999999863e-03	-8.570653999999999816e-04
7.417968500000000000e+09	6.000614999999999942e-03	-1.951802000000000094e-03
7.417970625000000000e+09	1.037253129999999961e-02	-2.069832000000000074e-04
7.417972750000000000e+09	1.956432900000000009e-03	-6.519300000000000415e-06
7.417974875000000000e+09	5.896402900000000114e-03	-1.390959499999999942e-03
7.417977000000000000e+09	6.629681400000000252e-03	-7.455530999999999617e-04
7.417979125000000000e+09	4.217547900000000183e-03	1.326697900000000036e-03
7.417981250000000000e+09	4.295800500000000396e-03	-6.155519600000000126e-03
7.417983375000000000e+09	3.644681700000000114e-03	-4.301026599999999665e-03
7.417985500000000000e+09	3.880878700000000171e-03	2.197528700000000047e-03
7.417987625000000000e+09	1.783086400000000052e-03	-4.292147900000000370e-03
7.417989750000000000e+09	7.474218700000000160e-03	-7.773307000000000350e-04
7.417991875000000000e+09	6.232510800000000406e-03	-2.905779800000000100e-03
7.417994000000000000e+09	6.072458799999999601e-03	-3.594381399999999928e-03
7.417996125000000000e+09	5.240226899999999612e-03	-1.610260999999999984e-03
7.417998250000000000e+09	5.747907299999999685e-03	7.530609000000000391e-04
7.418000375000000000e+09	5.793514399999999745e-03	-2.077949300000000044e-03
7.418002500000000000e+09	1.792616799999999970e-03	-2.017908799999999954e-03
7.418004625000000000e+09	6.729712500000000278e-03	-3.780023500000000147e-03
7.418006750000000000e+09	7.723617399999999598e-03	-5.422879299999999909e-03
7.418008875000000000e+09	3.878228400000000194e-03	-1.923114799999999912e-03
7.418011000000000000e+09	4.686496000000000065e-04	-1.966169999999999845e-05
7.418013125000000000e+09	8.035650899999999958e-03	-3.599841500000000062e-03
7.418015250000000000e+09	7.634847999999999635e-03	-1.676703899999999964e-03
7.418017375000000000e+09	6.159404999999999741e-03	-4.634933299999999604e-03
7.418019500000000000e+09	4.567143800000000343e-03	-5.922181399999999589e-03
7.418021625000000000e+09	2.964422500000000148e-03	-3.264295899999999830e-03
7.418023750000000000e+09	8.142466799999999519e-03	2.109502300000000181e-03
7.418025875000000000e+09	5.168285100000000361e-03	-1.691255900000000105e-03
7.418028000000000000e+09	5.384856700000000169e-03	-4.271876800000000245e-03
7.418030125000000000e+09	5.044833999999999777e-03	-1.981804800000000043e-03
7.418032250000000000e+09	6.028566200000000028e-03	7.322856999999999674e-04
7.418034375000000000e+09	7.209252999999999668e-03	-3.435509199999999853e-03
7.418036500000000000e+09	4.073127999999999645e-03	-3.643337600000000169e-03
7.418038625000000000e+09	7.515442300000000318e-03	-5.145638000000000122e-03
7.418040750000000000e+09	5.182680599999999610e-03	-2.024794099999999934e-03
7.418042875000000000e+09	3.250083500000000136e-03	-4.338362400000000257e-03
7.418045000000000000e+09	5.114810099999999617e-03	-5.134734200000000241e-03
7.418047125000000000e+09	4.492070100000000385e-03	-6.597581499999999669e-03
7.418049250000000000e+09	4.287817499999999928e-03	-3.990258899999999873e-03
7.418051375000000000e+09	3.936428300000000165e-03	-1.201474000000000010e-04
7.418053500000000000e+09	9.084501999999999508e-03	-1.164138099999999926e-03
7.418055625000000000e+09	3.563840200000000045e-03	1.005993599999999936e-03
7.418057750000000000e+09	2.837788899999999816e-03	-6.548726000000000373e-03
7.418059875000000000e+09	7.370721000000000217e-03	-3.427556400000000142e-03
7.418062000000000000e+09	3.834486199999999866e-03	-7.231429900000000029e-03
7.418064125000000000e+09	2.909440200000000185e-03	-4.149627599999999687e-03
7.418066250000000000e+09	3.566981900000000191e-03	6.848753999999999649e-04
7.418068375000000000e+09	1.078757969999999920e-02	-2.735265800000000018e-03
7.418070500000000000e+09	6.724072400000000345e-03	-3.880212599999999842e-03
7.418072625000000000e+09	9.511361700000000099e-03	-3.849045000000000157e-03
7.418074750000000000e+09	3.214178399999999963e-03	-3.233927100000000190e-03
7.418076875000000000e+09	5.599733099999999568e-03	-4.971649899999999733e-03
7.418079000000000000e+09	5.224693199999999940e-03	-3.089214900000000156e-03
7.418081125000000000e+09	5.259183100000000208e-03	-1.152422999999999994e-04
7.418083250000000000e+09	1.037536759999999926e-02	-3.944073900000000070e-03
7.418085375000000000e+09	6.944048199999999609e-03	-1.507373999999999910e-03
7.418087500000000000e+09	3.241618999999999837e-03	-4.125765899999999861e-03
7.418089625000000000e+09	3.897487800000000099e-03	-3.585741800000000201e-03
7.418091750000000000e+09	8.572063700000000230e-03	-2.581618700000000172e-03
7.418093875000000000e+09	5.814530200000000114e-03	-4.491087000000000377e-03
7.418096000000000000e+09	6.965298099999999576e-03	-3.406646599999999924e-03
7.418098125000000000e+09	5.840326100000000319e-03	-8.086923999999999892e-04
7.418100250000000000e+09	7.773493599999999580e-03	-9.769810000000000300e-04
7.418102375000000000e+09	3.599397700000000078e-03	-6.857809999999999991e-05
7.418104500000000000e+09	4.883912500000000406e-03	-5.017539799999999953e-03
7.418106625000000000e+09	4.652691100000000066e-03	-3.287205699999999880e-03
7.418108750000000000e+09	5.241838000000000400e-03	-2.301336499999999917e-03
7.418110875000000000e+09	3.538999900000000011e-03	-5.165739899999999794e-03
7.418113000000000000e+09	4.845217399999999890e-03	6.778816999999999916e-04
7.418115125000000000e+09	4.381627100000000385e-03	-2.119102600000000083e-03
7.418117250000000000e+09	7.176922799999999915e-03	-2.592955200000000154e-03
7.418119375000000000e+09	2.799272099999999819e-03	-2.737898299999999997e-03
7.418121500000000000e+09	7.329090100000000378e-03	-2.603590399999999947e-03
7.418123625000000000e+09	9.283301999999999570e-04	-8.458653000000000005e-04
7.418125750000000000e+09	4.183858000000000368e-03	-8.877048999999999921e-04
7.418127875000000000e+09	4.143162700000000385e-03	-4.076054200000000030e-03
7.418130000000000000e+09	7.077954499999999753e-03	-6.145890000000000207e-04
7.418132125000000000e+09	8.749077399999999338e-03	2.666569699999999949e-03
7.418134250000000000e+09	5.300364999999999591e-03	-4.033439100000000242e-03
7.418136375000000000e+09	7.956382899999999564e-03	-4.756908100000000264e-03
7.418138500000000000e+09	6.268722299999999678e-03	-9.914762999999999181e-04
7.418140625000000000e+09	6.134907999999999681e-03	-4.804131100000000147e-03
7.418142750000000000e+09	2.462729500000000044e-03	-5.529302000000000479e-04
7.418144875000000000e+09	8.792391899999999968e-03	-3.160694600000000121e-03
7.418147000000000000e+09	5.562522799999999705e-03	-2.462215399999999940e-03
7.418149125000000000e+09	2.292472299999999928e-03	-7.208677600000000345e-03
7.418151250000000000e+09	4.833276400000000202e-03	-9.515437999999999544e-04
7.418153375000000000e+09	6.325383799999999800e-03	-4.741749499999999701e-03
7.418155500000000000e+09	6.470108100000000056e-03	1.455562899999999962e-03
7.418157625000000000e+09	6.325327099999999980e-03	-3.749256800000000129e-03
7.418159750000000000e+09	7.163591599999999740e-03	-1.539193400000000034e-03
7.418161875000000000e+09	4.561947200000000292e-03	-3.906184300000000147e-03
7.418164000000000000e+09	7.954703599999999805e-03	-1.400266899999999927e-03
7.418166125000000000e+09	5.116606600000000310e-03	-5.519580199999999694e-03
7.418168250000000000e+09	5.371775700000000313e-03	-3.426456200000000101e-03
7.418170375000000000e+09	9.309535500000000463e-03	-2.242805400000000195e-03
7.418172500000000000e+09	5.422259399999999722e-03	-4.662827399999999733e-03
7.418174625000000000e+09	6.698928199999999895e-03	-4.099206299999999872e-03
7.418176750000000000e+09	9.807389799999999963e-03	-1.758551599999999895e-03
7.418178875000000000e+09	3.599394000000000118e-04	-1.558206699999999936e-03
7.418181000000000000e+09	5.810718200000000375e-03	-1.828710199999999952e-03
7.418183125000000000e+09	7.638813599999999711e-03	-2.346770599999999964e-03
7.418185250000000000e+09	6.093888300000000098e-03	-2.032730700000000192e-03
7.418187375000000000e+09	5.565735300000000142e-03	-1.675000700000000078e-03
7.418189500000000000e+09	6.736754799999999585e-03	-5.014219099999999915e-03
7.418191625000000000e+09	8.615578199999999673e-03	-4.436009799999999711e-03
7.418193750000000000e+09	-2.628888000000000232e-04	-4.849070500000000200e-03
7.418195875000000000e+09	9.704439299999999269e-03	-3.821754899999999996e-03
7.418198000000000000e+09	7.652578000000000158e-03	-3.692963899999999935e-03
7.418200125000000000e+09	4.491467600000000060e-03	-6.033636999999999681e-03
7.418202250000000000e+09	6.895959499999999853e-03	1.297000000000000084e-04
7.418204375000000000e+09	8.592196800000000134e-03	-1.127380000000000092e-03
7.418206500000000000e+09	5.625229500000000424e-03	-4.825079000000000022e-04
7.418208625000000000e+09	5.829821599999999993e-03	-1.317656599999999937e-03
7.418210750000000000e+09	9.315793200000000232e-03	-3.261149599999999850e-03
7.418212875000000000e+09	7.141107399999999973e-03	-5.041636799999999786e-03
7.418215000000000000e+09	6.585706200000000267e-03	-3.685760499999999901e-03
7.418217125000000000e+09	2.943381100000000156e-03	-1.400380899999999987e-03
7.418219250000000000e+09	2.157841000000000186e-03	-2.018834299999999835e-03
7.418221375000000000e+09	5.789176400000000181e-03	-1.693231099999999937e-03
7.418223500000000000e+09	2.902321000000000024e-04	-5.285067299999999732e-03
7.418225625000000000e+09	2.280759299999999927e-03	-2.149339899999999984e-03
7.418227750000000000e+09	5.380204700000000215e-03	-4.469700800000000335e-03
7.418229875000000000e+09	3.425848999999999800e-04	-2.226401399999999951e-03
7.418232000000000000e+09	2.082921299999999833e-03	-1.768796100000000031e-03
7.418234125000000000e+09	5.689791500000000203e-03	-1.019465800000000054e-03
7.418236250000000000e+09	-9.750903999999999908e-04	-5.059746099999999983e-03
7.418238375000000000e+09	8.464439000000000685e-03	-3.960779499999999946e-03
7.418240500000000000e+09	3.041734600000000135e-03	-2.736810799999999950e-03
7.418242625000000000e+09	3.788193899999999902e-03	-5.695605500000000022e-03
7.418244750000000000e+09	6.467914499999999692e-03	-1.941093999999999979e-03
7.418246875000000000e+09	4.631479800000000251e-03	-4.762031699999999708e-03
7.418249000000000000e+09	7.616730000000000375e-03	-2.952221699999999904e-03
7.418251125000000000e+09	8.867261099999999147e-03	-2.212131200000000061e-03
7.418253250000000000e+09	3.685524800000000191e-03	6.976481999999999996e-04
7.418255375000000000e+09	7.350109399999999772e-03	-8.105904999999999838e-04
7.418257500000000000e+09	4.980472799999999950e-03	-2.142254399999999823e-03
7.418259625000000000e+09	7.251659300000000245e-03	-5.825472400000000078e-03
7.418261750000000000e+09	2.829377000000000107e-03	-2.187833699999999944e-03
7.418263875000000000e+09	7.153856200000000172e-03	-4.023218700000000085e-03
7.418266000000000000e+09	6.887737500000000283e-03	-2.794298199999999816e-03
7.418268125000000000e+09	4.364946800000000030e-03	-2.636279400000000189e-03
7.418270250000000000e+09	9.283370600000000195e-03	-4.583705500000000155e-03
7.418272375000000000e+09	8.929358800000000360e-03	-4.926051800000000140e-03
7.418274500000000000e+09	1.352430000000000026e-05	-2.612075900000000034e-03
7.418276625000000000e+09	5.605628300000000189e-03	-3.098174600000000185e-03
7.418278750000000000e+09	6.668164100000000330e-03	-2.015404499999999891e-03
7.418280875000000000e+09	9.455779000000000527e-04	-1.902195699999999993e-03
7.418283000000000000e+09	6.341527500000000185e-03	-2.950299600000000182e-03
7.418285125000000000e+09	4.859567900000000273e-03	-3.343630099999999813e-03
7.418287250000000000e+09	3.832515800000000153e-03	-6.404820700000000110e-03
7.418289375000000000e+09	5.679586599999999694e-03	-4.889173400000000266e-03
7.418291500000000000e+09	6.178507300000000285e-03	-4.782019200000000268e-03
7.418293625000000000e+09	5.573281700000000047e-03	-3.626237999999999944e-03
7.418295750000000000e+09	5.576465699999999873e-03	-2.073664199999999871e-03
7.418297875000000000e+09	4.197811200000000145e-03	-9.186703399999999325e-03
7.418300000000000000e+09	7.436164999999999789e-03	-1.801271300000000007e-03
7.418302125000000000e+09	5.821808700000000170e-03	-3.618091400000000065e-03
7.418304250000000000e+09	6.526020700000000237e-03	-2.578207299999999997e-03
7.418306375000000000e+09	5.960908800000000278e-03	-3.751363299999999849e-03
7.418308500000000000e+09	9.139420000000000530e-04	-2.708311399999999841e-03
7.418310625000000000e+09	5.933808700000000290e-03	-4.534634600000000265e-03
7.418312750000000000e+09	3.999716099999999983e-03	-2.344000499999999900e-03
7.418314875000000000e+09	8.034626300000000110e-03	-2.634333699999999792e-03
7.418317000000000000e+09	3.675568499999999888e-03	-1.342741799999999999e-03
7.418319125000000000e+09	3.508439700000000154e-03	-1.952860500000000010e-03
7.418321250000000000e+09	5.094106000000000155e-03	-4.666052199999999595e-03
7.418323375000000000e+09	1.083422780000000037e-02	-1.328560600000000102e-03
7.418325500000000000e+09	7.302215800000000194e-03	-6.117973399999999777e-03
7.418327625000000000e+09	4.385198499999999611e-03	-1.842037999999999998e-04
7.418329750000000000e+09	5.672412800000000213e-03	-9.477151999999999755e-04
7.418331875000000000e+09	4.801083099999999861e-03	-4.896306700000000248e-03
7.418334000000000000e+09	5.832664799999999830e-03	-3.104382799999999987e-03
7.418336125000000000e+09	7.843513499999999611e-03	-3.301035999999999814e-03
7.418338250000000000e+09	9.859548999999999137e-04	-6.001307999999999903e-04
7.418340375000000000e+09	5.657944100000000288e-03	-4.012440499999999667e-03
7.418342500000000000e+09	5.403467300000000008e-03	-3.596180100000000070e-03
7.418344625000000000e+09	4.185033200000000397e-03	-7.114721600000000271e-03
7.418346750000000000e+09	4.546149299999999865e-03	-3.663383200000000159e-03
7.418348875000000000e+09	4.791895299999999677e-03	-4.255257099999999737e-03
7.418351000000000000e+09	4.444896200000000332e-03	-2.554667300000000151e-03
7.418353125000000000e+09	2.360008600000000015e-03	-5.618810099999999724e-03
7.418355250000000000e+09	5.315958699999999773e-03	-1.233630199999999951e-03
7.418357375000000000e+09	8.017223000000000405e-03	-3.344980899999999875e-03
7.418359500000000000e+09	-1.323066999999999982e-04	-4.372980700000000075e-03
7.418361625000000000e+09	4.547315900000000431e-03	-3.345604600000000057e-03
7.418363750000000000e+09	4.869361000000000002e-03	-5.146496599999999741e-03
7.418365875000000000e+09	5.739062100000000104e-03	-6.054523800000000296e-03
7.418368000000000000e+09	6.467111799999999619e-03	-6.158407200000000359e-03
7.418370125000000000e+09	4.302632300000000347e-03	-4.021544000000000160e-03
7.418372250000000000e+09	3.865043600000000069e-03	-4.261474300000000007e-03
7.418374375000000000e+09	5.885979900000000258e-03	-1.957398300000000053e-03
7.418376500000000000e+09	2.079686099999999895e-03	-1.912985600000000064e-03
7.418378625000000000e+09	5.177789900000000223e-03	-3.946705699999999810e-03
7.418380750000000000e+09	3.969097100000000024e-03	-4.587520399999999582e-03
7.418382875000000000e+09	5.458994299999999668e-03	1.029652299999999927e-03
7.418385000000000000e+09	6.225460000000000368e-03	-2.502563399999999886e-03
7.418387125000000000e+09	7.551149800000000328e-03	-4.618656199999999698e-03
7.418389250000000000e+09	5.791853399999999721e-03	-6.630961399999999589e-03
7.418391375000000000e+09	9.421180600000000557e-03	-1.223985500000000087e-03
7.418393500000000000e+09	5.896875099999999807e-03	-2.358026000000000046e-03
7.418395625000000000e+09	4.617918099999999970e-03	-4.518880000000000292e-03
7.418397750000000000e+09	3.627818599999999873e-03	-3.217578400000000154e-03
7.418399875000000000e+09	5.122441099999999747e-03	-5.745516299999999660e-03
7.418402000000000000e+09	8.600077799999999648e-03	-9.910239000000000374e-04
7.418404125000000000e+09	5.990651300000000151e-03	-3.541945900000000209e-03
7.418406250000000000e+09	5.147936700000000330e-03	1.087651800000000082e-03
7.418408375000000000e+09	3.653678300000000150e-03	-3.181905699999999868e-03
7.418410500000000000e+09	8.601048599999999364e-03	-7.230070100000000367e-03
7.418412625000000000e+09	7.897941299999999137e-03	-2.753274600000000204e-03
7.418414750000000000e+09	3.094939100000000144e-03	-5.474538099999999748e-03
7.418416875000000000e+09	7.042650299999999794e-03	-3.404459900000000178e-03
7.418419000000000000e+09	1.008544540000000031e-02	-3.927683500000000126e-03
7.418421125000000000e+09	8.533707999999999225e-03	-6.658821700000000336e-03
7.418423250000000000e+09	5.835515299999999989e-03	-3.352002000000000193e-03
7.418425375000000000e+09	2.852593300000000158e-03	-7.649515400000000097e-03
7.418427500000000000e+09	5.235977600000000370e-03	-5.069296000000000045e-03
7.418429625000000000e+09	2.420549900000000011e-03	-2.737653799999999887e-03
7.418431750000000000e+09	4.832306300000000290e-03	1.151718099999999960e-03
7.418433875000000000e+09	7.409843800000000431e-03	-4.451638100000000417e-03
7.418436000000000000e+09	4.989507100000000264e-03	-5.144957000000000349e-03
7.418438125000000000e+09	3.868547099999999992e-03	-3.936640299999999600e-03
7.418440250000000000e+09	9.462411299999999234e-03	-1.853358399999999965e-03
7.418442375000000000e+09	7.283170000000000269e-05	-5.805396499999999731e-03
7.418444500000000000e+09	3.320046599999999879e-03	-2.286364800000000204e-03
7.418446625000000000e+09	1.014447630000000003e-02	-6.614938000000000328e-04
7.418448750000000000e+09	9.578527000000000525e-04	-3.659790500000000175e-03
7.418450875000000000e+09	6.053393699999999600e-03	-1.474828799999999916e-03
7.418453000000000000e+09	8.880319700000000038e-03	-7.021999000000000123e-03
7.418455125000000000e+09	2.327573800000000154e-03	-2.466972799999999841e-03
7.418457250000000000e+09	6.727550100000000144e-03	-1.176592400000000095e-03
7.418459375000000000e+09	7.641080700000000420e-03	-2.850736600000000186e-03
7.418461500000000000e+09	6.610187400000000144e-03	-7.525452000000000400e-04
7.418463625000000000e+09	7.387426400000000025e-03	-5.490328899999999922e-03
7.418465750000000000e+09	9.232309399999999444e-03	-1.557402299999999934e-03
7.418467875000000000e+09	8.203296100000000146e-03	-7.332990299999999836e-03
7.418470000000000000e+09	5.048685399999999941e-03	-3.579015599999999832e-03
7.418472125000000000e+09	3.713806999999999959e-03	-4.298327900000000097e-03
7.418474250000000000e+09	5.164907199999999900e-03	-4.965695000000000005e-03
7.418476375000000000e+09	4.554572899999999661e-03	-3.729319899999999910e-03
7.418478500000000000e+09	5.584500099999999655e-03	-4.595145800000000405e-03
7.418480625000000000e+09	3.091027499999999834e-03	-2.983731900000000190e-03
7.418482750000000000e+09	3.683554199999999976e-03	-3.133588300000000187e-03
7.418484875000000000e+09	3.411379100000000008e-03	-4.414280599999999798e-03
7.418487000000000000e+09	9.714756099999999339e-03	-3.332459900000000162e-03
7.418489125000000000e+09	3.340513199999999884e-03	-1.548407799999999964e-03
7.418491250000000000e+09	6.637083999999999692e-03	-6.353522900000000209e-03
7.418493375000000000e+09	8.993347599999999831e-03	-6.282940800000000152e-03
7.418495500000000000e+09	4.230501499999999963e-03	-3.152791299999999942e-03
7.418497625000000000e+09	4.580955200000000338e-03	-5.667052799999999953e-03
7.418499750000000000e+09	6.979403000000000343e-03	-2.671154299999999905e-03
7.418501875000000000e+09	5.535614200000000401e-03	-5.392396600000000026e-03
7.418504000000000000e+09	6.471672399999999631e-03	-2.842172599999999785e-03
7.418506125000000000e+09	9.595204099999999139e-03	-3.328871399999999876e-03
7.418508250000000000e+09	1.398844300000000101e-03	-4.645614299999999836e-03
7.418510375000000000e+09	3.212519400000000188e-03	-3.777028799999999822e-03
7.418512500000000000e+09	8.541077899999999223e-03	-2.274270399999999814e-03
7.418514625000000000e+09	2.019574100000000143e-03	-3.313140400000000145e-03
7.418516750000000000e+09	8.386393900000000540e-03	-6.262637599999999923e-03
7.418518875000000000e+09	7.941742499999999635e-03	-1.019946899999999964e-03
7.418521000000000000e+09	8.895881600000000652e-03	-7.968451999999999784e-04
7.418523125000000000e+09	4.235040699999999617e-03	-6.010958200000000341e-03
7.418525250000000000e+09	7.595140000000000224e-03	-8.044013600000000236e-03
7.418527375000000000e+09	3.910407900000000166e-03	-5.961489000000000371e-03
7.418529500000000000e+09	4.844457100000000398e-03	-4.388567900000000209e-03
7.418531625000000000e+09	2.739581999999999955e-04	-2.446040400000000156e-03
7.418533750000000000e+09	6.583427700000000007e-03	-5.020678500000000377e-03
7.418535875000000000e+09	1.826011200000000065e-03	-6.719661000000000037e-03
7.418538000000000000e+09	5.335541899999999942e-03	-3.535615399999999901e-03
7.418540125000000000e+09	-3.049109999999999950e-04	-2.681869400000000056e-03
7.418542250000000000e+09	1.087244740000000050e-02	-2.485396799999999799e-03
7.418544375000000000e+09	3.817055199999999822e-03	-6.219176199999999939e-03
7.418546500000000000e+09	3.956692799999999774e-03	-7.641847900000000096e-03
7.418548625000000000e+09	1.014040699999999929e-03	-8.769737200000000607e-03
7.418550750000000000e+09	3.954413399999999641e-03	-8.266563500000000814e-03
7.418552875000000000e+09	4.073293799999999805e-03	-3.218979900000000158e-03
7.418555000000000000e+09	9.354640000000000275e-05	-4.754260300000000272e-03
7.418557125000000000e+09	6.226654899999999743e-03	-1.661906799999999943e-03
7.418559250000000000e+09	5.657994199999999592e-03	-8.584771399999999858e-03
7.418561375000000000e+09	-1.127834000000000085e-03	-1.910216900000000044e-03
7.418563500000000000e+09	4.115753800000000046e-03	-8.258397100000000254e-03
7.418565625000000000e+09	4.056615300000000063e-03	-4.359612700000000361e-03
7.418567750000000000e+09	4.609034700000000373e-03	-4.226322000000000021e-04
7.418569875000000000e+09	3.469332000000000210e-04	-7.133396699999999986e-03
7.418572000000000000e+09	6.962897400000000146e-03	-6.764754700000000232e-03
7.418574125000000000e+09	6.338039999999999646e-04	-4.099958400000000037e-03
7.418576250000000000e+09	5.383263200000000179e-03	-4.233747599999999715e-03
7.418578375000000000e+09	4.033552800000000417e-03	-2.376225699999999844e-03
7.418580500000000000e+09	3.779224800000000137e-03	-7.437152000000000042e-04
7.418582625000000000e+09	4.365168099999999600e-03	-2.690877000000000156e-04
7.418584750000000000e+09	2.873159799999999969e-03	-6.996921100000000164e-03
7.418586875000000000e+09	1.683879000000000105e-03	-5.970862900000000265e-03
7.418589000000000000e+09	3.403879099999999880e-03	-2.314980199999999971e-03
7.418591125000000000e+09	3.340878700000000055e-03	-3.130574899999999990e-03
7.418593250000000000e+09	3.855904700000000081e-03	-1.201293399999999898e-03
7.418595375000000000e+09	7.069184499999999795e-03	-5.049392599999999974e-03
7.418597500000000000e+09	2.239701399999999894e-03	-2.529017299999999826e-03
7.418599625000000000e+09	7.222307999999999766e-04	-5.760871600000000078e-03
7.418601750000000000e+09	7.459795600000000172e-03	-9.423278499999999946e-03
7.418603875000000000e+09	9.527622300000000016e-03	-4.990885399999999729e-03
7.418606000000000000e+09	4.956478400000000409e-03	-3.717837800000000151e-03
7.418608125000000000e+09	6.306324500000000041e-03	-2.440058100000000191e-03
7.418610250000000000e+09	5.810066899999999888e-03	-5.182219000000000061e-03
7.418612375000000000e+09	3.501755499999999795e-03	-5.503778299999999638e-03
7.418614500000000000e+09	2.339829299999999970e-03	-4.221411399999999703e-03
7.418616625000000000e+09	4.986501200000000023e-03	-9.737287000000000069e-04
7.418618750000000000e+09	2.957899000000000053e-04	-4.608597600000000072e-03
7.418620875000000000e+09	5.519100400000000010e-03	-6.177865500000000003e-03
7.418623000000000000e+09	5.682527300000000253e-03	-4.287205199999999730e-03
7.418625125000000000e+09	1.953672999999999955e-04	-7.334780100000000413e-03
7.418627250000000000e+09	5.283521299999999893e-03	-2.711839399999999879e-03
7.418629375000000000e+09	2.197758499999999914e-03	-2.443142399999999846e-03
7.418631500000000000e+09	4.710027000000000311e-03	-6.620493899999999737e-03
7.418633625000000000e+09	3.894203199999999795e-03	-5.691573600000000323e-03
7.418635750000000000e+09	5.937167499999999876e-03	-3.169423299999999874e-03
7.418637875000000000e+09	6.266762799999999779e-03	-1.980771599999999865e-03
7.418640000000000000e+09	4.357700299999999610e-03	-3.549236800000000157e-03
7.418642125000000000e+09	8.229113999999999179e-03	-3.222629299999999961e-03
7.418644250000000000e+09	5.924110899999999666e-03	-7.648651000000000234e-03
7.418646375000000000e+09	2.498992199999999862e-03	-4.738468499999999757e-03
7.418648500000000000e+09	5.838699900000000019e-03	-5.116132999999999488e-04
7.418650625000000000e+09	7.127379399999999796e-03	-5.833005999999999955e-03
7.418652750000000000e+09	4.101175999999999780e-03	-5.748336799999999996e-03
7.418654875000000000e+09	2.713238399999999897e-03	-6.281028800000000405e-03
7.418657000000000000e+09	7.086094700000000052e-03	-2.004496699999999947e-03
7.418659125000000000e+09	5.324105600000000188e-03	-4.872933700000000104e-03
7.418661250000000000e+09	4.403674699999999588e-03	-4.194197000000000203e-03
7.418663375000000000e+09	6.222224800000000430e-03	-3.640716999999999912e-03
7.418665500000000000e+09	3.743743800000000170e-03	-4.467015799999999801e-03
7.418667625000000000e+09	1.567393499999999995e-03	-3.093741799999999952e-03
7.418669750000000000e+09	4.857876100000000155e-03	-1.422171899999999942e-03
7.418671875000000000e+09	5.566239700000000408e-03	-2.608928200000000010e-03
7.418674000000000000e+09	7.922317599999999238e-03	-3.085736200000000016e-03
7.418676125000000000e+09	2.983885700000000162e-03	-5.261550400000000391e-03
7.418678250000000000e+09	5.266395099999999704e-03	1.172843999999999927e-03
7.418680375000000000e+09	4.811666200000000101e-03	-6.733301899999999569e-03
7.418682500000000000e+09	2.071075500000000083e-03	-7.597473199999999621e-03
7.418684625000000000e+09	5.114433100000000294e-03	-4.812965500000000382e-03
7.418686750000000000e+09	3.704588600000000183e-03	-6.209443799999999659e-03
7.418688875000000000e+09	5.730611299999999707e-03	-2.142788100000000105e-03
7.418691000000000000e+09	4.185152299999999811e-03	-1.840798800000000100e-03
7.418693125000000000e+09	4.886045399999999587e-03	-1.797120599999999912e-03
7.418695250000000000e+09	4.124722899999999810e-03	-2.392441999999999833e-03
7.418697375000000000e+09	5.656790099999999683e-03	-7.189435800000000369e-03
7.418699500000000000e+09	4.070875199999999909e-03	-3.115562200000000174e-03
7.418701625000000000e+09	4.353032700000000407e-03	-3.969810699999999637e-03
7.418703750000000000e+09	1.895975100000000082e-03	-2.640575500000000211e-03
7.418705875000000000e+09	2.926860099999999913e-03	-2.870866900000000003e-03
7.418708000000000000e+09	2.983627999999999888e-03	-2.995025699999999923e-03
7.418710125000000000e+09	9.189113000000000055e-04	-5.406802599999999820e-03
7.418712250000000000e+09	3.974563599999999738e-03	-1.487320299999999977e-03
7.418714375000000000e+09	2.500108599999999789e-03	-7.425148799999999744e-03
7.418716500000000000e+09	3.120071900000000176e-03	-5.417440299999999598e-03
7.418718625000000000e+09	5.715304200000000112e-03	-1.300902100000000082e-03
7.418720750000000000e+09	5.810464000000000427e-03	-2.704872200000000160e-03
7.418722875000000000e+09	3.364449199999999893e-03	-3.922872099999999591e-03
7.418725000000000000e+09	5.643624300000000399e-03	-1.287879600000000008e-03
7.418727125000000000e+09	7.250308799999999852e-03	-2.383818099999999822e-03
7.418729250000000000e+09	8.116596099999999828e-03	-4.078105099999999872e-03
7.418731375000000000e+09	6.233319400000000322e-03	-5.037305100000000202e-03
7.418733500000000000e+09	3.529757200000000188e-03	-3.537871499999999895e-03
7.418735625000000000e+09	4.911702199999999630e-03	-8.679566000000000104e-04
7.418737750000000000e+09	3.295519499999999963e-03	-2.082214099999999801e-03
7.418739875000000000e+09	6.892137199999999637e-03	-2.853917499999999823e-03
7.418742000000000000e+09	5.479198000000000228e-03	-3.916249999999999593e-03
7.418744125000000000e+09	3.920821300000000217e-03	-5.702549900000000206e-03
7.418746250000000000e+09	3.004697299999999852e-03	-5.488349000000000005e-03
7.418748375000000000e+09	2.696370999999999924e-03	-3.726970400000000159e-03
7.418750500000000000e+09	2.711737200000000157e-03	-3.945339299999999633e-03
7.418752625000000000e+09	5.216465400000000127e-03	-7.752587400000000156e-03
7.418754750000000000e+09	5.094670800000000201e-03	-3.434803599999999933e-03
7.418756875000000000e+09	2.146797599999999973e-03	-4.160748799999999976e-03
7.418759000000000000e+09	6.866179000000000032e-03	-2.678017500000000155e-03
7.418761125000000000e+09	1.497465199999999975e-03	-5.277010199999999582e-03
7.418763250000000000e+09	5.095317700000000054e-03	-1.340133399999999999e-03
7.418765375000000000e+09	5.112143300000000085e-03	1.095891999999999976e-04
7.418767500000000000e+09	3.586386699999999806e-03	-7.032949099999999745e-03
7.418769625000000000e+09	4.304873300000000395e-03	-4.969826499999999841e-03
7.418771750000000000e+09	6.400540000000000352e-04	-6.792040800000000329e-03
7.418773875000000000e+09	3.474654199999999832e-03	-6.061447499999999926e-03
7.418776000000000000e+09	6.062661599999999776e-03	-2.289234299999999903e-03
7.418778125000000000e+09	-1.662063000000000082e-04	-2.899319799999999867e-03
7.418780250000000000e+09	2.520457399999999955e-03	-7.161093299999999988e-03
7.418782375000000000e+09	4.067068499999999809e-03	-5.665547200000000012e-03
7.418784500000000000e+09	5.447667899999999661e-03	-3.538094600000000079e-03
7.418786625000000000e+09	8.223738300000000070e-03	-1.573372900000000055e-03
7.418788750000000000e+09	8.719518699999999692e-03	-2.227610799999999933e-03
7.418790875000000000e+09	7.170935300000000345e-03	-3.266665900000000067e-03
7.418793000000000000e+09	8.550667999999999767e-04	-2.448424199999999894e-03
7.418795125000000000e+09	5.143642700000000158e-03	4.472220999999999749e-04
7.418797250000000000e+09	4.481460300000000146e-03	-5.298615599999999780e-03
7.418799375000000000e+09	2.650081800000000151e-03	-6.057761800000000321e-03
7.418801500000000000e+09	5.169902199999999726e-03	-4.186865100000000152e-03
7.418803625000000000e+09	4.457901000000000225e-03	-3.968030099999999595e-03
7.418805750000000000e+09	2.701068000000000045e-03	-7.945594199999999468e-03
7.418807875000000000e+09	4.247586000000000243e-03	-6.508667400000000235e-03
7.418810000000000000e+09	4.767101000000000151e-04	-1.407807299999999954e-03
7.418812125000000000e+09	2.500443000000000197e-03	-3.920070999999999799e-03
7.418814250000000000e+09	5.793887000000000169e-03	-4.752959699999999982e-03
7.418816375000000000e+09	2.968489099999999971e-03	-2.030819000000000114e-03
7.418818500000000000e+09	8.771292499999999714e-03	-5.613218300000000216e-03
7.418820625000000000e+09	5.290086200000000335e-03	-8.416572799999999174e-03
7.418822750000000000e+09	4.426418199999999741e-03	-3.566097900000000150e-03
7.418824875000000000e+09	6.727456599999999919e-03	-4.929481500000000051e-03
7.418827000000000000e+09	2.793212599999999983e-03	-6.397557800000000169e-03
7.418829125000000000e+09	3.540364900000000144e-03	-8.273962799999999562e-03
7.418831250000000000e+09	7.233770500000000214e-03	-1.464094399999999905e-03
7.418833375000000000e+09	4.929040299999999653e-03	-8.094531699999999233e-03
7.418835500000000000e+09	2.112711699999999995e-03	-2.829068899999999994e-03
7.418837625000000000e+09	2.771558400000000057e-03	-6.546516500000000224e-03
7.418839750000000000e+09	5.875722400000000026e-03	-7.439362899999999584e-03
7.418841875000000000e+09	6.150045100000000285e-03	-9.098570900000000142e-03
7.418844000000000000e+09	2.589758299999999833e-03	-4.245366000000000417e-03
7.418846125000000000e+09	5.823763600000000235e-03	-5.247344000000000140e-03
7.418848250000000000e+09	2.180544100000000006e-03	1.307206900000000083e-03
7.418850375000000000e+09	7.177036700000000158e-03	-3.827586300000000111e-03
7.418852500000000000e+09	-1.027562600000000081e-03	-2.435819599999999863e-03
7.418854625000000000e+09	1.789483799999999972e-03	-7.727385600000000014e-03
7.418856750000000000e+09	4.771089000000000059e-03	-6.376342400000000257e-03
7.418858875000000000e+09	2.368246300000000169e-03	-1.313782899999999974e-03
7.418861000000000000e+09	3.097532699999999868e-03	-6.921281700000000286e-03
7.418863125000000000e+09	2.748771799999999953e-03	-4.225091299999999932e-03
7.418865250000000000e+09	1.551098299999999989e-03	-5.179067699999999677e-03
7.418867375000000000e+09	2.426274799999999805e-03	-3.226371599999999784e-03
7.418869500000000000e+09	2.427150900000000187e-03	-1.759098699999999977e-03
7.418871625000000000e+09	1.379325399999999958e-03	-4.128247500000000424e-03
7.418873750000000000e+09	1.747214900000000062e-03	-5.959132100000000265e-03
7.418875875000000000e+09	4.003427799999999780e-03	-5.804522900000000200e-03
7.418878000000000000e+09	4.991201399999999934e-03	-7.307512700000000187e-03
7.418880125000000000e+09	-6.733890000000000676e-05	-4.381247300000000108e-03
7.418882250000000000e+09	3.762570700000000042e-03	-4.169103399999999661e-03
7.418884375000000000e+09	6.061192699999999774e-03	-8.235286799999999921e-03
7.418886500000000000e+09	2.949328599999999963e-03	-3.880556399999999986e-03
7.418888625000000000e+09	5.163024000000000432e-03	-2.742294199999999790e-03
7.418890750000000000e+09	4.056383900000000084e-03	-3.596444500000000027e-03
7.418892875000000000e+09	-1.140754199999999968e-03	-4.840349800000000140e-03
7.418895000000000000e+09	-1.110874900000000066e-03	-2.041837199999999974e-03
7.418897125000000000e+09	1.455550899999999990e-03	-6.680895000000000280e-04
7.418899250000000000e+09	5.006366299999999610e-03	-4.509517400000000349e-03
7.418901375000000000e+09	6.880689800000000002e-03	-4.611218599999999598e-03
7.418903500000000000e+09	4.095051300000000262e-03	-3.864783799999999946e-03
7.418905625000000000e+09	5.342966999999999899e-04	-7.744059999999999659e-03
7.418907750000000000e+09	3.833916499999999884e-03	-4.996735700000000217e-03
7.418909875000000000e+09	6.312985499999999861e-03	-5.046035499999999667e-03
7.418912000000000000e+09	1.854773199999999950e-03	-7.434606499999999590e-03
7.418914125000000000e+09	4.665403200000000326e-03	-6.532635499999999915e-03
7.418916250000000000e+09	4.423058799999999950e-03	-1.862983199999999982e-03
7.418918375000000000e+09	3.808108699999999958e-03	-8.289478299999999966e-03
7.418920500000000000e+09	4.744313200000000071e-03	-1.547005099999999985e-03
7.418922625000000000e+09	7.615058000000000070e-03	-3.834884000000000209e-03
7.418924750000000000e+09	4.007971100000000397e-03	-2.872186499999999833e-03
7.418926875000000000e+09	1.767860399999999924e-03	-1.186481299999999966e-03
7.418929000000000000e+09	8.068317800000000470e-03	-4.314590000000000092e-03
7.418931125000000000e+09	4.542700099999999810e-03	-5.596676099999999682e-03
7.418933250000000000e+09	3.633252100000000043e-03	-4.400843300000000305e-03
7.418935375000000000e+09	4.684446200000000164e-03	-7.390132699999999583e-03
7.418937500000000000e+09	5.712643800000000160e-03	-5.089474099999999682e-03
7.418939625000000000e+09	6.244785299999999761e-03	-4.411197900000000255e-03
7.418941750000000000e+09	7.751622199999999747e-03	-4.781988699999999842e-03
7.418943875000000000e+09	5.875056000000000028e-03	-4.024350599999999660e-03
7.418946000000000000e+09	-5.354129999999999914e-04	-3.761287900000000184e-03
7.418948125000000000e+09	2.298864900000000162e-03	-4.403552600000000018e-03
7.418950250000000000e+09	5.024460399999999827e-03	-1.809854399999999983e-03
7.418952375000000000e+09	4.975994299999999745e-03	-7.624858899999999856e-03
7.418954500000000000e+09	2.419562899999999975e-03	-4.150899700000000234e-03
7.418956625000000000e+09	4.929712000000000156e-03	-3.443413900000000076e-03
7.418958750000000000e+09	3.846576400000000125e-03	-3.165273799999999971e-03
7.418960875000000000e+09	5.618805200000000222e-03	6.114614999999999460e-04
7.418963000000000000e+09	4.704780700000000225e-03	-5.458187100000000229e-03
7.418965125000000000e+09	6.422146600000000309e-03	-4.956029800000000089e-03
7.418967250000000000e+09	4.182989100000000272e-03	-3.833329300000000005e-03
7.418969375000000000e+09	2.853909200000000028e-03	-5.085787100000000067e-03
7.418971500000000000e+09	2.640127099999999959e-03	-8.002602600000000357e-03
7.418973625000000000e+09	5.323782699999999798e-03	-8.381493300000000812e-03
7.418975750000000000e+09	7.098622399999999881e-03	-5.743593600000000167e-03
7.418977875000000000e+09	-2.496942700000000064e-03	-7.691607500000000215e-03
7.418980000000000000e+09	5.000583099999999885e-03	-4.004334899999999892e-03
7.418982125000000000e+09	5.504051200000000324e-03	-1.493758100000000012e-03
7.418984250000000000e+09	8.606747399999999798e-03	-4.474481800000000044e-03
7.418986375000000000e+09	2.248226900000000177e-03	-3.394708900000000060e-03
7.418988500000000000e+09	5.399257999999999662e-03	-6.783791600000000158e-03
7.418990625000000000e+09	3.224673400000000086e-03	-5.034935600000000136e-03
7.418992750000000000e+09	6.773271200000000047e-03	-7.387521699999999997e-03
7.418994875000000000e+09	2.597109800000000062e-03	-3.460361500000000076e-03
7.418997000000000000e+09	4.816444700000000259e-03	-4.273057099999999844e-03
7.418999125000000000e+09	4.746393800000000066e-03	-5.428538600000000318e-03
7.419001250000000000e+09	2.725317000000000104e-03	-4.747086600000000392e-03
7.419003375000000000e+09	2.884714899999999901e-03	-4.386194399999999646e-03
7.419005500000000000e+09	5.409839100000000088e-03	-3.608617399999999864e-03
7.419007625000000000e+09	3.035027699999999842e-03	-4.200165900000000369e-03
7.419009750000000000e+09	6.746458599999999653e-03	-7.194764499999999931e-03
7.419011875000000000e+09	6.052749100000000097e-03	-1.897374399999999985e-03
7.419014000000000000e+09	4.518473000000000064e-04	-3.162372100000000134e-03
7.419016125000000000e+09	5.550567699999999979e-03	-6.683827699999999629e-03
7.419018250000000000e+09	3.812296299999999843e-03	-6.803697200000000112e-03
7.419020375000000000e+09	1.846520799999999988e-03	-3.171197499999999902e-03
7.419022500000000000e+09	6.926147700000000358e-03	-7.936858999999999234e-03
7.419024625000000000e+09	2.054584800000000197e-03	-5.044856500000000077e-03
7.419026750000000000e+09	1.438611299999999898e-03	-5.426028700000000080e-03
7.419028875000000000e+09	3.269739700000000044e-03	-3.019162599999999919e-03
7.419031000000000000e+09	4.436317099999999986e-03	-3.950490299999999746e-03
7.419033125000000000e+09	1.140861499999999912e-03	-6.449833799999999707e-03
7.419035250000000000e+09	1.817260200000000081e-03	-5.970033399999999726e-03
7.419037375000000000e+09	3.285165599999999818e-03	-3.025246899999999971e-03
7.419039500000000000e+09	8.406603999999999813e-03	-4.387838399999999944e-03
7.419041625000000000e+09	3.841713100000000106e-03	-7.157020400000000185e-03
7.419043750000000000e+09	5.182731200000000385e-03	-5.474528999999999680e-03
7.419045875000000000e+09	5.147758599999999879e-03	-4.546157200000000391e-03
7.419048000000000000e+09	6.648245900000000416e-03	-7.828804999999999662e-04
7.419050125000000000e+09	6.217087199999999682e-03	-7.722732700000000186e-03
7.419052250000000000e+09	4.879225499999999792e-03	-2.858964700000000102e-03
7.419054375000000000e+09	4.994636299999999883e-03	-5.154039200000000084e-03
7.419056500000000000e+09	2.715370999999999844e-03	-3.335412399999999975e-03
7.419058625000000000e+09	-8.207947999999999633e-04	-4.115905000000000431e-03
7.419060750000000000e+09	2.087560400000000160e-03	-6.092892600000000131e-03
7.419062875000000000e+09	7.339327799999999929e-03	-4.707288999999999918e-03
7.419065000000000000e+09	-2.156908999999999823e-03	-3.474207500000000160e-03
7.419067125000000000e+09	4.558651700000000175e-03	-4.691537699999999769e-03
7.419069250000000000e+09	5.661324799999999970e-03	-4.062327999999999599e-03
7.419071375000000000e+09	6.132734699999999733e-03	-4.880467900000000185e-03
7.419073500000000000e+09	4.707801799999999579e-03	-2.866298000000000196e-03
7.419075625000000000e+09	4.792286500000000372e-03	-7.874039799999999617e-03
7.419077750000000000e+09	1.888512999999999921e-04	-5.783581399999999581e-03
7.419079875000000000e+09	-1.257700999999999904e-04	-1.564219200000000008e-03
7.419082000000000000e+09	5.153735999999999907e-03	-5.910622199999999993e-03
7.419084125000000000e+09	4.931124500000000008e-03	-5.779243600000000085e-03
7.419086250000000000e+09	1.931649799999999965e-03	-2.488236500000000177e-03
7.419088375000000000e+09	2.189517599999999970e-03	-8.184291999999999262e-03
7.419090500000000000e+09	6.872444400000000259e-03	-6.835093100000000019e-03
7.419092625000000000e+09	1.598900799999999943e-03	-4.287176900000000054e-03
7.419094750000000000e+09	4.312669199999999946e-03	-4.441760799999999731e-03
7.419096875000000000e+09	9.926850999999999123e-04	-4.094308500000000232e-03
7.419099000000000000e+09	3.368913099999999890e-03	-8.244883399999999862e-03
7.419101125000000000e+09	2.918359100000000178e-03	-2.303700000000000105e-03
7.419103250000000000e+09	3.094930400000000213e-03	-3.345137900000000070e-03
7.419105375000000000e+09	8.185459999999999384e-05	-4.332999700000000377e-03
7.419107500000000000e+09	4.047486399999999582e-03	-4.116921699999999754e-03
7.419109625000000000e+09	4.122346600000000028e-03	-6.606343399999999901e-03
7.419111750000000000e+09	2.723126000000000192e-03	-5.204735200000000332e-03
7.419113875000000000e+09	3.549011899999999792e-03	-5.319718600000000394e-03
7.419116000000000000e+09	4.907813300000000122e-03	-5.579020799999999912e-03
7.419118125000000000e+09	4.779978800000000104e-03	-3.299234700000000086e-03
7.419120250000000000e+09	1.634918400000000098e-03	4.653739000000000270e-04
7.419122375000000000e+09	3.430208100000000163e-03	-1.046021830000000083e-02
7.419124500000000000e+09	5.610434000000000081e-03	-3.795788000000000027e-03
7.419126625000000000e+09	4.771866799999999881e-03	-3.076182099999999822e-03
7.419128750000000000e+09	1.811461999999999903e-04	-8.760910999999999699e-03
7.419130875000000000e+09	1.928689099999999958e-03	-1.122282500000000008e-03
7.419133000000000000e+09	5.202737000000000464e-04	-9.298090400000000311e-03
7.419135125000000000e+09	1.274942999999999953e-03	-3.439578699999999798e-03
7.419137250000000000e+09	9.155044999999999893e-04	-6.440569099999999755e-03
7.419139375000000000e+09	5.943148999999999568e-04	-4.830946499999999762e-03
7.419141500000000000e+09	3.395807099999999853e-03	-4.936960100000000254e-03
7.419143625000000000e+09	3.425523499999999933e-03	-4.150889199999999689e-03
7.419145750000000000e+09	3.243109899999999969e-03	-2.852613500000000107e-03
7.419147875000000000e+09	6.793258899999999809e-03	-5.018997100000000336e-03
7.419150000000000000e+09	5.183493899999999828e-03	-8.197976399999999317e-03
7.419152125000000000e+09	3.504880100000000182e-03	-5.534633700000000413e-03
7.419154250000000000e+09	2.919317700000000071e-03	-6.917638999999999733e-03
7.419156375000000000e+09	5.066716700000000427e-03	-2.146312300000000148e-03
7.419158500000000000e+09	3.262772399999999857e-03	-4.346315100000000368e-03
7.419160625000000000e+09	3.078600099999999947e-03	-5.877523400000000085e-03
7.419162750000000000e+09	6.614448799999999608e-03	-4.244727099999999823e-03
7.419164875000000000e+09	4.715624100000000325e-03	-7.423702600000000110e-03
7.419167000000000000e+09	3.456736599999999954e-03	-2.699099600000000147e-03
7.419169125000000000e+09	2.815696600000000115e-03	-6.216054500000000108e-03
7.419171250000000000e+09	3.739116900000000101e-03	-7.175170300000000348e-03
7.419173375000000000e+09	-2.513815400000000110e-03	-2.104135100000000067e-03
7.419175500000000000e+09	1.122302599999999923e-03	-8.166761099999999413e-03
7.419177625000000000e+09	2.642023399999999991e-03	-4.612568200000000118e-03
7.419179750000000000e+09	2.518088600000000128e-03	-8.115887699999999386e-03
7.419181875000000000e+09	2.033526500000000081e-03	-6.507112199999999860e-03
7.419184000000000000e+09	7.650321999999999765e-04	-4.644844599999999740e-03
7.419186125000000000e+09	-1.965411800000000080e-03	-1.036145490000000072e-02
7.419188250000000000e+09	6.589306999999999760e-04	-3.229130099999999795e-03
7.419190375000000000e+09	2.792752400000000045e-03	-2.071732699999999979e-03
7.419192500000000000e+09	6.522627199999999660e-03	-7.055638000000000361e-03
7.419194625000000000e+09	-6.320183999999999525e-04	-7.230924900000000426e-03
7.419196750000000000e+09	4.377717999999999952e-04	-6.055654700000000397e-03
7.419198875000000000e+09	2.871813000000000078e-04	-4.748563100000000384e-03
7.419201000000000000e+09	5.188360799999999773e-03	-6.752869199999999954e-03
7.419203125000000000e+09	1.313763300000000012e-03	-5.700711600000000004e-03
7.419205250000000000e+09	4.972057200000000281e-03	-7.746967599999999773e-03
7.419207375000000000e+09	5.749377100000000428e-03	-5.349824900000000293e-03
7.419209500000000000e+09	5.885017200000000268e-03	-1.048731760000000054e-02
7.419211625000000000e+09	-1.390081999999999950e-04	-2.036429599999999961e-03
7.419213750000000000e+09	2.081127800000000163e-03	-6.826364300000000232e-03
7.419215875000000000e+09	1.868920299999999928e-03	-6.911509799999999981e-03
7.419218000000000000e+09	8.514208000000000323e-04	-4.012303600000000255e-03
7.419220125000000000e+09	2.512263199999999891e-03	-4.621735200000000147e-03
7.419222250000000000e+09	4.481129399999999631e-03	-7.519906500000000417e-03
7.419224375000000000e+09	3.001131000000000198e-03	-4.673331799999999592e-03
7.419226500000000000e+09	6.266073500000000213e-03	-2.275155599999999830e-03
7.419228625000000000e+09	4.046429399999999961e-03	1.728191000000000070e-04
7.419230750000000000e+09	-3.794906000000000017e-04	-3.746338799999999938e-03
7.419232875000000000e+09	5.733939599999999734e-03	-6.082048799999999894e-03
7.419235000000000000e+09	1.525689700000000017e-03	6.105451000000000237e-04
7.419237125000000000e+09	-2.312856999999999869e-04	-3.989234599999999693e-03
7.419239250000000000e+09	7.420217999999999909e-04	-3.510713500000000112e-03
7.419241375000000000e+09	3.437536000000000150e-03	-4.902887899999999743e-03
7.419243500000000000e+09	2.783917600000000107e-03	-6.242309300000000241e-03
7.419245625000000000e+09	1.086918299999999971e-03	-4.000207000000000415e-03
7.419247750000000000e+09	9.199310000000000527e-05	-5.499686200000000226e-03
7.419249875000000000e+09	6.754912999999999543e-04	-1.059648239999999922e-02
7.419252000000000000e+09	4.040491900000000094e-03	-4.180366399999999732e-03
7.419254125000000000e+09	-9.641186000000000157e-04	-3.838371599999999915e-03
7.419256250000000000e+09	8.897624000000000245e-04	-3.940497999999999744e-03
7.419258375000000000e+09	5.417583400000000257e-03	-8.469840999999999872e-04
7.419260500000000000e+09	5.318632499999999957e-03	-3.550692800000000097e-03
7.419262625000000000e+09	3.355888999999999921e-03	-7.164274699999999794e-03
7.419264750000000000e+09	2.167436300000000118e-03	-4.576101400000000090e-03
7.419266875000000000e+09	5.701252700000000208e-03	-3.867919699999999850e-03
7.419269000000000000e+09	3.544843099999999813e-03	-4.249072399999999708e-03
7.419271125000000000e+09	5.587670999999999784e-03	-3.250820099999999786e-03
7.419273250000000000e+09	5.317857999999999960e-03	-5.572782699999999888e-03
7.419275375000000000e+09	5.954635899999999663e-03	-7.578506399999999747e-03
7.419277500000000000e+09	6.914845999999999666e-03	-6.133793700000000036e-03
7.419279625000000000e+09	2.958035400000000054e-03	-3.520082199999999967e-03
7.419281750000000000e+09	2.556198600000000182e-03	-4.269699099999999664e-03
7.419283875000000000e+09	4.184504500000000085e-03	-6.133222500000000410e-03
7.419286000000000000e+09	5.246354499999999685e-03	-7.972368900000000383e-03
7.419288125000000000e+09	8.895787999999999742e-04	-7.000323299999999804e-03
7.419290250000000000e+09	5.482298299999999701e-03	-5.984183500000000294e-03
7.419292375000000000e+09	3.804241800000000145e-03	-4.405147199999999950e-03
7.419294500000000000e+09	1.509413000000000031e-03	-6.829787900000000231e-03
7.419296625000000000e+09	2.345651700000000051e-03	-4.883330800000000235e-03
7.419298750000000000e+09	1.673159299999999903e-03	-1.846301000000000062e-03
7.419300875000000000e+09	4.790239499999999692e-03	-5.650417599999999797e-03
7.419303000000000000e+09	4.912926700000000424e-03	-4.964864099999999857e-03
7.419305125000000000e+09	1.858860499999999893e-03	-3.435453099999999805e-03
7.419307250000000000e+09	5.613939600000000286e-03	-8.430273599999999617e-03
7.419309375000000000e+09	3.505228500000000160e-03	-3.595282699999999797e-03
7.419311500000000000e+09	5.926421900000000166e-03	-4.273913399999999981e-03
7.419313625000000000e+09	7.560476400000000138e-03	-4.818381099999999653e-03
7.419315750000000000e+09	4.240241300000000164e-03	-5.521375000000000241e-03
7.419317875000000000e+09	7.902067000000000249e-04	-6.148778700000000381e-03
7.419320000000000000e+09	3.064189199999999783e-03	-5.755760599999999727e-03
7.419322125000000000e+09	1.164185299999999975e-03	-7.509245200000000398e-03
7.419324250000000000e+09	3.609479799999999912e-03	-8.075163300000000322e-03
7.419326375000000000e+09	3.899451500000000129e-03	-6.351912799999999762e-03
7.419328500000000000e+09	6.575668800000000064e-03	-5.561281500000000121e-03
7.419330625000000000e+09	5.203695900000000242e-03	-2.224829599999999987e-03
7.419332750000000000e+09	3.635503300000000101e-03	-4.633846799999999898e-03
7.419334875000000000e+09	4.013377500000000001e-03	-5.229513600000000074e-03
7.419337000000000000e+09	-2.421770399999999875e-03	-6.211660100000000392e-03
7.419339125000000000e+09	5.027866399999999895e-03	-3.960773600000000103e-03
7.419341250000000000e+09	1.075149899999999943e-03	-2.372417199999999997e-03
7.419343375000000000e+09	2.526679200000000059e-03	-2.965434800000000138e-03
7.419345500000000000e+09	4.880313499999999576e-03	-4.316586100000000328e-03
7.419347625000000000e+09	4.309468500000000063e-03	-5.122659400000000030e-03
7.419349750000000000e+09	1.426565199999999933e-03	-6.434571299999999709e-03
7.419351875000000000e+09	6.600973599999999768e-03	-2.472883500000000109e-03
7.419354000000000000e+09	3.380816300000000132e-03	-2.096411099999999882e-03
7.419356125000000000e+09	2.662426199999999923e-03	-7.319871500000000100e-03
7.419358250000000000e+09	6.063818599999999670e-03	-5.062330099999999902e-03
7.419360375000000000e+09	-3.140699999999999847e-06	-5.933672699999999883e-03
7.419362500000000000e+09	2.695279100000000112e-03	-4.090151799999999609e-03
7.419364625000000000e+09	1.781713799999999929e-03	-5.552592599999999629e-03
7.419366750000000000e+09	5.726856500000000391e-03	-6.546592000000000383e-03
7.419368875000000000e+09	1.965575800000000060e-03	-5.443018099999999589e-03
7.419371000000000000e+09	4.632839799999999980e-03	-6.809958500000000241e-03
7.419373125000000000e+09	3.599032199999999907e-03	-5.239911300000000410e-03
7.419375250000000000e+09	1.555887599999999926e-03	-9.286186199999999294e-03
7.419377375000000000e+09	2.503489099999999835e-03	-3.706291899999999886e-03
7.419379500000000000e+09	3.125017900000000206e-03	-5.295767199999999904e-03
7.419381625000000000e+09	1.869584699999999895e-03	-7.548663300000000263e-03
7.419383750000000000e+09	2.963630799999999923e-03	-6.021935899999999835e-03
7.419385875000000000e+09	3.089905400000000132e-03	-6.728700500000000390e-03
7.419388000000000000e+09	1.966416999999999980e-04	-6.954311799999999752e-03
7.419390125000000000e+09	5.041596700000000424e-03	-4.934203699999999658e-03
7.419392250000000000e+09	1.738268799999999900e-03	-8.915836999999999591e-04
7.419394375000000000e+09	4.129177700000000173e-03	-6.262707499999999906e-03
7.419396500000000000e+09	5.022371599999999638e-03	-7.395034200000000051e-03
7.419398625000000000e+09	6.991356000000000220e-04	-2.148752800000000140e-03
7.419400750000000000e+09	5.092600800000000351e-03	-2.271062800000000180e-03
7.419402875000000000e+09	2.450823100000000011e-03	-7.597887499999999954e-03
7.419405000000000000e+09	3.992255800000000382e-03	-5.174892399999999650e-03
7.419407125000000000e+09	7.501693599999999587e-03	-3.604909900000000198e-03
7.419409250000000000e+09	1.579248500000000064e-03	-2.004637200000000154e-03
7.419411375000000000e+09	8.771430000000000416e-04	-5.759596100000000107e-03
7.419413500000000000e+09	5.362842799999999882e-03	-7.275614100000000160e-03
7.419415625000000000e+09	-4.107812700000000421e-03	-3.593728000000000027e-03
7.419417750000000000e+09	-8.704090000000000210e-05	-8.003281200000000178e-03
7.419419875000000000e+09	4.847931500000000372e-03	-1.006423029999999920e-02
7.419422000000000000e+09	4.485933600000000313e-03	-5.715115199999999847e-03
7.419424125000000000e+09	8.420361999999999595e-04	-4.117972600000000330e-03
7.419426250000000000e+09	6.514738699999999758e-03	-3.312268100000000191e-03
7.419428375000000000e+09	1.711381400000000020e-03	-7.091621499999999946e-03
7.419430500000000000e+09	-8.594917000000000095e-04	-8.027683699999999672e-03
7.419432625000000000e+09	4.878305599999999652e-03	-5.316553499999999641e-03
7.419434750000000000e+09	-4.527218999999999861e-04	-1.187843899999999932e-03
7.419436875000000000e+09	6.963047999999999677e-04	-5.461320599999999748e-03
7.419439000000000000e+09	4.775189099999999597e-03	-3.219678499999999860e-03
7.419441125000000000e+09	-1.063491900000000049e-03	-5.886555499999999649e-03
7.419443250000000000e+09	1.701707999999999910e-03	-5.984749000000000145e-03
7.419445375000000000e+09	-1.502534700000000053e-03	-5.536828500000000319e-03
7.419447500000000000e+09	6.242088800000000076e-03	-5.780993699999999701e-03
7.419449625000000000e+09	3.254859399999999840e-03	-3.649120699999999860e-03
7.419451750000000000e+09	8.679948000000000264e-04	-4.188532000000000019e-03
7.419453875000000000e+09	4.776493899999999584e-03	-7.437150600000000215e-03
7.419456000000000000e+09	3.938359399999999920e-03	-6.573738499999999714e-03
7.419458125000000000e+09	1.666701000000000033e-03	-7.397139199999999692e-03
7.419460250000000000e+09	8.163692599999999508e-03	-4.841173499999999567e-03
7.419462375000000000e+09	-5.622122999999999704e-04	-9.463307699999999600e-03
7.419464500000000000e+09	4.010188999999999941e-03	-3.768823000000000138e-03
7.419466625000000000e+09	3.262750200000000093e-03	-6.066505399999999951e-03
7.419468750000000000e+09	7.105711000000000449e-04	-1.195853399999999896e-03
7.419470875000000000e+09	1.015239200000000097e-03	-7.836373799999999182e-03
7.419473000000000000e+09	4.067899300000000357e-03	-5.737495100000000042e-03
7.419475125000000000e+09	-8.900170000000000000e-04	-4.825989200000000215e-03
7.419477250000000000e+09	1.745725999999999962e-04	-1.038744600000000070e-03
7.419479375000000000e+09	7.155189200000000235e-03	-8.943194999999999270e-03
7.419481500000000000e+09	3.543559600000000150e-03	-7.366754500000000268e-03
7.419483625000000000e+09	1.747186499999999918e-03	-4.179467099999999678e-03
7.419485750000000000e+09	3.997568499999999692e-03	-7.939166200000000173e-03
7.419487875000000000e+09	5.313599100000000047e-03	-7.121285899999999641e-03
7.419490000000000000e+09	4.975475499999999773e-03	-4.273884399999999632e-03
7.419492125000000000e+09	7.266587799999999972e-03	-2.835813400000000099e-03
7.419494250000000000e+09	2.623811499999999935e-03	-1.663061100000000000e-03
7.419496375000000000e+09	3.870282899999999936e-03	-7.923936600000000552e-03
7.419498500000000000e+09	-4.181084999999999966e-04	-5.527637400000000312e-03
7.419500625000000000e+09	2.731858399999999906e-03	-9.190574499999999702e-03
7.419502750000000000e+09	3.234752100000000061e-03	-3.073216399999999845e-03
7.419504875000000000e+09	6.145539999999999684e-03	-2.530302099999999933e-03
7.419507000000000000e+09	6.624803299999999957e-03	-4.647028499999999833e-03
7.419509125000000000e+09	2.535110599999999912e-03	-6.872677699999999584e-03
7.419511250000000000e+09	1.449283800000000051e-03	-5.969286100000000331e-03
7.419513375000000000e+09	5.446099200000000320e-03	-1.011728089999999920e-02
7.419515500000000000e+09	4.623225699999999709e-03	-7.007933800000000317e-03
7.419517625000000000e+09	3.022330000000000155e-03	-7.013281900000000423e-03
7.419519750000000000e+09	2.935408999999999935e-03	-4.496346400000000160e-03
7.419521875000000000e+09	1.945324599999999999e-03	-9.070757699999999410e-03
7.419524000000000000e+09	1.995675000000000031e-04	-7.211636500000000172e-03
7.419526125000000000e+09	5.267380500000000063e-03	-5.664540800000000299e-03
7.419528250000000000e+09	4.335105700000000360e-03	-7.348992700000000176e-03
7.419530375000000000e+09	7.033162199999999989e-03	-5.404371100000000296e-03
7.419532500000000000e+09	3.175912099999999953e-03	-8.287739900000000437e-03
7.419534625000000000e+09	6.955790499999999627e-03	-2.809927099999999858e-03
7.419536750000000000e+09	5.038803399999999821e-03	-3.747615599999999918e-03
7.419538875000000000e+09	7.296551800000000351e-03	-7.084296500000000080e-03
7.419541000000000000e+09	-1.275488999999999876e-04	-2.040244100000000119e-03
7.419543125000000000e+09	1.595080499999999976e-03	-6.646754999999999851e-03
7.419545250000000000e+09	4.179234100000000021e-03	-4.362251000000000149e-03
7.419547375000000000e+09	3.570894099999999838e-03	-5.212966000000000301e-03
7.419549500000000000e+09	2.149728899999999929e-03	-6.523670700000000315e-03
7.419551625000000000e+09	-6.957447000000000067e-04	-7.895961199999999153e-03
7.419553750000000000e+09	9.574311000000000496e-04	-4.385865099999999676e-03
7.419555875000000000e+09	2.951478699999999806e-03	-1.015566719999999937e-02
7.419558000000000000e+09	2.327106399999999929e-03	-3.650950400000000165e-03
7.419560125000000000e+09	1.762710399999999934e-03	-5.088464099999999608e-03
7.419562250000000000e+09	2.442727200000000074e-03	-9.825802300000000336e-03
7.419564375000000000e+09	-4.107084999999999794e-04	-6.774353999999999792e-03
7.419566500000000000e+09	-3.028603000000000046e-04	-7.513824100000000145e-03
7.419568625000000000e+09	8.439955000000000070e-04	-3.822438599999999822e-03
7.419570750000000000e+09	2.804220000000000063e-03	-5.252307799999999735e-03
7.419572875000000000e+09	1.542630799999999969e-03	-6.891889400000000138e-03
7.419575000000000000e+09	2.356341000000000078e-04	-5.811135900000000132e-03
7.419577125000000000e+09	7.250598300000000128e-03	-5.878541200000000216e-03
7.419579250000000000e+09	7.682951099999999964e-03	-4.726648600000000165e-03
7.419581375000000000e+09	5.852409000000000257e-03	-5.558939100000000189e-03
7.419583500000000000e+09	2.208496099999999931e-03	-5.189558099999999966e-03
7.419585625000000000e+09	-2.466230000000000137e-04	-8.238590999999999536e-04
7.419587750000000000e+09	-1.148380600000000048e-03	-6.979846900000000361e-03
7.419589875000000000e+09	4.863513800000000137e-03	-3.828334899999999950e-03
7.419592000000000000e+09	1.016574199999999975e-03	-7.146286499999999695e-03
7.419594125000000000e+09	-1.428070399999999953e-03	-3.037073800000000216e-03
7.419596250000000000e+09	5.028981000000000293e-04	-6.311251999999999834e-03
7.419598375000000000e+09	1.625509000000000025e-03	-6.095120899999999751e-03
7.419600500000000000e+09	7.708367000000000257e-04	-7.754468999999999945e-03
7.419602625000000000e+09	-2.988978499999999944e-03	-5.109717500000000336e-03
7.419604750000000000e+09	2.332990799999999903e-03	-4.041949399999999679e-03
7.419606875000000000e+09	3.506967499999999894e-03	-5.537652700000000351e-03
7.419609000000000000e+09	2.444256799999999959e-03	-6.738113700000000240e-03
7.419611125000000000e+09	1.381416600000000099e-03	-5.794020999999999894e-03
7.419613250000000000e+09	1.397988000000000073e-04	-2.993965099999999942e-03
7.419615375000000000e+09	2.431629000000000093e-04	-8.207854100000000139e-03
7.419617500000000000e+09	8.132963700000000670e-03	-4.571024899999999794e-03
7.419619625000000000e+09	4.883214299999999973e-03	-8.059231099999999634e-03
7.419621750000000000e+09	4.323072600000000057e-03	-1.000872459999999943e-02
7.419623875000000000e+09	3.719267999999999966e-03	-4.965314999999999659e-03
7.419626000000000000e+09	1.115756099999999900e-03	-4.801477499999999912e-03
7.419628125000000000e+09	4.199395100000000332e-03	-5.470830999999999784e-03
7.419630250000000000e+09	6.249804599999999634e-03	-2.048950199999999972e-03
7.419632375000000000e+09	1.708714600000000054e-03	-4.322150900000000170e-03
7.419634500000000000e+09	4.436558099999999769e-03	-7.443149100000000067e-03
7.419636625000000000e+09	1.235405300000000069e-03	-4.529665399999999696e-03
7.419638750000000000e+09	1.270735700000000072e-03	-1.461950600000000043e-03
7.419640875000000000e+09	1.092511700000000025e-03	-1.924165299999999919e-03
7.419643000000000000e+09	4.303892800000000407e-03	-7.037671100000000152e-03
7.419645125000000000e+09	2.257438400000000202e-03	-7.820138799999999321e-03
7.419647250000000000e+09	3.040823599999999995e-03	-3.338698699999999991e-03
7.419649375000000000e+09	-3.590865000000000051e-04	-7.530096499999999748e-03
7.419651500000000000e+09	2.428803099999999812e-03	-9.515059999999999664e-05
7.419653625000000000e+09	3.551845100000000123e-03	-6.747857900000000207e-03
7.419655750000000000e+09	2.080666899999999986e-03	-7.730427199999999853e-03
7.419657875000000000e+09	2.777285300000000099e-03	-6.368123399999999976e-03
7.419660000000000000e+09	9.046841999999999601e-04	-7.756507299999999827e-03
7.419662125000000000e+09	3.341080399999999881e-03	-5.019364200000000185e-03
7.419664250000000000e+09	1.929331399999999978e-03	-2.956189499999999862e-03
7.419666375000000000e+09	1.562104300000000025e-03	-4.337599600000000347e-03
7.419668500000000000e+09	4.585717700000000244e-03	-2.898203600000000008e-03
7.419670625000000000e+09	2.167833399999999789e-03	-8.790714099999999420e-03
7.419672750000000000e+09	-1.922786000000000059e-04	-1.204502400000000010e-03
7.419674875000000000e+09	3.684076399999999807e-03	-9.362033999999999981e-03
7.419677000000000000e+09	3.270909199999999864e-03	-6.171694900000000011e-03
7.419679125000000000e+09	9.578470999999999860e-04	-6.965483399999999881e-03
7.419681250000000000e+09	3.913129500000000170e-03	-4.001030699999999843e-03
7.419683375000000000e+09	-6.809388999999999460e-04	-2.356989299999999975e-03
7.419685500000000000e+09	1.107200299999999910e-03	-3.483784699999999991e-03
7.419687625000000000e+09	1.944513400000000064e-03	-6.960769900000000204e-03
7.419689750000000000e+09	-3.783753000000000160e-04	-8.137601499999999252e-03
7.419691875000000000e+09	-5.896280999999999528e-04	-1.012653779999999996e-02
7.419694000000000000e+09	6.835640000000000032e-04	-4.392561199999999756e-03
7.419696125000000000e+09	1.449602900000000012e-03	-3.103910399999999792e-03
7.419698250000000000e+09	4.435269300000000033e-03	-7.291337900000000039e-03
7.419700375000000000e+09	-1.479045000000000067e-04	-5.590490699999999848e-03
7.419702500000000000e+09	3.444901599999999984e-03	-3.716932200000000117e-03
7.419704625000000000e+09	4.471681100000000388e-03	-6.815459299999999943e-03
7.419706750000000000e+09	-2.050220000000000167e-05	-3.733596899999999923e-03
7.419708875000000000e+09	3.518872799999999985e-03	-1.849436999999999999e-03
7.419711000000000000e+09	2.308188000000000134e-04	-6.056376100000000068e-03
7.419713125000000000e+09	6.420239000000000111e-04	-7.222010299999999730e-03
7.419715250000000000e+09	4.269874000000000109e-04	-9.838603099999999185e-03
7.419717375000000000e+09	-9.074181999999999648e-04	-7.692744999999999748e-04
7.419719500000000000e+09	-2.586228099999999912e-03	-6.597378299999999765e-03
7.419721625000000000e+09	1.681579199999999955e-03	-3.655050100000000000e-03
7.419723750000000000e+09	-2.580641199999999906e-03	-5.939161999999999567e-03
7.419725875000000000e+09	-3.107488000000000155e-04	-5.483851999999999997e-03
7.419728000000000000e+09	2.422402299999999817e-03	-3.424130599999999826e-03
7.419730125000000000e+09	3.576475999999999874e-04	-3.796148699999999862e-03
7.419732250000000000e+09	2.699729200000000173e-03	-9.909566700000000533e-03
7.419734375000000000e+09	3.305156200000000134e-03	-7.080635200000000122e-03
7.419736500000000000e+09	1.138553399999999967e-03	-5.318408900000000036e-03
7.419738625000000000e+09	5.835756099999999703e-03	-8.621458000000000246e-03
7.419740750000000000e+09	-5.227860000000000189e-04	-3.420177400000000076e-03
7.419742875000000000e+09	-1.640608700000000019e-03	-8.289830300000000304e-03
7.419745000000000000e+09	2.523077800000000145e-03	-8.648443299999999251e-03
7.419747125000000000e+09	3.033276300000000217e-03	-3.074888599999999785e-03
7.419749250000000000e+09	2.934657800000000077e-03	-7.469183400000000035e-03
7.419751375000000000e+09	4.033709600000000110e-03	-5.001914799999999939e-03
7.419753500000000000e+09	-1.973680000000000117e-04	-8.415902700000000083e-03
7.419755625000000000e+09	1.583683299999999895e-03	3.196529000000000037e-04
7.419757750000000000e+09	2.806618700000000112e-03	-6.564086799999999632e-03
7.419759875000000000e+09	-3.490310000000000266e-04	-6.932645500000000037e-03
7.419762000000000000e+09	3.823127700000000188e-03	-5.175104100000000283e-03
7.419764125000000000e+09	1.443737199999999910e-03	-3.128844400000000119e-03
7.419766250000000000e+09	1.655981300000000048e-03	-9.334773500000000807e-03
7.419768375000000000e+09	2.094585200000000005e-03	-3.398269099999999803e-03
7.419770500000000000e+09	-1.481749099999999904e-03	-3.652850200000000089e-03
7.419772625000000000e+09	3.241792299999999953e-03	-3.494573400000000087e-03
7.419774750000000000e+09	-2.162110200000000142e-03	-5.835741000000000192e-03
7.419776875000000000e+09	2.921999000000000211e-03	-6.084519800000000311e-03
7.419779000000000000e+09	7.828858999999999645e-04	-8.276535899999999668e-03
7.419781125000000000e+09	2.732781300000000201e-03	-7.016776500000000347e-03
7.419783250000000000e+09	1.532406299999999931e-03	-5.403361399999999891e-03
7.419785375000000000e+09	4.480554000000000307e-03	-3.684897800000000185e-03
7.419787500000000000e+09	3.042515300000000079e-03	-5.325407899999999757e-03
7.419789625000000000e+09	-1.229640900000000033e-03	-8.794446699999999839e-03
7.419791750000000000e+09	8.953814999999999517e-04	-6.398301999999999809e-03
7.419793875000000000e+09	1.356742200000000042e-03	-7.183105199999999593e-03
7.419796000000000000e+09	1.560565500000000039e-03	-7.843215699999999541e-03
7.419798125000000000e+09	1.299545000000000040e-04	-1.748947899999999918e-03
7.419800250000000000e+09	3.139372799999999922e-03	-5.782536199999999647e-03
7.419802375000000000e+09	7.227353999999999853e-04	-6.543437299999999707e-03
7.419804500000000000e+09	-2.155675000000000126e-04	-5.113690899999999602e-03
7.419806625000000000e+09	2.021155399999999876e-03	-4.864242300000000060e-03
7.419808750000000000e+09	3.696034999999999859e-04	-5.609962500000000192e-03
7.419810875000000000e+09	1.022428099999999956e-03	-3.376243299999999795e-03
7.419813000000000000e+09	-3.123220800000000175e-03	-7.853076699999999438e-03
7.419815125000000000e+09	1.798795900000000041e-03	-3.371683099999999919e-03
7.419817250000000000e+09	8.229990000000000396e-04	-3.994625299999999581e-03
7.419819375000000000e+09	-7.739307999999999865e-04	-9.347232299999999258e-03
7.419821500000000000e+09	1.649513700000000043e-03	-4.298656900000000398e-03
7.419823625000000000e+09	1.086360499999999927e-03	-7.560604400000000419e-03
7.419825750000000000e+09	4.675160400000000389e-03	-7.365595499999999692e-03
7.419827875000000000e+09	1.576148899999999962e-03	-7.656996000000000115e-03
7.419830000000000000e+09	1.022450999999999959e-03	-8.420514000000000471e-03
7.419832125000000000e+09	-9.295621999999999479e-04	-6.788019499999999908e-03
7.419834250000000000e+09	-4.379432000000000051e-04	-1.068709039999999992e-02
7.419836375000000000e+09	-2.514228800000000135e-03	-4.154489800000000198e-03
7.419838500000000000e+09	8.230108999999999776e-04	-5.800194199999999904e-03
7.419840625000000000e+09	1.000520599999999956e-03	-7.321772399999999965e-03
7.419842750000000000e+09	3.810561799999999909e-03	-4.349184699999999668e-03
7.419844875000000000e+09	8.421042999999999801e-04	-9.711263399999999629e-03
7.419847000000000000e+09	-1.017067999999999933e-04	-5.423502499999999921e-03
7.419849125000000000e+09	1.162634500000000017e-03	-6.370555800000000241e-03
7.419851250000000000e+09	-5.640810000000000225e-04	-5.130018499999999815e-03
7.419853375000000000e+09	7.131239999999999845e-05	-2.460262200000000021e-03
7.419855500000000000e+09	4.353940399999999857e-03	-6.154957499999999700e-03
7.419857625000000000e+09	-3.755384999999999756e-04	-4.512051100000000030e-03
7.419859750000000000e+09	-7.997939000000000133e-04	-8.087319799999999337e-03
7.419861875000000000e+09	2.045442999999999925e-04	-4.250141899999999688e-03
7.419864000000000000e+09	3.836899899999999825e-03	-4.045999500000000380e-03
7.419866125000000000e+09	2.617868099999999792e-03	-2.787690900000000093e-03
7.419868250000000000e+09	4.344063000000000221e-04	-4.586051199999999911e-03
7.419870375000000000e+09	3.040365999999999750e-04	-6.127139200000000265e-03
7.419872500000000000e+09	6.739069000000000309e-04	-4.531384900000000153e-03
7.419874625000000000e+09	9.468614000000000414e-04	-3.462713100000000110e-03
7.419876750000000000e+09	4.853459899999999945e-03	-4.699612500000000317e-03
7.419878875000000000e+09	2.691659999999999908e-04	-8.205257900000000396e-03
7.419881000000000000e+09	1.007224500000000094e-03	-6.266874199999999603e-03
7.419883125000000000e+09	-3.388040999999999839e-04	-4.953894599999999690e-03
7.419885250000000000e+09	8.217254999999999915e-04	-1.046030189999999985e-02
7.419887375000000000e+09	6.092997699999999975e-03	-6.561865600000000263e-03
7.419889500000000000e+09	3.428453699999999948e-03	-3.965382400000000071e-03
7.419891625000000000e+09	3.284698300000000060e-03	-5.798419499999999706e-03
7.419893750000000000e+09	5.370141800000000423e-03	-5.301613000000000159e-03
7.419895875000000000e+09	1.590634000000000058e-04	-3.773035399999999807e-03
7.419898000000000000e+09	2.874405300000000118e-03	-4.519973400000000183e-03
7.419900125000000000e+09	-2.143507599999999996e-03	-6.648376299999999781e-03
7.419902250000000000e+09	4.406142999999999735e-04	-6.759425200000000397e-03
7.419904375000000000e+09	-4.620288999999999971e-04	-6.706159700000000404e-03
7.419906500000000000e+09	1.102545400000000050e-03	-8.308371800000000432e-03
7.419908625000000000e+09	-2.829901299999999786e-03	-3.584976900000000008e-03
7.419910750000000000e+09	-8.493386000000000338e-04	-6.428380600000000236e-03
7.419912875000000000e+09	-1.732361100000000004e-03	-7.467819700000000345e-03
7.419915000000000000e+09	6.966230000000000555e-05	-9.702688799999999517e-03
7.419917125000000000e+09	-1.749783200000000049e-03	-6.637291800000000297e-03
7.419919250000000000e+09	4.413799900000000241e-03	-4.948162199999999941e-03
7.419921375000000000e+09	1.508870899999999919e-03	-2.447400099999999783e-03
7.419923500000000000e+09	2.112714500000000082e-03	-4.729819900000000431e-03
7.419925625000000000e+09	7.744705999999999639e-04	-5.730168199999999962e-03
7.419927750000000000e+09	-4.831295700000000012e-03	-5.834680699999999880e-03
7.419929875000000000e+09	1.831961000000000060e-04	-7.509495100000000180e-03
7.419932000000000000e+09	2.126189100000000151e-03	-2.388164099999999946e-03
7.419934125000000000e+09	7.924084000000000075e-04	-7.171514799999999766e-03
7.419936250000000000e+09	2.377854500000000162e-03	-6.108319600000000280e-03
7.419938375000000000e+09	2.156071600000000060e-03	-8.095853899999999950e-03
7.419940500000000000e+09	3.660717200000000032e-03	-6.073735900000000118e-03
7.419942625000000000e+09	2.120574999999999977e-03	-3.752968000000000189e-03
7.419944750000000000e+09	3.925436099999999630e-03	-8.897729099999999655e-03
7.419946875000000000e+09	3.838205300000000018e-03	-3.765226400000000126e-03
7.419949000000000000e+09	6.348595700000000085e-03	-5.570764500000000355e-03
7.419951125000000000e+09	2.118233299999999850e-03	-8.534375900000000167e-03
7.419953250000000000e+09	-1.409098599999999892e-03	-3.181786099999999850e-03
7.419955375000000000e+09	2.363604899999999925e-03	-6.061890200000000402e-03
7.419957500000000000e+09	4.978730999999999478e-04	-6.770346699999999808e-03
7.419959625000000000e+09	-4.936109999999999738e-05	-7.141488900000000396e-03
7.419961750000000000e+09	-1.393904000000000063e-03	-3.139082499999999807e-03
7.419963875000000000e+09	-2.923027000000000025e-04	-4.585038300000000150e-03
7.419966000000000000e+09	-6.355662999999999460e-04	-6.826517899999999701e-03
7.419968125000000000e+09	8.368928000000000521e-04	-9.583244100000000779e-03
7.419970250000000000e+09	6.934240000000000206e-05	-7.719452800000000184e-03
7.419972375000000000e+09	1.983222199999999831e-03	-4.550660899999999648e-03
7.419974500000000000e+09	-4.636466000000000003e-04	-6.310926199999999757e-03
7.419976625000000000e+09	1.795740400000000016e-03	-5.627415600000000399e-03
7.419978750000000000e+09	-2.183511400000000095e-03	-4.949418500000000304e-03
7.419980875000000000e+09	4.988928800000000385e-03	-4.125985399999999685e-03
7.419983000000000000e+09	1.266459499999999898e-03	-8.215479100000000826e-03
7.419985125000000000e+09	4.031484000000000109e-04	-7.239524500000000390e-03
7.419987250000000000e+09	4.862021600000000429e-03	-1.825577799999999942e-03
7.419989375000000000e+09	2.097570600000000195e-03	-8.468468300000000365e-03
7.419991500000000000e+09	3.664026500000000085e-03	-1.416700500000000074e-03
7.419993625000000000e+09	-1.337452999999999949e-04	-6.225198500000000100e-03
7.419995750000000000e+09	1.601258400000000071e-03	-7.478558199999999802e-03
7.419997875000000000e+09	1.145297100000000016e-03	-7.715892000000000236e-03
7.420000000000000000e+09	-1.482739100000000096e-03	-2.133066800000000141e-03
