7.403000000000000000e+09	5.220396300000000080e-03	-1.438314800000000055e-03
7.403002429000000000e+09	5.218012200000000239e-03	-1.448094899999999904e-03
7.403004857000000000e+09	5.235731100000000013e-03	-1.563969899999999996e-03
7.403007286000000000e+09	5.215020600000000103e-03	-1.510340200000000058e-03
7.403009714000000000e+09	5.150988199999999642e-03	-1.559536299999999924e-03
7.403012143000000000e+09	5.185041300000000145e-03	-1.586521600000000013e-03
7.403014571000000000e+09	5.236626999999999775e-03	-1.509287900000000088e-03
7.403017000000000000e+09	5.160991600000000394e-03	-1.557248900000000099e-03
7.403019429000000000e+09	5.133551099999999687e-03	-1.626027499999999895e-03
7.403021857000000000e+09	5.165761199999999685e-03	-1.575987000000000048e-03
7.403024286000000000e+09	5.168734000000000349e-03	-1.664113100000000085e-03
7.403026714000000000e+09	5.223149600000000052e-03	-1.558251000000000080e-03
7.403029143000000000e+09	5.198895000000000252e-03	-1.634344600000000019e-03
7.403031571000000000e+09	5.213354400000000041e-03	-1.621369299999999994e-03
7.403034000000000000e+09	5.158915000000000028e-03	-1.615334800000000010e-03
7.403036429000000000e+09	5.142677699999999817e-03	-1.596180900000000085e-03
7.403038857000000000e+09	5.150967600000000424e-03	-1.615080999999999982e-03
7.403041286000000000e+09	5.169715299999999743e-03	-1.683486099999999914e-03
7.403043714000000000e+09	5.095270699999999639e-03	-1.681090400000000021e-03
7.403046143000000000e+09	5.162465899999999636e-03	-1.682632000000000095e-03
7.403048571000000000e+09	5.097659800000000317e-03	-1.613274000000000045e-03
7.403051000000000000e+09	5.158364200000000420e-03	-1.690209800000000082e-03
7.403053429000000000e+09	5.219892299999999950e-03	-1.645116000000000070e-03
7.403055857000000000e+09	5.158541200000000063e-03	-1.670115599999999999e-03
7.403058286000000000e+09	5.142107899999999801e-03	-1.692429199999999920e-03
7.403060714000000000e+09	5.135025900000000400e-03	-1.642398900000000082e-03
7.403063143000000000e+09	5.169604399999999655e-03	-1.733648900000000050e-03
7.403065571000000000e+09	5.111892500000000429e-03	-1.666458100000000036e-03
7.403068000000000000e+09	5.114607499999999918e-03	-1.674465499999999935e-03
7.403070429000000000e+09	5.165301700000000419e-03	-1.707659899999999916e-03
7.403072857000000000e+09	5.183195699999999621e-03	-1.725851200000000103e-03
7.403075286000000000e+09	5.178254099999999790e-03	-1.701352699999999964e-03
7.403077714000000000e+09	5.043241300000000059e-03	-1.755150899999999899e-03
7.403080143000000000e+09	5.149519400000000108e-03	-1.704291400000000059e-03
7.403082571000000000e+09	5.095077800000000212e-03	-1.694388399999999933e-03
7.403085000000000000e+09	5.168010399999999928e-03	-1.731234400000000034e-03
7.403087429000000000e+09	5.090774200000000235e-03	-1.756521800000000093e-03
7.403089857000000000e+09	5.144572499999999771e-03	-1.765207200000000042e-03
7.403092286000000000e+09	5.170233100000000241e-03	-1.740923899999999996e-03
7.403094714000000000e+09	5.095027499999999973e-03	-1.739465200000000003e-03
7.403097143000000000e+09	5.138755600000000263e-03	-1.814629600000000099e-03
7.403099571000000000e+09	5.108973400000000296e-03	-1.753676999999999927e-03
7.403102000000000000e+09	5.116651899999999711e-03	-1.769344400000000088e-03
7.403104429000000000e+09	5.053985300000000090e-03	-1.787922200000000017e-03
7.403106857000000000e+09	5.159002200000000274e-03	-1.785971500000000083e-03
7.403109286000000000e+09	5.106300700000000053e-03	-1.780233599999999977e-03
7.403111714000000000e+09	5.074045999999999591e-03	-1.840717200000000029e-03
7.403114143000000000e+09	5.108143699999999690e-03	-1.865264699999999963e-03
7.403116571000000000e+09	5.118695200000000431e-03	-1.879215700000000074e-03
7.403119000000000000e+09	5.119404000000000142e-03	-1.874000999999999922e-03
7.403121429000000000e+09	5.050594400000000400e-03	-1.831809300000000100e-03
7.403123857000000000e+09	5.096822800000000257e-03	-1.876172300000000055e-03
7.403126286000000000e+09	5.069356199999999757e-03	-1.864720000000000049e-03
7.403128714000000000e+09	5.067030499999999882e-03	-1.913161499999999982e-03
7.403131143000000000e+09	5.071264199999999875e-03	-1.863613899999999948e-03
7.403133571000000000e+09	5.118885999999999575e-03	-1.928794499999999905e-03
7.403136000000000000e+09	5.055064800000000011e-03	-1.919044900000000048e-03
7.403138429000000000e+09	5.083618600000000022e-03	-1.903279799999999964e-03
7.403140857000000000e+09	5.098742600000000062e-03	-1.856165600000000103e-03
7.403143286000000000e+09	5.077190100000000123e-03	-1.921319799999999947e-03
7.403145714000000000e+09	5.100172699999999844e-03	-1.900321099999999989e-03
7.403148143000000000e+09	5.036558899999999880e-03	-1.932132600000000021e-03
7.403150571000000000e+09	5.037071500000000340e-03	-1.945057899999999909e-03
7.403153000000000000e+09	5.114083699999999975e-03	-1.962622499999999975e-03
7.403155429000000000e+09	5.052958599999999960e-03	-1.946024800000000030e-03
7.403157857000000000e+09	5.060935600000000117e-03	-1.977360200000000123e-03
7.403160286000000000e+09	5.069791700000000380e-03	-1.893551800000000101e-03
7.403162714000000000e+09	5.057129900000000358e-03	-1.989242699999999812e-03
7.403165143000000000e+09	5.030746899999999876e-03	-1.946581300000000065e-03
7.403167571000000000e+09	5.034899699999999603e-03	-1.998031200000000007e-03
7.403170000000000000e+09	5.010926700000000421e-03	-1.948319499999999959e-03
7.403172429000000000e+09	5.036877300000000036e-03	-1.980140100000000059e-03
7.403174857000000000e+09	5.051692800000000261e-03	-2.047269799999999838e-03
7.403177286000000000e+09	5.001795699999999657e-03	-1.969185100000000067e-03
7.403179714000000000e+09	4.996893399999999784e-03	-2.016600400000000039e-03
7.403182143000000000e+09	4.967089600000000257e-03	-1.999423399999999875e-03
7.403184571000000000e+09	4.998634600000000268e-03	-1.973126099999999994e-03
7.403187000000000000e+09	5.029883300000000286e-03	-2.046701800000000002e-03
7.403189429000000000e+09	4.988687900000000203e-03	-1.947660699999999951e-03
7.403191857000000000e+09	5.026399499999999708e-03	-1.990659200000000160e-03
7.403194286000000000e+09	5.030314699999999944e-03	-2.071015600000000040e-03
7.403196714000000000e+09	5.072570499999999941e-03	-2.088453000000000098e-03
7.403199143000000000e+09	5.038475700000000397e-03	-2.053404999999999900e-03
7.403201571000000000e+09	4.996213900000000090e-03	-2.076549300000000119e-03
7.403204000000000000e+09	4.965520200000000245e-03	-2.021869899999999796e-03
7.403206429000000000e+09	5.027872299999999739e-03	-2.081013400000000183e-03
7.403208857000000000e+09	4.983086999999999760e-03	-2.126214700000000207e-03
7.403211286000000000e+09	5.038568999999999687e-03	-2.125645199999999860e-03
7.403213714000000000e+09	4.981369499999999985e-03	-2.052115599999999960e-03
7.403216143000000000e+09	5.006188200000000026e-03	-2.145883900000000212e-03
7.403218571000000000e+09	4.982267000000000293e-03	-2.136712499999999983e-03
7.403221000000000000e+09	4.953182900000000291e-03	-2.090473099999999845e-03
7.403223429000000000e+09	4.936236000000000096e-03	-2.059955899999999906e-03
7.403225857000000000e+09	4.973626299999999757e-03	-2.142166599999999806e-03
7.403228286000000000e+09	4.989094200000000409e-03	-2.102768799999999924e-03
7.403230714000000000e+09	4.946491499999999646e-03	-2.153409199999999860e-03
7.403233143000000000e+09	4.961992099999999739e-03	-2.159660700000000117e-03
7.403235571000000000e+09	4.936564800000000329e-03	-2.137772699999999828e-03
7.403238000000000000e+09	4.928313299999999807e-03	-2.099107900000000103e-03
7.403240429000000000e+09	4.956201999999999830e-03	-2.204485600000000156e-03
7.403242857000000000e+09	4.889106600000000039e-03	-2.146971200000000191e-03
7.403245286000000000e+09	4.995445599999999604e-03	-2.203798700000000107e-03
7.403247714000000000e+09	4.929691800000000207e-03	-2.238748699999999845e-03
7.403250143000000000e+09	4.964916500000000378e-03	-2.202510999999999879e-03
7.403252571000000000e+09	4.884742699999999882e-03	-2.189144100000000107e-03
7.403255000000000000e+09	4.969813899999999882e-03	-2.185333800000000080e-03
7.403257429000000000e+09	4.966030700000000422e-03	-2.260550499999999796e-03
7.403259857000000000e+09	4.929230799999999996e-03	-2.195153699999999840e-03
7.403262286000000000e+09	4.935959799999999585e-03	-2.147072199999999938e-03
7.403264714000000000e+09	4.930218400000000237e-03	-2.225854099999999801e-03
7.403267143000000000e+09	4.971187799999999581e-03	-2.292724700000000129e-03
7.403269571000000000e+09	4.924493500000000010e-03	-2.276012100000000034e-03
7.403272000000000000e+09	4.860132900000000387e-03	-2.242334800000000180e-03
7.403274429000000000e+09	4.859475400000000389e-03	-2.266860600000000087e-03
7.403276857000000000e+09	4.893832499999999606e-03	-2.210339200000000035e-03
7.403279286000000000e+09	4.852500899999999916e-03	-2.305767900000000106e-03
7.403281714000000000e+09	4.879232699999999645e-03	-2.243244699999999946e-03
7.403284143000000000e+09	4.852747000000000137e-03	-2.256191199999999907e-03
7.403286571000000000e+09	4.945008199999999937e-03	-2.291233299999999827e-03
7.403289000000000000e+09	4.891248899999999823e-03	-2.297964500000000167e-03
7.403291429000000000e+09	4.841495099999999947e-03	-2.363462499999999938e-03
7.403293857000000000e+09	4.863207500000000204e-03	-2.326960099999999913e-03
7.403296286000000000e+09	4.909047700000000389e-03	-2.351138200000000081e-03
7.403298714000000000e+09	4.891599299999999616e-03	-2.320577900000000190e-03
7.403301143000000000e+09	4.858760900000000035e-03	-2.365029299999999932e-03
7.403303571000000000e+09	4.894276200000000424e-03	-2.360278099999999976e-03
7.403306000000000000e+09	4.790308400000000202e-03	-2.319632399999999994e-03
7.403308429000000000e+09	4.863953899999999726e-03	-2.401350100000000046e-03
7.403310857000000000e+09	4.806884400000000120e-03	-2.415520699999999799e-03
7.403313286000000000e+09	4.868475399999999849e-03	-2.347141999999999978e-03
7.403315714000000000e+09	4.867757900000000207e-03	-2.367250799999999836e-03
7.403318143000000000e+09	4.819096000000000143e-03	-2.439887200000000027e-03
7.403320571000000000e+09	4.831718999999999944e-03	-2.401091100000000197e-03
7.403323000000000000e+09	4.807284200000000278e-03	-2.337919700000000173e-03
7.403325429000000000e+09	4.863327500000000359e-03	-2.375567299999999972e-03
7.403327857000000000e+09	4.831064700000000170e-03	-2.416148500000000077e-03
7.403330286000000000e+09	4.752869399999999980e-03	-2.437069300000000143e-03
7.403332714000000000e+09	4.838413399999999878e-03	-2.429293500000000074e-03
7.403335143000000000e+09	4.761051599999999856e-03	-2.423309700000000032e-03
7.403337571000000000e+09	4.816838399999999638e-03	-2.437862199999999910e-03
7.403340000000000000e+09	4.862684400000000066e-03	-2.473901499999999875e-03
7.403342429000000000e+09	4.796174099999999871e-03	-2.450638700000000014e-03
7.403344857000000000e+09	4.739979200000000135e-03	-2.418606700000000033e-03
7.403347286000000000e+09	4.831690599999999801e-03	-2.390119500000000181e-03
7.403349714000000000e+09	4.802117300000000380e-03	-2.392568900000000172e-03
7.403352143000000000e+09	4.767407900000000288e-03	-2.469921300000000024e-03
7.403354571000000000e+09	4.795014000000000221e-03	-2.462813700000000133e-03
7.403357000000000000e+09	4.819038900000000188e-03	-2.427168600000000152e-03
7.403359429000000000e+09	4.735913500000000186e-03	-2.429679100000000161e-03
7.403361857000000000e+09	4.794610799999999770e-03	-2.497626800000000025e-03
7.403364286000000000e+09	4.770375500000000046e-03	-2.554354899999999873e-03
7.403366714000000000e+09	4.765874300000000341e-03	-2.468443600000000057e-03
7.403369143000000000e+09	4.759515100000000221e-03	-2.511283000000000005e-03
7.403371571000000000e+09	4.778893200000000271e-03	-2.440890199999999882e-03
7.403374000000000000e+09	4.767243800000000274e-03	-2.483349399999999849e-03
7.403376429000000000e+09	4.793001600000000063e-03	-2.465610100000000058e-03
7.403378857000000000e+09	4.804676699999999717e-03	-2.481834300000000139e-03
7.403381286000000000e+09	4.748442000000000288e-03	-2.535457799999999914e-03
7.403383714000000000e+09	4.714840399999999793e-03	-2.552818799999999940e-03
7.403386143000000000e+09	4.721555500000000280e-03	-2.524775899999999809e-03
7.403388571000000000e+09	4.733110900000000315e-03	-2.492853800000000009e-03
7.403391000000000000e+09	4.780450299999999993e-03	-2.559702499999999808e-03
7.403393429000000000e+09	4.780991800000000333e-03	-2.604687400000000198e-03
7.403395857000000000e+09	4.784650199999999735e-03	-2.592956200000000062e-03
7.403398286000000000e+09	4.716276800000000421e-03	-2.563442700000000216e-03
7.403400714000000000e+09	4.738989100000000343e-03	-2.646142000000000199e-03
7.403403143000000000e+09	4.787724900000000020e-03	-2.614976299999999861e-03
7.403405571000000000e+09	4.720494199999999627e-03	-2.573053799999999898e-03
7.403408000000000000e+09	4.702389700000000200e-03	-2.533943900000000179e-03
7.403410429000000000e+09	4.709719000000000232e-03	-2.636414299999999787e-03
7.403412857000000000e+09	4.722595999999999912e-03	-2.597799599999999799e-03
7.403415286000000000e+09	4.737240000000000201e-03	-2.614094700000000205e-03
7.403417714000000000e+09	4.750613699999999689e-03	-2.695729000000000007e-03
7.403420143000000000e+09	4.695464899999999761e-03	-2.613640300000000076e-03
7.403422571000000000e+09	4.713389699999999925e-03	-2.607913900000000205e-03
7.403425000000000000e+09	4.664506399999999824e-03	-2.629061199999999879e-03
7.403427429000000000e+09	4.699064900000000065e-03	-2.640508699999999983e-03
7.403429857000000000e+09	4.652479699999999968e-03	-2.636389299999999936e-03
7.403432286000000000e+09	4.715605599999999654e-03	-2.700679699999999905e-03
7.403434714000000000e+09	4.714097900000000299e-03	-2.608924999999999786e-03
7.403437143000000000e+09	4.721494500000000295e-03	-2.695081599999999983e-03
7.403439571000000000e+09	4.661517900000000311e-03	-2.714803200000000076e-03
7.403442000000000000e+09	4.691811799999999998e-03	-2.795318099999999795e-03
7.403444429000000000e+09	4.674825500000000245e-03	-2.719930399999999880e-03
7.403446857000000000e+09	4.629389599999999584e-03	-2.721303500000000174e-03
7.403449286000000000e+09	4.751359900000000011e-03	-2.700877600000000170e-03
7.403451714000000000e+09	4.661048400000000237e-03	-2.688187500000000039e-03
7.403454143000000000e+09	4.691253000000000263e-03	-2.709938399999999980e-03
7.403456571000000000e+09	4.701166599999999883e-03	-2.722073499999999938e-03
7.403459000000000000e+09	4.665598600000000172e-03	-2.717428100000000065e-03
7.403461429000000000e+09	4.599065200000000339e-03	-2.634060399999999837e-03
7.403463857000000000e+09	4.606995200000000082e-03	-2.797271599999999817e-03
7.403466286000000000e+09	4.642728999999999953e-03	-2.682859200000000180e-03
7.403468714000000000e+09	4.652898100000000398e-03	-2.742547200000000195e-03
7.403471143000000000e+09	4.646788599999999991e-03	-2.732758899999999935e-03
7.403473571000000000e+09	4.649126699999999758e-03	-2.799539099999999794e-03
7.403476000000000000e+09	4.612948999999999869e-03	-2.746674699999999969e-03
7.403478429000000000e+09	4.617774100000000305e-03	-2.782554899999999890e-03
7.403480857000000000e+09	4.600013299999999687e-03	-2.727346099999999884e-03
7.403483286000000000e+09	4.629720000000000363e-03	-2.829103300000000015e-03
7.403485714000000000e+09	4.643204800000000007e-03	-2.809041100000000003e-03
7.403488143000000000e+09	4.619812000000000050e-03	-2.784610600000000068e-03
7.403490571000000000e+09	4.564862499999999997e-03	-2.795184699999999842e-03
7.403493000000000000e+09	4.541318499999999654e-03	-2.805323399999999894e-03
7.403495429000000000e+09	4.611829700000000254e-03	-2.792395400000000170e-03
7.403497857000000000e+09	4.572073000000000283e-03	-2.751307399999999848e-03
7.403500286000000000e+09	4.565121099999999710e-03	-2.824729499999999952e-03
7.403502714000000000e+09	4.564147400000000306e-03	-2.839112500000000143e-03
7.403505143000000000e+09	4.542102400000000255e-03	-2.837472100000000205e-03
7.403507571000000000e+09	4.629683300000000425e-03	-2.796277499999999961e-03
7.403510000000000000e+09	4.529163499999999849e-03	-2.834712499999999819e-03
7.403512429000000000e+09	4.569824699999999913e-03	-2.861032800000000171e-03
7.403514857000000000e+09	4.625501100000000212e-03	-2.853272200000000081e-03
7.403517286000000000e+09	4.548792099999999887e-03	-2.891848199999999883e-03
7.403519714000000000e+09	4.533848699999999850e-03	-2.869543000000000007e-03
7.403522143000000000e+09	4.586451299999999738e-03	-2.810365400000000135e-03
7.403524571000000000e+09	4.533407300000000251e-03	-2.917843900000000133e-03
7.403527000000000000e+09	4.555884199999999697e-03	-2.871538400000000005e-03
7.403529429000000000e+09	4.566681300000000054e-03	-2.899759300000000119e-03
7.403531857000000000e+09	4.588783899999999798e-03	-2.932201699999999970e-03
7.403534286000000000e+09	4.577801200000000334e-03	-2.940678700000000194e-03
7.403536714000000000e+09	4.501144799999999731e-03	-2.947747799999999967e-03
7.403539143000000000e+09	4.479880500000000057e-03	-2.931867900000000200e-03
7.403541571000000000e+09	4.512453700000000276e-03	-2.879022499999999915e-03
7.403544000000000000e+09	4.495809199999999985e-03	-2.956919399999999830e-03
7.403546429000000000e+09	4.537418199999999728e-03	-2.968774799999999818e-03
7.403548857000000000e+09	4.544111499999999720e-03	-2.925712699999999823e-03
7.403551286000000000e+09	4.464262600000000296e-03	-2.909644800000000132e-03
7.403553714000000000e+09	4.539856499999999837e-03	-2.986669200000000024e-03
7.403556143000000000e+09	4.467994099999999906e-03	-2.930383099999999980e-03
7.403558571000000000e+09	4.544234500000000031e-03	-2.978750899999999934e-03
7.403561000000000000e+09	4.565205400000000267e-03	-2.942401500000000041e-03
7.403563429000000000e+09	4.519324499999999648e-03	-2.961352200000000063e-03
7.403565857000000000e+09	4.504959299999999889e-03	-2.985510199999999881e-03
7.403568286000000000e+09	4.487617200000000237e-03	-2.975409899999999913e-03
7.403570714000000000e+09	4.466796000000000308e-03	-2.987427400000000101e-03
7.403573143000000000e+09	4.473729800000000346e-03	-3.002993299999999911e-03
7.403575571000000000e+09	4.491397500000000008e-03	-3.013464799999999826e-03
7.403578000000000000e+09	4.483545299999999907e-03	-3.044461599999999813e-03
7.403580429000000000e+09	4.486891399999999933e-03	-2.965928899999999927e-03
7.403582857000000000e+09	4.443540000000000163e-03	-3.045522100000000194e-03
7.403585286000000000e+09	4.488348999999999984e-03	-3.022999800000000011e-03
7.403587714000000000e+09	4.479898099999999987e-03	-3.015155199999999900e-03
7.403590143000000000e+09	4.423553400000000344e-03	-3.031009600000000078e-03
7.403592571000000000e+09	4.409838299999999794e-03	-3.048602200000000151e-03
7.403595000000000000e+09	4.447457099999999747e-03	-3.061588300000000172e-03
7.403597429000000000e+09	4.436423299999999771e-03	-3.049763500000000210e-03
7.403599857000000000e+09	4.436336100000000393e-03	-3.013406799999999996e-03
7.403602286000000000e+09	4.369387100000000218e-03	-3.059296999999999885e-03
7.403604714000000000e+09	4.418482900000000359e-03	-3.039773300000000057e-03
7.403607143000000000e+09	4.391863999999999664e-03	-3.054403399999999942e-03
7.403609571000000000e+09	4.451878700000000064e-03	-3.136858900000000054e-03
7.403612000000000000e+09	4.435511999999999962e-03	-3.091883599999999902e-03
7.403614429000000000e+09	4.412967700000000083e-03	-3.133635599999999837e-03
7.403616857000000000e+09	4.360150900000000010e-03	-3.050948500000000112e-03
7.403619286000000000e+09	4.356500999999999603e-03	-3.102100899999999870e-03
7.403621714000000000e+09	4.434782499999999697e-03	-3.076983799999999988e-03
7.403624143000000000e+09	4.358518599999999799e-03	-3.088767000000000075e-03
7.403626571000000000e+09	4.454941999999999930e-03	-3.136717399999999940e-03
7.403629000000000000e+09	4.371767300000000030e-03	-3.106625400000000148e-03
7.403631429000000000e+09	4.433832799999999803e-03	-3.162387999999999918e-03
7.403633857000000000e+09	4.358824699999999663e-03	-3.158841900000000213e-03
7.403636286000000000e+09	4.344078900000000222e-03	-3.073596300000000156e-03
7.403638714000000000e+09	4.347542200000000315e-03	-3.056361200000000129e-03
7.403641143000000000e+09	4.402092399999999947e-03	-3.119464800000000017e-03
7.403643571000000000e+09	4.370773900000000413e-03	-3.175436399999999933e-03
7.403646000000000000e+09	4.414099500000000058e-03	-3.219724000000000197e-03
7.403648429000000000e+09	4.337111400000000401e-03	-3.232410600000000002e-03
7.403650857000000000e+09	4.327678399999999870e-03	-3.172915499999999847e-03
7.403653286000000000e+09	4.378349499999999866e-03	-3.132688599999999997e-03
7.403655714000000000e+09	4.353043600000000221e-03	-3.157841800000000046e-03
7.403658143000000000e+09	4.348153199999999635e-03	-3.183159799999999914e-03
7.403660571000000000e+09	4.320360399999999788e-03	-3.206933899999999792e-03
7.403663000000000000e+09	4.283300700000000107e-03	-3.219717100000000012e-03
7.403665429000000000e+09	4.344072299999999706e-03	-3.214802699999999916e-03
7.403667857000000000e+09	4.303139899999999969e-03	-3.246247299999999950e-03
7.403670286000000000e+09	4.313359000000000117e-03	-3.221853399999999919e-03
7.403672714000000000e+09	4.330218900000000135e-03	-3.197618499999999898e-03
7.403675143000000000e+09	4.272905100000000053e-03	-3.254800999999999875e-03
7.403677571000000000e+09	4.325349400000000170e-03	-3.200143400000000048e-03
7.403680000000000000e+09	4.312014500000000035e-03	-3.220449399999999931e-03
7.403682429000000000e+09	4.328618099999999823e-03	-3.212392200000000180e-03
7.403684857000000000e+09	4.292100499999999819e-03	-3.228507299999999920e-03
7.403687286000000000e+09	4.260724500000000192e-03	-3.276135199999999966e-03
7.403689714000000000e+09	4.218763599999999711e-03	-3.226316400000000043e-03
7.403692143000000000e+09	4.310590199999999629e-03	-3.299973900000000189e-03
7.403694571000000000e+09	4.296459800000000141e-03	-3.311856800000000014e-03
7.403697000000000000e+09	4.299891099999999730e-03	-3.299556999999999837e-03
7.403699429000000000e+09	4.214938399999999807e-03	-3.298953800000000141e-03
7.403701857000000000e+09	4.213333300000000198e-03	-3.257007100000000165e-03
7.403704286000000000e+09	4.275758400000000299e-03	-3.310177599999999856e-03
7.403706714000000000e+09	4.241411700000000291e-03	-3.297285000000000060e-03
7.403709143000000000e+09	4.236595200000000186e-03	-3.312845699999999831e-03
7.403711571000000000e+09	4.221409100000000220e-03	-3.305390000000000064e-03
7.403714000000000000e+09	4.227853400000000303e-03	-3.250865999999999825e-03
7.403716429000000000e+09	4.235499499999999945e-03	-3.336273299999999945e-03
7.403718857000000000e+09	4.221408000000000278e-03	-3.364566299999999927e-03
7.403721286000000000e+09	4.248510500000000217e-03	-3.344825400000000191e-03
7.403723714000000000e+09	4.166835399999999946e-03	-3.322302400000000204e-03
7.403726143000000000e+09	4.233250299999999702e-03	-3.286910599999999863e-03
7.403728571000000000e+09	4.155697800000000136e-03	-3.312984599999999925e-03
7.403731000000000000e+09	4.199638099999999930e-03	-3.360669299999999825e-03
7.403733429000000000e+09	4.169427300000000391e-03	-3.360572200000000107e-03
7.403735857000000000e+09	4.197598299999999970e-03	-3.439636499999999993e-03
7.403738286000000000e+09	4.181396300000000087e-03	-3.384906599999999797e-03
7.403740714000000000e+09	4.209573799999999713e-03	-3.338429099999999997e-03
7.403743143000000000e+09	4.127840199999999876e-03	-3.374085299999999860e-03
7.403745571000000000e+09	4.208920799999999948e-03	-3.375911799999999942e-03
7.403748000000000000e+09	4.185979999999999736e-03	-3.423030799999999922e-03
7.403750429000000000e+09	4.201659800000000222e-03	-3.397614000000000190e-03
7.403752857000000000e+09	4.217706199999999954e-03	-3.404640400000000146e-03
7.403755286000000000e+09	4.185380399999999966e-03	-3.361291099999999792e-03
7.403757714000000000e+09	4.116455800000000040e-03	-3.408357299999999982e-03
7.403760143000000000e+09	4.149096900000000428e-03	-3.478347000000000123e-03
7.403762571000000000e+09	4.192100100000000287e-03	-3.425181900000000106e-03
7.403765000000000000e+09	4.169599500000000132e-03	-3.420572000000000196e-03
7.403767429000000000e+09	4.191360100000000345e-03	-3.448264700000000169e-03
7.403769857000000000e+09	4.161412599999999955e-03	-3.483993800000000172e-03
7.403772286000000000e+09	4.079288300000000027e-03	-3.421462100000000148e-03
7.403774714000000000e+09	4.141171400000000051e-03	-3.404989000000000193e-03
7.403777143000000000e+09	4.130475500000000376e-03	-3.394781199999999995e-03
7.403779571000000000e+09	4.040470299999999668e-03	-3.440917999999999841e-03
7.403782000000000000e+09	4.078740899999999843e-03	-3.466552199999999983e-03
7.403784429000000000e+09	4.089886800000000315e-03	-3.462878200000000031e-03
7.403786857000000000e+09	4.129934600000000240e-03	-3.494594599999999943e-03
7.403789286000000000e+09	4.137549899999999788e-03	-3.485964600000000021e-03
7.403791714000000000e+09	4.118690300000000040e-03	-3.412430000000000151e-03
7.403794143000000000e+09	4.096573200000000123e-03	-3.446509799999999783e-03
7.403796571000000000e+09	4.138054700000000190e-03	-3.473364100000000086e-03
7.403799000000000000e+09	4.097370099999999953e-03	-3.494703899999999919e-03
7.403801429000000000e+09	4.062107100000000165e-03	-3.511041400000000038e-03
7.403803857000000000e+09	4.043805699999999947e-03	-3.445341099999999802e-03
7.403806286000000000e+09	4.128174800000000352e-03	-3.554317899999999853e-03
7.403808714000000000e+09	4.085812200000000366e-03	-3.508052199999999853e-03
7.403811143000000000e+09	4.042510800000000300e-03	-3.491985600000000172e-03
7.403813571000000000e+09	4.033805199999999751e-03	-3.530083199999999900e-03
7.403816000000000000e+09	4.096777000000000231e-03	-3.546847200000000176e-03
7.403818429000000000e+09	4.078929200000000303e-03	-3.497523599999999983e-03
7.403820857000000000e+09	4.076142300000000149e-03	-3.515796299999999954e-03
7.403823286000000000e+09	4.091371800000000170e-03	-3.564407400000000042e-03
7.403825714000000000e+09	4.096955400000000351e-03	-3.501632599999999953e-03
7.403828143000000000e+09	4.020867800000000290e-03	-3.547169699999999995e-03
7.403830571000000000e+09	4.022417599999999691e-03	-3.586092800000000198e-03
7.403833000000000000e+09	3.971656700000000297e-03	-3.570819499999999987e-03
7.403835429000000000e+09	3.966195300000000153e-03	-3.602868500000000127e-03
7.403837857000000000e+09	4.002753199999999588e-03	-3.658285299999999938e-03
7.403840286000000000e+09	3.973007500000000358e-03	-3.573399699999999912e-03
7.403842714000000000e+09	4.030556599999999580e-03	-3.567571299999999952e-03
7.403845143000000000e+09	3.992682400000000138e-03	-3.549823699999999933e-03
7.403847571000000000e+09	3.987037599999999904e-03	-3.595498400000000060e-03
7.403850000000000000e+09	4.013308299999999822e-03	-3.659312000000000068e-03
7.403852429000000000e+09	3.999816599999999993e-03	-3.569613599999999897e-03
7.403854857000000000e+09	4.089536300000000055e-03	-3.506935100000000121e-03
7.403857286000000000e+09	3.949362799999999937e-03	-3.623713499999999931e-03
7.403859714000000000e+09	3.985126299999999962e-03	-3.594151299999999959e-03
7.403862143000000000e+09	3.946599500000000024e-03	-3.617163999999999970e-03
7.403864571000000000e+09	3.980627799999999876e-03	-3.602107599999999996e-03
7.403867000000000000e+09	3.980533300000000177e-03	-3.650861899999999910e-03
7.403869429000000000e+09	3.969904699999999599e-03	-3.745484099999999913e-03
7.403871857000000000e+09	3.905375100000000026e-03	-3.664937599999999827e-03
7.403874286000000000e+09	3.928255599999999625e-03	-3.673883900000000056e-03
7.403876714000000000e+09	3.985688700000000056e-03	-3.631593700000000039e-03
7.403879143000000000e+09	3.926370200000000275e-03	-3.679440100000000002e-03
7.403881571000000000e+09	3.947820500000000059e-03	-3.691868000000000059e-03
7.403884000000000000e+09	3.843671400000000030e-03	-3.573459399999999887e-03
7.403886429000000000e+09	3.902692100000000174e-03	-3.604001300000000008e-03
7.403888857000000000e+09	3.867889199999999857e-03	-3.696979300000000079e-03
7.403891286000000000e+09	3.919666700000000274e-03	-3.654127200000000138e-03
7.403893714000000000e+09	3.947076800000000156e-03	-3.649731700000000047e-03
7.403896143000000000e+09	3.941253100000000065e-03	-3.675658999999999958e-03
7.403898571000000000e+09	3.855939999999999975e-03	-3.705662399999999895e-03
7.403901000000000000e+09	3.843589699999999925e-03	-3.647638700000000161e-03
7.403903429000000000e+09	3.971473100000000138e-03	-3.724881499999999936e-03
7.403905857000000000e+09	3.856087700000000035e-03	-3.672074899999999871e-03
7.403908286000000000e+09	3.940726700000000103e-03	-3.732817099999999853e-03
7.403910714000000000e+09	3.821788200000000076e-03	-3.745025899999999790e-03
7.403913143000000000e+09	3.866778600000000173e-03	-3.702594400000000160e-03
7.403915571000000000e+09	3.894309600000000083e-03	-3.674194100000000018e-03
7.403918000000000000e+09	3.873870399999999881e-03	-3.759559699999999796e-03
7.403920429000000000e+09	3.810579900000000009e-03	-3.673295300000000135e-03
7.403922857000000000e+09	3.814186800000000065e-03	-3.759838399999999858e-03
7.403925286000000000e+09	3.835659899999999817e-03	-3.756224500000000018e-03
7.403927714000000000e+09	3.830817700000000055e-03	-3.702180099999999828e-03
7.403930143000000000e+09	3.811634200000000011e-03	-3.715700699999999971e-03
7.403932571000000000e+09	3.792975100000000113e-03	-3.754909199999999919e-03
7.403935000000000000e+09	3.845619399999999910e-03	-3.701390699999999954e-03
7.403937429000000000e+09	3.841826699999999813e-03	-3.690661799999999867e-03
7.403939857000000000e+09	3.859762200000000157e-03	-3.686833599999999808e-03
7.403942286000000000e+09	3.839730600000000171e-03	-3.816768600000000101e-03
7.403944714000000000e+09	3.796527200000000130e-03	-3.802773499999999914e-03
7.403947143000000000e+09	3.771327899999999973e-03	-3.805701600000000080e-03
7.403949571000000000e+09	3.759142400000000175e-03	-3.789876499999999919e-03
7.403952000000000000e+09	3.765421900000000006e-03	-3.763124599999999841e-03
7.403954429000000000e+09	3.817978200000000152e-03	-3.751737000000000214e-03
7.403956857000000000e+09	3.809970299999999865e-03	-3.868575600000000170e-03
7.403959286000000000e+09	3.745800599999999855e-03	-3.814861100000000154e-03
7.403961714000000000e+09	3.795199899999999842e-03	-3.817855399999999910e-03
7.403964143000000000e+09	3.706969899999999936e-03	-3.762999200000000013e-03
7.403966571000000000e+09	3.770787700000000076e-03	-3.757178500000000077e-03
7.403969000000000000e+09	3.745037499999999842e-03	-3.836065100000000082e-03
7.403971429000000000e+09	3.739204199999999947e-03	-3.850833000000000120e-03
7.403973857000000000e+09	3.737585099999999900e-03	-3.764959699999999819e-03
7.403976286000000000e+09	3.715507600000000042e-03	-3.851407600000000039e-03
7.403978714000000000e+09	3.696859199999999891e-03	-3.843986499999999928e-03
7.403981143000000000e+09	3.653701100000000118e-03	-3.892927400000000156e-03
7.403983571000000000e+09	3.745372900000000158e-03	-3.894578799999999941e-03
7.403986000000000000e+09	3.800897499999999866e-03	-3.890794700000000175e-03
7.403988429000000000e+09	3.766209700000000202e-03	-3.839882900000000064e-03
7.403990857000000000e+09	3.711801199999999884e-03	-3.935270999999999735e-03
7.403993286000000000e+09	3.738333200000000002e-03	-3.851542400000000036e-03
7.403995714000000000e+09	3.646017399999999797e-03	-3.854887699999999789e-03
7.403998143000000000e+09	3.618199900000000201e-03	-3.832127900000000149e-03
7.404000571000000000e+09	3.704056500000000012e-03	-3.871545399999999811e-03
7.404003000000000000e+09	3.756169699999999979e-03	-3.898787099999999946e-03
7.404005429000000000e+09	3.617237100000000177e-03	-3.919302799999999781e-03
7.404007857000000000e+09	3.643043500000000059e-03	-3.843199700000000073e-03
7.404010286000000000e+09	3.682075400000000068e-03	-3.940048300000000350e-03
7.404012714000000000e+09	3.638104200000000146e-03	-3.951033399999999765e-03
7.404015143000000000e+09	3.661146399999999808e-03	-3.924241699999999992e-03
7.404017571000000000e+09	3.666705100000000172e-03	-3.954799299999999830e-03
7.404020000000000000e+09	3.611198500000000096e-03	-3.929143599999999729e-03
7.404022429000000000e+09	3.693163900000000048e-03	-3.883503400000000091e-03
7.404024857000000000e+09	3.649244900000000146e-03	-3.929641299999999879e-03
7.404027286000000000e+09	3.616300600000000014e-03	-3.933487099999999868e-03
7.404029714000000000e+09	3.660197400000000153e-03	-3.949691699999999771e-03
7.404032143000000000e+09	3.554563000000000167e-03	-3.949894500000000405e-03
7.404034571000000000e+09	3.602858400000000152e-03	-3.922402499999999917e-03
7.404037000000000000e+09	3.564294899999999842e-03	-3.922059299999999978e-03
7.404039429000000000e+09	3.686442700000000083e-03	-3.918031500000000375e-03
7.404041857000000000e+09	3.640185700000000014e-03	-4.017848299999999748e-03
7.404044286000000000e+09	3.592913799999999935e-03	-4.001512199999999672e-03
7.404046714000000000e+09	3.617175700000000056e-03	-3.970477099999999634e-03
7.404049143000000000e+09	3.553418200000000096e-03	-3.961627700000000356e-03
7.404051571000000000e+09	3.601931100000000090e-03	-4.012650199999999619e-03
7.404054000000000000e+09	3.609442899999999906e-03	-3.967535799999999738e-03
7.404056429000000000e+09	3.671440299999999875e-03	-3.983500099999999662e-03
7.404058857000000000e+09	3.593376599999999893e-03	-3.945014499999999896e-03
7.404061286000000000e+09	3.571397000000000026e-03	-4.015755400000000329e-03
7.404063714000000000e+09	3.597797700000000039e-03	-4.031979399999999908e-03
7.404066143000000000e+09	3.546385600000000193e-03	-3.999013600000000251e-03
7.404068571000000000e+09	3.609258900000000044e-03	-3.992485199999999679e-03
7.404071000000000000e+09	3.569992699999999936e-03	-4.048689200000000349e-03
7.404073429000000000e+09	3.571705799999999945e-03	-4.036079799999999981e-03
7.404075857000000000e+09	3.584354899999999972e-03	-3.977629600000000092e-03
7.404078286000000000e+09	3.529356500000000157e-03	-4.061599299999999607e-03
7.404080714000000000e+09	3.567325100000000131e-03	-3.995152200000000146e-03
7.404083143000000000e+09	3.495579400000000097e-03	-4.005435699999999703e-03
7.404085571000000000e+09	3.519028600000000204e-03	-4.027716800000000034e-03
7.404088000000000000e+09	3.551135600000000173e-03	-4.027312699999999711e-03
7.404090429000000000e+09	3.580088200000000002e-03	-4.036755900000000251e-03
7.404092857000000000e+09	3.502361199999999911e-03	-4.092190899999999763e-03
7.404095286000000000e+09	3.494655399999999860e-03	-4.005972099999999606e-03
7.404097714000000000e+09	3.420251599999999791e-03	-4.040852699999999964e-03
7.404100143000000000e+09	3.532015800000000167e-03	-4.064568999999999648e-03
7.404102571000000000e+09	3.467370799999999840e-03	-4.097228799999999907e-03
7.404105000000000000e+09	3.463700499999999849e-03	-4.083455799999999997e-03
7.404107429000000000e+09	3.498772700000000058e-03	-4.085846300000000285e-03
7.404109857000000000e+09	3.449930099999999958e-03	-4.066280999999999715e-03
7.404112286000000000e+09	3.450345699999999866e-03	-4.120090300000000400e-03
7.404114714000000000e+09	3.433590900000000126e-03	-4.136881400000000375e-03
7.404117143000000000e+09	3.430679299999999949e-03	-4.103938300000000219e-03
7.404119571000000000e+09	3.431282999999999816e-03	-4.107679599999999702e-03
7.404122000000000000e+09	3.386007700000000144e-03	-4.117829299999999602e-03
7.404124429000000000e+09	3.430244299999999930e-03	-4.117593200000000189e-03
7.404126857000000000e+09	3.500759699999999794e-03	-4.102163899999999690e-03
7.404129286000000000e+09	3.447515099999999989e-03	-4.122116700000000127e-03
7.404131714000000000e+09	3.384425500000000104e-03	-4.057309700000000068e-03
7.404134143000000000e+09	3.499942299999999912e-03	-4.097198899999999686e-03
7.404136571000000000e+09	3.374204100000000039e-03	-4.126114799999999576e-03
7.404139000000000000e+09	3.400815599999999946e-03	-4.110741999999999695e-03
7.404141429000000000e+09	3.430228799999999849e-03	-4.120623200000000409e-03
7.404143857000000000e+09	3.307071300000000071e-03	-4.121838099999999665e-03
7.404146286000000000e+09	3.382695900000000106e-03	-4.172818699999999818e-03
7.404148714000000000e+09	3.412895799999999830e-03	-4.204402700000000118e-03
7.404151143000000000e+09	3.406600999999999987e-03	-4.065658699999999577e-03
7.404153571000000000e+09	3.420405499999999797e-03	-4.028874200000000065e-03
7.404156000000000000e+09	3.399541800000000120e-03	-4.181621200000000017e-03
7.404158429000000000e+09	3.374574799999999816e-03	-4.138156100000000073e-03
7.404160857000000000e+09	3.384960800000000065e-03	-4.143364099999999675e-03
7.404163286000000000e+09	3.325984299999999814e-03	-4.138242299999999978e-03
7.404165714000000000e+09	3.406610300000000122e-03	-4.136497099999999864e-03
7.404168143000000000e+09	3.344674499999999908e-03	-4.178957100000000105e-03
7.404170571000000000e+09	3.314280100000000211e-03	-4.185766799999999892e-03
7.404173000000000000e+09	3.396185099999999950e-03	-4.208550499999999875e-03
7.404175429000000000e+09	3.341555300000000062e-03	-4.219008300000000322e-03
7.404177857000000000e+09	3.340615199999999972e-03	-4.188525499999999971e-03
7.404180286000000000e+09	3.321468399999999866e-03	-4.170413900000000292e-03
7.404182714000000000e+09	3.293355500000000151e-03	-4.234375900000000165e-03
7.404185143000000000e+09	3.306311200000000214e-03	-4.172355699999999792e-03
7.404187571000000000e+09	3.249742600000000113e-03	-4.244274200000000205e-03
7.404190000000000000e+09	3.402833100000000107e-03	-4.157622399999999843e-03
7.404192429000000000e+09	3.267957100000000187e-03	-4.221843599999999634e-03
7.404194857000000000e+09	3.326453100000000083e-03	-4.216688799999999959e-03
7.404197286000000000e+09	3.202306399999999952e-03	-4.247291000000000261e-03
7.404199714000000000e+09	3.296811599999999957e-03	-4.167071900000000363e-03
7.404202143000000000e+09	3.228181000000000106e-03	-4.316277399999999577e-03
7.404204571000000000e+09	3.278679899999999928e-03	-4.205468700000000205e-03
7.404207000000000000e+09	3.317683599999999861e-03	-4.186984599999999702e-03
7.404209429000000000e+09	3.295590599999999922e-03	-4.167528700000000010e-03
7.404211857000000000e+09	3.212934900000000062e-03	-4.219942299999999633e-03
7.404214286000000000e+09	3.203913899999999947e-03	-4.315146500000000343e-03
7.404216714000000000e+09	3.198411700000000201e-03	-4.269381299999999713e-03
7.404219143000000000e+09	3.237020800000000014e-03	-4.211106600000000255e-03
7.404221571000000000e+09	3.196495199999999787e-03	-4.258957300000000383e-03
7.404224000000000000e+09	3.262215100000000201e-03	-4.240434799999999796e-03
7.404226429000000000e+09	3.259848399999999789e-03	-4.270906900000000402e-03
7.404228857000000000e+09	3.151729299999999918e-03	-4.146644199999999746e-03
7.404231286000000000e+09	3.210338100000000115e-03	-4.256344500000000183e-03
7.404233714000000000e+09	3.227174099999999789e-03	-4.246494899999999836e-03
7.404236143000000000e+09	3.247902999999999901e-03	-4.273466899999999943e-03
7.404238571000000000e+09	3.227041899999999811e-03	-4.287893200000000155e-03
7.404241000000000000e+09	3.115025500000000169e-03	-4.328995599999999749e-03
7.404243429000000000e+09	3.116762800000000191e-03	-4.287205100000000130e-03
7.404245857000000000e+09	3.154372199999999973e-03	-4.299495500000000137e-03
7.404248286000000000e+09	3.176793499999999975e-03	-4.327735600000000293e-03
7.404250714000000000e+09	3.165637599999999996e-03	-4.326583900000000038e-03
7.404253143000000000e+09	3.174259000000000022e-03	-4.281499400000000378e-03
7.404255571000000000e+09	3.220321899999999821e-03	-4.307936800000000330e-03
7.404258000000000000e+09	3.155204699999999800e-03	-4.274548199999999611e-03
7.404260429000000000e+09	3.139896399999999796e-03	-4.302236499999999818e-03
7.404262857000000000e+09	3.176334399999999978e-03	-4.354580099999999857e-03
7.404265286000000000e+09	3.159657199999999812e-03	-4.435051300000000286e-03
7.404267714000000000e+09	3.150454799999999854e-03	-4.357345500000000052e-03
7.404270143000000000e+09	3.085073900000000115e-03	-4.315753299999999966e-03
7.404272571000000000e+09	3.090360999999999803e-03	-4.368095300000000326e-03
7.404275000000000000e+09	3.144153199999999860e-03	-4.306783399999999928e-03
7.404277429000000000e+09	3.111826099999999862e-03	-4.356063500000000033e-03
7.404279857000000000e+09	3.039927999999999901e-03	-4.365839300000000367e-03
7.404282286000000000e+09	3.053940000000000213e-03	-4.351622399999999571e-03
7.404284714000000000e+09	3.068101599999999932e-03	-4.356521900000000225e-03
7.404287143000000000e+09	3.047768599999999949e-03	-4.394731500000000415e-03
7.404289571000000000e+09	3.068558600000000081e-03	-4.374076900000000052e-03
7.404292000000000000e+09	3.148279800000000194e-03	-4.356794500000000375e-03
7.404294429000000000e+09	3.092883900000000137e-03	-4.345680099999999803e-03
7.404296857000000000e+09	3.119025499999999833e-03	-4.414186199999999699e-03
7.404299286000000000e+09	3.146760499999999919e-03	-4.371356499999999590e-03
7.404301714000000000e+09	3.019631100000000085e-03	-4.374748700000000157e-03
7.404304143000000000e+09	3.042848099999999941e-03	-4.382955800000000283e-03
7.404306571000000000e+09	3.031830499999999852e-03	-4.388449400000000132e-03
7.404309000000000000e+09	3.062501100000000059e-03	-4.430450399999999976e-03
7.404311429000000000e+09	3.004723200000000011e-03	-4.427410100000000147e-03
7.404313857000000000e+09	3.067381599999999871e-03	-4.319699700000000434e-03
7.404316286000000000e+09	3.025414200000000210e-03	-4.376710899999999675e-03
7.404318714000000000e+09	2.969620400000000209e-03	-4.362124999999999683e-03
7.404321143000000000e+09	3.036220000000000065e-03	-4.357708400000000204e-03
7.404323571000000000e+09	3.060957200000000069e-03	-4.430759599999999597e-03
7.404326000000000000e+09	3.033577300000000077e-03	-4.447248299999999668e-03
7.404328429000000000e+09	3.010688699999999884e-03	-4.489473400000000038e-03
7.404330857000000000e+09	3.030725900000000046e-03	-4.392842099999999701e-03
7.404333286000000000e+09	3.045658599999999903e-03	-4.434778200000000399e-03
7.404335714000000000e+09	2.885023300000000117e-03	-4.463544800000000118e-03
7.404338143000000000e+09	2.958870699999999968e-03	-4.444856399999999770e-03
7.404340571000000000e+09	2.905505000000000067e-03	-4.403066500000000355e-03
7.404343000000000000e+09	2.953403600000000049e-03	-4.413020299999999806e-03
7.404345429000000000e+09	2.961694400000000095e-03	-4.428113600000000219e-03
7.404347857000000000e+09	2.990781300000000184e-03	-4.417323299999999578e-03
7.404350286000000000e+09	2.938435799999999931e-03	-4.412112200000000220e-03
7.404352714000000000e+09	2.940425200000000051e-03	-4.453479199999999839e-03
7.404355143000000000e+09	2.966275500000000159e-03	-4.389939199999999889e-03
7.404357571000000000e+09	2.935417899999999934e-03	-4.430124100000000162e-03
7.404360000000000000e+09	2.962408599999999913e-03	-4.478137699999999895e-03
7.404362429000000000e+09	2.887720400000000007e-03	-4.471199399999999623e-03
7.404364857000000000e+09	2.955763900000000013e-03	-4.482135200000000007e-03
7.404367286000000000e+09	2.862838899999999801e-03	-4.528457399999999758e-03
7.404369714000000000e+09	2.952681100000000003e-03	-4.471674999999999608e-03
7.404372143000000000e+09	2.909182699999999979e-03	-4.521973999999999785e-03
7.404374571000000000e+09	2.877222799999999865e-03	-4.468274000000000377e-03
7.404377000000000000e+09	2.876432200000000015e-03	-4.403120499999999687e-03
7.404379429000000000e+09	2.952046800000000110e-03	-4.473501799999999792e-03
7.404381857000000000e+09	2.894792099999999799e-03	-4.504056900000000078e-03
7.404384286000000000e+09	2.915477799999999925e-03	-4.587058100000000228e-03
7.404386714000000000e+09	2.834550899999999790e-03	-4.455561799999999649e-03
7.404389143000000000e+09	2.866658399999999930e-03	-4.470426100000000035e-03
7.404391571000000000e+09	2.845221599999999979e-03	-4.467531799999999685e-03
7.404394000000000000e+09	2.856821199999999908e-03	-4.481218399999999623e-03
7.404396429000000000e+09	2.843187799999999897e-03	-4.599306600000000259e-03
7.404398857000000000e+09	2.848118399999999880e-03	-4.557217599999999896e-03
7.404401286000000000e+09	2.888720500000000174e-03	-4.514460500000000258e-03
7.404403714000000000e+09	2.829430999999999873e-03	-4.529480699999999596e-03
7.404406143000000000e+09	2.847837000000000198e-03	-4.463117600000000157e-03
7.404408571000000000e+09	2.782173299999999867e-03	-4.569063100000000412e-03
7.404411000000000000e+09	2.890401400000000044e-03	-4.567125099999999605e-03
7.404413429000000000e+09	2.794813000000000158e-03	-4.462390400000000243e-03
7.404415857000000000e+09	2.755576000000000032e-03	-4.510203600000000160e-03
7.404418286000000000e+09	2.814056699999999914e-03	-4.548112699999999793e-03
7.404420714000000000e+09	2.809585199999999928e-03	-4.516431799999999844e-03
7.404423143000000000e+09	2.784866300000000093e-03	-4.562697899999999980e-03
7.404425571000000000e+09	2.743806200000000178e-03	-4.500950200000000158e-03
7.404428000000000000e+09	2.726953600000000047e-03	-4.480989099999999926e-03
7.404430429000000000e+09	2.733435199999999839e-03	-4.531517399999999800e-03
7.404432857000000000e+09	2.760843099999999838e-03	-4.496948500000000348e-03
7.404435286000000000e+09	2.714856700000000105e-03	-4.569654900000000124e-03
7.404437714000000000e+09	2.703286499999999794e-03	-4.585937400000000136e-03
7.404440143000000000e+09	2.750949800000000202e-03	-4.550486400000000424e-03
7.404442571000000000e+09	2.761495899999999969e-03	-4.564910400000000285e-03
7.404445000000000000e+09	2.700521600000000202e-03	-4.561676800000000025e-03
7.404447429000000000e+09	2.705631400000000145e-03	-4.633867199999999915e-03
7.404449857000000000e+09	2.739197200000000141e-03	-4.611536900000000154e-03
7.404452286000000000e+09	2.715225400000000067e-03	-4.616430399999999629e-03
7.404454714000000000e+09	2.739700700000000100e-03	-4.597063400000000327e-03
7.404457143000000000e+09	2.691044000000000075e-03	-4.641994299999999650e-03
7.404459571000000000e+09	2.685389900000000139e-03	-4.554785999999999904e-03
7.404462000000000000e+09	2.646352199999999887e-03	-4.633000100000000433e-03
7.404464429000000000e+09	2.703355100000000202e-03	-4.666239099999999577e-03
7.404466857000000000e+09	2.688219899999999812e-03	-4.612829500000000318e-03
7.404469286000000000e+09	2.745708800000000189e-03	-4.614320499999999617e-03
7.404471714000000000e+09	2.633189399999999892e-03	-4.660792300000000075e-03
7.404474143000000000e+09	2.701517100000000102e-03	-4.689125199999999785e-03
7.404476571000000000e+09	2.713222200000000011e-03	-4.591777800000000284e-03
7.404479000000000000e+09	2.681500299999999958e-03	-4.574913100000000364e-03
7.404481429000000000e+09	2.692168500000000162e-03	-4.604541400000000326e-03
7.404483857000000000e+09	2.639920100000000061e-03	-4.598806300000000090e-03
7.404486286000000000e+09	2.663576300000000067e-03	-4.627973999999999977e-03
7.404488714000000000e+09	2.620085700000000101e-03	-4.598431200000000114e-03
7.404491143000000000e+09	2.644444100000000169e-03	-4.631487499999999841e-03
7.404493571000000000e+09	2.599818900000000141e-03	-4.638940700000000056e-03
7.404496000000000000e+09	2.549347699999999790e-03	-4.654557600000000343e-03
7.404498429000000000e+09	2.594253099999999958e-03	-4.630123899999999751e-03
7.404500857000000000e+09	2.513734300000000210e-03	-4.644082199999999966e-03
7.404503286000000000e+09	2.556489999999999804e-03	-4.576686899999999822e-03
7.404505714000000000e+09	2.540437400000000127e-03	-4.618627999999999623e-03
7.404508143000000000e+09	2.499041100000000057e-03	-4.713699400000000150e-03
7.404510571000000000e+09	2.508994599999999839e-03	-4.666543799999999832e-03
7.404513000000000000e+09	2.562710000000000161e-03	-4.645126500000000026e-03
7.404515429000000000e+09	2.485524600000000011e-03	-4.629570900000000259e-03
7.404517857000000000e+09	2.520857400000000182e-03	-4.581076299999999567e-03
7.404520286000000000e+09	2.486433900000000006e-03	-4.670110600000000091e-03
7.404522714000000000e+09	2.566459200000000170e-03	-4.694934500000000170e-03
7.404525143000000000e+09	2.474251399999999931e-03	-4.612989900000000372e-03
7.404527571000000000e+09	2.510098399999999806e-03	-4.619975499999999860e-03
7.404530000000000000e+09	2.507544400000000142e-03	-4.670264399999999629e-03
7.404532429000000000e+09	2.499468600000000120e-03	-4.728766799999999972e-03
7.404534857000000000e+09	2.473587499999999918e-03	-4.660978999999999990e-03
7.404537286000000000e+09	2.536546099999999800e-03	-4.737489299999999778e-03
7.404539714000000000e+09	2.429001300000000179e-03	-4.679863200000000320e-03
7.404542143000000000e+09	2.502756999999999985e-03	-4.699494400000000377e-03
7.404544571000000000e+09	2.482859500000000191e-03	-4.665912099999999958e-03
7.404547000000000000e+09	2.461449399999999805e-03	-4.609123300000000228e-03
7.404549429000000000e+09	2.484214299999999882e-03	-4.641364400000000390e-03
7.404551857000000000e+09	2.540174499999999815e-03	-4.716949899999999668e-03
7.404554286000000000e+09	2.438119900000000183e-03	-4.716357000000000015e-03
7.404556714000000000e+09	2.458931699999999942e-03	-4.698516399999999940e-03
7.404559143000000000e+09	2.456895599999999943e-03	-4.690913799999999953e-03
7.404561571000000000e+09	2.450156399999999911e-03	-4.675109799999999614e-03
7.404564000000000000e+09	2.417639999999999980e-03	-4.738427800000000190e-03
7.404566429000000000e+09	2.423663799999999785e-03	-4.699682799999999570e-03
7.404568857000000000e+09	2.417399900000000070e-03	-4.689258600000000173e-03
7.404571286000000000e+09	2.422402799999999988e-03	-4.795907599999999632e-03
7.404573714000000000e+09	2.437437000000000197e-03	-4.679032100000000104e-03
7.404576143000000000e+09	2.400967600000000150e-03	-4.754365499999999717e-03
7.404578571000000000e+09	2.391320499999999901e-03	-4.749970899999999933e-03
7.404581000000000000e+09	2.426813900000000194e-03	-4.809693299999999970e-03
7.404583429000000000e+09	2.406867100000000068e-03	-4.854540299999999739e-03
7.404585857000000000e+09	2.389852200000000104e-03	-4.729691999999999751e-03
7.404588286000000000e+09	2.350688799999999922e-03	-4.722498700000000126e-03
7.404590714000000000e+09	2.404400599999999884e-03	-4.737658599999999831e-03
7.404593143000000000e+09	2.347029599999999813e-03	-4.745700000000000265e-03
7.404595571000000000e+09	2.333497899999999788e-03	-4.731277100000000346e-03
7.404598000000000000e+09	2.381529800000000124e-03	-4.757752199999999709e-03
7.404600429000000000e+09	2.367826700000000197e-03	-4.693172699999999600e-03
7.404602857000000000e+09	2.350288399999999993e-03	-4.757689800000000115e-03
7.404605286000000000e+09	2.342112300000000029e-03	-4.756828799999999677e-03
7.404607714000000000e+09	2.330079999999999998e-03	-4.765324500000000206e-03
7.404610143000000000e+09	2.391157799999999931e-03	-4.829672200000000200e-03
7.404612571000000000e+09	2.311682900000000106e-03	-4.819450200000000364e-03
7.404615000000000000e+09	2.275989999999999871e-03	-4.788055000000000262e-03
7.404617429000000000e+09	2.359291400000000042e-03	-4.742233799999999617e-03
7.404619857000000000e+09	2.335896400000000202e-03	-4.833505299999999762e-03
7.404622286000000000e+09	2.289351900000000106e-03	-4.746282499999999842e-03
7.404624714000000000e+09	2.361401300000000054e-03	-4.750717800000000060e-03
7.404627143000000000e+09	2.268757599999999923e-03	-4.728921900000000386e-03
7.404629571000000000e+09	2.241814099999999994e-03	-4.775677300000000410e-03
7.404632000000000000e+09	2.297453599999999853e-03	-4.767640600000000277e-03
7.404634429000000000e+09	2.321461300000000026e-03	-4.795350500000000044e-03
7.404636857000000000e+09	2.211043000000000210e-03	-4.765018499999999942e-03
7.404639286000000000e+09	2.301443099999999839e-03	-4.827585599999999894e-03
7.404641714000000000e+09	2.252448299999999879e-03	-4.747424899999999962e-03
7.404644143000000000e+09	2.212068800000000033e-03	-4.833888899999999600e-03
7.404646571000000000e+09	2.283284699999999813e-03	-4.733572699999999932e-03
7.404649000000000000e+09	2.202403999999999820e-03	-4.801445599999999876e-03
7.404651429000000000e+09	2.205899800000000154e-03	-4.872502499999999646e-03
7.404653857000000000e+09	2.270259800000000005e-03	-4.857129100000000428e-03
7.404656286000000000e+09	2.248930499999999850e-03	-4.767996400000000176e-03
7.404658714000000000e+09	2.240871599999999953e-03	-4.879354500000000414e-03
7.404661143000000000e+09	2.227333000000000177e-03	-4.854847899999999682e-03
7.404663571000000000e+09	2.150738799999999968e-03	-4.769420400000000046e-03
7.404666000000000000e+09	2.186618500000000152e-03	-4.859553100000000431e-03
7.404668429000000000e+09	2.208086299999999832e-03	-4.842433200000000222e-03
7.404670857000000000e+09	2.155388900000000142e-03	-4.839796999999999849e-03
7.404673286000000000e+09	2.183233499999999872e-03	-4.779987299999999967e-03
7.404675714000000000e+09	2.136464900000000118e-03	-4.843909000000000409e-03
7.404678143000000000e+09	2.159086900000000038e-03	-4.841640599999999690e-03
7.404680571000000000e+09	2.181194200000000083e-03	-4.834757900000000164e-03
7.404683000000000000e+09	2.180925900000000098e-03	-4.897755200000000232e-03
7.404685429000000000e+09	2.118475900000000179e-03	-4.839846899999999952e-03
7.404687857000000000e+09	2.197168800000000050e-03	-4.821479800000000315e-03
7.404690286000000000e+09	2.084196099999999999e-03	-4.843203699999999723e-03
7.404692714000000000e+09	2.150240900000000184e-03	-4.854617700000000112e-03
7.404695143000000000e+09	2.134257799999999920e-03	-4.861360599999999671e-03
7.404697571000000000e+09	2.089121499999999944e-03	-4.850825100000000049e-03
7.404700000000000000e+09	2.114095500000000034e-03	-4.838714200000000104e-03
7.404702429000000000e+09	2.046750400000000095e-03	-4.925408499999999780e-03
7.404704857000000000e+09	2.146463199999999998e-03	-4.836996399999999793e-03
7.404707286000000000e+09	2.090816100000000149e-03	-4.923003500000000185e-03
7.404709714000000000e+09	2.079530500000000177e-03	-4.805400300000000138e-03
7.404712143000000000e+09	2.136024499999999993e-03	-4.864574400000000118e-03
7.404714571000000000e+09	2.095789600000000016e-03	-4.903928999999999580e-03
7.404717000000000000e+09	2.097040399999999805e-03	-4.858388899999999816e-03
7.404719429000000000e+09	2.064900399999999858e-03	-4.874262699999999671e-03
7.404721857000000000e+09	2.087738400000000143e-03	-4.823486499999999830e-03
7.404724286000000000e+09	2.046934800000000092e-03	-4.934988199999999596e-03
7.404726714000000000e+09	2.124987999999999964e-03	-4.935012100000000373e-03
7.404729143000000000e+09	2.032704900000000068e-03	-4.903952599999999822e-03
7.404731571000000000e+09	2.097197500000000034e-03	-4.912243400000000301e-03
7.404734000000000000e+09	1.971879499999999903e-03	-4.932189099999999618e-03
7.404736429000000000e+09	2.104535700000000065e-03	-4.925379300000000231e-03
7.404738857000000000e+09	1.992547700000000133e-03	-4.866893599999999945e-03
7.404741286000000000e+09	1.974016199999999947e-03	-4.878412700000000178e-03
7.404743714000000000e+09	2.012107300000000060e-03	-4.887556300000000034e-03
7.404746143000000000e+09	1.964839300000000011e-03	-4.960737199999999854e-03
7.404748571000000000e+09	1.985334100000000091e-03	-4.923260500000000220e-03
7.404751000000000000e+09	2.030603699999999987e-03	-4.907692899999999830e-03
7.404753429000000000e+09	1.998595599999999917e-03	-4.946306099999999741e-03
7.404755857000000000e+09	1.951244399999999901e-03	-4.921810999999999894e-03
7.404758286000000000e+09	1.905741199999999927e-03	-4.869623099999999608e-03
7.404760714000000000e+09	1.935509699999999993e-03	-4.810870899999999950e-03
7.404763143000000000e+09	1.946760999999999978e-03	-4.879864599999999587e-03
7.404765571000000000e+09	1.959210800000000131e-03	-4.967255099999999882e-03
7.404768000000000000e+09	1.917121699999999951e-03	-4.861551199999999615e-03
7.404770429000000000e+09	1.884575400000000015e-03	-4.968743999999999765e-03
7.404772857000000000e+09	1.916243900000000073e-03	-4.910865300000000037e-03
7.404775286000000000e+09	1.904739300000000014e-03	-4.913543599999999588e-03
7.404777714000000000e+09	1.946377100000000037e-03	-4.944108499999999747e-03
7.404780143000000000e+09	1.934924599999999963e-03	-4.915023699999999940e-03
7.404782571000000000e+09	1.853589199999999956e-03	-4.881727300000000304e-03
7.404785000000000000e+09	1.923111900000000008e-03	-4.952109399999999814e-03
7.404787429000000000e+09	1.916096599999999933e-03	-4.974738700000000055e-03
7.404789857000000000e+09	1.863893599999999918e-03	-4.964501199999999705e-03
7.404792286000000000e+09	1.892684300000000049e-03	-4.929701899999999748e-03
7.404794714000000000e+09	1.912838999999999946e-03	-4.954090300000000072e-03
7.404797143000000000e+09	1.934311599999999961e-03	-5.027112700000000052e-03
7.404799571000000000e+09	1.869425500000000033e-03	-5.030313500000000403e-03
7.404802000000000000e+09	1.823010400000000045e-03	-4.923019600000000037e-03
7.404804429000000000e+09	1.821874899999999893e-03	-5.025397299999999692e-03
7.404806857000000000e+09	1.851148400000000079e-03	-5.000012899999999733e-03
7.404809286000000000e+09	1.834870400000000084e-03	-4.939924200000000119e-03
7.404811714000000000e+09	1.888934400000000019e-03	-4.994122699999999949e-03
7.404814143000000000e+09	1.849570399999999953e-03	-4.908809499999999826e-03
7.404816571000000000e+09	1.876903099999999896e-03	-4.931819799999999886e-03
7.404819000000000000e+09	1.830804400000000031e-03	-4.937499100000000175e-03
7.404821429000000000e+09	1.827792900000000048e-03	-4.990580900000000410e-03
7.404823857000000000e+09	1.796864900000000103e-03	-4.981465099999999625e-03
7.404826286000000000e+09	1.797502500000000038e-03	-5.000081699999999775e-03
7.404828714000000000e+09	1.799913900000000080e-03	-4.985382499999999745e-03
7.404831143000000000e+09	1.755304799999999905e-03	-4.982005299999999956e-03
7.404833571000000000e+09	1.787164099999999974e-03	-5.080139200000000077e-03
7.404836000000000000e+09	1.744979399999999937e-03	-4.917669199999999581e-03
7.404838429000000000e+09	1.794732999999999962e-03	-5.000305200000000096e-03
7.404840857000000000e+09	1.750059800000000046e-03	-5.028878399999999783e-03
7.404843286000000000e+09	1.775511700000000038e-03	-4.997790799999999624e-03
7.404845714000000000e+09	1.831723599999999933e-03	-5.039484000000000324e-03
7.404848143000000000e+09	1.800185500000000107e-03	-4.981982999999999724e-03
7.404850571000000000e+09	1.746947499999999950e-03	-5.054136400000000008e-03
7.404853000000000000e+09	1.709255499999999973e-03	-5.027332699999999613e-03
7.404855429000000000e+09	1.753926999999999960e-03	-4.942872000000000064e-03
7.404857857000000000e+09	1.727443900000000037e-03	-5.016130799999999994e-03
7.404860286000000000e+09	1.758883400000000067e-03	-5.021991800000000228e-03
7.404862714000000000e+09	1.762544399999999923e-03	-4.965824599999999964e-03
7.404865143000000000e+09	1.688867400000000065e-03	-5.014682200000000409e-03
7.404867571000000000e+09	1.732792599999999914e-03	-5.037757399999999615e-03
7.404870000000000000e+09	1.700596200000000034e-03	-5.051370799999999744e-03
7.404872429000000000e+09	1.644128500000000079e-03	-5.060676000000000063e-03
7.404874857000000000e+09	1.590267499999999980e-03	-5.042788099999999905e-03
7.404877286000000000e+09	1.670000999999999951e-03	-5.031444300000000036e-03
7.404879714000000000e+09	1.692025599999999984e-03	-4.987602699999999639e-03
7.404882143000000000e+09	1.630302500000000094e-03	-4.982506599999999598e-03
7.404884571000000000e+09	1.675440899999999919e-03	-5.045415600000000347e-03
7.404887000000000000e+09	1.691477000000000041e-03	-5.032912399999999765e-03
7.404889429000000000e+09	1.613271299999999991e-03	-5.047998199999999790e-03
7.404891857000000000e+09	1.686650899999999915e-03	-5.020910400000000093e-03
7.404894286000000000e+09	1.649430599999999894e-03	-4.962625800000000295e-03
7.404896714000000000e+09	1.653189399999999924e-03	-4.962568199999999735e-03
7.404899143000000000e+09	1.573203900000000105e-03	-5.033748499999999952e-03
7.404901571000000000e+09	1.629097599999999911e-03	-4.967232799999999650e-03
7.404904000000000000e+09	1.518448200000000001e-03	-5.050530999999999597e-03
7.404906429000000000e+09	1.671674599999999934e-03	-4.996841000000000130e-03
7.404908857000000000e+09	1.566791199999999955e-03	-5.019796800000000253e-03
7.404911286000000000e+09	1.642067400000000012e-03	-5.096447799999999882e-03
7.404913714000000000e+09	1.659254800000000037e-03	-5.000310099999999598e-03
7.404916143000000000e+09	1.552097600000000100e-03	-4.977254199999999601e-03
7.404918571000000000e+09	1.591058200000000080e-03	-5.049389300000000150e-03
7.404921000000000000e+09	1.633221999999999929e-03	-5.040908600000000399e-03
7.404923429000000000e+09	1.538740899999999903e-03	-5.034445200000000308e-03
7.404925857000000000e+09	1.594527400000000017e-03	-4.950206500000000134e-03
7.404928286000000000e+09	1.527430499999999931e-03	-5.071860699999999889e-03
7.404930714000000000e+09	1.536620399999999963e-03	-5.004485099999999957e-03
7.404933143000000000e+09	1.538565599999999972e-03	-5.086574400000000093e-03
7.404935571000000000e+09	1.516897300000000009e-03	-5.009229300000000128e-03
7.404938000000000000e+09	1.490293699999999978e-03	-5.038796199999999968e-03
7.404940429000000000e+09	1.529010599999999906e-03	-5.059600499999999772e-03
7.404942857000000000e+09	1.565533100000000063e-03	-5.063057800000000420e-03
7.404945286000000000e+09	1.489820900000000080e-03	-5.007758900000000048e-03
7.404947714000000000e+09	1.522936300000000010e-03	-5.038703099999999879e-03
7.404950143000000000e+09	1.416027100000000075e-03	-5.089725300000000341e-03
7.404952571000000000e+09	1.551231699999999943e-03	-5.037720800000000144e-03
7.404955000000000000e+09	1.450750999999999907e-03	-5.084728999999999638e-03
7.404957429000000000e+09	1.494243199999999985e-03	-5.055820100000000400e-03
7.404959857000000000e+09	1.396131299999999993e-03	-5.105803499999999641e-03
7.404962286000000000e+09	1.431766300000000000e-03	-5.052695000000000276e-03
7.404964714000000000e+09	1.403585599999999933e-03	-5.099659999999999783e-03
7.404967143000000000e+09	1.426860500000000018e-03	-4.985613699999999655e-03
7.404969571000000000e+09	1.399153499999999939e-03	-5.093450799999999640e-03
7.404972000000000000e+09	1.459790899999999962e-03	-5.086851300000000409e-03
7.404974429000000000e+09	1.445043800000000078e-03	-5.083424100000000050e-03
7.404976857000000000e+09	1.439200999999999979e-03	-5.035127000000000352e-03
7.404979286000000000e+09	1.415239599999999981e-03	-5.115005500000000330e-03
7.404981714000000000e+09	1.373118399999999914e-03	-5.142284999999999912e-03
7.404984143000000000e+09	1.376760299999999979e-03	-5.084884999999999926e-03
7.404986571000000000e+09	1.482672100000000017e-03	-5.072968700000000421e-03
7.404989000000000000e+09	1.406697200000000007e-03	-5.099482399999999936e-03
7.404991429000000000e+09	1.407936499999999994e-03	-5.064421000000000374e-03
7.404993857000000000e+09	1.393032599999999982e-03	-5.054471199999999685e-03
7.404996286000000000e+09	1.404757900000000058e-03	-5.123575200000000072e-03
7.404998714000000000e+09	1.364367599999999998e-03	-5.100493799999999620e-03
7.405001143000000000e+09	1.367350899999999906e-03	-5.036463500000000308e-03
7.405003571000000000e+09	1.350666799999999989e-03	-5.145849099999999683e-03
7.405006000000000000e+09	1.373898599999999904e-03	-5.015168599999999741e-03
7.405008429000000000e+09	1.358783400000000046e-03	-5.102857500000000310e-03
7.405010857000000000e+09	1.384913499999999940e-03	-5.085273799999999803e-03
7.405013286000000000e+09	1.367688699999999955e-03	-5.121353099999999964e-03
7.405015714000000000e+09	1.338798999999999892e-03	-5.090297799999999977e-03
7.405018143000000000e+09	1.237906200000000057e-03	-5.123589399999999711e-03
7.405020571000000000e+09	1.330009600000000040e-03	-5.140857300000000081e-03
7.405023000000000000e+09	1.361729199999999959e-03	-5.081323599999999774e-03
7.405025429000000000e+09	1.249517199999999970e-03	-5.169268299999999969e-03
7.405027857000000000e+09	1.310659199999999894e-03	-5.112006199999999737e-03
7.405030286000000000e+09	1.354399000000000054e-03	-5.106446800000000001e-03
7.405032714000000000e+09	1.238705799999999940e-03	-5.156694899999999734e-03
7.405035143000000000e+09	1.254611400000000014e-03	-5.119645699999999730e-03
7.405037571000000000e+09	1.222265499999999894e-03	-5.066155099999999738e-03
7.405040000000000000e+09	1.220812699999999961e-03	-5.078991199999999782e-03
7.405042429000000000e+09	1.258716999999999909e-03	-5.158966299999999741e-03
7.405044857000000000e+09	1.202551899999999927e-03	-5.109492200000000268e-03
7.405047286000000000e+09	1.245255999999999924e-03	-5.060760200000000153e-03
7.405049714000000000e+09	1.210386099999999961e-03	-5.182631899999999917e-03
7.405052143000000000e+09	1.222284699999999936e-03	-5.117920399999999898e-03
7.405054571000000000e+09	1.167307499999999977e-03	-5.124026700000000080e-03
7.405057000000000000e+09	1.203608099999999926e-03	-5.119040200000000117e-03
7.405059429000000000e+09	1.262037400000000061e-03	-5.139498699999999962e-03
7.405061857000000000e+09	1.212418199999999897e-03	-5.107327099999999648e-03
7.405064286000000000e+09	1.211830899999999985e-03	-5.090480700000000330e-03
7.405066714000000000e+09	1.184815099999999904e-03	-5.124427899999999848e-03
7.405069143000000000e+09	1.223252599999999964e-03	-5.120088400000000206e-03
7.405071571000000000e+09	1.190090599999999972e-03	-5.173377399999999973e-03
7.405074000000000000e+09	1.222191799999999915e-03	-5.143392600000000307e-03
7.405076429000000000e+09	1.141090499999999940e-03	-5.165016199999999773e-03
7.405078857000000000e+09	1.134399199999999979e-03	-5.167669399999999871e-03
7.405081286000000000e+09	1.108533799999999927e-03	-5.110193600000000058e-03
7.405083714000000000e+09	1.182002699999999944e-03	-5.137745899999999859e-03
7.405086143000000000e+09	1.112465499999999935e-03	-5.122011899999999972e-03
7.405088571000000000e+09	1.144735899999999897e-03	-5.106246200000000117e-03
7.405091000000000000e+09	1.114964399999999892e-03	-5.220029000000000162e-03
7.405093429000000000e+09	1.066900300000000069e-03	-5.165253300000000394e-03
7.405095857000000000e+09	1.131808300000000092e-03	-5.177514999999999722e-03
7.405098286000000000e+09	1.105805399999999989e-03	-5.164865900000000128e-03
7.405100714000000000e+09	1.129503100000000052e-03	-5.175319599999999610e-03
7.405103143000000000e+09	1.128261499999999931e-03	-5.176568099999999915e-03
7.405105571000000000e+09	1.113550199999999895e-03	-5.129179799999999609e-03
7.405108000000000000e+09	1.082208999999999992e-03	-5.081348400000000425e-03
7.405110429000000000e+09	1.154611100000000083e-03	-5.129364400000000108e-03
7.405112857000000000e+09	1.057880900000000065e-03	-5.171738900000000250e-03
7.405115286000000000e+09	1.127910900000000070e-03	-5.176077500000000019e-03
7.405117714000000000e+09	1.055835399999999896e-03	-5.171275999999999824e-03
7.405120143000000000e+09	1.092824000000000052e-03	-5.134407399999999823e-03
7.405122571000000000e+09	1.025958999999999899e-03	-5.107891399999999957e-03
7.405125000000000000e+09	9.972551000000000939e-04	-5.199094399999999727e-03
7.405127429000000000e+09	1.068018999999999913e-03	-5.119847400000000423e-03
7.405129857000000000e+09	1.000581599999999941e-03	-5.081833899999999883e-03
7.405132286000000000e+09	1.010981399999999909e-03	-5.188587700000000386e-03
7.405134714000000000e+09	1.022525700000000062e-03	-5.112308700000000108e-03
7.405137143000000000e+09	1.083555400000000071e-03	-5.132845100000000063e-03
7.405139571000000000e+09	1.070833599999999972e-03	-5.140867700000000158e-03
7.405142000000000000e+09	9.743889999999999843e-04	-5.149978399999999637e-03
7.405144429000000000e+09	9.618441000000000360e-04	-5.186188900000000303e-03
7.405146857000000000e+09	9.891448000000000167e-04	-5.200492400000000272e-03
7.405149286000000000e+09	9.842760000000000745e-04	-5.143129700000000429e-03
7.405151714000000000e+09	9.940536999999999724e-04	-5.152793900000000003e-03
7.405154143000000000e+09	9.796765000000000247e-04	-5.152125100000000055e-03
7.405156571000000000e+09	9.219268999999999771e-04	-5.140815800000000241e-03
7.405159000000000000e+09	9.527415999999999923e-04	-5.138482899999999645e-03
7.405161429000000000e+09	8.713440999999999504e-04	-5.214061100000000337e-03
7.405163857000000000e+09	8.933813999999999774e-04	-5.138569499999999686e-03
7.405166286000000000e+09	9.381880999999999901e-04	-5.172779500000000349e-03
7.405168714000000000e+09	9.034606000000000147e-04	-5.123647000000000271e-03
7.405171143000000000e+09	9.166352000000000224e-04	-5.159193400000000422e-03
7.405173571000000000e+09	9.498293000000000100e-04	-5.224466100000000127e-03
7.405176000000000000e+09	8.467035000000000360e-04	-5.169918199999999978e-03
7.405178429000000000e+09	8.652434000000000514e-04	-5.158732200000000143e-03
7.405180857000000000e+09	8.899049999999999712e-04	-5.171471799999999806e-03
7.405183286000000000e+09	9.360729000000000142e-04	-5.175296599999999574e-03
7.405185714000000000e+09	8.625513000000000234e-04	-5.173681599999999624e-03
7.405188143000000000e+09	8.352605999999999833e-04	-5.211345699999999845e-03
7.405190571000000000e+09	8.804891999999999927e-04	-5.161693099999999784e-03
7.405193000000000000e+09	8.409297000000000473e-04	-5.187829500000000309e-03
7.405195429000000000e+09	8.583993999999999522e-04	-5.140590599999999774e-03
7.405197857000000000e+09	8.570869000000000491e-04	-5.177473999999999618e-03
7.405200286000000000e+09	8.247610000000000271e-04	-5.245594400000000261e-03
7.405202714000000000e+09	8.709390999999999704e-04	-5.191334199999999774e-03
7.405205143000000000e+09	8.293429000000000382e-04	-5.150840500000000016e-03
7.405207571000000000e+09	8.623295999999999913e-04	-5.223222199999999656e-03
7.405210000000000000e+09	8.138028000000000275e-04	-5.189661499999999664e-03
7.405212429000000000e+09	7.913296000000000002e-04	-5.180248400000000281e-03
7.405214857000000000e+09	8.572166000000000421e-04	-5.203955700000000364e-03
7.405217286000000000e+09	7.451458999999999904e-04	-5.208138900000000050e-03
7.405219714000000000e+09	7.835548999999999813e-04	-5.207199499999999766e-03
7.405222143000000000e+09	7.051587000000000219e-04	-5.199679900000000327e-03
7.405224571000000000e+09	8.081686999999999725e-04	-5.281411199999999813e-03
7.405227000000000000e+09	8.063945999999999788e-04	-5.215071200000000011e-03
7.405229429000000000e+09	7.965618000000000481e-04	-5.221351699999999749e-03
7.405231857000000000e+09	8.110981999999999654e-04	-5.211635600000000257e-03
7.405234286000000000e+09	7.556839000000000308e-04	-5.190783299999999698e-03
7.405236714000000000e+09	6.866596000000000418e-04	-5.198547199999999611e-03
7.405239143000000000e+09	7.415936000000000142e-04	-5.148895199999999756e-03
7.405241571000000000e+09	8.043227999999999489e-04	-5.163118599999999732e-03
7.405244000000000000e+09	7.639810999999999824e-04	-5.161963999999999789e-03
7.405246429000000000e+09	6.819607000000000316e-04	-5.263734800000000220e-03
7.405248857000000000e+09	7.134424000000000321e-04	-5.170189500000000118e-03
7.405251286000000000e+09	6.567158000000000457e-04	-5.202301900000000194e-03
7.405253714000000000e+09	7.072407999999999863e-04	-5.198783700000000028e-03
7.405256143000000000e+09	6.490330999999999574e-04	-5.191592600000000286e-03
7.405258571000000000e+09	7.048803999999999877e-04	-5.154980699999999784e-03
7.405261000000000000e+09	6.703825000000000279e-04	-5.158811000000000126e-03
7.405263429000000000e+09	6.632266999999999633e-04	-5.188666599999999969e-03
7.405265857000000000e+09	6.563607999999999856e-04	-5.180151299999999695e-03
7.405268286000000000e+09	6.456717000000000272e-04	-5.236542599999999617e-03
7.405270714000000000e+09	7.052777999999999782e-04	-5.152282299999999884e-03
7.405273143000000000e+09	5.585037000000000378e-04	-5.183036099999999841e-03
7.405275571000000000e+09	6.572089000000000359e-04	-5.207218399999999706e-03
7.405278000000000000e+09	6.992383000000000235e-04	-5.284202699999999801e-03
7.405280429000000000e+09	6.217193999999999889e-04	-5.199833800000000332e-03
7.405282857000000000e+09	6.109429999999999679e-04	-5.251635699999999962e-03
7.405285286000000000e+09	6.734020999999999540e-04	-5.148621400000000063e-03
7.405287714000000000e+09	6.234235999999999988e-04	-5.187706499999999998e-03
7.405290143000000000e+09	5.231545999999999462e-04	-5.196388399999999838e-03
7.405292571000000000e+09	5.844141999999999653e-04	-5.165109900000000066e-03
7.405295000000000000e+09	5.825758000000000542e-04	-5.174943100000000025e-03
7.405297429000000000e+09	6.607704000000000051e-04	-5.192248499999999739e-03
7.405299857000000000e+09	5.359457999999999670e-04	-5.201286900000000150e-03
7.405302286000000000e+09	5.501389000000000192e-04	-5.201638899999999621e-03
7.405304714000000000e+09	5.360496000000000184e-04	-5.177776200000000321e-03
7.405307143000000000e+09	6.122064000000000412e-04	-5.228753299999999715e-03
7.405309571000000000e+09	5.495520000000000266e-04	-5.208557400000000080e-03
7.405312000000000000e+09	5.562466000000000285e-04	-5.185224199999999631e-03
7.405314429000000000e+09	5.435607000000000286e-04	-5.217046700000000162e-03
7.405316857000000000e+09	4.991521000000000282e-04	-5.262115099999999969e-03
7.405319286000000000e+09	5.918577000000000169e-04	-5.195810900000000232e-03
7.405321714000000000e+09	4.818018999999999991e-04	-5.178073299999999719e-03
7.405324143000000000e+09	4.838242999999999884e-04	-5.196408500000000187e-03
7.405326571000000000e+09	4.760195000000000051e-04	-5.210960300000000260e-03
7.405329000000000000e+09	5.007521999999999928e-04	-5.210377799999999816e-03
7.405331429000000000e+09	4.642107000000000243e-04	-5.237179599999999997e-03
7.405333857000000000e+09	4.872325999999999740e-04	-5.244733900000000427e-03
7.405336286000000000e+09	4.947763999999999678e-04	-5.147441899999999869e-03
7.405338714000000000e+09	4.547749999999999818e-04	-5.274834899999999820e-03
7.405341143000000000e+09	4.709830000000000136e-04	-5.206876899999999912e-03
7.405343571000000000e+09	4.882528999999999819e-04	-5.187314099999999761e-03
7.405346000000000000e+09	4.765797000000000002e-04	-5.197037499999999574e-03
7.405348429000000000e+09	4.325886999999999940e-04	-5.264852300000000089e-03
7.405350857000000000e+09	5.250628999999999496e-04	-5.193948399999999584e-03
7.405353286000000000e+09	4.908218999999999907e-04	-5.242387299999999931e-03
7.405355714000000000e+09	4.323560999999999854e-04	-5.190411800000000082e-03
7.405358143000000000e+09	3.639113999999999934e-04	-5.208891700000000020e-03
7.405360571000000000e+09	4.376909000000000008e-04	-5.198873900000000429e-03
7.405363000000000000e+09	4.061913000000000220e-04	-5.189908000000000021e-03
7.405365429000000000e+09	4.464920999999999734e-04	-5.286751499999999861e-03
7.405367857000000000e+09	4.662428999999999944e-04	-5.214238599999999717e-03
7.405370286000000000e+09	4.293613000000000052e-04	-5.183809900000000033e-03
7.405372714000000000e+09	3.754022999999999887e-04	-5.176554499999999615e-03
7.405375143000000000e+09	3.746601000000000011e-04	-5.219722999999999898e-03
7.405377571000000000e+09	4.501554999999999966e-04	-5.184575299999999963e-03
7.405380000000000000e+09	4.121942000000000184e-04	-5.243337699999999629e-03
7.405382429000000000e+09	3.932588000000000099e-04	-5.241568400000000405e-03
7.405384857000000000e+09	4.364360999999999870e-04	-5.228501899999999855e-03
7.405387286000000000e+09	3.705426000000000054e-04	-5.185958000000000061e-03
7.405389714000000000e+09	3.200731999999999969e-04	-5.162890100000000308e-03
7.405392143000000000e+09	3.793746000000000184e-04	-5.173136899999999927e-03
7.405394571000000000e+09	3.742347999999999834e-04	-5.201875600000000106e-03
7.405397000000000000e+09	3.343015000000000179e-04	-5.233378599999999672e-03
7.405399429000000000e+09	3.378780000000000065e-04	-5.232145900000000419e-03
7.405401857000000000e+09	2.997729999999999774e-04	-5.211621900000000356e-03
7.405404286000000000e+09	3.765455000000000017e-04	-5.167499699999999682e-03
7.405406714000000000e+09	2.923927000000000101e-04	-5.158472600000000088e-03
7.405409143000000000e+09	3.031889999999999867e-04	-5.234255400000000294e-03
7.405411571000000000e+09	3.411191999999999848e-04	-5.142153400000000138e-03
7.405414000000000000e+09	2.515012000000000172e-04	-5.231199500000000349e-03
7.405416429000000000e+09	2.765926000000000257e-04	-5.251626500000000294e-03
7.405418857000000000e+09	3.117635000000000111e-04	-5.214635199999999651e-03
7.405421286000000000e+09	2.704310000000000134e-04	-5.228715999999999572e-03
7.405423714000000000e+09	2.680345000000000102e-04	-5.216515300000000230e-03
7.405426143000000000e+09	2.948574999999999937e-04	-5.217702099999999878e-03
7.405428571000000000e+09	2.162658999999999990e-04	-5.222536100000000313e-03
7.405431000000000000e+09	2.560924000000000013e-04	-5.231718500000000389e-03
7.405433429000000000e+09	1.876597000000000085e-04	-5.249331999999999783e-03
7.405435857000000000e+09	2.480556999999999771e-04	-5.263246400000000207e-03
7.405438286000000000e+09	2.676911000000000026e-04	-5.258342899999999924e-03
7.405440714000000000e+09	2.573432999999999862e-04	-5.265415300000000388e-03
7.405443143000000000e+09	1.898229000000000084e-04	-5.205392900000000399e-03
7.405445571000000000e+09	2.400896999999999927e-04	-5.285339000000000009e-03
7.405448000000000000e+09	1.867944000000000017e-04	-5.226670000000000101e-03
7.405450429000000000e+09	2.556200000000000225e-04	-5.174514499999999587e-03
7.405452857000000000e+09	1.276352000000000075e-04	-5.281209700000000055e-03
7.405455286000000000e+09	1.951189999999999999e-04	-5.236807100000000041e-03
7.405457714000000000e+09	2.505219000000000044e-04	-5.230196799999999729e-03
7.405460143000000000e+09	2.338696000000000080e-04	-5.215948800000000038e-03
7.405462571000000000e+09	1.282897000000000128e-04	-5.223032300000000384e-03
7.405465000000000000e+09	1.546386000000000071e-04	-5.212882400000000416e-03
7.405467429000000000e+09	1.324700999999999906e-04	-5.266649299999999652e-03
7.405469857000000000e+09	1.640730999999999928e-04	-5.213570199999999905e-03
7.405472286000000000e+09	1.562083000000000135e-04	-5.235524699999999886e-03
7.405474714000000000e+09	1.304380000000000003e-04	-5.183214200000000292e-03
7.405477143000000000e+09	1.143839000000000010e-04	-5.236875400000000347e-03
7.405479571000000000e+09	9.326169999999999512e-05	-5.274834200000000015e-03
7.405482000000000000e+09	3.843689999999999786e-05	-5.262115000000000369e-03
7.405484429000000000e+09	1.193477999999999960e-04	-5.183520500000000225e-03
7.405486857000000000e+09	2.182727999999999882e-04	-5.196313699999999952e-03
7.405489286000000000e+09	8.876579999999999638e-05	-5.173302999999999756e-03
7.405491714000000000e+09	9.230019999999999425e-05	-5.205990399999999886e-03
7.405494143000000000e+09	9.868119999999999973e-05	-5.306187599999999741e-03
7.405496571000000000e+09	3.307100000000000066e-06	-5.234463699999999768e-03
7.405499000000000000e+09	3.048090000000000153e-05	-5.177372700000000202e-03
7.405501429000000000e+09	3.054179999999999954e-05	-5.220334200000000154e-03
7.405503857000000000e+09	3.495830000000000037e-05	-5.171632899999999665e-03
7.405506286000000000e+09	7.982210000000000271e-05	-5.288695000000000375e-03
7.405508714000000000e+09	2.400089999999999919e-05	-5.197004300000000396e-03
7.405511143000000000e+09	2.526469999999999885e-05	-5.193791199999999754e-03
7.405513571000000000e+09	5.324539999999999677e-05	-5.235276100000000113e-03
7.405516000000000000e+09	7.120840000000000080e-05	-5.174949499999999605e-03
7.405518429000000000e+09	4.362770000000000244e-05	-5.178998399999999898e-03
7.405520857000000000e+09	4.582349999999999927e-05	-5.223746500000000202e-03
7.405523286000000000e+09	-4.702299999999999854e-06	-5.290006800000000148e-03
7.405525714000000000e+09	2.903349999999999909e-05	-5.177408900000000404e-03
7.405528143000000000e+09	2.241599999999999849e-06	-5.212686499999999966e-03
7.405530571000000000e+09	2.344410000000000141e-05	-5.238180900000000140e-03
7.405533000000000000e+09	-8.387699999999999331e-06	-5.201091599999999905e-03
7.405535429000000000e+09	-4.508850000000000038e-05	-5.226134099999999935e-03
7.405537857000000000e+09	-6.651969999999999942e-05	-5.246963200000000389e-03
7.405540286000000000e+09	-7.143579999999999798e-05	-5.157413700000000253e-03
7.405542714000000000e+09	-3.501500000000000272e-05	-5.198910499999999900e-03
7.405545143000000000e+09	9.311400000000000330e-06	-5.170083500000000401e-03
7.405547571000000000e+09	-6.983310000000000060e-05	-5.195390700000000056e-03
7.405550000000000000e+09	-7.105759999999999540e-05	-5.207088799999999747e-03
7.405552429000000000e+09	-7.770649999999999877e-05	-5.232680699999999775e-03
7.405554857000000000e+09	-1.028593000000000064e-04	-5.140804900000000427e-03
7.405557286000000000e+09	-4.909440000000000212e-05	-5.127822699999999567e-03
7.405559714000000000e+09	-5.898249999999999983e-05	-5.229458099999999797e-03
7.405562143000000000e+09	-8.976529999999999926e-05	-5.178089900000000176e-03
7.405564571000000000e+09	2.292369999999999873e-05	-5.167034099999999637e-03
7.405567000000000000e+09	-1.161031000000000031e-04	-5.230219300000000029e-03
7.405569429000000000e+09	-1.424401000000000053e-04	-5.185695300000000250e-03
7.405571857000000000e+09	-1.255612999999999933e-04	-5.164099200000000188e-03
7.405574286000000000e+09	-1.093368999999999933e-04	-5.200638900000000356e-03
7.405576714000000000e+09	-6.382179999999999939e-05	-5.243679400000000358e-03
7.405579143000000000e+09	-1.044870999999999978e-04	-5.269240599999999893e-03
7.405581571000000000e+09	-1.204206000000000037e-04	-5.215657500000000016e-03
7.405584000000000000e+09	-1.527653999999999926e-04	-5.154000100000000195e-03
7.405586429000000000e+09	-6.997200000000000023e-05	-5.147487800000000342e-03
7.405588857000000000e+09	-2.277036999999999930e-04	-5.203040499999999659e-03
7.405591286000000000e+09	-1.759041000000000088e-04	-5.187971399999999692e-03
7.405593714000000000e+09	-1.199587000000000006e-04	-5.187415400000000044e-03
7.405596143000000000e+09	-1.795889999999999910e-04	-5.144077799999999777e-03
7.405598571000000000e+09	-2.119707000000000134e-04	-5.247281999999999814e-03
7.405601000000000000e+09	-1.723007000000000087e-04	-5.224529599999999663e-03
7.405603429000000000e+09	-1.703585999999999989e-04	-5.200141600000000343e-03
7.405605857000000000e+09	-2.434357000000000111e-04	-5.227437199999999777e-03
7.405608286000000000e+09	-1.555461000000000116e-04	-5.166485099999999775e-03
7.405610714000000000e+09	-2.403732000000000112e-04	-5.242026700000000129e-03
7.405613143000000000e+09	-2.015770000000000116e-04	-5.173863800000000172e-03
7.405615571000000000e+09	-2.280936000000000009e-04	-5.192303900000000416e-03
7.405618000000000000e+09	-1.528862999999999934e-04	-5.216801699999999882e-03
7.405620429000000000e+09	-2.038536000000000026e-04	-5.253493799999999977e-03
7.405622857000000000e+09	-2.390073000000000046e-04	-5.206659699999999572e-03
7.405625286000000000e+09	-2.198369999999999892e-04	-5.251699099999999898e-03
7.405627714000000000e+09	-1.604526999999999961e-04	-5.166779600000000021e-03
7.405630143000000000e+09	-1.794913999999999939e-04	-5.181057700000000002e-03
7.405632571000000000e+09	-2.487516999999999853e-04	-5.267105099999999825e-03
7.405635000000000000e+09	-2.857633999999999955e-04	-5.207079699999999679e-03
7.405637429000000000e+09	-2.505834999999999768e-04	-5.200297199999999627e-03
7.405639857000000000e+09	-2.611070999999999856e-04	-5.221039799999999641e-03
7.405642286000000000e+09	-2.676528000000000067e-04	-5.208662600000000392e-03
7.405644714000000000e+09	-2.413590999999999979e-04	-5.200393999999999677e-03
7.405647143000000000e+09	-3.701778000000000186e-04	-5.138080800000000004e-03
7.405649571000000000e+09	-3.294249999999999978e-04	-5.100372100000000186e-03
7.405652000000000000e+09	-3.638587000000000201e-04	-5.206233200000000283e-03
7.405654429000000000e+09	-2.856228000000000261e-04	-5.214666500000000350e-03
7.405656857000000000e+09	-3.985643000000000085e-04	-5.186491700000000343e-03
7.405659286000000000e+09	-3.337112999999999842e-04	-5.227141299999999921e-03
7.405661714000000000e+09	-3.181306000000000064e-04	-5.145772699999999651e-03
7.405664143000000000e+09	-3.089168000000000100e-04	-5.198100100000000237e-03
7.405666571000000000e+09	-3.082099000000000253e-04	-5.240218599999999817e-03
7.405669000000000000e+09	-3.683948000000000257e-04	-5.138543300000000293e-03
7.405671429000000000e+09	-3.284583999999999789e-04	-5.161715199999999948e-03
7.405673857000000000e+09	-3.490661999999999953e-04	-5.238722900000000217e-03
7.405676286000000000e+09	-3.894303000000000109e-04	-5.210959599999999588e-03
7.405678714000000000e+09	-4.155013000000000261e-04	-5.144991800000000073e-03
7.405681143000000000e+09	-4.122387999999999942e-04	-5.207037099999999898e-03
7.405683571000000000e+09	-3.989339000000000058e-04	-5.071054900000000060e-03
7.405686000000000000e+09	-3.311763000000000228e-04	-5.136665200000000396e-03
7.405688429000000000e+09	-3.626295000000000083e-04	-5.228545000000000241e-03
7.405690857000000000e+09	-4.551903000000000047e-04	-5.194230999999999675e-03
7.405693286000000000e+09	-4.269507000000000185e-04	-5.168129700000000278e-03
7.405695714000000000e+09	-4.498312999999999769e-04	-5.087407999999999861e-03
7.405698143000000000e+09	-4.171188999999999951e-04	-5.183600800000000286e-03
7.405700571000000000e+09	-4.029532999999999965e-04	-5.164288799999999791e-03
7.405703000000000000e+09	-4.327429999999999732e-04	-5.186858299999999589e-03
7.405705429000000000e+09	-5.616853000000000210e-04	-5.154036800000000133e-03
7.405707857000000000e+09	-4.968926999999999936e-04	-5.183149100000000210e-03
7.405710286000000000e+09	-4.522996999999999955e-04	-5.159420799999999904e-03
7.405712714000000000e+09	-4.249446999999999838e-04	-5.169580499999999745e-03
7.405715143000000000e+09	-4.577348999999999871e-04	-5.143158000000000105e-03
7.405717571000000000e+09	-4.774008999999999848e-04	-5.181830600000000321e-03
7.405720000000000000e+09	-4.079978000000000055e-04	-5.105472399999999925e-03
7.405722429000000000e+09	-4.475260000000000110e-04	-5.205478500000000099e-03
7.405724857000000000e+09	-5.659324999999999556e-04	-5.151084000000000218e-03
7.405727286000000000e+09	-4.836880000000000216e-04	-5.146651500000000087e-03
7.405729714000000000e+09	-5.698180000000000389e-04	-5.143302800000000043e-03
7.405732143000000000e+09	-5.404719999999999577e-04	-5.201826399999999809e-03
7.405734571000000000e+09	-5.543844000000000246e-04	-5.196230900000000340e-03
7.405737000000000000e+09	-5.183221000000000226e-04	-5.111714300000000377e-03
7.405739429000000000e+09	-5.125140999999999725e-04	-5.119957999999999974e-03
7.405741857000000000e+09	-5.008562000000000040e-04	-5.195871999999999817e-03
7.405744286000000000e+09	-5.786146999999999948e-04	-5.128560499999999626e-03
7.405746714000000000e+09	-5.214523999999999678e-04	-5.187939499999999655e-03
7.405749143000000000e+09	-5.463452000000000152e-04	-5.127144400000000282e-03
7.405751571000000000e+09	-5.754949000000000522e-04	-5.132721300000000347e-03
7.405754000000000000e+09	-6.033168999999999902e-04	-5.094503400000000362e-03
7.405756429000000000e+09	-5.505953999999999970e-04	-5.119529200000000335e-03
7.405758857000000000e+09	-4.988177999999999796e-04	-5.135386199999999665e-03
7.405761286000000000e+09	-5.552474999999999859e-04	-5.121197699999999881e-03
7.405763714000000000e+09	-5.786192000000000115e-04	-5.220469099999999751e-03
7.405766143000000000e+09	-6.547375000000000243e-04	-5.101417300000000120e-03
7.405768571000000000e+09	-5.942341999999999763e-04	-5.142321600000000249e-03
7.405771000000000000e+09	-5.984236999999999673e-04	-5.150930599999999950e-03
7.405773429000000000e+09	-5.965150000000000443e-04	-5.195147800000000059e-03
7.405775857000000000e+09	-6.225217999999999594e-04	-5.159302000000000159e-03
7.405778286000000000e+09	-5.930565999999999963e-04	-5.112415700000000167e-03
7.405780714000000000e+09	-6.278921000000000458e-04	-5.150692299999999786e-03
7.405783143000000000e+09	-5.894417000000000319e-04	-5.112617199999999924e-03
7.405785571000000000e+09	-6.741607999999999845e-04	-5.183810599999999838e-03
7.405788000000000000e+09	-6.927555999999999645e-04	-5.085490100000000270e-03
7.405790429000000000e+09	-6.620606000000000017e-04	-5.130782799999999803e-03
7.405792857000000000e+09	-6.758292999999999636e-04	-5.112572200000000192e-03
7.405795286000000000e+09	-6.361363999999999561e-04	-5.130338499999999649e-03
7.405797714000000000e+09	-5.592786999999999889e-04	-5.117905399999999987e-03
7.405800143000000000e+09	-6.545042000000000481e-04	-5.127832399999999839e-03
7.405802571000000000e+09	-6.943675999999999755e-04	-5.179570799999999933e-03
7.405805000000000000e+09	-6.795641999999999742e-04	-5.167428699999999757e-03
7.405807429000000000e+09	-6.848614999999999954e-04	-5.108736099999999607e-03
7.405809857000000000e+09	-6.795940000000000531e-04	-5.085617100000000210e-03
7.405812286000000000e+09	-7.100627999999999671e-04	-5.148055000000000339e-03
7.405814714000000000e+09	-6.891802999999999515e-04	-5.120129499999999910e-03
7.405817143000000000e+09	-7.295798000000000040e-04	-5.153806300000000028e-03
7.405819571000000000e+09	-7.276582000000000189e-04	-5.142781199999999983e-03
7.405822000000000000e+09	-7.429611999999999501e-04	-5.086047599999999995e-03
7.405824429000000000e+09	-7.088634999999999598e-04	-5.099220500000000399e-03
7.405826857000000000e+09	-7.324496000000000218e-04	-5.087781999999999895e-03
7.405829286000000000e+09	-7.862124999999999539e-04	-5.102906600000000140e-03
7.405831714000000000e+09	-7.737838999999999828e-04	-5.116396700000000290e-03
7.405834143000000000e+09	-7.861609999999999562e-04	-5.068567199999999585e-03
7.405836571000000000e+09	-7.603921999999999938e-04	-5.096838900000000110e-03
7.405839000000000000e+09	-7.793681999999999693e-04	-5.125495600000000082e-03
7.405841429000000000e+09	-7.139677999999999780e-04	-5.120785699999999899e-03
7.405843857000000000e+09	-7.336274999999999958e-04	-5.142410600000000241e-03
7.405846286000000000e+09	-7.838571000000000340e-04	-5.117515900000000305e-03
7.405848714000000000e+09	-8.086506000000000466e-04	-5.030032200000000321e-03
7.405851143000000000e+09	-8.001628000000000429e-04	-5.007982799999999637e-03
7.405853571000000000e+09	-8.067617999999999708e-04	-5.000694099999999573e-03
7.405856000000000000e+09	-7.362185000000000257e-04	-5.093221700000000011e-03
7.405858429000000000e+09	-7.548903999999999510e-04	-5.053113700000000375e-03
7.405860857000000000e+09	-7.435718000000000015e-04	-5.014772199999999874e-03
7.405863286000000000e+09	-7.996597000000000037e-04	-5.134590799999999913e-03
7.405865714000000000e+09	-8.610345999999999842e-04	-5.065067599999999691e-03
7.405868143000000000e+09	-8.606506000000000095e-04	-5.035615099999999830e-03
7.405870571000000000e+09	-8.561665999999999895e-04	-5.092944599999999628e-03
7.405873000000000000e+09	-8.114497999999999503e-04	-5.127898700000000330e-03
7.405875429000000000e+09	-8.091841999999999698e-04	-5.145645600000000111e-03
7.405877857000000000e+09	-8.956476000000000541e-04	-5.073208699999999863e-03
7.405880286000000000e+09	-8.302195000000000494e-04	-5.054028500000000076e-03
7.405882714000000000e+09	-8.487198000000000051e-04	-5.084284799999999951e-03
7.405885143000000000e+09	-8.466495000000000531e-04	-5.107808099999999740e-03
7.405887571000000000e+09	-9.236709000000000065e-04	-5.011749900000000112e-03
7.405890000000000000e+09	-8.998005000000000326e-04	-5.119337800000000119e-03
7.405892429000000000e+09	-8.888188000000000425e-04	-5.125914799999999917e-03
7.405894857000000000e+09	-9.170332000000000006e-04	-5.057336100000000417e-03
7.405897286000000000e+09	-8.590768000000000145e-04	-5.049404900000000265e-03
7.405899714000000000e+09	-9.072575000000000257e-04	-5.090501600000000085e-03
7.405902143000000000e+09	-8.885581999999999725e-04	-5.130171000000000210e-03
7.405904571000000000e+09	-9.306622999999999545e-04	-5.075631500000000323e-03
7.405907000000000000e+09	-9.133316999999999955e-04	-5.071521899999999715e-03
7.405909429000000000e+09	-8.685033999999999896e-04	-5.121818499999999941e-03
7.405911857000000000e+09	-9.565348000000000427e-04	-5.133343999999999754e-03
7.405914286000000000e+09	-9.158235000000000247e-04	-5.063194899999999901e-03
7.405916714000000000e+09	-9.227735999999999838e-04	-5.085122699999999885e-03
7.405919143000000000e+09	-1.011992400000000106e-03	-5.089580199999999867e-03
7.405921571000000000e+09	-9.859539000000000063e-04	-5.057947499999999874e-03
7.405924000000000000e+09	-9.816834000000000410e-04	-5.141026899999999802e-03
7.405926429000000000e+09	-1.009318500000000104e-03	-5.078611599999999573e-03
7.405928857000000000e+09	-1.069537400000000098e-03	-5.099072700000000305e-03
7.405931286000000000e+09	-9.653230999999999531e-04	-5.078885499999999734e-03
7.405933714000000000e+09	-1.057846299999999976e-03	-5.072338499999999757e-03
7.405936143000000000e+09	-9.300806000000000004e-04	-5.102528400000000408e-03
7.405938571000000000e+09	-1.045757000000000023e-03	-5.125042800000000065e-03
7.405941000000000000e+09	-9.958402000000000746e-04	-5.083674600000000036e-03
7.405943429000000000e+09	-9.473624000000000151e-04	-4.992335799999999928e-03
7.405945857000000000e+09	-1.038426199999999914e-03	-5.050311299999999705e-03
7.405948286000000000e+09	-1.028268300000000036e-03	-5.103707100000000330e-03
7.405950714000000000e+09	-1.042963899999999923e-03	-5.128290100000000226e-03
7.405953143000000000e+09	-1.013641399999999941e-03	-5.033578000000000358e-03
7.405955571000000000e+09	-1.080697399999999957e-03	-5.152415199999999668e-03
7.405958000000000000e+09	-1.102852600000000073e-03	-5.023093699999999981e-03
7.405960429000000000e+09	-1.063455100000000077e-03	-5.091936299999999700e-03
7.405962857000000000e+09	-1.080017699999999978e-03	-5.030778399999999775e-03
7.405965286000000000e+09	-1.076644400000000001e-03	-5.013899599999999818e-03
7.405967714000000000e+09	-1.032674099999999952e-03	-5.035049399999999911e-03
7.405970143000000000e+09	-1.064695000000000051e-03	-5.041616799999999905e-03
7.405972571000000000e+09	-1.183500999999999997e-03	-5.006645100000000140e-03
7.405975000000000000e+09	-1.068465399999999916e-03	-5.098182199999999782e-03
7.405977429000000000e+09	-1.094486700000000005e-03	-5.049631399999999874e-03
7.405979857000000000e+09	-1.080555900000000060e-03	-5.019145200000000098e-03
7.405982286000000000e+09	-1.046829999999999896e-03	-4.985514699999999723e-03
7.405984714000000000e+09	-1.041972499999999904e-03	-5.036944699999999601e-03
7.405987143000000000e+09	-1.127852500000000105e-03	-5.003297000000000300e-03
7.405989571000000000e+09	-1.081707899999999984e-03	-5.017135699999999629e-03
7.405992000000000000e+09	-1.130095900000000105e-03	-4.995272299999999922e-03
7.405994429000000000e+09	-1.160868299999999898e-03	-4.975950500000000422e-03
7.405996857000000000e+09	-1.139436200000000033e-03	-4.999959299999999669e-03
7.405999286000000000e+09	-1.151264099999999967e-03	-5.029873100000000277e-03
7.406001714000000000e+09	-1.181794199999999968e-03	-5.002300500000000059e-03
7.406004143000000000e+09	-1.110212099999999995e-03	-5.056473799999999970e-03
7.406006571000000000e+09	-1.144114699999999917e-03	-5.011572399999999865e-03
7.406009000000000000e+09	-1.159431000000000047e-03	-5.001159699999999618e-03
7.406011429000000000e+09	-1.184617900000000095e-03	-5.040502100000000124e-03
7.406013857000000000e+09	-1.105131700000000104e-03	-4.985083999999999869e-03
7.406016286000000000e+09	-1.121486899999999971e-03	-5.003178700000000291e-03
7.406018714000000000e+09	-1.178347699999999967e-03	-5.040213499999999722e-03
7.406021143000000000e+09	-1.176922699999999973e-03	-4.989635699999999882e-03
7.406023571000000000e+09	-1.165789599999999962e-03	-5.052536800000000106e-03
7.406026000000000000e+09	-1.198213500000000009e-03	-4.939624499999999835e-03
7.406028429000000000e+09	-1.217223099999999950e-03	-4.923674200000000348e-03
7.406030857000000000e+09	-1.168581199999999985e-03	-5.050252100000000334e-03
7.406033286000000000e+09	-1.302845599999999946e-03	-5.002502600000000021e-03
7.406035714000000000e+09	-1.229019999999999939e-03	-4.971441499999999791e-03
7.406038143000000000e+09	-1.240948300000000067e-03	-5.013433000000000299e-03
7.406040571000000000e+09	-1.319645400000000069e-03	-4.994451900000000319e-03
7.406043000000000000e+09	-1.237444099999999905e-03	-4.953592799999999990e-03
7.406045429000000000e+09	-1.271125400000000039e-03	-5.035904800000000174e-03
7.406047857000000000e+09	-1.300743600000000026e-03	-4.983003199999999806e-03
7.406050286000000000e+09	-1.248930999999999999e-03	-4.957103600000000235e-03
7.406052714000000000e+09	-1.277538599999999925e-03	-4.961918600000000262e-03
7.406055143000000000e+09	-1.323705799999999946e-03	-4.956555900000000382e-03
7.406057571000000000e+09	-1.229256699999999990e-03	-5.021427600000000387e-03
7.406060000000000000e+09	-1.290940400000000106e-03	-4.986943500000000362e-03
7.406062429000000000e+09	-1.262383800000000007e-03	-4.954869599999999971e-03
7.406064857000000000e+09	-1.282503099999999976e-03	-4.936500499999999653e-03
7.406067286000000000e+09	-1.290484599999999933e-03	-4.991576400000000309e-03
7.406069714000000000e+09	-1.315909500000000043e-03	-4.941684200000000075e-03
7.406072143000000000e+09	-1.274463700000000007e-03	-4.905524999999999990e-03
7.406074571000000000e+09	-1.262664699999999952e-03	-4.961209500000000015e-03
7.406077000000000000e+09	-1.377278999999999917e-03	-4.925766600000000030e-03
7.406079429000000000e+09	-1.265533799999999948e-03	-4.900727599999999892e-03
7.406081857000000000e+09	-1.303717499999999981e-03	-4.983979500000000097e-03
7.406084286000000000e+09	-1.317697000000000052e-03	-4.852667300000000281e-03
7.406086714000000000e+09	-1.337323999999999978e-03	-4.954686899999999686e-03
7.406089143000000000e+09	-1.416367900000000063e-03	-4.957910400000000405e-03
7.406091571000000000e+09	-1.332915299999999940e-03	-4.976414999999999658e-03
7.406094000000000000e+09	-1.438245600000000093e-03	-4.904402700000000219e-03
7.406096429000000000e+09	-1.399543500000000008e-03	-5.003314000000000025e-03
7.406098857000000000e+09	-1.384928899999999987e-03	-4.977093900000000015e-03
7.406101286000000000e+09	-1.358440800000000094e-03	-4.962140299999999969e-03
7.406103714000000000e+09	-1.373463600000000102e-03	-4.905812199999999915e-03
7.406106143000000000e+09	-1.371234700000000060e-03	-4.997848000000000047e-03
7.406108571000000000e+09	-1.399047899999999924e-03	-4.905174400000000129e-03
7.406111000000000000e+09	-1.381073999999999930e-03	-4.980542900000000002e-03
7.406113429000000000e+09	-1.451205899999999990e-03	-4.917480999999999589e-03
7.406115857000000000e+09	-1.391731800000000057e-03	-4.897429000000000018e-03
7.406118286000000000e+09	-1.437705600000000047e-03	-4.838324199999999818e-03
7.406120714000000000e+09	-1.359155099999999946e-03	-4.817733599999999596e-03
7.406123143000000000e+09	-1.430180600000000067e-03	-4.949228499999999698e-03
7.406125571000000000e+09	-1.460121800000000044e-03	-4.898752000000000141e-03
7.406128000000000000e+09	-1.489103899999999958e-03	-4.905182999999999592e-03
7.406130429000000000e+09	-1.446635799999999991e-03	-4.885550800000000062e-03
7.406132857000000000e+09	-1.425283899999999935e-03	-4.941332199999999737e-03
7.406135286000000000e+09	-1.501716499999999899e-03	-4.913045500000000169e-03
7.406137714000000000e+09	-1.462766299999999995e-03	-4.933612599999999751e-03
7.406140143000000000e+09	-1.469708199999999977e-03	-4.876133000000000377e-03
7.406142571000000000e+09	-1.493076700000000104e-03	-4.908493800000000157e-03
7.406145000000000000e+09	-1.491495700000000039e-03	-4.971458199999999848e-03
7.406147429000000000e+09	-1.476696900000000088e-03	-4.906960299999999810e-03
7.406149857000000000e+09	-1.455211000000000091e-03	-4.948406199999999880e-03
7.406152286000000000e+09	-1.512952300000000019e-03	-4.895447300000000355e-03
7.406154714000000000e+09	-1.407500699999999919e-03	-4.834178500000000343e-03
7.406157143000000000e+09	-1.506305899999999974e-03	-4.918674100000000084e-03
7.406159571000000000e+09	-1.547758599999999977e-03	-4.845394299999999932e-03
7.406162000000000000e+09	-1.536184099999999934e-03	-4.880398499999999938e-03
7.406164429000000000e+09	-1.520823900000000013e-03	-4.837697799999999583e-03
7.406166857000000000e+09	-1.573208499999999939e-03	-4.918223000000000213e-03
7.406169286000000000e+09	-1.540856200000000021e-03	-4.899927000000000102e-03
7.406171714000000000e+09	-1.534104099999999927e-03	-4.906651799999999994e-03
7.406174143000000000e+09	-1.574755099999999982e-03	-4.917818699999999821e-03
7.406176571000000000e+09	-1.514100999999999902e-03	-4.844095300000000187e-03
7.406179000000000000e+09	-1.541011500000000070e-03	-4.872383200000000164e-03
7.406181429000000000e+09	-1.524354300000000002e-03	-4.869705299999999883e-03
7.406183857000000000e+09	-1.672079199999999995e-03	-4.829454500000000122e-03
7.406186286000000000e+09	-1.643644600000000082e-03	-4.871812799999999943e-03
7.406188714000000000e+09	-1.627224800000000087e-03	-4.850451399999999684e-03
7.406191143000000000e+09	-1.549728700000000021e-03	-4.847385699999999867e-03
7.406193571000000000e+09	-1.593072600000000052e-03	-4.776556900000000251e-03
7.406196000000000000e+09	-1.527013999999999932e-03	-4.875538199999999642e-03
7.406198429000000000e+09	-1.561522500000000037e-03	-4.917493400000000348e-03
7.406200857000000000e+09	-1.543499299999999928e-03	-4.874513199999999657e-03
7.406203286000000000e+09	-1.647925499999999908e-03	-4.849806100000000376e-03
7.406205714000000000e+09	-1.578111699999999902e-03	-4.873441499999999794e-03
7.406208143000000000e+09	-1.683353299999999948e-03	-4.810584799999999966e-03
7.406210571000000000e+09	-1.581077300000000062e-03	-4.886653900000000224e-03
7.406213000000000000e+09	-1.608806200000000020e-03	-4.845476399999999739e-03
7.406215429000000000e+09	-1.577072299999999995e-03	-4.876056999999999614e-03
7.406217857000000000e+09	-1.576623099999999904e-03	-4.845347699999999654e-03
7.406220286000000000e+09	-1.715180200000000028e-03	-4.814920000000000311e-03
7.406222714000000000e+09	-1.661981199999999943e-03	-4.819263899999999719e-03
7.406225143000000000e+09	-1.657642400000000106e-03	-4.888146000000000331e-03
7.406227571000000000e+09	-1.670251700000000006e-03	-4.912518999999999740e-03
7.406230000000000000e+09	-1.601085900000000012e-03	-4.777695900000000079e-03
7.406232429000000000e+09	-1.670017900000000076e-03	-4.749929400000000093e-03
7.406234857000000000e+09	-1.647576399999999908e-03	-4.765970700000000254e-03
7.406237286000000000e+09	-1.684937700000000088e-03	-4.801235400000000188e-03
7.406239714000000000e+09	-1.695841499999999969e-03	-4.833066900000000318e-03
7.406242143000000000e+09	-1.734101499999999999e-03	-4.822047700000000117e-03
7.406244571000000000e+09	-1.698616100000000049e-03	-4.741433300000000295e-03
7.406247000000000000e+09	-1.734311500000000053e-03	-4.823124800000000087e-03
7.406249429000000000e+09	-1.673605199999999953e-03	-4.787278399999999982e-03
7.406251857000000000e+09	-1.725545700000000009e-03	-4.784474000000000365e-03
7.406254286000000000e+09	-1.749058099999999984e-03	-4.863074799999999621e-03
7.406256714000000000e+09	-1.723018999999999896e-03	-4.778742699999999691e-03
7.406259143000000000e+09	-1.701065299999999971e-03	-4.844346299999999911e-03
7.406261571000000000e+09	-1.785494199999999951e-03	-4.764383300000000175e-03
7.406264000000000000e+09	-1.766463999999999925e-03	-4.774654300000000240e-03
7.406266429000000000e+09	-1.774231700000000050e-03	-4.780200099999999674e-03
7.406268857000000000e+09	-1.713289499999999955e-03	-4.798988399999999828e-03
7.406271286000000000e+09	-1.796195800000000052e-03	-4.740285300000000000e-03
7.406273714000000000e+09	-1.728850199999999943e-03	-4.723559100000000038e-03
7.406276143000000000e+09	-1.805441399999999997e-03	-4.798273500000000205e-03
7.406278571000000000e+09	-1.808832299999999903e-03	-4.703329499999999753e-03
7.406281000000000000e+09	-1.883226900000000087e-03	-4.734529599999999679e-03
7.406283429000000000e+09	-1.867134199999999963e-03	-4.801977500000000412e-03
7.406285857000000000e+09	-1.849440799999999994e-03	-4.756256199999999573e-03
7.406288286000000000e+09	-1.764553199999999936e-03	-4.779158999999999838e-03
7.406290714000000000e+09	-1.745462300000000027e-03	-4.760459100000000339e-03
7.406293143000000000e+09	-1.788157100000000105e-03	-4.740953400000000144e-03
7.406295571000000000e+09	-1.860606400000000028e-03	-4.703436600000000280e-03
7.406298000000000000e+09	-1.850251600000000010e-03	-4.832148399999999788e-03
7.406300429000000000e+09	-1.844425200000000082e-03	-4.758993900000000297e-03
7.406302857000000000e+09	-1.805207799999999918e-03	-4.770786699999999755e-03
7.406305286000000000e+09	-1.895123799999999916e-03	-4.719082200000000379e-03
7.406307714000000000e+09	-1.886170300000000050e-03	-4.735890700000000217e-03
7.406310143000000000e+09	-1.869938200000000094e-03	-4.735356900000000334e-03
7.406312571000000000e+09	-1.849567600000000082e-03	-4.736082200000000034e-03
7.406315000000000000e+09	-1.825604700000000007e-03	-4.757728200000000199e-03
7.406317429000000000e+09	-1.908908699999999981e-03	-4.744939299999999770e-03
7.406319857000000000e+09	-1.909755900000000050e-03	-4.680486600000000399e-03
7.406322286000000000e+09	-1.932331499999999976e-03	-4.746397299999999958e-03
7.406324714000000000e+09	-1.912697699999999900e-03	-4.665925500000000191e-03
7.406327143000000000e+09	-1.881455699999999998e-03	-4.698964499999999656e-03
7.406329571000000000e+09	-1.904018599999999931e-03	-4.703134999999999781e-03
7.406332000000000000e+09	-1.837215899999999989e-03	-4.715635800000000412e-03
7.406334429000000000e+09	-1.874351100000000046e-03	-4.778621900000000131e-03
7.406336857000000000e+09	-1.900195900000000012e-03	-4.753800499999999603e-03
7.406339286000000000e+09	-1.941536100000000034e-03	-4.666197799999999805e-03
7.406341714000000000e+09	-1.994431100000000102e-03	-4.715521700000000101e-03
7.406344143000000000e+09	-1.953225900000000147e-03	-4.703563299999999683e-03
7.406346571000000000e+09	-1.920278299999999974e-03	-4.659732399999999899e-03
7.406349000000000000e+09	-1.940006700000000001e-03	-4.733221999999999603e-03
7.406351429000000000e+09	-1.916658300000000006e-03	-4.661799200000000393e-03
7.406353857000000000e+09	-1.880864400000000023e-03	-4.622935199999999960e-03
7.406356286000000000e+09	-1.920076800000000000e-03	-4.706753800000000425e-03
7.406358714000000000e+09	-1.926882499999999941e-03	-4.711698099999999875e-03
7.406361143000000000e+09	-2.018882799999999894e-03	-4.746669200000000303e-03
7.406363571000000000e+09	-1.928247699999999926e-03	-4.725049299999999931e-03
7.406366000000000000e+09	-1.963584500000000160e-03	-4.668698699999999577e-03
7.406368429000000000e+09	-2.004288700000000142e-03	-4.658956900000000428e-03
7.406370857000000000e+09	-1.948222099999999922e-03	-4.664602999999999805e-03
7.406373286000000000e+09	-2.007253599999999846e-03	-4.656132599999999663e-03
7.406375714000000000e+09	-1.982553000000000180e-03	-4.695879000000000025e-03
7.406378143000000000e+09	-2.053173399999999853e-03	-4.678647099999999788e-03
7.406380571000000000e+09	-1.996556799999999864e-03	-4.676491700000000307e-03
7.406383000000000000e+09	-2.027995900000000191e-03	-4.637823400000000255e-03
7.406385429000000000e+09	-2.028792800000000021e-03	-4.685983300000000004e-03
7.406387857000000000e+09	-1.995743300000000012e-03	-4.630438500000000346e-03
7.406390286000000000e+09	-2.013655400000000182e-03	-4.640166599999999593e-03
7.406392714000000000e+09	-1.946065399999999997e-03	-4.659056299999999630e-03
7.406395143000000000e+09	-2.046059299999999914e-03	-4.657254599999999765e-03
7.406397571000000000e+09	-2.063769100000000054e-03	-4.587414300000000264e-03
7.406400000000000000e+09	-2.023546299999999867e-03	-4.635521600000000290e-03
7.406402429000000000e+09	-2.043342300000000177e-03	-4.676003500000000361e-03
7.406404857000000000e+09	-2.013565900000000020e-03	-4.662282499999999968e-03
7.406407286000000000e+09	-2.050621400000000004e-03	-4.599058500000000223e-03
7.406409714000000000e+09	-2.007853600000000186e-03	-4.542748699999999903e-03
7.406412143000000000e+09	-2.066578199999999973e-03	-4.627759099999999987e-03
7.406414571000000000e+09	-2.036962199999999869e-03	-4.592605300000000140e-03
7.406417000000000000e+09	-2.137335299999999858e-03	-4.567204699999999860e-03
7.406419429000000000e+09	-2.093933300000000181e-03	-4.660261500000000348e-03
7.406421857000000000e+09	-2.061383500000000136e-03	-4.694099000000000188e-03
7.406424286000000000e+09	-2.123176499999999793e-03	-4.711032000000000414e-03
7.406426714000000000e+09	-2.099182700000000023e-03	-4.644706699999999987e-03
7.406429143000000000e+09	-2.068032400000000166e-03	-4.594786400000000146e-03
7.406431571000000000e+09	-2.147627000000000043e-03	-4.578812100000000281e-03
7.406434000000000000e+09	-2.106554699999999870e-03	-4.586531100000000062e-03
7.406436429000000000e+09	-2.141909400000000137e-03	-4.628059700000000144e-03
7.406438857000000000e+09	-2.080596799999999934e-03	-4.609764300000000238e-03
7.406441286000000000e+09	-2.109663300000000005e-03	-4.625644800000000209e-03
7.406443714000000000e+09	-2.193845600000000028e-03	-4.599871200000000236e-03
7.406446143000000000e+09	-2.207158600000000068e-03	-4.589750099999999680e-03
7.406448571000000000e+09	-2.096175999999999942e-03	-4.520485799999999707e-03
7.406451000000000000e+09	-2.144948600000000025e-03	-4.569131599999999918e-03
7.406453429000000000e+09	-2.149560300000000115e-03	-4.572676500000000081e-03
7.406455857000000000e+09	-2.155077100000000068e-03	-4.562109400000000092e-03
7.406458286000000000e+09	-2.189617200000000107e-03	-4.573528299999999984e-03
7.406460714000000000e+09	-2.158392600000000067e-03	-4.528664699999999758e-03
7.406463143000000000e+09	-2.183815300000000077e-03	-4.568433499999999953e-03
7.406465571000000000e+09	-2.179083200000000130e-03	-4.548087099999999737e-03
7.406468000000000000e+09	-2.201733400000000125e-03	-4.585904200000000090e-03
7.406470429000000000e+09	-2.200710199999999887e-03	-4.574605500000000421e-03
7.406472857000000000e+09	-2.232691000000000189e-03	-4.487206199999999728e-03
7.406475286000000000e+09	-2.172330200000000162e-03	-4.546562700000000325e-03
7.406477714000000000e+09	-2.247086499999999872e-03	-4.549622799999999967e-03
7.406480143000000000e+09	-2.228531299999999844e-03	-4.525795099999999592e-03
7.406482571000000000e+09	-2.207287100000000085e-03	-4.586393499999999977e-03
7.406485000000000000e+09	-2.209034199999999979e-03	-4.521067099999999742e-03
7.406487429000000000e+09	-2.198387899999999871e-03	-4.521813700000000200e-03
7.406489857000000000e+09	-2.259493600000000210e-03	-4.587844399999999913e-03
7.406492286000000000e+09	-2.183903000000000059e-03	-4.562757300000000286e-03
7.406494714000000000e+09	-2.273936600000000044e-03	-4.536988300000000147e-03
7.406497143000000000e+09	-2.168989200000000141e-03	-4.559912200000000235e-03
7.406499571000000000e+09	-2.270107899999999814e-03	-4.521064899999999859e-03
7.406502000000000000e+09	-2.324397199999999816e-03	-4.567477799999999748e-03
7.406504429000000000e+09	-2.282320600000000213e-03	-4.542989400000000018e-03
7.406506857000000000e+09	-2.259888700000000066e-03	-4.581637099999999983e-03
7.406509286000000000e+09	-2.322213499999999792e-03	-4.497369499999999930e-03
7.406511714000000000e+09	-2.263634500000000216e-03	-4.547184699999999927e-03
7.406514143000000000e+09	-2.257171499999999827e-03	-4.523638299999999633e-03
7.406516571000000000e+09	-2.303443000000000070e-03	-4.432437600000000213e-03
7.406519000000000000e+09	-2.325364700000000142e-03	-4.505199100000000130e-03
7.406521429000000000e+09	-2.291000000000000068e-03	-4.501603899999999728e-03
7.406523857000000000e+09	-2.291838200000000103e-03	-4.578324600000000140e-03
7.406526286000000000e+09	-2.318540000000000011e-03	-4.523985399999999601e-03
7.406528714000000000e+09	-2.334764000000000023e-03	-4.441381399999999591e-03
7.406531143000000000e+09	-2.355723899999999978e-03	-4.545307499999999903e-03
7.406533571000000000e+09	-2.332042999999999790e-03	-4.530793299999999642e-03
7.406536000000000000e+09	-2.302810099999999787e-03	-4.434336599999999864e-03
7.406538429000000000e+09	-2.330020300000000023e-03	-4.449923300000000262e-03
7.406540857000000000e+09	-2.361574200000000033e-03	-4.437158800000000347e-03
7.406543286000000000e+09	-2.304126200000000159e-03	-4.504855799999999723e-03
7.406545714000000000e+09	-2.336382900000000002e-03	-4.467161100000000343e-03
7.406548143000000000e+09	-2.364841600000000110e-03	-4.452762300000000402e-03
7.406550571000000000e+09	-2.397501199999999867e-03	-4.467712999999999893e-03
7.406553000000000000e+09	-2.334426799999999962e-03	-4.468910199999999618e-03
7.406555429000000000e+09	-2.350960200000000097e-03	-4.424663700000000359e-03
7.406557857000000000e+09	-2.412990500000000010e-03	-4.430877500000000337e-03
7.406560286000000000e+09	-2.323769500000000005e-03	-4.478099999999999616e-03
7.406562714000000000e+09	-2.371264599999999868e-03	-4.468876899999999971e-03
7.406565143000000000e+09	-2.439110899999999849e-03	-4.445364799999999665e-03
7.406567571000000000e+09	-2.399236600000000108e-03	-4.476299900000000297e-03
7.406570000000000000e+09	-2.365258199999999925e-03	-4.436600300000000281e-03
7.406572429000000000e+09	-2.429252399999999937e-03	-4.426071400000000308e-03
7.406574857000000000e+09	-2.458578700000000131e-03	-4.455792800000000359e-03
7.406577286000000000e+09	-2.402710900000000049e-03	-4.423550099999999652e-03
7.406579714000000000e+09	-2.437633900000000121e-03	-4.444130400000000265e-03
7.406582143000000000e+09	-2.375665700000000134e-03	-4.371905300000000251e-03
7.406584571000000000e+09	-2.447478900000000200e-03	-4.428990300000000373e-03
7.406587000000000000e+09	-2.441045599999999965e-03	-4.394460700000000011e-03
7.406589429000000000e+09	-2.450833199999999986e-03	-4.429438200000000020e-03
7.406591857000000000e+09	-2.428868499999999996e-03	-4.493918500000000128e-03
7.406594286000000000e+09	-2.479599099999999900e-03	-4.387198800000000412e-03
7.406596714000000000e+09	-2.457093500000000208e-03	-4.436569399999999719e-03
7.406599143000000000e+09	-2.445813600000000011e-03	-4.308648800000000265e-03
7.406601571000000000e+09	-2.419828499999999907e-03	-4.426652799999999943e-03
7.406604000000000000e+09	-2.532707199999999995e-03	-4.430736900000000096e-03
7.406606429000000000e+09	-2.437019900000000211e-03	-4.403810900000000063e-03
7.406608857000000000e+09	-2.476831399999999787e-03	-4.430867599999999996e-03
7.406611286000000000e+09	-2.383756999999999803e-03	-4.366011000000000371e-03
7.406613714000000000e+09	-2.489126700000000164e-03	-4.359665599999999752e-03
7.406616143000000000e+09	-2.485771900000000208e-03	-4.407083699999999812e-03
7.406618571000000000e+09	-2.429330099999999978e-03	-4.387360800000000144e-03
7.406621000000000000e+09	-2.485841999999999826e-03	-4.402975800000000217e-03
7.406623429000000000e+09	-2.440855100000000055e-03	-4.391908800000000196e-03
7.406625857000000000e+09	-2.429904000000000092e-03	-4.309427999999999696e-03
7.406628286000000000e+09	-2.429097800000000126e-03	-4.308692799999999656e-03
7.406630714000000000e+09	-2.524712299999999805e-03	-4.356141400000000143e-03
7.406633143000000000e+09	-2.496295899999999811e-03	-4.395986299999999833e-03
7.406635571000000000e+09	-2.459260799999999844e-03	-4.333723799999999668e-03
7.406638000000000000e+09	-2.553972900000000146e-03	-4.366643499999999650e-03
7.406640429000000000e+09	-2.469463900000000173e-03	-4.342869699999999875e-03
7.406642857000000000e+09	-2.549075899999999912e-03	-4.298919000000000004e-03
7.406645286000000000e+09	-2.545084100000000009e-03	-4.379166500000000045e-03
7.406647714000000000e+09	-2.556208300000000020e-03	-4.399362100000000012e-03
7.406650143000000000e+09	-2.640613200000000056e-03	-4.315982900000000198e-03
7.406652571000000000e+09	-2.597782600000000074e-03	-4.349144999999999574e-03
7.406655000000000000e+09	-2.542535900000000154e-03	-4.328631299999999987e-03
7.406657429000000000e+09	-2.538197500000000020e-03	-4.391006700000000054e-03
7.406659857000000000e+09	-2.616115999999999928e-03	-4.284229900000000382e-03
7.406662286000000000e+09	-2.580929200000000104e-03	-4.369784800000000094e-03
7.406664714000000000e+09	-2.554290500000000030e-03	-4.266166000000000055e-03
7.406667143000000000e+09	-2.618734800000000005e-03	-4.305948399999999683e-03
7.406669571000000000e+09	-2.642464699999999989e-03	-4.280318400000000106e-03
7.406672000000000000e+09	-2.577645899999999810e-03	-4.341654799999999752e-03
7.406674429000000000e+09	-2.639300600000000011e-03	-4.272370800000000433e-03
7.406676857000000000e+09	-2.663189800000000107e-03	-4.276589600000000116e-03
7.406679286000000000e+09	-2.612831500000000091e-03	-4.257292999999999668e-03
7.406681714000000000e+09	-2.670151099999999982e-03	-4.316411699999999838e-03
7.406684143000000000e+09	-2.644549400000000081e-03	-4.289067700000000379e-03
7.406686571000000000e+09	-2.674467399999999953e-03	-4.247819800000000173e-03
7.406689000000000000e+09	-2.692192600000000140e-03	-4.327705200000000335e-03
7.406691429000000000e+09	-2.719106800000000053e-03	-4.264406000000000099e-03
7.406693857000000000e+09	-2.696153900000000051e-03	-4.297405899999999675e-03
7.406696286000000000e+09	-2.658348999999999955e-03	-4.290882099999999803e-03
7.406698714000000000e+09	-2.619506699999999983e-03	-4.311903500000000347e-03
7.406701143000000000e+09	-2.651556499999999962e-03	-4.333078100000000224e-03
7.406703571000000000e+09	-2.630418199999999887e-03	-4.266096300000000140e-03
7.406706000000000000e+09	-2.692401599999999853e-03	-4.303764899999999727e-03
7.406708429000000000e+09	-2.731982400000000123e-03	-4.271261499999999892e-03
7.406710857000000000e+09	-2.741830599999999993e-03	-4.292859500000000168e-03
7.406713286000000000e+09	-2.637310899999999788e-03	-4.231406800000000329e-03
7.406715714000000000e+09	-2.641979300000000131e-03	-4.205783599999999602e-03
7.406718143000000000e+09	-2.663654799999999948e-03	-4.308514999999999741e-03
7.406720571000000000e+09	-2.713977499999999966e-03	-4.246650700000000056e-03
7.406723000000000000e+09	-2.685079400000000074e-03	-4.261298900000000042e-03
7.406725429000000000e+09	-2.695194399999999851e-03	-4.237447200000000157e-03
7.406727857000000000e+09	-2.698250900000000001e-03	-4.256522500000000167e-03
7.406730286000000000e+09	-2.675105000000000104e-03	-4.277965100000000361e-03
7.406732714000000000e+09	-2.710710500000000026e-03	-4.298862900000000389e-03
7.406735143000000000e+09	-2.708947599999999949e-03	-4.239849999999999869e-03
7.406737571000000000e+09	-2.730294400000000000e-03	-4.161292999999999936e-03
7.406740000000000000e+09	-2.714622500000000039e-03	-4.251937899999999777e-03
7.406742429000000000e+09	-2.760024099999999845e-03	-4.242629000000000365e-03
7.406744857000000000e+09	-2.659318899999999798e-03	-4.222924400000000432e-03
7.406747286000000000e+09	-2.784203600000000056e-03	-4.200665299999999797e-03
7.406749714000000000e+09	-2.764335799999999982e-03	-4.193816099999999984e-03
7.406752143000000000e+09	-2.770697300000000019e-03	-4.202182199999999687e-03
7.406754571000000000e+09	-2.749919500000000145e-03	-4.202605800000000155e-03
7.406757000000000000e+09	-2.805837800000000101e-03	-4.131846599999999987e-03
7.406759429000000000e+09	-2.781704199999999929e-03	-4.146344500000000328e-03
7.406761857000000000e+09	-2.807549900000000202e-03	-4.175927500000000021e-03
7.406764286000000000e+09	-2.752930700000000026e-03	-4.193215999999999610e-03
7.406766714000000000e+09	-2.778338200000000056e-03	-4.231025400000000374e-03
7.406769143000000000e+09	-2.770922500000000052e-03	-4.217186199999999573e-03
7.406771571000000000e+09	-2.822985699999999883e-03	-4.155643700000000336e-03
7.406774000000000000e+09	-2.864273499999999816e-03	-4.118137200000000081e-03
7.406776429000000000e+09	-2.865774399999999889e-03	-4.141565399999999966e-03
7.406778857000000000e+09	-2.795411199999999884e-03	-4.207474899999999983e-03
7.406781286000000000e+09	-2.815962200000000047e-03	-4.170174700000000255e-03
7.406783714000000000e+09	-2.819307000000000063e-03	-4.216118900000000343e-03
7.406786143000000000e+09	-2.807072400000000002e-03	-4.180568200000000026e-03
7.406788571000000000e+09	-2.736733199999999942e-03	-4.141962800000000174e-03
7.406791000000000000e+09	-2.811692000000000184e-03	-4.171375599999999940e-03
7.406793429000000000e+09	-2.804342799999999872e-03	-4.129104500000000365e-03
7.406795857000000000e+09	-2.724627800000000138e-03	-4.221074099999999607e-03
7.406798286000000000e+09	-2.785928300000000118e-03	-4.128281800000000411e-03
7.406800714000000000e+09	-2.839849900000000066e-03	-4.172270700000000297e-03
7.406803143000000000e+09	-2.913851399999999991e-03	-4.168041299999999602e-03
7.406805571000000000e+09	-2.844213300000000052e-03	-4.118655399999999848e-03
7.406808000000000000e+09	-2.850306899999999807e-03	-4.147875799999999925e-03
7.406810429000000000e+09	-2.823830099999999864e-03	-4.176936699999999822e-03
7.406812857000000000e+09	-2.859832599999999857e-03	-4.072187100000000150e-03
7.406815286000000000e+09	-2.865542300000000105e-03	-4.122241999999999920e-03
7.406817714000000000e+09	-2.869045399999999892e-03	-4.010595900000000352e-03
7.406820143000000000e+09	-2.921275399999999790e-03	-4.078737300000000350e-03
7.406822571000000000e+09	-2.913642499999999878e-03	-4.117787900000000230e-03
7.406825000000000000e+09	-2.875330399999999863e-03	-4.077563400000000331e-03
7.406827429000000000e+09	-2.974311900000000189e-03	-4.075422199999999620e-03
7.406829857000000000e+09	-2.938312000000000215e-03	-4.014864400000000069e-03
7.406832286000000000e+09	-2.808998300000000153e-03	-4.073302200000000067e-03
7.406834714000000000e+09	-2.952895200000000154e-03	-4.050028500000000392e-03
7.406837143000000000e+09	-2.926170300000000175e-03	-4.013712600000000214e-03
7.406839571000000000e+09	-2.965648999999999889e-03	-4.058969400000000081e-03
7.406842000000000000e+09	-2.892891199999999934e-03	-4.076037299999999905e-03
7.406844429000000000e+09	-2.922662899999999789e-03	-4.042167499999999893e-03
7.406846857000000000e+09	-2.886112299999999808e-03	-4.082156699999999784e-03
7.406849286000000000e+09	-2.978778100000000102e-03	-4.116391500000000231e-03
7.406851714000000000e+09	-2.860413500000000189e-03	-4.101186700000000393e-03
7.406854143000000000e+09	-2.874747200000000048e-03	-4.070851599999999668e-03
7.406856571000000000e+09	-2.942268499999999790e-03	-4.135021099999999609e-03
7.406859000000000000e+09	-2.936662699999999845e-03	-4.013795799999999962e-03
7.406861429000000000e+09	-2.964994700000000115e-03	-4.075975199999999979e-03
7.406863857000000000e+09	-2.871553499999999950e-03	-4.101352499999999686e-03
7.406866286000000000e+09	-2.986909700000000070e-03	-4.103716799999999713e-03
7.406868714000000000e+09	-2.908154400000000171e-03	-4.007539400000000203e-03
7.406871143000000000e+09	-2.929847399999999883e-03	-4.046451900000000261e-03
7.406873571000000000e+09	-2.922873999999999785e-03	-4.006459100000000009e-03
7.406876000000000000e+09	-3.003174400000000084e-03	-4.019522799999999604e-03
7.406878429000000000e+09	-3.063285700000000032e-03	-3.982619300000000279e-03
7.406880857000000000e+09	-2.994452800000000151e-03	-3.999718799999999602e-03
7.406883286000000000e+09	-3.075935200000000196e-03	-4.066237900000000197e-03
7.406885714000000000e+09	-2.979471699999999834e-03	-3.989164100000000372e-03
7.406888143000000000e+09	-2.981386500000000103e-03	-3.976708199999999874e-03
7.406890571000000000e+09	-2.951479400000000045e-03	-3.975667900000000310e-03
7.406893000000000000e+09	-2.979004600000000145e-03	-4.025575099999999587e-03
7.406895429000000000e+09	-3.043910300000000034e-03	-4.021956499999999879e-03
7.406897857000000000e+09	-3.026918799999999809e-03	-4.051320199999999816e-03
7.406900286000000000e+09	-3.015861500000000060e-03	-4.046305699999999846e-03
7.406902714000000000e+09	-3.025777299999999996e-03	-3.975175400000000199e-03
7.406905143000000000e+09	-3.065968999999999986e-03	-4.023327000000000153e-03
7.406907571000000000e+09	-3.048491500000000132e-03	-3.996275700000000326e-03
7.406910000000000000e+09	-2.949868200000000090e-03	-3.906796700000000379e-03
7.406912429000000000e+09	-3.025183299999999968e-03	-3.955794200000000392e-03
7.406914857000000000e+09	-3.042846000000000092e-03	-3.942864600000000122e-03
7.406917286000000000e+09	-3.059621299999999884e-03	-3.945413099999999645e-03
7.406919714000000000e+09	-3.049675200000000024e-03	-3.969787800000000068e-03
7.406922143000000000e+09	-3.045431400000000056e-03	-3.893838100000000194e-03
7.406924571000000000e+09	-3.113552900000000206e-03	-3.992510399999999599e-03
7.406927000000000000e+09	-3.089409699999999797e-03	-3.918221799999999783e-03
7.406929429000000000e+09	-3.065139599999999916e-03	-3.954516100000000402e-03
7.406931857000000000e+09	-3.114074599999999866e-03	-3.971954500000000367e-03
7.406934286000000000e+09	-3.032962499999999895e-03	-3.899899000000000074e-03
7.406936714000000000e+09	-3.082201699999999930e-03	-3.946535999999999621e-03
7.406939143000000000e+09	-3.074543199999999962e-03	-3.886405800000000167e-03
7.406941571000000000e+09	-3.086970300000000181e-03	-3.899561699999999978e-03
7.406944000000000000e+09	-3.097477799999999795e-03	-3.895612499999999857e-03
7.406946429000000000e+09	-3.118580799999999976e-03	-3.880608600000000005e-03
7.406948857000000000e+09	-3.037903199999999852e-03	-3.842382799999999928e-03
7.406951286000000000e+09	-3.144648199999999956e-03	-3.925267399999999782e-03
7.406953714000000000e+09	-3.079335800000000158e-03	-3.950244299999999993e-03
7.406956143000000000e+09	-3.114546599999999926e-03	-3.876281799999999923e-03
7.406958571000000000e+09	-3.092617700000000001e-03	-3.900332800000000117e-03
7.406961000000000000e+09	-3.145120799999999786e-03	-3.875061099999999991e-03
7.406963429000000000e+09	-3.169628600000000060e-03	-3.823999700000000040e-03
7.406965857000000000e+09	-3.195254499999999973e-03	-3.834300499999999858e-03
7.406968286000000000e+09	-3.182057800000000127e-03	-3.923028400000000415e-03
7.406970714000000000e+09	-3.136210300000000055e-03	-3.831946399999999840e-03
7.406973143000000000e+09	-3.089953500000000054e-03	-3.884297399999999800e-03
7.406975571000000000e+09	-3.135915999999999877e-03	-3.780289500000000216e-03
7.406978000000000000e+09	-3.096812899999999875e-03	-3.857510000000000192e-03
7.406980429000000000e+09	-3.174445100000000165e-03	-3.887543199999999883e-03
7.406982857000000000e+09	-3.143271699999999804e-03	-3.888771799999999907e-03
7.406985286000000000e+09	-3.190171500000000063e-03	-3.856296700000000181e-03
7.406987714000000000e+09	-3.134272200000000081e-03	-3.864031999999999883e-03
7.406990143000000000e+09	-3.200951599999999828e-03	-3.841133599999999818e-03
7.406992571000000000e+09	-3.229605400000000112e-03	-3.836560699999999949e-03
7.406995000000000000e+09	-3.251313200000000101e-03	-3.826982200000000108e-03
7.406997429000000000e+09	-3.173524599999999821e-03	-3.825804500000000094e-03
7.406999857000000000e+09	-3.190184400000000125e-03	-3.800872099999999879e-03
7.407002286000000000e+09	-3.151297099999999986e-03	-3.802916500000000106e-03
7.407004714000000000e+09	-3.197806799999999925e-03	-3.805359700000000150e-03
7.407007143000000000e+09	-3.223488000000000048e-03	-3.834836099999999921e-03
7.407009571000000000e+09	-3.190678499999999914e-03	-3.796719200000000117e-03
7.407012000000000000e+09	-3.301564500000000058e-03	-3.799820900000000067e-03
7.407014429000000000e+09	-3.186872500000000052e-03	-3.858572800000000056e-03
7.407016857000000000e+09	-3.228727900000000119e-03	-3.876044800000000203e-03
7.407019286000000000e+09	-3.211838900000000153e-03	-3.802395300000000183e-03
7.407021714000000000e+09	-3.241591199999999898e-03	-3.814863800000000207e-03
7.407024143000000000e+09	-3.249848799999999899e-03	-3.858853800000000035e-03
7.407026571000000000e+09	-3.275132999999999951e-03	-3.812187099999999901e-03
7.407029000000000000e+09	-3.300503199999999838e-03	-3.754312499999999837e-03
7.407031429000000000e+09	-3.198894700000000108e-03	-3.762948099999999935e-03
7.407033857000000000e+09	-3.271345699999999961e-03	-3.760144400000000123e-03
7.407036286000000000e+09	-3.250783100000000179e-03	-3.765262399999999825e-03
7.407038714000000000e+09	-3.280790400000000145e-03	-3.700829499999999835e-03
7.407041143000000000e+09	-3.269963600000000067e-03	-3.774240700000000125e-03
7.407043571000000000e+09	-3.340994199999999976e-03	-3.751451199999999899e-03
7.407046000000000000e+09	-3.298554400000000119e-03	-3.748884300000000173e-03
7.407048429000000000e+09	-3.269680000000000069e-03	-3.783049699999999939e-03
7.407050857000000000e+09	-3.288503300000000015e-03	-3.684701900000000169e-03
7.407053286000000000e+09	-3.260269200000000169e-03	-3.645146100000000184e-03
7.407055714000000000e+09	-3.261398899999999861e-03	-3.733950800000000042e-03
7.407058143000000000e+09	-3.345462500000000172e-03	-3.808523399999999993e-03
7.407060571000000000e+09	-3.284202799999999794e-03	-3.753795400000000011e-03
7.407063000000000000e+09	-3.315108199999999838e-03	-3.692426200000000023e-03
7.407065429000000000e+09	-3.379945599999999856e-03	-3.706729199999999821e-03
7.407067857000000000e+09	-3.293565500000000205e-03	-3.686903100000000089e-03
7.407070286000000000e+09	-3.321686800000000182e-03	-3.827468599999999874e-03
7.407072714000000000e+09	-3.345330200000000160e-03	-3.715862700000000136e-03
7.407075143000000000e+09	-3.283813999999999917e-03	-3.729554400000000079e-03
7.407077571000000000e+09	-3.330266000000000129e-03	-3.727886799999999973e-03
7.407080000000000000e+09	-3.249759499999999805e-03	-3.683342300000000142e-03
7.407082429000000000e+09	-3.363348200000000014e-03	-3.665017799999999853e-03
7.407084857000000000e+09	-3.304941300000000144e-03	-3.662785799999999838e-03
7.407087286000000000e+09	-3.386345199999999875e-03	-3.615434099999999869e-03
7.407089714000000000e+09	-3.427758899999999807e-03	-3.700190800000000176e-03
7.407092143000000000e+09	-3.387820699999999959e-03	-3.654775199999999932e-03
7.407094571000000000e+09	-3.352427600000000042e-03	-3.621553000000000012e-03
7.407097000000000000e+09	-3.335431099999999847e-03	-3.665056500000000040e-03
7.407099429000000000e+09	-3.291699899999999800e-03	-3.653280400000000205e-03
7.407101857000000000e+09	-3.409526899999999836e-03	-3.641071200000000133e-03
7.407104286000000000e+09	-3.371733999999999929e-03	-3.656439100000000077e-03
7.407106714000000000e+09	-3.331305899999999990e-03	-3.663440200000000081e-03
7.407109143000000000e+09	-3.453764399999999929e-03	-3.734758199999999983e-03
7.407111571000000000e+09	-3.477909700000000187e-03	-3.648340999999999824e-03
7.407114000000000000e+09	-3.419861399999999871e-03	-3.595327100000000192e-03
7.407116429000000000e+09	-3.406220800000000007e-03	-3.626691300000000132e-03
7.407118857000000000e+09	-3.419648899999999832e-03	-3.641129600000000098e-03
7.407121286000000000e+09	-3.407786700000000127e-03	-3.634170700000000174e-03
7.407123714000000000e+09	-3.380509900000000165e-03	-3.667357400000000132e-03
7.407126143000000000e+09	-3.448865599999999948e-03	-3.633422600000000072e-03
7.407128571000000000e+09	-3.396287999999999911e-03	-3.591995599999999941e-03
7.407131000000000000e+09	-3.430205600000000177e-03	-3.551950700000000138e-03
7.407133429000000000e+09	-3.435676700000000160e-03	-3.664733900000000186e-03
7.407135857000000000e+09	-3.426145299999999901e-03	-3.627232800000000038e-03
7.407138286000000000e+09	-3.435864299999999948e-03	-3.601525099999999986e-03
7.407140714000000000e+09	-3.455220299999999835e-03	-3.571701100000000077e-03
7.407143143000000000e+09	-3.429677099999999933e-03	-3.587695599999999891e-03
7.407145571000000000e+09	-3.434382399999999849e-03	-3.599216100000000168e-03
7.407148000000000000e+09	-3.422724600000000023e-03	-3.607676700000000004e-03
7.407150429000000000e+09	-3.417321999999999981e-03	-3.513451900000000207e-03
7.407152857000000000e+09	-3.410619100000000185e-03	-3.618724399999999949e-03
7.407155286000000000e+09	-3.547872999999999999e-03	-3.604047999999999887e-03
7.407157714000000000e+09	-3.514491099999999830e-03	-3.657743000000000192e-03
7.407160143000000000e+09	-3.472765699999999858e-03	-3.572055099999999796e-03
7.407162571000000000e+09	-3.484157800000000152e-03	-3.558605299999999944e-03
7.407165000000000000e+09	-3.484506200000000130e-03	-3.558414299999999864e-03
7.407167429000000000e+09	-3.491622900000000088e-03	-3.511413200000000189e-03
7.407169857000000000e+09	-3.465508999999999864e-03	-3.537279600000000149e-03
7.407172286000000000e+09	-3.489227100000000161e-03	-3.525757999999999930e-03
7.407174714000000000e+09	-3.472041199999999998e-03	-3.549581600000000208e-03
7.407177143000000000e+09	-3.429158399999999995e-03	-3.488269100000000039e-03
7.407179571000000000e+09	-3.464709099999999879e-03	-3.455870800000000048e-03
7.407182000000000000e+09	-3.449807200000000115e-03	-3.471685200000000030e-03
7.407184429000000000e+09	-3.380975300000000142e-03	-3.526234899999999926e-03
7.407186857000000000e+09	-3.515602599999999821e-03	-3.615504600000000058e-03
7.407189286000000000e+09	-3.521066700000000018e-03	-3.473390199999999879e-03
7.407191714000000000e+09	-3.496050599999999883e-03	-3.534494000000000004e-03
7.407194143000000000e+09	-3.439718100000000063e-03	-3.531449199999999941e-03
7.407196571000000000e+09	-3.485549399999999815e-03	-3.460592699999999987e-03
7.407199000000000000e+09	-3.487891999999999815e-03	-3.482854200000000140e-03
7.407201429000000000e+09	-3.512447399999999841e-03	-3.445124800000000202e-03
7.407203857000000000e+09	-3.491186800000000128e-03	-3.490404600000000107e-03
7.407206286000000000e+09	-3.504941000000000133e-03	-3.511906899999999842e-03
7.407208714000000000e+09	-3.573091000000000027e-03	-3.490680400000000048e-03
7.407211143000000000e+09	-3.542510200000000085e-03	-3.436971200000000105e-03
7.407213571000000000e+09	-3.543165100000000064e-03	-3.459576900000000104e-03
7.407216000000000000e+09	-3.642993000000000186e-03	-3.490806700000000182e-03
7.407218429000000000e+09	-3.549204800000000087e-03	-3.414178199999999986e-03
7.407220857000000000e+09	-3.567510099999999899e-03	-3.430215800000000186e-03
7.407223286000000000e+09	-3.559055199999999839e-03	-3.428797400000000058e-03
7.407225714000000000e+09	-3.507316900000000213e-03	-3.424300700000000152e-03
7.407228143000000000e+09	-3.602608000000000199e-03	-3.488346199999999876e-03
7.407230571000000000e+09	-3.493276899999999893e-03	-3.426251899999999823e-03
7.407233000000000000e+09	-3.566823599999999986e-03	-3.468345500000000019e-03
7.407235429000000000e+09	-3.643805700000000199e-03	-3.397575600000000105e-03
7.407237857000000000e+09	-3.607088300000000150e-03	-3.452936199999999834e-03
7.407240286000000000e+09	-3.652055100000000006e-03	-3.392375300000000093e-03
7.407242714000000000e+09	-3.594584300000000163e-03	-3.485225700000000020e-03
7.407245143000000000e+09	-3.568376399999999976e-03	-3.396070399999999868e-03
7.407247571000000000e+09	-3.560590900000000069e-03	-3.427945600000000155e-03
7.407250000000000000e+09	-3.615101099999999939e-03	-3.396718500000000130e-03
7.407252429000000000e+09	-3.628403799999999936e-03	-3.420457000000000011e-03
7.407254857000000000e+09	-3.665009099999999923e-03	-3.385296999999999785e-03
7.407257286000000000e+09	-3.628437799999999821e-03	-3.379434299999999839e-03
7.407259714000000000e+09	-3.575034800000000210e-03	-3.391889400000000065e-03
7.407262143000000000e+09	-3.682814700000000205e-03	-3.327706599999999924e-03
7.407264571000000000e+09	-3.595539999999999934e-03	-3.349010999999999828e-03
7.407267000000000000e+09	-3.617366600000000102e-03	-3.377242199999999986e-03
7.407269429000000000e+09	-3.630028100000000021e-03	-3.315950700000000039e-03
7.407271857000000000e+09	-3.630944699999999904e-03	-3.413056800000000088e-03
7.407274286000000000e+09	-3.573291000000000141e-03	-3.374064799999999809e-03
7.407276714000000000e+09	-3.637655200000000123e-03	-3.336000100000000024e-03
7.407279143000000000e+09	-3.601185700000000042e-03	-3.333892099999999793e-03
7.407281571000000000e+09	-3.675951399999999921e-03	-3.324241400000000051e-03
7.407284000000000000e+09	-3.671442899999999895e-03	-3.375664400000000145e-03
7.407286429000000000e+09	-3.715323400000000113e-03	-3.387131800000000095e-03
7.407288857000000000e+09	-3.642459199999999869e-03	-3.373956100000000038e-03
7.407291286000000000e+09	-3.715731700000000134e-03	-3.266159900000000123e-03
7.407293714000000000e+09	-3.607260799999999993e-03	-3.319741199999999819e-03
7.407296143000000000e+09	-3.643113700000000146e-03	-3.316317200000000118e-03
7.407298571000000000e+09	-3.691565899999999824e-03	-3.286732100000000142e-03
7.407301000000000000e+09	-3.633437000000000212e-03	-3.351992099999999853e-03
7.407303429000000000e+09	-3.697213899999999848e-03	-3.342978800000000195e-03
7.407305857000000000e+09	-3.758050499999999929e-03	-3.332344000000000105e-03
7.407308286000000000e+09	-3.675935999999999874e-03	-3.291349900000000144e-03
7.407310714000000000e+09	-3.646748300000000106e-03	-3.280802199999999832e-03
7.407313143000000000e+09	-3.696594799999999934e-03	-3.322388800000000177e-03
7.407315571000000000e+09	-3.677263999999999967e-03	-3.293672499999999830e-03
7.407318000000000000e+09	-3.768763499999999798e-03	-3.279329300000000200e-03
7.407320429000000000e+09	-3.709811899999999798e-03	-3.300959699999999816e-03
7.407322857000000000e+09	-3.697394899999999988e-03	-3.284880600000000209e-03
7.407325286000000000e+09	-3.646911599999999847e-03	-3.211608600000000115e-03
7.407327714000000000e+09	-3.694306799999999905e-03	-3.242370300000000163e-03
7.407330143000000000e+09	-3.753731000000000168e-03	-3.247115000000000071e-03
7.407332571000000000e+09	-3.715140100000000056e-03	-3.254136600000000126e-03
7.407335000000000000e+09	-3.806453500000000177e-03	-3.252933999999999860e-03
7.407337429000000000e+09	-3.793841899999999927e-03	-3.255606800000000137e-03
7.407339857000000000e+09	-3.764854000000000204e-03	-3.250464800000000057e-03
7.407342286000000000e+09	-3.801088900000000083e-03	-3.202110199999999834e-03
7.407344714000000000e+09	-3.727269899999999941e-03	-3.189978799999999837e-03
7.407347143000000000e+09	-3.782534599999999927e-03	-3.220060800000000122e-03
7.407349571000000000e+09	-3.751556100000000109e-03	-3.217437499999999811e-03
7.407352000000000000e+09	-3.784358600000000024e-03	-3.218994099999999796e-03
7.407354429000000000e+09	-3.766400100000000077e-03	-3.240233400000000052e-03
7.407356857000000000e+09	-3.693818000000000188e-03	-3.174784600000000144e-03
7.407359286000000000e+09	-3.713491199999999822e-03	-3.262270700000000079e-03
7.407361714000000000e+09	-3.735842599999999840e-03	-3.153593899999999981e-03
7.407364143000000000e+09	-3.761895300000000011e-03	-3.208039299999999872e-03
7.407366571000000000e+09	-3.762531799999999788e-03	-3.189801999999999828e-03
7.407369000000000000e+09	-3.726595200000000149e-03	-3.167520599999999829e-03
7.407371429000000000e+09	-3.739156100000000024e-03	-3.155182800000000138e-03
7.407373857000000000e+09	-3.774014999999999922e-03	-3.154128700000000205e-03
7.407376286000000000e+09	-3.793661900000000128e-03	-3.149452100000000102e-03
7.407378714000000000e+09	-3.858884999999999833e-03	-3.146940400000000117e-03
7.407381143000000000e+09	-3.839719599999999889e-03	-3.139970800000000013e-03
7.407383571000000000e+09	-3.834370499999999876e-03	-3.142759299999999846e-03
7.407386000000000000e+09	-3.820652500000000073e-03	-3.191678500000000047e-03
7.407388429000000000e+09	-3.822690699999999921e-03	-3.124984999999999829e-03
7.407390857000000000e+09	-3.800104700000000134e-03	-3.148220399999999888e-03
7.407393286000000000e+09	-3.756852000000000195e-03	-3.137586999999999841e-03
7.407395714000000000e+09	-3.790209100000000147e-03	-3.145739199999999895e-03
7.407398143000000000e+09	-3.753967300000000083e-03	-3.144702100000000122e-03
7.407400571000000000e+09	-3.795444900000000121e-03	-3.113514500000000122e-03
7.407403000000000000e+09	-3.822966299999999793e-03	-3.135506100000000178e-03
7.407405429000000000e+09	-3.870475999999999864e-03	-3.134970999999999852e-03
7.407407857000000000e+09	-3.861039200000000206e-03	-3.126447499999999817e-03
7.407410286000000000e+09	-3.885574399999999849e-03	-3.090131600000000072e-03
7.407412714000000000e+09	-3.894696200000000077e-03	-3.114929399999999925e-03
7.407415143000000000e+09	-3.862374599999999786e-03	-3.078993199999999989e-03
7.407417571000000000e+09	-3.796467100000000018e-03	-3.118415399999999952e-03
7.407420000000000000e+09	-3.879782699999999827e-03	-3.056196399999999876e-03
7.407422429000000000e+09	-3.808829899999999994e-03	-3.101159599999999805e-03
7.407424857000000000e+09	-3.813568800000000092e-03	-3.099272299999999807e-03
7.407427286000000000e+09	-3.794731600000000177e-03	-3.050087099999999971e-03
7.407429714000000000e+09	-3.864901999999999921e-03	-3.064023500000000091e-03
7.407432143000000000e+09	-3.852422099999999912e-03	-3.066975799999999835e-03
7.407434571000000000e+09	-3.876651499999999792e-03	-3.065159200000000094e-03
7.407437000000000000e+09	-3.889807900000000207e-03	-3.079345700000000064e-03
7.407439429000000000e+09	-3.864521000000000102e-03	-3.012376900000000076e-03
7.407441857000000000e+09	-3.834261199999999901e-03	-3.040075000000000156e-03
7.407444286000000000e+09	-3.788115199999999953e-03	-3.094374400000000132e-03
7.407446714000000000e+09	-3.875570000000000057e-03	-3.002190599999999838e-03
7.407449143000000000e+09	-3.836836199999999787e-03	-2.984699300000000048e-03
7.407451571000000000e+09	-3.885874899999999972e-03	-2.981660200000000194e-03
7.407454000000000000e+09	-3.895034400000000046e-03	-2.964652300000000015e-03
7.407456429000000000e+09	-3.934146700000000149e-03	-3.015408499999999974e-03
7.407458857000000000e+09	-3.874507699999999930e-03	-2.999875999999999845e-03
7.407461286000000000e+09	-3.864930400000000064e-03	-2.960445600000000121e-03
7.407463714000000000e+09	-3.898313699999999844e-03	-2.945732400000000088e-03
7.407466143000000000e+09	-3.898715200000000148e-03	-3.055682899999999976e-03
7.407468571000000000e+09	-3.909185699999999722e-03	-2.950157000000000126e-03
7.407471000000000000e+09	-3.914492399999999588e-03	-2.996877700000000026e-03
7.407473429000000000e+09	-3.944902299999999799e-03	-2.968155899999999972e-03
7.407475857000000000e+09	-3.907891800000000415e-03	-3.013172599999999930e-03
7.407478286000000000e+09	-3.952991700000000122e-03	-2.958748699999999999e-03
7.407480714000000000e+09	-3.938960299999999699e-03	-2.987735599999999814e-03
7.407483143000000000e+09	-3.976603700000000234e-03	-2.979621899999999879e-03
7.407485571000000000e+09	-3.935818500000000386e-03	-2.921202600000000118e-03
7.407488000000000000e+09	-3.894101699999999878e-03	-2.957847100000000028e-03
7.407490429000000000e+09	-3.931086299999999971e-03	-2.940099399999999974e-03
7.407492857000000000e+09	-3.954504600000000383e-03	-2.926213600000000196e-03
7.407495286000000000e+09	-3.940937900000000133e-03	-2.988033399999999885e-03
7.407497714000000000e+09	-3.937564200000000236e-03	-2.867903900000000079e-03
7.407500143000000000e+09	-3.952608199999999884e-03	-2.948608000000000132e-03
7.407502571000000000e+09	-3.901497700000000103e-03	-2.979770599999999846e-03
7.407505000000000000e+09	-3.927537299999999711e-03	-2.925968799999999984e-03
7.407507429000000000e+09	-3.977053099999999959e-03	-2.906446300000000132e-03
7.407509857000000000e+09	-3.991482299999999858e-03	-2.931308300000000193e-03
7.407512286000000000e+09	-3.946909999999999655e-03	-2.943119399999999820e-03
7.407514714000000000e+09	-3.938099599999999798e-03	-2.956188099999999819e-03
7.407517143000000000e+09	-3.996934399999999867e-03	-2.971488600000000199e-03
7.407519571000000000e+09	-3.899398399999999803e-03	-2.886242499999999971e-03
7.407522000000000000e+09	-3.883108299999999801e-03	-2.923882400000000180e-03
7.407524429000000000e+09	-3.949582699999999898e-03	-2.914102600000000216e-03
7.407526857000000000e+09	-4.072452100000000311e-03	-2.917505199999999993e-03
7.407529286000000000e+09	-4.005373199999999641e-03	-2.887475999999999932e-03
7.407531714000000000e+09	-3.986301000000000254e-03	-2.883400500000000109e-03
7.407534143000000000e+09	-4.053964600000000383e-03	-2.859006299999999976e-03
7.407536571000000000e+09	-3.898036499999999859e-03	-2.900576800000000035e-03
7.407539000000000000e+09	-3.956478000000000252e-03	-2.913456300000000134e-03
7.407541429000000000e+09	-4.019078199999999781e-03	-2.858140999999999807e-03
7.407543857000000000e+09	-3.996026700000000417e-03	-2.818513700000000160e-03
7.407546286000000000e+09	-4.032863700000000051e-03	-2.908356200000000030e-03
7.407548714000000000e+09	-3.948293599999999626e-03	-2.922666699999999784e-03
7.407551143000000000e+09	-3.999792999999999751e-03	-2.856927400000000127e-03
7.407553571000000000e+09	-3.997290899999999571e-03	-2.814566699999999921e-03
7.407556000000000000e+09	-4.042306800000000123e-03	-2.822277900000000079e-03
7.407558429000000000e+09	-4.011512600000000268e-03	-2.810229200000000094e-03
7.407560857000000000e+09	-3.991653000000000388e-03	-2.865764900000000118e-03
7.407563286000000000e+09	-3.975373199999999996e-03	-2.855060600000000181e-03
7.407565714000000000e+09	-4.032348300000000371e-03	-2.821383900000000097e-03
7.407568143000000000e+09	-4.012163600000000219e-03	-2.813972399999999791e-03
7.407570571000000000e+09	-4.000262899999999962e-03	-2.820468000000000020e-03
7.407573000000000000e+09	-4.065141900000000287e-03	-2.816308500000000176e-03
7.407575429000000000e+09	-4.075899499999999752e-03	-2.807300999999999894e-03
7.407577857000000000e+09	-4.070652099999999725e-03	-2.745964400000000180e-03
7.407580286000000000e+09	-4.033419800000000166e-03	-2.812252999999999802e-03
7.407582714000000000e+09	-4.006293000000000180e-03	-2.729116100000000215e-03
7.407585143000000000e+09	-4.048572999999999755e-03	-2.795170899999999906e-03
7.407587571000000000e+09	-4.042817500000000369e-03	-2.776895699999999950e-03
7.407590000000000000e+09	-4.040688500000000349e-03	-2.767103600000000128e-03
7.407592429000000000e+09	-4.087921599999999774e-03	-2.760200300000000082e-03
7.407594857000000000e+09	-4.044943700000000301e-03	-2.697066399999999836e-03
7.407597286000000000e+09	-4.080151800000000016e-03	-2.751568900000000116e-03
7.407599714000000000e+09	-4.012151700000000064e-03	-2.713479899999999851e-03
7.407602143000000000e+09	-4.061450999999999777e-03	-2.686238399999999783e-03
7.407604571000000000e+09	-4.083081799999999963e-03	-2.744435999999999837e-03
7.407607000000000000e+09	-4.072773200000000086e-03	-2.847387399999999971e-03
7.407609429000000000e+09	-4.018603100000000400e-03	-2.672203499999999902e-03
7.407611857000000000e+09	-4.113303100000000045e-03	-2.724486999999999829e-03
7.407614286000000000e+09	-4.102918300000000205e-03	-2.772080599999999888e-03
7.407616714000000000e+09	-4.084491200000000058e-03	-2.714015100000000211e-03
7.407619143000000000e+09	-4.103038899999999697e-03	-2.692132199999999927e-03
7.407621571000000000e+09	-4.092831400000000036e-03	-2.697214700000000100e-03
7.407624000000000000e+09	-4.083365499999999995e-03	-2.703074199999999823e-03
7.407626429000000000e+09	-4.144232599999999635e-03	-2.725887599999999959e-03
7.407628857000000000e+09	-4.047100399999999792e-03	-2.702987100000000045e-03
7.407631286000000000e+09	-4.056929899999999790e-03	-2.725258999999999841e-03
7.407633714000000000e+09	-4.017202600000000304e-03	-2.710531200000000033e-03
7.407636143000000000e+09	-4.077880300000000409e-03	-2.716857999999999947e-03
7.407638571000000000e+09	-4.150189599999999646e-03	-2.661432899999999907e-03
7.407641000000000000e+09	-4.116629999999999595e-03	-2.678515099999999836e-03
7.407643429000000000e+09	-4.108042400000000254e-03	-2.718483600000000042e-03
7.407645857000000000e+09	-4.172306700000000430e-03	-2.627202099999999957e-03
7.407648286000000000e+09	-4.107290100000000020e-03	-2.698277199999999862e-03
7.407650714000000000e+09	-4.106429200000000050e-03	-2.672019199999999938e-03
7.407653143000000000e+09	-4.148509100000000345e-03	-2.720488000000000073e-03
7.407655571000000000e+09	-4.151007200000000029e-03	-2.700528499999999953e-03
7.407658000000000000e+09	-4.159889899999999821e-03	-2.632482199999999859e-03
7.407660429000000000e+09	-4.136088999999999911e-03	-2.567485400000000129e-03
7.407662857000000000e+09	-4.098601099999999928e-03	-2.628128799999999814e-03
7.407665286000000000e+09	-4.073444300000000386e-03	-2.624097799999999987e-03
7.407667714000000000e+09	-4.155524100000000318e-03	-2.613726099999999844e-03
7.407670143000000000e+09	-4.132693399999999920e-03	-2.619727599999999851e-03
7.407672571000000000e+09	-4.092537599999999595e-03	-2.641856000000000152e-03
7.407675000000000000e+09	-4.111646800000000324e-03	-2.555265200000000209e-03
7.407677429000000000e+09	-4.184396699999999754e-03	-2.628693899999999962e-03
7.407679857000000000e+09	-4.219851900000000031e-03	-2.575558500000000098e-03
7.407682286000000000e+09	-4.129809299999999579e-03	-2.575585899999999900e-03
7.407684714000000000e+09	-4.154858699999999794e-03	-2.530406099999999835e-03
7.407687143000000000e+09	-4.169512000000000218e-03	-2.601624800000000137e-03
7.407689571000000000e+09	-4.147071799999999843e-03	-2.526977699999999934e-03
7.407692000000000000e+09	-4.214880899999999715e-03	-2.492410200000000093e-03
7.407694429000000000e+09	-4.125664999999999714e-03	-2.528617999999999838e-03
7.407696857000000000e+09	-4.220940599999999619e-03	-2.516678799999999896e-03
7.407699286000000000e+09	-4.132595000000000192e-03	-2.547530399999999810e-03
7.407701714000000000e+09	-4.066135200000000303e-03	-2.572273700000000159e-03
7.407704143000000000e+09	-4.198755700000000000e-03	-2.545606299999999839e-03
7.407706571000000000e+09	-4.086792399999999818e-03	-2.533255199999999950e-03
7.407709000000000000e+09	-4.184518499999999655e-03	-2.561971499999999864e-03
7.407711429000000000e+09	-4.191052399999999935e-03	-2.483320399999999935e-03
7.407713857000000000e+09	-4.161243999999999707e-03	-2.546337400000000216e-03
7.407716286000000000e+09	-4.197197199999999802e-03	-2.523297299999999969e-03
7.407718714000000000e+09	-4.250343000000000176e-03	-2.486438399999999806e-03
7.407721143000000000e+09	-4.159151500000000425e-03	-2.573912199999999883e-03
7.407723571000000000e+09	-4.196143999999999742e-03	-2.456957000000000065e-03
7.407726000000000000e+09	-4.258532599999999974e-03	-2.479895199999999824e-03
7.407728429000000000e+09	-4.210097999999999792e-03	-2.467739799999999883e-03
7.407730857000000000e+09	-4.163339000000000276e-03	-2.464951200000000016e-03
7.407733286000000000e+09	-4.206381500000000093e-03	-2.429471400000000024e-03
7.407735714000000000e+09	-4.257830800000000047e-03	-2.483579000000000082e-03
7.407738143000000000e+09	-4.229361299999999727e-03	-2.407758199999999928e-03
7.407740571000000000e+09	-4.236583200000000431e-03	-2.479209400000000150e-03
7.407743000000000000e+09	-4.237349100000000097e-03	-2.386477499999999866e-03
7.407745429000000000e+09	-4.268860200000000257e-03	-2.489052800000000117e-03
7.407747857000000000e+09	-4.240115200000000098e-03	-2.449427299999999783e-03
7.407750286000000000e+09	-4.231304800000000241e-03	-2.384411900000000216e-03
7.407752714000000000e+09	-4.145991800000000185e-03	-2.401655700000000174e-03
7.407755143000000000e+09	-4.290015700000000126e-03	-2.446262299999999931e-03
7.407757571000000000e+09	-4.220621800000000194e-03	-2.432382199999999928e-03
7.407760000000000000e+09	-4.239262599999999923e-03	-2.419864199999999937e-03
7.407762429000000000e+09	-4.201078100000000051e-03	-2.387973399999999968e-03
7.407764857000000000e+09	-4.268470199999999971e-03	-2.405606299999999906e-03
7.407767286000000000e+09	-4.307032599999999906e-03	-2.457679200000000008e-03
7.407769714000000000e+09	-4.247502799999999627e-03	-2.401507499999999944e-03
7.407772143000000000e+09	-4.201366399999999918e-03	-2.393229199999999824e-03
7.407774571000000000e+09	-4.322742099999999678e-03	-2.391465900000000044e-03
7.407777000000000000e+09	-4.234365300000000019e-03	-2.369206400000000139e-03
7.407779429000000000e+09	-4.237976499999999806e-03	-2.401578799999999972e-03
7.407781857000000000e+09	-4.253322200000000421e-03	-2.426038100000000187e-03
7.407784286000000000e+09	-4.277991000000000085e-03	-2.375280999999999920e-03
7.407786714000000000e+09	-4.264950499999999728e-03	-2.404180399999999822e-03
7.407789143000000000e+09	-4.272993000000000104e-03	-2.363115800000000107e-03
7.407791571000000000e+09	-4.344143600000000167e-03	-2.382094999999999872e-03
7.407794000000000000e+09	-4.276426300000000374e-03	-2.326814400000000102e-03
7.407796429000000000e+09	-4.275974099999999695e-03	-2.405592600000000005e-03
7.407798857000000000e+09	-4.304429700000000046e-03	-2.297947299999999939e-03
7.407801286000000000e+09	-4.336024800000000227e-03	-2.347555099999999902e-03
7.407803714000000000e+09	-4.300772199999999650e-03	-2.347270700000000064e-03
7.407806143000000000e+09	-4.264894400000000113e-03	-2.244321200000000145e-03
7.407808571000000000e+09	-4.245129500000000000e-03	-2.283549399999999872e-03
7.407811000000000000e+09	-4.330735700000000292e-03	-2.326664200000000057e-03
7.407813429000000000e+09	-4.351812299999999710e-03	-2.310955899999999827e-03
7.407815857000000000e+09	-4.247346400000000070e-03	-2.314290300000000199e-03
7.407818286000000000e+09	-4.347350100000000293e-03	-2.387052000000000184e-03
7.407820714000000000e+09	-4.303825800000000111e-03	-2.252645100000000202e-03
7.407823143000000000e+09	-4.274830200000000364e-03	-2.323124000000000196e-03
7.407825571000000000e+09	-4.293015499999999589e-03	-2.288310400000000133e-03
7.407828000000000000e+09	-4.331038399999999865e-03	-2.333532299999999809e-03
7.407830429000000000e+09	-4.272391199999999584e-03	-2.305915899999999834e-03
7.407832857000000000e+09	-4.345751400000000264e-03	-2.279731899999999992e-03
7.407835286000000000e+09	-4.279403999999999673e-03	-2.243682700000000120e-03
7.407837714000000000e+09	-4.316165599999999616e-03	-2.252170400000000090e-03
7.407840143000000000e+09	-4.287359800000000408e-03	-2.276150099999999822e-03
7.407842571000000000e+09	-4.298286400000000257e-03	-2.213805100000000147e-03
7.407845000000000000e+09	-4.276739699999999693e-03	-2.236789900000000185e-03
7.407847429000000000e+09	-4.373753999999999663e-03	-2.262519800000000001e-03
7.407849857000000000e+09	-4.327982499999999920e-03	-2.288564400000000013e-03
7.407852286000000000e+09	-4.360770899999999797e-03	-2.210657300000000089e-03
7.407854714000000000e+09	-4.329690100000000222e-03	-2.198549699999999968e-03
7.407857143000000000e+09	-4.342435300000000060e-03	-2.191660700000000028e-03
7.407859571000000000e+09	-4.302710599999999726e-03	-2.198322600000000154e-03
7.407862000000000000e+09	-4.356650000000000106e-03	-2.233609499999999852e-03
7.407864429000000000e+09	-4.431039799999999737e-03	-2.248253700000000209e-03
7.407866857000000000e+09	-4.405555999999999708e-03	-2.199921000000000081e-03
7.407869286000000000e+09	-4.415225299999999721e-03	-2.219327100000000139e-03
7.407871714000000000e+09	-4.396424200000000407e-03	-2.199025500000000022e-03
7.407874143000000000e+09	-4.387644599999999777e-03	-2.185426299999999964e-03
7.407876571000000000e+09	-4.407422400000000386e-03	-2.167581799999999861e-03
7.407879000000000000e+09	-4.314363499999999615e-03	-2.174944199999999904e-03
7.407881429000000000e+09	-4.399064799999999678e-03	-2.136635100000000044e-03
7.407883857000000000e+09	-4.391931200000000028e-03	-2.189118199999999948e-03
7.407886286000000000e+09	-4.444256800000000000e-03	-2.115347000000000061e-03
7.407888714000000000e+09	-4.413557700000000049e-03	-2.137333300000000044e-03
7.407891143000000000e+09	-4.435260800000000170e-03	-2.094101699999999927e-03
7.407893571000000000e+09	-4.332777599999999667e-03	-2.155985599999999790e-03
7.407896000000000000e+09	-4.409204499999999638e-03	-2.129212399999999821e-03
7.407898429000000000e+09	-4.392796699999999832e-03	-2.178675799999999982e-03
7.407900857000000000e+09	-4.368576699999999688e-03	-2.082404300000000041e-03
7.407903286000000000e+09	-4.395539399999999659e-03	-2.151412000000000116e-03
7.407905714000000000e+09	-4.371080099999999878e-03	-2.102673399999999918e-03
7.407908143000000000e+09	-4.431481200000000203e-03	-2.024195300000000003e-03
7.407910571000000000e+09	-4.400940499999999624e-03	-2.128516799999999841e-03
7.407913000000000000e+09	-4.316893900000000339e-03	-2.106432799999999935e-03
7.407915429000000000e+09	-4.447452799999999581e-03	-2.094208299999999849e-03
7.407917857000000000e+09	-4.468944199999999936e-03	-2.100109499999999914e-03
7.407920286000000000e+09	-4.429773500000000301e-03	-2.108910199999999933e-03
7.407922714000000000e+09	-4.394968899999999838e-03	-2.043931499999999870e-03
7.407925143000000000e+09	-4.377474600000000327e-03	-2.062441600000000132e-03
7.407927571000000000e+09	-4.383230800000000385e-03	-2.008208599999999813e-03
7.407930000000000000e+09	-4.470096800000000065e-03	-2.020913799999999889e-03
7.407932429000000000e+09	-4.455930399999999576e-03	-2.114349800000000015e-03
7.407934857000000000e+09	-4.403258999999999646e-03	-2.063240599999999810e-03
7.407937286000000000e+09	-4.410283499999999822e-03	-2.061416800000000216e-03
7.407939714000000000e+09	-4.366411599999999935e-03	-2.052706799999999901e-03
7.407942143000000000e+09	-4.418034000000000371e-03	-2.040270099999999878e-03
7.407944571000000000e+09	-4.442220000000000196e-03	-2.061667499999999837e-03
7.407947000000000000e+09	-4.440005599999999678e-03	-2.039887099999999811e-03
7.407949429000000000e+09	-4.463661800000000117e-03	-2.020124600000000083e-03
7.407951857000000000e+09	-4.492007499999999855e-03	-2.006214599999999858e-03
7.407954286000000000e+09	-4.431447300000000353e-03	-2.019575899999999889e-03
7.407956714000000000e+09	-4.401158799999999906e-03	-2.004232800000000161e-03
7.407959143000000000e+09	-4.416173399999999936e-03	-1.982928000000000121e-03
7.407961571000000000e+09	-4.491005000000000170e-03	-2.047010100000000183e-03
7.407964000000000000e+09	-4.425523100000000251e-03	-2.033987100000000155e-03
7.407966429000000000e+09	-4.482334800000000417e-03	-1.911891599999999969e-03
7.407968857000000000e+09	-4.498314899999999658e-03	-1.987032200000000189e-03
7.407971286000000000e+09	-4.467446299999999586e-03	-1.986454600000000115e-03
7.407973714000000000e+09	-4.457723900000000114e-03	-1.901166699999999946e-03
7.407976143000000000e+09	-4.489965700000000080e-03	-1.936122300000000076e-03
7.407978571000000000e+09	-4.408249199999999569e-03	-1.973321899999999976e-03
7.407981000000000000e+09	-4.432608700000000013e-03	-1.920392099999999967e-03
7.407983429000000000e+09	-4.464488100000000431e-03	-1.905429699999999955e-03
7.407985857000000000e+09	-4.417162399999999788e-03	-1.923716399999999931e-03
7.407988286000000000e+09	-4.439530300000000228e-03	-1.927119099999999958e-03
7.407990714000000000e+09	-4.536140200000000205e-03	-1.938480600000000009e-03
7.407993143000000000e+09	-4.520747999999999781e-03	-1.877105599999999994e-03
7.407995571000000000e+09	-4.473865300000000149e-03	-1.923140899999999922e-03
7.407998000000000000e+09	-4.463908699999999743e-03	-1.925567399999999910e-03
7.408000429000000000e+09	-4.430538500000000095e-03	-1.898982700000000036e-03
7.408002857000000000e+09	-4.401083000000000078e-03	-1.883427999999999925e-03
7.408005286000000000e+09	-4.415933399999999627e-03	-1.827960499999999955e-03
7.408007714000000000e+09	-4.436860200000000004e-03	-1.934641499999999919e-03
7.408010143000000000e+09	-4.572592299999999992e-03	-1.907901800000000097e-03
7.408012571000000000e+09	-4.474852799999999922e-03	-1.928491299999999945e-03
7.408015000000000000e+09	-4.508547199999999970e-03	-1.896378200000000064e-03
7.408017429000000000e+09	-4.426588500000000134e-03	-1.840391899999999905e-03
7.408019857000000000e+09	-4.403481400000000025e-03	-1.775597399999999989e-03
7.408022286000000000e+09	-4.427958899999999941e-03	-1.893732100000000002e-03
7.408024714000000000e+09	-4.440182400000000119e-03	-1.840871499999999954e-03
7.408027143000000000e+09	-4.483292199999999901e-03	-1.823716300000000068e-03
7.408029571000000000e+09	-4.475721499999999950e-03	-1.858275400000000081e-03
7.408032000000000000e+09	-4.495521300000000255e-03	-1.927370700000000103e-03
7.408034429000000000e+09	-4.489166900000000036e-03	-1.801483100000000025e-03
7.408036857000000000e+09	-4.472281300000000362e-03	-1.796070099999999906e-03
7.408039286000000000e+09	-4.477186900000000060e-03	-1.846996399999999974e-03
7.408041714000000000e+09	-4.479620600000000334e-03	-1.844993000000000067e-03
7.408044143000000000e+09	-4.488305199999999794e-03	-1.777389400000000015e-03
7.408046571000000000e+09	-4.516277400000000102e-03	-1.871166500000000016e-03
7.408049000000000000e+09	-4.445845500000000089e-03	-1.759850600000000074e-03
7.408051429000000000e+09	-4.555184000000000316e-03	-1.795953299999999975e-03
7.408053857000000000e+09	-4.471961299999999660e-03	-1.788738700000000025e-03
7.408056286000000000e+09	-4.524710599999999701e-03	-1.770987699999999930e-03
7.408058714000000000e+09	-4.501768599999999947e-03	-1.764136799999999972e-03
7.408061143000000000e+09	-4.542115499999999952e-03	-1.798625000000000093e-03
7.408063571000000000e+09	-4.495662999999999569e-03	-1.774291799999999945e-03
7.408066000000000000e+09	-4.520670800000000343e-03	-1.723190600000000083e-03
7.408068429000000000e+09	-4.531157899999999940e-03	-1.765804499999999895e-03
7.408070857000000000e+09	-4.505106899999999914e-03	-1.788398799999999910e-03
7.408073286000000000e+09	-4.540849799999999853e-03	-1.727489000000000021e-03
7.408075714000000000e+09	-4.532617000000000070e-03	-1.722732899999999913e-03
7.408078143000000000e+09	-4.498877200000000152e-03	-1.710332599999999943e-03
7.408080571000000000e+09	-4.590328999999999764e-03	-1.744860399999999907e-03
7.408083000000000000e+09	-4.512465499999999963e-03	-1.706942500000000092e-03
7.408085429000000000e+09	-4.522509800000000350e-03	-1.725586299999999976e-03
7.408087857000000000e+09	-4.544605600000000377e-03	-1.719107099999999918e-03
7.408090286000000000e+09	-4.557586500000000360e-03	-1.739929000000000085e-03
7.408092714000000000e+09	-4.543090700000000301e-03	-1.711194600000000071e-03
7.408095143000000000e+09	-4.561676100000000220e-03	-1.687102000000000003e-03
7.408097571000000000e+09	-4.559630900000000153e-03	-1.654281399999999987e-03
7.408100000000000000e+09	-4.528873800000000373e-03	-1.698320099999999942e-03
7.408102429000000000e+09	-4.525540399999999908e-03	-1.665630800000000031e-03
7.408104857000000000e+09	-4.558224900000000350e-03	-1.693521199999999984e-03
7.408107286000000000e+09	-4.513154899999999997e-03	-1.649771900000000053e-03
7.408109714000000000e+09	-4.541242000000000022e-03	-1.689357299999999940e-03
7.408112143000000000e+09	-4.540152799999999829e-03	-1.635830000000000010e-03
7.408114571000000000e+09	-4.591586899999999805e-03	-1.658665900000000012e-03
7.408117000000000000e+09	-4.527236500000000191e-03	-1.645413600000000072e-03
7.408119429000000000e+09	-4.529790399999999821e-03	-1.633667299999999991e-03
7.408121857000000000e+09	-4.601047500000000207e-03	-1.643356899999999987e-03
7.408124286000000000e+09	-4.546237600000000052e-03	-1.676165199999999928e-03
7.408126714000000000e+09	-4.581333299999999602e-03	-1.597571099999999921e-03
7.408129143000000000e+09	-4.503900199999999986e-03	-1.645879700000000070e-03
7.408131571000000000e+09	-4.557566600000000079e-03	-1.575784100000000030e-03
7.408134000000000000e+09	-4.582422499999999795e-03	-1.554373699999999974e-03
7.408136429000000000e+09	-4.652051199999999997e-03	-1.645407300000000092e-03
7.408138857000000000e+09	-4.618810200000000171e-03	-1.572470100000000108e-03
7.408141286000000000e+09	-4.562264400000000039e-03	-1.555029600000000078e-03
7.408143714000000000e+09	-4.580329499999999908e-03	-1.587762900000000031e-03
7.408146143000000000e+09	-4.586118099999999739e-03	-1.554619900000000013e-03
7.408148571000000000e+09	-4.591923599999999696e-03	-1.582360299999999989e-03
7.408151000000000000e+09	-4.585760300000000025e-03	-1.568403500000000068e-03
7.408153429000000000e+09	-4.625985400000000129e-03	-1.636241799999999923e-03
7.408155857000000000e+09	-4.588631299999999802e-03	-1.549356700000000019e-03
7.408158286000000000e+09	-4.567058599999999913e-03	-1.590689599999999936e-03
7.408160714000000000e+09	-4.587011000000000213e-03	-1.439763200000000005e-03
7.408163143000000000e+09	-4.581171799999999607e-03	-1.514551199999999900e-03
7.408165571000000000e+09	-4.615786600000000399e-03	-1.536228900000000033e-03
7.408168000000000000e+09	-4.536923299999999666e-03	-1.581184299999999904e-03
7.408170429000000000e+09	-4.602816899999999899e-03	-1.462394299999999992e-03
7.408172857000000000e+09	-4.546582599999999738e-03	-1.489661399999999900e-03
7.408175286000000000e+09	-4.515965599999999594e-03	-1.499833199999999964e-03
7.408177714000000000e+09	-4.643896599999999993e-03	-1.450952900000000018e-03
7.408180143000000000e+09	-4.626302599999999876e-03	-1.427237299999999922e-03
7.408182571000000000e+09	-4.602240599999999834e-03	-1.481730600000000101e-03
7.408185000000000000e+09	-4.599887700000000225e-03	-1.434612499999999994e-03
7.408187429000000000e+09	-4.637143899999999694e-03	-1.548058300000000045e-03
7.408189857000000000e+09	-4.614756299999999908e-03	-1.506160799999999933e-03
7.408192286000000000e+09	-4.521005800000000088e-03	-1.460543599999999899e-03
7.408194714000000000e+09	-4.644056700000000378e-03	-1.494488800000000036e-03
7.408197143000000000e+09	-4.595395399999999651e-03	-1.536106800000000029e-03
7.408199571000000000e+09	-4.579194800000000246e-03	-1.435414999999999998e-03
7.408202000000000000e+09	-4.627357599999999682e-03	-1.469649099999999989e-03
7.408204429000000000e+09	-4.701667300000000188e-03	-1.466981200000000082e-03
7.408206857000000000e+09	-4.637499300000000324e-03	-1.421601800000000040e-03
7.408209286000000000e+09	-4.557784300000000156e-03	-1.432818700000000004e-03
7.408211714000000000e+09	-4.649968299999999652e-03	-1.418062699999999903e-03
7.408214143000000000e+09	-4.675056900000000223e-03	-1.421282700000000079e-03
7.408216571000000000e+09	-4.545181700000000373e-03	-1.455662099999999962e-03
7.408219000000000000e+09	-4.576480699999999763e-03	-1.371575699999999899e-03
7.408221429000000000e+09	-4.639219099999999582e-03	-1.414766700000000049e-03
7.408223857000000000e+09	-4.664614699999999892e-03	-1.481953700000000068e-03
7.408226286000000000e+09	-4.633925599999999881e-03	-1.408467199999999904e-03
7.408228714000000000e+09	-4.611422100000000038e-03	-1.329316500000000045e-03
7.408231143000000000e+09	-4.641939700000000113e-03	-1.432022700000000048e-03
7.408233571000000000e+09	-4.523840200000000394e-03	-1.345132800000000024e-03
7.408236000000000000e+09	-4.586867900000000421e-03	-1.325616599999999935e-03
7.408238429000000000e+09	-4.652841999999999915e-03	-1.345606999999999966e-03
7.408240857000000000e+09	-4.535737500000000359e-03	-1.363022200000000043e-03
7.408243286000000000e+09	-4.645842800000000127e-03	-1.347511899999999894e-03
7.408245714000000000e+09	-4.667769799999999837e-03	-1.370764000000000010e-03
7.408248143000000000e+09	-4.665545600000000313e-03	-1.326730799999999979e-03
7.408250571000000000e+09	-4.659093500000000172e-03	-1.318883899999999951e-03
7.408253000000000000e+09	-4.623648000000000167e-03	-1.409960000000000033e-03
7.408255429000000000e+09	-4.644392699999999596e-03	-1.291134399999999908e-03
7.408257857000000000e+09	-4.593864599999999791e-03	-1.321966900000000030e-03
7.408260286000000000e+09	-4.645746400000000213e-03	-1.338092199999999996e-03
7.408262714000000000e+09	-4.541858299999999848e-03	-1.311202700000000049e-03
7.408265143000000000e+09	-4.668973499999999610e-03	-1.267016400000000069e-03
7.408267571000000000e+09	-4.578789100000000244e-03	-1.221495499999999913e-03
7.408270000000000000e+09	-4.681063200000000132e-03	-1.272323500000000071e-03
7.408272429000000000e+09	-4.608427800000000282e-03	-1.327229000000000082e-03
7.408274857000000000e+09	-4.630562300000000062e-03	-1.292306200000000078e-03
7.408277286000000000e+09	-4.580619499999999920e-03	-1.304280500000000063e-03
7.408279714000000000e+09	-4.687279800000000198e-03	-1.294747200000000023e-03
7.408282143000000000e+09	-4.656525499999999637e-03	-1.273089399999999954e-03
7.408284571000000000e+09	-4.650062100000000413e-03	-1.235600199999999961e-03
7.408287000000000000e+09	-4.692487500000000131e-03	-1.249274099999999905e-03
7.408289429000000000e+09	-4.601540399999999587e-03	-1.263550700000000025e-03
7.408291857000000000e+09	-4.515651300000000402e-03	-1.202349799999999965e-03
7.408294286000000000e+09	-4.639739599999999700e-03	-1.204903000000000007e-03
7.408296714000000000e+09	-4.640315300000000427e-03	-1.277114499999999937e-03
7.408299143000000000e+09	-4.686514499999999868e-03	-1.266842900000000102e-03
7.408301571000000000e+09	-4.683479699999999746e-03	-1.267696299999999899e-03
7.408304000000000000e+09	-4.724756899999999968e-03	-1.228335299999999989e-03
7.408306429000000000e+09	-4.635260300000000090e-03	-1.292741299999999914e-03
7.408308857000000000e+09	-4.628100900000000316e-03	-1.238876099999999900e-03
7.408311286000000000e+09	-4.657915700000000124e-03	-1.248110399999999894e-03
7.408313714000000000e+09	-4.559509599999999989e-03	-1.211378599999999922e-03
7.408316143000000000e+09	-4.563653800000000253e-03	-1.227043900000000017e-03
7.408318571000000000e+09	-4.652184099999999781e-03	-1.236389899999999938e-03
7.408321000000000000e+09	-4.646034900000000148e-03	-1.208319499999999970e-03
7.408323429000000000e+09	-4.636098699999999760e-03	-1.196310199999999976e-03
7.408325857000000000e+09	-4.680230999999999975e-03	-1.200421900000000000e-03
7.408328286000000000e+09	-4.748063599999999621e-03	-1.152404099999999919e-03
7.408330714000000000e+09	-4.638148800000000196e-03	-1.170937799999999989e-03
7.408333143000000000e+09	-4.663817699999999594e-03	-1.095982699999999924e-03
7.408335571000000000e+09	-4.750738000000000009e-03	-1.082839200000000005e-03
7.408338000000000000e+09	-4.709935600000000368e-03	-1.149082299999999940e-03
7.408340429000000000e+09	-4.640568500000000034e-03	-1.193748300000000004e-03
7.408342857000000000e+09	-4.615429800000000159e-03	-1.150603199999999894e-03
7.408345286000000000e+09	-4.636097300000000150e-03	-1.023888400000000061e-03
7.408347714000000000e+09	-4.694214199999999573e-03	-1.008603100000000094e-03
7.408350143000000000e+09	-4.653566900000000346e-03	-1.135782099999999928e-03
7.408352571000000000e+09	-4.667718000000000388e-03	-1.091660699999999961e-03
7.408355000000000000e+09	-4.678363599999999824e-03	-1.097307600000000044e-03
7.408357429000000000e+09	-4.687156999999999955e-03	-1.059670599999999957e-03
7.408359857000000000e+09	-4.635974900000000044e-03	-1.034197900000000028e-03
7.408362286000000000e+09	-4.687212700000000301e-03	-1.055258500000000061e-03
7.408364714000000000e+09	-4.653739799999999892e-03	-1.086230299999999980e-03
7.408367143000000000e+09	-4.669860300000000172e-03	-1.118389299999999901e-03
7.408369571000000000e+09	-4.694082399999999732e-03	-1.074158300000000073e-03
7.408372000000000000e+09	-4.650060099999999731e-03	-1.058648199999999992e-03
7.408374429000000000e+09	-4.724970600000000416e-03	-1.094679600000000082e-03
7.408376857000000000e+09	-4.618416499999999925e-03	-1.057924200000000085e-03
7.408379286000000000e+09	-4.756935299999999998e-03	-1.038316399999999985e-03
7.408381714000000000e+09	-4.671718000000000051e-03	-1.066700600000000058e-03
7.408384143000000000e+09	-4.702401800000000423e-03	-1.065168900000000108e-03
7.408386571000000000e+09	-4.631197299999999760e-03	-1.086472499999999956e-03
7.408389000000000000e+09	-4.679670900000000230e-03	-1.000681800000000066e-03
7.408391429000000000e+09	-4.668056400000000425e-03	-1.051355400000000048e-03
7.408393857000000000e+09	-4.730994599999999856e-03	-9.719858999999999531e-04
7.408396286000000000e+09	-4.680524099999999743e-03	-1.043846800000000023e-03
7.408398714000000000e+09	-4.681158700000000172e-03	-1.005127300000000076e-03
7.408401143000000000e+09	-4.677498700000000224e-03	-9.813917999999999166e-04
7.408403571000000000e+09	-4.708145099999999986e-03	-1.001286500000000057e-03
7.408406000000000000e+09	-4.710498700000000268e-03	-1.018554799999999913e-03
7.408408429000000000e+09	-4.604130799999999954e-03	-9.509469999999999468e-04
7.408410857000000000e+09	-4.667995999999999777e-03	-9.046090000000000120e-04
7.408413286000000000e+09	-4.591351999999999933e-03	-1.043128400000000074e-03
7.408415714000000000e+09	-4.661867499999999831e-03	-1.008124599999999987e-03
7.408418143000000000e+09	-4.663674999999999939e-03	-9.695129000000000464e-04
7.408420571000000000e+09	-4.715291100000000395e-03	-9.777015000000000445e-04
7.408423000000000000e+09	-4.689329400000000030e-03	-8.454928000000000443e-04
7.408425429000000000e+09	-4.716771100000000279e-03	-9.384004999999999951e-04
7.408427857000000000e+09	-4.695965899999999735e-03	-9.301339999999999955e-04
7.408430286000000000e+09	-4.696122500000000227e-03	-9.479141000000000390e-04
7.408432714000000000e+09	-4.621276500000000287e-03	-9.688621999999999816e-04
7.408435143000000000e+09	-4.680422600000000259e-03	-9.196039000000000470e-04
7.408437571000000000e+09	-4.706254699999999798e-03	-9.423657000000000431e-04
7.408440000000000000e+09	-4.724157399999999798e-03	-9.154917999999999953e-04
7.408442429000000000e+09	-4.677674700000000393e-03	-9.121484999999999489e-04
7.408444857000000000e+09	-4.711645500000000153e-03	-8.907216000000000135e-04
7.408447286000000000e+09	-4.661298300000000019e-03	-8.761972999999999940e-04
7.408449714000000000e+09	-4.743744299999999928e-03	-8.870701000000000367e-04
7.408452143000000000e+09	-4.695993600000000073e-03	-9.212963999999999702e-04
7.408454571000000000e+09	-4.737653399999999793e-03	-9.048812999999999518e-04
7.408457000000000000e+09	-4.714642300000000327e-03	-8.387218000000000104e-04
7.408459429000000000e+09	-4.735038900000000314e-03	-8.717857999999999771e-04
7.408461857000000000e+09	-4.712952700000000092e-03	-8.421490999999999699e-04
7.408464286000000000e+09	-4.678800399999999589e-03	-8.511547000000000383e-04
7.408466714000000000e+09	-4.674824999999999640e-03	-8.279637000000000498e-04
7.408469143000000000e+09	-4.714603300000000038e-03	-8.170919000000000229e-04
7.408471571000000000e+09	-4.725112699999999867e-03	-7.437945999999999750e-04
7.408474000000000000e+09	-4.685199000000000134e-03	-8.174022000000000189e-04
7.408476429000000000e+09	-4.734640099999999630e-03	-8.166145999999999995e-04
7.408478857000000000e+09	-4.691228199999999612e-03	-8.093118000000000057e-04
7.408481286000000000e+09	-4.730193899999999597e-03	-8.112078999999999688e-04
7.408483714000000000e+09	-4.696218500000000004e-03	-7.954654000000000022e-04
7.408486143000000000e+09	-4.720911900000000251e-03	-8.011882999999999809e-04
7.408488571000000000e+09	-4.707729600000000111e-03	-8.064669999999999478e-04
7.408491000000000000e+09	-4.689649599999999932e-03	-7.494278000000000484e-04
7.408493429000000000e+09	-4.782689100000000158e-03	-7.539810999999999562e-04
7.408495857000000000e+09	-4.707129099999999601e-03	-7.709160999999999965e-04
7.408498286000000000e+09	-4.734560700000000309e-03	-7.670275999999999744e-04
7.408500714000000000e+09	-4.726917599999999955e-03	-7.906830999999999582e-04
7.408503143000000000e+09	-4.704640500000000121e-03	-8.245133000000000193e-04
7.408505571000000000e+09	-4.717294799999999753e-03	-7.254005999999999475e-04
7.408508000000000000e+09	-4.686847000000000062e-03	-7.420805999999999843e-04
7.408510429000000000e+09	-4.686435600000000284e-03	-8.071620000000000487e-04
7.408512857000000000e+09	-4.665685200000000213e-03	-8.046731999999999583e-04
7.408515286000000000e+09	-4.731838300000000032e-03	-7.699007999999999590e-04
7.408517714000000000e+09	-4.741815600000000124e-03	-7.277372999999999958e-04
7.408520143000000000e+09	-4.697470100000000065e-03	-6.897713999999999668e-04
7.408522571000000000e+09	-4.730221500000000336e-03	-7.076520000000000206e-04
7.408525000000000000e+09	-4.672837800000000270e-03	-7.451178999999999832e-04
7.408527429000000000e+09	-4.648393399999999932e-03	-7.144888999999999754e-04
7.408529857000000000e+09	-4.743641300000000366e-03	-7.659169999999999650e-04
7.408532286000000000e+09	-4.717693700000000039e-03	-7.635440000000000066e-04
7.408534714000000000e+09	-4.769717100000000175e-03	-6.445567000000000353e-04
7.408537143000000000e+09	-4.730969399999999936e-03	-5.934096999999999506e-04
7.408539571000000000e+09	-4.784052900000000316e-03	-6.443498999999999885e-04
7.408542000000000000e+09	-4.827711699999999960e-03	-7.026006000000000438e-04
7.408544429000000000e+09	-4.740506700000000039e-03	-6.062843000000000052e-04
7.408546857000000000e+09	-4.640826899999999679e-03	-7.074949000000000082e-04
7.408549286000000000e+09	-4.691446200000000226e-03	-7.268281999999999608e-04
7.408551714000000000e+09	-4.725406100000000172e-03	-7.073216000000000009e-04
7.408554143000000000e+09	-4.665109800000000022e-03	-6.394283999999999645e-04
7.408556571000000000e+09	-4.681013300000000030e-03	-6.293254000000000513e-04
7.408559000000000000e+09	-4.852629699999999602e-03	-5.833684999999999695e-04
7.408561429000000000e+09	-4.705835799999999632e-03	-6.038023999999999909e-04
7.408563857000000000e+09	-4.667284300000000379e-03	-6.032808000000000398e-04
7.408566286000000000e+09	-4.766129000000000025e-03	-5.705336000000000088e-04
7.408568714000000000e+09	-4.726046799999999645e-03	-5.589135999999999540e-04
7.408571143000000000e+09	-4.753059599999999787e-03	-5.836008999999999641e-04
7.408573571000000000e+09	-4.713518600000000079e-03	-5.951118000000000033e-04
7.408576000000000000e+09	-4.684312300000000040e-03	-6.306057999999999586e-04
7.408578429000000000e+09	-4.735979199999999605e-03	-5.874330999999999780e-04
7.408580857000000000e+09	-4.681516699999999954e-03	-5.681574000000000433e-04
7.408583286000000000e+09	-4.751813700000000369e-03	-4.737547000000000264e-04
7.408585714000000000e+09	-4.768018700000000408e-03	-5.300047999999999912e-04
7.408588143000000000e+09	-4.784365199999999693e-03	-5.494338000000000520e-04
7.408590571000000000e+09	-4.722941599999999802e-03	-6.441571000000000536e-04
7.408593000000000000e+09	-4.682892699999999936e-03	-5.447000999999999926e-04
7.408595429000000000e+09	-4.722477499999999835e-03	-6.321904999999999842e-04
7.408597857000000000e+09	-4.757864500000000274e-03	-5.601268000000000392e-04
7.408600286000000000e+09	-4.713774799999999841e-03	-4.485100999999999801e-04
7.408602714000000000e+09	-4.695888399999999761e-03	-5.133899000000000361e-04
7.408605143000000000e+09	-4.697586299999999791e-03	-5.980272999999999926e-04
7.408607571000000000e+09	-4.679745400000000048e-03	-5.354986000000000164e-04
7.408610000000000000e+09	-4.664975099999999625e-03	-4.812265000000000249e-04
7.408612429000000000e+09	-4.713418599999999806e-03	-5.224532000000000481e-04
7.408614857000000000e+09	-4.738325500000000433e-03	-4.842285000000000209e-04
7.408617286000000000e+09	-4.703716900000000020e-03	-5.060785999999999627e-04
7.408619714000000000e+09	-4.714002200000000191e-03	-4.935567000000000513e-04
7.408622143000000000e+09	-4.758083300000000293e-03	-5.077605999999999916e-04
7.408624571000000000e+09	-4.697742700000000216e-03	-5.071967999999999616e-04
7.408627000000000000e+09	-4.767612400000000202e-03	-4.792889000000000047e-04
7.408629429000000000e+09	-4.718431000000000361e-03	-4.642219999999999745e-04
7.408631857000000000e+09	-4.649248499999999659e-03	-4.969317999999999912e-04
7.408634286000000000e+09	-4.722075099999999657e-03	-4.449758000000000164e-04
7.408636714000000000e+09	-4.779346500000000025e-03	-4.554456000000000021e-04
7.408639143000000000e+09	-4.760639399999999806e-03	-4.769166000000000139e-04
7.408641571000000000e+09	-4.707051999999999764e-03	-4.490828999999999893e-04
7.408644000000000000e+09	-4.717889400000000420e-03	-4.035967000000000113e-04
7.408646429000000000e+09	-4.716739799999999580e-03	-4.678071000000000226e-04
7.408648857000000000e+09	-4.744418700000000051e-03	-4.801806999999999950e-04
7.408651286000000000e+09	-4.673755899999999797e-03	-4.337982000000000101e-04
7.408653714000000000e+09	-4.758591700000000188e-03	-4.242383000000000070e-04
7.408656143000000000e+09	-4.739155999999999577e-03	-4.278627000000000125e-04
7.408658571000000000e+09	-4.755541000000000282e-03	-3.807220999999999848e-04
7.408661000000000000e+09	-4.720970900000000421e-03	-3.999054999999999949e-04
7.408663429000000000e+09	-4.735926300000000214e-03	-4.207381000000000163e-04
7.408665857000000000e+09	-4.736368700000000154e-03	-3.720354000000000261e-04
7.408668286000000000e+09	-4.709014800000000354e-03	-4.165004999999999944e-04
7.408670714000000000e+09	-4.733260300000000087e-03	-4.201025999999999849e-04
7.408673143000000000e+09	-4.772468600000000401e-03	-3.598421000000000085e-04
7.408675571000000000e+09	-4.735734499999999861e-03	-3.887782999999999907e-04
7.408678000000000000e+09	-4.692405699999999992e-03	-3.157403999999999831e-04
7.408680429000000000e+09	-4.765897899999999715e-03	-3.605626000000000230e-04
7.408682857000000000e+09	-4.671665999999999666e-03	-3.828554000000000072e-04
7.408685286000000000e+09	-4.745379200000000158e-03	-3.771453000000000023e-04
7.408687714000000000e+09	-4.718987400000000144e-03	-2.943832999999999975e-04
7.408690143000000000e+09	-4.754491599999999783e-03	-3.428266000000000017e-04
7.408692571000000000e+09	-4.809964199999999974e-03	-2.718986999999999858e-04
7.408695000000000000e+09	-4.723753399999999943e-03	-2.603605999999999954e-04
7.408697429000000000e+09	-4.641143999999999825e-03	-3.302272000000000085e-04
7.408699857000000000e+09	-4.709497600000000193e-03	-3.219008999999999998e-04
7.408702286000000000e+09	-4.714599600000000078e-03	-2.871662999999999885e-04
7.408704714000000000e+09	-4.693467399999999914e-03	-3.442466000000000254e-04
7.408707143000000000e+09	-4.686638400000000051e-03	-3.180360999999999822e-04
7.408709571000000000e+09	-4.768665899999999930e-03	-2.984575000000000270e-04
7.408712000000000000e+09	-4.747162800000000356e-03	-2.551982999999999856e-04
7.408714429000000000e+09	-4.749458100000000273e-03	-2.569067000000000182e-04
7.408716857000000000e+09	-4.772612499999999598e-03	-2.844305000000000206e-04
7.408719286000000000e+09	-4.769627299999999910e-03	-2.687877999999999882e-04
7.408721714000000000e+09	-4.772682799999999718e-03	-2.850886999999999866e-04
7.408724143000000000e+09	-4.747052499999999606e-03	-2.513020999999999940e-04
7.408726571000000000e+09	-4.725944400000000288e-03	-2.862108000000000143e-04
7.408729000000000000e+09	-4.719608000000000136e-03	-2.410733000000000082e-04
7.408731429000000000e+09	-4.691310800000000024e-03	-2.044519000000000067e-04
7.408733857000000000e+09	-4.729165300000000120e-03	-2.436337999999999915e-04
7.408736286000000000e+09	-4.685078700000000311e-03	-2.396448000000000133e-04
7.408738714000000000e+09	-4.759922100000000232e-03	-2.326251000000000100e-04
7.408741143000000000e+09	-4.729432599999999765e-03	-2.458803999999999981e-04
7.408743571000000000e+09	-4.764564800000000051e-03	-1.793169000000000110e-04
7.408746000000000000e+09	-4.676812600000000014e-03	-2.248899999999999966e-04
7.408748429000000000e+09	-4.728101900000000052e-03	-1.356917000000000073e-04
7.408750857000000000e+09	-4.754206799999999809e-03	-2.013313000000000082e-04
7.408753286000000000e+09	-4.768330299999999980e-03	-1.284570999999999868e-04
7.408755714000000000e+09	-4.753005900000000124e-03	-2.676242999999999916e-04
7.408758143000000000e+09	-4.742434799999999638e-03	-1.769243000000000096e-04
7.408760571000000000e+09	-4.754081799999999684e-03	-1.602413000000000069e-04
7.408763000000000000e+09	-4.702984099999999931e-03	-1.910120000000000069e-04
7.408765429000000000e+09	-4.767418100000000297e-03	-1.808702999999999884e-04
7.408767857000000000e+09	-4.685811399999999932e-03	-2.201907999999999925e-04
7.408770286000000000e+09	-4.741699200000000329e-03	-1.344336999999999865e-04
7.408772714000000000e+09	-4.655841099999999573e-03	-1.735419999999999996e-04
7.408775143000000000e+09	-4.705643300000000341e-03	-1.413049999999999896e-04
7.408777571000000000e+09	-4.727041500000000139e-03	-1.736929999999999919e-04
7.408780000000000000e+09	-4.709386299999999970e-03	-1.620554000000000070e-04
7.408782429000000000e+09	-4.693721700000000330e-03	-5.704069999999999751e-05
7.408784857000000000e+09	-4.758157499999999575e-03	-1.765040999999999962e-04
7.408787286000000000e+09	-4.714858100000000191e-03	-1.403014999999999915e-04
7.408789714000000000e+09	-4.790194099999999823e-03	-6.702540000000000375e-05
7.408792143000000000e+09	-4.728678600000000253e-03	-1.339048000000000126e-04
7.408794571000000000e+09	-4.704472000000000341e-03	-6.678839999999999907e-05
7.408797000000000000e+09	-4.754780999999999591e-03	-1.251480000000000019e-04
7.408799429000000000e+09	-4.699278799999999714e-03	-6.013600000000000157e-05
7.408801857000000000e+09	-4.639021099999999717e-03	-8.619999999999999462e-05
7.408804286000000000e+09	-4.674873199999999597e-03	-1.072329999999999947e-04
7.408806714000000000e+09	-4.692929900000000071e-03	-1.320446999999999929e-04
7.408809143000000000e+09	-4.709447799999999691e-03	-6.884960000000000570e-05
7.408811571000000000e+09	-4.688611100000000115e-03	-6.717079999999999731e-05
7.408814000000000000e+09	-4.735875700000000306e-03	1.732000000000000104e-06
7.408816429000000000e+09	-4.748046500000000295e-03	-1.088335999999999942e-04
7.408818857000000000e+09	-4.723251000000000359e-03	-1.331212000000000020e-04
7.408821286000000000e+09	-4.690226100000000065e-03	-1.454895000000000103e-04
7.408823714000000000e+09	-4.706531899999999782e-03	-3.710200000000000069e-06
7.408826143000000000e+09	-4.693492599999999834e-03	-4.589469999999999954e-05
7.408828571000000000e+09	-4.741421200000000072e-03	-6.202699999999999922e-06
7.408831000000000000e+09	-4.852128800000000096e-03	7.140680000000000215e-05
7.408833429000000000e+09	-4.720346700000000069e-03	-5.379979999999999946e-05
7.408835857000000000e+09	-4.675863700000000393e-03	2.897680000000000012e-05
7.408838286000000000e+09	-4.749024800000000400e-03	-2.228229999999999840e-05
7.408840714000000000e+09	-4.729292999999999865e-03	-2.665249999999999935e-05
7.408843143000000000e+09	-4.727179199999999824e-03	-1.120200000000000049e-05
7.408845571000000000e+09	-4.683362600000000146e-03	6.247859999999999503e-05
7.408848000000000000e+09	-4.704447199999999690e-03	-3.692279999999999824e-05
7.408850429000000000e+09	-4.797377299999999907e-03	3.242530000000000276e-05
7.408852857000000000e+09	-4.761876200000000024e-03	4.241860000000000075e-05
7.408855286000000000e+09	-4.696331699999999575e-03	3.229460000000000078e-05
7.408857714000000000e+09	-4.716561799999999596e-03	1.275198000000000119e-04
7.408860143000000000e+09	-4.679676199999999869e-03	1.533736999999999915e-04
7.408862571000000000e+09	-4.648492300000000264e-03	6.255459999999999905e-05
7.408865000000000000e+09	-4.722056900000000390e-03	-1.088400000000000032e-06
7.408867429000000000e+09	-4.720556600000000089e-03	5.258020000000000185e-05
7.408869857000000000e+09	-4.698771699999999829e-03	4.495479999999999859e-05
7.408872286000000000e+09	-4.659047200000000430e-03	5.044999999999999978e-05
7.408874714000000000e+09	-4.684945099999999855e-03	1.270230999999999867e-04
7.408877143000000000e+09	-4.703450500000000249e-03	5.614710000000000322e-05
7.408879571000000000e+09	-4.732312600000000008e-03	8.071580000000000399e-05
7.408882000000000000e+09	-4.679021999999999695e-03	7.976480000000000581e-05
7.408884429000000000e+09	-4.717307900000000317e-03	9.789889999999999877e-05
7.408886857000000000e+09	-4.737218799999999910e-03	8.387810000000000589e-05
7.408889286000000000e+09	-4.722645699999999946e-03	8.372400000000000003e-05
7.408891714000000000e+09	-4.754106299999999799e-03	1.202759999999999984e-04
7.408894143000000000e+09	-4.748302700000000057e-03	1.120466999999999991e-04
7.408896571000000000e+09	-4.734438599999999872e-03	6.890420000000000344e-05
7.408899000000000000e+09	-4.726383899999999673e-03	1.171756999999999969e-04
7.408901429000000000e+09	-4.638670200000000188e-03	1.528998999999999961e-04
7.408903857000000000e+09	-4.711023600000000151e-03	1.414141000000000052e-04
7.408906286000000000e+09	-4.689109099999999933e-03	1.988550000000000061e-04
7.408908714000000000e+09	-4.756873299999999673e-03	2.199955999999999982e-04
7.408911143000000000e+09	-4.661325400000000153e-03	1.583234000000000095e-04
7.408913571000000000e+09	-4.750589700000000179e-03	1.473597000000000047e-04
7.408916000000000000e+09	-4.740183700000000049e-03	2.167714999999999963e-04
7.408918429000000000e+09	-4.667546199999999916e-03	1.168482999999999973e-04
7.408920857000000000e+09	-4.721857000000000311e-03	1.295671000000000084e-04
7.408923286000000000e+09	-4.733548700000000421e-03	1.260320999999999957e-04
7.408925714000000000e+09	-4.712283799999999676e-03	1.118424999999999986e-04
7.408928143000000000e+09	-4.753138199999999702e-03	1.354345999999999924e-04
7.408930571000000000e+09	-4.706397900000000058e-03	2.197816999999999967e-04
7.408933000000000000e+09	-4.710787299999999803e-03	2.192251999999999894e-04
7.408935429000000000e+09	-4.681916799999999781e-03	2.462755999999999973e-04
7.408937857000000000e+09	-4.669826699999999990e-03	1.715821999999999985e-04
7.408940286000000000e+09	-4.689662899999999697e-03	1.854899999999999876e-04
7.408942714000000000e+09	-4.657416699999999965e-03	1.775202000000000084e-04
7.408945143000000000e+09	-4.644007500000000080e-03	1.723809000000000083e-04
7.408947571000000000e+09	-4.666445499999999705e-03	1.532558999999999907e-04
7.408950000000000000e+09	-4.606533799999999734e-03	2.320392000000000060e-04
7.408952429000000000e+09	-4.665380600000000426e-03	2.557599000000000244e-04
7.408954857000000000e+09	-4.739704600000000170e-03	2.612480000000000032e-04
7.408957286000000000e+09	-4.644387600000000026e-03	2.268147999999999887e-04
7.408959714000000000e+09	-4.749020700000000303e-03	3.200373999999999862e-04
7.408962143000000000e+09	-4.669904600000000100e-03	2.270069000000000102e-04
7.408964571000000000e+09	-4.698448099999999635e-03	2.034433000000000042e-04
7.408967000000000000e+09	-4.721863500000000359e-03	2.149546999999999970e-04
7.408969429000000000e+09	-4.642677799999999841e-03	2.255101999999999877e-04
7.408971857000000000e+09	-4.753035099999999673e-03	3.075654999999999947e-04
7.408974286000000000e+09	-4.694097999999999847e-03	3.456762000000000159e-04
7.408976714000000000e+09	-4.704707800000000086e-03	3.279170999999999779e-04
7.408979143000000000e+09	-4.737886099999999781e-03	3.857492000000000234e-04
7.408981571000000000e+09	-4.675132200000000314e-03	2.864462000000000019e-04
7.408984000000000000e+09	-4.655005000000000254e-03	3.701935999999999855e-04
7.408986429000000000e+09	-4.790933899999999697e-03	3.226918000000000061e-04
7.408988857000000000e+09	-4.648311399999999725e-03	3.596564000000000011e-04
7.408991286000000000e+09	-4.705919000000000248e-03	3.165692000000000115e-04
7.408993714000000000e+09	-4.697641300000000332e-03	3.187872000000000232e-04
7.408996143000000000e+09	-4.663658299999999882e-03	3.681622000000000171e-04
7.408998571000000000e+09	-4.648677799999999770e-03	3.205350999999999730e-04
7.409001000000000000e+09	-4.648733300000000047e-03	2.923677999999999759e-04
7.409003429000000000e+09	-4.682302400000000302e-03	3.705889000000000188e-04
7.409005857000000000e+09	-4.671989100000000124e-03	3.565865999999999784e-04
7.409008286000000000e+09	-4.668935800000000198e-03	3.794342999999999935e-04
7.409010714000000000e+09	-4.635276500000000410e-03	3.473373000000000194e-04
7.409013143000000000e+09	-4.693028999999999604e-03	3.546735000000000187e-04
7.409015571000000000e+09	-4.663059699999999586e-03	3.608934000000000165e-04
7.409018000000000000e+09	-4.710869399999999610e-03	3.649279000000000064e-04
7.409020429000000000e+09	-4.677704999999999884e-03	3.481123000000000247e-04
7.409022857000000000e+09	-4.679087699999999982e-03	4.581769000000000076e-04
7.409025286000000000e+09	-4.590783999999999664e-03	3.427049000000000263e-04
7.409027714000000000e+09	-4.632319699999999998e-03	4.119413000000000263e-04
7.409030143000000000e+09	-4.694171799999999860e-03	4.417272000000000082e-04
7.409032571000000000e+09	-4.658705400000000101e-03	4.043523999999999946e-04
7.409035000000000000e+09	-4.656747600000000348e-03	4.058212000000000169e-04
7.409037429000000000e+09	-4.701981499999999779e-03	3.975847999999999817e-04
7.409039857000000000e+09	-4.653033899999999869e-03	4.774755999999999792e-04
7.409042286000000000e+09	-4.656395800000000078e-03	4.425678999999999746e-04
7.409044714000000000e+09	-4.692937799999999729e-03	3.985807999999999972e-04
7.409047143000000000e+09	-4.628296500000000230e-03	4.786745999999999926e-04
7.409049571000000000e+09	-4.611160900000000305e-03	4.395415999999999863e-04
7.409052000000000000e+09	-4.608822700000000071e-03	4.463539999999999890e-04
7.409054429000000000e+09	-4.696974700000000266e-03	4.515036999999999848e-04
7.409056857000000000e+09	-4.665065999999999831e-03	4.596728000000000012e-04
7.409059286000000000e+09	-4.598101599999999609e-03	5.066079999999999715e-04
7.409061714000000000e+09	-4.759590600000000379e-03	4.923727999999999829e-04
7.409064143000000000e+09	-4.575160600000000195e-03	4.524632000000000220e-04
7.409066571000000000e+09	-4.693382099999999883e-03	4.686695999999999961e-04
7.409069000000000000e+09	-4.703431299999999773e-03	4.969367999999999615e-04
7.409071429000000000e+09	-4.641056000000000174e-03	4.963532000000000100e-04
7.409073857000000000e+09	-4.646309000000000376e-03	5.386355999999999696e-04
7.409076286000000000e+09	-4.612996900000000157e-03	5.139914000000000201e-04
7.409078714000000000e+09	-4.683438399999999974e-03	4.930568000000000190e-04
7.409081143000000000e+09	-4.701191199999999598e-03	4.970515999999999693e-04
7.409083571000000000e+09	-4.652768499999999571e-03	5.360614999999999564e-04
7.409086000000000000e+09	-4.558160099999999937e-03	5.088239000000000260e-04
7.409088429000000000e+09	-4.704123999999999632e-03	5.218723000000000415e-04
7.409090857000000000e+09	-4.657290399999999830e-03	5.374941999999999741e-04
7.409093286000000000e+09	-4.671625000000000430e-03	6.118516999999999749e-04
7.409095714000000000e+09	-4.657267100000000125e-03	5.023853000000000433e-04
7.409098143000000000e+09	-4.557973899999999759e-03	5.125957000000000430e-04
7.409100571000000000e+09	-4.661814499999999972e-03	5.238162999999999674e-04
7.409103000000000000e+09	-4.660241499999999600e-03	5.801419999999999624e-04
7.409105429000000000e+09	-4.694786799999999677e-03	6.579274000000000190e-04
7.409107857000000000e+09	-4.668942399999999847e-03	5.423993999999999691e-04
7.409110286000000000e+09	-4.620242099999999699e-03	6.257519000000000015e-04
7.409112714000000000e+09	-4.673174900000000298e-03	6.285731000000000348e-04
7.409115143000000000e+09	-4.640819899999999894e-03	6.255781999999999662e-04
7.409117571000000000e+09	-4.643060800000000342e-03	4.991341999999999958e-04
7.409120000000000000e+09	-4.606493399999999835e-03	5.834322000000000076e-04
7.409122429000000000e+09	-4.638743100000000327e-03	5.339386999999999909e-04
7.409124857000000000e+09	-4.653000800000000291e-03	5.479123000000000023e-04
7.409127286000000000e+09	-4.653814899999999914e-03	4.997453000000000008e-04
7.409129714000000000e+09	-4.609485499999999708e-03	5.699032000000000360e-04
7.409132143000000000e+09	-4.588845700000000055e-03	6.822530999999999951e-04
7.409134571000000000e+09	-4.598152099999999916e-03	6.292024999999999918e-04
7.409137000000000000e+09	-4.554447599999999867e-03	5.793372999999999665e-04
7.409139429000000000e+09	-4.564187100000000399e-03	6.415916999999999714e-04
7.409141857000000000e+09	-4.654081000000000017e-03	6.294154999999999845e-04
7.409144286000000000e+09	-4.645578099999999634e-03	6.495013999999999475e-04
7.409146714000000000e+09	-4.655021500000000242e-03	6.862552000000000495e-04
7.409149143000000000e+09	-4.632045300000000101e-03	6.933745000000000273e-04
7.409151571000000000e+09	-4.617790800000000362e-03	6.829356999999999876e-04
7.409154000000000000e+09	-4.650965699999999765e-03	6.758330999999999584e-04
7.409156429000000000e+09	-4.650884400000000231e-03	7.036535000000000012e-04
7.409158857000000000e+09	-4.623940099999999595e-03	7.127537000000000195e-04
7.409161286000000000e+09	-4.633085299999999997e-03	7.328703999999999687e-04
7.409163714000000000e+09	-4.579856200000000273e-03	6.969997000000000345e-04
7.409166143000000000e+09	-4.670053599999999736e-03	7.034001000000000012e-04
7.409168571000000000e+09	-4.648619500000000272e-03	6.903452999999999716e-04
7.409171000000000000e+09	-4.618046800000000056e-03	7.050592000000000274e-04
7.409173429000000000e+09	-4.629812999999999984e-03	7.066305999999999629e-04
7.409175857000000000e+09	-4.635408799999999989e-03	7.239133999999999933e-04
7.409178286000000000e+09	-4.577164499999999622e-03	7.019529000000000263e-04
7.409180714000000000e+09	-4.569576199999999741e-03	6.771118000000000449e-04
7.409183143000000000e+09	-4.657521799999999809e-03	7.893957000000000491e-04
7.409185571000000000e+09	-4.578191599999999889e-03	6.981287999999999556e-04
7.409188000000000000e+09	-4.627272800000000255e-03	7.511249000000000224e-04
7.409190429000000000e+09	-4.545977199999999725e-03	7.094538999999999533e-04
7.409192857000000000e+09	-4.631975299999999650e-03	7.373002000000000462e-04
7.409195286000000000e+09	-4.650406400000000294e-03	7.909724999999999829e-04
7.409197714000000000e+09	-4.607440899999999846e-03	7.203199999999999881e-04
7.409200143000000000e+09	-4.579934299999999583e-03	7.217789000000000496e-04
7.409202571000000000e+09	-4.625008899999999770e-03	7.515500999999999519e-04
7.409205000000000000e+09	-4.610262599999999725e-03	8.375906000000000236e-04
7.409207429000000000e+09	-4.618345000000000262e-03	8.774667999999999791e-04
7.409209857000000000e+09	-4.650627299999999728e-03	8.428867999999999951e-04
7.409212286000000000e+09	-4.672040300000000236e-03	8.243637999999999964e-04
7.409214714000000000e+09	-4.608447600000000095e-03	8.304977000000000496e-04
7.409217143000000000e+09	-4.555595299999999626e-03	8.128042000000000470e-04
7.409219571000000000e+09	-4.603134800000000318e-03	8.342424999999999667e-04
7.409222000000000000e+09	-4.610862599999999631e-03	8.131488000000000301e-04
7.409224429000000000e+09	-4.565568800000000156e-03	8.190820999999999822e-04
7.409226857000000000e+09	-4.630607000000000126e-03	8.896334999999999790e-04
7.409229286000000000e+09	-4.527542699999999656e-03	9.175312999999999612e-04
7.409231714000000000e+09	-4.559305700000000280e-03	8.742637000000000368e-04
7.409234143000000000e+09	-4.549951800000000268e-03	8.396699000000000090e-04
7.409236571000000000e+09	-4.525533299999999655e-03	8.361971000000000378e-04
7.409239000000000000e+09	-4.633540400000000364e-03	8.435031999999999643e-04
7.409241429000000000e+09	-4.567879999999999857e-03	8.591815999999999733e-04
7.409243857000000000e+09	-4.584242700000000330e-03	8.680495999999999568e-04
7.409246286000000000e+09	-4.543486900000000099e-03	8.689194000000000345e-04
7.409248714000000000e+09	-4.560573699999999862e-03	8.780923000000000157e-04
7.409251143000000000e+09	-4.599963000000000315e-03	8.498123000000000222e-04
7.409253571000000000e+09	-4.640261500000000296e-03	8.958904000000000173e-04
7.409256000000000000e+09	-4.547609799999999605e-03	8.445844000000000311e-04
7.409258429000000000e+09	-4.648910299999999690e-03	8.927196000000000306e-04
7.409260857000000000e+09	-4.563504900000000218e-03	8.977809000000000223e-04
7.409263286000000000e+09	-4.574398799999999758e-03	9.497445000000000409e-04
7.409265714000000000e+09	-4.585958700000000027e-03	9.346032999999999901e-04
7.409268143000000000e+09	-4.489597799999999958e-03	9.203431999999999672e-04
7.409270571000000000e+09	-4.555027799999999960e-03	9.350997999999999472e-04
7.409273000000000000e+09	-4.578593599999999930e-03	9.135950000000000104e-04
7.409275429000000000e+09	-4.542007899999999689e-03	9.128012000000000452e-04
7.409277857000000000e+09	-4.501744900000000105e-03	9.932571000000000282e-04
7.409280286000000000e+09	-4.546835299999999608e-03	9.452942000000000202e-04
7.409282714000000000e+09	-4.533451899999999847e-03	9.857588000000000461e-04
7.409285143000000000e+09	-4.579031600000000105e-03	9.125624999999999622e-04
7.409287571000000000e+09	-4.554789699999999865e-03	9.240964000000000383e-04
7.409290000000000000e+09	-4.597375699999999704e-03	9.785281000000000274e-04
7.409292429000000000e+09	-4.572405600000000077e-03	1.021364899999999956e-03
7.409294857000000000e+09	-4.515921699999999803e-03	9.686939000000000530e-04
7.409297286000000000e+09	-4.515187799999999772e-03	9.675169999999999864e-04
7.409299714000000000e+09	-4.580591299999999845e-03	1.011844499999999978e-03
7.409302143000000000e+09	-4.529610600000000091e-03	9.230192999999999601e-04
7.409304571000000000e+09	-4.558006400000000000e-03	9.386019999999999693e-04
7.409307000000000000e+09	-4.589211699999999963e-03	1.024323400000000080e-03
7.409309429000000000e+09	-4.519320400000000418e-03	1.020050200000000061e-03
7.409311857000000000e+09	-4.549634799999999722e-03	9.723127999999999719e-04
7.409314286000000000e+09	-4.525497600000000058e-03	1.064280500000000084e-03
7.409316714000000000e+09	-4.552119700000000109e-03	1.040817600000000075e-03
7.409319143000000000e+09	-4.466388600000000160e-03	1.036612199999999975e-03
7.409321571000000000e+09	-4.606649200000000055e-03	1.050487300000000008e-03
7.409324000000000000e+09	-4.498141599999999976e-03	1.048868400000000029e-03
7.409326429000000000e+09	-4.559788999999999856e-03	1.008792400000000028e-03
7.409328857000000000e+09	-4.537454100000000261e-03	1.103058000000000077e-03
7.409331286000000000e+09	-4.483320699999999645e-03	1.095778900000000033e-03
7.409333714000000000e+09	-4.523526200000000004e-03	1.049519999999999967e-03
7.409336143000000000e+09	-4.562375100000000058e-03	1.038775899999999901e-03
7.409338571000000000e+09	-4.482528599999999717e-03	1.079970100000000009e-03
7.409341000000000000e+09	-4.541825700000000007e-03	1.083298500000000070e-03
7.409343429000000000e+09	-4.546329800000000268e-03	1.083062799999999926e-03
7.409345857000000000e+09	-4.478076200000000173e-03	1.132808699999999927e-03
7.409348286000000000e+09	-4.453502399999999944e-03	1.112725599999999943e-03
7.409350714000000000e+09	-4.515850499999999809e-03	1.158413199999999916e-03
7.409353143000000000e+09	-4.519767499999999792e-03	1.056153599999999984e-03
7.409355571000000000e+09	-4.436921400000000057e-03	1.159703300000000095e-03
7.409358000000000000e+09	-4.502478899999999735e-03	1.109360599999999978e-03
7.409360429000000000e+09	-4.484069099999999850e-03	1.114280100000000079e-03
7.409362857000000000e+09	-4.523452399999999991e-03	1.084171199999999944e-03
7.409365286000000000e+09	-4.535190199999999776e-03	1.165711800000000103e-03
7.409367714000000000e+09	-4.491298799999999744e-03	1.190425499999999900e-03
7.409370143000000000e+09	-4.557624399999999840e-03	1.099191499999999967e-03
7.409372571000000000e+09	-4.552858100000000373e-03	1.094575599999999963e-03
7.409375000000000000e+09	-4.522055599999999856e-03	1.069158200000000026e-03
7.409377429000000000e+09	-4.521233199999999570e-03	1.175721999999999922e-03
7.409379857000000000e+09	-4.472893500000000092e-03	1.138379099999999944e-03
7.409382286000000000e+09	-4.506760200000000348e-03	1.069121799999999973e-03
7.409384714000000000e+09	-4.490923100000000431e-03	1.177983600000000056e-03
7.409387143000000000e+09	-4.515307999999999995e-03	1.217990300000000060e-03
7.409389571000000000e+09	-4.475032399999999584e-03	1.135010600000000086e-03
7.409392000000000000e+09	-4.522272899999999797e-03	1.115810500000000019e-03
7.409394429000000000e+09	-4.521796300000000338e-03	1.207851100000000054e-03
7.409396857000000000e+09	-4.471508800000000179e-03	1.173019400000000108e-03
7.409399286000000000e+09	-4.486207899999999742e-03	1.202734000000000008e-03
7.409401714000000000e+09	-4.520051199999999825e-03	1.209027099999999922e-03
7.409404143000000000e+09	-4.473177800000000329e-03	1.244002900000000002e-03
7.409406571000000000e+09	-4.487524900000000420e-03	1.213259900000000042e-03
7.409409000000000000e+09	-4.459148100000000052e-03	1.274736799999999894e-03
7.409411429000000000e+09	-4.541612999999999900e-03	1.280026999999999988e-03
7.409413857000000000e+09	-4.437846900000000372e-03	1.230139199999999954e-03
7.409416286000000000e+09	-4.468024000000000127e-03	1.223312199999999905e-03
7.409418714000000000e+09	-4.488713800000000351e-03	1.286408400000000089e-03
7.409421143000000000e+09	-4.414024600000000104e-03	1.199928999999999970e-03
7.409423571000000000e+09	-4.458075300000000248e-03	1.292949299999999937e-03
7.409426000000000000e+09	-4.414881499999999577e-03	1.264958399999999974e-03
7.409428429000000000e+09	-4.458961600000000206e-03	1.293309500000000035e-03
7.409430857000000000e+09	-4.513271800000000396e-03	1.255212300000000010e-03
7.409433286000000000e+09	-4.395719699999999994e-03	1.305631299999999908e-03
7.409435714000000000e+09	-4.433435099999999927e-03	1.296742999999999941e-03
7.409438143000000000e+09	-4.499565500000000245e-03	1.273563400000000045e-03
7.409440571000000000e+09	-4.521722700000000393e-03	1.226250900000000000e-03
7.409443000000000000e+09	-4.473451100000000284e-03	1.296007899999999935e-03
7.409445429000000000e+09	-4.381264000000000165e-03	1.335276499999999995e-03
7.409447857000000000e+09	-4.470321999999999664e-03	1.334837900000000049e-03
7.409450286000000000e+09	-4.455756400000000089e-03	1.305158299999999941e-03
7.409452714000000000e+09	-4.495129100000000086e-03	1.313191200000000079e-03
7.409455143000000000e+09	-4.459072599999999893e-03	1.304461000000000032e-03
7.409457571000000000e+09	-4.462334400000000229e-03	1.351624000000000055e-03
7.409460000000000000e+09	-4.405994199999999951e-03	1.294463600000000025e-03
7.409462429000000000e+09	-4.526715199999999800e-03	1.307264100000000073e-03
7.409464857000000000e+09	-4.466095100000000255e-03	1.403998399999999971e-03
7.409467286000000000e+09	-4.440594200000000033e-03	1.370607200000000100e-03
7.409469714000000000e+09	-4.477060300000000256e-03	1.284423399999999951e-03
7.409472143000000000e+09	-4.464895899999999848e-03	1.338211900000000048e-03
7.409474571000000000e+09	-4.417712800000000127e-03	1.360993200000000080e-03
7.409477000000000000e+09	-4.462540499999999820e-03	1.395380299999999987e-03
7.409479429000000000e+09	-4.374596899999999566e-03	1.361208999999999943e-03
7.409481857000000000e+09	-4.408819799999999858e-03	1.367777099999999959e-03
7.409484286000000000e+09	-4.426757199999999982e-03	1.415601299999999941e-03
7.409486714000000000e+09	-4.487420599999999982e-03	1.353776500000000065e-03
7.409489143000000000e+09	-4.412418300000000085e-03	1.350283999999999989e-03
7.409491571000000000e+09	-4.400348600000000311e-03	1.339060300000000092e-03
7.409494000000000000e+09	-4.419955700000000390e-03	1.363823099999999936e-03
7.409496429000000000e+09	-4.425645500000000357e-03	1.428736899999999985e-03
7.409498857000000000e+09	-4.407695700000000341e-03	1.436845300000000065e-03
7.409501286000000000e+09	-4.421361900000000261e-03	1.459661400000000038e-03
7.409503714000000000e+09	-4.409539100000000114e-03	1.426712300000000004e-03
7.409506143000000000e+09	-4.401038799999999751e-03	1.461971199999999912e-03
7.409508571000000000e+09	-4.463166799999999587e-03	1.431058899999999899e-03
7.409511000000000000e+09	-4.368893799999999834e-03	1.456447399999999956e-03
7.409513429000000000e+09	-4.393153799999999741e-03	1.414141999999999960e-03
7.409515857000000000e+09	-4.413254299999999804e-03	1.446659899999999969e-03
7.409518286000000000e+09	-4.458809900000000083e-03	1.442082900000000003e-03
7.409520714000000000e+09	-4.426535100000000139e-03	1.513169900000000062e-03
7.409523143000000000e+09	-4.334802399999999716e-03	1.527033899999999996e-03
7.409525571000000000e+09	-4.422650200000000260e-03	1.505000000000000044e-03
7.409528000000000000e+09	-4.436122399999999945e-03	1.552166000000000006e-03
7.409530429000000000e+09	-4.378382699999999912e-03	1.468921499999999939e-03
7.409532857000000000e+09	-4.349771300000000208e-03	1.399273300000000025e-03
7.409535286000000000e+09	-4.370026800000000218e-03	1.501965100000000105e-03
7.409537714000000000e+09	-4.410765700000000324e-03	1.380161699999999996e-03
7.409540143000000000e+09	-4.387271400000000016e-03	1.501044200000000058e-03
7.409542571000000000e+09	-4.394765699999999935e-03	1.521233699999999895e-03
7.409545000000000000e+09	-4.387482100000000308e-03	1.523424100000000036e-03
7.409547429000000000e+09	-4.337843699999999886e-03	1.532484800000000029e-03
7.409549857000000000e+09	-4.413466100000000038e-03	1.493941300000000034e-03
7.409552286000000000e+09	-4.396689500000000236e-03	1.540953999999999978e-03
7.409554714000000000e+09	-4.332021699999999940e-03	1.495728800000000044e-03
7.409557143000000000e+09	-4.349292499999999999e-03	1.487091999999999971e-03
7.409559571000000000e+09	-4.330548200000000104e-03	1.504114100000000006e-03
7.409562000000000000e+09	-4.312258700000000042e-03	1.527305399999999988e-03
7.409564429000000000e+09	-4.343851000000000136e-03	1.456731200000000023e-03
7.409566857000000000e+09	-4.428645900000000024e-03	1.526083300000000012e-03
7.409569286000000000e+09	-4.379544600000000176e-03	1.634348799999999933e-03
7.409571714000000000e+09	-4.464627399999999795e-03	1.567506300000000080e-03
7.409574143000000000e+09	-4.374205400000000070e-03	1.569526199999999976e-03
7.409576571000000000e+09	-4.335751100000000136e-03	1.601662399999999927e-03
7.409579000000000000e+09	-4.362795299999999710e-03	1.556903400000000026e-03
7.409581429000000000e+09	-4.330204699999999629e-03	1.551819199999999923e-03
7.409583857000000000e+09	-4.274516400000000042e-03	1.595494299999999921e-03
7.409586286000000000e+09	-4.332539600000000039e-03	1.657779600000000055e-03
7.409588714000000000e+09	-4.303750400000000420e-03	1.526621400000000061e-03
7.409591143000000000e+09	-4.286798700000000323e-03	1.598331300000000029e-03
7.409593571000000000e+09	-4.290141100000000388e-03	1.651677199999999901e-03
7.409596000000000000e+09	-4.318613300000000328e-03	1.582024700000000039e-03
7.409598429000000000e+09	-4.329830899999999663e-03	1.660673000000000097e-03
7.409600857000000000e+09	-4.363692100000000212e-03	1.613376099999999950e-03
7.409603286000000000e+09	-4.354860200000000396e-03	1.671787699999999904e-03
7.409605714000000000e+09	-4.338380000000000188e-03	1.604258699999999921e-03
7.409608143000000000e+09	-4.323641199999999664e-03	1.607616000000000080e-03
7.409610571000000000e+09	-4.319177999999999906e-03	1.611125599999999915e-03
7.409613000000000000e+09	-4.365663500000000266e-03	1.598114299999999974e-03
7.409615429000000000e+09	-4.273227499999999839e-03	1.605731200000000067e-03
7.409617857000000000e+09	-4.317055600000000402e-03	1.648470800000000026e-03
7.409620286000000000e+09	-4.366711199999999751e-03	1.712524100000000025e-03
7.409622714000000000e+09	-4.287325300000000353e-03	1.649132100000000019e-03
7.409625143000000000e+09	-4.283085699999999649e-03	1.640450299999999997e-03
7.409627571000000000e+09	-4.344023699999999613e-03	1.696768100000000008e-03
7.409630000000000000e+09	-4.274648800000000089e-03	1.688005999999999925e-03
7.409632429000000000e+09	-4.352258799999999747e-03	1.682445799999999917e-03
7.409634857000000000e+09	-4.260647200000000287e-03	1.694691199999999974e-03
7.409637286000000000e+09	-4.283561699999999771e-03	1.703081400000000089e-03
7.409639714000000000e+09	-4.254137899999999722e-03	1.676573300000000098e-03
7.409642143000000000e+09	-4.328945899999999715e-03	1.665933000000000084e-03
7.409644571000000000e+09	-4.251473000000000405e-03	1.765469300000000082e-03
7.409647000000000000e+09	-4.288182300000000294e-03	1.725540299999999902e-03
7.409649429000000000e+09	-4.265136800000000374e-03	1.690410500000000000e-03
7.409651857000000000e+09	-4.253606699999999859e-03	1.771013899999999974e-03
7.409654286000000000e+09	-4.329225600000000118e-03	1.772302699999999927e-03
7.409656714000000000e+09	-4.271034800000000214e-03	1.735843099999999969e-03
7.409659143000000000e+09	-4.208126700000000206e-03	1.767501799999999937e-03
7.409661571000000000e+09	-4.221591999999999706e-03	1.764961900000000094e-03
7.409664000000000000e+09	-4.288514999999999688e-03	1.806295299999999965e-03
7.409666429000000000e+09	-4.268656699999999818e-03	1.795582599999999982e-03
7.409668857000000000e+09	-4.256482800000000073e-03	1.791805600000000035e-03
7.409671286000000000e+09	-4.348751599999999863e-03	1.734709600000000065e-03
7.409673714000000000e+09	-4.249372599999999729e-03	1.765351799999999912e-03
7.409676143000000000e+09	-4.287580299999999706e-03	1.794532499999999895e-03
7.409678571000000000e+09	-4.277759499999999639e-03	1.836814599999999969e-03
7.409681000000000000e+09	-4.298453399999999959e-03	1.764453200000000097e-03
7.409683429000000000e+09	-4.254945799999999834e-03	1.777214899999999924e-03
7.409685857000000000e+09	-4.205190099999999744e-03	1.738654399999999987e-03
7.409688286000000000e+09	-4.294380599999999756e-03	1.848476300000000041e-03
7.409690714000000000e+09	-4.241174200000000401e-03	1.812329099999999927e-03
7.409693143000000000e+09	-4.252424700000000113e-03	1.761264900000000105e-03
7.409695571000000000e+09	-4.241168600000000226e-03	1.835756000000000020e-03
7.409698000000000000e+09	-4.272859099999999979e-03	1.883119499999999892e-03
7.409700429000000000e+09	-4.249312600000000086e-03	1.822227500000000002e-03
7.409702857000000000e+09	-4.199052499999999730e-03	1.843441599999999904e-03
7.409705286000000000e+09	-4.155270099999999571e-03	1.850046300000000041e-03
7.409707714000000000e+09	-4.187402899999999664e-03	1.917422499999999960e-03
7.409710143000000000e+09	-4.246247300000000405e-03	1.831158800000000104e-03
7.409712571000000000e+09	-4.270059399999999797e-03	1.894686800000000082e-03
7.409715000000000000e+09	-4.206637200000000118e-03	1.906274099999999937e-03
7.409717429000000000e+09	-4.212680300000000433e-03	1.854986899999999965e-03
7.409719857000000000e+09	-4.231570599999999807e-03	1.890172700000000098e-03
7.409722286000000000e+09	-4.242499299999999939e-03	1.875465700000000010e-03
7.409724714000000000e+09	-4.236853300000000162e-03	1.892935600000000091e-03
7.409727143000000000e+09	-4.227475300000000172e-03	1.882080300000000053e-03
7.409729571000000000e+09	-4.178073499999999767e-03	1.893965500000000012e-03
7.409732000000000000e+09	-4.250025000000000157e-03	1.865444900000000046e-03
7.409734429000000000e+09	-4.245737500000000032e-03	1.898669900000000054e-03
7.409736857000000000e+09	-4.176074499999999842e-03	1.947409700000000011e-03
7.409739286000000000e+09	-4.155696199999999590e-03	1.984234899999999958e-03
7.409741714000000000e+09	-4.256754899999999620e-03	1.869614300000000014e-03
7.409744143000000000e+09	-4.198918500000000005e-03	1.947855600000000060e-03
7.409746571000000000e+09	-4.220102100000000349e-03	1.900534400000000084e-03
7.409749000000000000e+09	-4.211064199999999674e-03	1.982604700000000029e-03
7.409751429000000000e+09	-4.130320399999999961e-03	1.980632300000000068e-03
7.409753857000000000e+09	-4.195055300000000154e-03	1.940770899999999955e-03
7.409756286000000000e+09	-4.199523099999999745e-03	1.934357199999999898e-03
7.409758714000000000e+09	-4.171077599999999802e-03	2.000903799999999896e-03
7.409761143000000000e+09	-4.180928799999999827e-03	1.929507200000000079e-03
7.409763571000000000e+09	-4.198445200000000370e-03	1.906245900000000078e-03
7.409766000000000000e+09	-4.159047800000000190e-03	2.016750600000000084e-03
7.409768429000000000e+09	-4.190073899999999761e-03	1.982471100000000007e-03
7.409770857000000000e+09	-4.169612100000000092e-03	1.946308600000000097e-03
7.409773286000000000e+09	-4.181359600000000148e-03	1.935285900000000003e-03
7.409775714000000000e+09	-4.176203899999999733e-03	1.973794000000000069e-03
7.409778143000000000e+09	-4.089338900000000394e-03	1.945219200000000053e-03
7.409780571000000000e+09	-4.166941500000000131e-03	2.041890000000000198e-03
7.409783000000000000e+09	-4.156256199999999734e-03	1.952519300000000102e-03
7.409785429000000000e+09	-4.141155300000000199e-03	1.933770299999999906e-03
7.409787857000000000e+09	-4.123250200000000247e-03	1.970072399999999932e-03
7.409790286000000000e+09	-4.210473799999999572e-03	2.085515500000000196e-03
7.409792714000000000e+09	-4.103846900000000276e-03	2.039633800000000170e-03
7.409795143000000000e+09	-4.135020599999999873e-03	2.055023799999999845e-03
7.409797571000000000e+09	-4.084014599999999731e-03	2.005562299999999899e-03
7.409800000000000000e+09	-4.143644699999999952e-03	1.960213399999999849e-03
7.409802429000000000e+09	-4.141818599999999573e-03	2.077930200000000036e-03
7.409804857000000000e+09	-4.101631799999999953e-03	2.002381299999999795e-03
7.409807286000000000e+09	-4.075456899999999744e-03	1.999247500000000174e-03
7.409809714000000000e+09	-4.069107300000000295e-03	2.013412599999999785e-03
7.409812143000000000e+09	-4.143409199999999876e-03	2.065962800000000019e-03
7.409814571000000000e+09	-4.185903099999999967e-03	2.076353300000000068e-03
7.409817000000000000e+09	-4.112217300000000145e-03	2.059828000000000093e-03
7.409819429000000000e+09	-4.142172000000000388e-03	2.099925900000000189e-03
7.409821857000000000e+09	-4.129244899999999670e-03	2.114428199999999862e-03
7.409824286000000000e+09	-4.138790800000000103e-03	2.091610700000000062e-03
7.409826714000000000e+09	-4.103104599999999984e-03	2.060446799999999905e-03
7.409829143000000000e+09	-4.122984300000000213e-03	2.041722000000000155e-03
7.409831571000000000e+09	-4.023065999999999622e-03	2.086440900000000043e-03
7.409834000000000000e+09	-4.111218399999999953e-03	2.061011599999999951e-03
7.409836429000000000e+09	-4.010007999999999802e-03	2.054286800000000059e-03
7.409838857000000000e+09	-4.060393399999999951e-03	2.081111100000000106e-03
7.409841286000000000e+09	-4.088303500000000333e-03	2.103511599999999954e-03
7.409843714000000000e+09	-4.086775100000000424e-03	2.135972299999999973e-03
7.409846143000000000e+09	-4.064320100000000206e-03	2.148610400000000153e-03
7.409848571000000000e+09	-4.067260700000000298e-03	2.155317999999999817e-03
7.409851000000000000e+09	-4.092122600000000325e-03	2.154068199999999936e-03
7.409853429000000000e+09	-4.059942999999999885e-03	2.052631599999999844e-03
7.409855857000000000e+09	-4.109381100000000092e-03	2.148618000000000142e-03
7.409858286000000000e+09	-4.042978499999999760e-03	2.153041799999999908e-03
7.409860714000000000e+09	-4.030680400000000163e-03	2.192889200000000018e-03
7.409863143000000000e+09	-4.082465700000000204e-03	2.241872199999999857e-03
7.409865571000000000e+09	-3.994433099999999959e-03	2.177515000000000093e-03
7.409868000000000000e+09	-4.091860999999999589e-03	2.206531399999999993e-03
7.409870429000000000e+09	-4.105087599999999656e-03	2.188181300000000083e-03
7.409872857000000000e+09	-4.053725600000000415e-03	2.176337500000000147e-03
7.409875286000000000e+09	-4.054934900000000363e-03	2.213586500000000196e-03
7.409877714000000000e+09	-4.030938999999999876e-03	2.209219100000000147e-03
7.409880143000000000e+09	-3.996266400000000191e-03	2.204422499999999889e-03
7.409882571000000000e+09	-4.053508200000000006e-03	2.180158100000000217e-03
7.409885000000000000e+09	-4.076961199999999674e-03	2.158168900000000112e-03
7.409887429000000000e+09	-4.058135000000000041e-03	2.213980200000000009e-03
7.409889857000000000e+09	-4.047488600000000332e-03	2.187770600000000110e-03
7.409892286000000000e+09	-3.990092599999999975e-03	2.248220200000000061e-03
7.409894714000000000e+09	-3.996265700000000386e-03	2.244827599999999791e-03
7.409897143000000000e+09	-4.045178600000000173e-03	2.208259499999999913e-03
7.409899571000000000e+09	-3.975485800000000229e-03	2.244640100000000037e-03
7.409902000000000000e+09	-4.006223399999999865e-03	2.243327199999999889e-03
7.409904429000000000e+09	-4.012395099999999798e-03	2.228014799999999788e-03
7.409906857000000000e+09	-4.027225199999999797e-03	2.230225800000000015e-03
7.409909286000000000e+09	-4.003033599999999796e-03	2.143594100000000002e-03
7.409911714000000000e+09	-4.011120200000000031e-03	2.297077499999999970e-03
7.409914143000000000e+09	-4.006145499999999755e-03	2.224591499999999892e-03
7.409916571000000000e+09	-4.012916699999999857e-03	2.264473099999999954e-03
7.409919000000000000e+09	-4.011965299999999818e-03	2.232243999999999982e-03
7.409921429000000000e+09	-4.004075999999999642e-03	2.231056199999999993e-03
7.409923857000000000e+09	-3.967405999999999711e-03	2.310282900000000181e-03
7.409926286000000000e+09	-4.006553599999999708e-03	2.257641999999999809e-03
7.409928714000000000e+09	-4.033623200000000138e-03	2.255941699999999828e-03
7.409931143000000000e+09	-3.966333499999999575e-03	2.239085500000000204e-03
7.409933571000000000e+09	-4.005305500000000407e-03	2.241929399999999847e-03
7.409936000000000000e+09	-4.007323999999999609e-03	2.292646000000000180e-03
7.409938429000000000e+09	-4.014268999999999997e-03	2.400498200000000110e-03
7.409940857000000000e+09	-3.968915800000000216e-03	2.340954399999999828e-03
7.409943286000000000e+09	-3.921109199999999947e-03	2.314444499999999873e-03
7.409945714000000000e+09	-3.941246800000000085e-03	2.279514500000000016e-03
7.409948143000000000e+09	-3.940898800000000243e-03	2.320407500000000196e-03
7.409950571000000000e+09	-4.027576599999999930e-03	2.341532500000000072e-03
7.409953000000000000e+09	-3.917401499999999780e-03	2.345674199999999918e-03
7.409955429000000000e+09	-3.928826100000000314e-03	2.371549200000000208e-03
7.409957857000000000e+09	-3.908764900000000209e-03	2.334534499999999825e-03
7.409960286000000000e+09	-3.933137700000000417e-03	2.367888099999999885e-03
7.409962714000000000e+09	-3.940750199999999877e-03	2.403948300000000038e-03
7.409965143000000000e+09	-3.878166599999999936e-03	2.415672499999999955e-03
7.409967571000000000e+09	-3.929572999999999573e-03	2.349773800000000152e-03
7.409970000000000000e+09	-3.933665900000000125e-03	2.324637699999999862e-03
7.409972429000000000e+09	-3.884496700000000108e-03	2.344558499999999795e-03
7.409974857000000000e+09	-3.889000699999999901e-03	2.329210700000000200e-03
7.409977286000000000e+09	-3.876542499999999919e-03	2.368512100000000169e-03
7.409979714000000000e+09	-3.840527700000000069e-03	2.340316900000000144e-03
7.409982143000000000e+09	-3.962291199999999798e-03	2.418027100000000144e-03
7.409984571000000000e+09	-3.869590300000000111e-03	2.398269699999999987e-03
7.409987000000000000e+09	-3.914011099999999826e-03	2.386838300000000170e-03
7.409989429000000000e+09	-3.962931200000000334e-03	2.438571699999999860e-03
7.409991857000000000e+09	-3.913102199999999968e-03	2.394728699999999853e-03
7.409994286000000000e+09	-3.897176699999999831e-03	2.392662399999999964e-03
7.409996714000000000e+09	-3.925068000000000307e-03	2.375009500000000145e-03
7.409999143000000000e+09	-3.926029699999999956e-03	2.394368100000000051e-03
7.410001571000000000e+09	-3.834304599999999955e-03	2.414085399999999978e-03
7.410004000000000000e+09	-3.868274599999999876e-03	2.444210899999999919e-03
7.410006429000000000e+09	-3.906786800000000039e-03	2.478408399999999789e-03
7.410008857000000000e+09	-3.852469399999999995e-03	2.406302600000000125e-03
7.410011286000000000e+09	-3.803368100000000147e-03	2.425628699999999791e-03
7.410013714000000000e+09	-3.861859799999999877e-03	2.495010199999999831e-03
7.410016143000000000e+09	-3.892570200000000213e-03	2.427222200000000215e-03
7.410018571000000000e+09	-3.812320499999999855e-03	2.435383599999999937e-03
7.410021000000000000e+09	-3.854731499999999866e-03	2.461362099999999959e-03
7.410023429000000000e+09	-3.775984899999999898e-03	2.436946699999999969e-03
7.410025857000000000e+09	-3.837842499999999900e-03	2.517285900000000055e-03
7.410028286000000000e+09	-3.932605199999999676e-03	2.438723199999999914e-03
7.410030714000000000e+09	-3.839640499999999804e-03	2.430987099999999939e-03
7.410033143000000000e+09	-3.893075699999999986e-03	2.498205099999999904e-03
7.410035571000000000e+09	-3.788700600000000085e-03	2.488991299999999962e-03
7.410038000000000000e+09	-3.824457399999999993e-03	2.417439700000000198e-03
7.410040429000000000e+09	-3.767348599999999995e-03	2.514980300000000096e-03
7.410042857000000000e+09	-3.816523200000000119e-03	2.490802399999999996e-03
7.410045286000000000e+09	-3.819034600000000002e-03	2.527754100000000146e-03
7.410047714000000000e+09	-3.820077299999999950e-03	2.555507500000000001e-03
7.410050143000000000e+09	-3.903529700000000005e-03	2.539587199999999902e-03
7.410052571000000000e+09	-3.834151200000000120e-03	2.543885400000000206e-03
7.410055000000000000e+09	-3.779897400000000081e-03	2.451244699999999797e-03
7.410057429000000000e+09	-3.891650500000000141e-03	2.492240299999999836e-03
7.410059857000000000e+09	-3.870914400000000175e-03	2.515644899999999913e-03
7.410062286000000000e+09	-3.834593099999999890e-03	2.546942999999999863e-03
7.410064714000000000e+09	-3.824716299999999809e-03	2.513322599999999896e-03
7.410067143000000000e+09	-3.834418200000000096e-03	2.527369399999999933e-03
7.410069571000000000e+09	-3.778480900000000166e-03	2.590703000000000190e-03
7.410072000000000000e+09	-3.819905499999999912e-03	2.557243299999999945e-03
7.410074429000000000e+09	-3.804898900000000007e-03	2.545836200000000174e-03
7.410076857000000000e+09	-3.745824000000000029e-03	2.594849900000000074e-03
7.410079286000000000e+09	-3.792492299999999841e-03	2.562247399999999838e-03
7.410081714000000000e+09	-3.776633499999999897e-03	2.565659000000000082e-03
7.410084143000000000e+09	-3.733392400000000010e-03	2.538222900000000008e-03
7.410086571000000000e+09	-3.786674800000000129e-03	2.546976199999999909e-03
7.410089000000000000e+09	-3.761110900000000107e-03	2.548558900000000120e-03
7.410091429000000000e+09	-3.756954600000000054e-03	2.554075399999999971e-03
7.410093857000000000e+09	-3.799016699999999917e-03	2.619428699999999839e-03
7.410096286000000000e+09	-3.781886700000000167e-03	2.570765200000000097e-03
7.410098714000000000e+09	-3.743100300000000175e-03	2.640111899999999980e-03
7.410101143000000000e+09	-3.679877399999999937e-03	2.537806300000000192e-03
7.410103571000000000e+09	-3.747829900000000138e-03	2.579650599999999943e-03
7.410106000000000000e+09	-3.769055700000000127e-03	2.621294499999999878e-03
7.410108429000000000e+09	-3.731888300000000148e-03	2.647663399999999889e-03
7.410110857000000000e+09	-3.779362100000000120e-03	2.594357600000000031e-03
7.410113286000000000e+09	-3.765105700000000166e-03	2.611687699999999928e-03
7.410115714000000000e+09	-3.845084300000000017e-03	2.586699200000000098e-03
7.410118143000000000e+09	-3.812431800000000079e-03	2.698903700000000131e-03
7.410120571000000000e+09	-3.758622399999999794e-03	2.611734599999999875e-03
7.410123000000000000e+09	-3.766935999999999809e-03	2.584007499999999881e-03
7.410125429000000000e+09	-3.719215899999999981e-03	2.663918199999999997e-03
7.410127857000000000e+09	-3.672039499999999942e-03	2.682344000000000134e-03
7.410130286000000000e+09	-3.734282499999999963e-03	2.628890599999999817e-03
7.410132714000000000e+09	-3.738377499999999930e-03	2.715240600000000046e-03
7.410135143000000000e+09	-3.718539199999999940e-03	2.667689899999999871e-03
7.410137571000000000e+09	-3.699393699999999844e-03	2.641884599999999930e-03
7.410140000000000000e+09	-3.647729299999999831e-03	2.656901799999999980e-03
7.410142429000000000e+09	-3.756894599999999976e-03	2.686601199999999901e-03
7.410144857000000000e+09	-3.644237900000000131e-03	2.673402699999999875e-03
7.410147286000000000e+09	-3.690049800000000206e-03	2.642609299999999859e-03
7.410149714000000000e+09	-3.710047699999999976e-03	2.735156800000000145e-03
7.410152143000000000e+09	-3.660122500000000199e-03	2.667404700000000194e-03
7.410154571000000000e+09	-3.697051099999999844e-03	2.629166599999999826e-03
7.410157000000000000e+09	-3.678716299999999946e-03	2.695148100000000109e-03
7.410159429000000000e+09	-3.720113699999999957e-03	2.680188699999999820e-03
7.410161857000000000e+09	-3.676967800000000008e-03	2.718882100000000190e-03
7.410164286000000000e+09	-3.757369999999999894e-03	2.663027100000000136e-03
7.410166714000000000e+09	-3.699072400000000000e-03	2.691694599999999889e-03
7.410169143000000000e+09	-3.717355199999999946e-03	2.700177299999999888e-03
7.410171571000000000e+09	-3.669616000000000110e-03	2.736062799999999882e-03
7.410174000000000000e+09	-3.661969000000000161e-03	2.770705599999999814e-03
7.410176429000000000e+09	-3.671153099999999950e-03	2.753745399999999854e-03
7.410178857000000000e+09	-3.664165799999999883e-03	2.695225800000000151e-03
7.410181286000000000e+09	-3.606547199999999946e-03	2.753415999999999850e-03
7.410183714000000000e+09	-3.656068100000000199e-03	2.771855499999999889e-03
7.410186143000000000e+09	-3.674483399999999792e-03	2.748117000000000008e-03
7.410188571000000000e+09	-3.677189699999999783e-03	2.752592999999999793e-03
7.410191000000000000e+09	-3.642810700000000037e-03	2.750165299999999830e-03
7.410193429000000000e+09	-3.615629999999999886e-03	2.770933399999999866e-03
7.410195857000000000e+09	-3.695173799999999786e-03	2.838283200000000107e-03
7.410198286000000000e+09	-3.562979700000000211e-03	2.761700399999999882e-03
7.410200714000000000e+09	-3.617484600000000008e-03	2.734029299999999902e-03
7.410203143000000000e+09	-3.642015099999999783e-03	2.714023800000000142e-03
7.410205571000000000e+09	-3.554670199999999860e-03	2.797164500000000158e-03
7.410208000000000000e+09	-3.623263700000000070e-03	2.790538600000000164e-03
7.410210429000000000e+09	-3.607580200000000056e-03	2.786872200000000202e-03
7.410212857000000000e+09	-3.597067700000000038e-03	2.774784299999999860e-03
7.410215286000000000e+09	-3.602341800000000063e-03	2.804817499999999984e-03
7.410217714000000000e+09	-3.671789500000000126e-03	2.827404600000000146e-03
7.410220143000000000e+09	-3.626271999999999829e-03	2.798220499999999871e-03
7.410222571000000000e+09	-3.597905000000000200e-03	2.795619799999999894e-03
7.410225000000000000e+09	-3.560306300000000163e-03	2.790791600000000136e-03
7.410227429000000000e+09	-3.526899100000000040e-03	2.758005899999999878e-03
7.410229857000000000e+09	-3.609132799999999978e-03	2.856584799999999959e-03
7.410232286000000000e+09	-3.539491699999999883e-03	2.839392100000000078e-03
7.410234714000000000e+09	-3.579468900000000019e-03	2.865955500000000062e-03
7.410237143000000000e+09	-3.561411400000000140e-03	2.848546400000000114e-03
7.410239571000000000e+09	-3.626072100000000183e-03	2.771841200000000217e-03
7.410242000000000000e+09	-3.598567400000000135e-03	2.809115100000000084e-03
7.410244429000000000e+09	-3.528962000000000071e-03	2.831509800000000122e-03
7.410246857000000000e+09	-3.614525800000000216e-03	2.856153000000000164e-03
7.410249286000000000e+09	-3.540862599999999860e-03	2.893952400000000119e-03
7.410251714000000000e+09	-3.568489900000000083e-03	2.836112600000000213e-03
7.410254143000000000e+09	-3.557467899999999794e-03	2.859566400000000154e-03
7.410256571000000000e+09	-3.510585599999999865e-03	2.913758299999999902e-03
7.410259000000000000e+09	-3.544767900000000190e-03	2.872623099999999964e-03
7.410261429000000000e+09	-3.550533800000000087e-03	2.875820299999999954e-03
7.410263857000000000e+09	-3.505812699999999883e-03	2.818257199999999862e-03
7.410266286000000000e+09	-3.603542400000000080e-03	2.835537300000000056e-03
7.410268714000000000e+09	-3.527072699999999825e-03	2.873337699999999918e-03
7.410271143000000000e+09	-3.484815599999999819e-03	2.864673900000000179e-03
7.410273571000000000e+09	-3.494433400000000051e-03	2.876638200000000006e-03
7.410276000000000000e+09	-3.525599099999999955e-03	2.906804800000000084e-03
7.410278429000000000e+09	-3.564252500000000129e-03	2.875990599999999914e-03
7.410280857000000000e+09	-3.490081199999999981e-03	2.914636500000000133e-03
7.410283286000000000e+09	-3.479747799999999888e-03	2.904719200000000119e-03
7.410285714000000000e+09	-3.459175399999999800e-03	2.910195300000000072e-03
7.410288143000000000e+09	-3.445087900000000196e-03	2.900024199999999813e-03
7.410290571000000000e+09	-3.519088100000000111e-03	2.938966299999999990e-03
7.410293000000000000e+09	-3.528416899999999804e-03	2.810322000000000080e-03
7.410295429000000000e+09	-3.480489600000000010e-03	2.909000699999999932e-03
7.410297857000000000e+09	-3.452921199999999923e-03	3.006138299999999881e-03
7.410300286000000000e+09	-3.458498700000000193e-03	2.896934099999999915e-03
7.410302714000000000e+09	-3.449025499999999831e-03	2.939175500000000205e-03
7.410305143000000000e+09	-3.464141699999999813e-03	2.930288200000000145e-03
7.410307571000000000e+09	-3.412653700000000106e-03	2.926179200000000175e-03
7.410310000000000000e+09	-3.458440899999999998e-03	3.013386099999999877e-03
7.410312429000000000e+09	-3.471708999999999906e-03	2.981127100000000116e-03
7.410314857000000000e+09	-3.485675499999999882e-03	2.890198799999999912e-03
7.410317286000000000e+09	-3.373384699999999910e-03	2.943148899999999905e-03
7.410319714000000000e+09	-3.432469300000000161e-03	2.922320899999999826e-03
7.410322143000000000e+09	-3.475220499999999955e-03	3.028404100000000199e-03
7.410324571000000000e+09	-3.386525100000000073e-03	2.963659799999999837e-03
7.410327000000000000e+09	-3.424749800000000208e-03	3.016996100000000122e-03
7.410329429000000000e+09	-3.388261899999999924e-03	2.950889300000000045e-03
7.410331857000000000e+09	-3.354722899999999959e-03	2.979062700000000008e-03
7.410334286000000000e+09	-3.389984700000000205e-03	3.070590399999999914e-03
7.410336714000000000e+09	-3.318140900000000112e-03	3.047726599999999939e-03
7.410339143000000000e+09	-3.478500800000000094e-03	3.015013899999999854e-03
7.410341571000000000e+09	-3.397900900000000012e-03	3.060604499999999926e-03
7.410344000000000000e+09	-3.400985200000000101e-03	3.026771799999999988e-03
7.410346429000000000e+09	-3.428976399999999949e-03	3.003460700000000136e-03
7.410348857000000000e+09	-3.433709300000000169e-03	3.010960799999999864e-03
7.410351286000000000e+09	-3.447188400000000038e-03	2.978374599999999983e-03
7.410353714000000000e+09	-3.361492000000000212e-03	2.967668900000000002e-03
7.410356143000000000e+09	-3.299977099999999979e-03	3.065552000000000034e-03
7.410358571000000000e+09	-3.338374099999999890e-03	2.987704900000000188e-03
7.410361000000000000e+09	-3.391897899999999928e-03	3.017865099999999818e-03
7.410363429000000000e+09	-3.391381299999999838e-03	3.011805299999999880e-03
7.410365857000000000e+09	-3.345179700000000013e-03	3.019928900000000156e-03
7.410368286000000000e+09	-3.379174100000000014e-03	2.987160300000000091e-03
7.410370714000000000e+09	-3.374387200000000028e-03	3.071145200000000020e-03
7.410373143000000000e+09	-3.375903100000000011e-03	3.054455499999999928e-03
7.410375571000000000e+09	-3.372224899999999928e-03	3.035949799999999865e-03
7.410378000000000000e+09	-3.354885000000000159e-03	3.081841100000000128e-03
7.410380429000000000e+09	-3.281967299999999886e-03	3.115296599999999808e-03
7.410382857000000000e+09	-3.351545999999999952e-03	3.080407800000000123e-03
7.410385286000000000e+09	-3.333789800000000036e-03	3.124619199999999989e-03
7.410387714000000000e+09	-3.242243000000000121e-03	3.134645900000000013e-03
7.410390143000000000e+09	-3.334217699999999802e-03	3.084833600000000137e-03
7.410392571000000000e+09	-3.297102100000000140e-03	3.072782599999999802e-03
7.410395000000000000e+09	-3.302609099999999787e-03	3.071041599999999819e-03
7.410397429000000000e+09	-3.270325900000000015e-03	3.099119999999999913e-03
7.410399857000000000e+09	-3.282816400000000169e-03	3.006064799999999971e-03
7.410402286000000000e+09	-3.326623999999999814e-03	3.074386000000000133e-03
7.410404714000000000e+09	-3.338816000000000093e-03	3.108120600000000011e-03
7.410407143000000000e+09	-3.275998500000000188e-03	3.130779000000000201e-03
7.410409571000000000e+09	-3.321033100000000179e-03	3.101049499999999990e-03
7.410412000000000000e+09	-3.241839299999999934e-03	3.063590499999999887e-03
7.410414429000000000e+09	-3.282755899999999921e-03	3.146209200000000140e-03
7.410416857000000000e+09	-3.255912200000000197e-03	3.079480999999999798e-03
7.410419286000000000e+09	-3.255642300000000100e-03	3.154645199999999827e-03
7.410421714000000000e+09	-3.304782500000000203e-03	3.084937099999999870e-03
7.410424143000000000e+09	-3.285362400000000141e-03	3.143377299999999819e-03
7.410426571000000000e+09	-3.247169700000000075e-03	3.112302799999999790e-03
7.410429000000000000e+09	-3.271387000000000166e-03	3.153854499999999943e-03
7.410431429000000000e+09	-3.194704400000000170e-03	3.144462800000000051e-03
7.410433857000000000e+09	-3.218408600000000064e-03	3.207207799999999952e-03
7.410436286000000000e+09	-3.224309500000000026e-03	3.097821599999999939e-03
7.410438714000000000e+09	-3.231810299999999993e-03	3.176771300000000211e-03
7.410441143000000000e+09	-3.230976500000000157e-03	3.111473100000000051e-03
7.410443571000000000e+09	-3.222608100000000104e-03	3.184512799999999859e-03
7.410446000000000000e+09	-3.237063599999999864e-03	3.157698100000000049e-03
7.410448429000000000e+09	-3.247675599999999985e-03	3.184178100000000216e-03
7.410450857000000000e+09	-3.231697300000000057e-03	3.120400299999999839e-03
7.410453286000000000e+09	-3.233280700000000073e-03	3.123724400000000168e-03
7.410455714000000000e+09	-3.278123400000000111e-03	3.209526900000000179e-03
7.410458143000000000e+09	-3.196890400000000111e-03	3.124545900000000147e-03
7.410460571000000000e+09	-3.203895100000000041e-03	3.089171700000000170e-03
7.410463000000000000e+09	-3.241182500000000175e-03	3.245565100000000203e-03
7.410465429000000000e+09	-3.199563800000000159e-03	3.197133500000000177e-03
7.410467857000000000e+09	-3.207714700000000203e-03	3.225248200000000072e-03
7.410470286000000000e+09	-3.241189800000000062e-03	3.199671700000000091e-03
7.410472714000000000e+09	-3.182894600000000119e-03	3.225190000000000175e-03
7.410475143000000000e+09	-3.217228600000000133e-03	3.160213900000000131e-03
7.410477571000000000e+09	-3.213022299999999942e-03	3.230197199999999824e-03
7.410480000000000000e+09	-3.227135800000000172e-03	3.189439799999999915e-03
7.410482429000000000e+09	-3.198031200000000119e-03	3.252152900000000214e-03
7.410484857000000000e+09	-3.117388599999999788e-03	3.220242199999999964e-03
7.410487286000000000e+09	-3.205458000000000005e-03	3.192919700000000031e-03
7.410489714000000000e+09	-3.171547099999999855e-03	3.214058899999999979e-03
7.410492143000000000e+09	-3.151100300000000097e-03	3.279886200000000154e-03
7.410494571000000000e+09	-3.132857299999999845e-03	3.277281700000000183e-03
7.410497000000000000e+09	-3.199545099999999854e-03	3.156000999999999859e-03
7.410499429000000000e+09	-3.167411599999999956e-03	3.242693899999999924e-03
7.410501857000000000e+09	-3.156531399999999883e-03	3.210330700000000193e-03
7.410504286000000000e+09	-3.123953000000000060e-03	3.206582400000000058e-03
7.410506714000000000e+09	-3.123096599999999889e-03	3.270453899999999862e-03
7.410509143000000000e+09	-3.133685299999999872e-03	3.239754699999999876e-03
7.410511571000000000e+09	-3.154583099999999900e-03	3.216142300000000061e-03
7.410514000000000000e+09	-3.092858300000000081e-03	3.241238699999999823e-03
7.410516429000000000e+09	-3.062620800000000112e-03	3.304122799999999888e-03
7.410518857000000000e+09	-3.140700800000000015e-03	3.307295100000000061e-03
7.410521286000000000e+09	-3.119834599999999920e-03	3.226335600000000085e-03
7.410523714000000000e+09	-3.089862699999999882e-03	3.229855199999999860e-03
7.410526143000000000e+09	-3.072268799999999800e-03	3.285592300000000042e-03
7.410528571000000000e+09	-3.065769700000000111e-03	3.292330400000000133e-03
7.410531000000000000e+09	-3.126685200000000209e-03	3.226480199999999954e-03
7.410533429000000000e+09	-3.056597800000000146e-03	3.252906399999999990e-03
7.410535857000000000e+09	-3.084490699999999867e-03	3.280077699999999971e-03
7.410538286000000000e+09	-3.095775500000000000e-03	3.257922300000000004e-03
7.410540714000000000e+09	-3.052275100000000161e-03	3.251070400000000138e-03
7.410543143000000000e+09	-3.007076100000000054e-03	3.225952800000000086e-03
7.410545571000000000e+09	-3.068755500000000004e-03	3.271164000000000016e-03
7.410548000000000000e+09	-3.035414800000000007e-03	3.320970500000000082e-03
7.410550429000000000e+09	-3.109820299999999788e-03	3.345838800000000123e-03
7.410552857000000000e+09	-3.048114499999999942e-03	3.369033999999999918e-03
7.410555286000000000e+09	-3.059905600000000121e-03	3.302242800000000211e-03
7.410557714000000000e+09	-3.079687599999999994e-03	3.298047100000000165e-03
7.410560143000000000e+09	-3.054514400000000064e-03	3.326364200000000125e-03
7.410562571000000000e+09	-3.057198399999999823e-03	3.307518499999999913e-03
7.410565000000000000e+09	-3.093864899999999862e-03	3.389889499999999833e-03
7.410567429000000000e+09	-3.007779300000000024e-03	3.338664600000000073e-03
7.410569857000000000e+09	-3.040337199999999795e-03	3.360794399999999984e-03
7.410572286000000000e+09	-2.997655399999999814e-03	3.377102999999999789e-03
7.410574714000000000e+09	-3.039034700000000158e-03	3.336316700000000000e-03
7.410577143000000000e+09	-2.976914199999999844e-03	3.294039500000000079e-03
7.410579571000000000e+09	-3.016696699999999939e-03	3.272524299999999848e-03
7.410582000000000000e+09	-2.962148099999999985e-03	3.318503200000000059e-03
7.410584429000000000e+09	-3.028659899999999825e-03	3.348520700000000034e-03
7.410586857000000000e+09	-3.015640400000000124e-03	3.399157500000000044e-03
7.410589286000000000e+09	-2.964683400000000212e-03	3.389412899999999940e-03
7.410591714000000000e+09	-2.996897100000000137e-03	3.309867900000000064e-03
7.410594143000000000e+09	-2.990001200000000012e-03	3.390417399999999873e-03
7.410596571000000000e+09	-3.019391199999999810e-03	3.368625699999999897e-03
7.410599000000000000e+09	-3.007581699999999861e-03	3.357058899999999877e-03
7.410601429000000000e+09	-2.966395200000000211e-03	3.409960699999999879e-03
7.410603857000000000e+09	-2.988621300000000001e-03	3.423104199999999799e-03
7.410606286000000000e+09	-3.013992100000000094e-03	3.413064899999999815e-03
7.410608714000000000e+09	-2.965037299999999897e-03	3.355052800000000134e-03
7.410611143000000000e+09	-3.036582400000000046e-03	3.324174499999999789e-03
7.410613571000000000e+09	-2.980065899999999931e-03	3.381094900000000160e-03
7.410616000000000000e+09	-2.994826400000000048e-03	3.333083799999999979e-03
7.410618429000000000e+09	-2.932834899999999922e-03	3.368172500000000177e-03
7.410620857000000000e+09	-2.922993000000000032e-03	3.341068500000000160e-03
7.410623286000000000e+09	-2.898862600000000084e-03	3.383788200000000055e-03
7.410625714000000000e+09	-2.890631500000000013e-03	3.386942699999999796e-03
7.410628143000000000e+09	-2.978713000000000020e-03	3.394558099999999811e-03
7.410630571000000000e+09	-2.940989699999999995e-03	3.393375000000000124e-03
7.410633000000000000e+09	-2.909709999999999814e-03	3.379482000000000059e-03
7.410635429000000000e+09	-2.886510799999999956e-03	3.361411300000000015e-03
7.410637857000000000e+09	-2.908905299999999926e-03	3.403892500000000113e-03
7.410640286000000000e+09	-2.936895200000000199e-03	3.482469900000000063e-03
7.410642714000000000e+09	-2.945709300000000017e-03	3.422399699999999819e-03
7.410645143000000000e+09	-2.912145300000000200e-03	3.448992699999999922e-03
7.410647571000000000e+09	-2.918031299999999852e-03	3.474690900000000204e-03
7.410650000000000000e+09	-2.852388899999999845e-03	3.485074099999999932e-03
7.410652429000000000e+09	-2.930883699999999818e-03	3.388112799999999820e-03
7.410654857000000000e+09	-2.917963699999999785e-03	3.467668200000000207e-03
7.410657286000000000e+09	-2.760311000000000101e-03	3.427106799999999915e-03
7.410659714000000000e+09	-2.870550600000000129e-03	3.451095099999999978e-03
7.410662143000000000e+09	-2.810879300000000171e-03	3.445070800000000003e-03
7.410664571000000000e+09	-2.847088700000000028e-03	3.428193600000000157e-03
7.410667000000000000e+09	-2.832499200000000109e-03	3.501618100000000212e-03
7.410669429000000000e+09	-2.824455999999999928e-03	3.392721400000000154e-03
7.410671857000000000e+09	-2.806906400000000208e-03	3.378751399999999853e-03
7.410674286000000000e+09	-2.860629200000000018e-03	3.471836900000000153e-03
7.410676714000000000e+09	-2.873652400000000114e-03	3.433847700000000093e-03
7.410679143000000000e+09	-2.925048999999999878e-03	3.490872300000000001e-03
7.410681571000000000e+09	-2.863083199999999842e-03	3.488680200000000148e-03
7.410684000000000000e+09	-2.838042099999999856e-03	3.505271900000000215e-03
7.410686429000000000e+09	-2.814816300000000035e-03	3.475534199999999810e-03
7.410688857000000000e+09	-2.774871999999999842e-03	3.434569399999999866e-03
7.410691286000000000e+09	-2.783689000000000215e-03	3.507542599999999983e-03
7.410693714000000000e+09	-2.861546300000000070e-03	3.530299000000000197e-03
7.410696143000000000e+09	-2.809386399999999791e-03	3.486306299999999882e-03
7.410698571000000000e+09	-2.728197600000000118e-03	3.464821700000000112e-03
7.410701000000000000e+09	-2.796226100000000214e-03	3.522889300000000071e-03
7.410703429000000000e+09	-2.791906700000000054e-03	3.501706600000000034e-03
7.410705857000000000e+09	-2.731507599999999977e-03	3.480696100000000171e-03
7.410708286000000000e+09	-2.798442600000000148e-03	3.524416800000000106e-03
7.410710714000000000e+09	-2.835020800000000001e-03	3.505579799999999826e-03
7.410713143000000000e+09	-2.769560900000000211e-03	3.492919000000000145e-03
7.410715571000000000e+09	-2.802942200000000175e-03	3.474475099999999907e-03
7.410718000000000000e+09	-2.771890200000000012e-03	3.516949100000000151e-03
7.410720429000000000e+09	-2.780739400000000090e-03	3.532393200000000059e-03
7.410722857000000000e+09	-2.721004700000000196e-03	3.526197799999999851e-03
7.410725286000000000e+09	-2.729623200000000100e-03	3.489151199999999866e-03
7.410727714000000000e+09	-2.791610199999999993e-03	3.529980299999999939e-03
7.410730143000000000e+09	-2.757658300000000173e-03	3.496509300000000178e-03
7.410732571000000000e+09	-2.749788899999999845e-03	3.493314200000000036e-03
7.410735000000000000e+09	-2.782758499999999930e-03	3.496800500000000166e-03
7.410737429000000000e+09	-2.773289899999999836e-03	3.642882499999999801e-03
7.410739857000000000e+09	-2.679339000000000200e-03	3.552131699999999843e-03
7.410742286000000000e+09	-2.641048500000000177e-03	3.563908499999999917e-03
7.410744714000000000e+09	-2.704923599999999907e-03	3.521067299999999789e-03
7.410747143000000000e+09	-2.728254700000000074e-03	3.564357599999999973e-03
7.410749571000000000e+09	-2.693121499999999880e-03	3.569287200000000049e-03
7.410752000000000000e+09	-2.705634499999999901e-03	3.584998399999999967e-03
7.410754429000000000e+09	-2.704158800000000182e-03	3.550526400000000166e-03
7.410756857000000000e+09	-2.715661199999999924e-03	3.571593400000000213e-03
7.410759286000000000e+09	-2.652242400000000104e-03	3.543026800000000174e-03
7.410761714000000000e+09	-2.771419399999999929e-03	3.548708600000000015e-03
7.410764143000000000e+09	-2.739235999999999928e-03	3.616397199999999996e-03
7.410766571000000000e+09	-2.699638299999999966e-03	3.519955500000000129e-03
7.410769000000000000e+09	-2.678968500000000058e-03	3.586546099999999952e-03
7.410771429000000000e+09	-2.668583899999999853e-03	3.561254600000000013e-03
7.410773857000000000e+09	-2.576869399999999997e-03	3.632937799999999984e-03
7.410776286000000000e+09	-2.647758400000000192e-03	3.577328500000000015e-03
7.410778714000000000e+09	-2.724779000000000090e-03	3.595923200000000070e-03
7.410781143000000000e+09	-2.654669599999999897e-03	3.608661899999999860e-03
7.410783571000000000e+09	-2.667692599999999924e-03	3.590732399999999828e-03
7.410786000000000000e+09	-2.584322699999999813e-03	3.587450199999999909e-03
7.410788429000000000e+09	-2.662808799999999854e-03	3.686867500000000093e-03
7.410790857000000000e+09	-2.631182599999999910e-03	3.614763200000000072e-03
7.410793286000000000e+09	-2.619045600000000171e-03	3.540221699999999885e-03
7.410795714000000000e+09	-2.694058400000000179e-03	3.591541900000000051e-03
7.410798143000000000e+09	-2.611521700000000133e-03	3.615115999999999816e-03
7.410800571000000000e+09	-2.619480100000000020e-03	3.595699200000000012e-03
7.410803000000000000e+09	-2.720526400000000157e-03	3.575887299999999918e-03
7.410805429000000000e+09	-2.599647599999999840e-03	3.606644500000000166e-03
7.410807857000000000e+09	-2.562738100000000203e-03	3.545990000000000166e-03
7.410810286000000000e+09	-2.596808999999999836e-03	3.646294500000000181e-03
7.410812714000000000e+09	-2.618695900000000184e-03	3.642225499999999973e-03
7.410815143000000000e+09	-2.512534299999999964e-03	3.637191000000000122e-03
7.410817571000000000e+09	-2.598746600000000073e-03	3.651216000000000097e-03
7.410820000000000000e+09	-2.608486699999999943e-03	3.673179999999999848e-03
7.410822429000000000e+09	-2.556226799999999823e-03	3.659779000000000157e-03
7.410824857000000000e+09	-2.616855500000000133e-03	3.728761499999999878e-03
7.410827286000000000e+09	-2.579530799999999856e-03	3.658594199999999890e-03
7.410829714000000000e+09	-2.598539100000000004e-03	3.637485900000000071e-03
7.410832143000000000e+09	-2.553140000000000184e-03	3.590226599999999952e-03
7.410834571000000000e+09	-2.601326000000000159e-03	3.696961099999999945e-03
7.410837000000000000e+09	-2.592902399999999930e-03	3.583648100000000076e-03
7.410839429000000000e+09	-2.558059399999999817e-03	3.619712900000000063e-03
7.410841857000000000e+09	-2.622641900000000081e-03	3.644087099999999881e-03
7.410844286000000000e+09	-2.560194300000000114e-03	3.589462800000000134e-03
7.410846714000000000e+09	-2.467011399999999993e-03	3.636834700000000052e-03
7.410849143000000000e+09	-2.496627099999999995e-03	3.658938799999999873e-03
7.410851571000000000e+09	-2.526921499999999852e-03	3.735792600000000137e-03
7.410854000000000000e+09	-2.517202400000000204e-03	3.646676499999999908e-03
7.410856429000000000e+09	-2.556691700000000064e-03	3.711217699999999967e-03
7.410858857000000000e+09	-2.506613100000000018e-03	3.682832899999999906e-03
7.410861286000000000e+09	-2.540601700000000209e-03	3.701771100000000002e-03
7.410863714000000000e+09	-2.483645699999999842e-03	3.661800399999999914e-03
7.410866143000000000e+09	-2.556990800000000143e-03	3.708898999999999876e-03
7.410868571000000000e+09	-2.532905800000000065e-03	3.710065199999999872e-03
7.410871000000000000e+09	-2.442551800000000110e-03	3.712912499999999807e-03
7.410873429000000000e+09	-2.525508399999999796e-03	3.718958400000000209e-03
7.410875857000000000e+09	-2.566771800000000082e-03	3.681978800000000086e-03
7.410878286000000000e+09	-2.540544200000000117e-03	3.699707600000000200e-03
7.410880714000000000e+09	-2.487643999999999793e-03	3.695809500000000157e-03
7.410883143000000000e+09	-2.391395000000000153e-03	3.733184400000000205e-03
7.410885571000000000e+09	-2.386134299999999927e-03	3.632310499999999876e-03
7.410888000000000000e+09	-2.546862999999999905e-03	3.689824799999999808e-03
7.410890429000000000e+09	-2.457070999999999908e-03	3.711085600000000023e-03
7.410892857000000000e+09	-2.449106600000000144e-03	3.790911300000000209e-03
7.410895286000000000e+09	-2.507573999999999827e-03	3.687664099999999820e-03
7.410897714000000000e+09	-2.393606200000000014e-03	3.721553299999999943e-03
7.410900143000000000e+09	-2.456675699999999983e-03	3.754864399999999821e-03
7.410902571000000000e+09	-2.459977099999999944e-03	3.774736800000000163e-03
7.410905000000000000e+09	-2.443311000000000094e-03	3.716052999999999978e-03
7.410907429000000000e+09	-2.379805000000000028e-03	3.737568799999999979e-03
7.410909857000000000e+09	-2.443298400000000134e-03	3.786330899999999951e-03
7.410912286000000000e+09	-2.399781399999999839e-03	3.792648599999999797e-03
7.410914714000000000e+09	-2.389450200000000062e-03	3.755891899999999790e-03
7.410917143000000000e+09	-2.413445900000000047e-03	3.650886099999999922e-03
7.410919571000000000e+09	-2.464522199999999875e-03	3.721812399999999826e-03
7.410922000000000000e+09	-2.462648200000000075e-03	3.681150599999999991e-03
7.410924429000000000e+09	-2.435882700000000130e-03	3.742654599999999977e-03
7.410926857000000000e+09	-2.342411200000000041e-03	3.767181999999999996e-03
7.410929286000000000e+09	-2.366451800000000157e-03	3.725750500000000066e-03
7.410931714000000000e+09	-2.356589400000000216e-03	3.757521900000000085e-03
7.410934143000000000e+09	-2.404854000000000106e-03	3.780946600000000078e-03
7.410936571000000000e+09	-2.410810499999999947e-03	3.785120199999999959e-03
7.410939000000000000e+09	-2.316816499999999925e-03	3.785225599999999906e-03
7.410941429000000000e+09	-2.341929999999999880e-03	3.791806200000000064e-03
7.410943857000000000e+09	-2.402316299999999929e-03	3.763612300000000049e-03
7.410946286000000000e+09	-2.357247399999999951e-03	3.757320699999999996e-03
7.410948714000000000e+09	-2.393399000000000047e-03	3.820044600000000075e-03
7.410951143000000000e+09	-2.336837100000000063e-03	3.832756200000000165e-03
7.410953571000000000e+09	-2.329524899999999791e-03	3.761644399999999888e-03
7.410956000000000000e+09	-2.350622699999999933e-03	3.809080299999999947e-03
7.410958429000000000e+09	-2.328473299999999843e-03	3.723653899999999819e-03
7.410960857000000000e+09	-2.361192199999999873e-03	3.790099300000000001e-03
7.410963286000000000e+09	-2.331306899999999876e-03	3.800485599999999919e-03
7.410965714000000000e+09	-2.250636600000000074e-03	3.819637800000000132e-03
7.410968143000000000e+09	-2.367118000000000087e-03	3.785039699999999830e-03
7.410970571000000000e+09	-2.280743100000000041e-03	3.804291899999999883e-03
7.410973000000000000e+09	-2.298186900000000112e-03	3.787450500000000102e-03
7.410975429000000000e+09	-2.287824800000000207e-03	3.812015700000000000e-03
7.410977857000000000e+09	-2.310773099999999941e-03	3.796655199999999977e-03
7.410980286000000000e+09	-2.296526299999999791e-03	3.825027200000000009e-03
7.410982714000000000e+09	-2.327505799999999951e-03	3.810609500000000129e-03
7.410985143000000000e+09	-2.309339799999999936e-03	3.756867499999999842e-03
7.410987571000000000e+09	-2.273079600000000103e-03	3.794314000000000020e-03
7.410990000000000000e+09	-2.294918899999999831e-03	3.836823100000000090e-03
7.410992429000000000e+09	-2.230942899999999954e-03	3.768674499999999806e-03
7.410994857000000000e+09	-2.247488299999999845e-03	3.846741900000000183e-03
7.410997286000000000e+09	-2.238998800000000129e-03	3.819142499999999933e-03
7.410999714000000000e+09	-2.296998699999999987e-03	3.812984100000000199e-03
7.411002143000000000e+09	-2.311814299999999812e-03	3.797632400000000141e-03
7.411004571000000000e+09	-2.253666599999999860e-03	3.865434100000000091e-03
7.411007000000000000e+09	-2.243404999999999965e-03	3.843165700000000188e-03
7.411009429000000000e+09	-2.217786800000000075e-03	3.894960099999999863e-03
7.411011857000000000e+09	-2.255788199999999959e-03	3.871289400000000117e-03
7.411014286000000000e+09	-2.178466999999999903e-03	3.877908700000000028e-03
7.411016714000000000e+09	-2.216573400000000030e-03	3.816286199999999965e-03
7.411019143000000000e+09	-2.251436299999999991e-03	3.748986399999999861e-03
7.411021571000000000e+09	-2.226654499999999957e-03	3.828833399999999939e-03
7.411024000000000000e+09	-2.245262100000000073e-03	3.828582799999999918e-03
7.411026429000000000e+09	-2.218816299999999860e-03	3.855987999999999864e-03
7.411028857000000000e+09	-2.185699900000000022e-03	3.861647299999999838e-03
7.411031286000000000e+09	-2.166645300000000132e-03	3.876263200000000086e-03
7.411033714000000000e+09	-2.237660399999999959e-03	3.865738899999999947e-03
7.411036143000000000e+09	-2.186206100000000034e-03	3.780495300000000138e-03
7.411038571000000000e+09	-2.182282399999999935e-03	3.900832700000000149e-03
7.411041000000000000e+09	-2.215830600000000001e-03	3.888174800000000157e-03
7.411043429000000000e+09	-2.159074500000000146e-03	3.868708399999999919e-03
7.411045857000000000e+09	-2.221714699999999872e-03	3.852193399999999986e-03
7.411048286000000000e+09	-2.331852900000000017e-03	3.924711600000000203e-03
7.411050714000000000e+09	-2.141664799999999994e-03	3.905576999999999920e-03
7.411053143000000000e+09	-2.142466600000000193e-03	3.989201700000000184e-03
7.411055571000000000e+09	-2.092604000000000079e-03	3.881707099999999900e-03
7.411058000000000000e+09	-2.168111099999999944e-03	3.811635199999999918e-03
7.411060429000000000e+09	-2.130999299999999843e-03	3.944106900000000047e-03
7.411062857000000000e+09	-2.070874700000000131e-03	3.881354100000000088e-03
7.411065286000000000e+09	-2.103010499999999946e-03	3.930073099999999674e-03
7.411067714000000000e+09	-2.135338400000000216e-03	3.890020300000000212e-03
7.411070143000000000e+09	-2.089030600000000171e-03	3.948199799999999732e-03
7.411072571000000000e+09	-2.072240500000000103e-03	3.880595299999999807e-03
7.411075000000000000e+09	-2.103339899999999950e-03	3.893884299999999903e-03
7.411077429000000000e+09	-2.099124500000000126e-03	3.898721999999999865e-03
7.411079857000000000e+09	-2.065242399999999822e-03	3.890756799999999828e-03
7.411082286000000000e+09	-2.128212300000000088e-03	3.939084399999999951e-03
7.411084714000000000e+09	-2.159776700000000209e-03	3.974098899999999567e-03
7.411087143000000000e+09	-2.066348300000000072e-03	3.883541900000000210e-03
7.411089571000000000e+09	-2.093769499999999836e-03	3.998982400000000020e-03
7.411092000000000000e+09	-2.083677899999999798e-03	3.852345899999999948e-03
7.411094429000000000e+09	-2.126908199999999905e-03	3.949002200000000136e-03
7.411096857000000000e+09	-2.109552000000000215e-03	3.926461299999999682e-03
7.411099286000000000e+09	-2.071958500000000217e-03	3.967817099999999819e-03
7.411101714000000000e+09	-2.033506999999999936e-03	3.928174199999999623e-03
7.411104143000000000e+09	-2.028474800000000001e-03	3.922834299999999712e-03
7.411106571000000000e+09	-2.096084900000000101e-03	3.934545900000000103e-03
7.411109000000000000e+09	-2.136298599999999787e-03	4.014945199999999867e-03
7.411111429000000000e+09	-2.072810300000000119e-03	3.964266099999999744e-03
7.411113857000000000e+09	-2.028907099999999967e-03	3.926855299999999598e-03
7.411116286000000000e+09	-2.043049900000000214e-03	3.982348099999999738e-03
7.411118714000000000e+09	-2.019244199999999968e-03	3.914088500000000199e-03
7.411121143000000000e+09	-2.028134100000000047e-03	3.943709499999999840e-03
7.411123571000000000e+09	-1.999987999999999853e-03	3.939696599999999681e-03
7.411126000000000000e+09	-1.972727799999999913e-03	3.919832899999999704e-03
7.411128429000000000e+09	-2.050274600000000138e-03	3.999896799999999586e-03
7.411130857000000000e+09	-1.943632999999999949e-03	3.948916900000000105e-03
7.411133286000000000e+09	-1.993785399999999791e-03	3.914731099999999887e-03
7.411135714000000000e+09	-1.976343299999999865e-03	3.948552600000000343e-03
7.411138143000000000e+09	-2.064988700000000045e-03	3.967219099999999728e-03
7.411140571000000000e+09	-1.988509399999999986e-03	3.926098799999999667e-03
7.411143000000000000e+09	-1.922764499999999937e-03	3.979159700000000147e-03
7.411145429000000000e+09	-1.990320299999999952e-03	3.994471900000000179e-03
7.411147857000000000e+09	-1.969716099999999862e-03	3.986249800000000142e-03
7.411150286000000000e+09	-1.917910299999999986e-03	3.902180400000000021e-03
7.411152714000000000e+09	-1.987594599999999850e-03	4.005485999999999942e-03
7.411155143000000000e+09	-1.911286899999999978e-03	4.051794899999999928e-03
7.411157571000000000e+09	-1.955536600000000111e-03	3.943521200000000247e-03
7.411160000000000000e+09	-1.993676900000000089e-03	4.064490799999999869e-03
7.411162429000000000e+09	-1.918347699999999956e-03	3.964942600000000150e-03
7.411164857000000000e+09	-1.914908099999999922e-03	3.912383200000000248e-03
7.411167286000000000e+09	-1.945957600000000100e-03	3.967279599999999976e-03
7.411169714000000000e+09	-1.976535399999999887e-03	4.022233200000000126e-03
7.411172143000000000e+09	-1.900120599999999922e-03	4.082240499999999737e-03
7.411174571000000000e+09	-1.920725299999999965e-03	4.021009899999999741e-03
7.411177000000000000e+09	-1.868543399999999990e-03	4.056033399999999824e-03
7.411179429000000000e+09	-1.935154199999999979e-03	4.057529600000000028e-03
7.411181857000000000e+09	-1.932105599999999921e-03	3.998408400000000307e-03
7.411184286000000000e+09	-1.883525600000000031e-03	4.040906700000000164e-03
7.411186714000000000e+09	-1.858010499999999954e-03	4.008708399999999852e-03
7.411189143000000000e+09	-1.821997600000000101e-03	4.001330099999999591e-03
7.411191571000000000e+09	-1.893189700000000005e-03	4.023228099999999821e-03
7.411194000000000000e+09	-1.858705999999999900e-03	4.040264800000000281e-03
7.411196429000000000e+09	-1.833410900000000034e-03	3.977456699999999679e-03
7.411198857000000000e+09	-1.854144199999999913e-03	4.016703800000000213e-03
7.411201286000000000e+09	-1.888779799999999991e-03	4.055140199999999681e-03
7.411203714000000000e+09	-1.863896799999999925e-03	4.002519099999999989e-03
7.411206143000000000e+09	-1.878210699999999971e-03	4.027570200000000350e-03
7.411208571000000000e+09	-1.852425100000000026e-03	4.036101000000000272e-03
7.411211000000000000e+09	-1.836309300000000047e-03	4.108397700000000416e-03
7.411213429000000000e+09	-1.772921399999999922e-03	4.042156699999999679e-03
7.411215857000000000e+09	-1.834107900000000058e-03	3.973409600000000000e-03
7.411218286000000000e+09	-1.807421399999999947e-03	4.052199099999999853e-03
7.411220714000000000e+09	-1.799533000000000079e-03	4.006220100000000041e-03
7.411223143000000000e+09	-1.784657499999999994e-03	3.971561499999999925e-03
7.411225571000000000e+09	-1.867199200000000010e-03	4.113186999999999920e-03
7.411228000000000000e+09	-1.826609899999999962e-03	4.081798900000000070e-03
7.411230429000000000e+09	-1.817826600000000022e-03	4.007356600000000317e-03
7.411232857000000000e+09	-1.804897699999999990e-03	4.053975799999999866e-03
7.411235286000000000e+09	-1.842232899999999944e-03	4.049660099999999666e-03
7.411237714000000000e+09	-1.797249500000000066e-03	4.079126800000000032e-03
7.411240143000000000e+09	-1.741299900000000062e-03	4.009765799999999610e-03
7.411242571000000000e+09	-1.762713200000000022e-03	4.009578599999999958e-03
7.411245000000000000e+09	-1.725362800000000089e-03	4.058128999999999729e-03
7.411247429000000000e+09	-1.799921099999999934e-03	4.033887100000000357e-03
7.411249857000000000e+09	-1.752021199999999942e-03	4.113429099999999644e-03
7.411252286000000000e+09	-1.768375900000000072e-03	4.011888100000000380e-03
7.411254714000000000e+09	-1.763180700000000064e-03	4.038450499999999589e-03
7.411257143000000000e+09	-1.708015499999999964e-03	4.093610200000000199e-03
7.411259571000000000e+09	-1.771712900000000030e-03	4.150585499999999775e-03
7.411262000000000000e+09	-1.716250600000000098e-03	3.997696999999999709e-03
7.411264429000000000e+09	-1.749750100000000037e-03	4.046833100000000148e-03
7.411266857000000000e+09	-1.807325899999999907e-03	4.071712600000000105e-03
7.411269286000000000e+09	-1.689672199999999987e-03	4.118989499999999720e-03
7.411271714000000000e+09	-1.743275899999999949e-03	4.090491899999999792e-03
7.411274143000000000e+09	-1.664761799999999901e-03	4.021185600000000242e-03
7.411276571000000000e+09	-1.700158800000000064e-03	4.139572499999999954e-03
7.411279000000000000e+09	-1.704847100000000037e-03	4.043384199999999762e-03
7.411281429000000000e+09	-1.677305600000000016e-03	4.102490200000000371e-03
7.411283857000000000e+09	-1.651913600000000067e-03	4.108853899999999858e-03
7.411286286000000000e+09	-1.603105700000000090e-03	4.076382699999999727e-03
7.411288714000000000e+09	-1.728162899999999974e-03	4.121024899999999914e-03
7.411291143000000000e+09	-1.603954500000000054e-03	4.108115699999999662e-03
7.411293571000000000e+09	-1.616895799999999977e-03	4.070100499999999843e-03
7.411296000000000000e+09	-1.603575400000000015e-03	4.099761500000000114e-03
7.411298429000000000e+09	-1.688145600000000041e-03	4.115655099999999782e-03
7.411300857000000000e+09	-1.623466999999999966e-03	4.155942999999999617e-03
7.411303286000000000e+09	-1.604993600000000076e-03	4.156722300000000384e-03
7.411305714000000000e+09	-1.616856600000000053e-03	4.054301500000000343e-03
7.411308143000000000e+09	-1.620957300000000012e-03	4.104794600000000356e-03
7.411310571000000000e+09	-1.646360900000000014e-03	4.158899399999999892e-03
7.411313000000000000e+09	-1.619069400000000027e-03	4.074629100000000219e-03
7.411315429000000000e+09	-1.638002800000000004e-03	4.093718100000000130e-03
7.411317857000000000e+09	-1.631532300000000093e-03	4.102810299999999806e-03
7.411320286000000000e+09	-1.601232099999999993e-03	4.127510200000000101e-03
7.411322714000000000e+09	-1.512721100000000108e-03	4.114564599999999579e-03
7.411325143000000000e+09	-1.597316600000000088e-03	4.147413099999999568e-03
7.411327571000000000e+09	-1.611935000000000104e-03	4.065917900000000362e-03
7.411330000000000000e+09	-1.585327500000000044e-03	4.175388099999999963e-03
7.411332429000000000e+09	-1.488476899999999952e-03	4.105234400000000276e-03
7.411334857000000000e+09	-1.542162199999999985e-03	4.149237699999999869e-03
7.411337286000000000e+09	-1.523970099999999959e-03	4.057775300000000113e-03
7.411339714000000000e+09	-1.537869000000000085e-03	4.168932499999999930e-03
7.411342143000000000e+09	-1.458456699999999924e-03	4.143377200000000239e-03
7.411344571000000000e+09	-1.463364599999999972e-03	4.155342200000000305e-03
7.411347000000000000e+09	-1.574903400000000030e-03	4.139378099999999581e-03
7.411349429000000000e+09	-1.579371200000000055e-03	4.157470199999999984e-03
7.411351857000000000e+09	-1.549869799999999999e-03	4.174312799999999740e-03
7.411354286000000000e+09	-1.523592999999999953e-03	4.035844700000000042e-03
7.411356714000000000e+09	-1.516849299999999904e-03	4.094370299999999623e-03
7.411359143000000000e+09	-1.531942099999999930e-03	4.082486800000000027e-03
7.411361571000000000e+09	-1.502005299999999936e-03	4.159547799999999823e-03
7.411364000000000000e+09	-1.550875900000000043e-03	4.114203799999999710e-03
7.411366429000000000e+09	-1.441682300000000005e-03	3.996379100000000024e-03
7.411368857000000000e+09	-1.486942100000000029e-03	4.176706799999999921e-03
7.411371286000000000e+09	-1.502951499999999937e-03	4.168806199999999795e-03
7.411373714000000000e+09	-1.467931200000000078e-03	4.187409900000000317e-03
7.411376143000000000e+09	-1.505952399999999991e-03	4.107804199999999691e-03
7.411378571000000000e+09	-1.461997700000000058e-03	4.156976399999999863e-03
7.411381000000000000e+09	-1.464067099999999920e-03	4.204131699999999645e-03
7.411383429000000000e+09	-1.449582100000000075e-03	4.082870399999999865e-03
7.411385857000000000e+09	-1.479373699999999995e-03	4.190707699999999918e-03
7.411388286000000000e+09	-1.443747900000000089e-03	4.216311700000000169e-03
7.411390714000000000e+09	-1.478349400000000032e-03	4.121539199999999653e-03
7.411393143000000000e+09	-1.437497100000000071e-03	4.146412099999999962e-03
7.411395571000000000e+09	-1.437708499999999952e-03	4.144178999999999571e-03
7.411398000000000000e+09	-1.404526899999999998e-03	4.123467999999999925e-03
7.411400429000000000e+09	-1.458571600000000074e-03	4.183146100000000034e-03
7.411402857000000000e+09	-1.429800900000000041e-03	4.196063899999999749e-03
7.411405286000000000e+09	-1.474152500000000011e-03	4.203133700000000195e-03
7.411407714000000000e+09	-1.487664899999999960e-03	4.116113999999999710e-03
7.411410143000000000e+09	-1.394793399999999994e-03	4.159627100000000410e-03
7.411412571000000000e+09	-1.398878600000000088e-03	4.140299200000000131e-03
7.411415000000000000e+09	-1.328499900000000003e-03	4.142408299999999870e-03
7.411417429000000000e+09	-1.415567599999999942e-03	4.150481900000000009e-03
7.411419857000000000e+09	-1.380073000000000107e-03	4.217115300000000115e-03
7.411422286000000000e+09	-1.387636700000000056e-03	4.173133199999999945e-03
7.411424714000000000e+09	-1.359624100000000066e-03	4.193193399999999710e-03
7.411427143000000000e+09	-1.385862500000000028e-03	4.197121300000000374e-03
7.411429571000000000e+09	-1.391729900000000060e-03	4.218972599999999858e-03
7.411432000000000000e+09	-1.323111199999999930e-03	4.166127799999999777e-03
7.411434429000000000e+09	-1.423659099999999896e-03	4.224044100000000183e-03
7.411436857000000000e+09	-1.339265100000000108e-03	4.240511700000000432e-03
7.411439286000000000e+09	-1.334543199999999952e-03	4.199893799999999955e-03
7.411441714000000000e+09	-1.294218300000000077e-03	4.146824999999999817e-03
7.411444143000000000e+09	-1.332588800000000058e-03	4.188891299999999811e-03
7.411446571000000000e+09	-1.358598599999999912e-03	4.175147199999999781e-03
7.411449000000000000e+09	-1.333311700000000023e-03	4.266126900000000166e-03
7.411451429000000000e+09	-1.331965100000000093e-03	4.193576200000000143e-03
7.411453857000000000e+09	-1.339991000000000012e-03	4.155691199999999620e-03
7.411456286000000000e+09	-1.286685799999999925e-03	4.159205200000000088e-03
7.411458714000000000e+09	-1.262654100000000024e-03	4.268549100000000422e-03
7.411461143000000000e+09	-1.319927399999999956e-03	4.188392299999999652e-03
7.411463571000000000e+09	-1.298264300000000031e-03	4.179667100000000225e-03
7.411466000000000000e+09	-1.289189600000000034e-03	4.256107599999999630e-03
7.411468429000000000e+09	-1.272288600000000096e-03	4.187574099999999931e-03
7.411470857000000000e+09	-1.305305899999999967e-03	4.208020600000000021e-03
7.411473286000000000e+09	-1.233708200000000095e-03	4.215136399999999672e-03
7.411475714000000000e+09	-1.214375900000000050e-03	4.227055399999999664e-03
7.411478143000000000e+09	-1.288510000000000089e-03	4.162222900000000017e-03
7.411480571000000000e+09	-1.282928899999999893e-03	4.152073699999999853e-03
7.411483000000000000e+09	-1.220164599999999915e-03	4.220782600000000384e-03
7.411485429000000000e+09	-1.203313599999999896e-03	4.161284500000000074e-03
7.411487857000000000e+09	-1.287642000000000083e-03	4.237374900000000222e-03
7.411490286000000000e+09	-1.254072699999999978e-03	4.229852499999999828e-03
7.411492714000000000e+09	-1.270821799999999942e-03	4.254751600000000397e-03
7.411495143000000000e+09	-1.149757499999999903e-03	4.173749800000000308e-03
7.411497571000000000e+09	-1.203815100000000041e-03	4.265303199999999871e-03
7.411500000000000000e+09	-1.253283700000000023e-03	4.149864300000000172e-03
7.411502429000000000e+09	-1.225502399999999978e-03	4.174053300000000154e-03
7.411504857000000000e+09	-1.169108799999999922e-03	4.264779899999999666e-03
7.411507286000000000e+09	-1.110492999999999940e-03	4.249667599999999712e-03
7.411509714000000000e+09	-1.248460199999999916e-03	4.203717400000000180e-03
7.411512143000000000e+09	-1.191387099999999949e-03	4.240567800000000047e-03
7.411514571000000000e+09	-1.148156800000000059e-03	4.279689300000000252e-03
7.411517000000000000e+09	-1.131599500000000013e-03	4.266557500000000419e-03
7.411519429000000000e+09	-1.133424999999999971e-03	4.182558999999999756e-03
7.411521857000000000e+09	-1.220834199999999920e-03	4.213863499999999720e-03
7.411524286000000000e+09	-1.208693600000000038e-03	4.195031400000000243e-03
7.411526714000000000e+09	-1.186832899999999951e-03	4.173058099999999923e-03
7.411529143000000000e+09	-1.144690299999999959e-03	4.249738099999999900e-03
7.411531571000000000e+09	-1.182970100000000019e-03	4.196003799999999638e-03
7.411534000000000000e+09	-1.252214200000000043e-03	4.248377599999999567e-03
7.411536429000000000e+09	-1.081350600000000007e-03	4.260896999999999601e-03
7.411538857000000000e+09	-1.124373599999999897e-03	4.313725000000000025e-03
7.411541286000000000e+09	-1.098903899999999906e-03	4.271080099999999616e-03
7.411543714000000000e+09	-1.117266499999999959e-03	4.263546299999999671e-03
7.411546143000000000e+09	-1.149025799999999972e-03	4.236150000000000158e-03
7.411548571000000000e+09	-1.071002200000000003e-03	4.255484399999999619e-03
7.411551000000000000e+09	-1.070193199999999950e-03	4.234281900000000202e-03
7.411553429000000000e+09	-1.097398500000000034e-03	4.262177399999999942e-03
7.411555857000000000e+09	-1.175326399999999894e-03	4.218788499999999962e-03
7.411558286000000000e+09	-1.055232599999999903e-03	4.237278399999999841e-03
7.411560714000000000e+09	-1.038016099999999929e-03	4.228686300000000266e-03
7.411563143000000000e+09	-1.124235500000000075e-03	4.247132399999999953e-03
7.411565571000000000e+09	-1.053169899999999940e-03	4.258378400000000299e-03
7.411568000000000000e+09	-1.086855000000000069e-03	4.237155499999999998e-03
7.411570429000000000e+09	-1.035717600000000006e-03	4.271323599999999818e-03
7.411572857000000000e+09	-1.030584499999999924e-03	4.249239900000000014e-03
7.411575286000000000e+09	-1.062116299999999987e-03	4.268151100000000010e-03
7.411577714000000000e+09	-1.052181500000000077e-03	4.237788800000000418e-03
7.411580143000000000e+09	-1.020365600000000062e-03	4.251660400000000124e-03
7.411582571000000000e+09	-1.009522400000000030e-03	4.258718499999999615e-03
7.411585000000000000e+09	-1.084936199999999955e-03	4.297551800000000422e-03
7.411587429000000000e+09	-1.061720200000000006e-03	4.300993300000000019e-03
7.411589857000000000e+09	-9.493709000000000349e-04	4.269287600000000286e-03
7.411592286000000000e+09	-9.795681999999999567e-04	4.298327000000000224e-03
7.411594714000000000e+09	-1.018422900000000037e-03	4.256762699999999677e-03
7.411597143000000000e+09	-9.773187000000000454e-04	4.302307499999999743e-03
7.411599571000000000e+09	-9.777721000000000502e-04	4.234024299999999963e-03
7.411602000000000000e+09	-9.340518999999999602e-04	4.332078199999999692e-03
7.411604429000000000e+09	-9.832795000000000511e-04	4.201591099999999780e-03
7.411606857000000000e+09	-1.002483800000000033e-03	4.214305699999999592e-03
7.411609286000000000e+09	-9.539509999999999743e-04	4.279214600000000139e-03
7.411611714000000000e+09	-9.643189000000000144e-04	4.282798499999999724e-03
7.411614143000000000e+09	-9.558601999999999594e-04	4.321903400000000339e-03
7.411616571000000000e+09	-9.697075000000000529e-04	4.295955399999999876e-03
7.411619000000000000e+09	-9.160703000000000509e-04	4.244260899999999573e-03
7.411621429000000000e+09	-8.878045000000000207e-04	4.368383899999999861e-03
7.411623857000000000e+09	-9.905206999999999640e-04	4.290821499999999955e-03
7.411626286000000000e+09	-9.799945000000000444e-04	4.266498399999999781e-03
7.411628714000000000e+09	-9.067247999999999758e-04	4.250126199999999972e-03
7.411631143000000000e+09	-8.680149999999999758e-04	4.291427100000000036e-03
7.411633571000000000e+09	-9.765823000000000299e-04	4.237082399999999791e-03
7.411636000000000000e+09	-9.812557999999999437e-04	4.353520300000000148e-03
7.411638429000000000e+09	-9.579117000000000057e-04	4.310384199999999638e-03
7.411640857000000000e+09	-9.159812999999999506e-04	4.309362700000000414e-03
7.411643286000000000e+09	-8.165222999999999665e-04	4.294055800000000020e-03
7.411645714000000000e+09	-8.619088000000000444e-04	4.200323700000000403e-03
7.411648143000000000e+09	-8.561454999999999500e-04	4.269443300000000038e-03
7.411650571000000000e+09	-8.870679999999999711e-04	4.256122200000000272e-03
7.411653000000000000e+09	-1.009041000000000018e-03	4.247505000000000377e-03
7.411655429000000000e+09	-8.721977999999999589e-04	4.331133499999999768e-03
7.411657857000000000e+09	-8.968074999999999615e-04	4.296612600000000205e-03
7.411660286000000000e+09	-8.910659000000000027e-04	4.287995699999999979e-03
7.411662714000000000e+09	-8.559900999999999751e-04	4.249317899999999724e-03
7.411665143000000000e+09	-8.894028999999999477e-04	4.292362000000000087e-03
7.411667571000000000e+09	-8.513136000000000141e-04	4.323058200000000351e-03
7.411670000000000000e+09	-7.764252000000000349e-04	4.248690299999999948e-03
7.411672429000000000e+09	-8.472431000000000536e-04	4.286771600000000189e-03
7.411674857000000000e+09	-8.751460999999999659e-04	4.256992299999999910e-03
7.411677286000000000e+09	-8.426414000000000126e-04	4.283649399999999753e-03
7.411679714000000000e+09	-8.345978999999999464e-04	4.324191600000000003e-03
7.411682143000000000e+09	-7.485108000000000299e-04	4.257105300000000279e-03
7.411684571000000000e+09	-8.391501000000000212e-04	4.326274399999999881e-03
7.411687000000000000e+09	-7.615277999999999631e-04	4.268179999999999891e-03
7.411689429000000000e+09	-8.431944000000000461e-04	4.264536099999999795e-03
7.411691857000000000e+09	-7.109691000000000231e-04	4.352814800000000262e-03
7.411694286000000000e+09	-7.699249000000000457e-04	4.251105800000000087e-03
7.411696714000000000e+09	-7.859247999999999668e-04	4.382121299999999775e-03
7.411699143000000000e+09	-7.810458000000000157e-04	4.296920299999999748e-03
7.411701571000000000e+09	-7.680262999999999890e-04	4.305400000000000026e-03
7.411704000000000000e+09	-7.528963999999999969e-04	4.366004199999999787e-03
7.411706429000000000e+09	-7.108333000000000099e-04	4.259395299999999690e-03
7.411708857000000000e+09	-6.985929999999999571e-04	4.338399199999999796e-03
7.411711286000000000e+09	-7.361273000000000425e-04	4.355788600000000399e-03
7.411713714000000000e+09	-7.017841999999999613e-04	4.313215100000000052e-03
7.411716143000000000e+09	-7.296521999999999730e-04	4.310015000000000374e-03
7.411718571000000000e+09	-7.497378000000000505e-04	4.314185100000000363e-03
7.411721000000000000e+09	-6.882883000000000013e-04	4.356183199999999651e-03
7.411723429000000000e+09	-6.747119999999999463e-04	4.327717499999999759e-03
7.411725857000000000e+09	-7.284687000000000410e-04	4.325753899999999763e-03
7.411728286000000000e+09	-7.436558999999999487e-04	4.253114500000000284e-03
7.411730714000000000e+09	-7.724964000000000396e-04	4.345886999999999667e-03
7.411733143000000000e+09	-7.457860000000000184e-04	4.363140199999999795e-03
7.411735571000000000e+09	-7.412364999999999969e-04	4.238144200000000181e-03
7.411738000000000000e+09	-6.934260000000000250e-04	4.364148899999999859e-03
7.411740429000000000e+09	-6.789612000000000208e-04	4.302172800000000213e-03
7.411742857000000000e+09	-6.925278999999999463e-04	4.277912000000000034e-03
7.411745286000000000e+09	-6.355834000000000310e-04	4.261582800000000143e-03
7.411747714000000000e+09	-5.659699000000000240e-04	4.320967499999999947e-03
7.411750143000000000e+09	-6.810148999999999500e-04	4.307277400000000117e-03
7.411752571000000000e+09	-6.508511999999999935e-04	4.304181800000000079e-03
7.411755000000000000e+09	-6.385084000000000072e-04	4.259527899999999805e-03
7.411757429000000000e+09	-6.304534000000000310e-04	4.316114000000000235e-03
7.411759857000000000e+09	-6.442744000000000465e-04	4.328211499999999948e-03
7.411762286000000000e+09	-6.769875999999999758e-04	4.355090199999999898e-03
7.411764714000000000e+09	-6.180238999999999698e-04	4.326122100000000421e-03
7.411767143000000000e+09	-6.047659999999999625e-04	4.323003500000000346e-03
7.411769571000000000e+09	-6.179442000000000051e-04	4.316901899999999598e-03
7.411772000000000000e+09	-6.145096000000000499e-04	4.373913800000000379e-03
7.411774429000000000e+09	-6.053083999999999592e-04	4.274052100000000007e-03
7.411776857000000000e+09	-5.953157000000000370e-04	4.353723000000000315e-03
7.411779286000000000e+09	-5.533483999999999755e-04	4.300594199999999666e-03
7.411781714000000000e+09	-6.127524999999999986e-04	4.318712100000000192e-03
7.411784143000000000e+09	-5.911752999999999843e-04	4.327745299999999698e-03
7.411786571000000000e+09	-5.784218999999999515e-04	4.315403699999999579e-03
7.411789000000000000e+09	-5.460874999999999584e-04	4.358313100000000412e-03
7.411791429000000000e+09	-5.527095000000000315e-04	4.328376699999999903e-03
7.411793857000000000e+09	-4.917784999999999605e-04	4.321919300000000123e-03
7.411796286000000000e+09	-5.532927999999999891e-04	4.336792600000000109e-03
7.411798714000000000e+09	-5.420706999999999869e-04	4.255580699999999932e-03
7.411801143000000000e+09	-5.460069000000000120e-04	4.390759699999999960e-03
7.411803571000000000e+09	-4.789425999999999840e-04	4.312897599999999769e-03
7.411806000000000000e+09	-5.237291000000000472e-04	4.282540300000000147e-03
7.411808429000000000e+09	-4.626777999999999902e-04	4.266037099999999901e-03
7.411810857000000000e+09	-4.790862999999999806e-04	4.277750299999999971e-03
7.411813286000000000e+09	-4.347320000000000112e-04	4.426340699999999767e-03
7.411815714000000000e+09	-5.063287000000000300e-04	4.311054100000000396e-03
7.411818143000000000e+09	-4.912134999999999549e-04	4.304956399999999676e-03
7.411820571000000000e+09	-4.777232000000000071e-04	4.241372200000000266e-03
7.411823000000000000e+09	-5.377075999999999948e-04	4.317088600000000380e-03
7.411825429000000000e+09	-5.137889999999999558e-04	4.373429899999999731e-03
7.411827857000000000e+09	-5.434949000000000334e-04	4.310539199999999585e-03
7.411830286000000000e+09	-4.304676000000000119e-04	4.308741399999999749e-03
7.411832714000000000e+09	-4.564711999999999741e-04	4.375291199999999971e-03
7.411835143000000000e+09	-4.038113999999999875e-04	4.361228600000000184e-03
7.411837571000000000e+09	-4.766468000000000050e-04	4.297295300000000123e-03
7.411840000000000000e+09	-4.515960000000000178e-04	4.294433900000000151e-03
7.411842429000000000e+09	-4.524296999999999824e-04	4.313254300000000409e-03
7.411844857000000000e+09	-4.642892000000000134e-04	4.374148700000000251e-03
7.411847286000000000e+09	-3.795243999999999810e-04	4.319678399999999675e-03
7.411849714000000000e+09	-4.419245000000000139e-04	4.303098800000000265e-03
7.411852143000000000e+09	-4.116044000000000126e-04	4.332256700000000280e-03
7.411854571000000000e+09	-4.001279999999999746e-04	4.360100799999999839e-03
7.411857000000000000e+09	-3.844276999999999785e-04	4.352085099999999929e-03
7.411859429000000000e+09	-3.333027000000000233e-04	4.358571200000000388e-03
7.411861857000000000e+09	-3.792518999999999730e-04	4.385620100000000264e-03
7.411864286000000000e+09	-3.633937999999999969e-04	4.318298600000000133e-03
7.411866714000000000e+09	-3.986228000000000080e-04	4.326092900000000005e-03
7.411869143000000000e+09	-3.721884999999999755e-04	4.302869800000000237e-03
7.411871571000000000e+09	-2.886092000000000149e-04	4.345317199999999651e-03
7.411874000000000000e+09	-3.819431999999999992e-04	4.263774500000000293e-03
7.411876429000000000e+09	-4.038191000000000111e-04	4.305878899999999836e-03
7.411878857000000000e+09	-3.331065000000000133e-04	4.367451700000000298e-03
7.411881286000000000e+09	-3.692179000000000077e-04	4.305604700000000007e-03
7.411883714000000000e+09	-3.256898999999999732e-04	4.277050699999999928e-03
7.411886143000000000e+09	-3.400864999999999769e-04	4.322694099999999789e-03
7.411888571000000000e+09	-3.035770000000000243e-04	4.277865100000000087e-03
7.411891000000000000e+09	-3.784128999999999900e-04	4.367727200000000136e-03
7.411893429000000000e+09	-3.396324999999999843e-04	4.347207900000000375e-03
7.411895857000000000e+09	-2.692161999999999789e-04	4.303172699999999878e-03
7.411898286000000000e+09	-2.576120999999999793e-04	4.329381700000000006e-03
7.411900714000000000e+09	-2.949628999999999945e-04	4.357731499999999841e-03
7.411903143000000000e+09	-3.165067000000000032e-04	4.336341799999999906e-03
7.411905571000000000e+09	-2.738365999999999999e-04	4.358998900000000086e-03
7.411908000000000000e+09	-2.795189999999999914e-04	4.350456600000000146e-03
7.411910429000000000e+09	-2.912783000000000060e-04	4.370557399999999877e-03
7.411912857000000000e+09	-2.726962000000000201e-04	4.317239300000000161e-03
7.411915286000000000e+09	-2.240685999999999980e-04	4.281535300000000044e-03
7.411917714000000000e+09	-2.752152000000000005e-04	4.369736299999999601e-03
7.411920143000000000e+09	-2.686631999999999996e-04	4.334254099999999658e-03
7.411922571000000000e+09	-2.792432999999999764e-04	4.346288299999999903e-03
7.411925000000000000e+09	-2.035534000000000085e-04	4.377389800000000032e-03
7.411927429000000000e+09	-2.735602999999999971e-04	4.292687699999999697e-03
7.411929857000000000e+09	-2.513702999999999944e-04	4.325972099999999577e-03
7.411932286000000000e+09	-2.606285000000000069e-04	4.364089100000000283e-03
7.411934714000000000e+09	-2.494797000000000095e-04	4.298908300000000259e-03
7.411937143000000000e+09	-2.003406999999999909e-04	4.377305899999999611e-03
7.411939571000000000e+09	-2.153606999999999928e-04	4.362097199999999744e-03
7.411942000000000000e+09	-1.608598999999999945e-04	4.449780000000000402e-03
7.411944429000000000e+09	-1.549858000000000095e-04	4.303817100000000180e-03
7.411946857000000000e+09	-1.982071000000000017e-04	4.321257499999999960e-03
7.411949286000000000e+09	-1.210217999999999938e-04	4.354266400000000002e-03
7.411951714000000000e+09	-2.276436999999999970e-04	4.343043500000000161e-03
7.411954143000000000e+09	-1.398628000000000122e-04	4.344072499999999774e-03
7.411956571000000000e+09	-1.179263000000000029e-04	4.292343300000000215e-03
7.411959000000000000e+09	-1.239261000000000128e-04	4.303796599999999695e-03
7.411961429000000000e+09	-1.301951000000000031e-04	4.314129499999999617e-03
7.411963857000000000e+09	-7.860940000000000668e-05	4.377079300000000402e-03
7.411966286000000000e+09	-9.571569999999999568e-05	4.351848200000000243e-03
7.411968714000000000e+09	-1.617025999999999923e-04	4.352469000000000303e-03
7.411971143000000000e+09	-8.980169999999999776e-05	4.304423100000000398e-03
7.411973571000000000e+09	-7.262020000000000649e-05	4.277941500000000119e-03
7.411976000000000000e+09	-9.391789999999999741e-05	4.339797299999999941e-03
7.411978429000000000e+09	-1.351657999999999994e-04	4.272274999999999857e-03
7.411980857000000000e+09	-1.343795999999999966e-04	4.298734599999999573e-03
7.411983286000000000e+09	-1.285113000000000108e-04	4.354132699999999946e-03
7.411985714000000000e+09	-1.043587999999999943e-04	4.281518300000000318e-03
7.411988143000000000e+09	-1.034478000000000025e-04	4.311266499999999967e-03
7.411990571000000000e+09	-6.335329999999999532e-05	4.314996800000000035e-03
7.411993000000000000e+09	-9.397880000000000220e-05	4.366457199999999872e-03
7.411995429000000000e+09	-1.098495000000000060e-04	4.382196500000000265e-03
7.411997857000000000e+09	2.156279999999999962e-05	4.295437600000000244e-03
7.412000286000000000e+09	-1.117893000000000039e-04	4.333785799999999994e-03
7.412002714000000000e+09	-5.342650000000000085e-05	4.234343100000000255e-03
7.412005143000000000e+09	1.978780000000000052e-05	4.338500700000000147e-03
7.412007571000000000e+09	-7.082259999999999511e-05	4.414402500000000167e-03
7.412010000000000000e+09	-1.286949999999999935e-05	4.350192699999999926e-03
7.412012429000000000e+09	-5.718999999999999793e-07	4.417971799999999977e-03
7.412014857000000000e+09	-1.070469999999999934e-05	4.330036800000000054e-03
7.412017286000000000e+09	-4.977299999999999762e-06	4.366300000000000042e-03
7.412019714000000000e+09	-3.932570000000000195e-05	4.318573899999999903e-03
7.412022143000000000e+09	-2.023669999999999888e-05	4.314437100000000427e-03
7.412024571000000000e+09	-6.258709999999999577e-05	4.304881200000000054e-03
7.412027000000000000e+09	-8.743600000000000447e-06	4.302756500000000199e-03
7.412029429000000000e+09	2.159339999999999895e-05	4.329428100000000217e-03
7.412031857000000000e+09	-4.427239999999999984e-05	4.335392700000000217e-03
7.412034286000000000e+09	1.101629999999999988e-05	4.305087400000000113e-03
7.412036714000000000e+09	-1.766899999999999973e-05	4.326302100000000220e-03
7.412039143000000000e+09	4.609129999999999694e-05	4.355254299999999912e-03
7.412041571000000000e+09	1.695200000000000092e-06	4.278434099999999830e-03
7.412044000000000000e+09	3.744010000000000090e-05	4.382186399999999857e-03
7.412046429000000000e+09	4.797739999999999909e-05	4.285491500000000384e-03
7.412048857000000000e+09	1.376770000000000034e-05	4.251030599999999597e-03
7.412051286000000000e+09	2.278530000000000019e-05	4.313091100000000268e-03
7.412053714000000000e+09	3.544430000000000215e-05	4.287479999999999764e-03
7.412056143000000000e+09	4.323609999999999758e-05	4.380380199999999759e-03
7.412058571000000000e+09	7.087049999999999849e-05	4.351698200000000266e-03
7.412061000000000000e+09	8.515659999999999712e-05	4.288977999999999714e-03
7.412063429000000000e+09	1.128932000000000053e-04	4.237087900000000365e-03
7.412065857000000000e+09	9.147020000000000389e-05	4.301729199999999864e-03
7.412068286000000000e+09	7.741039999999999326e-05	4.289059100000000048e-03
7.412070714000000000e+09	5.544069999999999928e-05	4.328512799999999910e-03
7.412073143000000000e+09	3.184380000000000164e-05	4.323082599999999998e-03
7.412075571000000000e+09	9.125079999999999715e-05	4.323348799999999700e-03
7.412078000000000000e+09	8.148260000000000485e-05	4.312057400000000353e-03
7.412080429000000000e+09	8.480470000000000477e-05	4.323549200000000384e-03
7.412082857000000000e+09	1.462644999999999885e-04	4.356088600000000352e-03
7.412085286000000000e+09	1.133029999999999958e-04	4.365237400000000247e-03
7.412087714000000000e+09	9.298909999999999370e-05	4.284796199999999639e-03
7.412090143000000000e+09	8.724329999999999867e-05	4.302163700000000146e-03
7.412092571000000000e+09	1.390468000000000118e-04	4.378055700000000293e-03
7.412095000000000000e+09	1.975585000000000026e-04	4.365231300000000335e-03
7.412097429000000000e+09	1.745317000000000081e-04	4.327429899999999698e-03
7.412099857000000000e+09	2.160546999999999967e-04	4.294369000000000137e-03
7.412102286000000000e+09	1.642837000000000073e-04	4.324344899999999804e-03
7.412104714000000000e+09	1.864946000000000084e-04	4.341449300000000365e-03
7.412107143000000000e+09	2.073801999999999970e-04	4.318971700000000247e-03
7.412109571000000000e+09	2.224503999999999869e-04	4.302155999999999689e-03
7.412112000000000000e+09	1.789709000000000113e-04	4.356135700000000367e-03
7.412114429000000000e+09	1.714044000000000017e-04	4.294429500000000385e-03
7.412116857000000000e+09	1.569709999999999986e-04	4.301087799999999718e-03
7.412119286000000000e+09	2.014890000000000084e-04	4.349649100000000171e-03
7.412121714000000000e+09	2.015453999999999965e-04	4.325183199999999874e-03
7.412124143000000000e+09	2.785857999999999781e-04	4.324594200000000249e-03
7.412126571000000000e+09	2.158561000000000084e-04	4.306459399999999597e-03
7.412129000000000000e+09	1.984443000000000068e-04	4.266252400000000028e-03
7.412131429000000000e+09	3.115651000000000097e-04	4.245261600000000378e-03
7.412133857000000000e+09	2.722779000000000041e-04	4.290779800000000047e-03
7.412136286000000000e+09	2.956567999999999913e-04	4.305064499999999676e-03
7.412138714000000000e+09	2.714028000000000165e-04	4.257176599999999873e-03
7.412141143000000000e+09	2.873044000000000270e-04	4.390116999999999804e-03
7.412143571000000000e+09	3.031377000000000030e-04	4.261682099999999744e-03
7.412146000000000000e+09	3.133928999999999925e-04	4.332380499999999995e-03
7.412148429000000000e+09	2.910233999999999824e-04	4.271203900000000199e-03
7.412150857000000000e+09	2.761956999999999889e-04	4.325026899999999917e-03
7.412153286000000000e+09	2.813747999999999813e-04	4.337250299999999628e-03
7.412155714000000000e+09	3.038610999999999764e-04	4.283182299999999630e-03
7.412158143000000000e+09	2.640774999999999937e-04	4.265924199999999999e-03
7.412160571000000000e+09	2.771299999999999979e-04	4.306039999999999694e-03
7.412163000000000000e+09	3.209765000000000057e-04	4.294954999999999606e-03
7.412165429000000000e+09	2.928844000000000109e-04	4.216970399999999709e-03
7.412167857000000000e+09	3.335276000000000083e-04	4.259427199999999726e-03
7.412170286000000000e+09	2.926246999999999768e-04	4.346245200000000385e-03
7.412172714000000000e+09	3.501981999999999838e-04	4.342357300000000350e-03
7.412175143000000000e+09	2.686995000000000182e-04	4.297887700000000040e-03
7.412177571000000000e+09	3.208576000000000093e-04	4.294949900000000036e-03
7.412180000000000000e+09	3.385045999999999845e-04	4.298278600000000199e-03
7.412182429000000000e+09	3.682240000000000036e-04	4.294474599999999719e-03
7.412184857000000000e+09	3.236178999999999835e-04	4.331264799999999873e-03
7.412187286000000000e+09	4.326913000000000157e-04	4.273168600000000136e-03
7.412189714000000000e+09	3.681215000000000160e-04	4.224505199999999995e-03
7.412192143000000000e+09	2.889284000000000101e-04	4.282396299999999614e-03
7.412194571000000000e+09	3.600136999999999782e-04	4.225012200000000280e-03
7.412197000000000000e+09	3.388455999999999868e-04	4.291902000000000217e-03
7.412199429000000000e+09	4.358860000000000208e-04	4.297783900000000205e-03
7.412201857000000000e+09	4.108671999999999954e-04	4.312379600000000070e-03
7.412204286000000000e+09	4.717357000000000039e-04	4.341346999999999741e-03
7.412206714000000000e+09	4.224259999999999972e-04	4.293126599999999744e-03
7.412209143000000000e+09	4.573816000000000188e-04	4.229052900000000378e-03
7.412211571000000000e+09	3.908064000000000264e-04	4.257259400000000353e-03
7.412214000000000000e+09	4.499959999999999789e-04	4.241706999999999943e-03
7.412216429000000000e+09	4.165314999999999946e-04	4.167793599999999703e-03
7.412218857000000000e+09	4.794441999999999996e-04	4.304942699999999775e-03
7.412221286000000000e+09	4.577876999999999945e-04	4.236738799999999715e-03
7.412223714000000000e+09	4.607403000000000041e-04	4.267382400000000256e-03
7.412226143000000000e+09	5.168752000000000416e-04	4.249656800000000366e-03
7.412228571000000000e+09	5.595298999999999976e-04	4.310145799999999874e-03
7.412231000000000000e+09	4.621154999999999837e-04	4.243741799999999932e-03
7.412233429000000000e+09	4.411985000000000212e-04	4.286685000000000148e-03
7.412235857000000000e+09	4.854389999999999985e-04	4.333222700000000094e-03
7.412238286000000000e+09	5.563951999999999613e-04	4.263122500000000002e-03
7.412240714000000000e+09	5.311059000000000136e-04	4.251724499999999865e-03
7.412243143000000000e+09	5.220138000000000469e-04	4.265020500000000180e-03
7.412245571000000000e+09	5.344166000000000021e-04	4.261476099999999753e-03
7.412248000000000000e+09	5.463580000000000433e-04	4.251644199999999804e-03
7.412250429000000000e+09	5.392065000000000356e-04	4.258037099999999707e-03
7.412252857000000000e+09	5.096306000000000534e-04	4.261680200000000397e-03
7.412255286000000000e+09	4.807667999999999859e-04	4.253689599999999939e-03
7.412257714000000000e+09	5.204707000000000040e-04	4.231321199999999762e-03
7.412260143000000000e+09	5.373863999999999681e-04	4.320710400000000312e-03
7.412262571000000000e+09	5.077337000000000343e-04	4.217261800000000199e-03
7.412265000000000000e+09	5.112295000000000424e-04	4.269970900000000409e-03
7.412267429000000000e+09	5.532141000000000402e-04	4.264171700000000433e-03
7.412269857000000000e+09	5.418829999999999480e-04	4.212664799999999918e-03
7.412272286000000000e+09	5.055851999999999785e-04	4.287718999999999732e-03
7.412274714000000000e+09	6.511331999999999884e-04	4.305724000000000357e-03
7.412277143000000000e+09	6.248300999999999725e-04	4.210675399999999798e-03
7.412279571000000000e+09	5.693951999999999521e-04	4.203696699999999627e-03
7.412282000000000000e+09	6.024614000000000184e-04	4.225707700000000226e-03
7.412284429000000000e+09	6.129497999999999501e-04	4.191852000000000252e-03
7.412286857000000000e+09	5.853160000000000047e-04	4.344451499999999779e-03
7.412289286000000000e+09	6.542959999999999575e-04	4.214078799999999847e-03
7.412291714000000000e+09	5.912775000000000322e-04	4.273281799999999707e-03
7.412294143000000000e+09	6.010918999999999767e-04	4.183485899999999681e-03
7.412296571000000000e+09	6.345202000000000307e-04	4.281358600000000070e-03
7.412299000000000000e+09	5.782654999999999610e-04	4.252546400000000414e-03
7.412301429000000000e+09	5.853739000000000164e-04	4.219071300000000121e-03
7.412303857000000000e+09	5.954861000000000312e-04	4.230714899999999876e-03
7.412306286000000000e+09	6.748522999999999761e-04	4.202363800000000031e-03
7.412308714000000000e+09	6.456771999999999512e-04	4.189554600000000052e-03
7.412311143000000000e+09	6.957772999999999562e-04	4.257969399999999606e-03
7.412313571000000000e+09	6.340445000000000109e-04	4.232338300000000088e-03
7.412316000000000000e+09	6.730434999999999673e-04	4.210240199999999711e-03
7.412318429000000000e+09	6.779677000000000446e-04	4.234392400000000153e-03
7.412320857000000000e+09	6.983026000000000250e-04	4.198474500000000387e-03
7.412323286000000000e+09	6.438432000000000226e-04	4.223523600000000065e-03
7.412325714000000000e+09	7.378021000000000015e-04	4.166659900000000381e-03
7.412328143000000000e+09	7.054577999999999934e-04	4.161922900000000064e-03
7.412330571000000000e+09	7.116222000000000389e-04	4.246567700000000375e-03
7.412333000000000000e+09	7.095979000000000522e-04	4.240125299999999639e-03
7.412335429000000000e+09	7.316386999999999717e-04	4.223377799999999786e-03
7.412337857000000000e+09	6.916929999999999520e-04	4.277656599999999677e-03
7.412340286000000000e+09	6.831078000000000193e-04	4.243075699999999603e-03
7.412342714000000000e+09	6.972646999999999786e-04	4.211102599999999758e-03
7.412345143000000000e+09	7.883699000000000089e-04	4.250460200000000244e-03
7.412347571000000000e+09	6.908196999999999819e-04	4.219810800000000327e-03
7.412350000000000000e+09	7.779062000000000433e-04	4.281610499999999667e-03
7.412352429000000000e+09	7.529983000000000509e-04	4.244665199999999965e-03
7.412354857000000000e+09	7.702475000000000077e-04	4.181083199999999570e-03
7.412357286000000000e+09	7.697163999999999612e-04	4.169886299999999921e-03
7.412359714000000000e+09	7.027917999999999752e-04	4.195713200000000288e-03
7.412362143000000000e+09	8.229784999999999878e-04	4.166207600000000101e-03
7.412364571000000000e+09	7.973540000000000098e-04	4.167115699999999687e-03
7.412367000000000000e+09	7.808312000000000195e-04	4.254550499999999909e-03
7.412369429000000000e+09	7.900128000000000402e-04	4.204800600000000062e-03
7.412371857000000000e+09	7.987741999999999933e-04	4.235068699999999624e-03
7.412374286000000000e+09	7.747722000000000289e-04	4.266816199999999733e-03
7.412376714000000000e+09	8.451612999999999747e-04	4.197614900000000426e-03
7.412379143000000000e+09	7.803661000000000365e-04	4.229927700000000318e-03
7.412381571000000000e+09	8.219755999999999504e-04	4.151535700000000273e-03
7.412384000000000000e+09	8.403637000000000259e-04	4.190024599999999863e-03
7.412386429000000000e+09	8.421712999999999508e-04	4.324475599999999705e-03
7.412388857000000000e+09	8.530350000000000345e-04	4.183876999999999909e-03
7.412391286000000000e+09	8.280572999999999840e-04	4.191542900000000231e-03
7.412393714000000000e+09	8.493948000000000080e-04	4.207317999999999822e-03
7.412396143000000000e+09	8.538111999999999611e-04	4.183581300000000121e-03
7.412398571000000000e+09	9.366444999999999936e-04	4.213356100000000166e-03
7.412401000000000000e+09	8.572598000000000284e-04	4.238766399999999851e-03
7.412403429000000000e+09	9.042971000000000125e-04	4.151398199999999789e-03
7.412405857000000000e+09	8.876191000000000072e-04	4.192243299999999680e-03
7.412408286000000000e+09	8.925806000000000105e-04	4.151489599999999731e-03
7.412410714000000000e+09	8.794814000000000190e-04	4.202963100000000132e-03
7.412413143000000000e+09	8.855744000000000029e-04	4.205767600000000217e-03
7.412415571000000000e+09	8.691881000000000477e-04	4.131596100000000001e-03
7.412418000000000000e+09	9.309337999999999468e-04	4.163957999999999722e-03
7.412420429000000000e+09	9.276443000000000319e-04	4.120932600000000098e-03
7.412422857000000000e+09	9.139872999999999964e-04	4.121025300000000051e-03
7.412425286000000000e+09	9.602983000000000482e-04	4.210392099999999901e-03
7.412427714000000000e+09	9.983984999999999041e-04	4.096992199999999890e-03
7.412430143000000000e+09	9.232701999999999749e-04	4.126801200000000322e-03
7.412432571000000000e+09	9.167326999999999854e-04	4.200431200000000198e-03
7.412435000000000000e+09	9.940154999999999564e-04	4.162735699999999678e-03
7.412437429000000000e+09	8.721710000000000356e-04	4.189250500000000002e-03
7.412439857000000000e+09	9.612458999999999847e-04	4.158703500000000310e-03
7.412442286000000000e+09	9.222902000000000487e-04	4.127844599999999642e-03
7.412444714000000000e+09	9.797732000000000403e-04	4.119268500000000319e-03
7.412447143000000000e+09	9.642003000000000119e-04	4.142485300000000106e-03
7.412449571000000000e+09	9.335400999999999899e-04	4.123125699999999859e-03
7.412452000000000000e+09	9.949856999999999018e-04	4.175226500000000368e-03
7.412454429000000000e+09	1.006181699999999894e-03	4.115178599999999923e-03
7.412456857000000000e+09	9.705541000000000255e-04	4.127404299999999984e-03
7.412459286000000000e+09	9.970738000000000691e-04	4.071751699999999995e-03
7.412461714000000000e+09	1.029509799999999906e-03	4.071433400000000306e-03
7.412464143000000000e+09	1.045386300000000030e-03	4.199986099999999771e-03
7.412466571000000000e+09	1.058712999999999972e-03	4.128820299999999728e-03
7.412469000000000000e+09	1.007316199999999922e-03	4.083992600000000035e-03
7.412471429000000000e+09	9.887210999999999483e-04	4.116144100000000000e-03
7.412473857000000000e+09	1.014267500000000074e-03	4.136287800000000049e-03
7.412476286000000000e+09	1.061894600000000063e-03	4.151252299999999909e-03
7.412478714000000000e+09	1.059876300000000063e-03	4.117942200000000372e-03
7.412481143000000000e+09	1.108911699999999990e-03	4.130655900000000311e-03
7.412483571000000000e+09	1.059550600000000019e-03	4.114846600000000333e-03
7.412486000000000000e+09	1.035107499999999908e-03	4.096829399999999885e-03
7.412488429000000000e+09	1.128443399999999944e-03	4.084719900000000417e-03
7.412490857000000000e+09	1.117526700000000001e-03	4.055733700000000407e-03
7.412493286000000000e+09	1.084749099999999904e-03	4.142006699999999965e-03
7.412495714000000000e+09	1.140405099999999968e-03	4.136058500000000353e-03
7.412498143000000000e+09	1.112702900000000009e-03	4.172278700000000423e-03
7.412500571000000000e+09	1.160642799999999980e-03	4.061373000000000066e-03
7.412503000000000000e+09	1.164492800000000100e-03	4.099079500000000001e-03
7.412505429000000000e+09	1.078508300000000043e-03	4.099988899999999596e-03
7.412507857000000000e+09	1.172243600000000101e-03	4.058798800000000019e-03
7.412510286000000000e+09	1.081870900000000057e-03	4.064846199999999632e-03
7.412512714000000000e+09	1.125840500000000084e-03	4.088741100000000371e-03
7.412515143000000000e+09	1.091590500000000092e-03	4.083525400000000312e-03
7.412517571000000000e+09	1.114398400000000088e-03	4.073472100000000325e-03
7.412520000000000000e+09	1.107428300000000030e-03	4.133437799999999628e-03
7.412522429000000000e+09	1.178057099999999966e-03	4.042349899999999642e-03
7.412524857000000000e+09	1.181474600000000054e-03	3.995014300000000393e-03
7.412527286000000000e+09	1.191772800000000070e-03	4.119898999999999784e-03
7.412529714000000000e+09	1.156877599999999937e-03	4.128202699999999892e-03
7.412532143000000000e+09	1.173780500000000089e-03	4.119590099999999831e-03
7.412534571000000000e+09	1.248945599999999991e-03	4.111802500000000075e-03
7.412537000000000000e+09	1.132397800000000104e-03	4.096658399999999686e-03
7.412539429000000000e+09	1.188822699999999991e-03	4.034265599999999757e-03
7.412541857000000000e+09	1.152094800000000047e-03	4.135217800000000332e-03
7.412544286000000000e+09	1.211654799999999999e-03	4.134291299999999676e-03
7.412546714000000000e+09	1.216953999999999909e-03	4.087411200000000064e-03
7.412549143000000000e+09	1.195533599999999913e-03	4.061004800000000275e-03
7.412551571000000000e+09	1.268563299999999998e-03	4.055157099999999806e-03
7.412554000000000000e+09	1.238055799999999897e-03	4.096047200000000298e-03
7.412556429000000000e+09	1.252105600000000089e-03	4.097825900000000125e-03
7.412558857000000000e+09	1.237851699999999904e-03	4.106015299999999854e-03
7.412561286000000000e+09	1.250258800000000024e-03	4.011759400000000295e-03
7.412563714000000000e+09	1.191851100000000099e-03	4.055213700000000025e-03
7.412566143000000000e+09	1.263405499999999950e-03	4.097840699999999968e-03
7.412568571000000000e+09	1.277780399999999981e-03	4.020287400000000129e-03
7.412571000000000000e+09	1.340330299999999922e-03	4.052468000000000042e-03
7.412573429000000000e+09	1.291293200000000066e-03	4.064103599999999671e-03
7.412575857000000000e+09	1.249856400000000064e-03	4.057491499999999612e-03
7.412578286000000000e+09	1.312059599999999956e-03	4.061379099999999978e-03
7.412580714000000000e+09	1.299941399999999907e-03	4.071811600000000038e-03
7.412583143000000000e+09	1.316159699999999927e-03	4.024109599999999877e-03
7.412585571000000000e+09	1.253648399999999921e-03	3.968228199999999928e-03
7.412588000000000000e+09	1.306652499999999897e-03	4.036861400000000231e-03
7.412590429000000000e+09	1.287367300000000084e-03	3.993701199999999743e-03
7.412592857000000000e+09	1.335413199999999989e-03	4.105655199999999790e-03
7.412595286000000000e+09	1.288796299999999924e-03	4.052074000000000127e-03
7.412597714000000000e+09	1.341008199999999938e-03	4.055362199999999924e-03
7.412600143000000000e+09	1.258432400000000003e-03	3.971337800000000404e-03
7.412602571000000000e+09	1.342739099999999946e-03	4.024709999999999920e-03
7.412605000000000000e+09	1.345408800000000033e-03	4.010787000000000033e-03
7.412607429000000000e+09	1.400367000000000018e-03	4.072945599999999895e-03
7.412609857000000000e+09	1.362905100000000010e-03	3.996520299999999602e-03
7.412612286000000000e+09	1.337094299999999928e-03	4.014661000000000098e-03
7.412614714000000000e+09	1.286973100000000101e-03	3.991543299999999843e-03
7.412617143000000000e+09	1.364682500000000045e-03	4.008668400000000090e-03
7.412619571000000000e+09	1.373535800000000003e-03	4.051735300000000421e-03
7.412622000000000000e+09	1.363885299999999896e-03	3.954179900000000247e-03
7.412624429000000000e+09	1.434116000000000037e-03	4.024356500000000371e-03
7.412626857000000000e+09	1.412202999999999896e-03	4.004205299999999933e-03
7.412629286000000000e+09	1.397487499999999945e-03	3.974050300000000341e-03
7.412631714000000000e+09	1.411085999999999981e-03	3.988578700000000241e-03
7.412634143000000000e+09	1.342642000000000011e-03	4.067083299999999652e-03
7.412636571000000000e+09	1.404148100000000062e-03	4.001320400000000187e-03
7.412639000000000000e+09	1.448999299999999962e-03	3.980842899999999934e-03
7.412641429000000000e+09	1.374093000000000059e-03	4.032220000000000422e-03
7.412643857000000000e+09	1.392170099999999900e-03	4.023084799999999961e-03
7.412646286000000000e+09	1.529814900000000090e-03	3.981427499999999793e-03
7.412648714000000000e+09	1.447226999999999932e-03	4.006975700000000098e-03
7.412651143000000000e+09	1.542372699999999992e-03	3.935194000000000365e-03
7.412653571000000000e+09	1.482383199999999946e-03	3.996196199999999671e-03
7.412656000000000000e+09	1.434322100000000062e-03	3.988316599999999768e-03
7.412658429000000000e+09	1.440809099999999961e-03	3.939317999999999813e-03
7.412660857000000000e+09	1.441521299999999964e-03	3.912728499999999603e-03
7.412663286000000000e+09	1.452648800000000016e-03	4.027192500000000355e-03
7.412665714000000000e+09	1.473054699999999922e-03	3.940739199999999595e-03
7.412668143000000000e+09	1.475371100000000095e-03	3.866857400000000156e-03
7.412670571000000000e+09	1.496490100000000094e-03	3.944877200000000347e-03
7.412673000000000000e+09	1.565220900000000069e-03	3.955788299999999681e-03
7.412675429000000000e+09	1.475778399999999992e-03	3.927691399999999784e-03
7.412677857000000000e+09	1.498960099999999953e-03	3.931296100000000390e-03
7.412680286000000000e+09	1.515245699999999938e-03	3.900600699999999966e-03
7.412682714000000000e+09	1.517885500000000021e-03	3.917045499999999812e-03
7.412685143000000000e+09	1.429673000000000012e-03	3.989728900000000418e-03
7.412687571000000000e+09	1.494604799999999910e-03	3.893732000000000009e-03
7.412690000000000000e+09	1.546275200000000018e-03	3.883752700000000103e-03
7.412692429000000000e+09	1.551977800000000013e-03	3.896418200000000085e-03
7.412694857000000000e+09	1.515847600000000059e-03	3.962010900000000058e-03
7.412697286000000000e+09	1.546479199999999977e-03	3.929483200000000176e-03
7.412699714000000000e+09	1.552657499999999993e-03	3.888115100000000181e-03
7.412702143000000000e+09	1.559724900000000053e-03	3.948196999999999644e-03
7.412704571000000000e+09	1.557913900000000053e-03	3.825274200000000104e-03
7.412707000000000000e+09	1.616293399999999903e-03	3.941080199999999652e-03
7.412709429000000000e+09	1.577735399999999951e-03	3.874607200000000033e-03
7.412711857000000000e+09	1.566895000000000007e-03	3.916738700000000142e-03
7.412714286000000000e+09	1.588189500000000004e-03	3.887096899999999914e-03
7.412716714000000000e+09	1.554257299999999963e-03	3.863264800000000207e-03
7.412719143000000000e+09	1.580648200000000104e-03	3.866812199999999922e-03
7.412721571000000000e+09	1.577173999999999980e-03	3.877454099999999831e-03
7.412724000000000000e+09	1.589990199999999961e-03	3.878013200000000101e-03
7.412726429000000000e+09	1.643726299999999970e-03	3.881672499999999811e-03
7.412728857000000000e+09	1.607953899999999946e-03	3.813004400000000182e-03
7.412731286000000000e+09	1.607118299999999930e-03	3.917433300000000215e-03
7.412733714000000000e+09	1.658092099999999933e-03	3.923845599999999795e-03
7.412736143000000000e+09	1.563737200000000008e-03	3.862943699999999998e-03
7.412738571000000000e+09	1.652140299999999961e-03	3.841175799999999897e-03
7.412741000000000000e+09	1.688439199999999980e-03	3.908821199999999892e-03
7.412743429000000000e+09	1.654250599999999892e-03	3.903735099999999791e-03
7.412745857000000000e+09	1.677344299999999986e-03	3.855254900000000106e-03
7.412748286000000000e+09	1.639656900000000059e-03	3.813504100000000147e-03
7.412750714000000000e+09	1.678666600000000087e-03	3.788415700000000077e-03
7.412753143000000000e+09	1.681435599999999992e-03	3.847684999999999994e-03
7.412755571000000000e+09	1.733235299999999956e-03	3.841177700000000111e-03
7.412758000000000000e+09	1.669347199999999913e-03	3.869636300000000185e-03
7.412760429000000000e+09	1.635496099999999989e-03	3.786156599999999928e-03
7.412762857000000000e+09	1.695949700000000003e-03	3.801402199999999801e-03
7.412765286000000000e+09	1.655050500000000094e-03	3.864692700000000106e-03
7.412767714000000000e+09	1.671040200000000007e-03	3.878339299999999847e-03
7.412770143000000000e+09	1.640623699999999930e-03	3.791458399999999857e-03
7.412772571000000000e+09	1.757131799999999940e-03	3.785318900000000063e-03
7.412775000000000000e+09	1.714625399999999923e-03	3.896045500000000061e-03
7.412777429000000000e+09	1.700982300000000074e-03	3.828413499999999865e-03
7.412779857000000000e+09	1.696651200000000043e-03	3.785703899999999945e-03
7.412782286000000000e+09	1.705297599999999920e-03	3.814893699999999995e-03
7.412784714000000000e+09	1.699035800000000054e-03	3.832820700000000042e-03
7.412787143000000000e+09	1.661012799999999961e-03	3.794918600000000194e-03
7.412789571000000000e+09	1.738720100000000057e-03	3.776321000000000018e-03
7.412792000000000000e+09	1.789300400000000098e-03	3.798687099999999844e-03
7.412794429000000000e+09	1.816566300000000030e-03	3.829868800000000000e-03
7.412796857000000000e+09	1.802598299999999976e-03	3.836797900000000171e-03
7.412799286000000000e+09	1.758069500000000078e-03	3.774625700000000007e-03
7.412801714000000000e+09	1.816906299999999962e-03	3.814898599999999931e-03
7.412804143000000000e+09	1.792425399999999971e-03	3.791254799999999817e-03
7.412806571000000000e+09	1.837965900000000088e-03	3.798442400000000101e-03
7.412809000000000000e+09	1.854455399999999999e-03	3.734102600000000199e-03
7.412811429000000000e+09	1.780736900000000084e-03	3.788932200000000132e-03
7.412813857000000000e+09	1.874109500000000058e-03	3.774096099999999822e-03
7.412816286000000000e+09	1.783511800000000050e-03	3.834645700000000046e-03
7.412818714000000000e+09	1.754007599999999906e-03	3.803995299999999788e-03
7.412821143000000000e+09	1.851336099999999901e-03	3.785177499999999983e-03
7.412823571000000000e+09	1.802167099999999952e-03	3.725224200000000138e-03
7.412826000000000000e+09	1.816709600000000107e-03	3.784290200000000118e-03
7.412828429000000000e+09	1.860858200000000025e-03	3.775315100000000042e-03
7.412830857000000000e+09	1.805548400000000055e-03	3.796276600000000109e-03
7.412833286000000000e+09	1.881709199999999924e-03	3.796619900000000082e-03
7.412835714000000000e+09	1.947650300000000091e-03	3.768392100000000217e-03
7.412838143000000000e+09	1.809899499999999967e-03	3.749393000000000170e-03
7.412840571000000000e+09	1.899236500000000064e-03	3.757683300000000046e-03
7.412843000000000000e+09	1.846121000000000047e-03	3.711448500000000175e-03
7.412845429000000000e+09	1.915147600000000061e-03	3.693759599999999789e-03
7.412847857000000000e+09	1.858826299999999940e-03	3.666356700000000194e-03
7.412850286000000000e+09	1.895262700000000010e-03	3.746306599999999799e-03
7.412852714000000000e+09	1.897985200000000105e-03	3.718054599999999921e-03
7.412855143000000000e+09	1.996961900000000095e-03	3.736612199999999901e-03
7.412857571000000000e+09	1.969800800000000122e-03	3.742955699999999872e-03
7.412860000000000000e+09	1.909972800000000071e-03	3.700153299999999965e-03
7.412862429000000000e+09	1.946005599999999988e-03	3.699215499999999792e-03
7.412864857000000000e+09	1.921574899999999985e-03	3.604368699999999960e-03
7.412867286000000000e+09	1.915819499999999983e-03	3.713401299999999957e-03
7.412869714000000000e+09	1.880164799999999980e-03	3.740765000000000062e-03
7.412872143000000000e+09	1.939432600000000036e-03	3.691999499999999799e-03
7.412874571000000000e+09	1.932775799999999914e-03	3.675840899999999970e-03
7.412877000000000000e+09	1.942916800000000100e-03	3.713165000000000042e-03
7.412879429000000000e+09	1.960523699999999845e-03	3.648609900000000014e-03
7.412881857000000000e+09	1.942337599999999914e-03	3.666487899999999831e-03
7.412884286000000000e+09	1.945495300000000096e-03	3.668639599999999786e-03
7.412886714000000000e+09	2.007859600000000064e-03	3.699974799999999810e-03
7.412889143000000000e+09	1.985943300000000099e-03	3.719134099999999842e-03
7.412891571000000000e+09	2.042502900000000166e-03	3.718736900000000137e-03
7.412894000000000000e+09	2.007500299999999838e-03	3.640282700000000132e-03
7.412896429000000000e+09	2.005219099999999959e-03	3.605285399999999876e-03
7.412898857000000000e+09	2.001675799999999908e-03	3.714873300000000149e-03
7.412901286000000000e+09	2.001617199999999874e-03	3.679551000000000089e-03
7.412903714000000000e+09	2.004340600000000059e-03	3.553495299999999933e-03
7.412906143000000000e+09	1.938811900000000010e-03	3.599384499999999914e-03
7.412908571000000000e+09	1.999263900000000128e-03	3.670520000000000033e-03
7.412911000000000000e+09	1.991218500000000065e-03	3.682430100000000026e-03
7.412913429000000000e+09	2.069414199999999957e-03	3.592042299999999820e-03
7.412915857000000000e+09	1.990888299999999788e-03	3.647782000000000021e-03
7.412918286000000000e+09	2.087427700000000011e-03	3.615135700000000028e-03
7.412920714000000000e+09	2.025898700000000174e-03	3.646471999999999995e-03
7.412923143000000000e+09	2.022618999999999806e-03	3.666932600000000122e-03
7.412925571000000000e+09	2.082452299999999930e-03	3.624107399999999812e-03
7.412928000000000000e+09	2.050999899999999838e-03	3.596025999999999997e-03
7.412930429000000000e+09	2.057925899999999819e-03	3.614660799999999848e-03
7.412932857000000000e+09	2.051349499999999791e-03	3.615178100000000175e-03
7.412935286000000000e+09	2.009153499999999804e-03	3.643169800000000194e-03
7.412937714000000000e+09	2.045749300000000021e-03	3.575727500000000069e-03
7.412940143000000000e+09	2.090770799999999881e-03	3.691169499999999958e-03
7.412942571000000000e+09	2.078357800000000134e-03	3.607087200000000209e-03
7.412945000000000000e+09	2.166412600000000143e-03	3.631034600000000202e-03
7.412947429000000000e+09	2.109692900000000124e-03	3.569733700000000086e-03
7.412949857000000000e+09	2.142333499999999908e-03	3.606020299999999814e-03
7.412952286000000000e+09	2.081571200000000010e-03	3.623092599999999837e-03
7.412954714000000000e+09	2.115087600000000075e-03	3.586824399999999878e-03
7.412957143000000000e+09	2.138591000000000016e-03	3.552663900000000048e-03
7.412959571000000000e+09	2.105472299999999828e-03	3.509290999999999886e-03
7.412962000000000000e+09	2.118575599999999916e-03	3.562234300000000162e-03
7.412964429000000000e+09	2.156851600000000199e-03	3.610754900000000180e-03
7.412966857000000000e+09	2.134177599999999893e-03	3.550987299999999909e-03
7.412969286000000000e+09	2.135313099999999829e-03	3.610613500000000101e-03
7.412971714000000000e+09	2.222316199999999856e-03	3.564307400000000202e-03
7.412974143000000000e+09	2.146117300000000006e-03	3.499880999999999825e-03
7.412976571000000000e+09	2.149327800000000194e-03	3.548900800000000071e-03
7.412979000000000000e+09	2.166570799999999880e-03	3.526255500000000011e-03
7.412981429000000000e+09	2.155010900000000045e-03	3.589259899999999899e-03
7.412983857000000000e+09	2.142550400000000146e-03	3.497880699999999891e-03
7.412986286000000000e+09	2.159273299999999850e-03	3.529346599999999817e-03
7.412988714000000000e+09	2.221814800000000180e-03	3.605658099999999901e-03
7.412991143000000000e+09	2.208283699999999926e-03	3.493046799999999924e-03
7.412993571000000000e+09	2.138510100000000184e-03	3.473979600000000074e-03
7.412996000000000000e+09	2.138654399999999952e-03	3.523838499999999794e-03
7.412998429000000000e+09	2.123244800000000099e-03	3.530370399999999825e-03
7.413000857000000000e+09	2.175906599999999792e-03	3.521878999999999895e-03
7.413003286000000000e+09	2.243290399999999917e-03	3.516509799999999967e-03
7.413005714000000000e+09	2.205344100000000175e-03	3.469906999999999939e-03
7.413008143000000000e+09	2.243184499999999800e-03	3.492338800000000052e-03
7.413010571000000000e+09	2.207217500000000204e-03	3.490318000000000066e-03
7.413013000000000000e+09	2.185104900000000086e-03	3.494929300000000020e-03
7.413015429000000000e+09	2.270180799999999954e-03	3.463051999999999884e-03
7.413017857000000000e+09	2.200943800000000183e-03	3.480421000000000036e-03
7.413020286000000000e+09	2.250662999999999969e-03	3.527312600000000100e-03
7.413022714000000000e+09	2.264149000000000023e-03	3.451015100000000019e-03
7.413025143000000000e+09	2.249537900000000111e-03	3.489696599999999801e-03
7.413027571000000000e+09	2.276850899999999841e-03	3.477523900000000032e-03
7.413030000000000000e+09	2.301898200000000207e-03	3.454709700000000057e-03
7.413032429000000000e+09	2.187752800000000112e-03	3.482694100000000188e-03
7.413034857000000000e+09	2.261822299999999807e-03	3.462952000000000044e-03
7.413037286000000000e+09	2.286873100000000065e-03	3.449938599999999821e-03
7.413039714000000000e+09	2.273834399999999888e-03	3.477048999999999852e-03
7.413042143000000000e+09	2.249611600000000090e-03	3.492678800000000201e-03
7.413044571000000000e+09	2.306745900000000109e-03	3.433214899999999844e-03
7.413047000000000000e+09	2.314332100000000142e-03	3.402887900000000146e-03
7.413049429000000000e+09	2.378403399999999990e-03	3.391296700000000046e-03
7.413051857000000000e+09	2.330393999999999955e-03	3.381576299999999955e-03
7.413054286000000000e+09	2.324453099999999797e-03	3.413657699999999868e-03
7.413056714000000000e+09	2.370472399999999907e-03	3.363729299999999867e-03
7.413059143000000000e+09	2.328788500000000209e-03	3.426429899999999806e-03
7.413061571000000000e+09	2.371230099999999813e-03	3.406899599999999896e-03
7.413064000000000000e+09	2.328801000000000135e-03	3.338462400000000076e-03
7.413066429000000000e+09	2.329030399999999865e-03	3.403576199999999805e-03
7.413068857000000000e+09	2.359432199999999917e-03	3.447588200000000196e-03
7.413071286000000000e+09	2.312804600000000106e-03	3.401812599999999923e-03
7.413073714000000000e+09	2.367883999999999788e-03	3.431089300000000116e-03
7.413076143000000000e+09	2.363873900000000149e-03	3.385473899999999828e-03
7.413078571000000000e+09	2.359036000000000119e-03	3.414639900000000002e-03
7.413081000000000000e+09	2.310237100000000175e-03	3.438797300000000050e-03
7.413083429000000000e+09	2.373417599999999832e-03	3.363767000000000146e-03
7.413085857000000000e+09	2.460597399999999834e-03	3.460320900000000109e-03
7.413088286000000000e+09	2.426885499999999890e-03	3.363234399999999805e-03
7.413090714000000000e+09	2.396808700000000077e-03	3.359094300000000071e-03
7.413093143000000000e+09	2.349670700000000122e-03	3.383180400000000091e-03
7.413095571000000000e+09	2.374647299999999798e-03	3.400128200000000159e-03
7.413098000000000000e+09	2.373183799999999902e-03	3.366497899999999852e-03
7.413100429000000000e+09	2.378687899999999862e-03	3.428228199999999812e-03
7.413102857000000000e+09	2.371619599999999928e-03	3.301359700000000043e-03
7.413105286000000000e+09	2.445803900000000173e-03	3.331699899999999905e-03
7.413107714000000000e+09	2.427732900000000027e-03	3.299127800000000062e-03
7.413110143000000000e+09	2.497020400000000105e-03	3.302991700000000152e-03
7.413112571000000000e+09	2.477783800000000168e-03	3.315331400000000057e-03
7.413115000000000000e+09	2.428045800000000042e-03	3.311451300000000080e-03
7.413117429000000000e+09	2.434012299999999823e-03	3.310035900000000107e-03
7.413119857000000000e+09	2.439274899999999829e-03	3.440703399999999954e-03
7.413122286000000000e+09	2.458258899999999931e-03	3.347636599999999959e-03
7.413124714000000000e+09	2.426903499999999957e-03	3.259121399999999943e-03
7.413127143000000000e+09	2.448825400000000097e-03	3.414965800000000114e-03
7.413129571000000000e+09	2.459149199999999952e-03	3.262127499999999819e-03
7.413132000000000000e+09	2.536514100000000164e-03	3.354391400000000106e-03
7.413134429000000000e+09	2.521499500000000133e-03	3.233271399999999938e-03
7.413136857000000000e+09	2.577590399999999966e-03	3.296560000000000028e-03
7.413139286000000000e+09	2.515523899999999851e-03	3.293980399999999874e-03
7.413141714000000000e+09	2.478891100000000028e-03	3.320552799999999891e-03
7.413144143000000000e+09	2.450799599999999804e-03	3.236418599999999791e-03
7.413146571000000000e+09	2.499974800000000132e-03	3.248265699999999985e-03
7.413149000000000000e+09	2.516422199999999998e-03	3.200434299999999933e-03
7.413151429000000000e+09	2.480685700000000073e-03	3.165659300000000023e-03
7.413153857000000000e+09	2.506128299999999930e-03	3.186948000000000211e-03
7.413156286000000000e+09	2.534542800000000144e-03	3.269405700000000206e-03
7.413158714000000000e+09	2.494150599999999871e-03	3.187473499999999866e-03
7.413161143000000000e+09	2.585372099999999878e-03	3.257924100000000184e-03
7.413163571000000000e+09	2.581836899999999987e-03	3.225002199999999885e-03
7.413166000000000000e+09	2.510302399999999982e-03	3.252536900000000189e-03
7.413168429000000000e+09	2.570755100000000123e-03	3.209545099999999880e-03
7.413170857000000000e+09	2.541342299999999922e-03	3.245927899999999887e-03
7.413173286000000000e+09	2.583156000000000081e-03	3.189604999999999871e-03
7.413175714000000000e+09	2.574015299999999912e-03	3.195064699999999869e-03
7.413178143000000000e+09	2.619083300000000017e-03	3.169932600000000076e-03
7.413180571000000000e+09	2.540553200000000150e-03	3.215896099999999806e-03
7.413183000000000000e+09	2.617145100000000009e-03	3.273833500000000035e-03
7.413185429000000000e+09	2.585471599999999981e-03	3.220408899999999998e-03
7.413187857000000000e+09	2.580591100000000169e-03	3.135121700000000067e-03
7.413190286000000000e+09	2.611880799999999857e-03	3.174822999999999795e-03
7.413192714000000000e+09	2.535072900000000067e-03	3.258883100000000213e-03
7.413195143000000000e+09	2.638841600000000048e-03	3.139251300000000123e-03
7.413197571000000000e+09	2.600992400000000024e-03	3.127511800000000192e-03
7.413200000000000000e+09	2.640501099999999993e-03	3.117745700000000130e-03
7.413202429000000000e+09	2.604610499999999995e-03	3.201210199999999974e-03
7.413204857000000000e+09	2.620598999999999932e-03	3.125442700000000216e-03
7.413207286000000000e+09	2.582982799999999999e-03	3.202194099999999821e-03
7.413209714000000000e+09	2.592516899999999878e-03	3.148471999999999816e-03
7.413212143000000000e+09	2.654821099999999951e-03	3.144784199999999929e-03
7.413214571000000000e+09	2.651071300000000172e-03	3.052855199999999786e-03
7.413217000000000000e+09	2.637521099999999910e-03	3.108918899999999885e-03
7.413219429000000000e+09	2.628001599999999806e-03	3.096172999999999807e-03
7.413221857000000000e+09	2.624021600000000023e-03	3.090549199999999795e-03
7.413224286000000000e+09	2.682320299999999859e-03	3.106776900000000202e-03
7.413226714000000000e+09	2.622981999999999831e-03	3.125313800000000062e-03
7.413229143000000000e+09	2.620952699999999982e-03	3.063014800000000027e-03
7.413231571000000000e+09	2.671485300000000021e-03	3.078800000000000026e-03
7.413234000000000000e+09	2.607588599999999864e-03	3.119444500000000033e-03
7.413236429000000000e+09	2.694189899999999919e-03	3.056331099999999839e-03
7.413238857000000000e+09	2.715791400000000088e-03	3.017600699999999862e-03
7.413241286000000000e+09	2.686448599999999905e-03	3.100751399999999817e-03
7.413243714000000000e+09	2.670955400000000167e-03	3.029897000000000146e-03
7.413246143000000000e+09	2.641502500000000170e-03	3.003078000000000171e-03
7.413248571000000000e+09	2.725639800000000026e-03	3.034279200000000037e-03
7.413251000000000000e+09	2.755640900000000046e-03	3.075195499999999922e-03
7.413253429000000000e+09	2.655928000000000108e-03	3.078280999999999986e-03
7.413255857000000000e+09	2.641956300000000094e-03	3.035950500000000104e-03
7.413258286000000000e+09	2.707108800000000010e-03	3.061903700000000172e-03
7.413260714000000000e+09	2.722809999999999987e-03	3.028448799999999830e-03
7.413263143000000000e+09	2.737849100000000133e-03	3.062783600000000116e-03
7.413265571000000000e+09	2.766182500000000013e-03	3.056881000000000008e-03
7.413268000000000000e+09	2.719579399999999883e-03	3.023832199999999804e-03
7.413270429000000000e+09	2.669724999999999963e-03	3.008568799999999932e-03
7.413272857000000000e+09	2.690057999999999946e-03	3.046446099999999997e-03
7.413275286000000000e+09	2.778597299999999940e-03	2.956999699999999891e-03
7.413277714000000000e+09	2.839888100000000082e-03	2.935141899999999925e-03
7.413280143000000000e+09	2.701366399999999886e-03	2.987807999999999783e-03
7.413282571000000000e+09	2.766255999999999923e-03	2.947046000000000041e-03
7.413285000000000000e+09	2.662129400000000194e-03	2.902440699999999860e-03
7.413287429000000000e+09	2.765095100000000000e-03	2.974566399999999805e-03
7.413289857000000000e+09	2.721030100000000184e-03	2.958482599999999896e-03
7.413292286000000000e+09	2.780620200000000208e-03	2.943632299999999948e-03
7.413294714000000000e+09	2.734595099999999855e-03	2.983200100000000122e-03
7.413297143000000000e+09	2.822611100000000078e-03	3.021069300000000027e-03
7.413299571000000000e+09	2.847484500000000123e-03	2.942261399999999971e-03
7.413302000000000000e+09	2.767801099999999889e-03	2.927418199999999842e-03
7.413304429000000000e+09	2.778600300000000096e-03	2.867601799999999843e-03
7.413306857000000000e+09	2.791761199999999877e-03	2.871023400000000027e-03
7.413309286000000000e+09	2.826870799999999830e-03	2.854721900000000041e-03
7.413311714000000000e+09	2.761475399999999917e-03	2.877826300000000097e-03
7.413314143000000000e+09	2.807929299999999909e-03	2.863403400000000178e-03
7.413316571000000000e+09	2.856485099999999788e-03	2.859931300000000121e-03
7.413319000000000000e+09	2.836819100000000007e-03	2.895545700000000042e-03
7.413321429000000000e+09	2.834135299999999882e-03	2.967477200000000117e-03
7.413323857000000000e+09	2.786384199999999891e-03	2.886701000000000197e-03
7.413326286000000000e+09	2.807248400000000171e-03	2.919682299999999935e-03
7.413328714000000000e+09	2.866121899999999993e-03	2.903866499999999910e-03
7.413331143000000000e+09	2.859078000000000140e-03	2.903722699999999879e-03
7.413333571000000000e+09	2.827059800000000095e-03	2.879178200000000101e-03
7.413336000000000000e+09	2.877436000000000143e-03	2.814015899999999879e-03
7.413338429000000000e+09	2.899525200000000087e-03	2.871502100000000203e-03
7.413340857000000000e+09	2.852295500000000088e-03	2.833499699999999979e-03
7.413343286000000000e+09	2.850389999999999955e-03	2.810267100000000007e-03
7.413345714000000000e+09	2.843107899999999973e-03	2.876916299999999864e-03
7.413348143000000000e+09	2.857241300000000050e-03	2.786426399999999970e-03
7.413350571000000000e+09	2.853595600000000208e-03	2.776683199999999910e-03
7.413353000000000000e+09	2.902954100000000159e-03	2.799160099999999790e-03
7.413355429000000000e+09	2.890325400000000149e-03	2.873122799999999928e-03
7.413357857000000000e+09	2.804423300000000001e-03	2.830916800000000001e-03
7.413360286000000000e+09	2.877039899999999945e-03	2.764807099999999802e-03
7.413362714000000000e+09	2.803258900000000185e-03	2.776896300000000154e-03
7.413365143000000000e+09	2.873952099999999964e-03	2.776481099999999948e-03
7.413367571000000000e+09	2.884902200000000021e-03	2.788709400000000029e-03
7.413370000000000000e+09	2.874679199999999844e-03	2.822400499999999819e-03
7.413372429000000000e+09	2.914996799999999832e-03	2.742171800000000118e-03
7.413374857000000000e+09	2.900853200000000180e-03	2.757683899999999796e-03
7.413377286000000000e+09	2.893766600000000078e-03	2.726976199999999947e-03
7.413379714000000000e+09	2.967631499999999825e-03	2.704602500000000131e-03
7.413382143000000000e+09	2.945731999999999951e-03	2.705798799999999983e-03
7.413384571000000000e+09	2.932653700000000148e-03	2.781650399999999797e-03
7.413387000000000000e+09	2.917855500000000185e-03	2.762802700000000205e-03
7.413389429000000000e+09	2.909530799999999855e-03	2.731454999999999821e-03
7.413391857000000000e+09	2.946038000000000216e-03	2.740063599999999818e-03
7.413394286000000000e+09	2.944975399999999986e-03	2.747128699999999962e-03
7.413396714000000000e+09	2.862804799999999882e-03	2.753821200000000115e-03
7.413399143000000000e+09	2.961033699999999873e-03	2.767147599999999954e-03
7.413401571000000000e+09	2.976902899999999894e-03	2.790276099999999988e-03
7.413404000000000000e+09	2.976264199999999801e-03	2.706486399999999837e-03
7.413406429000000000e+09	2.986584400000000163e-03	2.712287500000000028e-03
7.413408857000000000e+09	3.058477400000000120e-03	2.681882500000000186e-03
7.413411286000000000e+09	2.965747400000000051e-03	2.644025800000000207e-03
7.413413714000000000e+09	2.955342699999999930e-03	2.694618699999999992e-03
7.413416143000000000e+09	2.971347599999999822e-03	2.598019799999999862e-03
7.413418571000000000e+09	2.958437200000000027e-03	2.594294500000000198e-03
7.413421000000000000e+09	3.009810899999999789e-03	2.658047099999999788e-03
7.413423429000000000e+09	3.052284900000000033e-03	2.629041300000000032e-03
7.413425857000000000e+09	2.994261299999999900e-03	2.642897799999999794e-03
7.413428286000000000e+09	3.074936700000000141e-03	2.598453599999999905e-03
7.413430714000000000e+09	3.065865899999999956e-03	2.720286200000000213e-03
7.413433143000000000e+09	2.957811700000000099e-03	2.670285300000000209e-03
7.413435571000000000e+09	3.031565600000000159e-03	2.637237399999999878e-03
7.413438000000000000e+09	2.998205199999999949e-03	2.592341299999999845e-03
7.413440429000000000e+09	2.990975600000000088e-03	2.568382100000000164e-03
7.413442857000000000e+09	3.029249400000000054e-03	2.559290999999999996e-03
7.413445286000000000e+09	3.034256999999999840e-03	2.609647499999999832e-03
7.413447714000000000e+09	3.068672699999999958e-03	2.561340899999999931e-03
7.413450143000000000e+09	3.029993500000000093e-03	2.638826600000000137e-03
7.413452571000000000e+09	2.955470899999999845e-03	2.574756200000000161e-03
7.413455000000000000e+09	3.000667500000000001e-03	2.634109500000000100e-03
7.413457429000000000e+09	3.045291299999999986e-03	2.525030799999999995e-03
7.413459857000000000e+09	3.058703299999999958e-03	2.584730600000000132e-03
7.413462286000000000e+09	3.030576399999999806e-03	2.523113600000000210e-03
7.413464714000000000e+09	3.075917100000000095e-03	2.589870399999999896e-03
7.413467143000000000e+09	3.035829400000000008e-03	2.549495599999999917e-03
7.413469571000000000e+09	3.143820199999999929e-03	2.568473200000000005e-03
7.413472000000000000e+09	3.060029599999999905e-03	2.554923900000000050e-03
7.413474429000000000e+09	3.076034300000000162e-03	2.467689999999999814e-03
7.413476857000000000e+09	3.061586800000000094e-03	2.516853299999999988e-03
7.413479286000000000e+09	3.116882899999999946e-03	2.511131700000000019e-03
7.413481714000000000e+09	3.072049500000000044e-03	2.541950399999999988e-03
7.413484143000000000e+09	3.079534799999999930e-03	2.474205599999999925e-03
7.413486571000000000e+09	3.164673499999999962e-03	2.544510199999999896e-03
7.413489000000000000e+09	3.153711899999999888e-03	2.524101600000000153e-03
7.413491429000000000e+09	3.081012299999999829e-03	2.522585200000000000e-03
7.413493857000000000e+09	3.084498199999999822e-03	2.445434900000000109e-03
7.413496286000000000e+09	3.152074500000000105e-03	2.501704699999999799e-03
7.413498714000000000e+09	3.152318299999999976e-03	2.472194500000000211e-03
7.413501143000000000e+09	3.054813899999999846e-03	2.408993900000000205e-03
7.413503571000000000e+09	3.170876600000000194e-03	2.441030900000000156e-03
7.413506000000000000e+09	3.163422999999999843e-03	2.448894200000000139e-03
7.413508429000000000e+09	3.175579300000000091e-03	2.448101199999999904e-03
7.413510857000000000e+09	3.139516599999999952e-03	2.469761799999999844e-03
7.413513286000000000e+09	3.172531699999999941e-03	2.399028499999999835e-03
7.413515714000000000e+09	3.142180999999999967e-03	2.444618099999999999e-03
7.413518143000000000e+09	3.112284800000000157e-03	2.371497800000000027e-03
7.413520571000000000e+09	3.172558199999999870e-03	2.437696200000000115e-03
7.413523000000000000e+09	3.125023599999999981e-03	2.376899000000000026e-03
7.413525429000000000e+09	3.147144399999999859e-03	2.402140699999999896e-03
7.413527857000000000e+09	3.110231599999999964e-03	2.363187599999999871e-03
7.413530286000000000e+09	3.149079099999999975e-03	2.328716599999999977e-03
7.413532714000000000e+09	3.164615500000000133e-03	2.392324099999999960e-03
7.413535143000000000e+09	3.210788100000000044e-03	2.356890600000000145e-03
7.413537571000000000e+09	3.163383599999999851e-03	2.367094399999999845e-03
7.413540000000000000e+09	3.143826800000000012e-03	2.352486999999999894e-03
7.413542429000000000e+09	3.171471199999999994e-03	2.343894999999999919e-03
7.413544857000000000e+09	3.219197599999999802e-03	2.358166399999999784e-03
7.413547286000000000e+09	3.182393899999999814e-03	2.312071299999999847e-03
7.413549714000000000e+09	3.303056999999999868e-03	2.385045699999999939e-03
7.413552143000000000e+09	3.242951899999999867e-03	2.330711000000000067e-03
7.413554571000000000e+09	3.235078100000000206e-03	2.332772800000000157e-03
7.413557000000000000e+09	3.221778299999999897e-03	2.344185999999999839e-03
7.413559429000000000e+09	3.201224199999999978e-03	2.301607800000000058e-03
7.413561857000000000e+09	3.180112799999999969e-03	2.270326899999999901e-03
7.413564286000000000e+09	3.219203500000000079e-03	2.318361299999999788e-03
7.413566714000000000e+09	3.222723600000000025e-03	2.239071300000000132e-03
7.413569143000000000e+09	3.201494999999999948e-03	2.324412200000000161e-03
7.413571571000000000e+09	3.282571900000000060e-03	2.313116699999999849e-03
7.413574000000000000e+09	3.217239599999999981e-03	2.251041000000000066e-03
7.413576429000000000e+09	3.172376699999999994e-03	2.229270199999999844e-03
7.413578857000000000e+09	3.283707600000000063e-03	2.260384299999999933e-03
7.413581286000000000e+09	3.251619600000000068e-03	2.231645799999999822e-03
7.413583714000000000e+09	3.266500199999999941e-03	2.250347199999999832e-03
7.413586143000000000e+09	3.277039399999999957e-03	2.200603299999999863e-03
7.413588571000000000e+09	3.221313999999999862e-03	2.216554600000000125e-03
7.413591000000000000e+09	3.226507500000000157e-03	2.203507700000000187e-03
7.413593429000000000e+09	3.267897300000000178e-03	2.197572599999999838e-03
7.413595857000000000e+09	3.250736499999999900e-03	2.202587399999999911e-03
7.413598286000000000e+09	3.282176099999999964e-03	2.265536399999999988e-03
7.413600714000000000e+09	3.273113900000000111e-03	2.169175399999999886e-03
7.413603143000000000e+09	3.272319200000000164e-03	2.191187700000000061e-03
7.413605571000000000e+09	3.330668900000000043e-03	2.184104000000000080e-03
7.413608000000000000e+09	3.285371500000000208e-03	2.213135299999999858e-03
7.413610429000000000e+09	3.272571000000000160e-03	2.109863999999999924e-03
7.413612857000000000e+09	3.292498500000000210e-03	2.084283100000000177e-03
7.413615286000000000e+09	3.324013099999999828e-03	2.241155099999999917e-03
7.413617714000000000e+09	3.255348400000000059e-03	2.092630800000000110e-03
7.413620143000000000e+09	3.288360799999999994e-03	2.160178000000000011e-03
7.413622571000000000e+09	3.277858499999999984e-03	2.088364699999999911e-03
7.413625000000000000e+09	3.288529899999999978e-03	2.112517700000000193e-03
7.413627429000000000e+09	3.311762800000000052e-03	2.114164400000000110e-03
7.413629857000000000e+09	3.396622800000000022e-03	2.134195199999999824e-03
7.413632286000000000e+09	3.330794299999999871e-03	2.002490699999999804e-03
7.413634714000000000e+09	3.333728499999999949e-03	2.057509700000000139e-03
7.413637143000000000e+09	3.313793399999999910e-03	2.088073800000000025e-03
7.413639571000000000e+09	3.351739199999999915e-03	2.036389100000000028e-03
7.413642000000000000e+09	3.294857500000000165e-03	2.044774599999999842e-03
7.413644429000000000e+09	3.338214099999999972e-03	2.005557900000000133e-03
7.413646857000000000e+09	3.298221899999999925e-03	2.062775000000000199e-03
7.413649286000000000e+09	3.409321900000000186e-03	1.998074900000000164e-03
7.413651714000000000e+09	3.372421000000000012e-03	2.040811899999999887e-03
7.413654143000000000e+09	3.302129999999999909e-03	2.017789099999999902e-03
7.413656571000000000e+09	3.348851099999999945e-03	1.963471400000000189e-03
7.413659000000000000e+09	3.328449399999999954e-03	1.933478399999999896e-03
7.413661429000000000e+09	3.374157999999999932e-03	1.996987200000000049e-03
7.413663857000000000e+09	3.324922599999999891e-03	2.000131599999999815e-03
7.413666286000000000e+09	3.376927599999999825e-03	2.007205199999999821e-03
7.413668714000000000e+09	3.291930000000000203e-03	1.953887599999999843e-03
7.413671143000000000e+09	3.287424900000000035e-03	1.966026899999999931e-03
7.413673571000000000e+09	3.354747099999999971e-03	1.971972800000000060e-03
7.413676000000000000e+09	3.421916499999999844e-03	1.907109599999999919e-03
7.413678429000000000e+09	3.324888099999999836e-03	1.956594900000000175e-03
7.413680857000000000e+09	3.378146900000000147e-03	1.968228800000000091e-03
7.413683286000000000e+09	3.378069200000000105e-03	2.002447300000000183e-03
7.413685714000000000e+09	3.341265200000000015e-03	1.923098800000000094e-03
7.413688143000000000e+09	3.380192100000000213e-03	1.939566399999999909e-03
7.413690571000000000e+09	3.386973900000000027e-03	1.946378699999999932e-03
7.413693000000000000e+09	3.318423899999999906e-03	1.835758100000000085e-03
7.413695429000000000e+09	3.375696400000000215e-03	1.906741999999999899e-03
7.413697857000000000e+09	3.328962899999999853e-03	1.869847599999999990e-03
7.413700286000000000e+09	3.346730300000000120e-03	1.959550000000000007e-03
7.413702714000000000e+09	3.433000199999999922e-03	1.870361600000000060e-03
7.413705143000000000e+09	3.366211999999999937e-03	1.810692399999999950e-03
7.413707571000000000e+09	3.379146100000000007e-03	1.880351699999999963e-03
7.413710000000000000e+09	3.406024799999999957e-03	1.886504599999999990e-03
7.413712429000000000e+09	3.371675399999999895e-03	1.827636099999999921e-03
7.413714857000000000e+09	3.368565599999999785e-03	1.858839500000000105e-03
7.413717286000000000e+09	3.458371999999999922e-03	1.847980699999999957e-03
7.413719714000000000e+09	3.368580600000000130e-03	1.784315799999999915e-03
7.413722143000000000e+09	3.435830500000000131e-03	1.809873000000000037e-03
7.413724571000000000e+09	3.451512800000000169e-03	1.813639799999999976e-03
7.413727000000000000e+09	3.482099599999999989e-03	1.774033099999999981e-03
7.413729429000000000e+09	3.492897000000000016e-03	1.815873800000000022e-03
7.413731857000000000e+09	3.421160199999999981e-03	1.812445499999999939e-03
7.413734286000000000e+09	3.447932099999999941e-03	1.780988600000000047e-03
7.413736714000000000e+09	3.350679899999999944e-03	1.763456800000000107e-03
7.413739143000000000e+09	3.425436699999999824e-03	1.827442999999999993e-03
7.413741571000000000e+09	3.422293099999999897e-03	1.824639500000000032e-03
7.413744000000000000e+09	3.519983300000000068e-03	1.765376599999999912e-03
7.413746429000000000e+09	3.455855700000000103e-03	1.723864000000000082e-03
7.413748857000000000e+09	3.425003499999999985e-03	1.709617999999999988e-03
7.413751286000000000e+09	3.446582200000000186e-03	1.706547000000000099e-03
7.413753714000000000e+09	3.488324399999999815e-03	1.645571599999999957e-03
7.413756143000000000e+09	3.428060399999999838e-03	1.714994999999999974e-03
7.413758571000000000e+09	3.482743999999999857e-03	1.674957599999999909e-03
7.413761000000000000e+09	3.529556100000000134e-03	1.743889399999999906e-03
7.413763429000000000e+09	3.458187000000000153e-03	1.667813700000000000e-03
7.413765857000000000e+09	3.455795199999999855e-03	1.684753599999999976e-03
7.413768286000000000e+09	3.420956399999999873e-03	1.686751999999999913e-03
7.413770714000000000e+09	3.436274300000000115e-03	1.702448399999999988e-03
7.413773143000000000e+09	3.446290099999999891e-03	1.693393799999999907e-03
7.413775571000000000e+09	3.461918500000000197e-03	1.597713400000000091e-03
7.413778000000000000e+09	3.536360899999999984e-03	1.628677499999999986e-03
7.413780429000000000e+09	3.431893300000000199e-03	1.576896200000000008e-03
7.413782857000000000e+09	3.426202000000000154e-03	1.634869900000000039e-03
7.413785286000000000e+09	3.463935699999999823e-03	1.633552799999999977e-03
7.413787714000000000e+09	3.459239499999999974e-03	1.596652199999999905e-03
7.413790143000000000e+09	3.481032700000000028e-03	1.627785899999999956e-03
7.413792571000000000e+09	3.428079100000000143e-03	1.550790999999999932e-03
7.413795000000000000e+09	3.528661299999999879e-03	1.604369600000000009e-03
7.413797429000000000e+09	3.470583900000000048e-03	1.537483299999999964e-03
7.413799857000000000e+09	3.529559399999999958e-03	1.498679900000000030e-03
7.413802286000000000e+09	3.502871500000000020e-03	1.494817199999999915e-03
7.413804714000000000e+09	3.462804400000000019e-03	1.507767099999999952e-03
7.413807143000000000e+09	3.535440200000000005e-03	1.510746600000000082e-03
7.413809571000000000e+09	3.512588100000000116e-03	1.505276600000000041e-03
7.413812000000000000e+09	3.532706200000000109e-03	1.542169199999999987e-03
7.413814429000000000e+09	3.513207400000000098e-03	1.505455099999999978e-03
7.413816857000000000e+09	3.483017200000000212e-03	1.547859200000000022e-03
7.413819286000000000e+09	3.553493200000000084e-03	1.483914200000000091e-03
7.413821714000000000e+09	3.497273799999999801e-03	1.498443599999999898e-03
7.413824143000000000e+09	3.513849999999999786e-03	1.453636099999999938e-03
7.413826571000000000e+09	3.548817499999999854e-03	1.440591200000000032e-03
7.413829000000000000e+09	3.545692300000000130e-03	1.478539600000000056e-03
7.413831429000000000e+09	3.523636699999999934e-03	1.392141900000000041e-03
7.413833857000000000e+09	3.514076100000000126e-03	1.410679300000000072e-03
7.413836286000000000e+09	3.485518099999999984e-03	1.440798799999999918e-03
7.413838714000000000e+09	3.555315500000000035e-03	1.442705700000000094e-03
7.413841143000000000e+09	3.515090299999999897e-03	1.451653900000000105e-03
7.413843571000000000e+09	3.509828899999999866e-03	1.369100100000000082e-03
7.413846000000000000e+09	3.542337000000000003e-03	1.461683999999999987e-03
7.413848429000000000e+09	3.531042299999999964e-03	1.375047600000000106e-03
7.413850857000000000e+09	3.547937200000000207e-03	1.435507500000000099e-03
7.413853286000000000e+09	3.599383299999999938e-03	1.402494800000000062e-03
7.413855714000000000e+09	3.556145100000000173e-03	1.375149900000000079e-03
7.413858143000000000e+09	3.582637300000000163e-03	1.340390899999999988e-03
7.413860571000000000e+09	3.511153700000000169e-03	1.310686199999999994e-03
7.413863000000000000e+09	3.498851299999999973e-03	1.354516000000000053e-03
7.413865429000000000e+09	3.528502199999999835e-03	1.339726500000000022e-03
7.413867857000000000e+09	3.491759599999999866e-03	1.319901000000000060e-03
7.413870286000000000e+09	3.577149999999999861e-03	1.308270800000000105e-03
7.413872714000000000e+09	3.538212700000000020e-03	1.286632299999999896e-03
7.413875143000000000e+09	3.577531300000000216e-03	1.343958400000000051e-03
7.413877571000000000e+09	3.569411700000000003e-03	1.289440200000000055e-03
7.413880000000000000e+09	3.583579800000000204e-03	1.299414200000000106e-03
7.413882429000000000e+09	3.598797500000000104e-03	1.274390600000000016e-03
7.413884857000000000e+09	3.523813700000000011e-03	1.256417400000000044e-03
7.413887286000000000e+09	3.581300500000000105e-03	1.231081599999999960e-03
7.413889714000000000e+09	3.535681900000000027e-03	1.239965599999999979e-03
7.413892143000000000e+09	3.519378300000000192e-03	1.284484000000000016e-03
7.413894571000000000e+09	3.581177599999999829e-03	1.187686799999999919e-03
7.413897000000000000e+09	3.515666000000000190e-03	1.186726699999999949e-03
7.413899429000000000e+09	3.598606600000000058e-03	1.254533599999999938e-03
7.413901857000000000e+09	3.547554799999999911e-03	1.207130500000000006e-03
7.413904286000000000e+09	3.596863300000000159e-03	1.192407900000000019e-03
7.413906714000000000e+09	3.595890100000000058e-03	1.139396499999999939e-03
7.413909143000000000e+09	3.543065099999999790e-03	1.196553499999999893e-03
7.413911571000000000e+09	3.625607900000000182e-03	1.185251700000000035e-03
7.413914000000000000e+09	3.603798000000000071e-03	1.179130600000000010e-03
7.413916429000000000e+09	3.558579399999999785e-03	1.115665100000000094e-03
7.413918857000000000e+09	3.627217299999999957e-03	1.164284499999999976e-03
7.413921286000000000e+09	3.564659600000000175e-03	1.101268099999999899e-03
7.413923714000000000e+09	3.618733399999999982e-03	1.070044499999999984e-03
7.413926143000000000e+09	3.538175100000000208e-03	1.091990699999999953e-03
7.413928571000000000e+09	3.516788600000000063e-03	1.056026999999999964e-03
7.413931000000000000e+09	3.588953800000000034e-03	1.155956999999999991e-03
7.413933429000000000e+09	3.680005100000000116e-03	1.079411400000000092e-03
7.413935857000000000e+09	3.579505900000000060e-03	1.084102100000000016e-03
7.413938286000000000e+09	3.548548099999999927e-03	1.042029299999999974e-03
7.413940714000000000e+09	3.528841699999999814e-03	1.108046899999999991e-03
7.413943143000000000e+09	3.575748699999999926e-03	1.092829200000000091e-03
7.413945571000000000e+09	3.562386600000000056e-03	1.028674999999999945e-03
7.413948000000000000e+09	3.659302599999999898e-03	1.051893099999999959e-03
7.413950429000000000e+09	3.532619299999999966e-03	1.032382999999999999e-03
7.413952857000000000e+09	3.593470000000000084e-03	1.013723499999999965e-03
7.413955286000000000e+09	3.605071899999999930e-03	9.934150000000000966e-04
7.413957714000000000e+09	3.586733999999999842e-03	1.009739099999999983e-03
7.413960143000000000e+09	3.587590299999999979e-03	9.957876999999999527e-04
7.413962571000000000e+09	3.578444200000000137e-03	9.871117999999999906e-04
7.413965000000000000e+09	3.550805800000000033e-03	9.243230000000000066e-04
7.413967429000000000e+09	3.627430899999999937e-03	9.384655000000000427e-04
7.413969857000000000e+09	3.632974699999999991e-03	9.481821000000000303e-04
7.413972286000000000e+09	3.589827800000000135e-03	9.017775000000000443e-04
7.413974714000000000e+09	3.489366800000000095e-03	8.998799000000000034e-04
7.413977143000000000e+09	3.681371799999999962e-03	9.598662000000000426e-04
7.413979571000000000e+09	3.626272199999999897e-03	9.120865999999999826e-04
7.413982000000000000e+09	3.608528199999999804e-03	9.678519000000000228e-04
7.413984429000000000e+09	3.597827300000000159e-03	8.367099999999999494e-04
7.413986857000000000e+09	3.600294300000000079e-03	8.723398999999999520e-04
7.413989286000000000e+09	3.612735599999999936e-03	8.986948999999999936e-04
7.413991714000000000e+09	3.555229200000000096e-03	8.492552000000000000e-04
7.413994143000000000e+09	3.562840800000000117e-03	8.244405999999999480e-04
7.413996571000000000e+09	3.588511500000000128e-03	8.162262999999999680e-04
7.413999000000000000e+09	3.648808400000000049e-03	8.763357999999999521e-04
7.414001429000000000e+09	3.630702100000000009e-03	8.610300999999999675e-04
7.414003857000000000e+09	3.584629700000000006e-03	8.300640999999999662e-04
7.414006286000000000e+09	3.589299599999999993e-03	7.855224000000000061e-04
7.414008714000000000e+09	3.565852899999999871e-03	8.080773000000000296e-04
7.414011143000000000e+09	3.557661599999999927e-03	7.742825000000000055e-04
7.414013571000000000e+09	3.616910899999999963e-03	8.230759999999999509e-04
7.414016000000000000e+09	3.630941600000000147e-03	8.493567999999999518e-04
7.414018429000000000e+09	3.569613599999999897e-03	7.980348000000000389e-04
7.414020857000000000e+09	3.673830500000000061e-03	7.988922000000000080e-04
7.414023286000000000e+09	3.563259000000000044e-03	7.610890999999999837e-04
7.414025714000000000e+09	3.604357500000000044e-03	7.521742999999999789e-04
7.414028143000000000e+09	3.524042900000000107e-03	7.775247000000000538e-04
7.414030571000000000e+09	3.655892699999999801e-03	7.354580000000000319e-04
7.414033000000000000e+09	3.574707700000000123e-03	6.799272999999999775e-04
7.414035429000000000e+09	3.612323399999999886e-03	7.670761000000000333e-04
7.414037857000000000e+09	3.554988800000000084e-03	7.046161999999999911e-04
7.414040286000000000e+09	3.567489100000000111e-03	6.789968000000000175e-04
7.414042714000000000e+09	3.611963799999999992e-03	6.527915999999999927e-04
7.414045143000000000e+09	3.576246400000000075e-03	6.659597999999999863e-04
7.414047571000000000e+09	3.601543200000000087e-03	5.932414000000000220e-04
7.414050000000000000e+09	3.591209000000000155e-03	6.463006000000000306e-04
7.414052429000000000e+09	3.597662900000000042e-03	6.594186000000000361e-04
7.414054857000000000e+09	3.586643400000000172e-03	6.416746999999999772e-04
7.414057286000000000e+09	3.608521300000000053e-03	6.221735000000000156e-04
7.414059714000000000e+09	3.613018799999999798e-03	6.225154999999999795e-04
7.414062143000000000e+09	3.627560900000000033e-03	6.396740000000000152e-04
7.414064571000000000e+09	3.615853599999999807e-03	6.901188999999999631e-04
7.414067000000000000e+09	3.577530000000000206e-03	5.977415000000000029e-04
7.414069429000000000e+09	3.561512000000000185e-03	6.204579000000000214e-04
7.414071857000000000e+09	3.638216100000000140e-03	5.436821000000000102e-04
7.414074286000000000e+09	3.623728799999999944e-03	5.503148999999999715e-04
7.414076714000000000e+09	3.581242399999999809e-03	5.397308000000000400e-04
7.414079143000000000e+09	3.569247299999999887e-03	5.114389000000000001e-04
7.414081571000000000e+09	3.588806600000000145e-03	6.185362000000000022e-04
7.414084000000000000e+09	3.486503299999999840e-03	5.176122999999999705e-04
7.414086429000000000e+09	3.537469599999999888e-03	5.206695999999999590e-04
7.414088857000000000e+09	3.577975499999999903e-03	4.902707000000000289e-04
7.414091286000000000e+09	3.480256299999999817e-03	4.928661000000000413e-04
7.414093714000000000e+09	3.607178899999999820e-03	5.422094000000000132e-04
7.414096143000000000e+09	3.583497100000000192e-03	5.116176000000000057e-04
7.414098571000000000e+09	3.513855199999999825e-03	5.698838999999999598e-04
7.414101000000000000e+09	3.537015200000000192e-03	5.402293000000000286e-04
7.414103429000000000e+09	3.566831199999999976e-03	4.595151000000000010e-04
7.414105857000000000e+09	3.565782400000000116e-03	5.184610000000000087e-04
7.414108286000000000e+09	3.555966800000000087e-03	5.217057999999999678e-04
7.414110714000000000e+09	3.536416599999999896e-03	4.732717000000000109e-04
7.414113143000000000e+09	3.558161900000000096e-03	4.499072999999999809e-04
7.414115571000000000e+09	3.530719199999999940e-03	3.972019000000000027e-04
7.414118000000000000e+09	3.584022899999999949e-03	4.180184000000000091e-04
7.414120429000000000e+09	3.514205099999999880e-03	4.614705999999999995e-04
7.414122857000000000e+09	3.529995800000000020e-03	3.830570999999999954e-04
7.414125286000000000e+09	3.509222700000000014e-03	3.645855000000000146e-04
7.414127714000000000e+09	3.479735199999999928e-03	3.772744999999999875e-04
7.414130143000000000e+09	3.521753099999999897e-03	3.973167000000000105e-04
7.414132571000000000e+09	3.553276499999999914e-03	3.585947000000000245e-04
7.414135000000000000e+09	3.470063800000000066e-03	3.770447999999999920e-04
7.414137429000000000e+09	3.600004400000000101e-03	3.529607000000000035e-04
7.414139857000000000e+09	3.495699599999999886e-03	2.954896999999999841e-04
7.414142286000000000e+09	3.450877800000000037e-03	3.847481000000000035e-04
7.414144714000000000e+09	3.509029900000000188e-03	3.350164000000000202e-04
7.414147143000000000e+09	3.514250899999999886e-03	3.249559000000000171e-04
7.414149571000000000e+09	3.530268300000000137e-03	3.148695000000000183e-04
7.414152000000000000e+09	3.527894599999999940e-03	2.744050000000000265e-04
7.414154429000000000e+09	3.497797100000000006e-03	2.780176999999999995e-04
7.414156857000000000e+09	3.485049999999999953e-03	2.560616000000000151e-04
7.414159286000000000e+09	3.459948100000000051e-03	2.539333999999999971e-04
7.414161714000000000e+09	3.511690200000000105e-03	2.251808000000000108e-04
7.414164143000000000e+09	3.495921600000000129e-03	2.211217999999999875e-04
7.414166571000000000e+09	3.473993900000000180e-03	2.778948999999999742e-04
7.414169000000000000e+09	3.515090099999999829e-03	3.027319000000000212e-04
7.414171429000000000e+09	3.475863000000000043e-03	2.456145999999999980e-04
7.414173857000000000e+09	3.488306100000000080e-03	2.855143999999999781e-04
7.414176286000000000e+09	3.449959600000000043e-03	1.999145999999999985e-04
7.414178714000000000e+09	3.447791300000000066e-03	2.076446000000000075e-04
7.414181143000000000e+09	3.459491400000000005e-03	1.858837999999999973e-04
7.414183571000000000e+09	3.442554200000000082e-03	2.161270000000000129e-04
7.414186000000000000e+09	3.445069299999999925e-03	1.666879999999999870e-04
7.414188429000000000e+09	3.393269700000000211e-03	2.217405999999999891e-04
7.414190857000000000e+09	3.434636200000000094e-03	2.286328999999999976e-04
7.414193286000000000e+09	3.417147499999999890e-03	1.542361999999999921e-04
7.414195714000000000e+09	3.416556500000000017e-03	1.897833000000000029e-04
7.414198143000000000e+09	3.415656300000000090e-03	1.214015000000000065e-04
7.414200571000000000e+09	3.316529199999999986e-03	1.507598999999999929e-04
7.414203000000000000e+09	3.424155400000000044e-03	1.719330000000000088e-04
7.414205429000000000e+09	3.355364100000000037e-03	1.213493000000000004e-04
7.414207857000000000e+09	3.331118499999999837e-03	6.360089999999999613e-05
7.414210286000000000e+09	3.434228300000000209e-03	1.430253999999999944e-04
7.414212714000000000e+09	3.312508500000000203e-03	9.846490000000000656e-05
7.414215143000000000e+09	3.277660099999999983e-03	1.306865000000000099e-04
7.414217571000000000e+09	3.324238900000000066e-03	9.678099999999999377e-05
7.414220000000000000e+09	3.347886000000000004e-03	1.454039999999999922e-04
7.414222429000000000e+09	3.293215999999999852e-03	1.151023999999999976e-04
7.414224857000000000e+09	3.271950500000000202e-03	9.603129999999999653e-05
7.414227286000000000e+09	3.335933499999999864e-03	1.367512999999999997e-04
7.414229714000000000e+09	3.307652800000000174e-03	1.277318999999999959e-04
7.414232143000000000e+09	3.295836800000000177e-03	1.583390999999999965e-04
7.414234571000000000e+09	3.286868899999999954e-03	3.375420000000000286e-05
7.414237000000000000e+09	3.254735300000000022e-03	6.283380000000000139e-05
7.414239429000000000e+09	3.196616199999999849e-03	1.228121999999999894e-04
7.414241857000000000e+09	3.213791399999999833e-03	1.312919999999999959e-05
7.414244286000000000e+09	3.287009300000000127e-03	5.223770000000000301e-05
7.414246714000000000e+09	3.246081000000000053e-03	7.031449999999999907e-05
7.414249143000000000e+09	3.135126900000000105e-03	3.540320000000000012e-05
7.414251571000000000e+09	3.183444299999999786e-03	1.202251999999999954e-04
7.414254000000000000e+09	3.178188099999999794e-03	3.673000000000000133e-07
7.414256429000000000e+09	3.111823200000000175e-03	-1.178119999999999996e-05
7.414258857000000000e+09	3.190614000000000037e-03	4.078909999999999882e-05
7.414261286000000000e+09	3.145969399999999899e-03	1.995830000000000168e-05
7.414263714000000000e+09	3.062902699999999964e-03	1.539370000000000137e-05
7.414266143000000000e+09	3.100203799999999999e-03	-1.515329999999999940e-05
7.414268571000000000e+09	3.114657199999999911e-03	-6.283239999999999832e-05
7.414271000000000000e+09	3.102609300000000198e-03	1.836520000000000164e-05
7.414273429000000000e+09	3.064372100000000137e-03	9.569649999999999424e-05
7.414275857000000000e+09	3.039604100000000038e-03	2.617789999999999885e-05
7.414278286000000000e+09	3.028023700000000151e-03	9.888729999999999764e-05
7.414280714000000000e+09	3.057951599999999930e-03	1.743020000000000127e-05
7.414283143000000000e+09	3.022516800000000104e-03	-2.731790000000000149e-05
7.414285571000000000e+09	3.051327899999999819e-03	1.190689999999999945e-05
7.414288000000000000e+09	2.997084200000000188e-03	3.923580000000000134e-05
7.414290429000000000e+09	2.984204399999999986e-03	2.738550000000000064e-05
7.414292857000000000e+09	2.902520699999999818e-03	-1.221310000000000001e-05
7.414295286000000000e+09	2.881958999999999910e-03	-1.463370000000000018e-05
7.414297714000000000e+09	2.881847700000000120e-03	2.323169999999999985e-05
7.414300143000000000e+09	2.989348199999999813e-03	-4.913400000000000256e-06
7.414302571000000000e+09	2.868247600000000189e-03	-5.360129999999999788e-05
7.414305000000000000e+09	2.898803000000000143e-03	1.203160000000000014e-05
7.414307429000000000e+09	2.869629299999999945e-03	-3.424210000000000204e-05
7.414309857000000000e+09	2.840893100000000185e-03	-3.602949999999999783e-05
7.414312286000000000e+09	2.802265400000000101e-03	-2.876600000000000122e-06
7.414314714000000000e+09	2.765802999999999838e-03	3.606699999999999875e-05
7.414317143000000000e+09	2.749878600000000076e-03	1.225309999999999963e-05
7.414319571000000000e+09	2.711294999999999851e-03	-7.150500000000000402e-06
7.414322000000000000e+09	2.750376899999999996e-03	7.237180000000000392e-05
7.414324429000000000e+09	2.706439199999999788e-03	6.964250000000000280e-05
7.414326857000000000e+09	2.654040099999999906e-03	8.515119999999999883e-05
7.414329286000000000e+09	2.658433799999999816e-03	5.651859999999999789e-05
7.414331714000000000e+09	2.636732499999999875e-03	6.569089999999999814e-05
7.414334143000000000e+09	2.567351600000000039e-03	6.069129999999999946e-05
7.414336571000000000e+09	2.542082800000000035e-03	9.373709999999999399e-05
7.414339000000000000e+09	2.507877300000000038e-03	3.252569999999999930e-05
7.414341429000000000e+09	2.567463600000000068e-03	1.003115000000000034e-04
7.414343857000000000e+09	2.494796499999999816e-03	7.456970000000000536e-05
7.414346286000000000e+09	2.515322600000000162e-03	5.452030000000000044e-05
7.414348714000000000e+09	2.506992899999999861e-03	6.336410000000000545e-05
7.414351143000000000e+09	2.404125999999999919e-03	1.218630000000000054e-05
7.414353571000000000e+09	2.424720699999999805e-03	7.869659999999999460e-05
7.414356000000000000e+09	2.411530399999999973e-03	8.597549999999999702e-05
7.414358429000000000e+09	2.432107299999999861e-03	7.480800000000000611e-05
7.414360857000000000e+09	2.421256399999999805e-03	2.374729999999999878e-05
7.414363286000000000e+09	2.275876500000000198e-03	1.133932999999999973e-04
7.414365714000000000e+09	2.421653699999999979e-03	1.139976000000000010e-04
7.414368143000000000e+09	2.303045300000000194e-03	8.889760000000000077e-05
7.414370571000000000e+09	2.304166199999999921e-03	8.090870000000000006e-05
7.414373000000000000e+09	2.329847900000000215e-03	5.808839999999999766e-05
7.414375429000000000e+09	2.220136399999999861e-03	7.300539999999999731e-05
7.414377857000000000e+09	2.211303100000000001e-03	9.361279999999999927e-05
7.414380286000000000e+09	2.222790000000000096e-03	1.012385999999999966e-04
7.414382714000000000e+09	2.150433599999999976e-03	1.218263000000000028e-04
7.414385143000000000e+09	2.128241099999999934e-03	1.694312000000000118e-04
7.414387571000000000e+09	2.174281000000000130e-03	1.342349000000000114e-04
7.414390000000000000e+09	2.037340300000000000e-03	1.191952999999999936e-04
7.414392429000000000e+09	2.072402000000000098e-03	1.561308999999999928e-04
7.414394857000000000e+09	2.042350400000000205e-03	1.329969000000000073e-04
7.414397286000000000e+09	2.053166300000000034e-03	9.984659999999999369e-05
7.414399714000000000e+09	2.065560100000000173e-03	1.252725000000000106e-04
7.414402143000000000e+09	1.952253799999999987e-03	1.547284000000000007e-04
7.414404571000000000e+09	1.931059499999999898e-03	1.192051999999999950e-04
7.414407000000000000e+09	1.881571799999999907e-03	1.252881999999999976e-04
7.414409429000000000e+09	1.862895600000000033e-03	1.565989999999999960e-04
7.414411857000000000e+09	1.832855800000000044e-03	1.473112000000000000e-04
7.414414286000000000e+09	1.817370399999999929e-03	1.059812000000000010e-04
7.414416714000000000e+09	1.855689399999999913e-03	1.535204000000000082e-04
7.414419143000000000e+09	1.803334599999999958e-03	1.208208000000000003e-04
7.414421571000000000e+09	1.814248000000000076e-03	1.357013000000000013e-04
7.414424000000000000e+09	1.665376400000000015e-03	1.448088999999999952e-04
7.414426429000000000e+09	1.771226699999999899e-03	2.095095000000000106e-04
7.414428857000000000e+09	1.737671500000000048e-03	1.433308000000000000e-04
7.414431286000000000e+09	1.700368100000000096e-03	1.227886999999999989e-04
7.414433714000000000e+09	1.649989799999999982e-03	1.036018999999999948e-04
7.414436143000000000e+09	1.656692300000000076e-03	1.243325000000000094e-04
7.414438571000000000e+09	1.591318300000000088e-03	1.668318999999999976e-04
7.414441000000000000e+09	1.581451200000000062e-03	1.190447999999999957e-04
7.414443429000000000e+09	1.625165499999999983e-03	2.018175000000000036e-04
7.414445857000000000e+09	1.596807499999999954e-03	1.177353000000000042e-04
7.414448286000000000e+09	1.509278099999999999e-03	1.389747999999999895e-04
7.414450714000000000e+09	1.523774699999999897e-03	1.162352999999999949e-04
7.414453143000000000e+09	1.536940000000000094e-03	1.119910999999999991e-04
7.414455571000000000e+09	1.455267500000000059e-03	1.333441000000000097e-04
7.414458000000000000e+09	1.443068700000000064e-03	1.382220999999999992e-04
7.414460429000000000e+09	1.374765600000000003e-03	1.599578999999999953e-04
7.414462857000000000e+09	1.376270300000000070e-03	1.278118000000000017e-04
7.414465286000000000e+09	1.413803099999999969e-03	1.159380000000000003e-04
7.414467714000000000e+09	1.363825900000000023e-03	1.453441000000000032e-04
7.414470143000000000e+09	1.327370499999999979e-03	7.967999999999999606e-05
7.414472571000000000e+09	1.299139099999999970e-03	1.061054000000000023e-04
7.414475000000000000e+09	1.253841899999999987e-03	-1.076509999999999964e-05
7.414477429000000000e+09	1.278943000000000050e-03	1.200120000000000022e-04
7.414479857000000000e+09	1.231365799999999946e-03	1.022143000000000015e-04
7.414482286000000000e+09	1.276198699999999894e-03	1.590891999999999946e-04
7.414484714000000000e+09	1.195479499999999896e-03	2.583880000000000069e-05
7.414487143000000000e+09	1.226817899999999928e-03	8.037040000000000557e-05
7.414489571000000000e+09	1.189764899999999929e-03	8.296660000000000623e-05
7.414492000000000000e+09	1.184233299999999916e-03	1.591646999999999908e-04
7.414494429000000000e+09	1.151748800000000020e-03	6.094010000000000290e-05
7.414496857000000000e+09	1.052450300000000016e-03	1.133182000000000021e-04
7.414499286000000000e+09	1.119750700000000107e-03	9.740949999999999631e-05
7.414501714000000000e+09	1.096402200000000078e-03	8.588300000000000426e-05
7.414504143000000000e+09	9.867263999999999723e-04	5.337760000000000204e-05
7.414506571000000000e+09	1.031195599999999929e-03	9.323749999999999627e-05
7.414509000000000000e+09	1.026212099999999905e-03	1.276426999999999900e-04
7.414511429000000000e+09	1.050607000000000060e-03	1.657008999999999978e-04
7.414513857000000000e+09	9.354214000000000018e-04	1.091187999999999962e-04
7.414516286000000000e+09	9.611847000000000403e-04	1.306463999999999965e-04
7.414518714000000000e+09	9.338861000000000167e-04	1.323878999999999865e-04
7.414521143000000000e+09	9.506955999999999784e-04	4.867159999999999662e-05
7.414523571000000000e+09	8.666757000000000410e-04	1.381026999999999949e-04
7.414526000000000000e+09	8.393419000000000487e-04	1.280115000000000126e-04
7.414528429000000000e+09	7.995196999999999677e-04	9.740750000000000547e-05
7.414530857000000000e+09	8.407659999999999526e-04	6.706590000000000446e-05
7.414533286000000000e+09	8.169562999999999695e-04	7.886550000000000580e-05
7.414535714000000000e+09	7.784216000000000486e-04	2.620040000000000075e-05
7.414538143000000000e+09	7.192903999999999531e-04	1.172238999999999942e-04
7.414540571000000000e+09	6.931154000000000351e-04	1.216432000000000011e-04
7.414543000000000000e+09	7.007311999999999699e-04	1.704153999999999879e-04
7.414545429000000000e+09	6.373694999999999968e-04	9.435020000000000342e-05
7.414547857000000000e+09	6.667240999999999749e-04	1.299446999999999961e-04
7.414550286000000000e+09	7.127528000000000379e-04	1.504370999999999898e-04
7.414552714000000000e+09	6.103664000000000181e-04	8.660080000000000609e-05
7.414555143000000000e+09	5.331243999999999740e-04	6.965289999999999850e-05
7.414557571000000000e+09	6.154306999999999486e-04	1.149895999999999942e-04
7.414560000000000000e+09	5.825646000000000296e-04	9.675400000000000233e-05
7.414562429000000000e+09	5.432234999999999668e-04	7.621319999999999733e-05
7.414564857000000000e+09	5.417558000000000486e-04	1.023844999999999953e-04
7.414567286000000000e+09	5.501247999999999815e-04	1.638246999999999902e-04
7.414569714000000000e+09	4.905511999999999460e-04	1.303246999999999891e-04
7.414572143000000000e+09	4.879875999999999897e-04	1.208658000000000041e-04
7.414574571000000000e+09	4.519053999999999779e-04	2.054201000000000020e-04
7.414577000000000000e+09	4.928731999999999688e-04	1.281834000000000033e-04
7.414579429000000000e+09	3.895107999999999774e-04	1.731423999999999908e-04
7.414581857000000000e+09	4.084286000000000015e-04	1.741320999999999993e-04
7.414584286000000000e+09	3.940594000000000171e-04	1.146001000000000008e-04
7.414586714000000000e+09	3.662412999999999997e-04	1.126311000000000066e-04
7.414589143000000000e+09	2.591607999999999802e-04	2.528095999999999859e-04
7.414591571000000000e+09	2.933225999999999824e-04	2.221081000000000021e-04
7.414594000000000000e+09	3.074363000000000096e-04	2.357485999999999946e-04
7.414596429000000000e+09	2.668500000000000082e-04	2.491845000000000128e-04
7.414598857000000000e+09	2.175451000000000121e-04	2.393941000000000124e-04
7.414601286000000000e+09	2.331408999999999890e-04	2.495428000000000056e-04
7.414603714000000000e+09	1.908176999999999942e-04	1.406466000000000096e-04
7.414606143000000000e+09	1.688043999999999927e-04	2.621640999999999859e-04
7.414608571000000000e+09	1.614337999999999993e-04	1.987296999999999957e-04
7.414611000000000000e+09	1.395434000000000030e-04	2.364580999999999985e-04
7.414613429000000000e+09	1.362178000000000022e-04	2.779556000000000192e-04
7.414615857000000000e+09	1.226408999999999865e-04	2.886624999999999760e-04
7.414618286000000000e+09	5.942649999999999761e-05	2.335654000000000050e-04
7.414620714000000000e+09	7.083729999999999346e-05	2.326127000000000099e-04
7.414623143000000000e+09	4.245880000000000080e-05	2.911594000000000096e-04
7.414625571000000000e+09	-1.547609999999999909e-05	3.567732000000000217e-04
7.414628000000000000e+09	4.457709999999999711e-05	3.008849999999999763e-04
7.414630429000000000e+09	2.105800000000000065e-05	3.223761999999999917e-04
7.414632857000000000e+09	-9.015799999999999297e-06	3.477814999999999769e-04
7.414635286000000000e+09	-4.994559999999999831e-05	4.045421999999999907e-04
7.414637714000000000e+09	-4.085429999999999948e-05	3.653134999999999846e-04
7.414640143000000000e+09	-8.213979999999999578e-05	3.650753000000000179e-04
7.414642571000000000e+09	-9.452039999999999715e-05	3.885099000000000256e-04
7.414645000000000000e+09	-1.276236999999999890e-04	4.358041000000000107e-04
7.414647429000000000e+09	-1.113239999999999933e-04	4.080652999999999841e-04
7.414649857000000000e+09	-1.440818999999999867e-04	3.768620999999999777e-04
7.414652286000000000e+09	-1.585490999999999962e-04	4.437622999999999915e-04
7.414654714000000000e+09	-1.785063999999999889e-04	3.730013000000000230e-04
7.414657143000000000e+09	-2.009004000000000052e-04	4.035253000000000039e-04
7.414659571000000000e+09	-2.121748999999999868e-04	4.705692999999999942e-04
7.414662000000000000e+09	-2.457107000000000258e-04	5.241649000000000135e-04
7.414664429000000000e+09	-2.743876000000000019e-04	4.996539999999999836e-04
7.414666857000000000e+09	-3.557960000000000202e-04	4.908287000000000327e-04
7.414669286000000000e+09	-2.725064000000000240e-04	5.176287000000000336e-04
7.414671714000000000e+09	-3.123848000000000250e-04	5.385042000000000474e-04
7.414674143000000000e+09	-3.661445999999999841e-04	4.669089999999999981e-04
7.414676571000000000e+09	-3.860840000000000257e-04	5.776387999999999488e-04
7.414679000000000000e+09	-4.203958000000000044e-04	5.829362000000000042e-04
7.414681429000000000e+09	-3.692408999999999904e-04	6.160630000000000273e-04
7.414683857000000000e+09	-3.705146999999999781e-04	5.904356000000000361e-04
7.414686286000000000e+09	-4.041243999999999826e-04	6.029590000000000253e-04
7.414688714000000000e+09	-4.294071000000000107e-04	6.402457000000000287e-04
7.414691143000000000e+09	-4.793509000000000051e-04	6.323089999999999527e-04
7.414693571000000000e+09	-5.264640999999999592e-04	5.827430999999999670e-04
7.414696000000000000e+09	-5.592308000000000261e-04	6.369823000000000152e-04
7.414698429000000000e+09	-4.798720999999999824e-04	7.028677999999999792e-04
7.414700857000000000e+09	-5.105500000000000229e-04	6.624899000000000282e-04
7.414703286000000000e+09	-6.197273999999999578e-04	6.945468000000000431e-04
7.414705714000000000e+09	-5.734453000000000033e-04	7.098666999999999911e-04
7.414708143000000000e+09	-5.380351000000000014e-04	7.475341999999999621e-04
7.414710571000000000e+09	-5.775732000000000218e-04	6.722494000000000082e-04
7.414713000000000000e+09	-5.762398000000000390e-04	7.640798999999999551e-04
7.414715429000000000e+09	-6.462819000000000506e-04	7.437712000000000186e-04
7.414717857000000000e+09	-6.319809999999999924e-04	8.110931999999999951e-04
7.414720286000000000e+09	-6.647092000000000495e-04	8.063163999999999835e-04
7.414722714000000000e+09	-6.125753999999999965e-04	8.065306999999999858e-04
7.414725143000000000e+09	-6.926137999999999652e-04	8.750058000000000445e-04
7.414727571000000000e+09	-7.016185999999999777e-04	9.084173000000000074e-04
7.414730000000000000e+09	-7.359792999999999891e-04	9.198576000000000408e-04
7.414732429000000000e+09	-6.708703000000000539e-04	9.138730999999999764e-04
7.414734857000000000e+09	-7.167287999999999741e-04	9.396797000000000353e-04
7.414737286000000000e+09	-8.066274000000000013e-04	9.048593999999999648e-04
7.414739714000000000e+09	-7.122461999999999977e-04	9.896082999999999963e-04
7.414742143000000000e+09	-7.553091000000000492e-04	9.529576999999999579e-04
7.414744571000000000e+09	-8.465246999999999963e-04	9.394381999999999733e-04
7.414747000000000000e+09	-7.399242000000000536e-04	9.566436999999999901e-04
7.414749429000000000e+09	-7.982064000000000086e-04	1.043450399999999939e-03
7.414751857000000000e+09	-8.396054000000000234e-04	1.068943500000000104e-03
7.414754286000000000e+09	-8.047285999999999849e-04	1.125127399999999991e-03
7.414756714000000000e+09	-8.876142999999999967e-04	1.069286200000000089e-03
7.414759143000000000e+09	-8.794916999999999535e-04	1.179783000000000004e-03
7.414761571000000000e+09	-9.114414999999999843e-04	1.127985200000000037e-03
7.414764000000000000e+09	-9.344117000000000308e-04	1.228186000000000035e-03
7.414766429000000000e+09	-9.057286999999999803e-04	1.199180200000000062e-03
7.414768857000000000e+09	-9.065711000000000385e-04	1.293450600000000013e-03
7.414771286000000000e+09	-9.093347000000000539e-04	1.248340400000000046e-03
7.414773714000000000e+09	-9.766963000000000901e-04	1.300493999999999912e-03
7.414776143000000000e+09	-9.310427000000000026e-04	1.322498700000000098e-03
7.414778571000000000e+09	-9.743030999999999654e-04	1.337042199999999943e-03
7.414781000000000000e+09	-9.506961999999999661e-04	1.393829500000000029e-03
7.414783429000000000e+09	-9.460888000000000414e-04	1.395608300000000107e-03
7.414785857000000000e+09	-1.066011599999999943e-03	1.444394400000000023e-03
7.414788286000000000e+09	-8.420049000000000197e-04	1.507563499999999912e-03
7.414790714000000000e+09	-9.559303000000000114e-04	1.450871199999999913e-03
7.414793143000000000e+09	-9.938669000000000236e-04	1.557680099999999906e-03
7.414795571000000000e+09	-1.045423800000000025e-03	1.566788200000000016e-03
7.414798000000000000e+09	-9.843270999999999358e-04	1.527215200000000021e-03
7.414800429000000000e+09	-9.371225000000000388e-04	1.576977600000000011e-03
7.414802857000000000e+09	-1.027745100000000082e-03	1.551187000000000095e-03
7.414805286000000000e+09	-9.401172999999999648e-04	1.648899199999999962e-03
7.414807714000000000e+09	-9.849413999999999478e-04	1.702164699999999956e-03
7.414810143000000000e+09	-9.828899999999999356e-04	1.762359900000000108e-03
7.414812571000000000e+09	-9.908163999999999687e-04	1.800432899999999904e-03
7.414815000000000000e+09	-1.048504800000000072e-03	1.754991299999999902e-03
7.414817429000000000e+09	-1.036251699999999991e-03	1.767475199999999974e-03
7.414819857000000000e+09	-1.019035599999999937e-03	1.844941799999999955e-03
7.414822286000000000e+09	-9.830864999999999396e-04	1.859134799999999973e-03
7.414824714000000000e+09	-9.888149000000000591e-04	1.930170099999999967e-03
7.414827143000000000e+09	-9.972087999999999178e-04	1.978563500000000194e-03
7.414829571000000000e+09	-9.744956000000000148e-04	2.042260599999999940e-03
7.414832000000000000e+09	-9.267573999999999777e-04	2.125266399999999924e-03
7.414834429000000000e+09	-1.052311200000000070e-03	2.099541700000000146e-03
7.414836857000000000e+09	-1.036922299999999903e-03	2.058265899999999968e-03
7.414839286000000000e+09	-1.007058799999999968e-03	2.107406899999999909e-03
7.414841714000000000e+09	-9.279495999999999491e-04	2.212938399999999934e-03
7.414844143000000000e+09	-9.703697999999999534e-04	2.178878799999999817e-03
7.414846571000000000e+09	-9.795069999999999038e-04	2.331925400000000020e-03
7.414849000000000000e+09	-9.593970999999999966e-04	2.331668800000000121e-03
7.414851429000000000e+09	-8.941361000000000534e-04	2.383729900000000103e-03
7.414853857000000000e+09	-9.004875000000000075e-04	2.460907899999999898e-03
7.414856286000000000e+09	-9.095636000000000476e-04	2.410578799999999865e-03
7.414858714000000000e+09	-7.811492999999999649e-04	2.538927700000000089e-03
7.414861143000000000e+09	-9.112016000000000343e-04	2.512188199999999903e-03
7.414863571000000000e+09	-8.738408999999999500e-04	2.585840099999999874e-03
7.414866000000000000e+09	-8.789600999999999534e-04	2.545604099999999956e-03
7.414868429000000000e+09	-8.484935999999999564e-04	2.648308099999999859e-03
7.414870857000000000e+09	-8.222852000000000329e-04	2.712915099999999805e-03
7.414873286000000000e+09	-7.420518999999999553e-04	2.678238500000000057e-03
7.414875714000000000e+09	-7.069036999999999587e-04	2.714693599999999998e-03
7.414878143000000000e+09	-7.090936999999999631e-04	2.912657600000000124e-03
7.414880571000000000e+09	-7.507457999999999840e-04	2.815744600000000004e-03
7.414883000000000000e+09	-6.802600999999999483e-04	2.811359299999999922e-03
7.414885429000000000e+09	-7.353983999999999825e-04	2.835888899999999824e-03
7.414887857000000000e+09	-7.111294000000000426e-04	2.899089899999999966e-03
7.414890286000000000e+09	-7.309639999999999627e-04	2.968894900000000007e-03
7.414892714000000000e+09	-6.073399000000000159e-04	2.992463600000000098e-03
7.414895143000000000e+09	-5.814918000000000083e-04	2.968231799999999834e-03
7.414897571000000000e+09	-5.589761000000000165e-04	3.035770399999999838e-03
7.414900000000000000e+09	-5.753658000000000470e-04	3.098412799999999880e-03
7.414902429000000000e+09	-5.465344999999999492e-04	3.023248899999999954e-03
7.414904857000000000e+09	-5.632973999999999577e-04	3.016916399999999832e-03
7.414907286000000000e+09	-5.459825000000000398e-04	3.117228399999999802e-03
7.414909714000000000e+09	-5.293385000000000278e-04	3.099972299999999986e-03
7.414912143000000000e+09	-5.477598000000000406e-04	3.138796000000000121e-03
7.414914571000000000e+09	-4.537022999999999946e-04	3.174193999999999974e-03
7.414917000000000000e+09	-4.446351999999999878e-04	3.128726699999999881e-03
7.414919429000000000e+09	-4.527568000000000152e-04	3.183889200000000145e-03
7.414921857000000000e+09	-3.865111000000000067e-04	3.215124699999999999e-03
7.414924286000000000e+09	-4.144972999999999930e-04	3.204891499999999813e-03
7.414926714000000000e+09	-3.834671000000000000e-04	3.236703599999999834e-03
7.414929143000000000e+09	-3.517622999999999779e-04	3.323475299999999882e-03
7.414931571000000000e+09	-3.687481999999999739e-04	3.237907200000000006e-03
7.414934000000000000e+09	-3.212061000000000213e-04	3.346827399999999838e-03
7.414936429000000000e+09	-3.513683000000000084e-04	3.335096100000000102e-03
7.414938857000000000e+09	-2.657482000000000182e-04	3.320788299999999967e-03
7.414941286000000000e+09	-2.777079999999999913e-04	3.275414600000000134e-03
7.414943714000000000e+09	-2.260060000000000042e-04	3.397176599999999786e-03
7.414946143000000000e+09	-2.279918000000000081e-04	3.345607400000000144e-03
7.414948571000000000e+09	-2.388067999999999918e-04	3.351921500000000064e-03
7.414951000000000000e+09	-1.389278000000000084e-04	3.421077399999999935e-03
7.414953429000000000e+09	-1.092212000000000039e-04	3.482149999999999829e-03
7.414955857000000000e+09	-1.405466000000000072e-04	3.425031099999999856e-03
7.414958286000000000e+09	-8.066709999999999885e-05	3.469237799999999854e-03
7.414960714000000000e+09	-1.281645999999999892e-04	3.469518699999999799e-03
7.414963143000000000e+09	5.037599999999999846e-06	3.406348100000000049e-03
7.414965571000000000e+09	-9.225409999999999481e-05	3.483991000000000084e-03
7.414968000000000000e+09	-6.070959999999999893e-05	3.471283999999999828e-03
7.414970429000000000e+09	6.307859999999999607e-05	3.487741200000000000e-03
7.414972857000000000e+09	5.276940000000000336e-05	3.388558500000000018e-03
7.414975286000000000e+09	2.157019999999999890e-05	3.467450700000000198e-03
7.414977714000000000e+09	-1.025219999999999986e-05	3.499188800000000137e-03
7.414980143000000000e+09	7.525320000000000652e-05	3.482633900000000043e-03
7.414982571000000000e+09	9.590840000000000487e-05	3.573745100000000167e-03
7.414985000000000000e+09	9.878339999999999343e-05	3.491672600000000123e-03
7.414987429000000000e+09	7.121259999999999645e-05	3.636211500000000041e-03
7.414989857000000000e+09	1.052784000000000049e-04	3.619250300000000174e-03
7.414992286000000000e+09	1.629691000000000115e-04	3.607077800000000039e-03
7.414994714000000000e+09	1.140302999999999982e-04	3.561595299999999967e-03
7.414997143000000000e+09	1.298952000000000028e-04	3.566992900000000039e-03
7.414999571000000000e+09	1.618523000000000021e-04	3.629400100000000108e-03
7.415002000000000000e+09	2.189362999999999997e-04	3.618921399999999906e-03
7.415004429000000000e+09	1.793196999999999901e-04	3.599593199999999958e-03
7.415006857000000000e+09	2.055104000000000034e-04	3.558237899999999992e-03
7.415009286000000000e+09	2.947088000000000268e-04	3.560122700000000005e-03
7.415011714000000000e+09	3.377057999999999948e-04	3.545065699999999827e-03
7.415014143000000000e+09	3.172227999999999810e-04	3.603182300000000015e-03
7.415016571000000000e+09	2.973572999999999863e-04	3.616879099999999961e-03
7.415019000000000000e+09	3.068968000000000260e-04	3.677513500000000046e-03
7.415021429000000000e+09	3.953008999999999950e-04	3.589694699999999850e-03
7.415023857000000000e+09	3.565452000000000096e-04	3.618635700000000059e-03
7.415026286000000000e+09	3.859288000000000106e-04	3.640561000000000057e-03
7.415028714000000000e+09	3.453393000000000023e-04	3.653166800000000065e-03
7.415031143000000000e+09	4.338764999999999853e-04	3.622100799999999898e-03
7.415033571000000000e+09	4.531741999999999953e-04	3.612356399999999863e-03
7.415036000000000000e+09	4.256651999999999983e-04	3.709609100000000031e-03
7.415038429000000000e+09	5.214042000000000112e-04	3.669264000000000206e-03
7.415040857000000000e+09	4.641178000000000035e-04	3.547798400000000147e-03
7.415043286000000000e+09	4.116201999999999795e-04	3.622633699999999908e-03
7.415045714000000000e+09	5.707140999999999777e-04	3.548199200000000213e-03
7.415048143000000000e+09	5.495549999999999654e-04	3.640445300000000068e-03
7.415050571000000000e+09	5.562410999999999961e-04	3.613451399999999866e-03
7.415053000000000000e+09	5.852704999999999930e-04	3.661610599999999809e-03
7.415055429000000000e+09	5.666812999999999712e-04	3.658848200000000203e-03
7.415057857000000000e+09	6.453493000000000250e-04	3.660716000000000057e-03
7.415060286000000000e+09	6.381294000000000029e-04	3.643582499999999981e-03
7.415062714000000000e+09	6.953079999999999504e-04	3.653138199999999853e-03
7.415065143000000000e+09	7.276557000000000337e-04	3.676720699999999880e-03
7.415067571000000000e+09	7.120407999999999946e-04	3.641985300000000030e-03
7.415070000000000000e+09	6.431844000000000146e-04	3.654048500000000189e-03
7.415072429000000000e+09	6.785765999999999500e-04	3.655521599999999888e-03
7.415074857000000000e+09	8.257498000000000268e-04	3.617071800000000188e-03
7.415077286000000000e+09	6.798127000000000380e-04	3.675923099999999812e-03
7.415079714000000000e+09	7.756255000000000094e-04	3.672714399999999803e-03
7.415082143000000000e+09	7.862824000000000462e-04	3.657328799999999894e-03
7.415084571000000000e+09	7.687177999999999806e-04	3.638108499999999877e-03
7.415087000000000000e+09	7.509231999999999799e-04	3.673847899999999923e-03
7.415089429000000000e+09	8.511948000000000517e-04	3.623316599999999894e-03
7.415091857000000000e+09	8.155388000000000394e-04	3.661961999999999943e-03
7.415094286000000000e+09	8.772863000000000102e-04	3.669144200000000119e-03
7.415096714000000000e+09	8.688371000000000505e-04	3.639338800000000047e-03
7.415099143000000000e+09	8.926471999999999532e-04	3.600857399999999979e-03
7.415101571000000000e+09	8.610398999999999484e-04	3.627148299999999846e-03
7.415104000000000000e+09	9.092294000000000331e-04	3.593095900000000016e-03
7.415106429000000000e+09	9.438565999999999579e-04	3.647109500000000112e-03
7.415108857000000000e+09	8.962075999999999810e-04	3.611305200000000052e-03
7.415111286000000000e+09	1.037156700000000037e-03	3.635929100000000018e-03
7.415113714000000000e+09	9.554833999999999463e-04	3.694151799999999958e-03
7.415116143000000000e+09	1.026137199999999951e-03	3.571329499999999994e-03
7.415118571000000000e+09	1.032233600000000010e-03	3.590307799999999886e-03
7.415121000000000000e+09	1.000563000000000103e-03	3.530465200000000060e-03
7.415123429000000000e+09	1.028933899999999978e-03	3.614061500000000180e-03
7.415125857000000000e+09	1.010756999999999932e-03	3.644765700000000136e-03
7.415128286000000000e+09	1.077807500000000024e-03	3.668301799999999953e-03
7.415130714000000000e+09	1.115119599999999907e-03	3.557225199999999865e-03
7.415133143000000000e+09	1.131684200000000057e-03	3.596766999999999846e-03
7.415135571000000000e+09	1.067262399999999948e-03	3.581329800000000122e-03
7.415138000000000000e+09	1.119383899999999927e-03	3.529492400000000096e-03
7.415140429000000000e+09	1.120967999999999964e-03	3.608001999999999911e-03
7.415142857000000000e+09	1.143727300000000084e-03	3.561058499999999929e-03
7.415145286000000000e+09	1.142598400000000014e-03	3.588630900000000078e-03
7.415147714000000000e+09	1.232979699999999955e-03	3.599479499999999783e-03
7.415150143000000000e+09	1.158810900000000008e-03	3.563690300000000102e-03
7.415152571000000000e+09	1.192742500000000061e-03	3.613455099999999826e-03
7.415155000000000000e+09	1.196280999999999994e-03	3.514930999999999785e-03
7.415157429000000000e+09	1.268608199999999913e-03	3.581481999999999982e-03
7.415159857000000000e+09	1.253541499999999897e-03	3.514470300000000109e-03
7.415162286000000000e+09	1.203636899999999989e-03	3.582852100000000119e-03
7.415164714000000000e+09	1.267605499999999944e-03	3.548622500000000145e-03
7.415167143000000000e+09	1.303058599999999938e-03	3.562370000000000033e-03
7.415169571000000000e+09	1.347004200000000021e-03	3.533852999999999994e-03
7.415172000000000000e+09	1.298855499999999972e-03	3.600193499999999967e-03
7.415174429000000000e+09	1.292088299999999933e-03	3.572321299999999932e-03
7.415176857000000000e+09	1.290162500000000033e-03	3.567829599999999997e-03
7.415179286000000000e+09	1.340735200000000085e-03	3.541009099999999944e-03
7.415181714000000000e+09	1.280192500000000046e-03	3.568357199999999934e-03
7.415184143000000000e+09	1.349722200000000099e-03	3.538869500000000213e-03
7.415186571000000000e+09	1.413567799999999961e-03	3.523742800000000119e-03
7.415189000000000000e+09	1.374606000000000005e-03	3.570241799999999879e-03
7.415191429000000000e+09	1.415906599999999967e-03	3.506809799999999894e-03
7.415193857000000000e+09	1.399174399999999910e-03	3.535485100000000137e-03
7.415196286000000000e+09	1.437414500000000093e-03	3.469375700000000042e-03
7.415198714000000000e+09	1.395959599999999990e-03	3.537537600000000091e-03
7.415201143000000000e+09	1.460118399999999969e-03	3.543439599999999995e-03
7.415203571000000000e+09	1.359924300000000088e-03	3.535938699999999994e-03
7.415206000000000000e+09	1.458018099999999978e-03	3.560309900000000090e-03
7.415208429000000000e+09	1.465003799999999934e-03	3.493578599999999992e-03
7.415210857000000000e+09	1.597659699999999993e-03	3.537220399999999911e-03
7.415213286000000000e+09	1.516918599999999900e-03	3.508641299999999946e-03
7.415215714000000000e+09	1.523310499999999896e-03	3.481819699999999951e-03
7.415218143000000000e+09	1.534993300000000007e-03	3.511934300000000078e-03
7.415220571000000000e+09	1.636046900000000031e-03	3.521818600000000115e-03
7.415223000000000000e+09	1.506396400000000043e-03	3.504458800000000065e-03
7.415225429000000000e+09	1.565430100000000067e-03	3.473542100000000070e-03
7.415227857000000000e+09	1.657822100000000019e-03	3.452691500000000090e-03
7.415230286000000000e+09	1.629723000000000022e-03	3.494977499999999977e-03
7.415232714000000000e+09	1.620196099999999997e-03	3.488123100000000126e-03
7.415235143000000000e+09	1.629441099999999953e-03	3.499314199999999965e-03
7.415237571000000000e+09	1.689330599999999943e-03	3.468438800000000176e-03
7.415240000000000000e+09	1.588449899999999897e-03	3.449595599999999949e-03
7.415242429000000000e+09	1.658973300000000104e-03	3.486518300000000185e-03
7.415244857000000000e+09	1.678039000000000093e-03	3.372886099999999887e-03
7.415247286000000000e+09	1.638602299999999956e-03	3.396680400000000148e-03
7.415249714000000000e+09	1.750450499999999920e-03	3.455308499999999988e-03
7.415252143000000000e+09	1.769014400000000096e-03	3.402571499999999804e-03
7.415254571000000000e+09	1.693727500000000077e-03	3.423849799999999916e-03
7.415257000000000000e+09	1.651508799999999938e-03	3.452196800000000097e-03
7.415259429000000000e+09	1.711678199999999966e-03	3.420605299999999842e-03
7.415261857000000000e+09	1.769457600000000092e-03	3.417219600000000190e-03
7.415264286000000000e+09	1.832812100000000104e-03	3.436859100000000042e-03
7.415266714000000000e+09	1.780071700000000062e-03	3.397711199999999942e-03
7.415269143000000000e+09	1.784212199999999932e-03	3.439272199999999797e-03
7.415271571000000000e+09	1.771918699999999952e-03	3.408460700000000114e-03
7.415274000000000000e+09	1.827453799999999989e-03	3.421204000000000172e-03
7.415276429000000000e+09	1.833570999999999986e-03	3.418090600000000135e-03
7.415278857000000000e+09	1.802515800000000033e-03	3.419541400000000037e-03
7.415281286000000000e+09	1.880476399999999985e-03	3.392992100000000091e-03
7.415283714000000000e+09	1.882661299999999985e-03	3.415299100000000147e-03
7.415286143000000000e+09	1.856280899999999956e-03	3.448863700000000167e-03
7.415288571000000000e+09	1.898503599999999941e-03	3.381901399999999794e-03
7.415291000000000000e+09	1.968521200000000054e-03	3.388651700000000141e-03
7.415293429000000000e+09	1.905355899999999943e-03	3.381032400000000097e-03
7.415295857000000000e+09	1.910810200000000051e-03	3.344245899999999903e-03
7.415298286000000000e+09	1.934294000000000031e-03	3.288132699999999839e-03
7.415300714000000000e+09	1.946915000000000017e-03	3.330042499999999808e-03
7.415303143000000000e+09	1.994935499999999935e-03	3.298675999999999952e-03
7.415305571000000000e+09	1.942164900000000003e-03	3.325556199999999980e-03
7.415308000000000000e+09	1.987689799999999788e-03	3.354603199999999907e-03
7.415310429000000000e+09	1.961578299999999948e-03	3.311380999999999960e-03
7.415312857000000000e+09	1.984243399999999821e-03	3.287726800000000203e-03
7.415315286000000000e+09	2.019722299999999939e-03	3.326913899999999792e-03
7.415317714000000000e+09	2.043967299999999935e-03	3.326982599999999800e-03
7.415320143000000000e+09	1.984898799999999970e-03	3.304401399999999916e-03
7.415322571000000000e+09	2.036368399999999908e-03	3.285185600000000133e-03
7.415325000000000000e+09	2.068790000000000039e-03	3.346776899999999964e-03
7.415327429000000000e+09	2.031083700000000172e-03	3.261330299999999887e-03
7.415329857000000000e+09	2.057520100000000216e-03	3.269188900000000002e-03
7.415332286000000000e+09	2.053411700000000017e-03	3.373391500000000060e-03
7.415334714000000000e+09	2.076120099999999909e-03	3.244432900000000092e-03
7.415337143000000000e+09	2.098261200000000205e-03	3.275487699999999908e-03
7.415339571000000000e+09	2.158448800000000150e-03	3.269124600000000193e-03
7.415342000000000000e+09	2.092693599999999841e-03	3.307046599999999888e-03
7.415344429000000000e+09	2.119397199999999929e-03	3.315756300000000101e-03
7.415346857000000000e+09	2.147314300000000096e-03	3.292343200000000161e-03
7.415349286000000000e+09	2.169781700000000205e-03	3.244631699999999796e-03
7.415351714000000000e+09	2.218804500000000172e-03	3.221845999999999998e-03
7.415354143000000000e+09	2.175111899999999845e-03	3.224770899999999940e-03
7.415356571000000000e+09	2.201785099999999974e-03	3.219166199999999936e-03
7.415359000000000000e+09	2.169607899999999919e-03	3.192221800000000134e-03
7.415361429000000000e+09	2.185339000000000118e-03	3.276656900000000060e-03
7.415363857000000000e+09	2.215950099999999985e-03	3.168637900000000063e-03
7.415366286000000000e+09	2.203063700000000135e-03	3.306607699999999841e-03
7.415368714000000000e+09	2.234950900000000178e-03	3.196435300000000177e-03
7.415371143000000000e+09	2.205114000000000206e-03	3.196665899999999883e-03
7.415373571000000000e+09	2.275243900000000017e-03	3.189590899999999833e-03
7.415376000000000000e+09	2.272584099999999836e-03	3.278151400000000118e-03
7.415378429000000000e+09	2.272183000000000102e-03	3.287597399999999878e-03
7.415380857000000000e+09	2.286830499999999849e-03	3.210282899999999939e-03
7.415383286000000000e+09	2.308369499999999956e-03	3.172117600000000110e-03
7.415385714000000000e+09	2.342123399999999911e-03	3.202838799999999791e-03
7.415388143000000000e+09	2.357219900000000114e-03	3.130556400000000187e-03
7.415390571000000000e+09	2.327841499999999935e-03	3.193829699999999831e-03
7.415393000000000000e+09	2.360783699999999784e-03	3.165183700000000037e-03
7.415395429000000000e+09	2.317574900000000070e-03	3.124032000000000111e-03
7.415397857000000000e+09	2.322905899999999982e-03	3.126779899999999977e-03
7.415400286000000000e+09	2.355317100000000035e-03	3.175476799999999832e-03
7.415402714000000000e+09	2.363892600000000021e-03	3.146234400000000059e-03
7.415405143000000000e+09	2.383415299999999942e-03	3.187756700000000162e-03
7.415407571000000000e+09	2.371259399999999830e-03	3.115942999999999925e-03
7.415410000000000000e+09	2.463159199999999990e-03	3.143531399999999892e-03
7.415412429000000000e+09	2.419514099999999814e-03	3.097495799999999862e-03
7.415414857000000000e+09	2.412290100000000128e-03	3.111179099999999975e-03
7.415417286000000000e+09	2.460451599999999989e-03	3.132809199999999922e-03
7.415419714000000000e+09	2.438595699999999804e-03	3.044734400000000032e-03
7.415422143000000000e+09	2.526245700000000118e-03	3.104983799999999801e-03
7.415424571000000000e+09	2.465081400000000179e-03	3.039454000000000027e-03
7.415427000000000000e+09	2.437630899999999965e-03	3.088706399999999793e-03
7.415429429000000000e+09	2.567647000000000158e-03	3.057305199999999813e-03
7.415431857000000000e+09	2.503421999999999939e-03	3.113714200000000133e-03
7.415434286000000000e+09	2.518991300000000041e-03	3.073491900000000117e-03
7.415436714000000000e+09	2.488554799999999866e-03	3.011413000000000111e-03
7.415439143000000000e+09	2.540241500000000111e-03	3.040177299999999912e-03
7.415441571000000000e+09	2.513554199999999943e-03	3.042222099999999842e-03
7.415444000000000000e+09	2.604107300000000139e-03	3.011084099999999843e-03
7.415446429000000000e+09	2.573241100000000017e-03	3.067737599999999839e-03
7.415448857000000000e+09	2.602108499999999849e-03	2.980676499999999982e-03
7.415451286000000000e+09	2.618493500000000120e-03	3.034802400000000209e-03
7.415453714000000000e+09	2.581323099999999985e-03	2.979405499999999811e-03
7.415456143000000000e+09	2.616956499999999880e-03	2.974532700000000023e-03
7.415458571000000000e+09	2.636440999999999785e-03	2.967099899999999825e-03
7.415461000000000000e+09	2.586181900000000203e-03	2.969506700000000034e-03
7.415463429000000000e+09	2.635008800000000154e-03	3.044491299999999966e-03
7.415465857000000000e+09	2.632487199999999829e-03	2.939205500000000026e-03
7.415468286000000000e+09	2.607258999999999792e-03	3.047080900000000061e-03
7.415470714000000000e+09	2.627233200000000154e-03	3.002325299999999801e-03
7.415473143000000000e+09	2.627238999999999963e-03	2.946571900000000133e-03
7.415475571000000000e+09	2.632652899999999956e-03	2.945542199999999847e-03
7.415478000000000000e+09	2.699221199999999980e-03	2.951641300000000176e-03
7.415480429000000000e+09	2.674103199999999791e-03	2.963020099999999837e-03
7.415482857000000000e+09	2.612630199999999969e-03	2.928765399999999977e-03
7.415485286000000000e+09	2.665504700000000202e-03	2.937405599999999908e-03
7.415487714000000000e+09	2.747823500000000103e-03	2.888339599999999955e-03
7.415490143000000000e+09	2.763185799999999873e-03	2.937462100000000093e-03
7.415492571000000000e+09	2.737489100000000102e-03	2.912491599999999896e-03
7.415495000000000000e+09	2.767485499999999821e-03	2.828772099999999831e-03
7.415497429000000000e+09	2.730587000000000032e-03	2.860882400000000058e-03
7.415499857000000000e+09	2.720197900000000026e-03	2.864902099999999934e-03
7.415502286000000000e+09	2.761312100000000175e-03	2.878044599999999946e-03
7.415504714000000000e+09	2.794482400000000179e-03	2.879191499999999865e-03
7.415507143000000000e+09	2.769094699999999961e-03	2.919316300000000027e-03
7.415509571000000000e+09	2.699829600000000149e-03	2.874941599999999986e-03
7.415512000000000000e+09	2.768263400000000110e-03	2.823457399999999839e-03
7.415514429000000000e+09	2.740701199999999969e-03	2.874943899999999903e-03
7.415516857000000000e+09	2.779651499999999907e-03	2.828248599999999991e-03
7.415519286000000000e+09	2.797242100000000165e-03	2.793818500000000166e-03
7.415521714000000000e+09	2.783326500000000200e-03	2.854573999999999914e-03
7.415524143000000000e+09	2.868597499999999811e-03	2.766116199999999956e-03
7.415526571000000000e+09	2.859756699999999995e-03	2.808026999999999832e-03
7.415529000000000000e+09	2.839916599999999826e-03	2.791343500000000120e-03
7.415531429000000000e+09	2.880416900000000099e-03	2.790192600000000137e-03
7.415533857000000000e+09	2.877634799999999847e-03	2.783734999999999855e-03
7.415536286000000000e+09	2.806309600000000092e-03	2.760414200000000165e-03
7.415538714000000000e+09	2.857199200000000005e-03	2.759189100000000033e-03
7.415541143000000000e+09	2.910499400000000122e-03	2.789335899999999865e-03
7.415543571000000000e+09	2.893078199999999951e-03	2.767341200000000053e-03
7.415546000000000000e+09	2.891723699999999928e-03	2.760547899999999787e-03
7.415548429000000000e+09	2.892474300000000016e-03	2.742385600000000166e-03
7.415550857000000000e+09	2.939075800000000033e-03	2.747022100000000040e-03
7.415553286000000000e+09	2.901636300000000075e-03	2.750568799999999949e-03
7.415555714000000000e+09	2.922722100000000028e-03	2.689441700000000119e-03
7.415558143000000000e+09	2.887604499999999949e-03	2.777274799999999988e-03
7.415560571000000000e+09	2.909475800000000181e-03	2.752055700000000018e-03
7.415563000000000000e+09	2.987696900000000062e-03	2.681616899999999821e-03
7.415565429000000000e+09	2.920412399999999971e-03	2.697409799999999844e-03
7.415567857000000000e+09	2.972149900000000192e-03	2.678381400000000214e-03
7.415570286000000000e+09	2.963477700000000190e-03	2.728257400000000128e-03
7.415572714000000000e+09	2.956377400000000186e-03	2.683191299999999804e-03
7.415575143000000000e+09	2.994926499999999922e-03	2.683355899999999988e-03
7.415577571000000000e+09	2.963277900000000145e-03	2.694547600000000032e-03
7.415580000000000000e+09	3.010636200000000196e-03	2.645597600000000171e-03
7.415582429000000000e+09	2.975697900000000111e-03	2.659209000000000052e-03
7.415584857000000000e+09	3.009335399999999838e-03	2.629176999999999903e-03
7.415587286000000000e+09	2.992747500000000199e-03	2.653962000000000161e-03
7.415589714000000000e+09	3.056219499999999947e-03	2.575475299999999915e-03
7.415592143000000000e+09	3.024719999999999839e-03	2.623399499999999954e-03
7.415594571000000000e+09	3.025889099999999957e-03	2.628605899999999877e-03
7.415597000000000000e+09	3.013062899999999818e-03	2.692644100000000148e-03
7.415599429000000000e+09	3.087604299999999972e-03	2.579011300000000079e-03
7.415601857000000000e+09	3.096800800000000086e-03	2.602245200000000060e-03
7.415604286000000000e+09	3.037012700000000197e-03	2.631680400000000093e-03
7.415606714000000000e+09	3.090415000000000002e-03	2.619075099999999823e-03
7.415609143000000000e+09	3.087507000000000185e-03	2.579336199999999850e-03
7.415611571000000000e+09	3.080905300000000204e-03	2.605693799999999911e-03
7.415614000000000000e+09	3.117399099999999899e-03	2.559846599999999941e-03
7.415616429000000000e+09	3.108128500000000103e-03	2.587742400000000217e-03
7.415618857000000000e+09	3.160063800000000121e-03	2.612436499999999835e-03
7.415621286000000000e+09	3.194253099999999797e-03	2.541274999999999958e-03
7.415623714000000000e+09	3.099243499999999960e-03	2.514085699999999909e-03
7.415626143000000000e+09	3.125623399999999819e-03	2.563080499999999869e-03
7.415628571000000000e+09	3.109521999999999980e-03	2.604117500000000147e-03
7.415631000000000000e+09	3.140476399999999821e-03	2.467655100000000056e-03
7.415633429000000000e+09	3.136260999999999997e-03	2.550469000000000087e-03
7.415635857000000000e+09	3.113673099999999996e-03	2.417943799999999928e-03
7.415638286000000000e+09	3.167659599999999957e-03	2.482904299999999856e-03
7.415640714000000000e+09	3.202648299999999882e-03	2.542747900000000023e-03
7.415643143000000000e+09	3.151469400000000195e-03	2.437897799999999907e-03
7.415645571000000000e+09	3.167277300000000129e-03	2.443837800000000192e-03
7.415648000000000000e+09	3.207713100000000091e-03	2.451085400000000119e-03
7.415650429000000000e+09	3.219787999999999904e-03	2.488091000000000001e-03
7.415652857000000000e+09	3.161622299999999886e-03	2.381924899999999980e-03
7.415655286000000000e+09	3.175492700000000050e-03	2.461862200000000060e-03
7.415657714000000000e+09	3.157223900000000107e-03	2.459982099999999915e-03
7.415660143000000000e+09	3.205549900000000119e-03	2.449911199999999997e-03
7.415662571000000000e+09	3.152102700000000181e-03	2.495708399999999830e-03
7.415665000000000000e+09	3.207119000000000029e-03	2.417508799999999909e-03
7.415667429000000000e+09	3.273209599999999785e-03	2.402959899999999958e-03
7.415669857000000000e+09	3.229689999999999905e-03	2.458846399999999911e-03
7.415672286000000000e+09	3.218294699999999821e-03	2.329488700000000023e-03
7.415674714000000000e+09	3.200649299999999958e-03	2.400974900000000037e-03
7.415677143000000000e+09	3.274414499999999967e-03	2.428079999999999995e-03
7.415679571000000000e+09	3.189143199999999820e-03	2.373782599999999833e-03
7.415682000000000000e+09	3.250133000000000102e-03	2.362699299999999891e-03
7.415684429000000000e+09	3.256482700000000018e-03	2.373219800000000036e-03
7.415686857000000000e+09	3.302654300000000022e-03	2.420181400000000118e-03
7.415689286000000000e+09	3.254780000000000086e-03	2.300575100000000050e-03
7.415691714000000000e+09	3.316915000000000141e-03	2.365114699999999997e-03
7.415694143000000000e+09	3.262927399999999804e-03	2.327624500000000096e-03
7.415696571000000000e+09	3.239392599999999997e-03	2.349520900000000214e-03
7.415699000000000000e+09	3.286054300000000161e-03	2.341470000000000010e-03
7.415701429000000000e+09	3.274728800000000026e-03	2.309508999999999954e-03
7.415703857000000000e+09	3.302476999999999843e-03	2.297976099999999786e-03
7.415706286000000000e+09	3.280787800000000125e-03	2.305396300000000023e-03
7.415708714000000000e+09	3.300104700000000123e-03	2.274331599999999867e-03
7.415711143000000000e+09	3.329955700000000133e-03	2.345889299999999976e-03
7.415713571000000000e+09	3.328113800000000004e-03	2.241555899999999983e-03
7.415716000000000000e+09	3.350212300000000084e-03	2.306517200000000184e-03
7.415718429000000000e+09	3.331306500000000195e-03	2.215906299999999794e-03
7.415720857000000000e+09	3.407128199999999787e-03	2.305340300000000009e-03
7.415723286000000000e+09	3.357310799999999908e-03	2.236572799999999878e-03
7.415725714000000000e+09	3.334312600000000071e-03	2.275989500000000134e-03
7.415728143000000000e+09	3.367185799999999809e-03	2.297805300000000089e-03
7.415730571000000000e+09	3.369733099999999790e-03	2.195249299999999914e-03
7.415733000000000000e+09	3.360887400000000039e-03	2.248720899999999932e-03
7.415735429000000000e+09	3.364294900000000185e-03	2.275639600000000078e-03
7.415737857000000000e+09	3.417850400000000191e-03	2.257098400000000053e-03
7.415740286000000000e+09	3.417116600000000195e-03	2.281351200000000107e-03
7.415742714000000000e+09	3.383422599999999850e-03	2.216304899999999977e-03
7.415745143000000000e+09	3.387231599999999867e-03	2.204002699999999849e-03
7.415747571000000000e+09	3.398776100000000088e-03	2.186290100000000056e-03
7.415750000000000000e+09	3.361027700000000177e-03	2.147429100000000212e-03
7.415752429000000000e+09	3.376880599999999844e-03	2.124308300000000201e-03
7.415754857000000000e+09	3.434888300000000193e-03	2.069248399999999797e-03
7.415757286000000000e+09	3.431761299999999855e-03	2.143232100000000157e-03
7.415759714000000000e+09	3.440107500000000144e-03	2.149985399999999793e-03
7.415762143000000000e+09	3.421187200000000081e-03	2.120682400000000172e-03
7.415764571000000000e+09	3.418951400000000071e-03	2.091687300000000162e-03
7.415767000000000000e+09	3.433844900000000006e-03	2.143580099999999999e-03
7.415769429000000000e+09	3.500457800000000060e-03	2.160777400000000147e-03
7.415771857000000000e+09	3.406335099999999953e-03	2.044707399999999911e-03
7.415774286000000000e+09	3.522686900000000006e-03	2.117954100000000051e-03
7.415776714000000000e+09	3.467019100000000038e-03	2.157811899999999804e-03
7.415779143000000000e+09	3.467755299999999985e-03	2.147302800000000077e-03
7.415781571000000000e+09	3.479737100000000142e-03	2.098154999999999985e-03
7.415784000000000000e+09	3.470469300000000000e-03	2.070982800000000131e-03
7.415786429000000000e+09	3.531800800000000143e-03	2.143557899999999801e-03
7.415788857000000000e+09	3.454437500000000043e-03	2.038497700000000031e-03
7.415791286000000000e+09	3.491902199999999921e-03	2.090073500000000188e-03
7.415793714000000000e+09	3.476399299999999911e-03	1.970808599999999879e-03
7.415796143000000000e+09	3.524659600000000070e-03	2.036183699999999808e-03
7.415798571000000000e+09	3.541085800000000079e-03	2.013746800000000125e-03
7.415801000000000000e+09	3.510002999999999821e-03	2.021444700000000084e-03
7.415803429000000000e+09	3.556269700000000162e-03	2.066737899999999788e-03
7.415805857000000000e+09	3.609082000000000002e-03	2.032280699999999829e-03
7.415808286000000000e+09	3.465215299999999891e-03	2.022446099999999827e-03
7.415810714000000000e+09	3.521991500000000094e-03	1.980885500000000108e-03
7.415813143000000000e+09	3.555103999999999903e-03	2.004113200000000143e-03
7.415815571000000000e+09	3.526018799999999960e-03	2.026242799999999986e-03
7.415818000000000000e+09	3.581971800000000039e-03	1.981892099999999889e-03
7.415820429000000000e+09	3.591669699999999830e-03	2.011505299999999906e-03
7.415822857000000000e+09	3.555945999999999933e-03	1.982694699999999928e-03
7.415825286000000000e+09	3.564621699999999827e-03	1.964675400000000065e-03
7.415827714000000000e+09	3.529344299999999900e-03	1.967899300000000053e-03
7.415830143000000000e+09	3.486072199999999850e-03	1.959864700000000202e-03
7.415832571000000000e+09	3.545945000000000000e-03	1.951478100000000014e-03
7.415835000000000000e+09	3.622016699999999843e-03	1.910079399999999993e-03
7.415837429000000000e+09	3.545446299999999943e-03	1.843565799999999973e-03
7.415839857000000000e+09	3.628648999999999850e-03	1.891862000000000014e-03
7.415842286000000000e+09	3.486226800000000094e-03	1.953919799999999981e-03
7.415844714000000000e+09	3.636462100000000062e-03	1.888754099999999901e-03
7.415847143000000000e+09	3.546849800000000195e-03	1.979412700000000077e-03
7.415849571000000000e+09	3.600502000000000216e-03	1.902237399999999901e-03
7.415852000000000000e+09	3.553080799999999966e-03	1.916526300000000096e-03
7.415854429000000000e+09	3.624045099999999818e-03	1.836821300000000086e-03
7.415856857000000000e+09	3.559450899999999900e-03	1.794916799999999972e-03
7.415859286000000000e+09	3.581075200000000038e-03	1.873738599999999997e-03
7.415861714000000000e+09	3.596951399999999844e-03	1.884982600000000095e-03
7.415864143000000000e+09	3.594628800000000159e-03	1.838543200000000060e-03
7.415866571000000000e+09	3.593697199999999932e-03	1.878173099999999943e-03
7.415869000000000000e+09	3.626852299999999956e-03	1.800077400000000107e-03
7.415871429000000000e+09	3.688015299999999885e-03	1.825659199999999944e-03
7.415873857000000000e+09	3.703822299999999946e-03	1.850106600000000004e-03
7.415876286000000000e+09	3.642351800000000108e-03	1.747576000000000034e-03
7.415878714000000000e+09	3.679267300000000056e-03	1.807572900000000002e-03
7.415881143000000000e+09	3.589992199999999817e-03	1.775358799999999940e-03
7.415883571000000000e+09	3.665894500000000007e-03	1.784397700000000088e-03
7.415886000000000000e+09	3.597169900000000194e-03	1.709110700000000035e-03
7.415888429000000000e+09	3.605970300000000111e-03	1.804626199999999998e-03
7.415890857000000000e+09	3.688669299999999991e-03	1.751776200000000096e-03
7.415893286000000000e+09	3.710800700000000014e-03	1.772994300000000061e-03
7.415895714000000000e+09	3.627936500000000179e-03	1.760415100000000017e-03
7.415898143000000000e+09	3.642489200000000125e-03	1.780276300000000009e-03
7.415900571000000000e+09	3.694736899999999987e-03	1.768646899999999893e-03
7.415903000000000000e+09	3.684189599999999811e-03	1.723976600000000099e-03
7.415905429000000000e+09	3.733299700000000058e-03	1.691466699999999998e-03
7.415907857000000000e+09	3.719249600000000197e-03	1.737023899999999956e-03
7.415910286000000000e+09	3.679786500000000165e-03	1.711043599999999970e-03
7.415912714000000000e+09	3.615864900000000191e-03	1.774278100000000044e-03
7.415915143000000000e+09	3.730835200000000122e-03	1.651116800000000055e-03
7.415917571000000000e+09	3.651250699999999787e-03	1.650178200000000043e-03
7.415920000000000000e+09	3.731494399999999833e-03	1.647504900000000029e-03
7.415922429000000000e+09	3.685987400000000080e-03	1.705923399999999951e-03
7.415924857000000000e+09	3.677514800000000056e-03	1.623473799999999899e-03
7.415927286000000000e+09	3.674715399999999976e-03	1.670890499999999916e-03
7.415929714000000000e+09	3.682325699999999986e-03	1.657289300000000043e-03
7.415932143000000000e+09	3.766886300000000208e-03	1.611851999999999990e-03
7.415934571000000000e+09	3.762912599999999972e-03	1.617210700000000024e-03
7.415937000000000000e+09	3.682100099999999817e-03	1.573724400000000006e-03
7.415939429000000000e+09	3.675417199999999902e-03	1.591360200000000065e-03
7.415941857000000000e+09	3.750737799999999920e-03	1.614283200000000062e-03
7.415944286000000000e+09	3.747353499999999879e-03	1.558537100000000064e-03
7.415946714000000000e+09	3.731375299999999985e-03	1.605580899999999988e-03
7.415949143000000000e+09	3.778087099999999886e-03	1.604312000000000099e-03
7.415951571000000000e+09	3.742975600000000153e-03	1.634734000000000100e-03
7.415954000000000000e+09	3.736580700000000001e-03	1.574604000000000064e-03
7.415956429000000000e+09	3.772365499999999917e-03	1.549214300000000032e-03
7.415958857000000000e+09	3.796166000000000124e-03	1.624533999999999961e-03
7.415961286000000000e+09	3.746437599999999802e-03	1.568438799999999963e-03
7.415963714000000000e+09	3.754198299999999926e-03	1.548026799999999929e-03
7.415966143000000000e+09	3.757236499999999906e-03	1.512445399999999985e-03
7.415968571000000000e+09	3.801288700000000128e-03	1.575685299999999948e-03
7.415971000000000000e+09	3.757687100000000040e-03	1.540503500000000095e-03
7.415973429000000000e+09	3.818712799999999987e-03	1.586316799999999997e-03
7.415975857000000000e+09	3.722244500000000157e-03	1.522080199999999942e-03
7.415978286000000000e+09	3.855901499999999857e-03	1.541513900000000088e-03
7.415980714000000000e+09	3.795039499999999788e-03	1.503550700000000004e-03
7.415983143000000000e+09	3.794024500000000178e-03	1.468856500000000108e-03
7.415985571000000000e+09	3.803700200000000205e-03	1.575138499999999969e-03
7.415988000000000000e+09	3.796218200000000143e-03	1.475283900000000066e-03
7.415990429000000000e+09	3.817616399999999941e-03	1.480718800000000064e-03
7.415992857000000000e+09	3.845457500000000212e-03	1.477887700000000016e-03
7.415995286000000000e+09	3.827320600000000145e-03	1.502345800000000038e-03
7.415997714000000000e+09	3.761112100000000083e-03	1.482525800000000001e-03
7.416000143000000000e+09	3.829605199999999883e-03	1.480595799999999971e-03
7.416002571000000000e+09	3.776957400000000194e-03	1.453295399999999984e-03
7.416005000000000000e+09	3.806596199999999833e-03	1.430405899999999918e-03
7.416007429000000000e+09	3.844557299999999851e-03	1.479757400000000084e-03
7.416009857000000000e+09	3.804880000000000068e-03	1.441755199999999928e-03
7.416012286000000000e+09	3.823976499999999935e-03	1.454664600000000032e-03
7.416014714000000000e+09	3.809575700000000179e-03	1.386499999999999929e-03
7.416017143000000000e+09	3.880877000000000025e-03	1.444764000000000074e-03
7.416019571000000000e+09	3.739323000000000126e-03	1.409862000000000008e-03
7.416022000000000000e+09	3.865455500000000016e-03	1.413859800000000005e-03
7.416024429000000000e+09	3.810698899999999823e-03	1.407283500000000012e-03
7.416026857000000000e+09	3.815306499999999816e-03	1.385336299999999918e-03
7.416029286000000000e+09	3.799277299999999878e-03	1.291313600000000084e-03
7.416031714000000000e+09	3.844336600000000052e-03	1.339997799999999946e-03
7.416034143000000000e+09	3.872697999999999939e-03	1.363355099999999940e-03
7.416036571000000000e+09	3.817728600000000038e-03	1.428975500000000034e-03
7.416039000000000000e+09	3.837627399999999842e-03	1.308203200000000038e-03
7.416041429000000000e+09	3.793376399999999916e-03	1.318581799999999932e-03
7.416043857000000000e+09	3.890788499999999796e-03	1.345419499999999996e-03
7.416046286000000000e+09	3.837262699999999943e-03	1.279007300000000076e-03
7.416048714000000000e+09	3.876304599999999892e-03	1.310891200000000078e-03
7.416051143000000000e+09	3.862750500000000035e-03	1.255251599999999967e-03
7.416053571000000000e+09	3.799014199999999931e-03	1.273958200000000016e-03
7.416056000000000000e+09	3.838360500000000033e-03	1.321167700000000066e-03
7.416058429000000000e+09	3.924816799999999647e-03	1.293101299999999945e-03
7.416060857000000000e+09	3.877844799999999922e-03	1.310905299999999898e-03
7.416063286000000000e+09	3.893500299999999928e-03	1.258425700000000104e-03
7.416065714000000000e+09	3.847324699999999861e-03	1.232731900000000021e-03
7.416068143000000000e+09	3.869422999999999873e-03	1.280077599999999895e-03
7.416070571000000000e+09	3.902572600000000190e-03	1.214177699999999900e-03
7.416073000000000000e+09	3.866602199999999868e-03	1.205893700000000004e-03
7.416075429000000000e+09	3.852998500000000010e-03	1.257039200000000011e-03
7.416077857000000000e+09	3.901985299999999844e-03	1.201112700000000078e-03
7.416080286000000000e+09	3.871526499999999871e-03	1.159438899999999922e-03
7.416082714000000000e+09	3.859641200000000095e-03	1.221555399999999956e-03
7.416085143000000000e+09	3.948057500000000213e-03	1.169289300000000108e-03
7.416087571000000000e+09	3.920662000000000105e-03	1.205894199999999958e-03
7.416090000000000000e+09	3.870056099999999791e-03	1.206802299999999977e-03
7.416092429000000000e+09	3.892910900000000167e-03	1.197135200000000064e-03
7.416094857000000000e+09	3.903053999999999985e-03	1.241768899999999955e-03
7.416097286000000000e+09	3.896468599999999925e-03	1.224201799999999904e-03
7.416099714000000000e+09	3.893205900000000150e-03	1.227716900000000097e-03
7.416102143000000000e+09	3.939809600000000051e-03	1.144313299999999986e-03
7.416104571000000000e+09	3.920672699999999851e-03	1.133323799999999939e-03
7.416107000000000000e+09	3.861535699999999946e-03	1.087308300000000040e-03
7.416109429000000000e+09	3.950256000000000080e-03	1.156713900000000059e-03
7.416111857000000000e+09	3.893147599999999785e-03	1.060470399999999909e-03
7.416114286000000000e+09	3.894122299999999964e-03	1.075735200000000041e-03
7.416116714000000000e+09	3.896480999999999816e-03	1.096234300000000069e-03
7.416119143000000000e+09	3.972199099999999643e-03	1.075565099999999932e-03
7.416121571000000000e+09	3.952441400000000250e-03	1.040176299999999963e-03
7.416124000000000000e+09	3.905520799999999838e-03	1.143092399999999986e-03
7.416126429000000000e+09	3.974876900000000324e-03	1.050493399999999919e-03
7.416128857000000000e+09	3.964971400000000430e-03	1.059598599999999908e-03
7.416131286000000000e+09	3.977525699999999789e-03	1.030221999999999909e-03
7.416133714000000000e+09	3.896010300000000200e-03	1.100190800000000078e-03
7.416136143000000000e+09	3.917404999999999672e-03	9.974498999999999518e-04
7.416138571000000000e+09	3.968719800000000165e-03	1.074423400000000051e-03
7.416141000000000000e+09	3.903087500000000133e-03	1.060776499999999990e-03
7.416143429000000000e+09	4.018081899999999609e-03	1.030053599999999946e-03
7.416145857000000000e+09	3.939687400000000013e-03	1.005590900000000090e-03
7.416148286000000000e+09	3.867257800000000086e-03	1.015969200000000098e-03
7.416150714000000000e+09	3.963146600000000061e-03	9.844567999999999288e-04
7.416153143000000000e+09	4.003826400000000396e-03	1.040016599999999932e-03
7.416155571000000000e+09	3.960366100000000354e-03	9.613205999999999791e-04
7.416158000000000000e+09	3.984645000000000201e-03	1.013602200000000017e-03
7.416160429000000000e+09	3.926657299999999733e-03	9.618393999999999512e-04
7.416162857000000000e+09	3.974240199999999612e-03	9.834894000000000708e-04
7.416165286000000000e+09	3.959199400000000188e-03	1.030940200000000006e-03
7.416167714000000000e+09	3.932901600000000136e-03	9.461807999999999720e-04
7.416170143000000000e+09	3.935543300000000216e-03	9.191543000000000369e-04
7.416172571000000000e+09	3.947479000000000265e-03	9.114556999999999477e-04
7.416175000000000000e+09	3.942226699999999869e-03	9.609233000000000227e-04
7.416177429000000000e+09	4.045733299999999810e-03	9.215167999999999927e-04
7.416179857000000000e+09	3.951353399999999599e-03	9.190805000000000242e-04
7.416182286000000000e+09	3.984290799999999980e-03	8.873473000000000211e-04
7.416184714000000000e+09	4.001569200000000028e-03	9.193418000000000076e-04
7.416187143000000000e+09	3.905047999999999939e-03	9.504920000000000469e-04
7.416189571000000000e+09	3.985558600000000361e-03	9.737769999999999976e-04
7.416192000000000000e+09	3.979538000000000346e-03	8.716328999999999874e-04
7.416194429000000000e+09	4.005828700000000145e-03	9.163495999999999924e-04
7.416196857000000000e+09	4.002088200000000068e-03	8.001920999999999513e-04
7.416199286000000000e+09	3.990188399999999684e-03	8.498279999999999550e-04
7.416201714000000000e+09	3.941525799999999816e-03	8.934146000000000231e-04
7.416204143000000000e+09	3.991323100000000214e-03	8.117508000000000275e-04
7.416206571000000000e+09	3.936353899999999947e-03	8.091738000000000012e-04
7.416209000000000000e+09	3.949590000000000219e-03	8.615908999999999504e-04
7.416211429000000000e+09	3.967422899999999836e-03	9.180571999999999691e-04
7.416213857000000000e+09	4.012965799999999687e-03	8.581284000000000221e-04
7.416216286000000000e+09	3.964954799999999974e-03	8.374450999999999553e-04
7.416218714000000000e+09	3.951248499999999823e-03	8.307358999999999620e-04
7.416221143000000000e+09	3.930286600000000054e-03	7.981419999999999487e-04
7.416223571000000000e+09	4.014149199999999910e-03	7.281111999999999957e-04
7.416226000000000000e+09	3.990925000000000201e-03	7.817406999999999741e-04
7.416228429000000000e+09	3.971393400000000282e-03	8.314411999999999974e-04
7.416230857000000000e+09	4.007806200000000110e-03	7.922658999999999865e-04
7.416233286000000000e+09	4.027534600000000353e-03	8.047908000000000535e-04
7.416235714000000000e+09	3.998953500000000140e-03	8.124211999999999797e-04
7.416238143000000000e+09	4.067532300000000108e-03	8.104431999999999522e-04
7.416240571000000000e+09	4.013457599999999993e-03	7.795599999999999969e-04
7.416243000000000000e+09	4.010604400000000215e-03	7.775462000000000129e-04
7.416245429000000000e+09	4.029276299999999707e-03	6.981036999999999616e-04
7.416247857000000000e+09	4.009429800000000391e-03	7.886861999999999909e-04
7.416250286000000000e+09	3.981241600000000151e-03	6.887733999999999740e-04
7.416252714000000000e+09	4.015053099999999799e-03	7.506162999999999507e-04
7.416255143000000000e+09	4.049191599999999933e-03	7.665649999999999764e-04
7.416257571000000000e+09	4.005669300000000432e-03	7.207592000000000295e-04
7.416260000000000000e+09	3.954700499999999966e-03	7.308576000000000005e-04
7.416262429000000000e+09	3.968168200000000284e-03	7.967831000000000522e-04
7.416264857000000000e+09	4.005273999999999640e-03	7.576182000000000099e-04
7.416267286000000000e+09	4.021926700000000125e-03	6.753978000000000542e-04
7.416269714000000000e+09	4.011295800000000064e-03	6.544797999999999675e-04
7.416272143000000000e+09	4.021280999999999814e-03	6.635044000000000098e-04
7.416274571000000000e+09	4.079330299999999604e-03	6.670590000000000113e-04
7.416277000000000000e+09	4.082022000000000254e-03	6.457188000000000424e-04
7.416279429000000000e+09	4.036733800000000087e-03	6.572801999999999551e-04
7.416281857000000000e+09	4.033130099999999822e-03	6.585531000000000154e-04
7.416284286000000000e+09	4.003634499999999576e-03	6.610652999999999538e-04
7.416286714000000000e+09	4.022323700000000196e-03	5.712392999999999638e-04
7.416289143000000000e+09	4.038837899999999856e-03	6.289012999999999548e-04
7.416291571000000000e+09	4.000337599999999848e-03	6.209806000000000223e-04
7.416294000000000000e+09	3.988760699999999854e-03	5.569263000000000078e-04
7.416296429000000000e+09	4.093350600000000145e-03	5.563738000000000364e-04
7.416298857000000000e+09	4.103633100000000228e-03	5.835667000000000111e-04
7.416301286000000000e+09	3.990245899999999776e-03	6.130076000000000361e-04
7.416303714000000000e+09	3.972820699999999976e-03	6.469197999999999789e-04
7.416306143000000000e+09	4.035824200000000424e-03	6.226005000000000168e-04
7.416308571000000000e+09	4.000723200000000368e-03	5.983712999999999879e-04
7.416311000000000000e+09	4.028426699999999687e-03	5.325066999999999951e-04
7.416313429000000000e+09	4.062052099999999624e-03	5.749016000000000456e-04
7.416315857000000000e+09	3.989894600000000111e-03	5.706348999999999666e-04
7.416318286000000000e+09	3.999241300000000270e-03	5.781595999999999524e-04
7.416320714000000000e+09	4.014162400000000075e-03	4.788993000000000178e-04
7.416323143000000000e+09	4.038633300000000342e-03	5.306602999999999581e-04
7.416325571000000000e+09	3.987713599999999706e-03	4.976502999999999743e-04
7.416328000000000000e+09	4.024546900000000246e-03	5.226264000000000213e-04
7.416330429000000000e+09	4.073470899999999915e-03	5.469312999999999519e-04
7.416332857000000000e+09	4.088660200000000106e-03	5.962292999999999803e-04
7.416335286000000000e+09	4.043535899999999884e-03	4.676694000000000120e-04
7.416337714000000000e+09	4.020003799999999697e-03	5.112803000000000183e-04
7.416340143000000000e+09	4.026413500000000124e-03	4.850214000000000044e-04
7.416342571000000000e+09	3.986487599999999701e-03	4.664123000000000270e-04
7.416345000000000000e+09	4.027172400000000006e-03	4.776825000000000060e-04
7.416347429000000000e+09	4.078368599999999955e-03	4.414886000000000136e-04
7.416349857000000000e+09	4.032798100000000233e-03	4.964618999999999976e-04
7.416352286000000000e+09	4.076051899999999679e-03	4.761518999999999973e-04
7.416354714000000000e+09	4.024084100000000289e-03	4.568228999999999931e-04
7.416357143000000000e+09	3.990693600000000223e-03	5.093972999999999687e-04
7.416359571000000000e+09	4.015521600000000399e-03	4.757962000000000237e-04
7.416362000000000000e+09	4.081551899999999976e-03	4.045488000000000187e-04
7.416364429000000000e+09	4.106811499999999879e-03	4.287676000000000247e-04
7.416366857000000000e+09	4.043541700000000128e-03	3.923190000000000227e-04
7.416369286000000000e+09	4.063294200000000349e-03	4.174738000000000212e-04
7.416371714000000000e+09	4.044958999999999881e-03	4.908811000000000120e-04
7.416374143000000000e+09	4.086887699999999790e-03	4.234687999999999799e-04
7.416376571000000000e+09	4.056604600000000317e-03	4.318731000000000241e-04
7.416379000000000000e+09	4.048259000000000232e-03	4.161761000000000149e-04
7.416381429000000000e+09	4.055116099999999703e-03	3.934713999999999746e-04
7.416383857000000000e+09	4.057236999999999996e-03	3.328297000000000026e-04
7.416386286000000000e+09	4.022950200000000032e-03	4.471980999999999764e-04
7.416388714000000000e+09	4.073673499999999614e-03	3.052317999999999937e-04
7.416391143000000000e+09	4.094115500000000338e-03	3.141819999999999813e-04
7.416393571000000000e+09	4.025320800000000039e-03	3.245251000000000212e-04
7.416396000000000000e+09	4.052955700000000251e-03	3.064038999999999955e-04
7.416398429000000000e+09	4.038470100000000201e-03	3.264046000000000156e-04
7.416400857000000000e+09	4.113688600000000098e-03	3.189938000000000018e-04
7.416403286000000000e+09	4.043085600000000286e-03	3.134961000000000019e-04
7.416405714000000000e+09	4.046851399999999883e-03	3.105755000000000082e-04
7.416408143000000000e+09	4.019693700000000203e-03	3.515883999999999828e-04
7.416410571000000000e+09	4.123060999999999914e-03	3.284626000000000017e-04
7.416413000000000000e+09	4.054927499999999574e-03	2.485373000000000031e-04
7.416415429000000000e+09	4.044425499999999667e-03	2.951272000000000227e-04
7.416417857000000000e+09	4.017378099999999869e-03	3.258868999999999850e-04
7.416420286000000000e+09	4.053583399999999629e-03	1.986470999999999907e-04
7.416422714000000000e+09	4.090682899999999872e-03	2.281919999999999999e-04
7.416425143000000000e+09	4.074593500000000222e-03	2.204685000000000119e-04
7.416427571000000000e+09	4.091271999999999964e-03	2.727478999999999776e-04
7.416430000000000000e+09	4.148686199999999588e-03	2.787620999999999784e-04
7.416432429000000000e+09	4.079921599999999579e-03	2.794378999999999830e-04
7.416434857000000000e+09	4.150269300000000369e-03	2.885574000000000233e-04
7.416437286000000000e+09	4.077162399999999763e-03	2.472401999999999846e-04
7.416439714000000000e+09	4.074910799999999569e-03	2.576090000000000064e-04
7.416442143000000000e+09	4.104615100000000294e-03	2.561471999999999859e-04
7.416444571000000000e+09	4.038576900000000192e-03	2.585751999999999972e-04
7.416447000000000000e+09	4.060921399999999591e-03	1.607024999999999882e-04
7.416449429000000000e+09	4.094507100000000302e-03	1.533963000000000004e-04
7.416451857000000000e+09	4.108692300000000262e-03	1.115958999999999999e-04
7.416454286000000000e+09	4.117905100000000297e-03	2.258189000000000073e-04
7.416456714000000000e+09	4.056954199999999837e-03	1.388665000000000027e-04
7.416459143000000000e+09	4.007140200000000249e-03	1.541997999999999936e-04
7.416461571000000000e+09	4.031819600000000059e-03	2.041579000000000126e-04
7.416464000000000000e+09	4.084726099999999929e-03	1.405311999999999870e-04
7.416466429000000000e+09	4.122157199999999626e-03	1.417389000000000127e-04
7.416468857000000000e+09	4.088464400000000123e-03	1.471819999999999878e-04
7.416471286000000000e+09	4.077857499999999573e-03	1.106451999999999956e-04
7.416473714000000000e+09	3.979322500000000151e-03	2.107226000000000075e-04
7.416476143000000000e+09	3.989249500000000004e-03	1.388686999999999940e-04
7.416478571000000000e+09	4.078857800000000242e-03	1.881806999999999989e-04
7.416481000000000000e+09	4.009714900000000033e-03	1.248041999999999934e-04
7.416483429000000000e+09	4.099781299999999927e-03	2.017983999999999956e-04
7.416485857000000000e+09	4.055805499999999737e-03	1.315746999999999924e-04
7.416488286000000000e+09	4.065107299999999764e-03	6.278370000000000673e-05
7.416490714000000000e+09	4.063806100000000136e-03	1.146230999999999970e-04
7.416493143000000000e+09	4.079208699999999771e-03	6.206499999999999615e-05
7.416495571000000000e+09	4.117553500000000095e-03	1.062612000000000051e-04
7.416498000000000000e+09	4.018031899999999906e-03	1.217785000000000064e-04
7.416500429000000000e+09	4.030308199999999876e-03	9.295139999999999913e-05
7.416502857000000000e+09	4.046512799999999778e-03	6.522609999999999541e-05
7.416505286000000000e+09	4.066330400000000081e-03	1.016651000000000035e-04
7.416507714000000000e+09	4.058014500000000149e-03	7.201570000000000237e-05
7.416510143000000000e+09	4.108468599999999873e-03	1.267709999999999929e-05
7.416512571000000000e+09	3.993227400000000371e-03	9.988960000000000666e-05
7.416515000000000000e+09	4.006443299999999826e-03	6.244680000000000662e-05
7.416517429000000000e+09	4.060743200000000407e-03	4.912909999999999689e-05
7.416519857000000000e+09	4.011792299999999804e-03	1.034943000000000028e-04
7.416522286000000000e+09	4.023066700000000294e-03	1.369270000000000021e-05
7.416524714000000000e+09	4.058826199999999822e-03	5.862359999999999891e-05
7.416527143000000000e+09	4.107195000000000117e-03	3.127669999999999821e-05
7.416529571000000000e+09	4.058871200000000422e-03	2.371209999999999952e-05
7.416532000000000000e+09	4.044811399999999856e-03	1.146380000000000025e-05
7.416534429000000000e+09	4.032512000000000249e-03	1.897309999999999966e-05
7.416536857000000000e+09	4.100349500000000265e-03	-7.171899999999999892e-06
7.416539286000000000e+09	4.028391000000000090e-03	-5.988699999999999769e-05
7.416541714000000000e+09	4.061830300000000317e-03	-4.407129999999999934e-05
7.416544143000000000e+09	4.078256100000000189e-03	5.838030000000000075e-05
7.416546571000000000e+09	4.094556099999999664e-03	-1.141418000000000055e-04
7.416549000000000000e+09	4.072610100000000413e-03	-3.112710000000000222e-05
7.416551429000000000e+09	4.147229300000000209e-03	3.972899999999999689e-06
7.416553857000000000e+09	4.038233300000000116e-03	-3.757739999999999702e-05
7.416556286000000000e+09	4.103027300000000079e-03	-8.153249999999999907e-05
7.416558714000000000e+09	4.022808200000000181e-03	-7.645569999999999374e-05
7.416561143000000000e+09	4.058698900000000213e-03	-1.353520000000000045e-05
7.416563571000000000e+09	4.078740699999999775e-03	-9.724889999999999652e-05
7.416566000000000000e+09	4.027586599999999871e-03	-1.328874999999999978e-04
7.416568429000000000e+09	4.015568599999999946e-03	-1.144240000000000076e-05
7.416570857000000000e+09	4.046004899999999620e-03	-1.425302999999999997e-04
7.416573286000000000e+09	4.058425899999999927e-03	-6.036989999999999945e-05
7.416575714000000000e+09	4.042346399999999750e-03	-1.090267999999999977e-04
7.416578143000000000e+09	4.067852500000000010e-03	-1.036166000000000067e-04
7.416580571000000000e+09	4.071470599999999981e-03	-2.026337999999999978e-04
7.416583000000000000e+09	4.016409399999999567e-03	-1.185284999999999952e-04
7.416585429000000000e+09	4.062789100000000278e-03	-1.571331000000000084e-04
7.416587857000000000e+09	4.090777000000000302e-03	-1.951843999999999942e-04
7.416590286000000000e+09	4.129023300000000431e-03	-1.441776999999999935e-04
7.416592714000000000e+09	4.064833500000000072e-03	-1.212362000000000032e-04
7.416595143000000000e+09	4.070744200000000340e-03	-9.919480000000000105e-05
7.416597571000000000e+09	4.036990600000000054e-03	-8.864159999999999509e-05
7.416600000000000000e+09	4.057287700000000372e-03	-1.634574999999999982e-04
7.416602429000000000e+09	3.961367300000000029e-03	-1.592851999999999907e-04
7.416604857000000000e+09	4.114461500000000417e-03	-2.209520999999999881e-04
7.416607286000000000e+09	3.969664999999999826e-03	-1.638160000000000050e-04
7.416609714000000000e+09	4.049597900000000139e-03	-2.374940999999999934e-04
7.416612143000000000e+09	4.063956900000000386e-03	-1.900398000000000029e-04
7.416614571000000000e+09	4.028513400000000196e-03	-1.583429999999999983e-04
7.416617000000000000e+09	3.989248800000000199e-03	-2.229184999999999901e-04
7.416619429000000000e+09	3.976463700000000198e-03	-2.341692999999999943e-04
7.416621857000000000e+09	4.077494299999999752e-03	-1.841486999999999942e-04
7.416624286000000000e+09	4.072754100000000078e-03	-2.886194000000000238e-04
7.416626714000000000e+09	4.038165699999999615e-03	-3.208376000000000196e-04
7.416629143000000000e+09	4.019815300000000036e-03	-2.700916999999999945e-04
7.416631571000000000e+09	4.094471599999999906e-03	-2.622235000000000212e-04
7.416634000000000000e+09	4.069915500000000075e-03	-2.744156999999999890e-04
7.416636429000000000e+09	4.122603199999999926e-03	-3.300547000000000029e-04
7.416638857000000000e+09	4.001018099999999883e-03	-3.181980999999999850e-04
7.416641286000000000e+09	4.024792099999999727e-03	-3.438022999999999795e-04
7.416643714000000000e+09	4.085899999999999949e-03	-2.907103999999999873e-04
7.416646143000000000e+09	4.030172500000000005e-03	-3.074832000000000108e-04
7.416648571000000000e+09	4.049688899999999946e-03	-3.306741000000000194e-04
7.416651000000000000e+09	3.989841000000000047e-03	-2.906001999999999761e-04
7.416653429000000000e+09	4.109192299999999895e-03	-3.102576000000000227e-04
7.416655857000000000e+09	4.012954600000000205e-03	-3.019485000000000246e-04
7.416658286000000000e+09	4.169453000000000048e-03	-3.188841999999999783e-04
7.416660714000000000e+09	4.012208100000000215e-03	-2.981861999999999946e-04
7.416663143000000000e+09	4.007803899999999760e-03	-3.236075000000000149e-04
7.416665571000000000e+09	4.001371499999999831e-03	-3.639043999999999916e-04
7.416668000000000000e+09	4.085805999999999986e-03	-3.509316999999999862e-04
7.416670429000000000e+09	3.997241300000000004e-03	-3.638185000000000269e-04
7.416672857000000000e+09	4.045598200000000144e-03	-3.281250000000000204e-04
7.416675286000000000e+09	3.992011999999999644e-03	-3.413185000000000221e-04
7.416677714000000000e+09	4.033121800000000028e-03	-3.489028000000000030e-04
7.416680143000000000e+09	4.045596000000000261e-03	-3.394145000000000213e-04
7.416682571000000000e+09	4.024394700000000387e-03	-4.108044999999999731e-04
7.416685000000000000e+09	4.082692500000000349e-03	-3.350208999999999826e-04
7.416687429000000000e+09	4.038300800000000149e-03	-2.570240999999999910e-04
7.416689857000000000e+09	4.072456700000000145e-03	-4.607866999999999974e-04
7.416692286000000000e+09	4.084405299999999822e-03	-4.100158000000000123e-04
7.416694714000000000e+09	3.965923300000000207e-03	-3.633738000000000072e-04
7.416697143000000000e+09	4.096739099999999884e-03	-3.672691000000000172e-04
7.416699571000000000e+09	4.018728899999999930e-03	-4.428872000000000039e-04
7.416702000000000000e+09	4.025023400000000105e-03	-4.188002999999999821e-04
7.416704429000000000e+09	4.099102399999999570e-03	-4.395091999999999966e-04
7.416706857000000000e+09	4.059782300000000163e-03	-5.091734999999999794e-04
7.416709286000000000e+09	4.049998899999999839e-03	-4.180434000000000233e-04
7.416711714000000000e+09	4.021707400000000369e-03	-4.564292999999999974e-04
7.416714143000000000e+09	4.060556699999999693e-03	-4.862134999999999960e-04
7.416716571000000000e+09	4.048916999999999967e-03	-4.495939999999999919e-04
7.416719000000000000e+09	4.018556999999999858e-03	-4.477781999999999813e-04
7.416721429000000000e+09	4.035906500000000299e-03	-5.147287000000000173e-04
7.416723857000000000e+09	4.053862699999999895e-03	-5.308538999999999489e-04
7.416726286000000000e+09	4.044938199999999727e-03	-4.440337999999999837e-04
7.416728714000000000e+09	4.052741999999999803e-03	-4.548991000000000167e-04
7.416731143000000000e+09	4.052564399999999956e-03	-4.484805000000000237e-04
7.416733571000000000e+09	4.017970800000000321e-03	-4.920267999999999560e-04
7.416736000000000000e+09	4.051735899999999758e-03	-4.654991999999999832e-04
7.416738429000000000e+09	4.051953799999999904e-03	-4.720826000000000124e-04
7.416740857000000000e+09	4.000928899999999823e-03	-5.076230000000000152e-04
7.416743286000000000e+09	4.034486399999999591e-03	-4.974235000000000462e-04
7.416745714000000000e+09	4.039952900000000173e-03	-5.024635999999999643e-04
7.416748143000000000e+09	4.008262799999999688e-03	-5.442698999999999844e-04
7.416750571000000000e+09	4.020186000000000245e-03	-5.186640999999999864e-04
7.416753000000000000e+09	3.955502399999999766e-03	-5.734100000000000004e-04
7.416755429000000000e+09	4.055554200000000345e-03	-5.617006000000000342e-04
7.416757857000000000e+09	4.004037600000000426e-03	-5.752469000000000506e-04
7.416760286000000000e+09	4.039367999999999778e-03	-5.643291999999999840e-04
7.416762714000000000e+09	4.029279900000000067e-03	-6.038308000000000260e-04
7.416765143000000000e+09	4.021122799999999643e-03	-6.562785000000000016e-04
7.416767571000000000e+09	3.993331299999999806e-03	-5.857227000000000223e-04
7.416770000000000000e+09	4.052601299999999962e-03	-6.510688000000000369e-04
7.416772429000000000e+09	4.044340599999999772e-03	-5.682737000000000205e-04
7.416774857000000000e+09	4.047328799999999616e-03	-5.898950000000000027e-04
7.416777286000000000e+09	3.991196300000000342e-03	-6.346426000000000281e-04
7.416779714000000000e+09	3.991111000000000311e-03	-5.993306000000000111e-04
7.416782143000000000e+09	3.964523900000000052e-03	-5.522727000000000495e-04
7.416784571000000000e+09	4.063741099999999655e-03	-6.407879999999999913e-04
7.416787000000000000e+09	4.005851799999999782e-03	-6.007764999999999763e-04
7.416789429000000000e+09	3.993652900000000186e-03	-5.853819000000000340e-04
7.416791857000000000e+09	3.973855200000000164e-03	-6.144552000000000390e-04
7.416794286000000000e+09	3.970493799999999691e-03	-6.266412000000000067e-04
7.416796714000000000e+09	4.010376799999999797e-03	-6.073785999999999855e-04
7.416799143000000000e+09	3.956099999999999721e-03	-6.025895000000000079e-04
7.416801571000000000e+09	3.997288100000000351e-03	-6.948004000000000029e-04
7.416804000000000000e+09	4.004180599999999750e-03	-6.894819000000000165e-04
7.416806429000000000e+09	4.037498700000000280e-03	-6.924445999999999466e-04
7.416808857000000000e+09	4.017204400000000050e-03	-6.589341999999999769e-04
7.416811286000000000e+09	3.996246400000000309e-03	-7.132600999999999915e-04
7.416813714000000000e+09	3.998140699999999659e-03	-6.944046000000000159e-04
7.416816143000000000e+09	3.971312200000000348e-03	-6.875979999999999853e-04
7.416818571000000000e+09	4.032676100000000263e-03	-6.849221999999999862e-04
7.416821000000000000e+09	3.967270600000000376e-03	-7.215213999999999525e-04
7.416823429000000000e+09	4.009033700000000193e-03	-6.699839999999999875e-04
7.416825857000000000e+09	3.969969099999999876e-03	-7.812649999999999543e-04
7.416828286000000000e+09	3.967684800000000241e-03	-6.555483999999999660e-04
7.416830714000000000e+09	3.927184099999999831e-03	-6.554787999999999761e-04
7.416833143000000000e+09	3.968197199999999765e-03	-7.440260999999999880e-04
7.416835571000000000e+09	3.975134600000000164e-03	-7.231469000000000135e-04
7.416838000000000000e+09	4.015089700000000136e-03	-7.449823999999999639e-04
7.416840429000000000e+09	4.002104499999999988e-03	-7.067602000000000302e-04
7.416842857000000000e+09	3.956128599999999933e-03	-7.102334999999999551e-04
7.416845286000000000e+09	3.986800000000000413e-03	-7.415100999999999463e-04
7.416847714000000000e+09	4.034962900000000317e-03	-6.786674000000000135e-04
7.416850143000000000e+09	3.954237700000000008e-03	-7.226329000000000519e-04
7.416852571000000000e+09	3.966338100000000276e-03	-7.838384000000000540e-04
7.416855000000000000e+09	3.997678200000000237e-03	-7.659058999999999746e-04
7.416857429000000000e+09	3.988008700000000156e-03	-8.364429999999999739e-04
7.416859857000000000e+09	3.963661400000000404e-03	-8.072914000000000478e-04
7.416862286000000000e+09	3.965266999999999750e-03	-7.910893999999999478e-04
7.416864714000000000e+09	4.023157700000000100e-03	-8.154002000000000472e-04
7.416867143000000000e+09	4.056450100000000107e-03	-8.371804000000000051e-04
7.416869571000000000e+09	4.019293900000000044e-03	-7.928500000000000001e-04
7.416872000000000000e+09	3.999948100000000166e-03	-7.900073000000000078e-04
7.416874429000000000e+09	4.011221300000000246e-03	-8.111338999999999962e-04
7.416876857000000000e+09	4.003946500000000151e-03	-8.543227999999999716e-04
7.416879286000000000e+09	3.982101099999999644e-03	-8.505532999999999800e-04
7.416881714000000000e+09	4.005546300000000122e-03	-8.161681999999999965e-04
7.416884143000000000e+09	3.983972900000000428e-03	-8.760706999999999739e-04
7.416886571000000000e+09	3.954959299999999747e-03	-7.934002999999999802e-04
7.416889000000000000e+09	3.972853800000000421e-03	-8.712900999999999676e-04
7.416891429000000000e+09	3.958989599999999769e-03	-9.362695999999999779e-04
7.416893857000000000e+09	4.031141599999999575e-03	-8.504224000000000115e-04
7.416896286000000000e+09	3.959659699999999727e-03	-8.422581999999999855e-04
7.416898714000000000e+09	3.985053199999999754e-03	-8.501570000000000394e-04
7.416901143000000000e+09	3.976743399999999734e-03	-8.357819999999999746e-04
7.416903571000000000e+09	3.968305899999999969e-03	-8.441844000000000214e-04
7.416906000000000000e+09	3.927926499999999724e-03	-8.263965999999999543e-04
7.416908429000000000e+09	4.002109900000000095e-03	-8.928315999999999510e-04
7.416910857000000000e+09	3.913123499999999859e-03	-8.859163000000000411e-04
7.416913286000000000e+09	3.980049700000000065e-03	-8.796506000000000377e-04
7.416915714000000000e+09	4.037834300000000230e-03	-9.416738000000000235e-04
7.416918143000000000e+09	3.935611299999999986e-03	-9.042190999999999770e-04
7.416920571000000000e+09	4.003869900000000051e-03	-9.995229999999999913e-04
7.416923000000000000e+09	3.931329499999999637e-03	-9.277906000000000477e-04
7.416925429000000000e+09	3.953405600000000318e-03	-9.153572999999999918e-04
7.416927857000000000e+09	3.897983399999999966e-03	-9.824512999999999562e-04
7.416930286000000000e+09	3.968771299999999946e-03	-9.779720999999999467e-04
7.416932714000000000e+09	3.972121099999999932e-03	-9.280780000000000409e-04
7.416935143000000000e+09	3.934556999999999985e-03	-9.346486999999999677e-04
7.416937571000000000e+09	3.925393099999999712e-03	-9.636935000000000119e-04
7.416940000000000000e+09	3.911381599999999570e-03	-9.741618999999999539e-04
7.416942429000000000e+09	3.929534000000000152e-03	-1.057990699999999994e-03
7.416944857000000000e+09	3.920670499999999968e-03	-9.830761999999998967e-04
7.416947286000000000e+09	3.908140400000000188e-03	-9.188615000000000454e-04
7.416949714000000000e+09	3.986061299999999613e-03	-1.041157000000000020e-03
7.416952143000000000e+09	3.953191600000000201e-03	-9.685289999999999828e-04
7.416954571000000000e+09	3.938681999999999774e-03	-9.426738999999999735e-04
7.416957000000000000e+09	3.931632000000000009e-03	-9.826806999999999036e-04
7.416959429000000000e+09	3.920827899999999866e-03	-9.713083000000000394e-04
7.416961857000000000e+09	3.947865800000000328e-03	-1.008463800000000080e-03
7.416964286000000000e+09	3.926981799999999800e-03	-1.016263500000000059e-03
7.416966714000000000e+09	3.975884399999999978e-03	-1.066148500000000006e-03
7.416969143000000000e+09	3.931541499999999939e-03	-1.054335399999999914e-03
7.416971571000000000e+09	3.962456799999999890e-03	-9.632218999999999807e-04
7.416974000000000000e+09	3.976773900000000160e-03	-1.023277400000000090e-03
7.416976429000000000e+09	3.891758600000000141e-03	-1.033478599999999989e-03
7.416978857000000000e+09	3.902429399999999930e-03	-1.099607000000000058e-03
7.416981286000000000e+09	3.950937300000000388e-03	-1.069723500000000025e-03
7.416983714000000000e+09	3.962354599999999734e-03	-1.014022299999999942e-03
7.416986143000000000e+09	3.893810599999999924e-03	-1.064451400000000032e-03
7.416988571000000000e+09	3.912216999999999952e-03	-1.102335199999999928e-03
7.416991000000000000e+09	3.898430699999999843e-03	-1.089113299999999946e-03
7.416993429000000000e+09	3.935342599999999864e-03	-1.087969600000000033e-03
7.416995857000000000e+09	3.893727799999999878e-03	-1.091082800000000002e-03
7.416998286000000000e+09	3.922824200000000171e-03	-1.069808300000000103e-03
7.417000714000000000e+09	3.990304000000000073e-03	-1.127331399999999999e-03
7.417003143000000000e+09	3.859100399999999993e-03	-1.104849700000000001e-03
7.417005571000000000e+09	3.923839200000000214e-03	-1.129573399999999955e-03
7.417008000000000000e+09	3.911066300000000037e-03	-1.112666499999999956e-03
7.417010429000000000e+09	3.917367199999999793e-03	-1.038323000000000067e-03
7.417012857000000000e+09	3.877591200000000179e-03	-1.073146099999999900e-03
7.417015286000000000e+09	3.921290600000000223e-03	-1.114317799999999924e-03
7.417017714000000000e+09	3.908430600000000268e-03	-1.220915099999999968e-03
7.417020143000000000e+09	3.847678199999999844e-03	-1.169650699999999965e-03
7.417022571000000000e+09	3.881963500000000164e-03	-1.170967900000000061e-03
7.417025000000000000e+09	3.913039999999999574e-03	-1.137618900000000053e-03
7.417027429000000000e+09	3.969758200000000382e-03	-1.156036800000000099e-03
7.417029857000000000e+09	3.986560000000000104e-03	-1.164800500000000077e-03
7.417032286000000000e+09	3.904315900000000089e-03	-1.190041300000000074e-03
7.417034714000000000e+09	3.866548000000000034e-03	-1.178609499999999904e-03
7.417037143000000000e+09	3.924483500000000048e-03	-1.144261900000000023e-03
7.417039571000000000e+09	3.883872100000000053e-03	-1.198892900000000103e-03
7.417042000000000000e+09	3.911473799999999786e-03	-1.195443200000000095e-03
7.417044429000000000e+09	3.865117400000000081e-03	-1.197065499999999932e-03
7.417046857000000000e+09	3.922956000000000013e-03	-1.168020099999999900e-03
7.417049286000000000e+09	3.865158599999999819e-03	-1.216048900000000045e-03
7.417051714000000000e+09	3.880213500000000149e-03	-1.180473700000000048e-03
7.417054143000000000e+09	3.817165799999999807e-03	-1.173423000000000044e-03
7.417056571000000000e+09	3.832665099999999891e-03	-1.212940399999999945e-03
7.417059000000000000e+09	3.861767299999999993e-03	-1.177397900000000039e-03
7.417061429000000000e+09	3.866967099999999834e-03	-1.201579699999999950e-03
7.417063857000000000e+09	3.855192500000000078e-03	-1.254743200000000072e-03
7.417066286000000000e+09	3.865948699999999932e-03	-1.222647099999999917e-03
7.417068714000000000e+09	3.899833599999999890e-03	-1.216464499999999954e-03
7.417071143000000000e+09	3.897294500000000102e-03	-1.220134299999999991e-03
7.417073571000000000e+09	3.884181999999999912e-03	-1.175597600000000001e-03
7.417076000000000000e+09	3.856823200000000177e-03	-1.264018200000000067e-03
7.417078429000000000e+09	3.917348499999999921e-03	-1.282595299999999975e-03
7.417080857000000000e+09	3.823973500000000213e-03	-1.299949799999999952e-03
7.417083286000000000e+09	3.881678500000000122e-03	-1.273474900000000007e-03
7.417085714000000000e+09	3.860355900000000083e-03	-1.271995900000000030e-03
7.417088143000000000e+09	3.906687899999999707e-03	-1.297575299999999916e-03
7.417090571000000000e+09	3.901208399999999896e-03	-1.311196200000000001e-03
7.417093000000000000e+09	3.801890599999999815e-03	-1.211521300000000011e-03
7.417095429000000000e+09	3.881052600000000057e-03	-1.229720500000000072e-03
7.417097857000000000e+09	3.855675499999999985e-03	-1.300334399999999915e-03
7.417100286000000000e+09	3.842122900000000205e-03	-1.381041099999999987e-03
7.417102714000000000e+09	3.883359800000000129e-03	-1.271287000000000068e-03
7.417105143000000000e+09	3.807189299999999988e-03	-1.328834999999999999e-03
7.417107571000000000e+09	3.926226100000000142e-03	-1.362049099999999976e-03
7.417110000000000000e+09	3.835246699999999859e-03	-1.269218099999999943e-03
7.417112429000000000e+09	3.908766600000000355e-03	-1.361817399999999895e-03
7.417114857000000000e+09	3.901507800000000078e-03	-1.341019500000000106e-03
7.417117286000000000e+09	3.812694399999999855e-03	-1.342713799999999992e-03
7.417119714000000000e+09	3.934183600000000156e-03	-1.360702099999999909e-03
7.417122143000000000e+09	3.800029099999999941e-03	-1.353501000000000010e-03
7.417124571000000000e+09	3.828996600000000080e-03	-1.345885999999999914e-03
7.417127000000000000e+09	3.868579799999999867e-03	-1.400932199999999983e-03
7.417129429000000000e+09	3.771376099999999929e-03	-1.329462800000000061e-03
7.417131857000000000e+09	3.836210499999999791e-03	-1.321657599999999941e-03
7.417134286000000000e+09	3.783133299999999824e-03	-1.348008099999999966e-03
7.417136714000000000e+09	3.753310499999999890e-03	-1.329951200000000075e-03
7.417139143000000000e+09	3.849460900000000168e-03	-1.432457600000000032e-03
7.417141571000000000e+09	3.881894700000000122e-03	-1.402052399999999905e-03
7.417144000000000000e+09	3.808246200000000008e-03	-1.405739600000000021e-03
7.417146429000000000e+09	3.757869899999999926e-03	-1.324691999999999927e-03
7.417148857000000000e+09	3.811103900000000020e-03	-1.390505200000000064e-03
7.417151286000000000e+09	3.800724100000000150e-03	-1.442450299999999954e-03
7.417153714000000000e+09	3.856286000000000002e-03	-1.370915099999999928e-03
7.417156143000000000e+09	3.805434800000000173e-03	-1.486400500000000088e-03
7.417158571000000000e+09	3.770466899999999968e-03	-1.479026700000000060e-03
7.417161000000000000e+09	3.792282000000000118e-03	-1.383999400000000043e-03
7.417163429000000000e+09	3.857733500000000079e-03	-1.386987199999999967e-03
7.417165857000000000e+09	3.743391999999999900e-03	-1.433048699999999939e-03
7.417168286000000000e+09	3.749676400000000100e-03	-1.427737600000000091e-03
7.417170714000000000e+09	3.758708300000000030e-03	-1.517763699999999903e-03
7.417173143000000000e+09	3.766024299999999863e-03	-1.447894500000000088e-03
7.417175571000000000e+09	3.810794900000000034e-03	-1.406868799999999977e-03
7.417178000000000000e+09	3.733281800000000025e-03	-1.451392799999999973e-03
7.417180429000000000e+09	3.755257100000000160e-03	-1.468581999999999960e-03
7.417182857000000000e+09	3.792978600000000006e-03	-1.478490299999999941e-03
7.417185286000000000e+09	3.759498799999999846e-03	-1.481970800000000045e-03
7.417187714000000000e+09	3.813422800000000178e-03	-1.472183300000000057e-03
7.417190143000000000e+09	3.794723800000000119e-03	-1.469742100000000044e-03
7.417192571000000000e+09	3.771126999999999986e-03	-1.551892999999999936e-03
7.417195000000000000e+09	3.781351499999999807e-03	-1.471781900000000004e-03
7.417197429000000000e+09	3.811981600000000081e-03	-1.418631299999999944e-03
7.417199857000000000e+09	3.817643500000000075e-03	-1.505650099999999905e-03
7.417202286000000000e+09	3.752040999999999796e-03	-1.514604799999999963e-03
7.417204714000000000e+09	3.786892200000000104e-03	-1.578658300000000030e-03
7.417207143000000000e+09	3.716853799999999836e-03	-1.488563399999999958e-03
7.417209571000000000e+09	3.694363600000000192e-03	-1.474551900000000033e-03
7.417212000000000000e+09	3.749829300000000198e-03	-1.530334699999999970e-03
7.417214429000000000e+09	3.756927900000000056e-03	-1.518298400000000093e-03
7.417216857000000000e+09	3.797085899999999830e-03	-1.548174700000000056e-03
7.417219286000000000e+09	3.777617300000000143e-03	-1.552432799999999913e-03
7.417221714000000000e+09	3.763353699999999902e-03	-1.541509300000000037e-03
7.417224143000000000e+09	3.722227900000000134e-03	-1.544239100000000019e-03
7.417226571000000000e+09	3.734343499999999948e-03	-1.560413799999999917e-03
7.417229000000000000e+09	3.698000300000000001e-03	-1.569015999999999900e-03
7.417231429000000000e+09	3.711147499999999880e-03	-1.584309500000000061e-03
7.417233857000000000e+09	3.759400200000000049e-03	-1.595244700000000024e-03
7.417236286000000000e+09	3.737354500000000194e-03	-1.595120700000000023e-03
7.417238714000000000e+09	3.758004499999999855e-03	-1.632374200000000089e-03
7.417241143000000000e+09	3.797426599999999784e-03	-1.577841800000000022e-03
7.417243571000000000e+09	3.684300900000000035e-03	-1.566990099999999910e-03
7.417246000000000000e+09	3.702224999999999960e-03	-1.601836699999999950e-03
7.417248429000000000e+09	3.717080299999999879e-03	-1.562224700000000100e-03
7.417250857000000000e+09	3.727412299999999928e-03	-1.569709600000000066e-03
7.417253286000000000e+09	3.694964099999999835e-03	-1.628656899999999901e-03
7.417255714000000000e+09	3.719823200000000208e-03	-1.624155699999999978e-03
7.417258143000000000e+09	3.693649600000000009e-03	-1.651908899999999982e-03
7.417260571000000000e+09	3.752978399999999833e-03	-1.587871399999999950e-03
7.417263000000000000e+09	3.712078900000000039e-03	-1.586174799999999930e-03
7.417265429000000000e+09	3.715238599999999818e-03	-1.600513999999999930e-03
7.417267857000000000e+09	3.691079099999999922e-03	-1.682563399999999904e-03
7.417270286000000000e+09	3.679938199999999854e-03	-1.595401800000000037e-03
7.417272714000000000e+09	3.706563700000000197e-03	-1.657864200000000064e-03
7.417275143000000000e+09	3.775346199999999805e-03	-1.677518499999999975e-03
7.417277571000000000e+09	3.715013699999999888e-03	-1.664483100000000056e-03
7.417280000000000000e+09	3.713840400000000073e-03	-1.683759099999999984e-03
7.417282429000000000e+09	3.679222900000000095e-03	-1.715592499999999895e-03
7.417284857000000000e+09	3.761041899999999997e-03	-1.735739999999999939e-03
7.417287286000000000e+09	3.707906999999999870e-03	-1.651841700000000052e-03
7.417289714000000000e+09	3.709730000000000059e-03	-1.697851000000000004e-03
7.417292143000000000e+09	3.710975200000000106e-03	-1.635566300000000075e-03
7.417294571000000000e+09	3.734399199999999860e-03	-1.672460599999999950e-03
7.417297000000000000e+09	3.721487199999999954e-03	-1.732318299999999938e-03
7.417299429000000000e+09	3.730875600000000021e-03	-1.656327300000000075e-03
7.417301857000000000e+09	3.710923000000000086e-03	-1.807452100000000008e-03
7.417304286000000000e+09	3.718915000000000155e-03	-1.767323199999999966e-03
7.417306714000000000e+09	3.647082399999999978e-03	-1.707194700000000008e-03
7.417309143000000000e+09	3.702093799999999889e-03	-1.691002899999999916e-03
7.417311571000000000e+09	3.645562499999999932e-03	-1.738571300000000056e-03
7.417314000000000000e+09	3.688842600000000107e-03	-1.752180299999999986e-03
7.417316429000000000e+09	3.713474899999999902e-03	-1.681533899999999903e-03
7.417318857000000000e+09	3.624800000000000071e-03	-1.750611700000000029e-03
7.417321286000000000e+09	3.690264600000000162e-03	-1.768727500000000057e-03
7.417323714000000000e+09	3.673666400000000047e-03	-1.749648699999999937e-03
7.417326143000000000e+09	3.639440099999999897e-03	-1.755310400000000080e-03
7.417328571000000000e+09	3.633274399999999842e-03	-1.744260500000000035e-03
7.417331000000000000e+09	3.597218100000000151e-03	-1.755773400000000106e-03
7.417333429000000000e+09	3.664418500000000186e-03	-1.788353799999999960e-03
7.417335857000000000e+09	3.646102300000000126e-03	-1.770416799999999973e-03
7.417338286000000000e+09	3.663222099999999867e-03	-1.683113100000000004e-03
7.417340714000000000e+09	3.658265700000000193e-03	-1.803079800000000022e-03
7.417343143000000000e+09	3.594916799999999923e-03	-1.809800600000000068e-03
7.417345571000000000e+09	3.583135299999999981e-03	-1.783201000000000100e-03
7.417348000000000000e+09	3.596084199999999894e-03	-1.793682300000000104e-03
7.417350429000000000e+09	3.692977300000000167e-03	-1.884223200000000042e-03
7.417352857000000000e+09	3.617348800000000104e-03	-1.798724899999999899e-03
7.417355286000000000e+09	3.707720199999999921e-03	-1.741348999999999892e-03
7.417357714000000000e+09	3.614726700000000202e-03	-1.791423000000000104e-03
7.417360143000000000e+09	3.653027399999999800e-03	-1.849135100000000049e-03
7.417362571000000000e+09	3.633846100000000072e-03	-1.745936299999999901e-03
7.417365000000000000e+09	3.678891799999999945e-03	-1.858127700000000021e-03
7.417367429000000000e+09	3.658834299999999800e-03	-1.825946900000000039e-03
7.417369857000000000e+09	3.624083199999999800e-03	-1.900503599999999989e-03
7.417372286000000000e+09	3.637204099999999819e-03	-1.879496600000000019e-03
7.417374714000000000e+09	3.669871700000000136e-03	-1.869129599999999961e-03
7.417377143000000000e+09	3.618264099999999976e-03	-1.875754500000000047e-03
7.417379571000000000e+09	3.594619700000000091e-03	-1.850210099999999953e-03
7.417382000000000000e+09	3.657462399999999916e-03	-1.781079099999999900e-03
7.417384429000000000e+09	3.603755100000000187e-03	-1.788701099999999997e-03
7.417386857000000000e+09	3.589734399999999943e-03	-1.777963000000000026e-03
7.417389286000000000e+09	3.704972600000000157e-03	-1.826237400000000006e-03
7.417391714000000000e+09	3.487985199999999938e-03	-1.858972800000000024e-03
7.417394143000000000e+09	3.581395700000000043e-03	-1.922579300000000100e-03
7.417396571000000000e+09	3.638633499999999795e-03	-1.840322699999999943e-03
7.417399000000000000e+09	3.504461799999999787e-03	-1.893088600000000007e-03
7.417401429000000000e+09	3.595712400000000177e-03	-1.790579999999999949e-03
7.417403857000000000e+09	3.543431899999999971e-03	-1.866748400000000025e-03
7.417406286000000000e+09	3.604915900000000076e-03	-1.905737700000000034e-03
7.417408714000000000e+09	3.617976900000000051e-03	-1.905668600000000107e-03
7.417411143000000000e+09	3.570774899999999957e-03	-1.860804800000000030e-03
7.417413571000000000e+09	3.610026200000000188e-03	-1.939237199999999973e-03
7.417416000000000000e+09	3.589955699999999948e-03	-1.912363800000000096e-03
7.417418429000000000e+09	3.575285499999999832e-03	-1.906283200000000004e-03
7.417420857000000000e+09	3.580952899999999967e-03	-1.959221000000000140e-03
7.417423286000000000e+09	3.551083000000000017e-03	-1.955109500000000184e-03
7.417425714000000000e+09	3.546578999999999791e-03	-1.948619800000000015e-03
7.417428143000000000e+09	3.552665799999999829e-03	-1.869622800000000093e-03
7.417430571000000000e+09	3.567412099999999874e-03	-1.925609100000000035e-03
7.417433000000000000e+09	3.573448400000000039e-03	-1.937196200000000038e-03
7.417435429000000000e+09	3.608536900000000169e-03	-1.972374499999999999e-03
7.417437857000000000e+09	3.529820800000000192e-03	-1.985297100000000051e-03
7.417440286000000000e+09	3.610216399999999996e-03	-1.970942800000000106e-03
7.417442714000000000e+09	3.530459599999999885e-03	-1.928201999999999954e-03
7.417445143000000000e+09	3.555933900000000144e-03	-1.952493999999999931e-03
7.417447571000000000e+09	3.549652800000000202e-03	-2.018883999999999870e-03
7.417450000000000000e+09	3.457697899999999901e-03	-1.941646900000000087e-03
7.417452429000000000e+09	3.536722200000000024e-03	-1.975052900000000018e-03
7.417454857000000000e+09	3.554253900000000146e-03	-2.000274900000000109e-03
7.417457286000000000e+09	3.508749900000000116e-03	-2.037249699999999896e-03
7.417459714000000000e+09	3.562567899999999864e-03	-2.036496100000000087e-03
7.417462143000000000e+09	3.510449599999999892e-03	-1.917050800000000060e-03
7.417464571000000000e+09	3.519096800000000042e-03	-1.980339499999999968e-03
7.417467000000000000e+09	3.503891700000000102e-03	-2.032323800000000215e-03
7.417469429000000000e+09	3.524950900000000092e-03	-2.095797400000000074e-03
7.417471857000000000e+09	3.473053099999999851e-03	-1.997969799999999886e-03
7.417474286000000000e+09	3.531162699999999821e-03	-2.069162199999999893e-03
7.417476714000000000e+09	3.462977700000000134e-03	-2.052756399999999901e-03
7.417479143000000000e+09	3.521246000000000011e-03	-2.005800700000000096e-03
7.417481571000000000e+09	3.480234500000000189e-03	-1.981424900000000166e-03
7.417484000000000000e+09	3.525225900000000193e-03	-2.043993899999999898e-03
7.417486429000000000e+09	3.591131200000000079e-03	-2.023675300000000055e-03
7.417488857000000000e+09	3.517803800000000175e-03	-2.054418000000000129e-03
7.417491286000000000e+09	3.474762800000000002e-03	-2.069470199999999972e-03
7.417493714000000000e+09	3.550924400000000144e-03	-2.087580099999999939e-03
7.417496143000000000e+09	3.481163800000000065e-03	-2.039469800000000190e-03
7.417498571000000000e+09	3.510117200000000166e-03	-2.053277899999999927e-03
7.417501000000000000e+09	3.489042500000000095e-03	-2.129260300000000109e-03
7.417503429000000000e+09	3.501006599999999854e-03	-2.040539899999999941e-03
7.417505857000000000e+09	3.552333500000000137e-03	-2.063912700000000017e-03
7.417508286000000000e+09	3.472868899999999922e-03	-2.146808599999999820e-03
7.417510714000000000e+09	3.497768400000000194e-03	-2.066682900000000114e-03
7.417513143000000000e+09	3.473577199999999896e-03	-2.085257799999999922e-03
7.417515571000000000e+09	3.439792499999999847e-03	-2.156273900000000091e-03
7.417518000000000000e+09	3.463720400000000130e-03	-2.086182800000000066e-03
7.417520429000000000e+09	3.507163299999999876e-03	-2.051838399999999975e-03
7.417522857000000000e+09	3.436808200000000032e-03	-2.136994000000000133e-03
7.417525286000000000e+09	3.498990699999999805e-03	-2.133887200000000178e-03
7.417527714000000000e+09	3.468360800000000032e-03	-2.102217500000000145e-03
7.417530143000000000e+09	3.452704400000000153e-03	-2.190258400000000185e-03
7.417532571000000000e+09	3.477144599999999926e-03	-2.095792300000000070e-03
7.417535000000000000e+09	3.439348899999999931e-03	-2.088858900000000168e-03
7.417537429000000000e+09	3.541261700000000213e-03	-2.132239900000000056e-03
7.417539857000000000e+09	3.452121399999999972e-03	-2.119986700000000158e-03
7.417542286000000000e+09	3.380801100000000153e-03	-2.137768700000000199e-03
7.417544714000000000e+09	3.472543199999999879e-03	-2.175832300000000042e-03
7.417547143000000000e+09	3.485168199999999928e-03	-2.100911500000000182e-03
7.417549571000000000e+09	3.431835800000000106e-03	-2.196337000000000029e-03
7.417552000000000000e+09	3.394106400000000169e-03	-2.135106299999999999e-03
7.417554429000000000e+09	3.456498499999999859e-03	-2.200219499999999957e-03
7.417556857000000000e+09	3.446798599999999820e-03	-2.130522299999999813e-03
7.417559286000000000e+09	3.435430399999999870e-03	-2.106689200000000199e-03
7.417561714000000000e+09	3.425065399999999843e-03	-2.192415599999999846e-03
7.417564143000000000e+09	3.422474400000000139e-03	-2.204367000000000045e-03
7.417566571000000000e+09	3.449464399999999879e-03	-2.166639499999999888e-03
7.417569000000000000e+09	3.444224000000000070e-03	-2.189375899999999788e-03
7.417571429000000000e+09	3.438918699999999815e-03	-2.212708500000000033e-03
7.417573857000000000e+09	3.443680499999999915e-03	-2.239477799999999973e-03
7.417576286000000000e+09	3.420166399999999794e-03	-2.280759099999999859e-03
7.417578714000000000e+09	3.429703699999999897e-03	-2.250632099999999840e-03
7.417581143000000000e+09	3.444158000000000115e-03	-2.251059200000000201e-03
7.417583571000000000e+09	3.439264799999999875e-03	-2.192531000000000167e-03
7.417586000000000000e+09	3.418573099999999872e-03	-2.231739300000000047e-03
7.417588429000000000e+09	3.405830700000000121e-03	-2.181893099999999888e-03
7.417590857000000000e+09	3.364922099999999826e-03	-2.174523399999999957e-03
7.417593286000000000e+09	3.429640199999999927e-03	-2.227342000000000211e-03
7.417595714000000000e+09	3.362542599999999819e-03	-2.227545799999999885e-03
7.417598143000000000e+09	3.388562700000000150e-03	-2.206552499999999816e-03
7.417600571000000000e+09	3.361522400000000171e-03	-2.212322400000000210e-03
7.417603000000000000e+09	3.399822900000000134e-03	-2.277698900000000182e-03
7.417605429000000000e+09	3.325587499999999811e-03	-2.297493199999999913e-03
7.417607857000000000e+09	3.475873899999999857e-03	-2.290338600000000040e-03
7.417610286000000000e+09	3.422741799999999817e-03	-2.271632500000000162e-03
7.417612714000000000e+09	3.375147000000000216e-03	-2.272062400000000176e-03
7.417615143000000000e+09	3.360980300000000059e-03	-2.275868400000000038e-03
7.417617571000000000e+09	3.347452800000000166e-03	-2.298040299999999994e-03
7.417620000000000000e+09	3.313906299999999812e-03	-2.328434999999999793e-03
7.417622429000000000e+09	3.334812999999999840e-03	-2.267864699999999883e-03
7.417624857000000000e+09	3.371563900000000037e-03	-2.311114400000000100e-03
7.417627286000000000e+09	3.361787499999999932e-03	-2.300227399999999877e-03
7.417629714000000000e+09	3.346129599999999975e-03	-2.288551499999999950e-03
7.417632143000000000e+09	3.387786900000000143e-03	-2.252883099999999830e-03
7.417634571000000000e+09	3.312110000000000054e-03	-2.273274000000000041e-03
7.417637000000000000e+09	3.403290900000000094e-03	-2.350938300000000002e-03
7.417639429000000000e+09	3.372489499999999953e-03	-2.358004899999999789e-03
7.417641857000000000e+09	3.345848700000000030e-03	-2.301722799999999809e-03
7.417644286000000000e+09	3.316221800000000112e-03	-2.393094399999999827e-03
7.417646714000000000e+09	3.332982799999999798e-03	-2.315235000000000123e-03
7.417649143000000000e+09	3.337307700000000099e-03	-2.300633700000000084e-03
7.417651571000000000e+09	3.309463500000000072e-03	-2.339871299999999980e-03
7.417654000000000000e+09	3.360593299999999929e-03	-2.293507499999999921e-03
7.417656429000000000e+09	3.344911199999999959e-03	-2.323938900000000092e-03
7.417658857000000000e+09	3.348277099999999798e-03	-2.364659099999999892e-03
7.417661286000000000e+09	3.305727100000000092e-03	-2.341822600000000119e-03
7.417663714000000000e+09	3.292045999999999861e-03	-2.437965900000000144e-03
7.417666143000000000e+09	3.296707299999999952e-03	-2.336635200000000169e-03
7.417668571000000000e+09	3.322965099999999807e-03	-2.427569999999999988e-03
7.417671000000000000e+09	3.294006999999999838e-03	-2.343686900000000080e-03
7.417673429000000000e+09	3.401129399999999834e-03	-2.335132199999999814e-03
7.417675857000000000e+09	3.264662399999999909e-03	-2.370925199999999924e-03
7.417678286000000000e+09	3.351619100000000160e-03	-2.380853699999999854e-03
7.417680714000000000e+09	3.277399299999999953e-03	-2.353277100000000007e-03
7.417683143000000000e+09	3.333348299999999969e-03	-2.415002299999999963e-03
7.417685571000000000e+09	3.250658799999999859e-03	-2.403037700000000033e-03
7.417688000000000000e+09	3.275601999999999854e-03	-2.431573199999999876e-03
7.417690429000000000e+09	3.305583600000000163e-03	-2.439893600000000041e-03
7.417692857000000000e+09	3.285062200000000120e-03	-2.465343200000000116e-03
7.417695286000000000e+09	3.339531199999999818e-03	-2.394152999999999993e-03
7.417697714000000000e+09	3.277635899999999970e-03	-2.410967799999999810e-03
7.417700143000000000e+09	3.271670200000000028e-03	-2.417993700000000031e-03
7.417702571000000000e+09	3.254699199999999855e-03	-2.462166999999999915e-03
7.417705000000000000e+09	3.283970599999999976e-03	-2.342098600000000128e-03
7.417707429000000000e+09	3.232611700000000057e-03	-2.428459400000000136e-03
7.417709857000000000e+09	3.279361000000000168e-03	-2.452967099999999942e-03
7.417712286000000000e+09	3.303716899999999818e-03	-2.394088400000000082e-03
7.417714714000000000e+09	3.276175699999999899e-03	-2.405516500000000075e-03
7.417717143000000000e+09	3.230615999999999956e-03	-2.465128100000000058e-03
7.417719571000000000e+09	3.230506599999999947e-03	-2.463245599999999962e-03
7.417722000000000000e+09	3.289045699999999794e-03	-2.463204799999999927e-03
7.417724429000000000e+09	3.287600300000000000e-03	-2.431735600000000178e-03
7.417726857000000000e+09	3.207776399999999993e-03	-2.419211899999999978e-03
7.417729286000000000e+09	3.225239899999999844e-03	-2.470855100000000134e-03
7.417731714000000000e+09	3.238395700000000054e-03	-2.538203399999999863e-03
7.417734143000000000e+09	3.272349400000000054e-03	-2.370214099999999862e-03
7.417736571000000000e+09	3.281379899999999940e-03	-2.470921000000000055e-03
7.417739000000000000e+09	3.247696000000000003e-03	-2.482346199999999926e-03
7.417741429000000000e+09	3.252402299999999826e-03	-2.524321099999999977e-03
7.417743857000000000e+09	3.268859299999999930e-03	-2.442754100000000140e-03
7.417746286000000000e+09	3.240334699999999901e-03	-2.508325100000000085e-03
7.417748714000000000e+09	3.241943599999999939e-03	-2.535857800000000141e-03
7.417751143000000000e+09	3.187615500000000150e-03	-2.489826399999999808e-03
7.417753571000000000e+09	3.243911899999999803e-03	-2.456785400000000095e-03
7.417756000000000000e+09	3.207094499999999914e-03	-2.413239000000000183e-03
7.417758429000000000e+09	3.187955499999999866e-03	-2.484738099999999825e-03
7.417760857000000000e+09	3.189898200000000107e-03	-2.535687799999999850e-03
7.417763286000000000e+09	3.192232699999999947e-03	-2.547588600000000141e-03
7.417765714000000000e+09	3.200495600000000020e-03	-2.518850699999999800e-03
7.417768143000000000e+09	3.205976499999999875e-03	-2.561588300000000162e-03
7.417770571000000000e+09	3.128379200000000211e-03	-2.531337299999999926e-03
7.417773000000000000e+09	3.242889300000000204e-03	-2.588241299999999908e-03
7.417775429000000000e+09	3.238699700000000070e-03	-2.580965000000000169e-03
7.417777857000000000e+09	3.190262100000000167e-03	-2.472767399999999983e-03
7.417780286000000000e+09	3.159217000000000188e-03	-2.530840600000000117e-03
7.417782714000000000e+09	3.180596099999999978e-03	-2.548071800000000116e-03
7.417785143000000000e+09	3.118855499999999975e-03	-2.576320699999999804e-03
7.417787571000000000e+09	3.181009500000000004e-03	-2.555963300000000174e-03
7.417790000000000000e+09	3.129978700000000079e-03	-2.507479400000000094e-03
7.417792429000000000e+09	3.186369499999999830e-03	-2.587495100000000020e-03
7.417794857000000000e+09	3.249611099999999940e-03	-2.604960999999999822e-03
7.417797286000000000e+09	3.190585699999999927e-03	-2.560893199999999918e-03
7.417799714000000000e+09	3.097448500000000212e-03	-2.550610200000000098e-03
7.417802143000000000e+09	3.203904200000000108e-03	-2.563160000000000091e-03
7.417804571000000000e+09	3.145695300000000104e-03	-2.558665800000000171e-03
7.417807000000000000e+09	3.210409000000000006e-03	-2.583649300000000031e-03
7.417809429000000000e+09	3.160306400000000016e-03	-2.662193099999999799e-03
7.417811857000000000e+09	3.164318000000000165e-03	-2.509438200000000188e-03
7.417814286000000000e+09	3.098670200000000052e-03	-2.578773400000000052e-03
7.417816714000000000e+09	3.069946500000000217e-03	-2.564504200000000071e-03
7.417819143000000000e+09	3.079147500000000131e-03	-2.639390000000000139e-03
7.417821571000000000e+09	3.164692399999999902e-03	-2.661833000000000168e-03
7.417824000000000000e+09	3.122281399999999891e-03	-2.658741400000000192e-03
7.417826429000000000e+09	3.101620499999999982e-03	-2.626538099999999910e-03
7.417828857000000000e+09	3.174405899999999808e-03	-2.585593100000000213e-03
7.417831286000000000e+09	3.169289499999999784e-03	-2.596350400000000010e-03
7.417833714000000000e+09	3.092847200000000199e-03	-2.638835200000000034e-03
7.417836143000000000e+09	3.123963600000000205e-03	-2.657266699999999947e-03
7.417838571000000000e+09	3.097053299999999888e-03	-2.640108799999999790e-03
7.417841000000000000e+09	3.170687299999999827e-03	-2.561114199999999820e-03
7.417843429000000000e+09	3.101401599999999929e-03	-2.642788799999999921e-03
7.417845857000000000e+09	3.179549500000000001e-03	-2.723328299999999789e-03
7.417848286000000000e+09	3.119789400000000119e-03	-2.644037200000000191e-03
7.417850714000000000e+09	3.134155799999999853e-03	-2.713668800000000082e-03
7.417853143000000000e+09	3.096998599999999883e-03	-2.673458799999999923e-03
7.417855571000000000e+09	3.052274399999999922e-03	-2.643909500000000013e-03
7.417858000000000000e+09	3.092772499999999879e-03	-2.704779500000000208e-03
7.417860429000000000e+09	3.065506200000000028e-03	-2.668929600000000211e-03
7.417862857000000000e+09	3.067422700000000009e-03	-2.673814599999999823e-03
7.417865286000000000e+09	3.157762599999999927e-03	-2.659311200000000208e-03
7.417867714000000000e+09	3.128485900000000167e-03	-2.692029800000000136e-03
7.417870143000000000e+09	3.124825899999999785e-03	-2.710785199999999912e-03
7.417872571000000000e+09	3.038751200000000194e-03	-2.673795000000000078e-03
7.417875000000000000e+09	3.170710499999999932e-03	-2.741535800000000078e-03
7.417877429000000000e+09	3.089322700000000053e-03	-2.634686700000000038e-03
7.417879857000000000e+09	3.035459500000000071e-03	-2.703395999999999837e-03
7.417882286000000000e+09	3.103796900000000119e-03	-2.670872700000000155e-03
7.417884714000000000e+09	3.076763399999999857e-03	-2.749140499999999914e-03
7.417887143000000000e+09	3.001273100000000082e-03	-2.670290699999999882e-03
7.417889571000000000e+09	3.077329699999999980e-03	-2.721791099999999915e-03
7.417892000000000000e+09	3.050902199999999936e-03	-2.685229199999999983e-03
7.417894429000000000e+09	3.106693000000000215e-03	-2.787413700000000109e-03
7.417896857000000000e+09	3.113616000000000040e-03	-2.731487800000000164e-03
7.417899286000000000e+09	3.101174300000000047e-03	-2.709680300000000003e-03
7.417901714000000000e+09	3.001927000000000154e-03	-2.678420999999999840e-03
7.417904143000000000e+09	3.050830899999999908e-03	-2.756387400000000036e-03
7.417906571000000000e+09	2.956286399999999946e-03	-2.749549699999999808e-03
7.417909000000000000e+09	2.994614899999999916e-03	-2.735477400000000184e-03
7.417911429000000000e+09	3.037930600000000089e-03	-2.775843999999999968e-03
7.417913857000000000e+09	3.021525499999999902e-03	-2.840564399999999986e-03
7.417916286000000000e+09	3.012211600000000086e-03	-2.662080499999999999e-03
7.417918714000000000e+09	3.017783799999999850e-03	-2.742115099999999864e-03
7.417921143000000000e+09	3.018543299999999936e-03	-2.782254200000000132e-03
7.417923571000000000e+09	2.936587699999999856e-03	-2.799378200000000004e-03
7.417926000000000000e+09	2.938137700000000192e-03	-2.750760699999999902e-03
7.417928429000000000e+09	3.003692200000000149e-03	-2.821748099999999825e-03
7.417930857000000000e+09	3.005361099999999831e-03	-2.760933900000000010e-03
7.417933286000000000e+09	3.048800400000000084e-03	-2.794191499999999859e-03
7.417935714000000000e+09	2.910726299999999867e-03	-2.779324100000000151e-03
7.417938143000000000e+09	3.020497899999999899e-03	-2.713499099999999893e-03
7.417940571000000000e+09	3.005402099999999934e-03	-2.851929100000000043e-03
7.417943000000000000e+09	2.998609299999999839e-03	-2.773237400000000148e-03
7.417945429000000000e+09	2.929649600000000086e-03	-2.824530400000000146e-03
7.417947857000000000e+09	2.965378399999999987e-03	-2.731484100000000203e-03
7.417950286000000000e+09	2.965260099999999979e-03	-2.822493399999999840e-03
7.417952714000000000e+09	2.947728000000000154e-03	-2.823388100000000060e-03
7.417955143000000000e+09	2.979659999999999861e-03	-2.816161900000000058e-03
7.417957571000000000e+09	2.954457599999999948e-03	-2.834685899999999856e-03
7.417960000000000000e+09	2.944337100000000030e-03	-2.765897299999999902e-03
7.417962429000000000e+09	2.929723899999999836e-03	-2.752123200000000051e-03
7.417964857000000000e+09	2.941715699999999933e-03	-2.876145399999999793e-03
7.417967286000000000e+09	2.896017800000000135e-03	-2.782816500000000193e-03
7.417969714000000000e+09	2.909049199999999991e-03	-2.871602799999999848e-03
7.417972143000000000e+09	2.895092100000000186e-03	-2.842871099999999887e-03
7.417974571000000000e+09	2.927988900000000165e-03	-2.847952099999999983e-03
7.417977000000000000e+09	2.909997499999999841e-03	-2.800082399999999881e-03
7.417979429000000000e+09	2.929819900000000046e-03	-2.919486199999999851e-03
7.417981857000000000e+09	2.932766399999999982e-03	-2.779138300000000110e-03
7.417984286000000000e+09	2.898541200000000206e-03	-2.864043100000000178e-03
7.417986714000000000e+09	2.839182200000000059e-03	-2.924861400000000090e-03
7.417989143000000000e+09	2.924104800000000125e-03	-2.858635100000000030e-03
7.417991571000000000e+09	2.957917000000000012e-03	-2.925254899999999835e-03
7.417994000000000000e+09	2.879553500000000144e-03	-2.839860699999999846e-03
7.417996429000000000e+09	2.861157300000000125e-03	-2.902576400000000164e-03
7.417998857000000000e+09	2.942921800000000091e-03	-2.885204799999999993e-03
7.418001286000000000e+09	2.888372699999999967e-03	-2.852598599999999797e-03
7.418003714000000000e+09	2.906235899999999941e-03	-2.910916700000000176e-03
7.418006143000000000e+09	2.910271800000000138e-03	-2.819047299999999975e-03
7.418008571000000000e+09	2.878490999999999949e-03	-2.870133200000000041e-03
7.418011000000000000e+09	2.906187599999999951e-03	-2.912301600000000157e-03
7.418013429000000000e+09	2.846534300000000059e-03	-2.846920900000000053e-03
7.418015857000000000e+09	2.933073799999999856e-03	-2.897284999999999878e-03
7.418018286000000000e+09	2.865326799999999910e-03	-2.876076799999999819e-03
7.418020714000000000e+09	2.908733699999999957e-03	-2.893715800000000102e-03
7.418023143000000000e+09	2.910789200000000066e-03	-2.995936399999999961e-03
7.418025571000000000e+09	2.920450199999999850e-03	-2.928899899999999872e-03
7.418028000000000000e+09	2.843984199999999990e-03	-2.870070599999999944e-03
7.418030429000000000e+09	2.887204699999999791e-03	-2.958767499999999905e-03
7.418032857000000000e+09	2.892325199999999912e-03	-2.883811100000000047e-03
7.418035286000000000e+09	2.856555199999999840e-03	-2.999280999999999909e-03
7.418037714000000000e+09	2.866110800000000111e-03	-2.882121400000000212e-03
7.418040143000000000e+09	2.789807100000000085e-03	-2.951016700000000121e-03
7.418042571000000000e+09	2.916500199999999890e-03	-2.964862899999999839e-03
7.418045000000000000e+09	2.809729200000000027e-03	-2.965974200000000196e-03
7.418047429000000000e+09	2.866164300000000140e-03	-2.995022099999999996e-03
7.418049857000000000e+09	2.867055600000000069e-03	-2.971657799999999783e-03
7.418052286000000000e+09	2.804050499999999942e-03	-2.988721699999999978e-03
7.418054714000000000e+09	2.850363900000000162e-03	-2.963608500000000125e-03
7.418057143000000000e+09	2.804587900000000186e-03	-2.973279200000000181e-03
7.418059571000000000e+09	2.833695599999999995e-03	-3.057538500000000006e-03
7.418062000000000000e+09	2.769677600000000108e-03	-3.001314199999999786e-03
7.418064429000000000e+09	2.863344800000000145e-03	-3.003792800000000193e-03
7.418066857000000000e+09	2.758985099999999857e-03	-3.010481299999999850e-03
7.418069286000000000e+09	2.812043599999999952e-03	-3.056502000000000004e-03
7.418071714000000000e+09	2.868940400000000081e-03	-3.080334599999999881e-03
7.418074143000000000e+09	2.798073400000000016e-03	-3.070893800000000159e-03
7.418076571000000000e+09	2.751980900000000098e-03	-3.000327399999999818e-03
7.418079000000000000e+09	2.810573399999999940e-03	-3.042533799999999882e-03
7.418081429000000000e+09	2.827991900000000058e-03	-3.057264499999999812e-03
7.418083857000000000e+09	2.781125599999999948e-03	-2.973694199999999885e-03
7.418086286000000000e+09	2.754847899999999811e-03	-2.994739499999999905e-03
7.418088714000000000e+09	2.780109099999999826e-03	-2.993146500000000085e-03
7.418091143000000000e+09	2.762304699999999953e-03	-3.029338700000000148e-03
7.418093571000000000e+09	2.723664399999999909e-03	-2.965252600000000023e-03
7.418096000000000000e+09	2.785003199999999939e-03	-3.017398599999999900e-03
7.418098429000000000e+09	2.838563399999999813e-03	-3.130785699999999883e-03
7.418100857000000000e+09	2.789337600000000011e-03	-3.028393999999999791e-03
7.418103286000000000e+09	2.724851800000000195e-03	-3.062106399999999905e-03
7.418105714000000000e+09	2.700878900000000180e-03	-3.061167599999999826e-03
7.418108143000000000e+09	2.771981399999999887e-03	-3.097635499999999795e-03
7.418110571000000000e+09	2.726116399999999919e-03	-3.087960600000000042e-03
7.418113000000000000e+09	2.782437899999999891e-03	-3.107675099999999881e-03
7.418115429000000000e+09	2.761596700000000081e-03	-3.080659899999999788e-03
7.418117857000000000e+09	2.833808399999999863e-03	-3.096167500000000100e-03
7.418120286000000000e+09	2.735189800000000122e-03	-3.015154099999999959e-03
7.418122714000000000e+09	2.698082499999999821e-03	-3.140917799999999854e-03
7.418125143000000000e+09	2.734469800000000062e-03	-3.092997599999999878e-03
7.418127571000000000e+09	2.651597400000000031e-03	-3.135431799999999995e-03
7.418130000000000000e+09	2.709561399999999790e-03	-3.057081799999999960e-03
7.418132429000000000e+09	2.690793199999999986e-03	-3.073320599999999816e-03
7.418134857000000000e+09	2.750238999999999809e-03	-3.135314900000000030e-03
7.418137286000000000e+09	2.708188299999999930e-03	-3.044084800000000125e-03
7.418139714000000000e+09	2.708080099999999896e-03	-3.084794100000000112e-03
7.418142143000000000e+09	2.642161699999999881e-03	-3.094269000000000186e-03
7.418144571000000000e+09	2.614722299999999982e-03	-3.103575700000000149e-03
7.418147000000000000e+09	2.658635300000000007e-03	-3.128388000000000176e-03
7.418149429000000000e+09	2.717553100000000190e-03	-3.102460699999999832e-03
7.418151857000000000e+09	2.612292500000000170e-03	-3.073534499999999899e-03
7.418154286000000000e+09	2.644659799999999998e-03	-3.091517299999999892e-03
7.418156714000000000e+09	2.687143800000000183e-03	-3.049039400000000052e-03
7.418159143000000000e+09	2.720867400000000214e-03	-3.075620299999999932e-03
7.418161571000000000e+09	2.648440199999999804e-03	-3.074745499999999993e-03
7.418164000000000000e+09	2.661743399999999971e-03	-3.117806600000000081e-03
7.418166429000000000e+09	2.672261300000000096e-03	-3.108689100000000018e-03
7.418168857000000000e+09	2.672623900000000146e-03	-3.130732700000000025e-03
7.418171286000000000e+09	2.642954700000000115e-03	-3.093710999999999857e-03
7.418173714000000000e+09	2.612112599999999972e-03	-3.161194799999999822e-03
7.418176143000000000e+09	2.678961499999999839e-03	-3.187378299999999928e-03
7.418178571000000000e+09	2.635944600000000079e-03	-3.170066599999999801e-03
7.418181000000000000e+09	2.616352900000000047e-03	-3.226423700000000203e-03
7.418183429000000000e+09	2.527888199999999905e-03	-3.204550500000000191e-03
7.418185857000000000e+09	2.676490599999999890e-03	-3.124562699999999804e-03
7.418188286000000000e+09	2.595577999999999861e-03	-3.152122700000000062e-03
7.418190714000000000e+09	2.581844900000000113e-03	-3.190148299999999958e-03
7.418193143000000000e+09	2.581973999999999901e-03	-3.189853700000000111e-03
7.418195571000000000e+09	2.638156100000000042e-03	-3.142896899999999931e-03
7.418198000000000000e+09	2.674198300000000129e-03	-3.191721599999999999e-03
7.418200429000000000e+09	2.634432899999999793e-03	-3.247555300000000162e-03
7.418202857000000000e+09	2.584410699999999898e-03	-3.172567099999999869e-03
7.418205286000000000e+09	2.644616399999999944e-03	-3.138625500000000092e-03
7.418207714000000000e+09	2.586085899999999993e-03	-3.165866499999999990e-03
7.418210143000000000e+09	2.640497600000000101e-03	-3.183772200000000146e-03
7.418212571000000000e+09	2.573156999999999962e-03	-3.186964500000000200e-03
7.418215000000000000e+09	2.616382999999999903e-03	-3.207335200000000029e-03
7.418217429000000000e+09	2.542233200000000148e-03	-3.191910100000000094e-03
7.418219857000000000e+09	2.534572399999999830e-03	-3.258681299999999920e-03
7.418222286000000000e+09	2.586215199999999850e-03	-3.218661800000000104e-03
7.418224714000000000e+09	2.577957799999999917e-03	-3.198106699999999844e-03
7.418227143000000000e+09	2.563374399999999911e-03	-3.149674900000000183e-03
7.418229571000000000e+09	2.510643400000000039e-03	-3.264529899999999828e-03
7.418232000000000000e+09	2.525281199999999948e-03	-3.229571699999999896e-03
7.418234429000000000e+09	2.497136200000000129e-03	-3.264919499999999978e-03
7.418236857000000000e+09	2.548492500000000029e-03	-3.266462099999999959e-03
7.418239286000000000e+09	2.534732500000000215e-03	-3.248163699999999897e-03
7.418241714000000000e+09	2.560789400000000084e-03	-3.226983499999999845e-03
7.418244143000000000e+09	2.566700999999999792e-03	-3.215877700000000037e-03
7.418246571000000000e+09	2.532241800000000018e-03	-3.214782099999999830e-03
7.418249000000000000e+09	2.469325400000000215e-03	-3.203935299999999872e-03
7.418251429000000000e+09	2.513116100000000169e-03	-3.253179100000000174e-03
7.418253857000000000e+09	2.534453800000000152e-03	-3.236670399999999788e-03
7.418256286000000000e+09	2.512818600000000201e-03	-3.228430899999999888e-03
7.418258714000000000e+09	2.479420400000000111e-03	-3.205395000000000206e-03
7.418261143000000000e+09	2.539163300000000199e-03	-3.235475099999999844e-03
7.418263571000000000e+09	2.449631900000000164e-03	-3.303928600000000017e-03
7.418266000000000000e+09	2.515152699999999904e-03	-3.270991799999999842e-03
7.418268429000000000e+09	2.451759600000000174e-03	-3.257945099999999972e-03
7.418270857000000000e+09	2.489233100000000018e-03	-3.301473000000000081e-03
7.418273286000000000e+09	2.483245600000000015e-03	-3.273997600000000049e-03
7.418275714000000000e+09	2.443491400000000029e-03	-3.210898800000000063e-03
7.418278143000000000e+09	2.524111199999999958e-03	-3.230559300000000137e-03
7.418280571000000000e+09	2.439254499999999812e-03	-3.359178999999999898e-03
7.418283000000000000e+09	2.472332600000000033e-03	-3.310324500000000076e-03
7.418285429000000000e+09	2.452501900000000033e-03	-3.274716200000000067e-03
7.418287857000000000e+09	2.538800500000000081e-03	-3.259265900000000212e-03
7.418290286000000000e+09	2.439430099999999844e-03	-3.365006199999999881e-03
7.418292714000000000e+09	2.439213500000000142e-03	-3.300651400000000069e-03
7.418295143000000000e+09	2.467960400000000082e-03	-3.324905700000000200e-03
7.418297571000000000e+09	2.387021000000000021e-03	-3.342958100000000075e-03
7.418300000000000000e+09	2.438299699999999914e-03	-3.295087600000000134e-03
7.418302429000000000e+09	2.465275700000000084e-03	-3.317216100000000036e-03
7.418304857000000000e+09	2.443876199999999842e-03	-3.306507900000000069e-03
7.418307286000000000e+09	2.481356599999999871e-03	-3.354477299999999908e-03
7.418309714000000000e+09	2.505437299999999784e-03	-3.303428299999999849e-03
7.418312143000000000e+09	2.465776399999999955e-03	-3.339519500000000165e-03
7.418314571000000000e+09	2.332926300000000026e-03	-3.306400000000000138e-03
7.418317000000000000e+09	2.452475400000000104e-03	-3.373182299999999845e-03
7.418319429000000000e+09	2.448624800000000212e-03	-3.305735900000000057e-03
7.418321857000000000e+09	2.452437599999999791e-03	-3.345768600000000037e-03
7.418324286000000000e+09	2.434729499999999797e-03	-3.321280600000000010e-03
7.418326714000000000e+09	2.415989099999999931e-03	-3.340301700000000186e-03
7.418329143000000000e+09	2.402470900000000173e-03	-3.426113800000000001e-03
7.418331571000000000e+09	2.363924400000000023e-03	-3.303892300000000216e-03
7.418334000000000000e+09	2.443657799999999960e-03	-3.375602200000000185e-03
7.418336429000000000e+09	2.330510699999999852e-03	-3.369027900000000006e-03
7.418338857000000000e+09	2.346196799999999884e-03	-3.387921700000000140e-03
7.418341286000000000e+09	2.359458100000000075e-03	-3.334582300000000100e-03
7.418343714000000000e+09	2.333035399999999933e-03	-3.302529099999999829e-03
7.418346143000000000e+09	2.404381499999999876e-03	-3.343440899999999914e-03
7.418348571000000000e+09	2.374426299999999896e-03	-3.431312000000000164e-03
7.418351000000000000e+09	2.375078699999999890e-03	-3.366195099999999812e-03
7.418353429000000000e+09	2.338364099999999928e-03	-3.352036699999999883e-03
7.418355857000000000e+09	2.312005700000000028e-03	-3.391189599999999953e-03
7.418358286000000000e+09	2.353095199999999994e-03	-3.471919300000000062e-03
7.418360714000000000e+09	2.325189499999999812e-03	-3.380531100000000021e-03
7.418363143000000000e+09	2.314693799999999885e-03	-3.392755199999999971e-03
7.418365571000000000e+09	2.377700099999999987e-03	-3.395168200000000126e-03
7.418368000000000000e+09	2.333847699999999810e-03	-3.372953900000000022e-03
7.418370429000000000e+09	2.371150900000000127e-03	-3.358809700000000165e-03
7.418372857000000000e+09	2.363793999999999791e-03	-3.416160599999999888e-03
7.418375286000000000e+09	2.373035600000000106e-03	-3.411044700000000034e-03
7.418377714000000000e+09	2.346165700000000121e-03	-3.416866599999999945e-03
7.418380143000000000e+09	2.355483299999999898e-03	-3.390353899999999903e-03
7.418382571000000000e+09	2.337546700000000047e-03	-3.446682899999999831e-03
7.418385000000000000e+09	2.242371600000000152e-03	-3.326159600000000178e-03
7.418387429000000000e+09	2.319937399999999917e-03	-3.420816799999999974e-03
7.418389857000000000e+09	2.259083700000000076e-03	-3.384231000000000131e-03
7.418392286000000000e+09	2.334493999999999892e-03	-3.501764799999999931e-03
7.418394714000000000e+09	2.296042099999999909e-03	-3.531083500000000135e-03
7.418397143000000000e+09	2.287039199999999894e-03	-3.490009200000000148e-03
7.418399571000000000e+09	2.259688599999999919e-03	-3.450915699999999951e-03
7.418402000000000000e+09	2.231456699999999956e-03	-3.518731199999999837e-03
7.418404429000000000e+09	2.236468799999999976e-03	-3.456766999999999913e-03
7.418406857000000000e+09	2.224999499999999811e-03	-3.364730700000000043e-03
7.418409286000000000e+09	2.234199300000000183e-03	-3.509387699999999902e-03
7.418411714000000000e+09	2.267860599999999786e-03	-3.491600799999999925e-03
7.418414143000000000e+09	2.298060800000000046e-03	-3.421709700000000014e-03
7.418416571000000000e+09	2.297396299999999829e-03	-3.437921899999999906e-03
7.418419000000000000e+09	2.223036700000000088e-03	-3.474873099999999885e-03
7.418421429000000000e+09	2.241922899999999799e-03	-3.488325500000000190e-03
7.418423857000000000e+09	2.211484499999999843e-03	-3.489876299999999931e-03
7.418426286000000000e+09	2.311449900000000016e-03	-3.434562700000000184e-03
7.418428714000000000e+09	2.177983300000000191e-03	-3.527359999999999784e-03
7.418431143000000000e+09	2.250427299999999825e-03	-3.499807100000000212e-03
7.418433571000000000e+09	2.176722299999999961e-03	-3.504546099999999911e-03
7.418436000000000000e+09	2.246765600000000165e-03	-3.529317699999999936e-03
7.418438429000000000e+09	2.200142699999999788e-03	-3.535799499999999797e-03
7.418440857000000000e+09	2.223109699999999828e-03	-3.416079800000000090e-03
7.418443286000000000e+09	2.226787699999999842e-03	-3.469699499999999871e-03
7.418445714000000000e+09	2.129412600000000003e-03	-3.533946499999999786e-03
7.418448143000000000e+09	2.243959800000000070e-03	-3.456174900000000098e-03
7.418450571000000000e+09	2.213442400000000063e-03	-3.491335999999999832e-03
7.418453000000000000e+09	2.182911799999999892e-03	-3.507407799999999985e-03
7.418455429000000000e+09	2.143215099999999998e-03	-3.531840300000000168e-03
7.418457857000000000e+09	2.220214800000000141e-03	-3.520374000000000159e-03
7.418460286000000000e+09	2.174034799999999875e-03	-3.569154000000000163e-03
7.418462714000000000e+09	2.055700199999999783e-03	-3.551283900000000004e-03
7.418465143000000000e+09	2.212182500000000208e-03	-3.523256700000000022e-03
7.418467571000000000e+09	2.167262899999999968e-03	-3.511352499999999873e-03
7.418470000000000000e+09	2.072834799999999800e-03	-3.480358900000000109e-03
7.418472429000000000e+09	2.176398700000000200e-03	-3.518961799999999977e-03
7.418474857000000000e+09	2.185096200000000155e-03	-3.557101500000000183e-03
7.418477286000000000e+09	2.114007299999999881e-03	-3.506098200000000095e-03
7.418479714000000000e+09	2.100761200000000103e-03	-3.547609100000000213e-03
7.418482143000000000e+09	2.123502700000000007e-03	-3.565937099999999960e-03
7.418484571000000000e+09	2.142675699999999940e-03	-3.553853400000000183e-03
7.418487000000000000e+09	2.193936400000000200e-03	-3.542840299999999894e-03
7.418489429000000000e+09	2.135483200000000154e-03	-3.572805200000000146e-03
7.418491857000000000e+09	2.078125100000000145e-03	-3.493464799999999783e-03
7.418494286000000000e+09	2.103166400000000200e-03	-3.649166399999999831e-03
7.418496714000000000e+09	2.069625099999999884e-03	-3.528239099999999889e-03
7.418499143000000000e+09	2.048109900000000087e-03	-3.557625400000000160e-03
7.418501571000000000e+09	2.101969999999999880e-03	-3.602546299999999976e-03
7.418504000000000000e+09	2.070331800000000180e-03	-3.542205599999999864e-03
7.418506429000000000e+09	2.141556599999999960e-03	-3.514568500000000203e-03
7.418508857000000000e+09	2.077558000000000182e-03	-3.556433400000000040e-03
7.418511286000000000e+09	2.134275900000000021e-03	-3.519919499999999996e-03
7.418513714000000000e+09	2.078448599999999872e-03	-3.560472099999999890e-03
7.418516143000000000e+09	2.055184399999999967e-03	-3.621389200000000100e-03
7.418518571000000000e+09	2.037433999999999860e-03	-3.580456200000000158e-03
7.418521000000000000e+09	2.101064499999999880e-03	-3.567584600000000151e-03
7.418523429000000000e+09	2.058802700000000006e-03	-3.624249700000000199e-03
7.418525857000000000e+09	2.037148600000000115e-03	-3.564676200000000197e-03
7.418528286000000000e+09	2.005145299999999946e-03	-3.589798400000000084e-03
7.418530714000000000e+09	2.077505299999999992e-03	-3.651538599999999950e-03
7.418533143000000000e+09	2.037396199999999980e-03	-3.634787100000000035e-03
7.418535571000000000e+09	2.059644099999999832e-03	-3.595145000000000111e-03
7.418538000000000000e+09	2.012820399999999937e-03	-3.557059999999999909e-03
7.418540429000000000e+09	2.041648200000000142e-03	-3.594567999999999808e-03
7.418542857000000000e+09	1.959463399999999966e-03	-3.574845100000000140e-03
7.418545286000000000e+09	2.022620200000000215e-03	-3.593939400000000124e-03
7.418547714000000000e+09	1.962366100000000144e-03	-3.664717999999999969e-03
7.418550143000000000e+09	2.090684199999999840e-03	-3.640718399999999955e-03
7.418552571000000000e+09	2.034684200000000213e-03	-3.564925300000000141e-03
7.418555000000000000e+09	1.994216000000000044e-03	-3.589922699999999970e-03
7.418557429000000000e+09	1.996428299999999847e-03	-3.634810100000000072e-03
7.418559857000000000e+09	2.004271800000000017e-03	-3.642695100000000082e-03
7.418562286000000000e+09	1.999807299999999816e-03	-3.622559100000000056e-03
7.418564714000000000e+09	1.957951199999999944e-03	-3.617688100000000014e-03
7.418567143000000000e+09	2.025216099999999856e-03	-3.636034499999999964e-03
7.418569571000000000e+09	1.960216199999999936e-03	-3.660820200000000028e-03
7.418572000000000000e+09	1.944807399999999922e-03	-3.615080299999999785e-03
7.418574429000000000e+09	1.937900900000000086e-03	-3.724995400000000179e-03
7.418576857000000000e+09	1.989629799999999976e-03	-3.598186699999999984e-03
7.418579286000000000e+09	1.957295999999999862e-03	-3.674852000000000153e-03
7.418581714000000000e+09	1.920500799999999954e-03	-3.670187200000000170e-03
7.418584143000000000e+09	1.981475800000000176e-03	-3.652859799999999893e-03
7.418586571000000000e+09	1.959734800000000141e-03	-3.645277799999999992e-03
7.418589000000000000e+09	1.935121300000000035e-03	-3.639574699999999826e-03
7.418591429000000000e+09	1.912118699999999999e-03	-3.572778100000000012e-03
7.418593857000000000e+09	1.904068000000000080e-03	-3.645357000000000111e-03
7.418596286000000000e+09	1.931104199999999962e-03	-3.648216100000000166e-03
7.418598714000000000e+09	1.931470200000000087e-03	-3.657149699999999969e-03
7.418601143000000000e+09	1.961857500000000181e-03	-3.656125399999999789e-03
7.418603571000000000e+09	1.889637300000000103e-03	-3.612175899999999894e-03
7.418606000000000000e+09	1.852232299999999983e-03	-3.632912600000000065e-03
7.418608429000000000e+09	1.880890500000000033e-03	-3.664804199999999873e-03
7.418610857000000000e+09	1.918734299999999950e-03	-3.655565300000000045e-03
7.418613286000000000e+09	1.923526700000000077e-03	-3.629632199999999892e-03
7.418615714000000000e+09	1.848229600000000049e-03	-3.664868600000000150e-03
7.418618143000000000e+09	1.859932300000000007e-03	-3.679519899999999892e-03
7.418620571000000000e+09	1.914438700000000099e-03	-3.717410400000000122e-03
7.418623000000000000e+09	1.904280200000000017e-03	-3.666172399999999797e-03
7.418625429000000000e+09	1.891334400000000077e-03	-3.696346399999999796e-03
7.418627857000000000e+09	1.859047499999999910e-03	-3.712863700000000079e-03
7.418630286000000000e+09	1.858025500000000082e-03	-3.702165700000000122e-03
7.418632714000000000e+09	1.873527899999999921e-03	-3.703103100000000158e-03
7.418635143000000000e+09	1.810562300000000038e-03	-3.706083099999999807e-03
7.418637571000000000e+09	1.820713999999999970e-03	-3.738578299999999882e-03
7.418640000000000000e+09	1.866558200000000001e-03	-3.733626500000000042e-03
7.418642429000000000e+09	1.926564900000000058e-03	-3.704177500000000074e-03
7.418644857000000000e+09	1.759201800000000007e-03	-3.741493600000000020e-03
7.418647286000000000e+09	1.812835299999999939e-03	-3.790725400000000134e-03
7.418649714000000000e+09	1.874702299999999894e-03	-3.688801199999999867e-03
7.418652143000000000e+09	1.758265200000000026e-03	-3.735103599999999805e-03
7.418654571000000000e+09	1.814660100000000092e-03	-3.785943899999999820e-03
7.418657000000000000e+09	1.825999999999999932e-03	-3.696594699999999900e-03
7.418659429000000000e+09	1.844987699999999994e-03	-3.749727500000000179e-03
7.418661857000000000e+09	1.869034600000000091e-03	-3.752909599999999790e-03
7.418664286000000000e+09	1.807932200000000010e-03	-3.735236099999999886e-03
7.418666714000000000e+09	1.768234399999999958e-03	-3.735999399999999967e-03
7.418669143000000000e+09	1.685050000000000003e-03	-3.777920399999999852e-03
7.418671571000000000e+09	1.805186899999999947e-03	-3.708902899999999905e-03
7.418674000000000000e+09	1.830702399999999943e-03	-3.729695500000000056e-03
7.418676429000000000e+09	1.800262099999999990e-03	-3.774618999999999891e-03
7.418678857000000000e+09	1.744390499999999913e-03	-3.731972000000000067e-03
7.418681286000000000e+09	1.743494499999999900e-03	-3.687935600000000029e-03
7.418683714000000000e+09	1.767744500000000083e-03	-3.720490800000000181e-03
7.418686143000000000e+09	1.767665199999999930e-03	-3.756943000000000001e-03
7.418688571000000000e+09	1.743703199999999945e-03	-3.737277599999999991e-03
7.418691000000000000e+09	1.781636999999999978e-03	-3.765690300000000025e-03
7.418693429000000000e+09	1.691992299999999904e-03	-3.739666999999999904e-03
7.418695857000000000e+09	1.755825099999999955e-03	-3.777512700000000036e-03
7.418698286000000000e+09	1.736139399999999961e-03	-3.773145700000000123e-03
7.418700714000000000e+09	1.824249399999999929e-03	-3.782800399999999928e-03
7.418703143000000000e+09	1.717136100000000000e-03	-3.822308500000000126e-03
7.418705571000000000e+09	1.711693299999999911e-03	-3.727615799999999934e-03
7.418708000000000000e+09	1.712788499999999981e-03	-3.730175100000000105e-03
7.418710429000000000e+09	1.799299999999999988e-03	-3.792888199999999970e-03
7.418712857000000000e+09	1.669554699999999982e-03	-3.762085599999999853e-03
7.418715286000000000e+09	1.674493499999999942e-03	-3.777962299999999829e-03
7.418717714000000000e+09	1.744268599999999978e-03	-3.778934700000000091e-03
7.418720143000000000e+09	1.666297200000000029e-03	-3.720687099999999900e-03
7.418722571000000000e+09	1.729878499999999968e-03	-3.768536700000000086e-03
7.418725000000000000e+09	1.631436399999999917e-03	-3.787489900000000093e-03
7.418727429000000000e+09	1.720378399999999974e-03	-3.732992699999999886e-03
7.418729857000000000e+09	1.707285900000000099e-03	-3.787837000000000062e-03
7.418732286000000000e+09	1.669989800000000035e-03	-3.754921300000000142e-03
7.418734714000000000e+09	1.721631400000000079e-03	-3.824127599999999853e-03
7.418737143000000000e+09	1.675070999999999982e-03	-3.733477700000000041e-03
7.418739571000000000e+09	1.662449000000000088e-03	-3.775647200000000099e-03
7.418742000000000000e+09	1.689212000000000049e-03	-3.755096299999999970e-03
7.418744429000000000e+09	1.666362399999999928e-03	-3.802294800000000172e-03
7.418746857000000000e+09	1.676865899999999913e-03	-3.759157600000000155e-03
7.418749286000000000e+09	1.601049300000000107e-03	-3.759390999999999948e-03
7.418751714000000000e+09	1.627736799999999909e-03	-3.839340699999999919e-03
7.418754143000000000e+09	1.628520100000000088e-03	-3.814284299999999919e-03
7.418756571000000000e+09	1.595750200000000014e-03	-3.831183399999999861e-03
7.418759000000000000e+09	1.652120300000000080e-03	-3.825510900000000155e-03
7.418761429000000000e+09	1.631663200000000062e-03	-3.793846899999999897e-03
7.418763857000000000e+09	1.616788700000000101e-03	-3.801174799999999885e-03
7.418766286000000000e+09	1.610526699999999950e-03	-3.837747099999999894e-03
7.418768714000000000e+09	1.599234499999999896e-03	-3.847182900000000079e-03
7.418771143000000000e+09	1.664153600000000018e-03	-3.836044600000000030e-03
7.418773571000000000e+09	1.646165399999999918e-03	-3.822908399999999998e-03
7.418776000000000000e+09	1.635874000000000052e-03	-3.852844600000000005e-03
7.418778429000000000e+09	1.614579699999999906e-03	-3.874933399999999813e-03
7.418780857000000000e+09	1.579386799999999954e-03	-3.827367400000000058e-03
7.418783286000000000e+09	1.626021899999999937e-03	-3.841704500000000209e-03
7.418785714000000000e+09	1.551442000000000099e-03	-3.900207399999999856e-03
7.418788143000000000e+09	1.578248699999999999e-03	-3.861172099999999989e-03
7.418790571000000000e+09	1.544379000000000021e-03	-3.777854900000000068e-03
7.418793000000000000e+09	1.599463200000000038e-03	-3.836033500000000148e-03
7.418795429000000000e+09	1.556878299999999923e-03	-3.883954399999999928e-03
7.418797857000000000e+09	1.550567799999999930e-03	-3.877817899999999856e-03
7.418800286000000000e+09	1.507722300000000071e-03	-3.826159799999999823e-03
7.418802714000000000e+09	1.595212500000000103e-03	-3.854993399999999838e-03
7.418805143000000000e+09	1.541657299999999982e-03	-3.800072600000000030e-03
7.418807571000000000e+09	1.568726799999999944e-03	-3.875748000000000040e-03
7.418810000000000000e+09	1.536765999999999957e-03	-3.920785700000000221e-03
7.418812429000000000e+09	1.547209900000000001e-03	-3.875570599999999827e-03
7.418814857000000000e+09	1.520606199999999936e-03	-3.892127400000000136e-03
7.418817286000000000e+09	1.492680099999999952e-03	-3.782596000000000049e-03
7.418819714000000000e+09	1.525411200000000023e-03	-3.931672300000000307e-03
7.418822143000000000e+09	1.521092199999999998e-03	-3.821135399999999946e-03
7.418824571000000000e+09	1.520927499999999996e-03	-3.807796200000000079e-03
7.418827000000000000e+09	1.496666499999999966e-03	-3.868100000000000184e-03
7.418829429000000000e+09	1.466494899999999917e-03	-3.844636399999999937e-03
7.418831857000000000e+09	1.476217500000000108e-03	-3.800915700000000001e-03
7.418834286000000000e+09	1.510434300000000054e-03	-3.855459600000000087e-03
7.418836714000000000e+09	1.484900699999999957e-03	-3.877213799999999853e-03
7.418839143000000000e+09	1.430501399999999958e-03	-3.826965099999999915e-03
7.418841571000000000e+09	1.417988299999999903e-03	-3.891571899999999792e-03
7.418844000000000000e+09	1.467100199999999896e-03	-3.884015499999999947e-03
7.418846429000000000e+09	1.459176699999999985e-03	-3.844738500000000059e-03
7.418848857000000000e+09	1.474325999999999979e-03	-3.958081100000000047e-03
7.418851286000000000e+09	1.475668000000000075e-03	-3.925292300000000033e-03
7.418853714000000000e+09	1.385020800000000100e-03	-3.862559599999999989e-03
7.418856143000000000e+09	1.470589999999999918e-03	-3.935392599999999567e-03
7.418858571000000000e+09	1.439466900000000013e-03	-3.929957799999999821e-03
7.418861000000000000e+09	1.542207400000000003e-03	-3.912830200000000022e-03
7.418863429000000000e+09	1.473389399999999998e-03	-3.898630900000000024e-03
7.418865857000000000e+09	1.446937599999999907e-03	-3.857561900000000110e-03
7.418868286000000000e+09	1.342075400000000002e-03	-3.944435900000000349e-03
7.418870714000000000e+09	1.433466900000000084e-03	-3.876181399999999947e-03
7.418873143000000000e+09	1.362956800000000076e-03	-3.942090199999999725e-03
7.418875571000000000e+09	1.363427400000000091e-03	-3.966625599999999870e-03
7.418878000000000000e+09	1.463613899999999983e-03	-3.845802800000000000e-03
7.418880429000000000e+09	1.412652199999999986e-03	-3.878546699999999882e-03
7.418882857000000000e+09	1.385973200000000047e-03	-3.934338499999999635e-03
7.418885286000000000e+09	1.376979900000000053e-03	-3.889979699999999811e-03
7.418887714000000000e+09	1.459611100000000015e-03	-3.882159100000000078e-03
7.418890143000000000e+09	1.334604199999999937e-03	-3.915375399999999721e-03
7.418892571000000000e+09	1.380851599999999985e-03	-3.991950299999999854e-03
7.418895000000000000e+09	1.391704300000000004e-03	-3.923876800000000026e-03
7.418897429000000000e+09	1.380679699999999913e-03	-3.902037499999999864e-03
7.418899857000000000e+09	1.404154799999999962e-03	-3.901542100000000065e-03
7.418902286000000000e+09	1.376561699999999909e-03	-3.921602100000000195e-03
7.418904714000000000e+09	1.387683700000000037e-03	-3.860194999999999859e-03
7.418907143000000000e+09	1.309376600000000104e-03	-3.944128899999999743e-03
7.418909571000000000e+09	1.332930400000000102e-03	-3.942354200000000412e-03
7.418912000000000000e+09	1.372261299999999939e-03	-3.962024300000000290e-03
7.418914429000000000e+09	1.345127900000000088e-03	-3.969361000000000243e-03
7.418916857000000000e+09	1.313137999999999935e-03	-3.912636300000000254e-03
7.418919286000000000e+09	1.321358300000000010e-03	-3.933217900000000010e-03
7.418921714000000000e+09	1.297298300000000000e-03	-3.959453499999999668e-03
7.418924143000000000e+09	1.409927999999999963e-03	-3.929299300000000349e-03
7.418926571000000000e+09	1.286945100000000093e-03	-3.906694999999999959e-03
7.418929000000000000e+09	1.308623799999999917e-03	-3.926672800000000248e-03
7.418931429000000000e+09	1.219240799999999963e-03	-3.973843500000000077e-03
7.418933857000000000e+09	1.242625399999999943e-03	-3.979060700000000214e-03
7.418936286000000000e+09	1.284832899999999948e-03	-3.940870800000000236e-03
7.418938714000000000e+09	1.221393699999999893e-03	-3.965292500000000206e-03
7.418941143000000000e+09	1.215698000000000082e-03	-3.951124900000000176e-03
7.418943571000000000e+09	1.277385999999999929e-03	-3.972161600000000299e-03
7.418946000000000000e+09	1.236974799999999899e-03	-3.954289599999999925e-03
7.418948429000000000e+09	1.282621199999999916e-03	-3.999463800000000249e-03
7.418950857000000000e+09	1.236106799999999893e-03	-3.939291299999999815e-03
7.418953286000000000e+09	1.265830699999999929e-03	-3.964813400000000328e-03
7.418955714000000000e+09	1.205301599999999973e-03	-3.945052499999999844e-03
7.418958143000000000e+09	1.196787099999999972e-03	-3.953211699999999683e-03
7.418960571000000000e+09	1.302991699999999893e-03	-3.961259200000000029e-03
7.418963000000000000e+09	1.251193600000000041e-03	-3.937628500000000045e-03
7.418965429000000000e+09	1.162259199999999973e-03	-4.000932500000000183e-03
7.418967857000000000e+09	1.230424799999999983e-03	-3.966945199999999568e-03
7.418970286000000000e+09	1.154062100000000004e-03	-3.997225699999999889e-03
7.418972714000000000e+09	1.243661500000000026e-03	-3.961326000000000257e-03
7.418975143000000000e+09	1.248505200000000082e-03	-4.004961599999999795e-03
7.418977571000000000e+09	1.198891799999999945e-03	-3.935522099999999926e-03
7.418980000000000000e+09	1.230771500000000032e-03	-3.989078200000000136e-03
7.418982429000000000e+09	1.211732400000000006e-03	-3.958437799999999819e-03
7.418984857000000000e+09	1.165842600000000038e-03	-4.018637499999999987e-03
7.418987286000000000e+09	1.225026500000000107e-03	-3.888078200000000175e-03
7.418989714000000000e+09	1.219715699999999927e-03	-4.023687500000000354e-03
7.418992143000000000e+09	1.179711499999999908e-03	-4.003104399999999653e-03
7.418994571000000000e+09	1.219528600000000093e-03	-3.892257599999999866e-03
7.418997000000000000e+09	1.120052399999999990e-03	-3.949626200000000420e-03
7.418999429000000000e+09	1.157874900000000016e-03	-3.964541000000000245e-03
7.419001857000000000e+09	1.146806399999999917e-03	-3.969933099999999743e-03
7.419004286000000000e+09	1.135204799999999957e-03	-3.986904000000000316e-03
7.419006714000000000e+09	1.181355499999999989e-03	-3.994144100000000287e-03
7.419009143000000000e+09	1.163581300000000006e-03	-4.009222100000000254e-03
7.419011571000000000e+09	1.071716300000000004e-03	-3.990887599999999591e-03
7.419014000000000000e+09	1.164751299999999996e-03	-3.974378599999999970e-03
7.419016429000000000e+09	1.129947899999999943e-03	-4.023912299999999817e-03
7.419018857000000000e+09	1.113939599999999976e-03	-3.966834500000000416e-03
7.419021286000000000e+09	1.147085699999999967e-03	-3.987212000000000395e-03
7.419023714000000000e+09	1.177134000000000036e-03	-4.011718099999999655e-03
7.419026143000000000e+09	1.133436499999999989e-03	-3.999477300000000082e-03
7.419028571000000000e+09	1.118476499999999929e-03	-3.970365299999999674e-03
7.419031000000000000e+09	1.105122100000000083e-03	-3.958052800000000371e-03
7.419033429000000000e+09	1.104371100000000076e-03	-4.024365400000000370e-03
7.419035857000000000e+09	1.089923600000000008e-03	-3.959220299999999942e-03
7.419038286000000000e+09	1.073620900000000046e-03	-3.986101700000000379e-03
7.419040714000000000e+09	1.049780799999999997e-03	-4.031240600000000375e-03
7.419043143000000000e+09	1.192479900000000068e-03	-3.976037499999999711e-03
7.419045571000000000e+09	1.046894700000000058e-03	-4.033260500000000054e-03
7.419048000000000000e+09	1.011818100000000083e-03	-4.013694299999999611e-03
7.419050429000000000e+09	1.006885300000000000e-03	-3.996482600000000190e-03
7.419052857000000000e+09	1.050358200000000002e-03	-4.049419299999999951e-03
7.419055286000000000e+09	1.043063199999999958e-03	-4.057542400000000056e-03
7.419057714000000000e+09	9.715551999999999912e-04	-4.036103299999999755e-03
7.419060143000000000e+09	9.968373999999999031e-04	-4.007137200000000093e-03
7.419062571000000000e+09	9.784003000000000318e-04	-4.010682199999999857e-03
7.419065000000000000e+09	1.029077100000000021e-03	-4.040018999999999728e-03
7.419067429000000000e+09	9.973605000000000404e-04	-4.057099500000000379e-03
7.419069857000000000e+09	9.976175000000000754e-04	-4.045885899999999806e-03
7.419072286000000000e+09	9.486343999999999853e-04	-4.003925600000000397e-03
7.419074714000000000e+09	1.004698299999999935e-03	-4.027394699999999918e-03
7.419077143000000000e+09	9.391391000000000018e-04	-4.061083000000000054e-03
7.419079571000000000e+09	1.000951799999999980e-03	-4.032438200000000236e-03
7.419082000000000000e+09	1.063764600000000017e-03	-4.038514200000000061e-03
7.419084429000000000e+09	9.066598999999999622e-04	-4.037146400000000274e-03
7.419086857000000000e+09	1.018915100000000046e-03	-4.071924299999999872e-03
7.419089286000000000e+09	1.009349799999999936e-03	-4.042373200000000215e-03
7.419091714000000000e+09	1.018927200000000052e-03	-4.020660399999999822e-03
7.419094143000000000e+09	9.260769000000000509e-04	-4.055326100000000190e-03
7.419096571000000000e+09	9.966421999999999087e-04	-4.044408499999999941e-03
7.419099000000000000e+09	9.565097000000000486e-04	-4.016152400000000400e-03
7.419101429000000000e+09	9.452332000000000355e-04	-4.017932299999999769e-03
7.419103857000000000e+09	1.020299699999999924e-03	-4.082794600000000038e-03
7.419106286000000000e+09	9.500587999999999915e-04	-4.106146199999999823e-03
7.419108714000000000e+09	9.540978999999999779e-04	-4.050341600000000042e-03
7.419111143000000000e+09	8.784014999999999618e-04	-4.009342699999999746e-03
7.419113571000000000e+09	9.005340999999999606e-04	-3.995130500000000119e-03
7.419116000000000000e+09	8.474860000000000509e-04	-4.008239999999999720e-03
7.419118429000000000e+09	9.563085999999999939e-04	-4.064109800000000050e-03
7.419120857000000000e+09	9.151545000000000079e-04	-4.069063700000000172e-03
7.419123286000000000e+09	9.671718000000000155e-04	-4.087813699999999842e-03
7.419125714000000000e+09	8.596784999999999583e-04	-4.027241099999999581e-03
7.419128143000000000e+09	9.332204999999999667e-04	-4.083076399999999856e-03
7.419130571000000000e+09	9.132221999999999519e-04	-4.120593500000000256e-03
7.419133000000000000e+09	9.428051000000000443e-04	-4.040063499999999724e-03
7.419135429000000000e+09	7.921094999999999959e-04	-4.090399599999999976e-03
7.419137857000000000e+09	8.713440999999999504e-04	-4.085252000000000154e-03
7.419140286000000000e+09	8.973337999999999974e-04	-4.062752200000000272e-03
7.419142714000000000e+09	8.534748999999999895e-04	-4.030223099999999913e-03
7.419145143000000000e+09	8.652878000000000132e-04	-4.031603299999999591e-03
7.419147571000000000e+09	9.088653000000000140e-04	-4.085403599999999809e-03
7.419150000000000000e+09	8.587030000000000487e-04	-4.066251300000000429e-03
7.419152429000000000e+09	8.253273000000000423e-04	-4.063625399999999666e-03
7.419154857000000000e+09	8.182941999999999690e-04	-4.028202600000000029e-03
7.419157286000000000e+09	7.567132999999999976e-04	-4.161716900000000073e-03
7.419159714000000000e+09	8.427455999999999836e-04	-4.041437400000000291e-03
7.419162143000000000e+09	8.387375999999999773e-04	-4.103444999999999836e-03
7.419164571000000000e+09	8.378659000000000107e-04	-4.034495600000000126e-03
7.419167000000000000e+09	7.749316999999999924e-04	-4.084085299999999988e-03
7.419169429000000000e+09	8.278800999999999478e-04	-4.054367300000000229e-03
7.419171857000000000e+09	8.740837000000000216e-04	-4.087565700000000274e-03
7.419174286000000000e+09	8.325716999999999623e-04	-4.125450600000000329e-03
7.419176714000000000e+09	8.307287000000000005e-04	-4.131107600000000386e-03
7.419179143000000000e+09	8.559734999999999523e-04	-4.106574099999999589e-03
7.419181571000000000e+09	7.719002000000000198e-04	-4.076399900000000388e-03
7.419184000000000000e+09	7.387626000000000002e-04	-4.061778000000000263e-03
7.419186429000000000e+09	8.361822999999999782e-04	-4.058976199999999798e-03
7.419188857000000000e+09	7.899251999999999836e-04	-4.081824500000000126e-03
7.419191286000000000e+09	7.331956999999999841e-04	-4.067899300000000357e-03
7.419193714000000000e+09	8.085491000000000206e-04	-4.083785799999999772e-03
7.419196143000000000e+09	7.837423999999999519e-04	-4.099940699999999640e-03
7.419198571000000000e+09	7.905699999999999880e-04	-4.124038000000000009e-03
7.419201000000000000e+09	7.403085000000000221e-04	-4.098819099999999674e-03
7.419203429000000000e+09	7.551341000000000043e-04	-4.052949499999999872e-03
7.419205857000000000e+09	7.335848999999999972e-04	-4.097367600000000401e-03
7.419208286000000000e+09	7.582638999999999959e-04	-4.080636200000000401e-03
7.419210714000000000e+09	7.637666999999999460e-04	-4.077015500000000410e-03
7.419213143000000000e+09	7.646073000000000409e-04	-4.127585500000000192e-03
7.419215571000000000e+09	7.497130000000000504e-04	-4.109163699999999683e-03
7.419218000000000000e+09	7.145135000000000158e-04	-4.133767099999999597e-03
7.419220429000000000e+09	7.422556999999999549e-04	-4.075641900000000380e-03
7.419222857000000000e+09	6.945400000000000011e-04	-4.104296900000000206e-03
7.419225286000000000e+09	7.112083999999999854e-04	-4.147676200000000382e-03
7.419227714000000000e+09	7.584096999999999497e-04	-4.169368100000000153e-03
7.419230143000000000e+09	6.651057999999999840e-04	-4.101498099999999897e-03
7.419232571000000000e+09	6.871924000000000175e-04	-4.116253000000000273e-03
7.419235000000000000e+09	7.140856999999999587e-04	-4.076597700000000185e-03
7.419237429000000000e+09	7.405120999999999535e-04	-4.088662199999999920e-03
7.419239857000000000e+09	7.345764000000000503e-04	-4.081979999999999810e-03
7.419242286000000000e+09	6.870770999999999476e-04	-4.109787600000000367e-03
7.419244714000000000e+09	6.847335999999999657e-04	-4.178163599999999700e-03
7.419247143000000000e+09	6.516143000000000065e-04	-4.083542100000000369e-03
7.419249571000000000e+09	7.488701999999999642e-04	-4.105640199999999879e-03
7.419252000000000000e+09	6.596332999999999580e-04	-4.154763599999999890e-03
7.419254429000000000e+09	6.869028000000000330e-04	-4.153001800000000188e-03
7.419256857000000000e+09	6.405058000000000366e-04	-4.093691899999999870e-03
7.419259286000000000e+09	6.023461999999999827e-04	-4.045501100000000426e-03
7.419261714000000000e+09	5.988473000000000017e-04	-4.130180500000000393e-03
7.419264143000000000e+09	6.321922999999999475e-04	-4.087524200000000434e-03
7.419266571000000000e+09	6.112458000000000084e-04	-4.132296500000000317e-03
7.419269000000000000e+09	6.899938000000000208e-04	-4.110619400000000388e-03
7.419271429000000000e+09	6.869438999999999537e-04	-4.087653699999999925e-03
7.419273857000000000e+09	6.010227000000000147e-04	-4.098861999999999992e-03
7.419276286000000000e+09	5.664965000000000538e-04	-4.140950600000000217e-03
7.419278714000000000e+09	5.898550000000000234e-04	-4.067210600000000127e-03
7.419281143000000000e+09	5.437446999999999983e-04	-4.108453800000000031e-03
7.419283571000000000e+09	4.771260000000000258e-04	-4.116454400000000430e-03
7.419286000000000000e+09	5.248768999999999484e-04	-4.082883399999999961e-03
7.419288429000000000e+09	5.734025000000000450e-04	-4.112134299999999597e-03
7.419290857000000000e+09	5.644633999999999936e-04	-4.120458500000000190e-03
7.419293286000000000e+09	5.628410000000000140e-04	-4.081825100000000331e-03
7.419295714000000000e+09	5.754673999999999987e-04	-4.111808399999999919e-03
7.419298143000000000e+09	5.129248999999999788e-04	-4.145181599999999723e-03
7.419300571000000000e+09	5.200607999999999793e-04	-4.147423499999999645e-03
7.419303000000000000e+09	5.857730000000000445e-04	-4.177753900000000069e-03
7.419305429000000000e+09	5.733227999999999719e-04	-4.121439699999999984e-03
7.419307857000000000e+09	5.186009000000000105e-04	-4.132975500000000274e-03
7.419310286000000000e+09	5.026170000000000160e-04	-4.171123199999999739e-03
7.419312714000000000e+09	5.885864000000000200e-04	-4.190914799999999850e-03
7.419315143000000000e+09	5.363221999999999521e-04	-4.093000200000000352e-03
7.419317571000000000e+09	5.077579000000000467e-04	-4.157156700000000198e-03
7.419320000000000000e+09	5.424985999999999697e-04	-4.119079000000000317e-03
7.419322429000000000e+09	4.697808999999999731e-04	-4.190047700000000368e-03
7.419324857000000000e+09	4.568174000000000149e-04	-4.177708900000000336e-03
7.419327286000000000e+09	4.996335999999999659e-04	-4.143935100000000100e-03
7.419329714000000000e+09	4.642611000000000264e-04	-4.092738700000000084e-03
7.419332143000000000e+09	4.646432999999999835e-04	-4.112682500000000053e-03
7.419334571000000000e+09	4.464835000000000223e-04	-4.073324300000000231e-03
7.419337000000000000e+09	4.396531999999999871e-04	-4.120844900000000116e-03
7.419339429000000000e+09	4.346020000000000243e-04	-4.113715199999999628e-03
7.419341857000000000e+09	4.916560999999999631e-04	-4.140868699999999611e-03
7.419344286000000000e+09	4.310906999999999890e-04	-4.094191500000000233e-03
7.419346714000000000e+09	4.565206000000000147e-04	-4.132158399999999628e-03
7.419349143000000000e+09	4.283706999999999879e-04	-4.133273699999999613e-03
7.419351571000000000e+09	4.100719999999999864e-04	-4.120850799999999960e-03
7.419354000000000000e+09	4.772954999999999841e-04	-4.163344799999999651e-03
7.419356429000000000e+09	4.309038000000000061e-04	-4.135405400000000120e-03
7.419358857000000000e+09	4.606510000000000184e-04	-4.082432599999999759e-03
7.419361286000000000e+09	5.318458999999999557e-04	-4.100605999999999696e-03
7.419363714000000000e+09	4.910894000000000283e-04	-4.107594099999999603e-03
7.419366143000000000e+09	4.210401999999999808e-04	-4.146567200000000376e-03
7.419368571000000000e+09	4.199911999999999981e-04	-4.089699599999999796e-03
7.419371000000000000e+09	4.318382999999999749e-04	-4.148549999999999981e-03
7.419373429000000000e+09	4.448246000000000101e-04	-4.198291600000000033e-03
7.419375857000000000e+09	3.738702000000000106e-04	-4.123114800000000045e-03
7.419378286000000000e+09	3.777092000000000123e-04	-4.103589300000000037e-03
7.419380714000000000e+09	3.750647999999999873e-04	-4.116044800000000399e-03
7.419383143000000000e+09	3.746342000000000053e-04	-4.104484000000000257e-03
7.419385571000000000e+09	3.845400000000000012e-04	-4.126573599999999904e-03
7.419388000000000000e+09	3.964056999999999780e-04	-4.163394499999999686e-03
7.419390429000000000e+09	3.033205999999999771e-04	-4.150696799999999999e-03
7.419392857000000000e+09	3.968233000000000264e-04	-4.132369500000000057e-03
7.419395286000000000e+09	3.530135000000000109e-04	-4.142868800000000344e-03
7.419397714000000000e+09	3.973011000000000034e-04	-4.137794499999999931e-03
7.419400143000000000e+09	3.834239999999999936e-04	-4.122080299999999857e-03
7.419402571000000000e+09	3.403929999999999781e-04	-4.073831200000000048e-03
7.419405000000000000e+09	3.167520000000000058e-04	-4.124751200000000353e-03
7.419407429000000000e+09	3.081960999999999815e-04	-4.189089099999999607e-03
7.419409857000000000e+09	3.607242999999999778e-04	-4.160388699999999912e-03
7.419412286000000000e+09	4.187166999999999886e-04	-4.137166700000000086e-03
7.419414714000000000e+09	3.234439000000000086e-04	-4.156673500000000222e-03
7.419417143000000000e+09	3.214415999999999888e-04	-4.170540900000000231e-03
7.419419571000000000e+09	2.243693000000000000e-04	-4.120950400000000097e-03
7.419422000000000000e+09	3.306873000000000212e-04	-4.147640999999999654e-03
7.419424429000000000e+09	3.174609000000000220e-04	-4.134314400000000181e-03
7.419426857000000000e+09	3.047258999999999753e-04	-4.163886399999999592e-03
7.419429286000000000e+09	3.298555999999999797e-04	-4.129080400000000386e-03
7.419431714000000000e+09	3.677214000000000264e-04	-4.205302600000000376e-03
7.419434143000000000e+09	2.393611999999999877e-04	-4.174510200000000268e-03
7.419436571000000000e+09	2.770982999999999758e-04	-4.121868600000000091e-03
7.419439000000000000e+09	2.690090999999999923e-04	-4.188128999999999637e-03
7.419441429000000000e+09	3.042804999999999880e-04	-4.206213200000000381e-03
7.419443857000000000e+09	2.545272000000000116e-04	-4.168240499999999876e-03
7.419446286000000000e+09	2.266179999999999909e-04	-4.166387899999999568e-03
7.419448714000000000e+09	1.958383999999999917e-04	-4.163348899999999748e-03
7.419451143000000000e+09	2.382875000000000119e-04	-4.212281400000000148e-03
7.419453571000000000e+09	2.753480000000000207e-04	-4.148731200000000188e-03
7.419456000000000000e+09	2.117417000000000127e-04	-4.184472899999999718e-03
7.419458429000000000e+09	2.708494999999999891e-04	-4.118493299999999649e-03
7.419460857000000000e+09	2.357329000000000076e-04	-4.089659500000000433e-03
7.419463286000000000e+09	2.085660000000000085e-04	-4.193659899999999628e-03
7.419465714000000000e+09	2.150076999999999913e-04	-4.103193199999999839e-03
7.419468143000000000e+09	2.410529999999999975e-04	-4.121366500000000176e-03
7.419470571000000000e+09	2.568167000000000106e-04	-4.112900499999999800e-03
7.419473000000000000e+09	2.338118000000000032e-04	-4.165659000000000375e-03
7.419475429000000000e+09	2.719069000000000173e-04	-4.121402700000000377e-03
7.419477857000000000e+09	2.042962999999999908e-04	-4.132326300000000070e-03
7.419480286000000000e+09	2.331281999999999951e-04	-4.146592299999999828e-03
7.419482714000000000e+09	1.607446000000000059e-04	-4.171322800000000150e-03
7.419485143000000000e+09	2.444543999999999884e-04	-4.144082500000000058e-03
7.419487571000000000e+09	2.166996000000000081e-04	-4.245427300000000070e-03
7.419490000000000000e+09	2.002188000000000015e-04	-4.274022300000000253e-03
7.419492429000000000e+09	1.902343000000000024e-04	-4.224642899999999680e-03
7.419494857000000000e+09	1.138789999999999985e-04	-4.160174600000000195e-03
7.419497286000000000e+09	1.985547000000000050e-04	-4.252050000000000274e-03
7.419499714000000000e+09	2.003971000000000062e-04	-4.145232900000000303e-03
7.419502143000000000e+09	9.757230000000000091e-05	-4.167361900000000376e-03
7.419504571000000000e+09	1.470102000000000041e-04	-4.153096900000000091e-03
7.419507000000000000e+09	1.707675999999999877e-04	-4.186832399999999843e-03
7.419509429000000000e+09	1.364838999999999961e-04	-4.215664600000000248e-03
7.419511857000000000e+09	1.513402999999999916e-04	-4.158588799999999794e-03
7.419514286000000000e+09	1.109413999999999946e-04	-4.172986899999999930e-03
7.419516714000000000e+09	9.764670000000000142e-05	-4.217370800000000072e-03
7.419519143000000000e+09	1.371415000000000015e-04	-4.200362299999999688e-03
7.419521571000000000e+09	1.133686999999999976e-04	-4.174369800000000096e-03
7.419524000000000000e+09	1.201298000000000031e-04	-4.155185300000000144e-03
7.419526429000000000e+09	1.498159000000000101e-04	-4.183158699999999994e-03
7.419528857000000000e+09	1.218271999999999980e-04	-4.195267699999999725e-03
7.419531286000000000e+09	2.021930000000000138e-05	-4.215438000000000171e-03
7.419533714000000000e+09	-4.249999999999999675e-08	-4.177358400000000076e-03
7.419536143000000000e+09	7.320990000000000527e-05	-4.235296300000000042e-03
7.419538571000000000e+09	3.416470000000000173e-05	-4.180958700000000049e-03
7.419541000000000000e+09	7.336780000000000591e-05	-4.187131099999999786e-03
7.419543429000000000e+09	1.363934999999999876e-04	-4.212248499999999771e-03
7.419545857000000000e+09	1.087473999999999949e-04	-4.247443099999999652e-03
7.419548286000000000e+09	1.072168999999999932e-04	-4.204928800000000411e-03
7.419550714000000000e+09	3.193789999999999791e-05	-4.165004199999999997e-03
7.419553143000000000e+09	1.385309999999999955e-05	-4.212213599999999579e-03
7.419555571000000000e+09	3.298150000000000262e-05	-4.139841400000000143e-03
7.419558000000000000e+09	6.951299999999999667e-05	-4.187460599999999825e-03
7.419560429000000000e+09	6.241010000000000069e-05	-4.123902999999999944e-03
7.419562857000000000e+09	4.565520000000000293e-05	-4.144435999999999606e-03
7.419565286000000000e+09	1.089300000000000057e-05	-4.193040999999999782e-03
7.419567714000000000e+09	5.632700000000000297e-06	-4.165059399999999738e-03
7.419570143000000000e+09	4.931239999999999902e-05	-4.214762599999999707e-03
7.419572571000000000e+09	1.699379999999999982e-05	-4.196675900000000278e-03
7.419575000000000000e+09	-1.272129999999999965e-05	-4.143507999999999740e-03
7.419577429000000000e+09	2.921619999999999990e-05	-4.153685699999999648e-03
7.419579857000000000e+09	-4.791980000000000154e-05	-4.103416200000000423e-03
7.419582286000000000e+09	-7.531980000000000348e-05	-4.282737499999999739e-03
7.419584714000000000e+09	-2.115980000000000026e-05	-4.203888099999999843e-03
7.419587143000000000e+09	-2.107010000000000008e-05	-4.232995399999999950e-03
7.419589571000000000e+09	2.805940000000000108e-05	-4.165375199999999875e-03
7.419592000000000000e+09	2.543690000000000035e-05	-4.140491999999999957e-03
7.419594429000000000e+09	-2.665460000000000057e-05	-4.219943799999999710e-03
7.419596857000000000e+09	-2.820709999999999968e-05	-4.145577400000000252e-03
7.419599286000000000e+09	-4.941779999999999974e-05	-4.142316699999999859e-03
7.419601714000000000e+09	-1.021517999999999932e-04	-4.236272800000000401e-03
7.419604143000000000e+09	-4.775709999999999716e-05	-4.142292300000000212e-03
7.419606571000000000e+09	3.054010000000000259e-05	-4.201139900000000309e-03
7.419609000000000000e+09	-4.343069999999999738e-05	-4.161699900000000348e-03
7.419611429000000000e+09	-2.233470000000000149e-05	-4.120219500000000222e-03
7.419613857000000000e+09	-6.307919999999999738e-05	-4.206244500000000212e-03
7.419616286000000000e+09	-5.858649999999999888e-05	-4.210129699999999760e-03
7.419618714000000000e+09	-4.709969999999999901e-05	-4.217732699999999883e-03
7.419621143000000000e+09	-1.011261000000000007e-04	-4.161627799999999613e-03
7.419623571000000000e+09	-1.192539999999999936e-04	-4.190995000000000310e-03
7.419626000000000000e+09	-8.693860000000000140e-05	-4.160958000000000191e-03
7.419628429000000000e+09	-1.174819000000000042e-04	-4.161642999999999593e-03
7.419630857000000000e+09	-1.184128999999999992e-04	-4.142036600000000186e-03
7.419633286000000000e+09	-1.276227000000000004e-04	-4.189504299999999813e-03
7.419635714000000000e+09	-1.255525000000000011e-04	-4.171466599999999747e-03
7.419638143000000000e+09	-1.246333999999999984e-04	-4.193455599999999783e-03
7.419640571000000000e+09	-9.709949999999999419e-05	-4.175164799999999711e-03
7.419643000000000000e+09	-9.820379999999999648e-05	-4.102878600000000112e-03
7.419645429000000000e+09	-1.057050000000000052e-04	-4.121961399999999644e-03
7.419647857000000000e+09	-1.457782000000000132e-04	-4.126607400000000155e-03
7.419650286000000000e+09	-1.416536000000000086e-04	-4.143731799999999729e-03
7.419652714000000000e+09	-1.240458999999999908e-04	-4.135600399999999829e-03
7.419655143000000000e+09	-1.341527000000000073e-04	-4.146328200000000408e-03
7.419657571000000000e+09	-1.507586999999999903e-04	-4.216728500000000053e-03
7.419660000000000000e+09	-1.605191000000000061e-04	-4.161268200000000153e-03
7.419662429000000000e+09	-1.318779999999999866e-04	-4.153291100000000395e-03
7.419664857000000000e+09	-1.894187000000000030e-04	-4.211225499999999601e-03
7.419667286000000000e+09	-1.950538999999999995e-04	-4.181151999999999612e-03
7.419669714000000000e+09	-1.757867999999999887e-04	-4.151151799999999899e-03
7.419672143000000000e+09	-1.164516000000000016e-04	-4.165845599999999822e-03
7.419674571000000000e+09	-1.796039000000000034e-04	-4.130220199999999620e-03
7.419677000000000000e+09	-2.040718000000000068e-04	-4.146851200000000078e-03
7.419679429000000000e+09	-2.124593999999999940e-04	-4.175461400000000239e-03
7.419681857000000000e+09	-2.541170999999999730e-04	-4.208033899999999786e-03
7.419684286000000000e+09	-2.163978000000000104e-04	-4.166278100000000290e-03
7.419686714000000000e+09	-1.346515999999999967e-04	-4.184896900000000322e-03
7.419689143000000000e+09	-2.491638000000000013e-04	-4.143677000000000124e-03
7.419691571000000000e+09	-2.217425999999999935e-04	-4.117450800000000202e-03
7.419694000000000000e+09	-2.718463999999999863e-04	-4.163611000000000222e-03
7.419696429000000000e+09	-2.652573000000000192e-04	-4.149497299999999923e-03
7.419698857000000000e+09	-2.683081999999999937e-04	-4.179040000000000185e-03
7.419701286000000000e+09	-2.068558000000000126e-04	-4.176667600000000431e-03
7.419703714000000000e+09	-2.804090999999999984e-04	-4.131815599999999825e-03
7.419706143000000000e+09	-2.345187999999999949e-04	-4.167112100000000194e-03
7.419708571000000000e+09	-2.519461999999999765e-04	-4.125987700000000036e-03
7.419711000000000000e+09	-2.618087000000000062e-04	-4.200708000000000046e-03
7.419713429000000000e+09	-2.497782999999999731e-04	-4.154332900000000037e-03
7.419715857000000000e+09	-2.574149999999999876e-04	-4.123264399999999885e-03
7.419718286000000000e+09	-2.813440999999999750e-04	-4.214526199999999757e-03
7.419720714000000000e+09	-3.014437000000000019e-04	-4.213284299999999968e-03
7.419723143000000000e+09	-3.239585000000000121e-04	-4.148738899999999778e-03
7.419725571000000000e+09	-3.059240999999999870e-04	-4.214581400000000366e-03
7.419728000000000000e+09	-2.792329999999999877e-04	-4.176143299999999885e-03
7.419730429000000000e+09	-2.865238000000000095e-04	-4.180428400000000058e-03
7.419732857000000000e+09	-2.858946999999999921e-04	-4.161602300000000025e-03
7.419735286000000000e+09	-2.792148999999999955e-04	-4.162581999999999741e-03
7.419737714000000000e+09	-2.802982000000000195e-04	-4.106703800000000015e-03
7.419740143000000000e+09	-2.943846000000000071e-04	-4.153811099999999909e-03
7.419742571000000000e+09	-3.233468000000000193e-04	-4.135634099999999612e-03
7.419745000000000000e+09	-3.151197999999999911e-04	-4.109003400000000097e-03
7.419747429000000000e+09	-3.607767000000000114e-04	-4.176741999999999781e-03
7.419749857000000000e+09	-3.613388000000000038e-04	-4.132148700000000223e-03
7.419752286000000000e+09	-2.766816000000000175e-04	-4.166935200000000152e-03
7.419754714000000000e+09	-3.360778000000000029e-04	-4.173451499999999634e-03
7.419757143000000000e+09	-3.820062000000000154e-04	-4.197743399999999576e-03
7.419759571000000000e+09	-4.099344999999999899e-04	-4.115516199999999687e-03
7.419762000000000000e+09	-3.332066999999999755e-04	-4.170395500000000089e-03
7.419764429000000000e+09	-3.763147000000000107e-04	-4.085436399999999718e-03
7.419766857000000000e+09	-4.509754000000000258e-04	-4.184847299999999888e-03
7.419769286000000000e+09	-3.952065000000000048e-04	-4.115666700000000268e-03
7.419771714000000000e+09	-3.305302000000000088e-04	-4.174359199999999950e-03
7.419774143000000000e+09	-3.678290000000000184e-04	-4.191028700000000093e-03
7.419776571000000000e+09	-4.381100999999999984e-04	-4.252920500000000048e-03
7.419779000000000000e+09	-3.527630000000000240e-04	-4.130497799999999740e-03
7.419781429000000000e+09	-3.280743000000000244e-04	-4.202368800000000001e-03
7.419783857000000000e+09	-3.802062000000000258e-04	-4.114901199999999870e-03
7.419786286000000000e+09	-4.564772999999999943e-04	-4.186407799999999901e-03
7.419788714000000000e+09	-4.543853000000000150e-04	-4.181397300000000428e-03
7.419791143000000000e+09	-4.761769000000000114e-04	-4.121292000000000358e-03
7.419793571000000000e+09	-4.620922999999999871e-04	-4.183975199999999568e-03
7.419796000000000000e+09	-4.531962999999999964e-04	-4.190842999999999652e-03
7.419798429000000000e+09	-4.705485999999999827e-04	-4.123378500000000196e-03
7.419800857000000000e+09	-4.999526000000000013e-04	-4.134514700000000396e-03
7.419803286000000000e+09	-4.374310999999999868e-04	-4.188340199999999666e-03
7.419805714000000000e+09	-4.707824000000000210e-04	-4.193487600000000287e-03
7.419808143000000000e+09	-4.153947999999999755e-04	-4.203306000000000403e-03
7.419810571000000000e+09	-4.626356000000000196e-04	-4.136759999999999743e-03
7.419813000000000000e+09	-4.592026000000000137e-04	-4.120060000000000042e-03
7.419815429000000000e+09	-4.716465999999999779e-04	-4.206271900000000015e-03
7.419817857000000000e+09	-4.870240999999999980e-04	-4.165086600000000340e-03
7.419820286000000000e+09	-5.727336999999999879e-04	-4.174973999999999699e-03
7.419822714000000000e+09	-5.455275000000000315e-04	-4.227183699999999614e-03
7.419825143000000000e+09	-5.543837000000000027e-04	-4.188114399999999862e-03
7.419827571000000000e+09	-5.024210999999999998e-04	-4.144501499999999825e-03
7.419830000000000000e+09	-4.939366000000000373e-04	-4.126559200000000198e-03
7.419832429000000000e+09	-5.311002000000000214e-04	-4.160522100000000299e-03
7.419834857000000000e+09	-4.713338999999999767e-04	-4.133599499999999691e-03
7.419837286000000000e+09	-5.161757000000000324e-04	-4.192985500000000372e-03
7.419839714000000000e+09	-4.871726999999999850e-04	-4.205955100000000405e-03
7.419842143000000000e+09	-5.104804000000000329e-04	-4.195978999999999855e-03
7.419844571000000000e+09	-5.197488999999999798e-04	-4.167538999999999619e-03
7.419847000000000000e+09	-5.058308000000000292e-04	-4.154800499999999897e-03
7.419849429000000000e+09	-4.851556999999999940e-04	-4.098943699999999662e-03
7.419851857000000000e+09	-5.568402000000000291e-04	-4.118726399999999774e-03
7.419854286000000000e+09	-5.508403999999999514e-04	-4.168883600000000168e-03
7.419856714000000000e+09	-5.325163000000000162e-04	-4.147105199999999957e-03
7.419859143000000000e+09	-5.506852999999999705e-04	-4.103507400000000298e-03
7.419861571000000000e+09	-4.916983000000000421e-04	-4.138676800000000260e-03
7.419864000000000000e+09	-5.585231999999999654e-04	-4.147981099999999838e-03
7.419866429000000000e+09	-6.138076999999999813e-04	-4.135449400000000379e-03
7.419868857000000000e+09	-5.611352000000000007e-04	-4.053521000000000034e-03
7.419871286000000000e+09	-5.865064000000000128e-04	-4.116075200000000357e-03
7.419873714000000000e+09	-6.313112999999999538e-04	-4.131688799999999953e-03
7.419876143000000000e+09	-5.431144999999999853e-04	-4.169331099999999679e-03
7.419878571000000000e+09	-5.949545000000000311e-04	-4.194255499999999769e-03
7.419881000000000000e+09	-5.596754999999999916e-04	-4.121773399999999719e-03
7.419883429000000000e+09	-5.874619999999999669e-04	-4.120178099999999982e-03
7.419885857000000000e+09	-5.358242999999999513e-04	-4.198189700000000413e-03
7.419888286000000000e+09	-6.786623000000000091e-04	-4.116681199999999707e-03
7.419890714000000000e+09	-6.378904000000000345e-04	-4.162162999999999974e-03
7.419893143000000000e+09	-6.378618000000000395e-04	-4.097288200000000213e-03
7.419895571000000000e+09	-5.752808000000000097e-04	-4.092692799999999610e-03
7.419898000000000000e+09	-6.303166000000000021e-04	-4.150834299999999616e-03
7.419900429000000000e+09	-6.985077999999999600e-04	-4.185462000000000037e-03
7.419902857000000000e+09	-6.773270000000000289e-04	-4.108168199999999784e-03
7.419905286000000000e+09	-6.016730999999999772e-04	-4.176635500000000327e-03
7.419907714000000000e+09	-6.355440999999999651e-04	-4.149580600000000140e-03
7.419910143000000000e+09	-7.528342000000000367e-04	-4.124961600000000110e-03
7.419912571000000000e+09	-6.447106999999999664e-04	-4.151190299999999583e-03
7.419915000000000000e+09	-6.590542000000000232e-04	-4.131788200000000022e-03
7.419917429000000000e+09	-6.333581999999999494e-04	-4.134872599999999711e-03
7.419919857000000000e+09	-6.541678999999999680e-04	-4.119373699999999763e-03
7.419922286000000000e+09	-6.862752999999999649e-04	-4.068644399999999869e-03
7.419924714000000000e+09	-6.828630999999999503e-04	-4.125893000000000269e-03
7.419927143000000000e+09	-7.597667999999999913e-04	-4.084815799999999726e-03
7.419929571000000000e+09	-6.705809000000000292e-04	-4.090105000000000129e-03
7.419932000000000000e+09	-7.104572000000000187e-04	-4.085710099999999810e-03
7.419934429000000000e+09	-6.580524000000000356e-04	-4.031636299999999569e-03
7.419936857000000000e+09	-6.593258000000000495e-04	-4.070938700000000313e-03
7.419939286000000000e+09	-7.108725000000000417e-04	-4.072547200000000214e-03
7.419941714000000000e+09	-6.744630000000000373e-04	-4.134671000000000353e-03
7.419944143000000000e+09	-7.028668999999999976e-04	-4.119548899999999660e-03
7.419946571000000000e+09	-7.449054000000000526e-04	-4.109744099999999845e-03
7.419949000000000000e+09	-7.364957000000000101e-04	-4.125716300000000294e-03
7.419951429000000000e+09	-8.250675000000000283e-04	-4.162299799999999786e-03
7.419953857000000000e+09	-7.068169999999999922e-04	-4.144323699999999909e-03
7.419956286000000000e+09	-6.875882000000000044e-04	-4.116618499999999577e-03
7.419958714000000000e+09	-7.433221999999999963e-04	-4.078199799999999639e-03
7.419961143000000000e+09	-7.392390999999999676e-04	-4.050796500000000341e-03
7.419963571000000000e+09	-7.361231000000000198e-04	-4.094677300000000228e-03
7.419966000000000000e+09	-7.358990999999999623e-04	-4.110494400000000263e-03
7.419968429000000000e+09	-7.421956999999999860e-04	-4.124538700000000314e-03
7.419970857000000000e+09	-7.904258999999999634e-04	-4.132834200000000228e-03
7.419973286000000000e+09	-7.490490000000000039e-04	-4.070701500000000091e-03
7.419975714000000000e+09	-7.010836000000000108e-04	-4.160557500000000228e-03
7.419978143000000000e+09	-7.991672000000000012e-04	-4.091973300000000154e-03
7.419980571000000000e+09	-7.891610000000000291e-04	-4.181544500000000317e-03
7.419983000000000000e+09	-7.326887999999999500e-04	-4.094032699999999858e-03
7.419985429000000000e+09	-8.100072999999999518e-04	-4.116747999999999935e-03
7.419987857000000000e+09	-8.136439999999999775e-04	-4.109084300000000363e-03
7.419990286000000000e+09	-8.165375999999999797e-04	-4.129731900000000074e-03
7.419992714000000000e+09	-8.016297000000000136e-04	-4.129002399999999809e-03
7.419995143000000000e+09	-7.958438000000000187e-04	-4.088596899999999770e-03
7.419997571000000000e+09	-8.149369000000000274e-04	-4.104867899999999764e-03
7.420000000000000000e+09	-8.884411000000000478e-04	-4.067221299999999873e-03
