7.403000000000000000e+09	4.630447000000000209e-03	-8.499556700000000797e-03
7.403002125000000000e+09	1.080081099999999914e-03	-1.062522100000000023e-03
7.403004250000000000e+09	1.020177589999999961e-02	-5.906870399999999965e-03
7.403006375000000000e+09	6.328483000000000198e-03	-2.582114800000000210e-03
7.403008500000000000e+09	6.626279100000000144e-03	-3.164787000000000069e-03
7.403010625000000000e+09	8.748055700000000046e-03	-8.617106000000000028e-04
7.403012750000000000e+09	6.306809299999999695e-03	-3.289048399999999848e-03
7.403014875000000000e+09	5.224380500000000427e-03	-4.811262999999999651e-03
7.403017000000000000e+09	7.291729900000000139e-03	-3.253491199999999917e-03
7.403019125000000000e+09	5.225219500000000301e-03	-2.982174000000000196e-03
7.403021250000000000e+09	4.359683000000000048e-04	-1.666286799999999952e-03
7.403023375000000000e+09	1.901750100000000046e-03	1.359744100000000004e-03
7.403025500000000000e+09	1.050767439999999997e-02	-1.487610899999999977e-03
7.403027625000000000e+09	5.896022199999999963e-03	-3.549538999999999993e-03
7.403029750000000000e+09	5.370645000000000280e-03	-2.219778300000000044e-03
7.403031875000000000e+09	4.225438500000000368e-03	-2.690490700000000047e-03
7.403034000000000000e+09	6.445993599999999893e-03	-7.283800400000000133e-03
7.403036125000000000e+09	5.074202899999999752e-03	-1.773584799999999980e-03
7.403038250000000000e+09	6.807923900000000320e-03	-2.073993499999999841e-03
7.403040375000000000e+09	7.267638000000000093e-04	-2.793905299999999842e-03
7.403042500000000000e+09	4.939190300000000089e-03	-1.933069200000000001e-03
7.403044625000000000e+09	6.153078499999999930e-03	-3.577982000000000059e-04
7.403046750000000000e+09	7.527617000000000336e-03	-1.028890800000000025e-03
7.403048875000000000e+09	9.168100300000000744e-03	-1.831474299999999921e-03
7.403051000000000000e+09	2.956195899999999877e-03	-4.691112600000000091e-03
7.403053125000000000e+09	1.162673399999999968e-02	-3.330315800000000197e-03
7.403055250000000000e+09	3.572116699999999985e-03	-2.485734000000000077e-04
7.403057375000000000e+09	8.826403599999999364e-03	-2.051366399999999916e-03
7.403059500000000000e+09	4.256158700000000142e-03	2.030526300000000048e-03
7.403061625000000000e+09	5.885142700000000129e-03	-4.262862099999999675e-03
7.403063750000000000e+09	2.874392600000000124e-03	-3.779717200000000214e-03
7.403065875000000000e+09	5.523112000000000160e-03	-5.813144200000000192e-03
7.403068000000000000e+09	2.638173100000000201e-03	-1.182913000000000036e-04
7.403070125000000000e+09	9.404240799999999748e-03	2.544199999999999934e-04
7.403072250000000000e+09	4.480713400000000020e-03	-3.493824500000000145e-03
7.403074375000000000e+09	3.347199899999999794e-03	-1.009459860000000084e-02
7.403076500000000000e+09	8.822911299999999790e-03	-6.478909500000000314e-03
7.403078625000000000e+09	5.884130399999999705e-03	-5.939525000000000186e-03
7.403080750000000000e+09	5.179270500000000312e-03	-1.359320999999999923e-03
7.403082875000000000e+09	9.230760399999999449e-03	-2.094210799999999834e-03
7.403085000000000000e+09	6.679339000000000283e-03	5.763663999999999506e-04
7.403087125000000000e+09	2.974593700000000007e-03	-2.262831700000000109e-03
7.403089250000000000e+09	6.253097899999999869e-03	-4.804623000000000162e-04
7.403091375000000000e+09	5.259772499999999969e-03	-6.514935000000000127e-04
7.403093500000000000e+09	7.963075899999999888e-03	-4.549769599999999720e-03
7.403095625000000000e+09	9.687390699999999522e-03	-4.773122399999999571e-03
7.403097750000000000e+09	5.467918000000000431e-03	-3.089698100000000131e-03
7.403099875000000000e+09	4.865959999999999903e-03	9.189019999999999784e-04
7.403102000000000000e+09	4.205676200000000274e-03	-2.284496799999999848e-03
7.403104125000000000e+09	1.106404710000000007e-02	-8.869481999999999930e-04
7.403106250000000000e+09	7.415197400000000244e-03	-3.763865700000000158e-03
7.403108375000000000e+09	6.720871199999999858e-03	-1.302753499999999981e-03
7.403110500000000000e+09	9.372928200000000057e-03	-3.312063100000000107e-03
7.403112625000000000e+09	5.112452400000000105e-03	2.223555900000000196e-03
7.403114750000000000e+09	5.841136200000000313e-03	-1.831618999999999988e-04
7.403116875000000000e+09	6.698609700000000139e-03	-2.638106800000000144e-03
7.403119000000000000e+09	7.947603100000000600e-03	-3.572385400000000107e-03
7.403121125000000000e+09	5.468927600000000368e-03	-1.283680200000000002e-03
7.403123250000000000e+09	3.301540600000000148e-03	-3.985047400000000378e-03
7.403125375000000000e+09	3.341771999999999798e-03	-3.720205400000000003e-03
7.403127500000000000e+09	5.302454800000000121e-03	-4.823799499999999879e-03
7.403129625000000000e+09	5.506178100000000061e-03	-2.963176899999999964e-03
7.403131750000000000e+09	9.624545599999999312e-03	-4.540309400000000321e-03
7.403133875000000000e+09	5.354912600000000071e-03	-1.175712599999999969e-03
7.403136000000000000e+09	3.612149600000000033e-03	-1.750046400000000030e-03
7.403138125000000000e+09	6.906947499999999823e-03	-8.611563600000000235e-03
7.403140250000000000e+09	6.815229899999999778e-03	-1.557959999999999944e-03
7.403142375000000000e+09	3.704161899999999959e-03	-2.544324100000000186e-03
7.403144500000000000e+09	5.322665899999999735e-03	-3.407336799999999798e-03
7.403146625000000000e+09	5.593892599999999819e-03	-6.195939900000000007e-03
7.403148750000000000e+09	5.098113700000000276e-03	-4.488705400000000088e-03
7.403150875000000000e+09	8.161296099999999776e-03	-5.561850999999999601e-03
7.403153000000000000e+09	8.258357799999999430e-03	-7.218298199999999797e-03
7.403155125000000000e+09	2.296802000000000132e-03	-4.074672199999999737e-03
7.403157250000000000e+09	8.919938800000000792e-03	-2.199178400000000120e-03
7.403159375000000000e+09	1.867160299999999972e-03	-3.090961100000000177e-03
7.403161500000000000e+09	7.051252499999999777e-03	-3.698196300000000051e-03
7.403163625000000000e+09	7.013684400000000201e-03	-3.270079099999999989e-03
7.403165750000000000e+09	8.602419800000000311e-03	-5.806529399999999647e-03
7.403167875000000000e+09	1.707471999999999972e-04	-4.489214499999999788e-03
7.403170000000000000e+09	7.809569799999999985e-03	-2.840008900000000076e-03
7.403172125000000000e+09	6.629362199999999823e-03	-1.425985000000000056e-03
7.403174250000000000e+09	6.551172499999999808e-03	-3.466989699999999987e-03
7.403176375000000000e+09	7.060081099999999769e-03	-3.534723300000000134e-03
7.403178500000000000e+09	8.224218900000000027e-03	-1.105533099999999940e-03
7.403180625000000000e+09	7.461357400000000195e-03	-2.047449399999999933e-03
7.403182750000000000e+09	6.344436000000000173e-03	8.695575000000000309e-04
7.403184875000000000e+09	7.157642399999999787e-03	-5.054421400000000050e-03
7.403187000000000000e+09	8.035264599999999632e-03	-3.309141199999999887e-03
7.403189125000000000e+09	7.034312899999999903e-03	-5.943700100000000146e-03
7.403191250000000000e+09	2.991215599999999964e-03	-4.870949200000000354e-03
7.403193375000000000e+09	9.345565800000000395e-03	-7.120924999999999521e-04
7.403195500000000000e+09	5.826682100000000163e-03	-3.979919000000000165e-03
7.403197625000000000e+09	1.588683600000000010e-03	-5.497550200000000421e-03
7.403199750000000000e+09	5.196817099999999877e-03	1.052201800000000060e-03
7.403201875000000000e+09	-2.988523999999999781e-04	-4.344345999999999798e-03
7.403204000000000000e+09	8.636804399999999798e-03	-3.413550300000000107e-03
7.403206125000000000e+09	6.024638100000000163e-03	-3.705875899999999841e-03
7.403208250000000000e+09	6.821700099999999586e-03	-4.937739299999999686e-03
7.403210375000000000e+09	7.042841099999999806e-03	-5.811992299999999868e-03
7.403212500000000000e+09	4.798035400000000110e-03	-3.121104899999999852e-03
7.403214625000000000e+09	4.949923499999999907e-03	-3.252413500000000176e-03
7.403216750000000000e+09	9.822035000000000227e-04	-7.911430000000000112e-04
7.403218875000000000e+09	7.423623399999999990e-03	-4.858603599999999738e-03
7.403221000000000000e+09	3.270175299999999834e-03	-3.885930999999999912e-04
7.403223125000000000e+09	7.527168199999999948e-03	-5.644266700000000019e-03
7.403225250000000000e+09	4.921057500000000119e-03	-2.066968499999999927e-03
7.403227375000000000e+09	8.036844899999999459e-03	-5.560689100000000204e-03
7.403229500000000000e+09	4.855661499999999568e-03	8.874984999999999732e-04
7.403231625000000000e+09	4.992112499999999675e-03	-2.373015300000000122e-03
7.403233750000000000e+09	4.319634999999999621e-03	-4.976486599999999788e-03
7.403235875000000000e+09	2.869574499999999907e-03	-1.928524499999999990e-03
7.403238000000000000e+09	3.513556599999999915e-03	-2.430949600000000162e-03
7.403240125000000000e+09	8.653681400000000010e-03	-5.117884799999999901e-03
7.403242250000000000e+09	-3.948177000000000197e-04	-2.437445099999999924e-03
7.403244375000000000e+09	2.871809999999999814e-03	2.643146000000000189e-04
7.403246500000000000e+09	9.516502600000000672e-03	-5.663803400000000376e-03
7.403248625000000000e+09	2.865949200000000082e-03	-1.502342600000000031e-03
7.403250750000000000e+09	8.090107399999999296e-03	-5.510156199999999629e-03
7.403252875000000000e+09	-2.538354300000000147e-03	2.053568999999999989e-04
7.403255000000000000e+09	6.666659299999999795e-03	-3.661793500000000163e-03
7.403257125000000000e+09	8.148828999999999795e-03	-4.922372700000000184e-03
7.403259250000000000e+09	4.041478299999999926e-03	-2.144013100000000203e-03
7.403261375000000000e+09	7.040180800000000322e-03	-5.622157400000000159e-03
7.403263500000000000e+09	6.001398500000000406e-03	-7.778841800000000153e-03
7.403265625000000000e+09	7.738024900000000338e-03	-1.964423199999999932e-03
7.403267750000000000e+09	6.708722000000000296e-03	-4.777168200000000108e-03
7.403269875000000000e+09	6.202759300000000066e-03	-3.062338400000000089e-03
7.403272000000000000e+09	4.985100499999999858e-03	-2.477576600000000202e-03
7.403274125000000000e+09	4.664019200000000219e-03	-4.531947500000000316e-03
7.403276250000000000e+09	4.634537799999999610e-03	9.153332000000000135e-04
7.403278375000000000e+09	3.608324300000000096e-03	-1.170501700000000029e-03
7.403280500000000000e+09	5.108122399999999799e-03	-4.817505100000000172e-03
7.403282625000000000e+09	1.449881509999999957e-02	-1.835849799999999914e-03
7.403284750000000000e+09	2.873498500000000108e-03	-5.035146899999999766e-03
7.403286875000000000e+09	4.177782700000000349e-03	-5.187353900000000323e-03
7.403289000000000000e+09	2.484832299999999855e-03	2.147587299999999949e-03
7.403291125000000000e+09	4.920505099999999965e-03	-1.773152899999999935e-03
7.403293250000000000e+09	6.912287700000000271e-03	-9.127802999999999655e-04
7.403295375000000000e+09	5.345788599999999960e-03	-2.302802200000000129e-03
7.403297500000000000e+09	9.531441499999999609e-03	-4.806149200000000080e-03
7.403299625000000000e+09	5.952421200000000343e-03	-8.066935100000000372e-03
7.403301750000000000e+09	2.932321500000000056e-03	1.705776100000000028e-03
7.403303875000000000e+09	8.156577899999999798e-03	-4.902526800000000205e-03
7.403306000000000000e+09	5.831934000000000423e-03	-2.964458499999999847e-03
7.403308125000000000e+09	6.444659499999999888e-03	-1.835457100000000008e-03
7.403310250000000000e+09	6.502857199999999976e-03	-1.080714800000000036e-03
7.403312375000000000e+09	7.331762399999999617e-03	9.923761999999999601e-04
7.403314500000000000e+09	7.818864099999999623e-03	-4.557892299999999688e-03
7.403316625000000000e+09	5.773119499999999904e-03	-2.062300799999999823e-03
7.403318750000000000e+09	8.180848000000000113e-04	-3.987696399999999912e-03
7.403320875000000000e+09	8.954956400000000163e-03	-4.806969700000000151e-03
7.403323000000000000e+09	6.890576500000000423e-03	-8.087719700000000830e-03
7.403325125000000000e+09	6.470403199999999640e-03	-3.079720599999999971e-03
7.403327250000000000e+09	7.125995799999999825e-03	-7.886449000000000020e-04
7.403329375000000000e+09	4.423398299999999929e-03	-4.037423499999999790e-03
7.403331500000000000e+09	-2.999730000000000162e-05	-7.946962499999999860e-03
7.403333625000000000e+09	3.598707799999999873e-03	-8.354145400000000457e-03
7.403335750000000000e+09	7.040386899999999913e-03	-1.737347599999999968e-03
7.403337875000000000e+09	1.436481299999999971e-03	-4.613189799999999584e-03
7.403340000000000000e+09	4.117711599999999798e-03	-6.438687400000000366e-03
7.403342125000000000e+09	2.240986600000000138e-03	-4.738599599999999794e-03
7.403344250000000000e+09	2.764821800000000045e-03	-5.244651900000000221e-03
7.403346375000000000e+09	4.045724100000000142e-03	-6.225407100000000110e-03
7.403348500000000000e+09	7.579044299999999727e-03	-2.835861700000000089e-03
7.403350625000000000e+09	3.395967699999999975e-03	3.535044099999999807e-03
7.403352750000000000e+09	5.025849199999999836e-03	-6.178796000000000288e-03
7.403354875000000000e+09	-4.793272999999999805e-04	-9.410825999999999740e-04
7.403357000000000000e+09	8.067427699999999216e-03	-1.165813699999999941e-03
7.403359125000000000e+09	3.963816299999999883e-03	-4.465197399999999879e-03
7.403361250000000000e+09	7.631972499999999625e-03	-3.683317299999999857e-03
7.403363375000000000e+09	3.427288899999999996e-03	-4.830495700000000427e-03
7.403365500000000000e+09	9.098981900000000650e-03	-3.947727499999999570e-03
7.403367625000000000e+09	8.946209300000000642e-03	-3.759830899999999903e-03
7.403369750000000000e+09	4.709981700000000042e-03	-3.763592300000000168e-03
7.403371875000000000e+09	6.819157499999999907e-03	-7.743100699999999961e-03
7.403374000000000000e+09	3.429505099999999827e-03	8.355616999999999862e-04
7.403376125000000000e+09	3.246939000000000118e-04	-1.804600300000000056e-03
7.403378250000000000e+09	4.295023000000000243e-03	-4.818169800000000023e-03
7.403380375000000000e+09	3.679537499999999822e-03	-5.717538900000000181e-03
7.403382500000000000e+09	6.875367099999999884e-03	-5.149309900000000224e-03
7.403384625000000000e+09	4.914634499999999927e-03	-5.545966200000000332e-03
7.403386750000000000e+09	5.392947799999999771e-03	-1.906350100000000049e-03
7.403388875000000000e+09	2.213349299999999974e-03	-4.689116499999999854e-03
7.403391000000000000e+09	9.496427300000000529e-03	-9.219646999999999652e-04
7.403393125000000000e+09	6.059113399999999788e-03	-2.438179099999999988e-03
7.403395250000000000e+09	6.137934299999999940e-03	-5.696022499999999975e-03
7.403397375000000000e+09	5.013263599999999778e-03	-4.024710000000000028e-04
7.403399500000000000e+09	2.053446000000000058e-04	-5.164928499999999791e-03
7.403401625000000000e+09	7.626015400000000014e-03	-4.001476999999999812e-03
7.403403750000000000e+09	7.317055000000000260e-03	-6.552295799999999920e-03
7.403405875000000000e+09	1.005920530000000042e-02	-7.218863199999999911e-03
7.403408000000000000e+09	7.973947000000000326e-03	-3.052056799999999879e-03
7.403410125000000000e+09	5.633344400000000335e-03	-9.602435100000000778e-03
7.403412250000000000e+09	5.530371000000000072e-03	-4.022791700000000192e-03
7.403414375000000000e+09	3.856279700000000022e-03	-5.223538699999999597e-03
7.403416500000000000e+09	7.149641400000000119e-03	-2.776557299999999912e-03
7.403418625000000000e+09	3.131302900000000177e-03	-6.449605199999999816e-03
7.403420750000000000e+09	6.342403299999999598e-03	-1.090979599999999938e-03
7.403422875000000000e+09	6.895063100000000354e-03	-2.496643099999999813e-03
7.403425000000000000e+09	3.900970399999999835e-03	9.201679999999999625e-05
7.403427125000000000e+09	1.651712100000000093e-03	-4.289581699999999581e-03
7.403429250000000000e+09	6.789982100000000430e-03	-9.688089999999999462e-04
7.403431375000000000e+09	6.682969799999999815e-03	-2.647616000000000205e-03
7.403433500000000000e+09	5.792936599999999603e-03	-5.274705400000000328e-03
7.403435625000000000e+09	3.957539399999999638e-03	-2.191623000000000074e-04
7.403437750000000000e+09	3.656854900000000054e-03	-2.159457699999999848e-03
7.403439875000000000e+09	4.831779599999999793e-03	3.565772000000000256e-04
7.403442000000000000e+09	4.734160000000000278e-03	-2.735739100000000087e-03
7.403444125000000000e+09	7.093575900000000274e-03	-3.848588799999999848e-03
7.403446250000000000e+09	3.484111299999999908e-03	-6.899937400000000221e-03
7.403448375000000000e+09	3.332233100000000017e-03	-4.596408700000000416e-03
7.403450500000000000e+09	3.777488399999999989e-03	-2.612009099999999806e-03
7.403452625000000000e+09	2.451637300000000103e-03	-1.183259000000000090e-03
7.403454750000000000e+09	6.015370899999999792e-03	1.621226599999999905e-03
7.403456875000000000e+09	7.596984499999999939e-03	-6.751304999999999980e-03
7.403459000000000000e+09	8.633774000000000526e-04	-7.055877799999999735e-03
7.403461125000000000e+09	9.604831100000000774e-03	-2.574030799999999994e-03
7.403463250000000000e+09	6.394481999999999944e-03	-2.804133900000000193e-03
7.403465375000000000e+09	4.965654600000000106e-03	-2.530902299999999907e-03
7.403467500000000000e+09	9.253050400000000647e-03	-6.122821500000000250e-03
7.403469625000000000e+09	2.297530199999999953e-03	-1.203380399999999907e-03
7.403471750000000000e+09	1.018183219999999924e-02	-1.651351099999999938e-03
7.403473875000000000e+09	4.447873899999999631e-03	-2.313028799999999798e-03
7.403476000000000000e+09	7.540281000000000240e-03	-4.246027399999999577e-03
7.403478125000000000e+09	7.096039000000000166e-03	-4.115388999999999679e-03
7.403480250000000000e+09	2.796147100000000163e-03	-7.151845999999999898e-03
7.403482375000000000e+09	5.048810400000000066e-03	-5.329054500000000340e-03
7.403484500000000000e+09	9.641573800000000777e-03	-7.456232400000000274e-03
7.403486625000000000e+09	1.766060000000000069e-03	-7.181843000000000254e-03
7.403488750000000000e+09	6.096784899999999931e-03	-1.229293999999999916e-03
7.403490875000000000e+09	9.787865999999999234e-03	-8.027011199999999763e-03
7.403493000000000000e+09	3.727417700000000035e-03	-2.123238999999999856e-03
7.403495125000000000e+09	1.763893099999999919e-03	-4.615315099999999643e-03
7.403497250000000000e+09	4.852012999999999856e-04	6.853859000000000340e-04
7.403499375000000000e+09	5.059478800000000338e-03	-3.446728599999999802e-03
7.403501500000000000e+09	1.100706270000000042e-02	8.393956999999999634e-04
7.403503625000000000e+09	3.611085999999999897e-03	-4.631573699999999745e-03
7.403505750000000000e+09	1.021467289999999917e-02	-3.089969999999999826e-04
7.403507875000000000e+09	4.299701700000000196e-03	-2.022647600000000018e-03
7.403510000000000000e+09	2.185086200000000214e-03	-6.319148299999999795e-03
7.403512125000000000e+09	6.418660999999999985e-03	-3.222934099999999816e-03
7.403514250000000000e+09	8.235287399999999258e-03	1.034991099999999897e-03
7.403516375000000000e+09	5.658479899999999986e-03	-3.936607299999999622e-03
7.403518500000000000e+09	3.380241799999999814e-03	-4.783936400000000054e-03
7.403520625000000000e+09	1.182258100000000084e-03	-3.903255600000000210e-03
7.403522750000000000e+09	6.589125500000000100e-03	-4.802940000000000334e-03
7.403524875000000000e+09	7.740446599999999990e-03	-4.428982199999999779e-03
7.403527000000000000e+09	9.824191100000000815e-03	-3.956715300000000074e-03
7.403529125000000000e+09	1.011283590000000045e-02	-7.630714400000000383e-03
7.403531250000000000e+09	4.987131799999999955e-03	-2.520052200000000124e-03
7.403533375000000000e+09	3.102284700000000096e-03	-1.770627400000000014e-03
7.403535500000000000e+09	4.311740100000000138e-03	-5.348770699999999892e-03
7.403537625000000000e+09	6.096565699999999775e-03	-7.701907600000000229e-03
7.403539750000000000e+09	4.802395699999999906e-03	-5.009616899999999595e-03
7.403541875000000000e+09	5.274607100000000201e-03	-3.594953699999999929e-03
7.403544000000000000e+09	5.582721199999999759e-03	-8.013155100000000572e-03
7.403546125000000000e+09	4.384424999999999954e-04	-5.281829400000000174e-03
7.403548250000000000e+09	2.903468399999999897e-03	-2.618226200000000042e-03
7.403550375000000000e+09	4.175221399999999930e-03	-9.188466600000000373e-03
7.403552500000000000e+09	4.700504799999999719e-03	-4.672144999999999944e-03
7.403554625000000000e+09	6.805129400000000175e-03	-4.202722699999999686e-03
7.403556750000000000e+09	1.898955699999999936e-03	-2.520371200000000051e-03
7.403558875000000000e+09	2.987767699999999919e-03	-2.774020500000000042e-03
7.403561000000000000e+09	4.158274800000000271e-03	-4.039328000000000016e-03
7.403563125000000000e+09	7.448597799999999783e-03	-3.438433900000000161e-03
7.403565250000000000e+09	5.079252000000000246e-03	-9.533706999999999555e-04
7.403567375000000000e+09	7.505981099999999712e-03	-2.624344299999999911e-03
7.403569500000000000e+09	7.809457199999999752e-03	-4.313187799999999850e-03
7.403571625000000000e+09	3.264420399999999785e-03	-4.121691099999999844e-03
7.403573750000000000e+09	5.127774400000000010e-03	-3.473112300000000090e-03
7.403575875000000000e+09	2.786877100000000138e-03	-1.718679899999999957e-03
7.403578000000000000e+09	3.568061400000000112e-03	-1.701478599999999963e-03
7.403580125000000000e+09	1.120263630000000073e-02	-3.929837700000000066e-03
7.403582250000000000e+09	6.111547000000000160e-03	-5.384084899999999792e-03
7.403584375000000000e+09	3.803895199999999914e-03	-5.948755200000000083e-03
7.403586500000000000e+09	5.818267599999999568e-03	-7.568381699999999698e-03
7.403588625000000000e+09	8.705020200000000014e-03	-7.713798200000000077e-03
7.403590750000000000e+09	5.145260599999999795e-03	-3.273264299999999790e-03
7.403592875000000000e+09	6.176844800000000184e-03	-3.035292199999999833e-03
7.403595000000000000e+09	4.860372899999999829e-03	-2.503405000000000213e-03
7.403597125000000000e+09	2.270254000000000195e-03	-1.463261800000000045e-03
7.403599250000000000e+09	3.577617700000000189e-03	-3.333181599999999935e-03
7.403601375000000000e+09	5.517515599999999951e-03	-3.006260000000000182e-03
7.403603500000000000e+09	3.974128999999999856e-03	-4.198612099999999604e-03
7.403605625000000000e+09	7.818960899999999672e-03	-6.043255099999999581e-03
7.403607750000000000e+09	7.014481200000000430e-03	-5.379621900000000102e-03
7.403609875000000000e+09	6.369670800000000292e-03	-4.895369400000000246e-03
7.403612000000000000e+09	3.898926899999999914e-03	-2.244533799999999784e-03
7.403614125000000000e+09	6.162590199999999976e-03	-1.064583700000000044e-03
7.403616250000000000e+09	7.001338699999999984e-03	-6.340858500000000168e-03
7.403618375000000000e+09	4.945215700000000006e-03	-4.010399300000000097e-03
7.403620500000000000e+09	2.723106400000000014e-03	-3.720651000000000166e-03
7.403622625000000000e+09	3.897895800000000018e-03	-2.671582200000000105e-03
7.403624750000000000e+09	4.360719400000000016e-03	-4.335613099999999914e-03
7.403626875000000000e+09	2.908107300000000155e-03	-4.382579999999999636e-03
7.403629000000000000e+09	-5.966100000000000222e-04	-5.610235999999999999e-04
7.403631125000000000e+09	6.548227200000000282e-03	-3.341050999999999938e-04
7.403633250000000000e+09	-1.154725999999999962e-04	-4.093539200000000274e-03
7.403635375000000000e+09	3.421692300000000152e-03	-3.994731900000000370e-03
7.403637500000000000e+09	4.896335199999999992e-03	-3.801424900000000169e-03
7.403639625000000000e+09	6.932697699999999623e-03	-4.454581600000000197e-03
7.403641750000000000e+09	3.217840100000000057e-03	-7.860277500000000320e-03
7.403643875000000000e+09	6.129734500000000134e-03	-4.295415200000000412e-03
7.403646000000000000e+09	7.396642400000000284e-03	-2.923129699999999810e-03
7.403648125000000000e+09	1.254327900000000049e-03	-3.764940200000000108e-03
7.403650250000000000e+09	4.173864499999999957e-03	-6.592429999999999493e-05
7.403652375000000000e+09	-1.201228999999999947e-04	-3.571969199999999994e-03
7.403654500000000000e+09	5.453371700000000065e-03	-1.433443200000000025e-03
7.403656625000000000e+09	4.649361099999999893e-03	-6.244208600000000428e-03
7.403658750000000000e+09	6.105706399999999943e-03	-5.039578799999999692e-03
7.403660875000000000e+09	9.043346199999999918e-03	-7.888233200000000639e-03
7.403663000000000000e+09	1.304580600000000050e-03	-4.143633400000000001e-03
7.403665125000000000e+09	1.744847799999999947e-03	-2.610879300000000080e-03
7.403667250000000000e+09	6.453624199999999887e-03	-4.121273200000000018e-03
7.403669375000000000e+09	4.255496299999999774e-03	-5.135427500000000305e-03
7.403671500000000000e+09	3.826135799999999879e-03	-5.256615800000000345e-03
7.403673625000000000e+09	1.144122940000000081e-02	-1.707452799999999984e-03
7.403675750000000000e+09	3.408515100000000016e-03	-2.140974500000000086e-03
7.403677875000000000e+09	4.419898599999999567e-03	-2.120078999999999866e-04
7.403680000000000000e+09	1.560558000000000084e-03	-6.630694700000000150e-03
7.403682125000000000e+09	4.119395799999999927e-03	-3.546758699999999920e-03
7.403684250000000000e+09	7.225672500000000428e-03	-8.247605200000000802e-03
7.403686375000000000e+09	4.328321599999999762e-03	-2.213167900000000132e-03
7.403688500000000000e+09	3.418404199999999955e-03	-5.959495300000000086e-03
7.403690625000000000e+09	4.894382499999999810e-03	-5.037564300000000120e-03
7.403692750000000000e+09	5.018769099999999782e-03	-9.923066999999998958e-04
7.403694875000000000e+09	6.790160299999999614e-03	-1.060542499999999992e-03
7.403697000000000000e+09	2.715713600000000012e-03	-4.332367999999999636e-03
7.403699125000000000e+09	3.998129900000000313e-03	-7.771742899999999760e-03
7.403701250000000000e+09	5.225070600000000266e-03	-6.966264100000000258e-03
7.403703375000000000e+09	4.979880300000000433e-03	-1.382640500000000038e-03
7.403705500000000000e+09	7.697216899999999654e-03	-2.476567299999999933e-03
7.403707625000000000e+09	2.659996799999999814e-03	-5.952442599999999834e-03
7.403709750000000000e+09	2.255169799999999850e-03	-5.202328600000000192e-03
7.403711875000000000e+09	4.108368799999999668e-03	-5.418085000000000219e-04
7.403714000000000000e+09	1.340584900000000006e-03	-2.955394499999999813e-03
7.403716125000000000e+09	4.048599400000000084e-03	-8.426867799999999617e-03
7.403718250000000000e+09	6.499771100000000142e-03	-6.666325699999999660e-03
7.403720375000000000e+09	3.261155200000000025e-03	-1.734919500000000085e-03
7.403722500000000000e+09	2.145939999999999827e-03	-8.338393899999999373e-03
7.403724625000000000e+09	9.126499799999999996e-03	-7.938914499999999777e-03
7.403726750000000000e+09	2.528554499999999868e-03	-7.260081300000000362e-03
7.403728875000000000e+09	4.765906099999999909e-03	-2.996386099999999789e-03
7.403731000000000000e+09	4.943031900000000381e-03	-4.151900699999999840e-03
7.403733125000000000e+09	1.787743299999999943e-03	-2.733190600000000130e-03
7.403735250000000000e+09	3.774242900000000008e-03	-4.851442499999999818e-03
7.403737375000000000e+09	5.547159000000000291e-03	-3.875030099999999828e-03
7.403739500000000000e+09	2.466655900000000196e-03	-2.594571999999999851e-03
7.403741625000000000e+09	2.468052699999999898e-03	-7.319029200000000401e-03
7.403743750000000000e+09	7.783863000000000240e-03	-5.102478899999999574e-03
7.403745875000000000e+09	4.657795799999999570e-03	-5.127847500000000218e-03
7.403748000000000000e+09	6.840691000000000306e-03	-6.697817400000000143e-03
7.403750125000000000e+09	4.681074700000000151e-03	-4.446740700000000046e-03
7.403752250000000000e+09	4.579283600000000169e-03	-6.342731800000000163e-03
7.403754375000000000e+09	9.374118400000000864e-03	-5.197595799999999572e-03
7.403756500000000000e+09	1.833542399999999991e-03	-7.787901899999999725e-03
7.403758625000000000e+09	6.100775899999999995e-03	-1.106918099999999955e-03
7.403760750000000000e+09	2.803210200000000058e-03	-3.112680200000000116e-03
7.403762875000000000e+09	5.367137099999999723e-03	-8.163149899999999626e-03
7.403765000000000000e+09	5.153891100000000322e-03	-2.012184599999999966e-03
7.403767125000000000e+09	9.347378400000000073e-03	-8.140397400000000741e-03
7.403769250000000000e+09	3.877084099999999860e-03	-1.699018299999999941e-03
7.403771375000000000e+09	1.483473900000000000e-03	-4.988306199999999711e-03
7.403773500000000000e+09	4.518774199999999776e-03	-4.896546899999999758e-03
7.403775625000000000e+09	-1.644970099999999973e-03	-2.737323700000000078e-03
7.403777750000000000e+09	3.675845799999999906e-03	-6.761906500000000424e-03
7.403779875000000000e+09	8.182879400000000678e-03	-4.926640599999999696e-03
7.403782000000000000e+09	9.623649499999999482e-03	5.823704999999999767e-04
7.403784125000000000e+09	1.576580900000000042e-03	-3.417008100000000059e-03
7.403786250000000000e+09	5.044836100000000059e-03	-3.525224500000000150e-03
7.403788375000000000e+09	4.364101199999999639e-03	-2.961430100000000173e-03
7.403790500000000000e+09	7.476387999999999610e-03	-4.169357299999999940e-03
7.403792625000000000e+09	4.117931099999999622e-03	-1.847308700000000001e-03
7.403794750000000000e+09	2.986268900000000129e-03	-3.563341900000000124e-03
7.403796875000000000e+09	7.002172400000000220e-03	-3.699385800000000186e-03
7.403799000000000000e+09	3.269721900000000046e-03	-4.500057600000000220e-03
7.403801125000000000e+09	3.446214899999999835e-03	-2.481415099999999870e-03
7.403803250000000000e+09	7.453809300000000145e-03	-6.633691100000000188e-03
7.403805375000000000e+09	6.512615099999999844e-03	-6.795929499999999769e-03
7.403807500000000000e+09	7.045846199999999775e-03	-3.811028100000000193e-03
7.403809625000000000e+09	3.663504699999999958e-03	-3.396064700000000092e-03
7.403811750000000000e+09	3.171626800000000145e-03	-8.232899800000000393e-03
7.403813875000000000e+09	3.346226700000000127e-03	-4.910485200000000092e-03
7.403816000000000000e+09	1.906747999999999993e-03	-3.942565000000000305e-03
7.403818125000000000e+09	6.466783499999999990e-03	-3.552113300000000074e-03
7.403820250000000000e+09	1.931377400000000100e-03	-6.509340899999999618e-03
7.403822375000000000e+09	3.771771699999999956e-03	-3.749388800000000039e-03
7.403824500000000000e+09	7.071545700000000066e-03	-4.605613799999999994e-03
7.403826625000000000e+09	6.835808399999999778e-03	-4.878471500000000280e-03
7.403828750000000000e+09	7.688885999999999811e-03	-2.414125200000000106e-03
7.403830875000000000e+09	1.792593099999999912e-03	-8.996852999999999968e-04
7.403833000000000000e+09	7.269521999999999616e-04	-3.039654599999999911e-03
7.403835125000000000e+09	2.900277399999999853e-03	-3.047929799999999842e-03
7.403837250000000000e+09	4.342293500000000278e-03	-6.965309999999999893e-05
7.403839375000000000e+09	4.918988400000000143e-03	-3.609356599999999967e-03
7.403841500000000000e+09	4.737366500000000404e-03	-6.803552800000000310e-03
7.403843625000000000e+09	4.114310399999999632e-03	-4.366802000000000357e-03
7.403845750000000000e+09	6.157865299999999882e-03	-4.752831300000000432e-03
7.403847875000000000e+09	5.289139899999999866e-03	-4.817444500000000324e-03
7.403850000000000000e+09	2.666796300000000026e-03	-1.164870599999999912e-03
7.403852125000000000e+09	3.348361700000000024e-03	-5.605798599999999715e-03
7.403854250000000000e+09	2.748776999999999991e-04	-7.831015999999999672e-03
7.403856375000000000e+09	7.449557100000000348e-03	-4.509009599999999791e-03
7.403858500000000000e+09	5.505316500000000286e-03	-4.248578499999999987e-03
7.403860625000000000e+09	2.989303600000000217e-03	-4.163935700000000358e-03
7.403862750000000000e+09	5.391759999999999782e-03	-5.744895499999999600e-03
7.403864875000000000e+09	6.239459499999999888e-03	-6.509599999999999935e-03
7.403867000000000000e+09	2.607033300000000022e-03	-5.954698500000000193e-03
7.403869125000000000e+09	5.018675799999999625e-03	-2.922224800000000015e-03
7.403871250000000000e+09	-4.159577000000000239e-04	-1.081625739999999940e-02
7.403873375000000000e+09	7.346716300000000199e-03	-7.549033999999999606e-03
7.403875500000000000e+09	4.774774600000000063e-03	-7.035455200000000422e-03
7.403877625000000000e+09	5.605216300000000207e-03	-6.283574000000000104e-03
7.403879750000000000e+09	5.114819300000000152e-03	-5.153663799999999573e-03
7.403881875000000000e+09	3.181500199999999935e-03	-2.906751799999999792e-03
7.403884000000000000e+09	7.584499100000000223e-03	-2.197590000000000079e-05
7.403886125000000000e+09	5.260718900000000038e-03	-4.676863899999999727e-03
7.403888250000000000e+09	4.535246999999999846e-04	-8.232930000000000066e-04
7.403890375000000000e+09	2.358574000000000000e-03	-3.155128499999999836e-03
7.403892500000000000e+09	1.799497200000000014e-03	-3.919691099999999921e-03
7.403894625000000000e+09	8.508493900000000526e-03	-4.193453699999999569e-03
7.403896750000000000e+09	2.263761699999999790e-03	-9.285708999999999630e-04
7.403898875000000000e+09	5.789785900000000290e-03	-4.462119900000000375e-03
7.403901000000000000e+09	3.348262700000000092e-03	-4.293990499999999870e-03
7.403903125000000000e+09	2.766579199999999981e-03	-5.162500000000000124e-06
7.403905250000000000e+09	4.198216400000000410e-03	-5.976560799999999958e-03
7.403907375000000000e+09	6.822098500000000135e-03	-4.187947400000000160e-03
7.403909500000000000e+09	6.976601500000000414e-03	-5.660232700000000089e-03
7.403911625000000000e+09	1.075223009999999937e-02	-7.624295700000000356e-03
7.403913750000000000e+09	1.352401299999999923e-03	-4.516809499999999838e-03
7.403915875000000000e+09	5.252830899999999872e-03	-1.051695700000000082e-03
7.403918000000000000e+09	2.094901599999999912e-03	-3.400139300000000041e-03
7.403920125000000000e+09	2.015067199999999795e-03	-4.926182299999999972e-03
7.403922250000000000e+09	1.781143000000000006e-03	-5.321321999999999858e-03
7.403924375000000000e+09	2.484131000000000099e-03	-5.315753299999999987e-03
7.403926500000000000e+09	5.897943200000000177e-03	-5.788067099999999639e-03
7.403928625000000000e+09	-9.433166000000000207e-04	-5.550589800000000143e-03
7.403930750000000000e+09	3.791031299999999930e-03	-2.748616199999999801e-03
7.403932875000000000e+09	6.663450300000000118e-03	-6.089195399999999640e-03
7.403935000000000000e+09	3.563440800000000023e-03	-1.791702299999999937e-03
7.403937125000000000e+09	7.286957400000000293e-03	-7.713222399999999750e-03
7.403939250000000000e+09	5.813978499999999765e-03	-4.733115300000000081e-03
7.403941375000000000e+09	7.694353600000000334e-03	-3.806506600000000070e-03
7.403943500000000000e+09	4.733789900000000272e-03	-5.319709199999999791e-03
7.403945625000000000e+09	5.895634900000000164e-03	-4.345081699999999575e-03
7.403947750000000000e+09	4.171621300000000025e-03	-2.727946999999999989e-04
7.403949875000000000e+09	3.398258700000000160e-03	-8.554898099999999617e-03
7.403952000000000000e+09	5.910354700000000280e-03	-4.279387100000000416e-03
7.403954125000000000e+09	3.450893400000000152e-03	-7.129312700000000301e-03
7.403956250000000000e+09	4.355187699999999752e-03	-2.872402799999999867e-03
7.403958375000000000e+09	4.909383600000000007e-03	-5.112324900000000429e-03
7.403960500000000000e+09	6.685788300000000337e-03	-5.162725400000000089e-03
7.403962625000000000e+09	5.077866700000000129e-03	-3.503132600000000152e-03
7.403964750000000000e+09	9.426221099999999853e-03	-1.608396900000000091e-03
7.403966875000000000e+09	5.780467400000000207e-03	-2.003702200000000069e-03
7.403969000000000000e+09	2.485693399999999893e-03	-5.079495300000000380e-03
7.403971125000000000e+09	3.863797899999999851e-03	-6.412751799999999794e-03
7.403973250000000000e+09	5.584339899999999669e-03	-3.313713399999999951e-03
7.403975375000000000e+09	3.225279800000000006e-03	-6.257081099999999875e-03
7.403977500000000000e+09	5.005348899999999615e-03	-6.338537499999999728e-03
7.403979625000000000e+09	6.766811799999999585e-03	-3.957436299999999609e-03
7.403981750000000000e+09	5.554180399999999844e-03	-4.814225699999999906e-03
7.403983875000000000e+09	5.502086399999999919e-03	-5.027017600000000148e-03
7.403986000000000000e+09	1.075097799999999958e-03	-5.299676100000000160e-03
7.403988125000000000e+09	2.302953300000000047e-03	8.549605999999999742e-04
7.403990250000000000e+09	5.251874000000000126e-03	-2.433095399999999839e-03
7.403992375000000000e+09	3.751400800000000060e-03	-4.439224400000000431e-03
7.403994500000000000e+09	4.761755099999999928e-03	-9.793075599999999381e-03
7.403996625000000000e+09	4.549511000000000006e-03	-6.774908199999999693e-03
7.403998750000000000e+09	3.663871799999999807e-03	-7.296667999999999644e-04
7.404000875000000000e+09	5.864709699999999873e-03	-5.473701000000000087e-03
7.404003000000000000e+09	7.817972000000000506e-04	-7.274351899999999954e-03
7.404005125000000000e+09	3.949142600000000308e-03	-6.281202599999999824e-03
7.404007250000000000e+09	9.393915100000000545e-03	-8.056698500000000762e-03
7.404009375000000000e+09	1.552524999999999912e-03	-3.099676200000000062e-03
7.404011500000000000e+09	3.084327799999999828e-03	-7.145883999999999917e-03
7.404013625000000000e+09	3.226918100000000095e-03	-1.731367799999999988e-03
7.404015750000000000e+09	6.664797099999999683e-03	-1.000856909999999975e-02
7.404017875000000000e+09	6.659426900000000281e-03	-1.917801599999999999e-03
7.404020000000000000e+09	3.161723600000000169e-03	-3.249704899999999834e-03
7.404022125000000000e+09	3.435079399999999873e-03	-4.946595100000000279e-03
7.404024250000000000e+09	4.894794400000000191e-03	-2.857838799999999971e-03
7.404026375000000000e+09	2.802776600000000083e-03	-5.477665799999999890e-03
7.404028500000000000e+09	6.695638999999999758e-03	-8.700835999999999987e-04
7.404030625000000000e+09	4.473898799999999863e-03	-8.278531000000000431e-03
7.404032750000000000e+09	5.437080099999999985e-03	-2.696079300000000199e-03
7.404034875000000000e+09	6.844341000000000313e-03	-7.243859000000000062e-03
7.404037000000000000e+09	3.739578700000000151e-03	-3.734223300000000158e-03
7.404039125000000000e+09	1.922806399999999914e-03	-6.444555400000000385e-03
7.404041250000000000e+09	2.611674699999999832e-03	-9.728957400000000019e-03
7.404043375000000000e+09	3.486635599999999852e-03	-3.110936900000000217e-03
7.404045500000000000e+09	-1.593754400000000097e-03	-1.314871499999999962e-03
7.404047625000000000e+09	2.998934400000000111e-03	-8.736095200000000213e-03
7.404049750000000000e+09	5.689608999999999552e-04	-8.969918900000000209e-03
7.404051875000000000e+09	7.770790399999999779e-03	-5.712690900000000176e-03
7.404054000000000000e+09	6.024172599999999718e-03	-2.134009400000000216e-03
7.404056125000000000e+09	4.585341000000000048e-04	-7.198393299999999648e-03
7.404058250000000000e+09	3.970551000000000115e-03	-4.940314200000000405e-03
7.404060375000000000e+09	3.985213500000000207e-03	-4.177118100000000098e-03
7.404062500000000000e+09	1.311058400000000065e-03	-2.146477200000000002e-03
7.404064625000000000e+09	6.854130400000000081e-03	-5.892651799999999891e-03
7.404066750000000000e+09	2.514957099999999991e-03	-3.690588800000000128e-03
7.404068875000000000e+09	-7.120458999999999990e-04	1.096525899999999977e-03
7.404071000000000000e+09	4.219747999999999728e-03	-3.885394099999999948e-03
7.404073125000000000e+09	1.907597399999999945e-03	-8.574107799999999488e-03
7.404075250000000000e+09	3.417348900000000047e-03	-6.075053799999999803e-03
7.404077375000000000e+09	1.043428199999999959e-03	-6.199010900000000331e-03
7.404079500000000000e+09	3.386277000000000037e-03	-3.173626599999999909e-03
7.404081625000000000e+09	5.140056999999999959e-03	-7.006570499999999896e-03
7.404083750000000000e+09	3.724262800000000158e-03	-2.693571999999999980e-03
7.404085875000000000e+09	1.060369800000000081e-03	-4.510625499999999614e-03
7.404088000000000000e+09	1.402446600000000106e-03	-2.615435299999999824e-03
7.404090125000000000e+09	6.719898299999999859e-03	-4.975925499999999703e-03
7.404092250000000000e+09	5.844228600000000128e-03	-5.701103899999999773e-03
7.404094375000000000e+09	4.043637999999999790e-04	-4.344178199999999823e-03
7.404096500000000000e+09	6.741723399999999949e-03	-7.169736399999999607e-03
7.404098625000000000e+09	4.486118300000000413e-03	-8.324149200000000373e-03
7.404100750000000000e+09	3.610158100000000064e-03	-9.169454800000000766e-03
7.404102875000000000e+09	2.212511000000000067e-04	-5.404154700000000228e-03
7.404105000000000000e+09	5.906776000000000517e-04	-8.606553700000000098e-03
7.404107125000000000e+09	4.791635300000000354e-03	-7.485051500000000115e-03
7.404109250000000000e+09	4.267254300000000375e-03	-2.243148899999999803e-03
7.404111375000000000e+09	3.395808000000000160e-03	-4.323900900000000186e-03
7.404113500000000000e+09	-2.244616400000000195e-03	-5.039545299999999978e-03
7.404115625000000000e+09	4.024547399999999983e-03	-9.241227499999999165e-03
7.404117750000000000e+09	3.082325999999999816e-03	-8.114666799999999819e-03
7.404119875000000000e+09	2.648040200000000011e-03	-3.541439400000000095e-03
7.404122000000000000e+09	-1.199934200000000008e-03	-1.414777299999999977e-03
7.404124125000000000e+09	6.990449099999999742e-03	-6.013067100000000012e-03
7.404126250000000000e+09	-1.424926999999999986e-04	-4.447263600000000115e-03
7.404128375000000000e+09	3.183817900000000117e-03	-4.382762299999999785e-03
7.404130500000000000e+09	1.695910599999999897e-03	-4.501641100000000270e-03
7.404132625000000000e+09	5.770576999999999825e-03	-4.549008700000000023e-03
7.404134750000000000e+09	6.139121200000000056e-03	-4.687451599999999802e-03
7.404136875000000000e+09	-1.857231399999999906e-03	-8.781109199999999684e-03
7.404139000000000000e+09	4.821272199999999779e-03	-4.188710200000000071e-03
7.404141125000000000e+09	4.785159800000000040e-03	-6.670142799999999837e-03
7.404143250000000000e+09	2.108666199999999994e-03	-6.576173799999999667e-03
7.404145375000000000e+09	6.434242999999999647e-04	-4.980581999999999891e-03
7.404147500000000000e+09	-2.298199300000000004e-03	-6.455809300000000389e-03
7.404149625000000000e+09	7.157989299999999687e-03	-7.193952800000000258e-03
7.404151750000000000e+09	2.051714300000000157e-03	-8.734950599999999343e-03
7.404153875000000000e+09	1.573667300000000050e-03	-7.298785999999999816e-03
7.404156000000000000e+09	3.026585400000000176e-03	-1.710355499999999945e-03
7.404158125000000000e+09	4.168276900000000146e-03	-6.054448500000000205e-03
7.404160250000000000e+09	2.548730999999999827e-03	-8.150168500000000774e-03
7.404162375000000000e+09	2.727523600000000131e-03	-5.555742800000000071e-03
7.404164500000000000e+09	3.591488299999999988e-03	-6.369372199999999949e-03
7.404166625000000000e+09	-3.018896999999999770e-04	-2.024164699999999976e-03
7.404168750000000000e+09	2.677417000000000187e-04	-5.797173400000000219e-03
7.404170875000000000e+09	5.340669800000000418e-03	-8.678945999999999883e-03
7.404173000000000000e+09	4.639706500000000122e-03	-3.975163500000000044e-03
7.404175125000000000e+09	-1.032812799999999979e-03	-4.592056300000000278e-03
7.404177250000000000e+09	4.116388900000000212e-03	-1.126081360000000080e-02
7.404179375000000000e+09	1.311961499999999897e-03	-8.533476200000000844e-03
7.404181500000000000e+09	4.569422499999999804e-03	-4.481019900000000021e-03
7.404183625000000000e+09	4.855021600000000367e-03	-7.353707000000000125e-03
7.404185750000000000e+09	6.190850999999999819e-03	-4.078415000000000165e-03
7.404187875000000000e+09	5.407809000000000184e-04	-6.754940000000000076e-03
7.404190000000000000e+09	3.847260099999999950e-03	-6.761789999999999511e-05
7.404192125000000000e+09	4.215083799999999950e-03	-4.857388699999999615e-03
7.404194250000000000e+09	7.180012000000000373e-03	-3.079098499999999902e-03
7.404196375000000000e+09	-7.074219999999999499e-05	-6.623876899999999769e-03
7.404198500000000000e+09	4.630554999999999741e-03	-6.016200499999999930e-03
7.404200625000000000e+09	1.146161669999999980e-02	-6.204525800000000070e-03
7.404202750000000000e+09	5.971402199999999855e-03	-1.484145600000000070e-03
7.404204875000000000e+09	3.125853400000000188e-03	-1.970604099999999966e-03
7.404207000000000000e+09	5.190713999999999918e-03	-5.475363100000000052e-03
7.404209125000000000e+09	3.308169999999999872e-05	-4.818146500000000318e-03
7.404211250000000000e+09	5.550366200000000222e-03	-3.695040000000000130e-03
7.404213375000000000e+09	3.266562399999999901e-03	-9.845023300000000158e-03
7.404215500000000000e+09	4.473815499999999647e-03	-7.933987099999999584e-03
7.404217625000000000e+09	4.643717799999999736e-03	-2.967509000000000119e-04
7.404219750000000000e+09	3.496488900000000160e-03	-5.119697000000000310e-03
7.404221875000000000e+09	5.839755999999999767e-03	-4.773679299999999959e-03
7.404224000000000000e+09	1.656441100000000067e-03	-7.092376000000000062e-03
7.404226125000000000e+09	-2.158869999999999881e-05	5.575181999999999707e-04
7.404228250000000000e+09	3.650738900000000033e-03	-1.190962700000000075e-03
7.404230375000000000e+09	4.568628199999999993e-03	-3.744648000000000160e-03
7.404232500000000000e+09	4.364911699999999770e-03	-4.298135399999999939e-03
7.404234625000000000e+09	1.424532700000000077e-03	-6.998000499999999617e-03
7.404236750000000000e+09	2.178285600000000061e-03	-6.425173699999999974e-03
7.404238875000000000e+09	2.804700800000000088e-03	-4.959499699999999831e-03
7.404241000000000000e+09	1.530793599999999898e-03	-4.085621799999999623e-03
7.404243125000000000e+09	5.992001299999999940e-03	-1.328011399999999955e-03
7.404245250000000000e+09	4.686665799999999854e-03	-4.015369399999999672e-03
7.404247375000000000e+09	3.927699399999999910e-03	-5.153728599999999986e-03
7.404249500000000000e+09	6.931224100000000186e-03	-3.243535699999999886e-03
7.404251625000000000e+09	1.628695199999999951e-03	-4.487011800000000224e-03
7.404253750000000000e+09	1.815955400000000093e-03	-4.925298699999999634e-03
7.404255875000000000e+09	1.685693899999999917e-03	-3.851174399999999880e-03
7.404258000000000000e+09	5.649497000000000503e-04	-8.536626699999999221e-03
7.404260125000000000e+09	2.324784600000000083e-03	-5.758792399999999694e-03
7.404262250000000000e+09	3.505546100000000043e-03	-4.364731099999999767e-03
7.404264375000000000e+09	6.999372900000000106e-03	5.409488999999999530e-04
7.404266500000000000e+09	4.025514400000000138e-03	-3.901490499999999816e-03
7.404268625000000000e+09	3.244776999999999904e-03	-7.151201400000000395e-03
7.404270750000000000e+09	4.345014099999999942e-03	-7.251405199999999898e-03
7.404272875000000000e+09	3.423862800000000012e-03	-3.615928200000000092e-03
7.404275000000000000e+09	-2.808598299999999926e-03	-4.799045499999999784e-03
7.404277125000000000e+09	3.857371599999999835e-03	-5.246939699999999748e-03
7.404279250000000000e+09	3.229676999999999808e-03	-6.184839499999999872e-03
7.404281375000000000e+09	6.834964000000000447e-04	-5.911483999999999836e-03
7.404283500000000000e+09	5.791480000000000326e-04	-6.416154999999999775e-03
7.404285625000000000e+09	5.130001700000000157e-03	-7.246661599999999932e-03
7.404287750000000000e+09	6.428798599999999662e-03	-4.401892699999999936e-03
7.404289875000000000e+09	6.412435499999999920e-03	-3.804023499999999863e-03
7.404292000000000000e+09	1.792237400000000046e-03	-7.679165200000000017e-03
7.404294125000000000e+09	-8.485644999999999560e-04	-7.204639900000000402e-03
7.404296250000000000e+09	2.146239900000000179e-03	-7.020127000000000355e-04
7.404298375000000000e+09	6.384579100000000070e-03	-5.819809599999999777e-03
7.404300500000000000e+09	4.538454000000000034e-04	-4.779636599999999638e-03
7.404302625000000000e+09	5.535596099999999867e-03	-7.356726299999999732e-03
7.404304750000000000e+09	7.947019099999999212e-03	-5.626936800000000190e-03
7.404306875000000000e+09	3.065416499999999798e-03	-5.386071400000000224e-03
7.404309000000000000e+09	2.997918699999999829e-03	-5.558231900000000156e-03
7.404311125000000000e+09	6.630521999999999805e-04	-4.654424699999999693e-03
7.404313250000000000e+09	-1.239063000000000100e-03	-2.686019000000000210e-04
7.404315375000000000e+09	3.856212999999999828e-03	-4.733935199999999947e-03
7.404317500000000000e+09	4.437377200000000230e-03	-2.845141299999999918e-03
7.404319625000000000e+09	2.807263500000000116e-03	-7.386772999999999690e-04
7.404321750000000000e+09	2.447386399999999882e-03	-8.199850899999999720e-03
7.404323875000000000e+09	4.741356500000000126e-03	-5.417650900000000290e-03
7.404326000000000000e+09	5.655296100000000228e-03	-3.362571600000000167e-03
7.404328125000000000e+09	1.397861800000000081e-03	-7.414060400000000231e-03
7.404330250000000000e+09	5.147975800000000220e-03	-3.245149599999999895e-03
7.404332375000000000e+09	1.358068299999999921e-03	-5.294807700000000138e-03
7.404334500000000000e+09	4.752056200000000230e-03	-4.726853199999999679e-03
7.404336625000000000e+09	-4.246170999999999973e-04	-2.033987699999999926e-03
7.404338750000000000e+09	5.122510900000000131e-03	-5.221787900000000177e-03
7.404340875000000000e+09	1.789852399999999899e-03	-7.776817200000000173e-03
7.404343000000000000e+09	1.070985300000000095e-03	-5.676337200000000117e-03
7.404345125000000000e+09	-4.692666999999999975e-04	-9.521087299999999795e-03
7.404347250000000000e+09	3.742320300000000037e-03	-6.431875400000000229e-03
7.404349375000000000e+09	8.770968000000000080e-04	-3.271295100000000053e-03
7.404351500000000000e+09	1.843904900000000032e-03	-6.055078099999999797e-03
7.404353625000000000e+09	7.398711100000000124e-03	-6.470377900000000120e-03
7.404355750000000000e+09	2.012381000000000152e-03	-1.073871919999999994e-02
7.404357875000000000e+09	4.723611200000000024e-03	-1.582655199999999937e-03
7.404360000000000000e+09	3.126578100000000117e-03	-6.631117899999999614e-03
7.404362125000000000e+09	3.501306799999999875e-03	-4.507852399999999829e-03
7.404364250000000000e+09	1.937839399999999931e-03	-4.754390300000000368e-03
7.404366375000000000e+09	-1.638098000000000050e-04	-5.595889599999999929e-03
7.404368500000000000e+09	2.074448500000000174e-03	-9.739220000000000039e-04
7.404370625000000000e+09	2.167515400000000203e-03	-7.326512900000000175e-03
7.404372750000000000e+09	4.824576799999999964e-03	-5.174551599999999661e-03
7.404374875000000000e+09	3.096306899999999931e-03	-9.827602399999999655e-03
7.404377000000000000e+09	1.105484380000000023e-02	-3.446102999999999840e-03
7.404379125000000000e+09	1.229131299999999946e-03	-6.152888199999999655e-03
7.404381250000000000e+09	1.081074200000000079e-03	-4.105035100000000402e-03
7.404383375000000000e+09	2.863454300000000188e-03	-9.483080499999999372e-03
7.404385500000000000e+09	4.824272899999999982e-03	-7.269744800000000132e-03
7.404387625000000000e+09	3.524180999999999928e-04	-2.348383400000000031e-03
7.404389750000000000e+09	-1.573322000000000045e-04	-4.536065700000000388e-03
7.404391875000000000e+09	-1.896640300000000104e-03	-4.743226300000000228e-03
7.404394000000000000e+09	-5.930369000000000005e-04	-2.595362999999999837e-03
7.404396125000000000e+09	5.895195899999999649e-03	-3.899727100000000002e-03
7.404398250000000000e+09	-4.113843899999999713e-03	-2.838420300000000021e-03
7.404400375000000000e+09	2.616241499999999789e-03	-2.273506800000000064e-03
7.404402500000000000e+09	-2.607110000000000048e-04	-6.855901400000000319e-03
7.404404625000000000e+09	4.841032500000000058e-03	-7.327391200000000007e-03
7.404406750000000000e+09	2.039104700000000155e-03	-3.682360899999999847e-03
7.404408875000000000e+09	2.234539700000000035e-03	-3.383285700000000003e-03
7.404411000000000000e+09	1.598965599999999923e-03	-1.053345259999999978e-02
7.404413125000000000e+09	3.123732699999999963e-03	-7.729276600000000406e-03
7.404415250000000000e+09	2.705393600000000152e-03	-5.970257900000000388e-03
7.404417375000000000e+09	-1.714004199999999943e-03	-2.846230600000000145e-03
7.404419500000000000e+09	5.250508299999999753e-03	-4.172332200000000019e-03
7.404421625000000000e+09	-1.503887800000000032e-03	-4.332108900000000186e-03
7.404423750000000000e+09	4.919171400000000097e-03	-4.952681100000000045e-03
7.404425875000000000e+09	1.209373500000000086e-03	-4.595548799999999920e-03
7.404428000000000000e+09	8.353745500000000698e-03	-5.727093800000000214e-03
7.404430125000000000e+09	1.697637199999999956e-03	-5.552687399999999864e-03
7.404432250000000000e+09	5.973234099999999609e-03	-6.667468600000000384e-03
7.404434375000000000e+09	2.032087599999999900e-03	-6.235345800000000049e-03
7.404436500000000000e+09	6.183812999999999810e-03	-6.269948200000000083e-03
7.404438625000000000e+09	4.551564299999999799e-03	-6.016734699999999950e-03
7.404440750000000000e+09	2.143558900000000142e-03	-7.077313400000000143e-03
7.404442875000000000e+09	4.643450300000000024e-03	-8.344301800000000421e-03
7.404445000000000000e+09	1.610314000000000060e-03	-6.658905900000000426e-03
7.404447125000000000e+09	3.198658100000000091e-03	-8.103173800000000246e-03
7.404449250000000000e+09	5.296700399999999809e-03	-1.133001699999999952e-02
7.404451375000000000e+09	1.145572689999999928e-02	-7.155947099999999776e-03
7.404453500000000000e+09	4.917945899999999829e-03	-6.519249199999999599e-03
7.404455625000000000e+09	-5.819933000000000441e-04	-1.009749809999999949e-02
7.404457750000000000e+09	-2.010795399999999820e-03	-5.100552000000000384e-03
7.404459875000000000e+09	1.466360899999999976e-03	-1.690035199999999956e-03
7.404462000000000000e+09	-5.478136999999999894e-04	-5.326044700000000069e-03
7.404464125000000000e+09	5.081565000000000127e-04	-9.460189999999999832e-04
7.404466250000000000e+09	5.357238799999999683e-03	-5.492622299999999624e-03
7.404468375000000000e+09	2.566609999999999985e-03	-4.955984000000000084e-03
7.404470500000000000e+09	6.303376799999999697e-03	-5.049331500000000389e-03
7.404472625000000000e+09	2.392239100000000031e-03	-7.361273000000000425e-04
7.404474750000000000e+09	5.735078999999999698e-03	-3.213694999999999920e-03
7.404476875000000000e+09	-1.122192500000000108e-03	-9.148313200000000867e-03
7.404479000000000000e+09	4.546052699999999884e-03	-3.850593900000000118e-03
7.404481125000000000e+09	3.674844300000000129e-03	-9.906695800000000357e-03
7.404483250000000000e+09	4.257164899999999787e-03	-7.038400000000000212e-03
7.404485375000000000e+09	3.048686100000000138e-03	-3.343485700000000012e-03
7.404487500000000000e+09	3.971497200000000116e-03	-5.271378600000000379e-03
7.404489625000000000e+09	3.294492600000000198e-03	-4.898300999999999870e-03
7.404491750000000000e+09	3.621257899999999995e-03	-1.061269459999999998e-02
7.404493875000000000e+09	3.241864000000000117e-03	-3.816159400000000094e-03
7.404496000000000000e+09	1.934140300000000093e-03	-6.323822699999999582e-03
7.404498125000000000e+09	3.137426400000000153e-03	-7.207519899999999778e-03
7.404500250000000000e+09	4.186531900000000153e-03	-4.747472800000000250e-03
7.404502375000000000e+09	5.004982399999999970e-03	-6.848666399999999918e-03
7.404504500000000000e+09	3.777444100000000062e-03	-8.573909500000000822e-03
7.404506625000000000e+09	-2.606571999999999817e-04	-4.034525399999999880e-03
7.404508750000000000e+09	2.284386900000000102e-03	-3.101056500000000209e-03
7.404510875000000000e+09	-2.820750000000000124e-04	4.635306000000000170e-04
7.404513000000000000e+09	1.303134500000000017e-03	-1.032307870000000009e-02
7.404515125000000000e+09	4.269952399999999738e-03	-8.360646799999999629e-03
7.404517250000000000e+09	6.468169499999999912e-03	-2.858691100000000044e-03
7.404519375000000000e+09	2.382777999999999893e-03	-7.227725899999999822e-03
7.404521500000000000e+09	4.547106599999999749e-03	-2.799372599999999829e-03
7.404523625000000000e+09	4.245314800000000305e-03	-5.575611999999999756e-03
7.404525750000000000e+09	9.007045300000000518e-03	-5.331088099999999920e-03
7.404527875000000000e+09	8.417136999999999883e-03	-2.698939500000000196e-03
7.404530000000000000e+09	3.819346200000000007e-03	-8.538443600000000799e-03
7.404532125000000000e+09	1.356900399999999996e-03	-6.189043800000000248e-03
7.404534250000000000e+09	2.508475999999999935e-04	-3.780665600000000098e-03
7.404536375000000000e+09	4.625208700000000249e-03	-9.104225400000000648e-03
7.404538500000000000e+09	2.095189800000000178e-03	-1.026747459999999973e-02
7.404540625000000000e+09	1.848693999999999902e-03	-6.118485499999999633e-03
7.404542750000000000e+09	1.896076399999999931e-03	-6.265199499999999679e-03
7.404544875000000000e+09	-3.480820000000000328e-05	-9.572375799999999560e-03
7.404547000000000000e+09	6.192721800000000262e-03	-1.356530500000000059e-03
7.404549125000000000e+09	2.527193999999999968e-03	-3.474064299999999900e-03
7.404551250000000000e+09	2.131101499999999999e-03	-8.592020800000000832e-03
7.404553375000000000e+09	3.483222700000000033e-03	-2.447766300000000193e-03
7.404555500000000000e+09	5.789124900000000400e-03	-7.063665600000000426e-03
7.404557625000000000e+09	7.562689899999999917e-03	-7.726953100000000414e-03
7.404559750000000000e+09	4.002324300000000348e-03	-3.612597300000000046e-03
7.404561875000000000e+09	1.285885700000000088e-03	-4.647358800000000144e-03
7.404564000000000000e+09	2.603596799999999961e-03	-4.325173800000000138e-03
7.404566125000000000e+09	3.088464899999999839e-03	-4.623448500000000225e-03
7.404568250000000000e+09	2.413408900000000006e-03	-7.675557300000000055e-03
7.404570375000000000e+09	-1.193791999999999971e-04	-6.112198699999999915e-03
7.404572500000000000e+09	1.432193700000000030e-03	-2.174308399999999933e-03
7.404574625000000000e+09	3.740005800000000078e-03	-1.240588099999999968e-03
7.404576750000000000e+09	5.217951699999999991e-03	-7.444015899999999880e-03
7.404578875000000000e+09	2.670024899999999882e-03	-3.282969000000000165e-03
7.404581000000000000e+09	2.620887200000000198e-03	-3.034283300000000134e-03
7.404583125000000000e+09	4.694470800000000339e-03	-6.845308300000000137e-03
7.404585250000000000e+09	7.727997700000000143e-03	-6.047212199999999795e-03
7.404587375000000000e+09	3.255228499999999938e-03	-9.015247000000000538e-03
7.404589500000000000e+09	5.353355500000000350e-03	-3.728274900000000044e-03
7.404591625000000000e+09	1.598885800000000032e-03	-4.684280999999999883e-04
7.404593750000000000e+09	5.023464000000000054e-04	-5.403569100000000028e-03
7.404595875000000000e+09	4.691751400000000218e-03	-7.450886599999999652e-03
7.404598000000000000e+09	2.594566100000000007e-03	-5.468734000000000268e-03
7.404600125000000000e+09	5.069786000000000388e-04	-9.999635099999999374e-03
7.404602250000000000e+09	1.040715499999999953e-03	-5.634299199999999799e-03
7.404604375000000000e+09	7.350695999999999663e-04	-5.394563899999999662e-03
7.404606500000000000e+09	3.349982799999999886e-03	-2.927966800000000001e-03
7.404608625000000000e+09	1.581216400000000008e-03	-7.725557400000000220e-03
7.404610750000000000e+09	2.155705200000000016e-03	-7.198915099999999775e-03
7.404612875000000000e+09	3.308433899999999820e-03	-4.460363799999999580e-03
7.404615000000000000e+09	4.143603000000000043e-04	-5.859278300000000418e-03
7.404617125000000000e+09	4.749182700000000035e-03	-3.921538300000000123e-03
7.404619250000000000e+09	2.705217900000000085e-03	-1.029007340000000041e-02
7.404621375000000000e+09	5.044587399999999819e-03	-6.281571500000000287e-03
7.404623500000000000e+09	3.472606899999999917e-03	-8.501585799999999277e-03
7.404625625000000000e+09	3.111187999999999974e-03	-4.848180500000000281e-03
7.404627750000000000e+09	4.293541300000000213e-03	-3.501586399999999811e-03
7.404629875000000000e+09	-1.634077199999999907e-03	-7.360379900000000100e-03
7.404632000000000000e+09	-2.090027899999999817e-03	-6.529953199999999867e-03
7.404634125000000000e+09	2.355545100000000155e-03	-7.057438800000000352e-03
7.404636250000000000e+09	4.268186600000000407e-03	-4.167373200000000326e-03
7.404638375000000000e+09	1.333716599999999969e-03	-4.708081099999999845e-03
7.404640500000000000e+09	4.421275900000000425e-03	-3.029599799999999846e-03
7.404642625000000000e+09	1.568704300000000077e-03	-6.275992400000000339e-03
7.404644750000000000e+09	4.623713699999999586e-03	-8.211415200000000622e-03
7.404646875000000000e+09	-3.722658599999999988e-03	-4.305984100000000148e-03
7.404649000000000000e+09	3.880111700000000129e-03	-9.355191800000000821e-03
7.404651125000000000e+09	-1.353123799999999969e-03	-2.634929500000000001e-03
7.404653250000000000e+09	-3.031863899999999966e-03	-4.503168800000000374e-03
7.404655375000000000e+09	-2.850835000000000023e-04	-2.821313099999999807e-03
7.404657500000000000e+09	3.003617000000000092e-03	-5.224596999999999878e-04
7.404659625000000000e+09	2.350728600000000050e-03	-1.124638350000000016e-02
7.404661750000000000e+09	2.211884300000000001e-03	-6.778272099999999717e-03
7.404663875000000000e+09	3.973750399999999988e-03	-8.156814800000000351e-03
7.404666000000000000e+09	-1.358855999999999920e-04	-3.082038400000000188e-03
7.404668125000000000e+09	3.993256199999999784e-03	-5.638824599999999951e-03
7.404670250000000000e+09	6.008483499999999963e-03	-1.099933300000000089e-03
7.404672375000000000e+09	-1.964037000000000074e-03	-9.275527000000000424e-03
7.404674500000000000e+09	3.554420700000000214e-03	-9.341821900000000026e-03
7.404676625000000000e+09	-8.649349000000000186e-04	-6.014443099999999993e-03
7.404678750000000000e+09	3.537765000000000007e-03	-2.075312900000000037e-03
7.404680875000000000e+09	8.967043000000000062e-04	-7.327719400000000036e-03
7.404683000000000000e+09	1.133362099999999989e-03	-7.753530600000000002e-03
7.404685125000000000e+09	2.878610900000000070e-03	-3.429095400000000196e-03
7.404687250000000000e+09	-1.133891099999999970e-03	-1.033917959999999976e-02
7.404689375000000000e+09	2.013634099999999857e-03	-9.611565600000000070e-03
7.404691500000000000e+09	2.209969000000000050e-04	-2.807175800000000134e-03
7.404693625000000000e+09	2.676169600000000148e-03	-5.516094200000000100e-03
7.404695750000000000e+09	3.286618399999999968e-03	-7.716125400000000030e-03
7.404697875000000000e+09	3.772371400000000194e-03	-7.577676499999999940e-03
7.404700000000000000e+09	-1.433746000000000011e-04	-4.696827300000000309e-03
7.404702125000000000e+09	-4.190571999999999830e-04	-7.944985499999999631e-03
7.404704250000000000e+09	4.209337500000000232e-03	-4.575329399999999644e-03
7.404706375000000000e+09	6.997127500000000291e-03	-4.175967899999999920e-03
7.404708500000000000e+09	4.347311300000000073e-03	-2.586091600000000202e-03
7.404710625000000000e+09	1.128259499999999900e-03	-8.660681700000000607e-03
7.404712750000000000e+09	3.694259899999999958e-03	-1.915108100000000035e-03
7.404714875000000000e+09	-9.441379999999999380e-05	-5.825955399999999985e-03
7.404717000000000000e+09	-1.490223599999999926e-03	-5.757062400000000427e-03
7.404719125000000000e+09	3.918063000000000166e-04	-4.775194299999999635e-03
7.404721250000000000e+09	-6.509022999999999632e-04	-3.255329500000000119e-03
7.404723375000000000e+09	1.033854799999999905e-03	-4.661619599999999863e-03
7.404725500000000000e+09	5.285273699999999859e-03	-3.741137199999999916e-03
7.404727625000000000e+09	2.136180899999999983e-03	-6.194119100000000135e-03
7.404729750000000000e+09	5.826527999999999655e-04	-5.652683900000000233e-03
7.404731875000000000e+09	5.354115999999999476e-04	-6.126543100000000387e-03
7.404734000000000000e+09	1.317957100000000060e-03	-7.309791199999999579e-03
7.404736125000000000e+09	4.683747599999999595e-03	-4.695442699999999997e-03
7.404738250000000000e+09	3.971163699999999581e-03	-4.512274699999999951e-03
7.404740375000000000e+09	4.698702000000000130e-04	-5.334392999999999774e-03
7.404742500000000000e+09	1.258976999999999991e-04	-7.988549399999999440e-03
7.404744625000000000e+09	3.770994999999999968e-04	-2.729822299999999907e-03
7.404746750000000000e+09	5.322010000000000499e-04	-7.134951599999999824e-03
7.404748875000000000e+09	3.705108400000000062e-03	-4.549324700000000228e-03
7.404751000000000000e+09	3.949679099999999811e-03	-7.516952300000000024e-03
7.404753125000000000e+09	6.601279999999999518e-04	-1.852135399999999899e-03
7.404755250000000000e+09	1.784392199999999947e-03	-5.906220400000000356e-03
7.404757375000000000e+09	2.509419799999999985e-03	-5.891219799999999895e-03
7.404759500000000000e+09	3.060943899999999870e-03	-7.656934399999999925e-03
7.404761625000000000e+09	1.009182450000000071e-02	-4.814989900000000295e-03
7.404763750000000000e+09	6.416351999999999516e-04	-6.607873900000000092e-03
7.404765875000000000e+09	1.302665499999999896e-03	-1.140455700000000093e-03
7.404768000000000000e+09	2.781188999999999883e-03	-8.783712699999999748e-03
7.404770125000000000e+09	-1.936480599999999960e-03	-9.063790900000000261e-03
7.404772250000000000e+09	6.240989100000000206e-03	-8.447231399999999626e-03
7.404774375000000000e+09	2.430806800000000038e-03	-7.388831799999999624e-03
7.404776500000000000e+09	5.365050999999999804e-04	-7.612753300000000417e-03
7.404778625000000000e+09	-7.323126999999999588e-04	-7.069350500000000023e-03
7.404780750000000000e+09	2.520001999999999919e-03	-6.442232600000000198e-03
7.404782875000000000e+09	1.748217199999999895e-03	-8.588025200000000067e-03
7.404785000000000000e+09	1.013091709999999930e-02	-7.939342199999999475e-03
7.404787125000000000e+09	5.434461899999999679e-03	-6.400596300000000252e-03
7.404789250000000000e+09	2.077611699999999846e-03	-5.610417700000000160e-03
7.404791375000000000e+09	4.259912599999999584e-03	-7.956776599999999811e-03
7.404793500000000000e+09	3.438674699999999876e-03	-8.046541100000000404e-03
7.404795625000000000e+09	4.756024299999999858e-03	-6.990063900000000226e-03
7.404797750000000000e+09	-3.533983899999999963e-03	-2.180819300000000176e-03
7.404799875000000000e+09	2.134520100000000028e-03	-4.975726199999999828e-03
7.404802000000000000e+09	3.545107000000000032e-03	-1.193830599999999922e-02
7.404804125000000000e+09	8.814895000000000109e-04	-6.636816200000000311e-03
7.404806250000000000e+09	4.866743699999999569e-03	-7.173240499999999735e-03
7.404808375000000000e+09	-1.909987400000000063e-03	-5.274367299999999960e-03
7.404810500000000000e+09	6.680555000000000347e-04	-1.331472900000000084e-03
7.404812625000000000e+09	3.022138100000000202e-03	-6.045633400000000046e-03
7.404814750000000000e+09	2.299467199999999985e-03	-3.367031800000000203e-03
7.404816875000000000e+09	9.693528300000000403e-03	-3.238219799999999919e-03
7.404819000000000000e+09	-4.136585199999999983e-03	-9.695500600000000330e-03
7.404821125000000000e+09	-1.817142600000000094e-03	-8.246594799999999725e-03
7.404823250000000000e+09	3.261546900000000023e-03	-2.229780099999999817e-03
7.404825375000000000e+09	-4.646972200000000150e-03	-2.172503100000000142e-03
7.404827500000000000e+09	3.626444700000000174e-03	-5.793250599999999993e-03
7.404829625000000000e+09	2.297013100000000127e-03	-6.990961399999999666e-03
7.404831750000000000e+09	3.023030400000000038e-03	-6.786499300000000193e-03
7.404833875000000000e+09	3.179314600000000129e-03	-6.654045600000000130e-03
7.404836000000000000e+09	2.896438099999999911e-03	-8.014745499999999939e-03
7.404838125000000000e+09	9.787941000000000957e-04	-5.700664299999999921e-03
7.404840250000000000e+09	2.657629299999999997e-03	-2.079267599999999865e-03
7.404842375000000000e+09	6.706880000000000133e-04	-7.552524399999999832e-03
7.404844500000000000e+09	4.186075099999999639e-03	-7.168134700000000289e-03
7.404846625000000000e+09	1.245221500000000085e-03	-6.209763099999999689e-03
7.404848750000000000e+09	5.333020100000000416e-03	-5.115431800000000417e-03
7.404850875000000000e+09	1.312053799999999930e-03	-7.736884999999999769e-03
7.404853000000000000e+09	4.745572800000000258e-03	-3.887338499999999902e-03
7.404855125000000000e+09	1.931953199999999994e-03	-1.004683850000000038e-02
7.404857250000000000e+09	-3.017235200000000124e-03	-5.813791100000000045e-03
7.404859375000000000e+09	-3.992097999999999806e-04	-4.355510499999999674e-03
7.404861500000000000e+09	-1.777996499999999957e-03	-8.327606600000000622e-03
7.404863625000000000e+09	3.411350899999999933e-03	-8.287365600000000734e-03
7.404865750000000000e+09	4.287003000000000059e-04	-6.891355000000000050e-03
7.404867875000000000e+09	4.251720700000000304e-03	-6.029379500000000246e-03
7.404870000000000000e+09	-1.309294099999999943e-03	-5.945576099999999760e-03
7.404872125000000000e+09	2.120850899999999952e-03	-5.790100900000000154e-03
7.404874250000000000e+09	3.418671900000000170e-03	-4.265343799999999838e-03
7.404876375000000000e+09	3.777391900000000042e-03	-8.250269600000000383e-03
7.404878500000000000e+09	2.316102500000000175e-03	-7.071459100000000025e-03
7.404880625000000000e+09	3.792900899999999964e-03	-2.169361900000000166e-03
7.404882750000000000e+09	2.301256700000000027e-03	-5.801090200000000134e-03
7.404884875000000000e+09	4.031707399999999962e-03	-7.569738099999999935e-03
7.404887000000000000e+09	4.438814900000000001e-03	-3.054751200000000149e-03
7.404889125000000000e+09	-2.735683300000000141e-03	-7.454576099999999685e-03
7.404891250000000000e+09	2.513097000000000161e-03	-4.937831099999999765e-03
7.404893375000000000e+09	3.172596299999999852e-03	-7.668290700000000154e-03
7.404895500000000000e+09	1.468349999999999926e-05	-8.559110899999999855e-03
7.404897625000000000e+09	-1.744276999999999969e-04	-7.842367600000000466e-03
7.404899750000000000e+09	8.733679999999999363e-05	-1.776876900000000023e-03
7.404901875000000000e+09	3.033722999999999888e-03	-7.724523599999999837e-03
7.404904000000000000e+09	2.391132600000000011e-03	-9.593599300000000066e-03
7.404906125000000000e+09	4.293588200000000160e-03	-3.634746299999999999e-03
7.404908250000000000e+09	-6.552590000000000226e-05	1.556597100000000093e-03
7.404910375000000000e+09	1.235755299999999942e-03	-1.426405000000000110e-04
7.404912500000000000e+09	4.206163999999999866e-04	-3.895189700000000095e-03
7.404914625000000000e+09	6.712495399999999883e-03	-4.259754699999999950e-03
7.404916750000000000e+09	-1.134874300000000011e-03	-6.076820000000000138e-03
7.404918875000000000e+09	6.923858500000000353e-03	-7.889646199999999360e-03
7.404921000000000000e+09	2.757199999999999961e-05	-3.191242700000000189e-03
7.404923125000000000e+09	-1.250798700000000036e-03	-7.539132500000000209e-03
7.404925250000000000e+09	2.671907900000000148e-03	-7.152557999999999833e-03
7.404927375000000000e+09	4.623227000000000044e-04	-6.217000900000000177e-03
7.404929500000000000e+09	2.290759199999999919e-03	-5.037836099999999998e-03
7.404931625000000000e+09	2.942050999999999998e-04	-6.495340300000000157e-03
7.404933750000000000e+09	9.259217999999999615e-04	-7.317853800000000304e-03
7.404935875000000000e+09	-2.351521699999999885e-03	-5.449154599999999661e-03
7.404938000000000000e+09	-2.203533000000000032e-04	-5.742148899999999744e-03
7.404940125000000000e+09	-8.300004000000000366e-04	-4.251722999999999787e-03
7.404942250000000000e+09	3.602997200000000212e-03	-5.112071299999999818e-03
7.404944375000000000e+09	-8.187672000000000439e-04	-4.850634300000000038e-03
7.404946500000000000e+09	-1.590358100000000083e-03	-2.834928899999999887e-03
7.404948625000000000e+09	5.723523599999999663e-03	-5.135958799999999769e-03
7.404950750000000000e+09	2.524211599999999934e-03	-4.750942200000000254e-03
7.404952875000000000e+09	-2.449712299999999825e-03	-1.114581320000000014e-02
7.404955000000000000e+09	1.373901100000000106e-03	-4.661643200000000105e-03
7.404957125000000000e+09	4.696447200000000363e-03	-3.468982900000000102e-03
7.404959250000000000e+09	9.706311999999999709e-04	-4.189221400000000053e-03
7.404961375000000000e+09	1.375959800000000005e-03	-3.895077700000000066e-03
7.404963500000000000e+09	8.345257999999999713e-04	-6.583096800000000359e-03
7.404965625000000000e+09	1.567003000000000081e-04	-3.248485599999999945e-03
7.404967750000000000e+09	6.334854499999999743e-03	-5.160313599999999910e-03
7.404969875000000000e+09	2.253042199999999873e-03	-9.293325899999999723e-03
7.404972000000000000e+09	1.811168699999999958e-03	-5.705819899999999868e-03
7.404974125000000000e+09	4.311717999999999974e-04	-3.481534599999999875e-03
7.404976250000000000e+09	9.906411000000000383e-04	-5.055744200000000105e-03
7.404978375000000000e+09	2.233828599999999973e-03	-4.006690499999999988e-03
7.404980500000000000e+09	-7.845579000000000528e-04	-6.107196799999999905e-03
7.404982625000000000e+09	1.460743899999999897e-03	-6.498146100000000251e-03
7.404984750000000000e+09	5.326425200000000151e-03	-9.954436500000000271e-03
7.404986875000000000e+09	1.371103600000000023e-03	-4.107546999999999587e-03
7.404989000000000000e+09	1.628956999999999996e-04	-4.006266500000000251e-03
7.404991125000000000e+09	-2.776945199999999916e-03	-6.173635299999999902e-03
7.404993250000000000e+09	3.563638599999999820e-03	-5.078533100000000126e-03
7.404995375000000000e+09	2.622838199999999800e-03	-3.170774999999999809e-03
7.404997500000000000e+09	1.634813200000000003e-03	-6.991581299999999853e-03
7.404999625000000000e+09	-1.412371400000000075e-03	-6.524902699999999764e-03
7.405001750000000000e+09	5.585798599999999663e-03	-5.872192299999999705e-03
7.405003875000000000e+09	1.354785600000000048e-03	-3.271155799999999822e-03
7.405006000000000000e+09	3.239774700000000191e-03	-9.239297999999999955e-03
7.405008125000000000e+09	4.243293399999999681e-03	-4.245462200000000262e-03
7.405010250000000000e+09	3.021895399999999839e-03	-1.157412100000000058e-03
7.405012375000000000e+09	1.003697000000000009e-03	-6.132364300000000060e-03
7.405014500000000000e+09	5.536731599999999802e-03	-5.820862500000000168e-03
7.405016625000000000e+09	1.126355600000000096e-03	-8.131124999999999464e-03
7.405018750000000000e+09	1.077022300000000064e-03	-4.238355400000000210e-03
7.405020875000000000e+09	-2.777908300000000042e-03	-9.148957299999999765e-03
7.405023000000000000e+09	1.736895399999999938e-03	-9.311958500000000125e-03
7.405025125000000000e+09	1.997294799999999992e-03	-5.759632899999999646e-03
7.405027250000000000e+09	-6.272536000000000214e-04	-5.534849199999999740e-03
7.405029375000000000e+09	1.418377300000000065e-03	-3.459180799999999906e-03
7.405031500000000000e+09	4.814243400000000304e-03	-5.023055999999999702e-03
7.405033625000000000e+09	-2.977777000000000136e-04	-9.598970599999999409e-03
7.405035750000000000e+09	5.165029100000000269e-03	-6.013848500000000194e-03
7.405037875000000000e+09	9.314730000000000449e-04	-2.325228800000000203e-03
7.405040000000000000e+09	2.206180000000000077e-04	-5.531602299999999715e-03
7.405042125000000000e+09	1.619265999999999956e-04	-8.136905999999999306e-03
7.405044250000000000e+09	1.313968999999999901e-03	-2.736170200000000077e-03
7.405046375000000000e+09	2.459149299999999986e-03	-4.236327699999999606e-03
7.405048500000000000e+09	-9.672265999999999459e-04	-6.962710399999999696e-03
7.405050625000000000e+09	1.374421700000000041e-03	-6.446176700000000315e-03
7.405052750000000000e+09	2.528396799999999868e-03	-2.015806599999999966e-03
7.405054875000000000e+09	1.539332399999999946e-03	-7.488862500000000380e-03
7.405057000000000000e+09	4.797912500000000267e-03	-8.032165900000000705e-03
7.405059125000000000e+09	6.321170899999999961e-03	-4.430328699999999675e-03
7.405061250000000000e+09	2.820195699999999972e-03	-5.429175799999999899e-03
7.405063375000000000e+09	1.189586199999999924e-03	-5.729041399999999958e-03
7.405065500000000000e+09	-1.322827900000000034e-03	-2.231820800000000084e-03
7.405067625000000000e+09	-1.231344299999999987e-03	-5.150420299999999840e-03
7.405069750000000000e+09	-1.570902999999999959e-04	-4.480304099999999658e-03
7.405071875000000000e+09	-1.722941800000000025e-03	-1.289162200000000015e-03
7.405074000000000000e+09	4.688757200000000062e-03	-1.872961000000000027e-03
7.405076125000000000e+09	2.476993700000000055e-03	-3.335798400000000198e-03
7.405078250000000000e+09	3.231387000000000170e-04	-8.483150899999999939e-03
7.405080375000000000e+09	1.187029899999999909e-03	-5.472572600000000405e-03
7.405082500000000000e+09	-9.425326000000000363e-04	-5.277000599999999778e-03
7.405084625000000000e+09	2.672553600000000026e-03	-1.519877499999999944e-03
7.405086750000000000e+09	-3.328548499999999920e-03	-6.874295600000000089e-03
7.405088875000000000e+09	8.565485000000000069e-04	-3.487403999999999938e-03
7.405091000000000000e+09	5.677221999999999564e-04	-2.562829600000000180e-03
7.405093125000000000e+09	-3.284475000000000025e-04	-6.636538899999999859e-03
7.405095250000000000e+09	-2.536950599999999827e-03	-1.000903830000000015e-02
7.405097375000000000e+09	-1.808407300000000042e-03	-1.051332750000000087e-02
7.405099500000000000e+09	2.303499799999999924e-03	-4.749934699999999732e-03
7.405101625000000000e+09	4.968496900000000070e-03	-6.527461699999999832e-03
7.405103750000000000e+09	3.478009800000000061e-03	-3.646805800000000198e-03
7.405105875000000000e+09	2.410658300000000087e-03	-5.870790699999999668e-03
7.405108000000000000e+09	8.709770000000000467e-05	-5.644246300000000001e-03
7.405110125000000000e+09	-1.013636999999999958e-03	-7.129217200000000261e-03
7.405112250000000000e+09	1.496364100000000062e-03	-1.005797289999999997e-02
7.405114375000000000e+09	1.587620999999999889e-04	-4.641535399999999721e-03
7.405116500000000000e+09	1.895481299999999961e-03	-3.304200099999999793e-03
7.405118625000000000e+09	2.524244000000000140e-03	-1.055370920000000060e-02
7.405120750000000000e+09	2.441114700000000109e-03	-5.766748399999999629e-03
7.405122875000000000e+09	3.758219900000000016e-03	-5.229784599999999679e-03
7.405125000000000000e+09	1.817313299999999974e-03	-2.582259099999999977e-03
7.405127125000000000e+09	2.063644900000000202e-03	-6.419309800000000052e-03
7.405129250000000000e+09	-6.017930000000000165e-05	-4.560912000000000299e-03
7.405131375000000000e+09	1.105296699999999991e-03	-1.116713069999999974e-02
7.405133500000000000e+09	-7.345671000000000232e-04	-4.310383299999999765e-03
7.405135625000000000e+09	2.577132000000000207e-03	-5.986045100000000202e-03
7.405137750000000000e+09	2.935276299999999786e-03	-5.737844500000000361e-03
7.405139875000000000e+09	8.224060999999999524e-04	-9.828586400000000403e-03
7.405142000000000000e+09	-1.672060400000000089e-03	-6.909617300000000378e-03
7.405144125000000000e+09	4.143193300000000412e-03	-7.317276000000000162e-03
7.405146250000000000e+09	-1.205782999999999985e-03	-6.470397900000000001e-03
7.405148375000000000e+09	-3.717436299999999846e-03	-9.331441899999999220e-03
7.405150500000000000e+09	2.891871700000000090e-03	-6.530939500000000099e-03
7.405152625000000000e+09	1.007758400000000011e-03	-9.032066199999999254e-03
7.405154750000000000e+09	4.078834899999999805e-03	-5.128257599999999986e-03
7.405156875000000000e+09	-3.541253199999999917e-03	-5.592672600000000126e-03
7.405159000000000000e+09	7.614164000000000305e-04	5.161760999999999520e-04
7.405161125000000000e+09	6.408369999999999767e-05	-4.822223900000000354e-03
7.405163250000000000e+09	-3.622335000000000073e-04	-7.585951199999999700e-03
7.405165375000000000e+09	-3.383158600000000030e-03	-6.136968900000000331e-03
7.405167500000000000e+09	7.160168999999999648e-04	-7.227683099999999972e-03
7.405169625000000000e+09	-1.977892199999999826e-03	-5.185334599999999981e-03
7.405171750000000000e+09	1.490761099999999987e-03	-7.601583700000000103e-03
7.405173875000000000e+09	2.885487400000000084e-03	2.650147999999999957e-04
7.405176000000000000e+09	-1.255656400000000096e-03	1.121901999999999952e-04
7.405178125000000000e+09	-2.204798999999999962e-04	-7.821298699999999771e-03
7.405180250000000000e+09	3.879357000000000270e-04	-4.161585300000000300e-03
7.405182375000000000e+09	1.693450399999999910e-03	-5.679313800000000342e-03
7.405184500000000000e+09	-6.043077999999999471e-04	-3.145581000000000158e-03
7.405186625000000000e+09	-8.869436000000000507e-04	-5.309505600000000158e-03
7.405188750000000000e+09	-1.899980699999999920e-03	-8.020264500000000643e-03
7.405190875000000000e+09	5.741480499999999931e-03	-1.281386919999999950e-02
7.405193000000000000e+09	1.727660000000000057e-04	-5.608285200000000248e-03
7.405195125000000000e+09	2.128520200000000133e-03	-1.037877790000000036e-02
7.405197250000000000e+09	-7.798936999999999493e-04	-4.434610700000000093e-03
7.405199375000000000e+09	-2.121386700000000083e-03	-6.618901299999999620e-03
7.405201500000000000e+09	-4.042984999999999917e-04	-9.576599999999999349e-03
7.405203625000000000e+09	3.601836900000000060e-03	-5.879170100000000003e-03
7.405205750000000000e+09	2.957765499999999957e-03	-7.138954299999999975e-03
7.405207875000000000e+09	6.920348800000000050e-03	-4.221978500000000099e-03
7.405210000000000000e+09	-5.564527000000000535e-04	-2.505369999999999819e-03
7.405212125000000000e+09	8.803980000000000367e-05	-2.195744300000000010e-03
7.405214250000000000e+09	-1.642451999999999974e-04	-7.848008000000000067e-03
7.405216375000000000e+09	-2.683698100000000020e-03	-4.099070300000000333e-03
7.405218500000000000e+09	-2.058688300000000027e-03	-4.556339900000000269e-03
7.405220625000000000e+09	-5.874670000000000456e-04	-6.178950400000000030e-03
7.405222750000000000e+09	2.457251299999999809e-03	-4.002390500000000371e-03
7.405224875000000000e+09	4.348013099999999999e-03	-5.114488300000000036e-03
7.405227000000000000e+09	-2.378644999999999924e-04	-1.423913599999999946e-03
7.405229125000000000e+09	4.400973400000000001e-03	-1.007975239999999925e-02
7.405231250000000000e+09	-2.887352999999999730e-04	3.525088000000000223e-04
7.405233375000000000e+09	-8.498649999999999683e-05	-5.058315300000000396e-03
7.405235500000000000e+09	-2.789416099999999892e-03	-3.731993700000000094e-03
7.405237625000000000e+09	1.346646800000000010e-03	-7.348449299999999622e-03
7.405239750000000000e+09	-3.436756300000000115e-03	-2.350578700000000108e-03
7.405241875000000000e+09	7.797438000000000069e-04	-9.513014900000000065e-03
7.405244000000000000e+09	1.143116900000000101e-03	-7.825953999999999550e-03
7.405246125000000000e+09	-3.703513500000000028e-03	-4.786388699999999732e-03
7.405248250000000000e+09	-1.701569100000000032e-03	-4.920880499999999609e-03
7.405250375000000000e+09	2.627450800000000197e-03	-4.882783499999999652e-03
7.405252500000000000e+09	1.793598800000000036e-03	-7.174853200000000202e-03
7.405254625000000000e+09	2.127699199999999891e-03	-1.136109589999999975e-02
7.405256750000000000e+09	-5.950724000000000118e-04	-4.872101999999999683e-03
7.405258875000000000e+09	-5.650901199999999909e-03	-6.406388699999999645e-03
7.405261000000000000e+09	-3.087649699999999841e-03	-3.142613900000000137e-03
7.405263125000000000e+09	2.118212099999999994e-03	-7.814774300000000562e-03
7.405265250000000000e+09	-2.001425000000000036e-04	-6.296508200000000208e-03
7.405267375000000000e+09	-3.689414099999999835e-03	-7.675505200000000069e-03
7.405269500000000000e+09	1.713416200000000009e-03	-3.558370600000000140e-03
7.405271625000000000e+09	-1.050194400000000090e-03	-1.043910299999999992e-02
7.405273750000000000e+09	-1.548539399999999955e-03	-4.352925500000000281e-03
7.405275875000000000e+09	-2.561884200000000018e-03	-2.010209000000000052e-04
7.405278000000000000e+09	4.312652900000000025e-03	3.497681000000000097e-04
7.405280125000000000e+09	2.030075999999999907e-04	-7.940400800000000509e-03
7.405282250000000000e+09	-2.405251399999999880e-03	-3.606305000000000188e-03
7.405284375000000000e+09	-1.796391800000000103e-03	-3.631744100000000152e-03
7.405286500000000000e+09	-7.911812999999999528e-04	-3.702220799999999829e-03
7.405288625000000000e+09	-1.223065400000000096e-03	-1.038025530000000023e-02
7.405290750000000000e+09	4.406026099999999987e-03	-8.020717700000000797e-03
7.405292875000000000e+09	2.411028999999999863e-03	-4.547614699999999975e-03
7.405295000000000000e+09	-7.286461999999999627e-04	-5.700100999999999953e-03
7.405297125000000000e+09	-4.054291899999999671e-03	-5.294458999999999624e-03
7.405299250000000000e+09	-1.506323800000000006e-03	-5.211672799999999932e-03
7.405301375000000000e+09	3.756907400000000005e-03	-6.237285399999999667e-03
7.405303500000000000e+09	1.751815000000000100e-04	-6.740583700000000317e-03
7.405305625000000000e+09	-4.998866999999999720e-04	-1.958402299999999815e-03
7.405307750000000000e+09	-3.518138100000000115e-03	-6.914746299999999929e-03
7.405309875000000000e+09	-1.513170099999999914e-03	-2.492891499999999854e-03
7.405312000000000000e+09	4.679767700000000280e-03	-4.291761100000000308e-03
7.405314125000000000e+09	2.670732700000000119e-03	-8.065325099999999525e-03
7.405316250000000000e+09	-3.623457100000000101e-03	-3.642320499999999843e-03
7.405318375000000000e+09	1.893294800000000066e-03	-7.286662099999999774e-03
7.405320500000000000e+09	1.456500199999999964e-03	-7.862627299999999306e-03
7.405322625000000000e+09	3.862755399999999971e-03	-3.069864199999999908e-03
7.405324750000000000e+09	1.179589599999999973e-03	-7.939234899999999748e-03
7.405326875000000000e+09	-5.925136000000000118e-04	-8.404668999999999812e-04
7.405329000000000000e+09	-2.290650400000000114e-03	-6.021984099999999791e-03
7.405331125000000000e+09	1.444525799999999945e-03	-7.208792500000000061e-03
7.405333250000000000e+09	-5.330350999999999883e-04	-5.936516699999999994e-03
7.405335375000000000e+09	-1.047745000000000046e-04	-2.095774800000000174e-03
7.405337500000000000e+09	5.262552999999999892e-04	-4.665597500000000231e-03
7.405339625000000000e+09	3.297092399999999868e-03	-5.423446699999999975e-03
7.405341750000000000e+09	1.507557700000000103e-03	-4.435635900000000145e-03
7.405343875000000000e+09	-3.876938199999999980e-03	-4.469207600000000419e-03
7.405346000000000000e+09	4.217634999999999744e-04	-9.048186399999999865e-03
7.405348125000000000e+09	3.385061600000000177e-03	-2.797375500000000119e-03
7.405350250000000000e+09	7.386086999999999948e-04	-1.004139400000000036e-02
7.405352375000000000e+09	-1.314605699999999962e-03	-3.881584699999999794e-03
7.405354500000000000e+09	-3.028567000000000238e-04	-5.337077699999999772e-03
7.405356625000000000e+09	1.131944499999999916e-03	-4.671406900000000216e-03
7.405358750000000000e+09	1.513533899999999939e-03	-1.282135549999999929e-02
7.405360875000000000e+09	-3.139838999999999738e-04	-6.458110900000000286e-03
7.405363000000000000e+09	-1.406893900000000079e-03	-6.380146899999999607e-03
7.405365125000000000e+09	3.590980399999999829e-03	-3.411278800000000066e-03
7.405367250000000000e+09	-1.340607800000000009e-03	-3.759819100000000216e-03
7.405369375000000000e+09	2.426472000000000101e-04	-6.461795200000000280e-03
7.405371500000000000e+09	4.591169600000000184e-03	-6.258420399999999918e-03
7.405373625000000000e+09	-4.648695799999999836e-03	-4.331620199999999636e-03
7.405375750000000000e+09	-1.798356299999999972e-03	-7.200343500000000278e-03
7.405377875000000000e+09	5.273909999999999926e-04	-8.818610699999999969e-03
7.405380000000000000e+09	8.980820999999999509e-04	-4.761101400000000358e-03
7.405382125000000000e+09	-3.487523199999999820e-03	-4.825319699999999594e-03
7.405384250000000000e+09	-2.641840800000000173e-03	-6.100492800000000167e-03
7.405386375000000000e+09	7.219792999999999740e-04	-5.733439199999999965e-03
7.405388500000000000e+09	-3.893550300000000065e-03	-3.726463499999999908e-03
7.405390625000000000e+09	-8.984156999999999777e-04	-6.522566900000000348e-03
7.405392750000000000e+09	-5.319393999999999642e-04	-4.330732999999999805e-03
7.405394875000000000e+09	-4.055096099999999822e-03	-5.415462400000000363e-03
7.405397000000000000e+09	2.409160899999999907e-03	-5.353451900000000263e-03
7.405399125000000000e+09	-8.880768999999999946e-04	-4.668161399999999801e-03
7.405401250000000000e+09	5.449852800000000094e-03	2.358227000000000066e-03
7.405403375000000000e+09	1.843832600000000098e-03	-1.058259499999999933e-03
7.405405500000000000e+09	2.165691999999999878e-03	-1.101314939999999999e-02
7.405407625000000000e+09	6.464847000000000345e-04	-4.102126099999999810e-03
7.405409750000000000e+09	-9.453683000000000268e-04	-5.672080799999999756e-03
7.405411875000000000e+09	3.754252300000000125e-03	-5.062257100000000162e-03
7.405414000000000000e+09	3.053444999999999901e-04	5.155980000000000057e-05
7.405416125000000000e+09	4.601353000000000192e-04	-4.843674299999999738e-03
7.405418250000000000e+09	3.371187500000000052e-03	-2.476621300000000133e-03
7.405420375000000000e+09	3.768222800000000164e-03	-5.121744899999999996e-03
7.405422500000000000e+09	-3.551979999999999829e-05	-8.529716300000000223e-03
7.405424625000000000e+09	-1.403782699999999925e-03	-4.666129000000000197e-04
7.405426750000000000e+09	1.028559799999999910e-03	-2.192712099999999907e-03
7.405428875000000000e+09	-2.487571899999999926e-03	-8.161033899999999702e-03
7.405431000000000000e+09	-6.887332999999999606e-04	-3.632696700000000167e-03
7.405433125000000000e+09	-1.343835499999999992e-03	-3.107938800000000033e-03
7.405435250000000000e+09	-5.276071499999999970e-03	-5.001822199999999587e-03
7.405437375000000000e+09	6.307491000000000356e-04	-9.487430499999999559e-03
7.405439500000000000e+09	-5.085991000000000210e-04	3.229625999999999764e-04
7.405441625000000000e+09	-1.403771399999999975e-03	-4.809702299999999570e-03
7.405443750000000000e+09	-1.210500000000000099e-06	-1.167325699999999895e-03
7.405445875000000000e+09	-3.762780900000000164e-03	-3.701426299999999951e-03
7.405448000000000000e+09	-2.569108000000000069e-03	-5.185599200000000006e-03
7.405450125000000000e+09	-2.890005599999999949e-03	-7.340154500000000380e-03
7.405452250000000000e+09	-3.484968999999999871e-04	-8.323212999999999445e-03
7.405454375000000000e+09	2.356283000000000086e-04	-6.405082500000000047e-03
7.405456500000000000e+09	2.188249999999999928e-04	-4.157696599999999992e-03
7.405458625000000000e+09	-1.929645700000000037e-03	-1.924212299999999900e-03
7.405460750000000000e+09	3.305063999999999919e-03	-8.773315999999999754e-03
7.405462875000000000e+09	-3.500311500000000044e-03	-4.873208599999999738e-03
7.405465000000000000e+09	-3.374909999999999846e-05	-4.772836299999999587e-03
7.405467125000000000e+09	3.211680499999999914e-03	-3.640893200000000149e-03
7.405469250000000000e+09	-1.757262500000000057e-03	-5.276163000000000380e-03
7.405471375000000000e+09	2.593340000000000077e-04	-2.875872199999999872e-03
7.405473500000000000e+09	-6.097522000000000402e-04	-6.829169900000000258e-03
7.405475625000000000e+09	1.983691699999999905e-03	-4.786037800000000203e-03
7.405477750000000000e+09	4.599011000000000071e-04	-6.640724800000000032e-03
7.405479875000000000e+09	-5.759768000000000179e-03	-5.348052699999999646e-03
7.405482000000000000e+09	3.275901500000000070e-03	-6.247903200000000032e-03
7.405484125000000000e+09	2.393031600000000095e-03	-6.483305800000000244e-03
7.405486250000000000e+09	-9.163501999999999802e-04	-5.715093400000000219e-03
7.405488375000000000e+09	5.311008000000000092e-04	-1.196518099999999965e-03
7.405490500000000000e+09	-1.642572400000000049e-03	-4.759636499999999985e-03
7.405492625000000000e+09	-1.905592800000000062e-03	-3.371975599999999917e-03
7.405494750000000000e+09	-3.997495900000000088e-03	-3.537479899999999931e-03
7.405496875000000000e+09	-1.438197900000000090e-03	-6.315905900000000003e-03
7.405499000000000000e+09	-2.632512100000000081e-03	-3.826726700000000151e-03
7.405501125000000000e+09	-2.406977199999999883e-03	-4.396407399999999882e-03
7.405503250000000000e+09	-5.829998000000000081e-04	-7.203937199999999735e-03
7.405505375000000000e+09	1.598865600000000083e-03	-3.483398600000000168e-03
7.405507500000000000e+09	-5.855450000000000325e-05	-2.670167800000000039e-03
7.405509625000000000e+09	-3.065533400000000196e-03	-5.428274299999999962e-03
7.405511750000000000e+09	-7.204174000000000255e-04	-2.015868200000000155e-03
7.405513875000000000e+09	3.252347499999999787e-03	-2.239806500000000172e-03
7.405516000000000000e+09	-3.828710000000000143e-05	-5.549235100000000052e-03
7.405518125000000000e+09	-1.136358399999999992e-03	-3.596067599999999871e-03
7.405520250000000000e+09	-1.026093999999999964e-03	-3.727846099999999972e-03
7.405522375000000000e+09	-1.495394799999999989e-03	-6.564886600000000016e-03
7.405524500000000000e+09	4.462045000000000421e-03	-6.190949099999999879e-03
7.405526625000000000e+09	-4.828939000000000083e-04	-4.971561200000000277e-03
7.405528750000000000e+09	2.602821200000000022e-03	-4.275872600000000211e-03
7.405530875000000000e+09	1.735032700000000089e-03	-4.654739899999999625e-03
7.405533000000000000e+09	-9.038769000000000534e-04	-9.914267999999999519e-04
7.405535125000000000e+09	-1.740620700000000036e-03	-4.584650099999999610e-03
7.405537250000000000e+09	6.229830999999999477e-04	-9.934494599999999648e-03
7.405539375000000000e+09	7.519854900000000168e-03	-3.401475000000000158e-03
7.405541500000000000e+09	-3.709041999999999851e-04	-5.637802499999999654e-03
7.405543625000000000e+09	-1.806675200000000059e-03	-6.303771900000000421e-03
7.405545750000000000e+09	4.897283000000000322e-04	-4.597363900000000017e-03
7.405547875000000000e+09	-7.580250999999999873e-04	-6.172431199999999993e-03
7.405550000000000000e+09	1.442483000000000046e-03	-5.559440199999999763e-03
7.405552125000000000e+09	-2.441024200000000040e-03	-3.220861800000000049e-03
7.405554250000000000e+09	-1.098654099999999941e-03	-6.372896400000000426e-03
7.405556375000000000e+09	2.707038699999999957e-03	-2.316847000000000080e-04
7.405558500000000000e+09	-1.796320400000000041e-03	-7.121094700000000360e-03
7.405560625000000000e+09	2.256023000000000067e-04	-2.026416599999999839e-03
7.405562750000000000e+09	3.833439399999999820e-03	-2.727779400000000191e-03
7.405564875000000000e+09	-2.186589899999999941e-03	-6.106904500000000409e-03
7.405567000000000000e+09	3.048224799999999825e-03	-7.556701899999999743e-03
7.405569125000000000e+09	4.227714700000000277e-03	-5.902322399999999913e-03
7.405571250000000000e+09	-6.096200500000000140e-03	-7.153718899999999756e-03
7.405573375000000000e+09	-2.298400999999999884e-04	-3.864907299999999993e-03
7.405575500000000000e+09	2.776804500000000075e-03	-4.561511600000000069e-03
7.405577625000000000e+09	-1.221078100000000041e-03	-7.444853100000000008e-03
7.405579750000000000e+09	-1.042884000000000026e-04	-6.357975400000000221e-03
7.405581875000000000e+09	-4.356256099999999791e-03	-7.506557199999999708e-03
7.405584000000000000e+09	-2.787885199999999997e-03	-5.192875399999999711e-03
7.405586125000000000e+09	-3.439401000000000242e-04	-8.380580500000000058e-03
7.405588250000000000e+09	4.420687999999999983e-04	-4.318982100000000324e-03
7.405590375000000000e+09	2.990340599999999956e-03	-8.464796400000000262e-03
7.405592500000000000e+09	5.126282999999999925e-04	-6.902286500000000269e-03
7.405594625000000000e+09	-2.865618700000000137e-03	-4.989236799999999597e-03
7.405596750000000000e+09	2.385509699999999872e-03	-2.620074999999999921e-03
7.405598875000000000e+09	2.518970000000000042e-04	-2.161068999999999837e-03
7.405601000000000000e+09	2.514247800000000109e-03	-1.006570260000000036e-02
7.405603125000000000e+09	-5.622108899999999666e-03	-7.070528599999999740e-03
7.405605250000000000e+09	-1.452475200000000015e-03	-4.617633700000000133e-03
7.405607375000000000e+09	-2.481928899999999872e-03	-2.588656200000000011e-03
7.405609500000000000e+09	7.154241999999999459e-04	-6.388644199999999815e-03
7.405611625000000000e+09	1.485134599999999921e-03	-1.052540329999999968e-02
7.405613750000000000e+09	9.407240000000000415e-05	-7.634791200000000215e-03
7.405615875000000000e+09	-1.021475999999999894e-03	-4.574498899999999632e-03
7.405618000000000000e+09	-7.741369999999999372e-05	-6.027417400000000328e-03
7.405620125000000000e+09	-4.185778700000000047e-03	-7.338800200000000426e-03
7.405622250000000000e+09	-1.000909199999999982e-03	-8.143673100000000178e-03
7.405624375000000000e+09	-2.519392899999999946e-03	-5.245552799999999953e-03
7.405626500000000000e+09	-4.443221699999999608e-03	-2.421167499999999848e-03
7.405628625000000000e+09	-1.370956100000000032e-03	-7.355605599999999640e-03
7.405630750000000000e+09	4.844235900000000428e-03	-6.120437299999999942e-03
7.405632875000000000e+09	1.606744499999999964e-03	-5.016901800000000099e-03
7.405635000000000000e+09	4.342949599999999799e-03	-3.388108500000000089e-03
7.405637125000000000e+09	3.902188899999999884e-03	-4.967642199999999612e-03
7.405639250000000000e+09	6.485135999999999635e-04	-1.163608629999999915e-02
7.405641375000000000e+09	-2.559538999999999998e-03	-6.339418500000000047e-03
7.405643500000000000e+09	1.794795799999999910e-03	-6.341758799999999696e-03
7.405645625000000000e+09	1.166173999999999992e-04	-3.272847299999999838e-03
7.405647750000000000e+09	1.081026999999999975e-04	-4.177585299999999821e-03
7.405649875000000000e+09	3.160172499999999891e-03	-6.323130899999999596e-03
7.405652000000000000e+09	5.288170200000000092e-03	-2.015971499999999819e-03
7.405654125000000000e+09	9.830209999999999382e-04	-6.832296000000000289e-04
7.405656250000000000e+09	-2.402771100000000194e-03	-8.725909999999999916e-03
7.405658375000000000e+09	-3.801813099999999841e-03	-7.053164899999999661e-03
7.405660500000000000e+09	1.782408099999999900e-03	-5.092142099999999623e-03
7.405662625000000000e+09	5.830310000000000088e-05	-2.538416099999999970e-03
7.405664750000000000e+09	1.113398399999999955e-03	-7.769486100000000395e-03
7.405666875000000000e+09	3.169482300000000044e-03	-4.886011800000000273e-03
7.405669000000000000e+09	1.372628299999999971e-03	-5.353236200000000000e-03
7.405671125000000000e+09	-8.786345999999999783e-04	-1.079824310000000037e-02
7.405673250000000000e+09	-9.301840999999999495e-04	-4.298060499999999985e-03
7.405675375000000000e+09	4.772526299999999694e-03	-9.333152500000000545e-03
7.405677500000000000e+09	-2.038881800000000039e-03	-5.754847199999999635e-03
7.405679625000000000e+09	-6.045611400000000350e-03	-7.708479600000000057e-03
7.405681750000000000e+09	7.189885000000000026e-04	-1.137934499999999904e-03
7.405683875000000000e+09	4.121159000000000107e-03	-5.082328100000000140e-03
7.405686000000000000e+09	2.159669300000000014e-03	-6.718088900000000405e-03
7.405688125000000000e+09	-4.590135099999999996e-03	-4.691640099999999994e-03
7.405690250000000000e+09	7.678822999999999985e-04	-5.904083200000000142e-03
7.405692375000000000e+09	2.336872299999999923e-03	-3.368950999999999803e-03
7.405694500000000000e+09	-1.608781799999999939e-03	-7.011877199999999762e-03
7.405696625000000000e+09	-2.995162300000000100e-03	-4.301606399999999622e-03
7.405698750000000000e+09	2.049173100000000088e-03	-1.567804500000000070e-03
7.405700875000000000e+09	-1.658118299999999977e-03	-6.714726199999999923e-03
7.405703000000000000e+09	1.490311000000000023e-03	-3.708891399999999887e-03
7.405705125000000000e+09	1.328317500000000036e-03	-5.061052699999999717e-03
7.405707250000000000e+09	-3.220278500000000200e-03	-5.619901800000000336e-03
7.405709375000000000e+09	4.283476199999999671e-03	-1.490115100000000007e-03
7.405711500000000000e+09	4.584549400000000399e-03	-3.204940700000000111e-03
7.405713625000000000e+09	-3.629380199999999827e-03	-4.504824400000000291e-03
7.405715750000000000e+09	-5.734282500000000005e-03	-5.200388299999999901e-03
7.405717875000000000e+09	1.545743999999999883e-04	-1.435603099999999957e-03
7.405720000000000000e+09	5.765316300000000033e-03	-4.027754100000000177e-03
7.405722125000000000e+09	1.580758999999999940e-03	-7.650393200000000192e-03
7.405724250000000000e+09	-1.567865099999999918e-03	-3.734030699999999967e-03
7.405726375000000000e+09	2.267389600000000068e-03	-8.884563800000000108e-03
7.405728500000000000e+09	1.645033599999999943e-03	-6.969199999999999614e-04
7.405730625000000000e+09	1.129543700000000019e-03	-7.897561699999999796e-03
7.405732750000000000e+09	3.389086999999999829e-04	-7.529314300000000161e-03
7.405734875000000000e+09	-4.568976599999999971e-03	-4.694598000000000347e-03
7.405737000000000000e+09	-2.028580800000000153e-03	-4.301696399999999955e-03
7.405739125000000000e+09	4.032815999999999831e-03	-3.949692399999999576e-03
7.405741250000000000e+09	-2.489788199999999792e-03	-2.818527999999999832e-03
7.405743375000000000e+09	1.004467999999999952e-04	-8.143484499999999182e-03
7.405745500000000000e+09	1.245943000000000007e-04	-1.205442060000000079e-02
7.405747625000000000e+09	1.253936700000000005e-03	-5.796917999999999863e-03
7.405749750000000000e+09	2.353116699999999954e-03	-3.439969099999999787e-03
7.405751875000000000e+09	-2.770613199999999963e-03	-8.016720300000000285e-03
7.405754000000000000e+09	1.877083899999999967e-03	-8.393963100000000413e-03
7.405756125000000000e+09	-6.199755999999999843e-03	-4.603945100000000380e-03
7.405758250000000000e+09	-5.397247299999999651e-03	-4.763228100000000027e-03
7.405760375000000000e+09	4.346018000000000103e-04	-3.225247499999999833e-03
7.405762500000000000e+09	3.090028700000000111e-03	-8.425555100000000838e-03
7.405764625000000000e+09	-3.291229499999999853e-03	-3.672521299999999874e-03
7.405766750000000000e+09	3.397756999999999731e-04	-7.153848899999999851e-03
7.405768875000000000e+09	-6.315723000000000517e-04	-1.336916500000000013e-03
7.405771000000000000e+09	1.653489099999999991e-03	-4.317610500000000108e-03
7.405773125000000000e+09	-1.749918199999999898e-03	-2.198735399999999975e-03
7.405775250000000000e+09	-3.565749000000000002e-04	-5.935469799999999914e-03
7.405777375000000000e+09	2.602579199999999898e-03	-5.437108799999999798e-03
7.405779500000000000e+09	9.870757000000000402e-04	-7.143548900000000305e-03
7.405781625000000000e+09	-8.187646999999999503e-04	-3.295754100000000165e-03
7.405783750000000000e+09	4.986005000000000385e-04	-7.324925500000000096e-03
7.405785875000000000e+09	1.372716099999999988e-03	-4.948191499999999958e-03
7.405788000000000000e+09	6.687324000000000350e-04	-6.393902299999999587e-03
7.405790125000000000e+09	7.430228000000000310e-04	-6.185947100000000268e-03
7.405792250000000000e+09	-3.391036400000000187e-03	-8.115599200000000318e-03
7.405794375000000000e+09	9.787955999999999566e-04	-9.700458400000000481e-03
7.405796500000000000e+09	3.076045199999999976e-03	-6.152242399999999743e-03
7.405798625000000000e+09	-1.031468499999999965e-03	-2.976700599999999863e-03
7.405800750000000000e+09	7.530660000000000164e-05	-5.627419800000000097e-03
7.405802875000000000e+09	-1.477352999999999880e-04	-2.996313899999999888e-03
7.405805000000000000e+09	-1.097291200000000090e-03	-8.901098099999999250e-03
7.405807125000000000e+09	-5.886268099999999656e-03	-1.858433500000000000e-03
7.405809250000000000e+09	-4.059144800000000046e-03	-8.737873700000000840e-03
7.405811375000000000e+09	2.485949099999999919e-03	-4.071001500000000044e-03
7.405813500000000000e+09	-4.817866199999999710e-03	-7.244473300000000074e-03
7.405815625000000000e+09	1.385063099999999997e-03	-7.380338099999999776e-03
7.405817750000000000e+09	1.763793299999999930e-03	-7.457624199999999572e-03
7.405819875000000000e+09	3.799380900000000078e-03	-3.526647300000000044e-03
7.405822000000000000e+09	1.272645100000000017e-03	6.921546000000000426e-04
7.405824125000000000e+09	-1.114368599999999900e-03	-7.128276700000000035e-03
7.405826250000000000e+09	2.493882800000000056e-03	-2.716539799999999859e-03
7.405828375000000000e+09	-2.777635999999999994e-03	-6.052221899999999863e-03
7.405830500000000000e+09	1.816934899999999957e-03	-5.079352599999999857e-03
7.405832625000000000e+09	4.597550000000000052e-05	-9.162221800000000180e-03
7.405834750000000000e+09	-3.498124400000000161e-03	-5.778596599999999764e-03
7.405836875000000000e+09	-3.889978300000000201e-03	-8.741798999999999750e-03
7.405839000000000000e+09	-4.419700000000000222e-06	-5.914156299999999943e-03
7.405841125000000000e+09	4.119106999999999998e-04	-5.525819599999999727e-03
7.405843250000000000e+09	5.842023200000000076e-03	-5.395534799999999846e-03
7.405845375000000000e+09	-1.559067199999999986e-03	-5.402436099999999644e-03
7.405847500000000000e+09	-3.271942199999999974e-03	-1.068858000000000058e-04
7.405849625000000000e+09	-2.292833099999999798e-03	2.135750000000000007e-05
7.405851750000000000e+09	-1.855296399999999905e-03	-2.969398399999999966e-03
7.405853875000000000e+09	3.449963400000000038e-03	-4.510255399999999609e-03
7.405856000000000000e+09	-3.254275100000000084e-03	-5.857731199999999770e-03
7.405858125000000000e+09	1.398815799999999923e-03	-4.571092700000000363e-03
7.405860250000000000e+09	-4.173836799999999618e-03	-5.542759300000000069e-03
7.405862375000000000e+09	4.032023600000000235e-03	-2.470375600000000119e-03
7.405864500000000000e+09	-2.027297700000000192e-03	-5.020126899999999628e-03
7.405866625000000000e+09	-1.910729699999999922e-03	-8.089171900000000776e-03
7.405868750000000000e+09	9.311861000000000053e-04	-4.255392799999999608e-03
7.405870875000000000e+09	1.394609399999999916e-03	-2.740530399999999839e-03
7.405873000000000000e+09	-2.346545399999999931e-03	-4.329905900000000085e-03
7.405875125000000000e+09	-3.061433299999999792e-03	-1.043255210000000079e-02
7.405877250000000000e+09	3.804481399999999885e-03	-8.008153999999999967e-04
7.405879375000000000e+09	-1.473813299999999918e-03	-9.731886999999999613e-04
7.405881500000000000e+09	1.343642699999999949e-03	-3.717614299999999830e-03
7.405883625000000000e+09	5.141018999999999711e-04	-8.029493599999999731e-03
7.405885750000000000e+09	-2.772556099999999839e-03	-6.398150499999999755e-03
7.405887875000000000e+09	-1.725346700000000020e-03	-8.212969800000000792e-03
7.405890000000000000e+09	-2.806885199999999917e-03	-6.986807799999999666e-03
7.405892125000000000e+09	6.977689999999999934e-04	-2.315198699999999887e-03
7.405894250000000000e+09	4.240714999999999936e-03	-8.722039699999999812e-03
7.405896375000000000e+09	-5.016062100000000419e-03	-7.493897400000000368e-03
7.405898500000000000e+09	-2.443551100000000004e-03	-8.571123700000000609e-03
7.405900625000000000e+09	1.968790299999999879e-03	-6.502922599999999727e-03
7.405902750000000000e+09	-5.763850000000000050e-05	-4.524370300000000317e-03
7.405904875000000000e+09	5.232448000000000220e-04	-6.681467100000000429e-03
7.405907000000000000e+09	1.727148099999999999e-03	-2.708480100000000123e-03
7.405909125000000000e+09	1.391036399999999928e-03	-7.436387499999999769e-03
7.405911250000000000e+09	2.658216799999999977e-03	-5.027682999999999805e-03
7.405913375000000000e+09	1.871479699999999916e-03	-6.234547499999999742e-03
7.405915500000000000e+09	3.882122699999999808e-03	-6.222088300000000287e-03
7.405917625000000000e+09	6.988836999999999914e-04	-5.241436799999999764e-03
7.405919750000000000e+09	1.059813900000000034e-03	-4.458394800000000345e-03
7.405921875000000000e+09	-1.208986900000000092e-03	-6.300865600000000316e-03
7.405924000000000000e+09	2.437413600000000024e-03	-7.756813900000000296e-03
7.405926125000000000e+09	-1.315535799999999894e-03	-1.091359759999999991e-02
7.405928250000000000e+09	1.904368800000000089e-03	-5.111504000000000221e-03
7.405930375000000000e+09	-2.152556500000000084e-03	-1.453136100000000088e-03
7.405932500000000000e+09	3.181028999999999931e-04	-6.525404799999999679e-03
7.405934625000000000e+09	4.976240399999999967e-03	-8.821453999999999407e-03
7.405936750000000000e+09	1.026322199999999936e-03	-6.532352299999999619e-03
7.405938875000000000e+09	-4.288971800000000202e-03	-9.181463299999999619e-03
7.405941000000000000e+09	1.009561499999999919e-03	-4.414476399999999780e-03
7.405943125000000000e+09	-6.610559000000000010e-04	-6.222427699999999798e-03
7.405945250000000000e+09	-1.308862899999999919e-03	-6.773674099999999962e-03
7.405947375000000000e+09	6.850412000000000168e-04	-9.184404700000000851e-03
7.405949500000000000e+09	-3.123397999999999886e-03	-3.561598500000000191e-03
7.405951625000000000e+09	1.285642499999999988e-03	-3.774809200000000132e-03
7.405953750000000000e+09	9.658368999999999548e-04	-1.800953000000000102e-03
7.405955875000000000e+09	2.753466200000000055e-03	-5.075498099999999936e-03
7.405958000000000000e+09	-2.754603400000000136e-03	-8.353509900000000155e-03
7.405960125000000000e+09	3.378105499999999907e-03	-5.313546899999999594e-03
7.405962250000000000e+09	-2.412850700000000043e-03	-6.276703300000000332e-03
7.405964375000000000e+09	-2.143002999999999987e-04	-9.278185600000000630e-03
7.405966500000000000e+09	-6.858634000000000171e-04	-4.186043300000000071e-03
7.405968625000000000e+09	5.965634999999999948e-04	-4.105094000000000104e-03
7.405970750000000000e+09	-3.377470599999999809e-03	-6.137020299999999644e-03
7.405972875000000000e+09	-8.227055999999999519e-04	-3.954430800000000371e-03
7.405975000000000000e+09	-5.130728200000000266e-03	-5.963663800000000396e-03
7.405977125000000000e+09	-2.823491999999999929e-03	-6.498951799999999612e-03
7.405979250000000000e+09	1.356835200000000097e-03	-3.321247299999999930e-03
7.405981375000000000e+09	-3.498913099999999797e-03	-6.087837799999999862e-03
7.405983500000000000e+09	-3.302515000000000008e-04	-6.691715099999999590e-03
7.405985625000000000e+09	-2.287739799999999844e-03	-5.085024599999999825e-03
7.405987750000000000e+09	-3.372373799999999963e-03	-1.395012800000000001e-03
7.405989875000000000e+09	1.318994999999999998e-04	-4.756322700000000132e-03
7.405992000000000000e+09	3.642788999999999793e-04	-2.358839399999999864e-03
7.405994125000000000e+09	3.874960099999999810e-03	-6.814484499999999730e-03
7.405996250000000000e+09	2.379548100000000027e-03	-4.127997399999999706e-03
7.405998375000000000e+09	-2.647278600000000075e-03	-7.129057500000000012e-03
7.406000500000000000e+09	4.194513300000000076e-03	-2.837464400000000182e-03
7.406002625000000000e+09	-8.274153999999999927e-04	-7.553463600000000049e-03
7.406004750000000000e+09	-6.470672299999999898e-03	-1.621930699999999965e-03
7.406006875000000000e+09	-8.252523999999999797e-04	-3.165200600000000163e-03
7.406009000000000000e+09	7.292049999999999411e-05	-2.639521699999999946e-03
7.406011125000000000e+09	-5.945056199999999846e-03	-7.722209600000000049e-03
7.406013250000000000e+09	-2.638819000000000256e-04	-2.370741899999999867e-03
7.406015375000000000e+09	3.056381300000000044e-03	-4.139072999999999732e-04
7.406017500000000000e+09	2.415856899999999953e-03	-4.761405899999999677e-03
7.406019625000000000e+09	-3.642131800000000114e-03	-6.129902300000000109e-03
7.406021750000000000e+09	-2.847408400000000193e-03	-8.687380899999999628e-03
7.406023875000000000e+09	-6.106085399999999948e-03	-6.014320899999999956e-03
7.406026000000000000e+09	-2.496911999999999786e-04	-4.438075500000000263e-03
7.406028125000000000e+09	-2.227254499999999863e-03	-6.580384699999999691e-03
7.406030250000000000e+09	-2.033467499999999911e-03	-6.653708200000000433e-03
7.406032375000000000e+09	7.241288000000000455e-04	5.029779999999999538e-04
7.406034500000000000e+09	-4.491028999999999789e-04	-2.540926199999999843e-03
7.406036625000000000e+09	4.255864199999999896e-03	-5.261189799999999722e-03
7.406038750000000000e+09	2.197133899999999859e-03	-6.937166699999999624e-03
7.406040875000000000e+09	-2.742226700000000190e-03	-3.204960199999999822e-03
7.406043000000000000e+09	-4.871726399999999971e-03	-3.792703100000000167e-03
7.406045125000000000e+09	8.862583000000000049e-04	-4.487502200000000052e-03
7.406047250000000000e+09	-1.255637200000000054e-03	-5.521892100000000067e-03
7.406049375000000000e+09	-3.598633999999999861e-03	-4.507473399999999825e-03
7.406051500000000000e+09	3.992846199999999617e-03	-6.617460200000000424e-03
7.406053625000000000e+09	1.698527100000000057e-03	-6.056091599999999762e-03
7.406055750000000000e+09	3.187099899999999968e-03	-4.521019099999999853e-03
7.406057875000000000e+09	2.820041999999999926e-04	-5.522156700000000092e-03
7.406060000000000000e+09	2.534489999999999920e-04	-8.678713600000000430e-03
7.406062125000000000e+09	2.271802800000000122e-03	-4.378424300000000220e-03
7.406064250000000000e+09	4.616545700000000349e-03	-5.153845599999999985e-03
7.406066375000000000e+09	-7.380385999999999848e-04	-3.271963799999999967e-03
7.406068500000000000e+09	-2.753996500000000045e-03	-3.013088100000000172e-03
7.406070625000000000e+09	1.495586400000000057e-03	-6.268593099999999856e-03
7.406072750000000000e+09	1.596672999999999951e-04	-4.389521399999999664e-03
7.406074875000000000e+09	-5.564299899999999854e-03	-8.351371600000000867e-03
7.406077000000000000e+09	1.295850400000000003e-03	-1.003627929999999918e-02
7.406079125000000000e+09	1.468970399999999918e-03	-1.091044210000000070e-02
7.406081250000000000e+09	-7.226319999999999619e-05	-8.852771699999999536e-03
7.406083375000000000e+09	-3.724703000000000107e-04	1.810206499999999922e-03
7.406085500000000000e+09	-3.614724199999999783e-03	-6.623025599999999603e-03
7.406087625000000000e+09	1.687761299999999964e-03	-5.085502999999999899e-03
7.406089750000000000e+09	2.306295400000000009e-03	-3.036461700000000086e-03
7.406091875000000000e+09	-1.349717100000000095e-03	-3.406435699999999997e-03
7.406094000000000000e+09	-3.029046999999999989e-03	-6.818965800000000022e-03
7.406096125000000000e+09	-2.331024399999999819e-03	-2.320757100000000149e-03
7.406098250000000000e+09	-2.610692899999999834e-03	-1.078318700000000007e-03
7.406100375000000000e+09	1.377620000000000034e-05	-5.640814099999999671e-03
7.406102500000000000e+09	3.830627999999999984e-03	-9.833242600000000055e-03
7.406104625000000000e+09	1.126913100000000037e-03	-2.288638899999999830e-03
7.406106750000000000e+09	-4.074039999999999910e-04	-4.213172500000000008e-03
7.406108875000000000e+09	4.539512300000000423e-03	-3.972566500000000028e-03
7.406111000000000000e+09	-4.609113100000000220e-03	-8.530432900000000859e-03
7.406113125000000000e+09	6.916676400000000210e-03	-3.831736699999999888e-03
7.406115250000000000e+09	-2.525734099999999999e-03	-6.952338000000000181e-04
7.406117375000000000e+09	8.223974999999999471e-04	-4.103623500000000424e-03
7.406119500000000000e+09	2.709803099999999812e-03	-6.576381099999999667e-03
7.406121625000000000e+09	4.177202300000000187e-03	-7.270370200000000026e-03
7.406123750000000000e+09	1.626559399999999997e-03	-2.102012400000000027e-03
7.406125875000000000e+09	-6.017464000000000363e-04	-5.863141700000000338e-03
7.406128000000000000e+09	4.124758499999999807e-03	-6.774694799999999781e-03
7.406130125000000000e+09	-4.392038800000000291e-03	-3.117498499999999968e-03
7.406132250000000000e+09	-2.059170899999999797e-03	-8.212648899999999350e-03
7.406134375000000000e+09	3.086997499999999915e-03	-3.863027599999999985e-03
7.406136500000000000e+09	1.865420200000000080e-03	-4.745491800000000392e-03
7.406138625000000000e+09	-2.360673700000000003e-03	-1.004987819999999914e-02
7.406140750000000000e+09	-3.226109600000000212e-03	-4.417800999999999846e-03
7.406142875000000000e+09	-2.584853399999999940e-03	-3.474350599999999952e-03
7.406145000000000000e+09	1.283598200000000012e-03	-8.092164799999999186e-03
7.406147125000000000e+09	-8.896330000000000253e-04	-8.069812000000000859e-03
7.406149250000000000e+09	-5.468696999999999794e-04	-3.461343100000000006e-03
7.406151375000000000e+09	1.514069999999999956e-04	-7.079126399999999958e-03
7.406153500000000000e+09	-6.803372000000000022e-04	-7.048318700000000270e-03
7.406155625000000000e+09	-3.758688400000000183e-03	-1.002872400000000058e-03
7.406157750000000000e+09	-2.687732500000000139e-03	-5.587205399999999739e-03
7.406159875000000000e+09	-1.919894300000000000e-03	-5.180531599999999709e-03
7.406162000000000000e+09	1.459140199999999898e-03	-5.117694600000000094e-03
7.406164125000000000e+09	1.096785099999999895e-03	-5.358665299999999972e-03
7.406166250000000000e+09	5.978198999999999579e-04	-6.841590100000000292e-03
7.406168375000000000e+09	-1.625847999999999887e-04	-9.875709099999999477e-03
7.406170500000000000e+09	3.099835400000000140e-03	-6.596086900000000010e-03
7.406172625000000000e+09	-3.652061199999999917e-03	-5.955362700000000307e-03
7.406174750000000000e+09	-4.833489000000000166e-04	-4.867085900000000034e-03
7.406176875000000000e+09	-6.365030399999999956e-03	-9.183868600000000618e-03
7.406179000000000000e+09	3.103288999999999961e-04	-9.680947100000000111e-03
7.406181125000000000e+09	-1.871944999999999913e-04	-8.163575600000000376e-03
7.406183250000000000e+09	-2.493904999999999820e-03	-8.400424700000000758e-03
7.406185375000000000e+09	1.323681200000000014e-03	-7.637752999999999730e-03
7.406187500000000000e+09	2.650216899999999817e-03	-5.573289599999999705e-03
7.406189625000000000e+09	-5.091371999999999608e-04	-7.838212199999999852e-03
7.406191750000000000e+09	1.934625400000000066e-03	-4.404574300000000178e-03
7.406193875000000000e+09	-2.494053999999999889e-03	-6.395520400000000161e-03
7.406196000000000000e+09	1.072613200000000107e-03	-4.344215200000000297e-03
7.406198125000000000e+09	-3.221384900000000186e-03	-9.495346999999999468e-04
7.406200250000000000e+09	1.026120799999999996e-03	-6.700432200000000157e-03
7.406202375000000000e+09	1.184225000000000067e-04	-3.501166500000000171e-03
7.406204500000000000e+09	3.895694299999999995e-03	-8.731764200000000434e-03
7.406206625000000000e+09	1.954112400000000173e-03	-6.368645999999999942e-04
7.406208750000000000e+09	-1.260742999999999933e-03	-5.355475000000000166e-03
7.406210875000000000e+09	-3.422423200000000026e-03	-6.940063500000000392e-03
7.406213000000000000e+09	1.862308999999999926e-04	-2.248115499999999919e-03
7.406215125000000000e+09	-7.380474999999999839e-04	-1.033588499999999952e-02
7.406217250000000000e+09	3.543976500000000068e-03	-2.927501700000000127e-03
7.406219375000000000e+09	2.293891999999999958e-04	-9.238067900000000721e-03
7.406221500000000000e+09	-3.246590699999999958e-03	-8.897149400000000166e-03
7.406223625000000000e+09	-3.847361100000000131e-03	-6.125082300000000111e-03
7.406225750000000000e+09	1.131440000000000050e-03	1.047830399999999948e-03
7.406227875000000000e+09	4.763482099999999907e-03	-9.343806399999999776e-03
7.406230000000000000e+09	-2.418075699999999804e-03	-5.208211299999999586e-03
7.406232125000000000e+09	-3.955570400000000403e-03	-3.158592899999999870e-03
7.406234250000000000e+09	3.500088699999999962e-03	-7.128729299999999984e-03
7.406236375000000000e+09	-4.814730500000000309e-03	-5.748739099999999706e-03
7.406238500000000000e+09	-5.260329200000000288e-03	-2.009620000000000156e-03
7.406240625000000000e+09	-2.040723300000000032e-03	-4.717416700000000122e-03
7.406242750000000000e+09	2.081710000000000098e-05	-7.881489400000000339e-03
7.406244875000000000e+09	-3.754089700000000189e-03	-6.090360099999999992e-03
7.406247000000000000e+09	4.408486000000000197e-04	-6.710956300000000228e-03
7.406249125000000000e+09	-3.471245600000000178e-03	-6.298246500000000136e-03
7.406251250000000000e+09	9.692470000000000122e-04	-8.246667200000000128e-03
7.406253375000000000e+09	4.209503999999999872e-04	-2.282887400000000074e-03
7.406255500000000000e+09	2.986702600000000138e-03	-3.257292599999999944e-03
7.406257625000000000e+09	4.326280000000000192e-05	-4.811875499999999917e-03
7.406259750000000000e+09	-2.051407400000000020e-03	-5.097096300000000281e-03
7.406261875000000000e+09	-2.388140600000000172e-03	-2.752039899999999834e-03
7.406264000000000000e+09	-1.908019800000000004e-03	-2.640354799999999977e-03
7.406266125000000000e+09	-5.112259999999999737e-05	-8.827016899999999902e-03
7.406268250000000000e+09	-2.683734299999999788e-03	-1.838169099999999992e-03
7.406270375000000000e+09	-2.893403299999999789e-03	-7.086242399999999678e-03
7.406272500000000000e+09	-1.197883000000000064e-04	-4.991732100000000061e-03
7.406274625000000000e+09	-7.430804000000000489e-04	-7.865365600000000235e-03
7.406276750000000000e+09	-1.082062300000000057e-03	-5.311333799999999952e-03
7.406278875000000000e+09	-5.514425000000000316e-04	-3.899970100000000033e-03
7.406281000000000000e+09	8.864103000000000130e-04	-5.894490100000000093e-03
7.406283125000000000e+09	-1.655550599999999978e-03	-3.567035599999999855e-03
7.406285250000000000e+09	-2.869805799999999851e-03	-2.054468399999999969e-03
7.406287375000000000e+09	1.039147600000000018e-03	2.043680000000000057e-05
7.406289500000000000e+09	1.534834400000000031e-03	-9.686700100000000813e-03
7.406291625000000000e+09	-1.132215999999999935e-04	-8.154675499999999855e-03
7.406293750000000000e+09	-4.346594900000000372e-03	-2.099205099999999855e-03
7.406295875000000000e+09	-1.319095099999999980e-03	-7.868554800000000099e-03
7.406298000000000000e+09	-1.693641399999999990e-03	-5.280114999999999505e-04
7.406300125000000000e+09	-8.689915000000000096e-04	-6.665509699999999822e-03
7.406302250000000000e+09	-2.844990300000000034e-03	-5.891914800000000105e-03
7.406304375000000000e+09	-9.603748000000000059e-04	-3.747690299999999804e-03
7.406306500000000000e+09	4.242093599999999937e-03	-4.076538000000000210e-03
7.406308625000000000e+09	2.853133600000000089e-03	-4.899766699999999649e-03
7.406310750000000000e+09	-5.413847000000000277e-04	-3.017836600000000074e-03
7.406312875000000000e+09	-8.361055999999999523e-04	-8.658624199999999382e-03
7.406315000000000000e+09	-4.238065899999999935e-03	-4.830967000000000247e-03
7.406317125000000000e+09	8.169553999999999878e-04	-9.093284499999999826e-03
7.406319250000000000e+09	-1.494701800000000028e-03	-5.358685200000000252e-03
7.406321375000000000e+09	-1.716539599999999987e-03	-4.913741200000000184e-03
7.406323500000000000e+09	-2.616835499999999818e-03	-2.158786800000000051e-03
7.406325625000000000e+09	-2.724483099999999800e-03	-8.337187000000000243e-04
7.406327750000000000e+09	-2.265429499999999964e-03	-2.945217700000000213e-03
7.406329875000000000e+09	3.048317000000000040e-04	-1.005784919999999985e-02
7.406332000000000000e+09	-6.452122900000000112e-03	-4.221508700000000357e-03
7.406334125000000000e+09	2.144311099999999908e-03	-3.434589599999999816e-03
7.406336250000000000e+09	-3.462661599999999895e-03	-3.507183999999999996e-03
7.406338375000000000e+09	-9.396600000000000395e-04	-5.486575500000000216e-03
7.406340500000000000e+09	-5.498735999999999728e-04	-6.651690699999999838e-03
7.406342625000000000e+09	-2.775210000000000177e-03	-4.495532499999999737e-03
7.406344750000000000e+09	-4.834933799999999865e-03	-5.133124299999999862e-03
7.406346875000000000e+09	-5.673946999999999498e-04	-3.666930300000000205e-03
7.406349000000000000e+09	2.846368100000000196e-03	-7.670893199999999877e-03
7.406351125000000000e+09	-3.938326600000000011e-03	-2.942681899999999816e-03
7.406353250000000000e+09	-2.424648699999999973e-03	-6.499919899999999709e-03
7.406355375000000000e+09	-3.616176400000000162e-03	-5.130068500000000385e-03
7.406357500000000000e+09	-5.474087000000000093e-04	-8.870737800000000339e-03
7.406359625000000000e+09	-1.333185000000000077e-04	-3.917420500000000187e-03
7.406361750000000000e+09	2.452045500000000090e-03	-1.694953699999999933e-03
7.406363875000000000e+09	-3.281126899999999968e-03	-4.933096300000000198e-03
7.406366000000000000e+09	8.535682999999999639e-04	-5.110643800000000056e-03
7.406368125000000000e+09	-2.024887799999999793e-03	-4.805406100000000381e-03
7.406370250000000000e+09	-1.306967899999999898e-03	-6.904487600000000155e-03
7.406372375000000000e+09	-4.158001000000000036e-04	-4.231920200000000194e-03
7.406374500000000000e+09	7.177206000000000211e-04	-8.413751500000000300e-03
7.406376625000000000e+09	8.451221999999999771e-04	-5.027773400000000274e-03
7.406378750000000000e+09	-2.929240699999999861e-03	-3.843905999999999799e-03
7.406380875000000000e+09	-2.771393000000000034e-03	-4.539017999999999699e-03
7.406383000000000000e+09	2.995277399999999885e-03	-1.027416630000000004e-02
7.406385125000000000e+09	-3.987930800000000046e-03	-5.535878400000000289e-03
7.406387250000000000e+09	6.281730499999999863e-03	-1.813316099999999964e-03
7.406389375000000000e+09	-3.974189000000000367e-03	-5.434253800000000273e-03
7.406391500000000000e+09	-3.956079399999999635e-03	-4.772814299999999892e-03
7.406393625000000000e+09	-2.115371100000000039e-03	-4.984693899999999983e-03
7.406395750000000000e+09	-1.531491999999999966e-03	-4.131550999999999800e-03
7.406397875000000000e+09	-1.772423800000000023e-03	6.853360000000000398e-05
7.406400000000000000e+09	-4.801414900000000249e-03	-1.817791399999999944e-03
7.406402125000000000e+09	-4.463608299999999654e-03	-4.685685700000000002e-03
7.406404250000000000e+09	-6.699549499999999692e-03	-5.321257999999999717e-03
7.406406375000000000e+09	-1.209091499999999982e-03	-3.843959899999999964e-03
7.406408500000000000e+09	-1.609908699999999977e-03	-5.398905699999999655e-03
7.406410625000000000e+09	-3.161182599999999999e-03	-3.315502499999999856e-03
7.406412750000000000e+09	7.014856000000000520e-04	-9.177730000000000642e-05
7.406414875000000000e+09	-4.199388999999999986e-04	-3.515523699999999804e-03
7.406417000000000000e+09	3.157502799999999804e-03	-1.501522300000000028e-03
7.406419125000000000e+09	-3.108650599999999899e-03	-1.099806500000000001e-03
7.406421250000000000e+09	-3.094991799999999901e-03	-6.656078600000000373e-03
7.406423375000000000e+09	-4.644951700000000266e-03	-4.152531299999999773e-03
7.406425500000000000e+09	-3.573609999999999959e-04	-9.707226000000000223e-04
7.406427625000000000e+09	-5.451205399999999902e-03	-3.828764699999999931e-03
7.406429750000000000e+09	-2.952238499999999995e-03	-5.123653799999999987e-03
7.406431875000000000e+09	-1.153827600000000052e-03	-8.661325500000000704e-03
7.406434000000000000e+09	-7.432441000000000351e-04	-3.893074600000000045e-03
7.406436125000000000e+09	-2.114542499999999808e-03	-3.031374800000000147e-03
7.406438250000000000e+09	3.620943399999999868e-03	-8.177598399999999601e-03
7.406440375000000000e+09	-2.162220900000000161e-03	-8.438837100000000715e-03
7.406442500000000000e+09	-4.722735300000000143e-03	-8.787546199999999447e-03
7.406444625000000000e+09	1.579646999999999996e-03	-6.496411199999999747e-03
7.406446750000000000e+09	2.371404499999999870e-03	-6.679843900000000285e-03
7.406448875000000000e+09	-1.339458400000000105e-03	-7.848391099999999301e-03
7.406451000000000000e+09	-4.445612300000000364e-03	-3.736640700000000079e-03
7.406453125000000000e+09	-2.222468999999999920e-03	-5.516162899999999675e-03
7.406455250000000000e+09	1.914759999999999943e-05	-4.848649699999999819e-03
7.406457375000000000e+09	-5.008130000000000394e-03	-7.364524300000000433e-03
7.406459500000000000e+09	-3.864483999999999845e-04	-4.327725699999999953e-03
7.406461625000000000e+09	3.633934599999999893e-03	1.213382499999999999e-03
7.406463750000000000e+09	-2.879339500000000027e-03	1.603250000000000074e-04
7.406465875000000000e+09	-6.925231000000000442e-04	-6.938399300000000144e-03
7.406468000000000000e+09	-2.080221599999999924e-03	-2.764613400000000103e-03
7.406470125000000000e+09	5.983435999999999746e-04	-2.860629200000000018e-03
7.406472250000000000e+09	5.260391599999999883e-03	-6.830447499999999644e-03
7.406474375000000000e+09	2.606335100000000023e-03	-8.303503800000000545e-03
7.406476500000000000e+09	1.599090899999999933e-03	-5.079325200000000054e-03
7.406478625000000000e+09	5.084096000000000188e-04	-7.081959100000000118e-03
7.406480750000000000e+09	-1.109033099999999971e-03	-2.603474599999999924e-03
7.406482875000000000e+09	-4.280787299999999976e-03	-6.570689200000000285e-03
7.406485000000000000e+09	1.669020499999999962e-03	-1.678146200000000003e-03
7.406487125000000000e+09	-2.225332500000000175e-03	-6.862659600000000325e-03
7.406489250000000000e+09	-2.833270299999999815e-03	-5.948775000000000113e-04
7.406491375000000000e+09	9.876336999999999356e-04	-2.445440699999999919e-03
7.406493500000000000e+09	-3.148097299999999977e-03	-2.995834599999999941e-03
7.406495625000000000e+09	3.269496299999999876e-03	-2.567309900000000131e-03
7.406497750000000000e+09	-6.745790999999999463e-04	-6.825352800000000081e-03
7.406499875000000000e+09	-2.586117299999999859e-03	-7.389989799999999859e-03
7.406502000000000000e+09	-3.911431499999999672e-03	-2.700937000000000260e-04
7.406504125000000000e+09	9.539322999999999943e-04	-1.053773100000000070e-03
7.406506250000000000e+09	-2.216188699999999817e-03	-7.963489799999999216e-03
7.406508375000000000e+09	-8.591102000000000200e-04	-2.148847599999999941e-03
7.406510500000000000e+09	-3.214046999999999824e-04	-2.776433200000000094e-03
7.406512625000000000e+09	1.221477999999999963e-04	-6.861000699999999716e-03
7.406514750000000000e+09	-3.285475200000000009e-03	6.664934000000000179e-04
7.406516875000000000e+09	-2.049378200000000205e-03	-3.297607599999999913e-03
7.406519000000000000e+09	3.556006000000000119e-04	-2.994096199999999978e-03
7.406521125000000000e+09	-1.632868100000000027e-03	-2.874849599999999838e-03
7.406523250000000000e+09	2.090617099999999944e-03	-7.031360900000000261e-03
7.406525375000000000e+09	-1.056921300000000048e-03	-4.099544600000000309e-03
7.406527500000000000e+09	-2.729083499999999940e-03	-3.598627499999999813e-03
7.406529625000000000e+09	-2.568970299999999950e-03	-4.775850300000000423e-03
7.406531750000000000e+09	-4.481676000000000084e-04	-4.349104900000000211e-03
7.406533875000000000e+09	2.078448599999999872e-03	-6.657668099999999867e-03
7.406536000000000000e+09	2.224548199999999872e-03	-8.364565699999999826e-03
7.406538125000000000e+09	-4.367331000000000013e-04	-5.196910899999999771e-03
7.406540250000000000e+09	-4.714292400000000272e-03	-6.195655199999999634e-03
7.406542375000000000e+09	-2.509373000000000072e-04	-3.394285600000000128e-03
7.406544500000000000e+09	-3.922805199999999763e-03	3.038388999999999955e-04
7.406546625000000000e+09	-2.155298999999999843e-03	-5.360261600000000050e-03
7.406548750000000000e+09	3.119487999999999905e-04	-8.034191799999999828e-03
7.406550875000000000e+09	-2.072590100000000057e-03	-8.669957400000000841e-03
7.406553000000000000e+09	-4.009620999999999671e-03	-7.217218099999999671e-03
7.406555125000000000e+09	-1.785827999999999938e-03	-8.098472400000000793e-03
7.406557250000000000e+09	-1.317302800000000069e-03	-5.537278500000000249e-03
7.406559375000000000e+09	-2.595112499999999850e-03	-3.753938400000000203e-03
7.406561500000000000e+09	-5.584131499999999727e-03	-4.934771800000000395e-03
7.406563625000000000e+09	-5.583667000000000491e-04	-3.021708699999999925e-03
7.406565750000000000e+09	-2.722864800000000026e-03	-1.756595600000000106e-03
7.406567875000000000e+09	3.597906999999999906e-04	-9.063480599999999832e-03
7.406570000000000000e+09	2.186768500000000129e-03	-7.257703699999999702e-03
7.406572125000000000e+09	-3.251796000000000265e-04	-6.365709300000000313e-03
7.406574250000000000e+09	-2.329766300000000144e-03	-6.618783700000000284e-03
7.406576375000000000e+09	-5.109618000000000449e-04	-2.735520899999999839e-03
7.406578500000000000e+09	8.107830999999999589e-04	-5.340638800000000255e-03
7.406580625000000000e+09	1.692909899999999910e-03	-6.071371699999999691e-03
7.406582750000000000e+09	-9.716888000000000131e-04	-6.539355200000000236e-03
7.406584875000000000e+09	-1.662683500000000040e-03	-4.558724699999999914e-03
7.406587000000000000e+09	2.018396400000000129e-03	-4.709080899999999910e-03
7.406589125000000000e+09	3.758560000000000199e-03	-1.401446499999999939e-03
7.406591250000000000e+09	1.407790799999999965e-03	-3.966045900000000381e-03
7.406593375000000000e+09	-2.037624300000000135e-03	-2.073639799999999790e-03
7.406595500000000000e+09	-2.333864299999999833e-03	-2.627739300000000132e-03
7.406597625000000000e+09	-4.934192300000000107e-03	1.814980099999999926e-03
7.406599750000000000e+09	-5.385289000000000135e-04	-3.247048900000000082e-03
7.406601875000000000e+09	-5.428129000000000287e-04	-4.395670100000000427e-03
7.406604000000000000e+09	-5.443676100000000191e-03	-1.583807599999999998e-03
7.406606125000000000e+09	7.771764000000000016e-04	-4.360813800000000115e-03
7.406608250000000000e+09	-4.727739199999999968e-03	-3.523972299999999884e-03
7.406610375000000000e+09	-2.787776899999999929e-03	-2.694493999999999969e-03
7.406612500000000000e+09	-4.096985000000000145e-04	-3.310926599999999831e-03
7.406614625000000000e+09	-1.237422699999999980e-03	-6.167886499999999765e-03
7.406616750000000000e+09	-1.554213299999999921e-03	-6.899446999999999742e-04
7.406618875000000000e+09	2.284084699999999832e-03	-7.036734099999999818e-03
7.406621000000000000e+09	-3.400947100000000119e-03	-7.313215799999999919e-03
7.406623125000000000e+09	-6.138125300000000020e-03	-9.242671399999999315e-03
7.406625250000000000e+09	-6.320937000000000430e-03	-7.019367599999999652e-03
7.406627375000000000e+09	5.232874999999999463e-04	-3.281363199999999883e-03
7.406629500000000000e+09	-4.252803900000000185e-03	1.144514000000000067e-04
7.406631625000000000e+09	8.625880999999999956e-04	-4.940805199999999571e-03
7.406633750000000000e+09	-4.228472000000000263e-04	-9.521512799999999610e-03
7.406635875000000000e+09	-1.625709999999999991e-04	-2.856849600000000051e-03
7.406638000000000000e+09	-5.677666000000000266e-04	-2.960114900000000108e-03
7.406640125000000000e+09	9.457388999999999856e-04	-6.384801899999999718e-03
7.406642250000000000e+09	-2.897444000000000104e-04	-2.398214000000000075e-03
7.406644375000000000e+09	-2.491660299999999811e-03	-7.008566699999999733e-03
7.406646500000000000e+09	-5.012385000000000278e-03	-4.665009999999999817e-03
7.406648625000000000e+09	-2.939712900000000014e-03	-6.646779099999999829e-03
7.406650750000000000e+09	-1.582905099999999936e-03	-7.754850300000000300e-03
7.406652875000000000e+09	-3.232360000000000338e-05	-3.803933399999999930e-03
7.406655000000000000e+09	3.925832500000000364e-03	-3.401251499999999837e-03
7.406657125000000000e+09	-2.943622999999999921e-04	-3.094059200000000200e-03
7.406659250000000000e+09	2.635674699999999981e-03	-6.858081200000000315e-03
7.406661375000000000e+09	3.171405600000000175e-03	-4.208644899999999973e-03
7.406663500000000000e+09	2.972859999999999858e-05	-5.958914099999999651e-03
7.406665625000000000e+09	-4.268801299999999688e-03	-3.127310900000000206e-03
7.406667750000000000e+09	-4.072486000000000161e-03	-7.807407999999999839e-04
7.406669875000000000e+09	-1.303782999999999982e-03	-6.233365299999999928e-03
7.406672000000000000e+09	-3.734824700000000108e-03	-1.080395079999999994e-02
7.406674125000000000e+09	2.290646000000000023e-04	-7.812031900000000403e-03
7.406676250000000000e+09	-5.916762899999999763e-03	-4.707782399999999902e-03
7.406678375000000000e+09	1.344011200000000059e-03	-3.325377100000000054e-03
7.406680500000000000e+09	-1.569713799999999980e-03	-1.136667709999999998e-02
7.406682625000000000e+09	-2.104885999999999823e-03	-8.026783500000000612e-03
7.406684750000000000e+09	9.295492999999999941e-04	-3.889536500000000032e-03
7.406686875000000000e+09	-6.747839999999999416e-05	-3.314157400000000003e-03
7.406689000000000000e+09	1.062346700000000059e-03	-5.745586999999999916e-03
7.406691125000000000e+09	-2.599021200000000038e-03	-8.449164400000000463e-03
7.406693250000000000e+09	-3.585562000000000037e-03	-8.354320700000000821e-03
7.406695375000000000e+09	2.794121200000000173e-03	-6.428429000000000261e-03
7.406697500000000000e+09	3.131111700000000029e-03	-8.239027799999999735e-03
7.406699625000000000e+09	-5.207700999999999693e-04	-3.155717699999999962e-03
7.406701750000000000e+09	-2.988728200000000026e-03	-2.798690700000000184e-03
7.406703875000000000e+09	-3.834914599999999802e-03	-6.235124899999999748e-03
7.406706000000000000e+09	-6.243666699999999951e-03	-2.679047800000000212e-03
7.406708125000000000e+09	-2.655318800000000101e-03	-2.584345999999999952e-03
7.406710250000000000e+09	-2.459706800000000144e-03	-1.624644900000000048e-03
7.406712375000000000e+09	-1.342501500000000021e-03	-2.668151799999999955e-03
7.406714500000000000e+09	4.991072099999999644e-03	-3.919743899999999712e-03
7.406716625000000000e+09	3.736810999999999822e-04	-4.867219600000000090e-03
7.406718750000000000e+09	-6.368457999999999801e-04	-6.491798200000000081e-03
7.406720875000000000e+09	1.419906299999999962e-03	-6.790191699999999914e-03
7.406723000000000000e+09	3.179803599999999914e-03	-1.116669829999999974e-02
7.406725125000000000e+09	-2.219251599999999981e-03	-4.512590700000000156e-03
7.406727250000000000e+09	-9.534460999999999718e-04	-6.261589500000000301e-03
7.406729375000000000e+09	-2.226843000000000052e-04	-5.429989799999999922e-03
7.406731500000000000e+09	-4.037290699999999607e-03	-2.725252100000000090e-03
7.406733625000000000e+09	-7.528430000000000018e-04	-3.680177399999999890e-03
7.406735750000000000e+09	-6.668562700000000079e-03	-5.432429199999999972e-03
7.406737875000000000e+09	-6.943514100000000057e-03	-4.480282799999999767e-03
7.406740000000000000e+09	-6.735298999999999496e-04	-8.076990200000000106e-03
7.406742125000000000e+09	9.805066999999999342e-04	-2.244871600000000050e-03
7.406744250000000000e+09	3.151713200000000065e-03	-5.670999099999999953e-03
7.406746375000000000e+09	-2.157744300000000170e-03	-1.092515000000000066e-03
7.406748500000000000e+09	-1.851136000000000025e-04	-7.518075100000000399e-03
7.406750625000000000e+09	-1.266511400000000032e-03	-7.902955399999999839e-03
7.406752750000000000e+09	-3.054604299999999929e-03	-6.560480700000000283e-03
7.406754875000000000e+09	-3.044457799999999818e-03	-6.977009699999999967e-03
7.406757000000000000e+09	-9.277270000000000438e-04	-6.184968899999999763e-03
7.406759125000000000e+09	-6.506996900000000007e-03	-4.095212499999999721e-03
7.406761250000000000e+09	-1.547890500000000070e-03	-5.004808799999999752e-03
7.406763375000000000e+09	-2.182215099999999970e-03	-9.330449799999999613e-03
7.406765500000000000e+09	2.103315699999999937e-03	-4.662062100000000271e-03
7.406767625000000000e+09	9.237469000000000105e-04	-8.393536300000000588e-03
7.406769750000000000e+09	-3.743829000000000167e-03	-3.484349900000000173e-03
7.406771875000000000e+09	-7.074040000000000189e-04	-5.054189899999999604e-03
7.406774000000000000e+09	-2.751627200000000047e-03	-5.046110000000000352e-03
7.406776125000000000e+09	-7.906614000000000394e-04	-6.070676599999999881e-03
7.406778250000000000e+09	-2.398900600000000022e-03	-2.210907099999999837e-03
7.406780375000000000e+09	-2.157304799999999918e-03	9.181799999999999402e-05
7.406782500000000000e+09	-4.796388000000000062e-04	-3.875767599999999785e-03
7.406784625000000000e+09	1.319348000000000027e-04	-4.667743299999999908e-03
7.406786750000000000e+09	-3.717383299999999988e-03	-6.395755500000000100e-03
7.406788875000000000e+09	-5.464919799999999779e-03	-2.821288800000000194e-03
7.406791000000000000e+09	1.209619899999999975e-03	-6.363766800000000140e-03
7.406793125000000000e+09	8.872322000000000194e-04	-5.239132900000000384e-03
7.406795250000000000e+09	-2.229906199999999884e-03	-2.984680100000000006e-03
7.406797375000000000e+09	-5.134703999999999484e-04	-6.680743299999999940e-03
7.406799500000000000e+09	-3.190088000000000212e-03	-4.322382500000000217e-03
7.406801625000000000e+09	-5.889003999999999767e-04	-5.888776099999999680e-03
7.406803750000000000e+09	-1.617058800000000050e-03	-4.032417299999999614e-03
7.406805875000000000e+09	-1.222703400000000034e-03	-7.380129499999999766e-03
7.406808000000000000e+09	-1.066055900000000087e-03	-7.781707900000000427e-03
7.406810125000000000e+09	-7.555679000000000475e-04	-4.938025399999999669e-03
7.406812250000000000e+09	-8.679045999999999506e-04	-3.646569000000000112e-03
7.406814375000000000e+09	-4.730308299999999577e-03	-1.059151709999999955e-02
7.406816500000000000e+09	-1.239474300000000060e-03	3.738360000000000034e-04
7.406818625000000000e+09	-2.499659999999999903e-03	-3.008516699999999947e-03
7.406820750000000000e+09	-1.465332099999999997e-03	-8.469417499999999654e-03
7.406822875000000000e+09	-4.889214999999999707e-04	-3.468622499999999935e-03
7.406825000000000000e+09	-2.378703700000000046e-03	-5.986469599999999676e-03
7.406827125000000000e+09	-4.803203899999999686e-03	-1.610981899999999918e-03
7.406829250000000000e+09	-1.471789999999999947e-04	-2.763338599999999937e-03
7.406831375000000000e+09	-4.332145899999999793e-03	-3.304318399999999802e-03
7.406833500000000000e+09	-2.005095599999999912e-03	-3.920009000000000232e-04
7.406835625000000000e+09	-3.461997999999999985e-04	-8.143991300000000266e-03
7.406837750000000000e+09	-3.666550800000000030e-03	-5.705133099999999853e-03
7.406839875000000000e+09	-1.337894600000000050e-03	-5.769465500000000267e-03
7.406842000000000000e+09	-3.288586799999999866e-03	-8.279087299999999747e-03
7.406844125000000000e+09	-3.105372099999999941e-03	-2.091902799999999923e-03
7.406846250000000000e+09	1.156721899999999968e-03	-6.157008400000000409e-03
7.406848375000000000e+09	-1.110018200000000010e-03	-4.516268300000000034e-03
7.406850500000000000e+09	-1.182597799999999914e-03	-2.996016199999999852e-03
7.406852625000000000e+09	-1.466379099999999894e-03	-8.387704299999999835e-03
7.406854750000000000e+09	1.510644700000000028e-03	-3.740667000000000037e-03
7.406856875000000000e+09	8.313548999999999505e-04	-4.390009799999999678e-03
7.406859000000000000e+09	-2.770479900000000044e-03	-7.336026600000000036e-03
7.406861125000000000e+09	-3.077325000000000221e-04	-8.648080600000000034e-03
7.406863250000000000e+09	-8.658704999999999831e-04	-3.261997899999999860e-03
7.406865375000000000e+09	-5.212966999999999991e-04	-2.716278999999999829e-03
7.406867500000000000e+09	-9.513657999999999707e-04	-1.127018999999999938e-03
7.406869625000000000e+09	9.828587000000001041e-04	-4.728786300000000116e-03
7.406871750000000000e+09	-2.629803899999999875e-03	-4.851370100000000282e-03
7.406873875000000000e+09	-1.351752099999999936e-03	-4.560456499999999795e-03
7.406876000000000000e+09	-5.676199199999999896e-03	-8.164344900000000335e-03
7.406878125000000000e+09	-1.859604400000000081e-03	-1.141696629999999942e-02
7.406880250000000000e+09	-1.659817600000000051e-03	-2.509228799999999905e-03
7.406882375000000000e+09	-2.354451999999999934e-04	-5.300011099999999906e-03
7.406884500000000000e+09	8.030306999999999550e-04	-7.808316699999999846e-03
7.406886625000000000e+09	-2.007216200000000103e-03	-6.609661999999999656e-03
7.406888750000000000e+09	-3.150062300000000017e-03	-5.224483999999999725e-03
7.406890875000000000e+09	-2.835447000000000163e-04	-9.111033799999999558e-03
7.406893000000000000e+09	4.614894000000000136e-04	-4.296831899999999961e-03
7.406895125000000000e+09	3.579513999999999895e-04	-7.307782500000000250e-03
7.406897250000000000e+09	-2.417028099999999919e-03	-3.120923900000000147e-03
7.406899375000000000e+09	-4.157751399999999598e-03	-3.786610100000000183e-03
7.406901500000000000e+09	-2.201074800000000185e-03	-5.237414600000000336e-03
7.406903625000000000e+09	-6.653744999999999972e-04	-3.967533999999999883e-04
7.406905750000000000e+09	6.727318000000000360e-04	-5.476599399999999666e-03
7.406907875000000000e+09	-4.456692000000000054e-04	-3.802541200000000062e-03
7.406910000000000000e+09	-1.781013900000000000e-03	-1.152773460000000062e-02
7.406912125000000000e+09	-1.451594100000000095e-03	-5.476421000000000414e-03
7.406914250000000000e+09	-4.247701900000000301e-03	-2.846363199999999826e-03
7.406916375000000000e+09	-4.266053599999999890e-03	-7.416146299999999865e-03
7.406918500000000000e+09	-2.369095700000000120e-03	-4.752913099999999703e-03
7.406920625000000000e+09	-5.833900999999999627e-04	-7.764962000000000253e-03
7.406922750000000000e+09	-1.219314499999999942e-03	-6.660074099999999803e-03
7.406924875000000000e+09	-1.955594699999999974e-03	-6.583234000000000308e-03
7.406927000000000000e+09	-1.566890999999999944e-03	-6.376158199999999894e-03
7.406929125000000000e+09	-5.614271199999999740e-03	-4.426593199999999569e-03
7.406931250000000000e+09	-3.467106399999999884e-03	-7.434256499999999934e-03
7.406933375000000000e+09	-2.516990199999999834e-03	-4.161581400000000271e-03
7.406935500000000000e+09	-1.963306000000000003e-04	-5.315147400000000237e-03
7.406937625000000000e+09	-3.280977999999999933e-03	-2.673590400000000131e-03
7.406939750000000000e+09	-1.058638399999999903e-03	-8.559712699999999508e-03
7.406941875000000000e+09	-1.438136000000000015e-04	-2.567491099999999905e-03
7.406944000000000000e+09	-7.008214000000000457e-04	-2.700853100000000055e-03
7.406946125000000000e+09	-2.229972399999999907e-03	-3.539759700000000200e-03
7.406948250000000000e+09	-5.969020999999999702e-03	-5.769858899999999978e-03
7.406950375000000000e+09	-4.382349599999999998e-03	-8.288758699999999174e-03
7.406952500000000000e+09	-4.597382300000000220e-03	-5.618799300000000378e-03
7.406954625000000000e+09	-8.488413999999999465e-04	-2.661001499999999815e-03
7.406956750000000000e+09	-1.296507500000000082e-03	-2.765059700000000072e-03
7.406958875000000000e+09	-6.120834799999999749e-03	-2.422446999999999882e-03
7.406961000000000000e+09	-2.372522699999999977e-03	-6.973307100000000237e-03
7.406963125000000000e+09	-2.825978299999999926e-03	-7.646788399999999986e-03
7.406965250000000000e+09	-2.731931600000000147e-03	-5.345121300000000089e-03
7.406967375000000000e+09	-6.365337100000000026e-03	-5.580731599999999570e-03
7.406969500000000000e+09	-1.067119799999999893e-03	-5.023028500000000299e-03
7.406971625000000000e+09	-2.249371699999999814e-03	-5.044806199999999838e-03
7.406973750000000000e+09	-2.419747999999999994e-04	-5.119471999999999912e-03
7.406975875000000000e+09	-1.312064699999999961e-03	-3.223074399999999954e-03
7.406978000000000000e+09	-1.305520099999999935e-03	-7.406743500000000091e-03
7.406980125000000000e+09	-1.631400899999999954e-03	-3.946702499999999586e-03
7.406982250000000000e+09	-4.291032299999999848e-03	-5.963226999999999547e-04
7.406984375000000000e+09	-2.887228600000000135e-03	-4.643892699999999964e-03
7.406986500000000000e+09	-3.231407099999999977e-03	-3.562406199999999801e-03
7.406988625000000000e+09	-7.705197000000000218e-04	-6.905267799999999928e-03
7.406990750000000000e+09	-3.529645999999999782e-04	-7.573614700000000019e-03
7.406992875000000000e+09	-6.854872300000000238e-03	-3.284283499999999991e-03
7.406995000000000000e+09	-5.568383199999999734e-03	-7.247864599999999900e-03
7.406997125000000000e+09	-7.972673999999999690e-04	-8.682734799999999517e-03
7.406999250000000000e+09	-2.661599999999999860e-04	-3.569474400000000134e-03
7.407001375000000000e+09	-1.175842899999999950e-03	-2.758543000000000019e-03
7.407003500000000000e+09	-4.814096999999999929e-04	-4.841430699999999671e-03
7.407005625000000000e+09	-2.381004500000000104e-03	-4.339069099999999686e-03
7.407007750000000000e+09	-4.755021499999999637e-03	-9.174396200000000529e-03
7.407009875000000000e+09	-8.933603000000000464e-04	-4.624057400000000130e-03
7.407012000000000000e+09	-2.224680299999999816e-03	-2.503160899999999807e-03
7.407014125000000000e+09	7.468859999999999909e-04	-3.307787600000000171e-03
7.407016250000000000e+09	-3.382491100000000091e-03	-5.763301000000000188e-03
7.407018375000000000e+09	-2.893768200000000190e-03	-7.176945599999999884e-03
7.407020500000000000e+09	-5.904265399999999823e-03	-3.779967400000000099e-03
7.407022625000000000e+09	-2.208946800000000099e-03	-4.293843799999999718e-03
7.407024750000000000e+09	-1.276411799999999921e-03	-3.639612899999999842e-03
7.407026875000000000e+09	-1.561122600000000062e-03	-6.034675800000000034e-03
7.407029000000000000e+09	-1.660783600000000082e-03	-4.663352100000000416e-03
7.407031125000000000e+09	-6.988753099999999926e-03	-7.857271500000000478e-03
7.407033250000000000e+09	-3.549560599999999986e-03	-3.483847899999999859e-03
7.407035375000000000e+09	-6.000849100000000408e-03	-5.160465700000000169e-03
7.407037500000000000e+09	-5.682563000000000501e-04	-4.775294900000000113e-03
7.407039625000000000e+09	-6.509013999999999816e-04	-5.779080699999999612e-03
7.407041750000000000e+09	-6.470316400000000398e-03	-2.627984700000000114e-03
7.407043875000000000e+09	-2.053428800000000210e-03	-3.517998000000000262e-04
7.407046000000000000e+09	-5.684611200000000072e-03	-4.168883999999999979e-04
7.407048125000000000e+09	-5.611213599999999649e-03	-5.923362700000000397e-03
7.407050250000000000e+09	-2.445575599999999950e-03	-2.952634500000000158e-03
7.407052375000000000e+09	-2.232462800000000001e-03	-3.761831499999999939e-03
7.407054500000000000e+09	-2.522166100000000199e-03	-3.031866099999999849e-03
7.407056625000000000e+09	-2.748374100000000077e-03	-4.016701099999999726e-03
7.407058750000000000e+09	-9.713125999999999878e-04	-3.190372899999999786e-03
7.407060875000000000e+09	-2.483549900000000133e-03	-1.714213800000000077e-03
7.407063000000000000e+09	-4.694723700000000277e-03	-3.785245100000000050e-03
7.407065125000000000e+09	-1.527736499999999978e-03	-3.949724699999999748e-03
7.407067250000000000e+09	-3.153745999999999806e-04	-5.370836900000000233e-03
7.407069375000000000e+09	7.138344999999999500e-04	-2.015065199999999980e-03
7.407071500000000000e+09	-5.499444000000000467e-04	-4.916828600000000028e-03
7.407073625000000000e+09	-3.664492599999999867e-03	-6.176346600000000298e-03
7.407075750000000000e+09	-3.972634600000000266e-03	-2.679213399999999870e-03
7.407077875000000000e+09	-3.335135000000000248e-04	-4.419399299999999739e-03
7.407080000000000000e+09	-1.961717100000000009e-03	-4.101343399999999619e-03
7.407082125000000000e+09	-4.531281999999999758e-04	-3.416391300000000061e-03
7.407084250000000000e+09	-3.766076200000000214e-03	-5.593103299999999979e-03
7.407086375000000000e+09	-6.744095000000000081e-04	-3.662072000000000265e-04
7.407088500000000000e+09	1.885299000000000057e-04	-2.896048200000000093e-03
7.407090625000000000e+09	-1.779401600000000104e-03	2.204531500000000196e-03
7.407092750000000000e+09	-6.853833200000000216e-03	-2.901552999999999858e-03
7.407094875000000000e+09	-3.348392799999999787e-03	-5.390355999999999793e-03
7.407097000000000000e+09	7.202877000000000324e-04	-5.053050199999999971e-03
7.407099125000000000e+09	-3.115253799999999958e-03	-7.575398199999999749e-03
7.407101250000000000e+09	-7.901650000000000080e-04	-2.282624599999999795e-03
7.407103375000000000e+09	-2.581729000000000055e-03	-1.802561000000000105e-04
7.407105500000000000e+09	1.795085500000000037e-03	-3.381761499999999792e-03
7.407107625000000000e+09	1.625178199999999977e-03	-1.412808700000000011e-03
7.407109750000000000e+09	-2.650242599999999907e-03	-8.822028299999999656e-03
7.407111875000000000e+09	-5.748010900000000319e-03	-1.239188599999999996e-03
7.407114000000000000e+09	-4.503345100000000212e-03	-4.162398500000000050e-03
7.407116125000000000e+09	1.470020100000000085e-03	-7.951215699999999997e-03
7.407118250000000000e+09	-1.203346000000000049e-04	-8.054317400000000210e-03
7.407120375000000000e+09	-3.821862799999999928e-03	-5.357129999999999987e-05
7.407122500000000000e+09	-4.217248000000000047e-04	-5.905186699999999574e-03
7.407124625000000000e+09	-5.462487400000000382e-03	-3.748763200000000077e-03
7.407126750000000000e+09	-3.996418399999999982e-03	-3.141318799999999987e-03
7.407128875000000000e+09	-2.617521600000000028e-03	1.485276000000000109e-04
7.407131000000000000e+09	-4.400736000000000144e-04	-1.712506199999999992e-03
7.407133125000000000e+09	-3.083758800000000085e-03	-2.556842000000000142e-04
7.407135250000000000e+09	-4.444345899999999593e-03	-6.828019999999999749e-03
7.407137375000000000e+09	-4.855589399999999702e-03	-2.818887400000000092e-03
7.407139500000000000e+09	-5.623203499999999966e-03	-4.384909000000000202e-03
7.407141625000000000e+09	-5.059879399999999902e-03	-7.357710499999999681e-03
7.407143750000000000e+09	-2.224854200000000136e-03	-2.415263700000000197e-03
7.407145875000000000e+09	-5.475768599999999986e-03	-4.444586000000000370e-03
7.407148000000000000e+09	-2.244650899999999817e-03	-5.865931700000000248e-03
7.407150125000000000e+09	-4.122046699999999675e-03	-4.766954399999999599e-03
7.407152250000000000e+09	-5.095872900000000295e-03	-5.918845000000000486e-04
7.407154375000000000e+09	-4.761041199999999779e-03	1.741433500000000084e-03
7.407156500000000000e+09	8.248329999999999681e-04	-9.225381000000000163e-04
7.407158625000000000e+09	-2.197891999999999901e-03	-2.504439299999999900e-03
7.407160750000000000e+09	-1.275432800000000011e-03	-4.759646699999999994e-03
7.407162875000000000e+09	-3.306960800000000120e-03	-4.699273099999999939e-03
7.407165000000000000e+09	-6.800663900000000067e-03	3.348797399999999848e-03
7.407167125000000000e+09	-1.787855000000000086e-03	-5.288681299999999606e-03
7.407169250000000000e+09	-3.996612499999999818e-03	-1.573225099999999961e-03
7.407171375000000000e+09	-2.416282100000000099e-03	-2.172241799999999941e-03
7.407173500000000000e+09	-8.832144199999999307e-03	-2.056659999999999923e-04
7.407175625000000000e+09	-7.117856999999999570e-04	-5.689964599999999817e-03
7.407177750000000000e+09	-7.118677599999999675e-03	-2.159397700000000205e-03
7.407179875000000000e+09	-8.091446800000000675e-03	-6.073259000000000123e-04
7.407182000000000000e+09	-1.449956700000000097e-03	-3.752340500000000013e-03
7.407184125000000000e+09	-4.718406500000000246e-03	-1.043146900000000094e-03
7.407186250000000000e+09	4.684720000000000100e-05	-4.855939200000000157e-03
7.407188375000000000e+09	-8.830752999999999780e-04	-7.572399700000000296e-03
7.407190500000000000e+09	-4.216391100000000357e-03	-3.708985599999999917e-03
7.407192625000000000e+09	-4.034801200000000254e-03	1.994673999999999937e-04
7.407194750000000000e+09	-2.215885300000000006e-03	-5.114549500000000089e-03
7.407196875000000000e+09	-2.504608199999999816e-03	-2.765948399999999981e-03
7.407199000000000000e+09	-3.306828800000000210e-03	-9.719600000000000115e-04
7.407201125000000000e+09	-5.227686700000000290e-03	9.594109999999999661e-04
7.407203250000000000e+09	-3.063743900000000155e-03	-4.001820100000000151e-03
7.407205375000000000e+09	-2.948648999999999801e-03	-3.932292799999999831e-03
7.407207500000000000e+09	-2.666076299999999965e-03	-5.671666000000000121e-04
7.407209625000000000e+09	-3.185287399999999890e-03	-9.010969699999999555e-03
7.407211750000000000e+09	-2.595899100000000070e-03	-4.153428699999999613e-03
7.407213875000000000e+09	-3.157255299999999973e-03	-9.394565999999999594e-04
7.407216000000000000e+09	-3.927612599999999801e-03	-1.853144799999999984e-03
7.407218125000000000e+09	-3.527097600000000076e-03	-3.946229199999999951e-03
7.407220250000000000e+09	-2.021821100000000069e-03	2.078072499999999989e-03
7.407222375000000000e+09	-3.055484600000000009e-03	-5.986733299999999827e-03
7.407224500000000000e+09	-5.642735999999999759e-03	1.331964500000000105e-03
7.407226625000000000e+09	-4.586981900000000265e-03	-3.876623599999999819e-03
7.407228750000000000e+09	-3.413495500000000068e-03	1.942699999999999882e-05
7.407230875000000000e+09	-4.064905500000000338e-03	-3.376125800000000059e-03
7.407233000000000000e+09	-2.632056000000000131e-04	-3.697354700000000157e-03
7.407235125000000000e+09	1.495737000000000076e-04	-3.983538000000000009e-03
7.407237250000000000e+09	-1.645872299999999932e-03	-4.729788199999999596e-03
7.407239375000000000e+09	-4.348292000000000129e-03	-5.643930699999999932e-03
7.407241500000000000e+09	-5.040014100000000247e-03	1.403454400000000079e-03
7.407243625000000000e+09	-8.428860000000000475e-04	-2.055433000000000173e-03
7.407245750000000000e+09	-1.979489899999999948e-03	-2.230620100000000033e-03
7.407247875000000000e+09	-2.578591800000000142e-03	-5.040148099999999971e-03
7.407250000000000000e+09	-3.980304700000000286e-03	-7.229326599999999665e-03
7.407252125000000000e+09	-5.027135400000000420e-03	-1.926022600000000095e-03
7.407254250000000000e+09	-3.067358799999999903e-03	-9.508794799999999506e-03
7.407256375000000000e+09	-3.967184099999999936e-03	-4.786090899999999662e-03
7.407258500000000000e+09	-6.210196299999999961e-03	-2.894480000000000056e-03
7.407260625000000000e+09	-1.055466599999999901e-03	-3.654610300000000079e-03
7.407262750000000000e+09	-1.745955499999999943e-03	-6.494637499999999890e-03
7.407264875000000000e+09	9.060490000000000254e-04	-1.515230499999999959e-03
7.407267000000000000e+09	-7.121990400000000054e-03	-3.936256100000000424e-03
7.407269125000000000e+09	-3.430946099999999856e-03	-2.409437300000000053e-03
7.407271250000000000e+09	-3.304201200000000168e-03	-4.745710299999999875e-03
7.407273375000000000e+09	-1.095968799999999955e-03	-5.037790799999999729e-03
7.407275500000000000e+09	-3.901421999999999876e-03	-5.879279700000000081e-03
7.407277625000000000e+09	-2.329372299999999795e-03	-1.678150000000000052e-04
7.407279750000000000e+09	-2.340025999999999825e-03	1.484562000000000034e-04
7.407281875000000000e+09	2.712319000000000145e-04	-1.174232400000000016e-03
7.407284000000000000e+09	-5.292469099999999767e-03	2.597250399999999869e-03
7.407286125000000000e+09	-1.670983600000000005e-03	3.960230999999999929e-04
7.407288250000000000e+09	-8.029974500000000223e-03	-1.691097300000000015e-03
7.407290375000000000e+09	-4.376465999999999863e-03	1.347366900000000105e-03
7.407292500000000000e+09	-2.214722399999999834e-03	-7.727929399999999838e-03
7.407294625000000000e+09	-9.660257999999999692e-04	-1.360540900000000017e-03
7.407296750000000000e+09	-8.625946999999999695e-04	-8.450287299999999571e-03
7.407298875000000000e+09	-4.764578999999999689e-03	-2.996311299999999869e-03
7.407301000000000000e+09	-1.721305600000000002e-03	-6.353496600000000348e-03
7.407303125000000000e+09	-3.443077599999999888e-03	-5.037236500000000228e-03
7.407305250000000000e+09	3.118861000000000224e-04	-6.603258999999999995e-04
7.407307375000000000e+09	-2.767982600000000199e-03	-4.262045400000000032e-03
7.407309500000000000e+09	-3.411559900000000079e-03	-1.299141699999999990e-03
7.407311625000000000e+09	-2.540611500000000082e-03	-4.240096100000000090e-03
7.407313750000000000e+09	-7.872023900000000435e-03	-4.138481000000000277e-03
7.407315875000000000e+09	-5.799788499999999902e-03	-4.128964599999999929e-03
7.407318000000000000e+09	-2.398924399999999898e-03	-6.553556399999999581e-03
7.407320125000000000e+09	-1.393767599999999954e-03	-1.002128900000000006e-03
7.407322250000000000e+09	-1.392478300000000047e-03	-3.634400099999999904e-03
7.407324375000000000e+09	3.949814999999999750e-03	-3.856832299999999811e-03
7.407326500000000000e+09	-1.205190400000000000e-03	-3.909795500000000368e-03
7.407328625000000000e+09	-6.641150000000000612e-05	-5.898060699999999913e-03
7.407330750000000000e+09	-3.643409399999999933e-03	-2.155595599999999938e-03
7.407332875000000000e+09	-6.824030000000000460e-04	-5.108237399999999984e-03
7.407335000000000000e+09	-3.117912400000000164e-03	-5.425200800000000087e-03
7.407337125000000000e+09	-3.746107299999999925e-03	3.245319999999999889e-03
7.407339250000000000e+09	-3.373825699999999806e-03	-5.730755100000000171e-03
7.407341375000000000e+09	-7.808656000000000407e-04	-3.940334999999999671e-03
7.407343500000000000e+09	-2.397755599999999883e-03	-6.724268200000000327e-03
7.407345625000000000e+09	-5.016987100000000130e-03	-2.471008299999999901e-03
7.407347750000000000e+09	-3.661449700000000019e-03	-3.655132599999999943e-03
7.407349875000000000e+09	-5.470208000000000058e-04	-7.578964599999999871e-03
7.407352000000000000e+09	7.086380999999999670e-04	-7.818272600000000447e-03
7.407354125000000000e+09	1.218659300000000077e-03	-5.586072499999999823e-03
7.407356250000000000e+09	-3.526237299999999877e-03	-6.626826199999999792e-03
7.407358375000000000e+09	-3.260744600000000087e-03	-5.687543800000000038e-03
7.407360500000000000e+09	5.105090000000000279e-04	-6.880109500000000308e-03
7.407362625000000000e+09	-3.666016199999999874e-03	-4.395384700000000248e-03
7.407364750000000000e+09	-1.097876800000000073e-03	-1.378942200000000040e-03
7.407366875000000000e+09	-4.540643999999999822e-04	-7.618470599999999787e-03
7.407369000000000000e+09	-1.617396899999999985e-03	-6.412473999999999605e-03
7.407371125000000000e+09	3.823768300000000061e-03	-6.068463399999999772e-03
7.407373250000000000e+09	-2.759252199999999867e-03	-7.845811200000000346e-03
7.407375375000000000e+09	-1.799350300000000010e-03	-3.747539700000000057e-03
7.407377500000000000e+09	-2.342029900000000119e-03	-1.007776630000000069e-02
7.407379625000000000e+09	-3.792604099999999801e-03	-4.630919199999999902e-03
7.407381750000000000e+09	2.258349499999999944e-03	-3.364176899999999845e-03
7.407383875000000000e+09	7.254377999999999478e-04	-3.684272900000000028e-03
7.407386000000000000e+09	-2.294212199999999969e-03	-5.053863199999999653e-03
7.407388125000000000e+09	-1.291870799999999923e-03	-6.039211000000000058e-03
7.407390250000000000e+09	-3.819679800000000142e-03	-7.060673600000000154e-03
7.407392375000000000e+09	-2.213102900000000085e-03	-4.777210799999999889e-03
7.407394500000000000e+09	-9.956527999999999212e-04	-4.780036599999999865e-03
7.407396625000000000e+09	-9.244846000000000357e-04	-3.755535600000000154e-03
7.407398750000000000e+09	-4.413747600000000187e-03	-3.738595200000000007e-03
7.407400875000000000e+09	-3.054763600000000041e-03	-2.073968299999999921e-03
7.407403000000000000e+09	-8.573135299999999626e-03	-8.957418700000000650e-03
7.407405125000000000e+09	-3.478615300000000108e-03	-6.958321600000000155e-03
7.407407250000000000e+09	-3.968526299999999667e-03	-5.491547299999999937e-03
7.407409375000000000e+09	-6.351676799999999949e-03	-5.962540700000000353e-03
7.407411500000000000e+09	-4.149740199999999921e-03	-8.264399099999999998e-03
7.407413625000000000e+09	6.985036999999999713e-04	-4.766071200000000264e-03
7.407415750000000000e+09	6.631903000000000190e-04	-7.671915300000000174e-03
7.407417875000000000e+09	-4.151055100000000317e-03	-7.595919900000000329e-03
7.407420000000000000e+09	-2.656632300000000019e-03	-6.918238099999999766e-03
7.407422125000000000e+09	1.061274100000000106e-03	-4.777810399999999659e-03
7.407424250000000000e+09	2.292978299999999872e-03	-6.338905500000000318e-03
7.407426375000000000e+09	-2.348578000000000037e-03	-1.764927199999999970e-03
7.407428500000000000e+09	-3.024238500000000010e-03	-4.941707600000000249e-03
7.407430625000000000e+09	-6.148380699999999970e-03	-6.312940500000000128e-03
7.407432750000000000e+09	-5.915903000000000134e-04	-4.920094600000000061e-03
7.407434875000000000e+09	-6.299208799999999990e-03	-7.925823499999999980e-03
7.407437000000000000e+09	-1.085948300000000094e-03	-2.724175599999999892e-03
7.407439125000000000e+09	-2.323751900000000075e-03	-1.614765399999999913e-03
7.407441250000000000e+09	-2.275208800000000191e-03	-1.949626000000000093e-03
7.407443375000000000e+09	-2.305920700000000170e-03	-4.192021800000000041e-03
7.407445500000000000e+09	-1.255693000000000109e-04	-5.672571500000000121e-03
7.407447625000000000e+09	-4.958911100000000342e-03	-4.395580500000000231e-03
7.407449750000000000e+09	-1.450977499999999950e-03	-5.023899099999999673e-03
7.407451875000000000e+09	-4.922989699999999816e-03	-4.679395900000000129e-03
7.407454000000000000e+09	4.890365000000000467e-04	-7.108792999999999753e-04
7.407456125000000000e+09	-1.942625599999999895e-03	-4.065959200000000134e-03
7.407458250000000000e+09	-3.327240400000000108e-03	-1.968150499999999845e-03
7.407460375000000000e+09	-3.097541100000000130e-03	-8.553213999999999522e-04
7.407462500000000000e+09	-1.022041200000000077e-03	-2.478317199999999915e-03
7.407464625000000000e+09	-1.284395499999999978e-03	-3.811963700000000049e-03
7.407466750000000000e+09	-9.015889999999999495e-04	-9.569933000000000519e-04
7.407468875000000000e+09	-5.683775500000000022e-03	-1.974235799999999805e-03
7.407471000000000000e+09	-1.717907399999999991e-03	-2.572994400000000025e-03
7.407473125000000000e+09	-3.634766299999999881e-03	-5.803771600000000308e-03
7.407475250000000000e+09	-4.515149300000000088e-03	-1.196018600000000069e-03
7.407477375000000000e+09	-2.004754000000000085e-03	-4.810073699999999584e-03
7.407479500000000000e+09	-4.095782800000000341e-03	-2.916424700000000165e-03
7.407481625000000000e+09	-6.517718799999999875e-03	-7.100956299999999950e-03
7.407483750000000000e+09	-3.760590500000000024e-03	-6.404697299999999663e-03
7.407485875000000000e+09	-4.356649500000000369e-03	-3.817009899999999987e-03
7.407488000000000000e+09	-1.714395700000000090e-03	-1.669071999999999960e-03
7.407490125000000000e+09	-2.509179500000000007e-03	-2.690922799999999945e-03
7.407492250000000000e+09	-1.902523900000000021e-03	-7.805436699999999603e-03
7.407494375000000000e+09	-1.180747000000000030e-04	-1.965233600000000028e-03
7.407496500000000000e+09	-4.868602100000000120e-03	-3.893154600000000003e-03
7.407498625000000000e+09	-6.186098299999999786e-03	-4.389000199999999741e-03
7.407500750000000000e+09	-2.042070799999999835e-03	-2.271133900000000139e-03
7.407502875000000000e+09	-2.424342600000000108e-03	-3.742544500000000163e-03
7.407505000000000000e+09	-1.547728300000000053e-03	-4.613678500000000134e-03
7.407507125000000000e+09	-4.444237000000000187e-04	-3.237186799999999809e-03
7.407509250000000000e+09	-4.431099999999999808e-06	-3.610237300000000184e-03
7.407511375000000000e+09	-5.690874200000000348e-03	-6.355301199999999900e-03
7.407513500000000000e+09	-6.956706099999999601e-03	-4.852915400000000316e-03
7.407515625000000000e+09	2.777626000000000162e-04	-4.171892899999999835e-03
7.407517750000000000e+09	-3.646376199999999852e-03	-6.321168500000000010e-03
7.407519875000000000e+09	-4.651694599999999825e-03	-7.277205999999999605e-03
7.407522000000000000e+09	1.690760799999999975e-03	-3.903154999999999732e-04
7.407524125000000000e+09	2.885237200000000200e-03	-7.473389199999999621e-03
7.407526250000000000e+09	-4.616794599999999790e-03	-4.629778699999999997e-03
7.407528375000000000e+09	1.778592000000000064e-03	-1.994600899999999892e-03
7.407530500000000000e+09	-2.846302499999999944e-03	-6.616971000000000137e-03
7.407532625000000000e+09	-1.216609100000000040e-03	-5.094862000000000349e-03
7.407534750000000000e+09	-8.198999000000000001e-04	-8.201849199999999840e-03
7.407536875000000000e+09	-1.408115199999999999e-03	-3.120522799999999979e-03
7.407539000000000000e+09	-3.366101900000000122e-03	-2.091096599999999958e-03
7.407541125000000000e+09	6.428291999999999947e-04	-1.418707420000000011e-02
7.407543250000000000e+09	-2.297030099999999853e-03	-6.143646000000000437e-04
7.407545375000000000e+09	3.413618199999999842e-03	-8.743035499999999433e-03
7.407547500000000000e+09	-1.378506399999999965e-03	-8.891123900000000649e-03
7.407549625000000000e+09	6.922070000000000219e-04	-3.067225499999999983e-03
7.407551750000000000e+09	-7.668076000000000232e-03	-5.086086800000000352e-03
7.407553875000000000e+09	-3.945816100000000028e-03	-3.018846600000000147e-03
7.407556000000000000e+09	-3.315843100000000210e-03	-2.713293299999999970e-03
7.407558125000000000e+09	1.858398700000000060e-03	-3.614310999999999826e-03
7.407560250000000000e+09	-1.488204000000000024e-04	-4.352950099999999996e-03
7.407562375000000000e+09	-2.728919599999999994e-03	-8.220519699999999721e-03
7.407564500000000000e+09	1.212848400000000014e-03	-6.549017499999999596e-03
7.407566625000000000e+09	-2.504143500000000078e-03	-7.558424400000000355e-03
7.407568750000000000e+09	-1.399435299999999974e-03	-4.026151199999999583e-03
7.407570875000000000e+09	-7.921097999999999898e-04	-6.758077500000000092e-03
7.407573000000000000e+09	-3.119599099999999844e-03	-6.753284000000000240e-04
7.407575125000000000e+09	-4.240574700000000231e-03	-2.044192800000000070e-03
7.407577250000000000e+09	-9.797653999999999825e-04	-2.653450500000000076e-03
7.407579375000000000e+09	-5.012611400000000286e-03	-4.750305500000000410e-03
7.407581500000000000e+09	-2.259835999999999876e-03	-2.428444899999999962e-03
7.407583625000000000e+09	-7.901432899999999773e-03	-1.571762200000000054e-03
7.407585750000000000e+09	9.987678000000000701e-04	-5.571774100000000292e-03
7.407587875000000000e+09	-1.510655999999999978e-03	-7.731848300000000035e-03
7.407590000000000000e+09	-3.533254899999999869e-03	-5.806485999999999592e-03
7.407592125000000000e+09	-3.971027000000000237e-03	-1.664491599999999918e-03
7.407594250000000000e+09	-3.249493400000000136e-03	-6.599462500000000120e-03
7.407596375000000000e+09	-3.954792900000000250e-03	-5.842755399999999960e-03
7.407598500000000000e+09	-4.724243700000000171e-03	-4.627916900000000021e-03
7.407600625000000000e+09	-2.476142599999999958e-03	-4.713022199999999939e-03
7.407602750000000000e+09	-1.096556700000000072e-03	-3.314141799999999888e-03
7.407604875000000000e+09	-5.595923899999999916e-03	-3.732225599999999810e-03
7.407607000000000000e+09	-4.052366299999999623e-03	-4.951934100000000318e-03
7.407609125000000000e+09	-3.902326199999999867e-03	-1.388942399999999917e-03
7.407611250000000000e+09	-5.109766100000000429e-03	-5.184812599999999785e-03
7.407613375000000000e+09	-3.451034600000000164e-03	-3.428608999999999889e-04
7.407615500000000000e+09	-5.288374200000000268e-03	-3.137412000000000013e-03
7.407617625000000000e+09	-3.645450499999999903e-03	-8.788744500000000848e-03
7.407619750000000000e+09	-2.815242999999999825e-03	-8.073831300000000599e-03
7.407621875000000000e+09	-2.965406500000000029e-03	-4.618953700000000100e-03
7.407624000000000000e+09	-5.025284799999999927e-03	-6.019672200000000285e-03
7.407626125000000000e+09	-6.261517500000000035e-03	-6.887297500000000294e-03
7.407628250000000000e+09	3.723851000000000136e-04	-7.903868200000000593e-03
7.407630375000000000e+09	-1.430073299999999907e-03	-4.122508599999999759e-03
7.407632500000000000e+09	-5.161796199999999814e-03	-7.612892900000000317e-03
7.407634625000000000e+09	-5.731201299999999672e-03	-5.353982000000000185e-03
7.407636750000000000e+09	-2.659101899999999959e-03	-7.668859899999999966e-03
7.407638875000000000e+09	-3.028852199999999915e-03	-4.576438199999999581e-03
7.407641000000000000e+09	-1.446186099999999947e-03	-1.123299599999999900e-03
7.407643125000000000e+09	1.913551600000000085e-03	-4.886350000000000242e-03
7.407645250000000000e+09	-5.587135999999999492e-04	-4.755962100000000331e-03
7.407647375000000000e+09	-2.837267499999999824e-03	-8.263167599999999419e-03
7.407649500000000000e+09	-3.582247099999999809e-03	-4.029373800000000429e-03
7.407651625000000000e+09	-5.725433000000000258e-03	-7.482791899999999795e-03
7.407653750000000000e+09	-3.440116799999999846e-03	9.867390000000000405e-05
7.407655875000000000e+09	6.521879999999999973e-05	-5.219156499999999706e-03
7.407658000000000000e+09	-2.818262000000000089e-04	-2.953402500000000108e-03
7.407660125000000000e+09	-3.132520900000000056e-03	-3.088474500000000077e-03
7.407662250000000000e+09	-4.556087999999999805e-03	-1.063290300000000041e-03
7.407664375000000000e+09	9.243400000000000303e-05	-1.535746599999999931e-03
7.407666500000000000e+09	5.299317000000000003e-04	-5.305104899999999596e-03
7.407668625000000000e+09	-5.198498999999999655e-03	-5.973356200000000046e-03
7.407670750000000000e+09	-4.821431499999999891e-03	-5.940091699999999579e-03
7.407672875000000000e+09	-7.777026000000000034e-04	-5.060839699999999941e-03
7.407675000000000000e+09	-2.878341999999999880e-03	-4.838184500000000318e-03
7.407677125000000000e+09	-3.468843499999999837e-03	-5.643574999999999633e-03
7.407679250000000000e+09	-7.418244000000000053e-04	-1.949767999999999944e-03
7.407681375000000000e+09	-1.064254699999999960e-03	-2.563242000000000081e-04
7.407683500000000000e+09	-2.642046099999999925e-03	-7.895355899999999608e-03
7.407685625000000000e+09	-5.776722599999999964e-03	-5.956009899999999829e-03
7.407687750000000000e+09	-3.943836499999999780e-03	1.961297999999999937e-04
7.407689875000000000e+09	3.316853000000000141e-04	-1.913781999999999940e-03
7.407692000000000000e+09	-2.290533899999999852e-03	-3.926406999999999814e-03
7.407694125000000000e+09	6.352000000000000170e-05	-9.511678399999999242e-03
7.407696250000000000e+09	-2.461100600000000124e-03	-5.100240500000000413e-03
7.407698375000000000e+09	-1.676427400000000002e-03	-3.400381100000000097e-03
7.407700500000000000e+09	-5.751625899999999667e-03	-3.414009400000000104e-03
7.407702625000000000e+09	-4.282884800000000096e-03	-3.596909299999999799e-03
7.407704750000000000e+09	-4.111914799999999773e-03	-4.465465000000000059e-03
7.407706875000000000e+09	-3.659426400000000048e-03	-8.097905500000000464e-03
7.407709000000000000e+09	-2.325845699999999801e-03	-6.885289900000000039e-03
7.407711125000000000e+09	-3.621755800000000212e-03	-2.171765799999999819e-03
7.407713250000000000e+09	-3.708803599999999871e-03	-5.407915099999999718e-03
7.407715375000000000e+09	1.668541800000000004e-03	-7.874862200000000770e-03
7.407717500000000000e+09	-2.365675900000000116e-03	-5.591661500000000111e-03
7.407719625000000000e+09	-1.580297800000000094e-03	-6.970776899999999582e-03
7.407721750000000000e+09	1.609637900000000007e-03	-5.400809999999999812e-03
7.407723875000000000e+09	7.439819200000000361e-03	-1.613944800000000025e-03
7.407726000000000000e+09	-2.218470699999999969e-03	-4.139264099999999738e-03
7.407728125000000000e+09	-4.452001899999999575e-03	-4.263849299999999780e-03
7.407730250000000000e+09	-5.381560399999999779e-03	-9.186030999999999667e-04
7.407732375000000000e+09	-2.561448999999999931e-03	-3.734206800000000170e-03
7.407734500000000000e+09	-1.325044999999999955e-03	-3.183528799999999978e-03
7.407736625000000000e+09	1.942918999999999983e-03	-8.719458799999999649e-03
7.407738750000000000e+09	-3.648467600000000061e-03	-6.608814299999999850e-03
7.407740875000000000e+09	-1.618720199999999993e-03	-8.570346600000000592e-03
7.407743000000000000e+09	-5.609588000000000204e-04	-7.739356099999999787e-03
7.407745125000000000e+09	-4.286691199999999660e-03	-9.222599999999999201e-03
7.407747250000000000e+09	3.588436000000000078e-04	-5.771832200000000246e-03
7.407749375000000000e+09	-3.709338899999999831e-03	-3.828279600000000175e-03
7.407751500000000000e+09	-3.979710000000000018e-03	-2.949997800000000048e-03
7.407753625000000000e+09	-4.407604399999999999e-03	-5.573738499999999693e-03
7.407755750000000000e+09	-9.409002899999999517e-03	-4.436852699999999615e-03
7.407757875000000000e+09	-2.558235399999999986e-03	-2.206221300000000066e-03
7.407760000000000000e+09	-2.027374599999999961e-03	-6.364004599999999699e-03
7.407762125000000000e+09	-2.642051900000000168e-03	-1.681334499999999994e-03
7.407764250000000000e+09	-9.882611000000000780e-04	-6.906636699999999657e-03
7.407766375000000000e+09	-2.847463100000000198e-03	-4.319290100000000403e-03
7.407768500000000000e+09	-3.208870899999999825e-03	-4.968199599999999737e-03
7.407770625000000000e+09	-4.375282999999999776e-03	-6.739151199999999717e-03
7.407772750000000000e+09	-9.359956000000000005e-04	-3.847653400000000060e-03
7.407774875000000000e+09	-8.402639000000000375e-04	-2.714005900000000110e-03
7.407777000000000000e+09	-2.304275599999999931e-03	-2.340969400000000172e-03
7.407779125000000000e+09	-4.564014400000000055e-03	-9.982908500000000143e-03
7.407781250000000000e+09	-3.329420799999999875e-03	-3.738934900000000054e-03
7.407783375000000000e+09	-4.262478600000000305e-03	-7.988807800000000819e-03
7.407785500000000000e+09	-9.846703000000000920e-04	-1.308062999999999934e-03
7.407787625000000000e+09	9.394676999999999499e-04	-5.906267800000000040e-03
7.407789750000000000e+09	1.309832300000000026e-03	-4.657940400000000307e-03
7.407791875000000000e+09	-5.962641999999999552e-04	-5.737102600000000205e-03
7.407794000000000000e+09	-4.143294599999999828e-03	-1.350071100000000031e-03
7.407796125000000000e+09	-1.502650799999999962e-03	-4.690708899999999903e-03
7.407798250000000000e+09	-1.748447599999999966e-03	-6.630130100000000172e-03
7.407800375000000000e+09	-5.739008000000000304e-03	-6.096225000000000255e-03
7.407802500000000000e+09	-2.999409599999999960e-03	-8.588586199999999685e-03
7.407804625000000000e+09	-6.886201100000000248e-03	-4.378727399999999929e-03
7.407806750000000000e+09	-3.082216100000000070e-03	-2.803614900000000153e-03
7.407808875000000000e+09	4.040955100000000189e-03	-7.044431099999999904e-03
7.407811000000000000e+09	-4.162864199999999695e-03	-9.322497999999999592e-04
7.407813125000000000e+09	-5.633409199999999881e-03	-4.904812100000000182e-03
7.407815250000000000e+09	-2.741556999999999935e-03	-1.860672199999999915e-03
7.407817375000000000e+09	-4.440486500000000170e-03	-4.923131800000000134e-03
7.407819500000000000e+09	-3.222796200000000062e-03	-5.224268599999999999e-03
7.407821625000000000e+09	-4.225302799999999630e-03	1.030540900000000018e-03
7.407823750000000000e+09	2.033886200000000009e-03	-9.411782000000000481e-04
7.407825875000000000e+09	-4.828427700000000392e-03	-4.203601099999999986e-03
7.407828000000000000e+09	-2.564540499999999872e-03	-4.276526699999999917e-03
7.407830125000000000e+09	3.341773999999999830e-04	-8.122276799999999727e-03
7.407832250000000000e+09	-6.376733100000000348e-03	-3.650564700000000044e-03
7.407834375000000000e+09	-1.524618500000000107e-03	-3.921929700000000019e-03
7.407836500000000000e+09	-4.091475800000000072e-03	-1.581809999999999900e-03
7.407838625000000000e+09	-9.921862000000000043e-04	-4.790565699999999906e-03
7.407840750000000000e+09	4.470113399999999654e-03	-1.033102300000000038e-03
7.407842875000000000e+09	-3.081885700000000158e-03	-4.683741499999999683e-03
7.407845000000000000e+09	-4.154377899999999769e-03	-7.356083000000000240e-03
7.407847125000000000e+09	9.426340000000000283e-05	-6.723859300000000101e-03
7.407849250000000000e+09	-1.802592499999999950e-03	-7.598646399999999836e-03
7.407851375000000000e+09	-5.233004500000000038e-03	-2.702383699999999847e-03
7.407853500000000000e+09	-5.642059000000000050e-04	-7.331925199999999622e-03
7.407855625000000000e+09	2.401987099999999993e-03	-2.819046600000000170e-03
7.407857750000000000e+09	-3.930358400000000252e-03	-7.408454800000000354e-03
7.407859875000000000e+09	-4.934214800000000407e-03	-7.516531899999999780e-03
7.407862000000000000e+09	-8.524488999999999895e-04	-2.201342600000000000e-03
7.407864125000000000e+09	-1.890415500000000061e-03	-4.504638099999999645e-03
7.407866250000000000e+09	-1.812829900000000050e-03	2.117819000000000060e-04
7.407868375000000000e+09	-1.819389299999999918e-03	-2.824416299999999835e-03
7.407870500000000000e+09	-5.079522700000000182e-03	-5.935154500000000381e-03
7.407872625000000000e+09	-3.793482400000000067e-03	-3.270285899999999819e-03
7.407874750000000000e+09	-1.365497499999999975e-03	-6.596099999999999706e-03
7.407876875000000000e+09	-3.305083400000000029e-03	-3.996305399999999612e-03
7.407879000000000000e+09	-3.884569300000000145e-03	-5.081909499999999642e-03
7.407881125000000000e+09	-1.621828100000000106e-03	-7.579106500000000121e-03
7.407883250000000000e+09	-1.920141200000000060e-03	-9.569822999999999871e-04
7.407885375000000000e+09	-6.232091000000000366e-04	-3.314128400000000089e-03
7.407887500000000000e+09	1.303680900000000076e-03	-4.642639799999999893e-03
7.407889625000000000e+09	-8.657855299999999560e-03	-7.599650599999999666e-03
7.407891750000000000e+09	-2.405142299999999973e-03	-4.435030999999999869e-03
7.407893875000000000e+09	-1.675168600000000087e-03	-4.693436900000000356e-03
7.407896000000000000e+09	4.080738999999999894e-04	-1.766173399999999925e-03
7.407898125000000000e+09	-1.332360799999999937e-03	-4.593459700000000062e-03
7.407900250000000000e+09	-4.891483599999999626e-03	-5.430130699999999831e-03
7.407902375000000000e+09	1.835588800000000033e-03	-7.180674700000000410e-03
7.407904500000000000e+09	2.660121200000000168e-03	-2.117454500000000121e-03
7.407906625000000000e+09	-1.844796600000000097e-03	-4.724769299999999859e-03
7.407908750000000000e+09	-5.624425300000000273e-03	-2.478383499999999972e-03
7.407910875000000000e+09	-3.653218000000000177e-03	1.044567799999999991e-03
7.407913000000000000e+09	-4.814366500000000215e-03	-2.835174099999999801e-03
7.407915125000000000e+09	-1.505159399999999974e-03	-4.348755800000000428e-03
7.407917250000000000e+09	-1.991623899999999964e-03	-1.834031899999999946e-03
7.407919375000000000e+09	-4.036146299999999673e-03	-1.722427699999999921e-03
7.407921500000000000e+09	-4.300287600000000064e-03	-5.342282200000000349e-03
7.407923625000000000e+09	-2.998986600000000131e-03	-6.692567800000000233e-03
7.407925750000000000e+09	-8.634813999999999554e-04	-7.407241400000000309e-03
7.407927875000000000e+09	-3.654214499999999984e-03	-5.837328999999999608e-03
7.407930000000000000e+09	-3.634877199999999968e-03	-7.075398099999999704e-03
7.407932125000000000e+09	-2.852172000000000041e-04	-3.415120099999999822e-03
7.407934250000000000e+09	-2.321832600000000007e-03	-5.429817299999999645e-03
7.407936375000000000e+09	-5.357012300000000074e-03	-7.419513899999999849e-03
7.407938500000000000e+09	3.329140000000000181e-04	-4.527309900000000067e-03
7.407940625000000000e+09	-1.835588599999999964e-03	-5.328456700000000316e-03
7.407942750000000000e+09	-4.951429700000000052e-03	-7.445516000000000113e-03
7.407944875000000000e+09	-6.592699999999999407e-05	-9.026607999999999550e-04
7.407947000000000000e+09	2.606123999999999919e-04	-7.601470499999999665e-03
7.407949125000000000e+09	-1.783963400000000091e-03	-5.754853600000000083e-03
7.407951250000000000e+09	-3.144997300000000173e-03	-4.631736499999999750e-03
7.407953375000000000e+09	-5.427585000000000178e-04	1.012943500000000044e-03
7.407955500000000000e+09	-2.622096899999999849e-03	-2.560774400000000173e-03
7.407957625000000000e+09	3.763196400000000039e-03	-5.166839500000000064e-03
7.407959750000000000e+09	7.405991999999999480e-04	-7.780781500000000239e-03
7.407961875000000000e+09	-1.069002400000000023e-03	-5.654941299999999803e-03
7.407964000000000000e+09	-3.460535900000000133e-03	-2.875691000000000098e-03
7.407966125000000000e+09	-3.571116499999999784e-03	-2.790366600000000058e-03
7.407968250000000000e+09	-3.693925399999999949e-03	-7.364583099999999667e-03
7.407970375000000000e+09	3.078305999999999729e-04	-5.311224100000000274e-03
7.407972500000000000e+09	1.668140299999999916e-03	-6.125827500000000092e-03
7.407974625000000000e+09	6.590389000000000099e-04	-1.190803299999999929e-03
7.407976750000000000e+09	-4.801847000000000038e-04	-6.115976300000000067e-03
7.407978875000000000e+09	-3.693973200000000203e-03	-3.535144100000000081e-03
7.407981000000000000e+09	-4.103891699999999941e-03	-9.867858800000000458e-03
7.407983125000000000e+09	-3.532235800000000162e-03	-3.149699299999999830e-03
7.407985250000000000e+09	-8.398805000000000506e-04	-5.548504299999999778e-03
7.407987375000000000e+09	8.236235999999999861e-04	-2.168032500000000029e-03
7.407989500000000000e+09	-2.123103600000000087e-03	-4.866258000000000042e-03
7.407991625000000000e+09	-3.110584400000000142e-03	-5.302932699999999590e-03
7.407993750000000000e+09	3.423766000000000179e-04	-8.150752400000000827e-03
7.407995875000000000e+09	-3.049940499999999853e-03	-5.114489300000000377e-03
7.407998000000000000e+09	-5.216003000000000306e-03	-6.040206799999999626e-03
7.408000125000000000e+09	-9.433140000000000286e-05	-5.777931400000000176e-03
7.408002250000000000e+09	-7.785808200000000033e-03	-5.914724599999999881e-03
7.408004375000000000e+09	-3.851124599999999811e-03	-4.724825799999999611e-03
7.408006500000000000e+09	-6.781603699999999568e-03	-7.409346399999999951e-03
7.408008625000000000e+09	-1.055766299999999968e-03	-4.712117299999999710e-03
7.408010750000000000e+09	-4.257188799999999697e-03	1.319706999999999933e-04
7.408012875000000000e+09	-9.988295000000000767e-04	-5.920208599999999925e-03
7.408015000000000000e+09	-1.362817199999999960e-03	-4.124849400000000013e-03
7.408017125000000000e+09	-5.487759000000000040e-03	-3.953154900000000263e-03
7.408019250000000000e+09	1.612997900000000002e-03	-7.121780299999999966e-03
7.408021375000000000e+09	-6.284513000000000252e-04	-5.118174999999999765e-04
7.408023500000000000e+09	-4.471610699999999800e-03	-8.428140500000000368e-03
7.408025625000000000e+09	-1.583115599999999944e-03	-7.216237399999999615e-03
7.408027750000000000e+09	-4.371757599999999758e-03	-2.694749499999999926e-03
7.408029875000000000e+09	-5.017918599999999889e-03	-3.896705199999999942e-03
7.408032000000000000e+09	-1.457488799999999895e-03	-8.976098099999999663e-03
7.408034125000000000e+09	-7.730726799999999670e-03	-2.694091999999999819e-04
7.408036250000000000e+09	-5.607181200000000212e-03	-3.563195300000000006e-03
7.408038375000000000e+09	-2.951866500000000209e-03	-3.349201000000000001e-03
7.408040500000000000e+09	1.089254499999999957e-03	-2.688188199999999844e-03
7.408042625000000000e+09	1.019239999999999952e-04	-8.918356699999999485e-03
7.408044750000000000e+09	-5.279359499999999698e-03	-3.122972199999999969e-03
7.408046875000000000e+09	-1.716282999999999980e-04	-3.164509199999999880e-03
7.408049000000000000e+09	-2.818629699999999818e-03	-3.520122799999999934e-03
7.408051125000000000e+09	-9.211001000000000345e-04	-4.937223900000000006e-03
7.408053250000000000e+09	-4.607061200000000037e-03	-3.498145299999999916e-03
7.408055375000000000e+09	-8.313141799999999859e-03	-4.350783999999999901e-03
7.408057500000000000e+09	-3.586069900000000196e-03	-1.238688799999999998e-03
7.408059625000000000e+09	-3.534149500000000055e-03	-4.222215999999999990e-03
7.408061750000000000e+09	-4.364222800000000339e-03	-2.857947300000000107e-03
7.408063875000000000e+09	-5.691027000000000412e-03	-4.330973299999999783e-03
7.408066000000000000e+09	7.061870000000000473e-04	-3.596616700000000201e-03
7.408068125000000000e+09	2.095653800000000112e-03	-5.068339100000000298e-03
7.408070250000000000e+09	-2.998251999999999862e-03	-3.783874899999999878e-03
7.408072375000000000e+09	-3.078939699999999960e-03	-6.346151900000000269e-03
7.408074500000000000e+09	8.617215999999999591e-04	-1.029295699999999971e-03
7.408076625000000000e+09	-6.012863499999999972e-03	-3.581930000000000096e-03
7.408078750000000000e+09	-3.496023699999999818e-03	-5.484907000000000237e-04
7.408080875000000000e+09	-2.211590900000000130e-03	-4.353050199999999870e-03
7.408083000000000000e+09	-2.633882799999999989e-03	-3.394469900000000092e-03
7.408085125000000000e+09	-7.960165999999999640e-04	-5.455775700000000186e-03
7.408087250000000000e+09	-5.757937399999999567e-03	-7.984127800000000857e-03
7.408089375000000000e+09	-6.726760800000000304e-03	-6.345765700000000412e-03
7.408091500000000000e+09	-3.197178100000000207e-03	-3.666487500000000128e-03
7.408093625000000000e+09	-1.917754800000000086e-03	-7.205843299999999639e-03
7.408095750000000000e+09	-1.899339099999999923e-03	-5.653167800000000014e-03
7.408097875000000000e+09	1.173062400000000026e-03	-3.719880599999999832e-03
7.408100000000000000e+09	-4.928734199999999788e-03	-4.250191500000000122e-03
7.408102125000000000e+09	-6.213657000000000468e-04	-3.200575000000000208e-03
7.408104250000000000e+09	-1.764012699999999937e-03	-4.664236300000000092e-03
7.408106375000000000e+09	3.926037700000000082e-03	-5.439327999999999568e-04
7.408108500000000000e+09	-2.322399699999999970e-03	-2.908710899999999988e-03
7.408110625000000000e+09	-6.151571100000000243e-03	-5.298050999999999802e-03
7.408112750000000000e+09	-1.869503999999999914e-03	2.289253199999999842e-03
7.408114875000000000e+09	-3.194841600000000118e-03	-5.434426600000000218e-03
7.408117000000000000e+09	-2.557318299999999933e-03	-4.207798700000000246e-03
7.408119125000000000e+09	-3.972453100000000389e-03	-8.315991499999999745e-03
7.408121250000000000e+09	-1.968912399999999882e-03	-8.492138499999999507e-03
7.408123375000000000e+09	-7.462554999999999840e-04	-4.114814999999999966e-03
7.408125500000000000e+09	-3.419124600000000153e-03	-8.665945499999999288e-03
7.408127625000000000e+09	-1.461506000000000003e-03	-7.186307700000000090e-03
7.408129750000000000e+09	8.754000000000000550e-05	3.296180999999999807e-04
7.408131875000000000e+09	-6.949700000000000495e-04	-6.199034299999999637e-03
7.408134000000000000e+09	-5.951272799999999912e-03	-4.750733000000000039e-03
7.408136125000000000e+09	-1.537297100000000003e-03	-2.247372699999999890e-03
7.408138250000000000e+09	-2.479588400000000154e-03	-9.390081999999999249e-03
7.408140375000000000e+09	-3.952837199999999912e-03	-3.688778099999999796e-03
7.408142500000000000e+09	-4.024046100000000341e-03	-9.823100999999999448e-04
7.408144625000000000e+09	-9.595469400000000704e-03	-5.012662000000000194e-03
7.408146750000000000e+09	-5.323090000000000157e-04	-5.366984299999999659e-03
7.408148875000000000e+09	-4.494208599999999741e-03	-9.410471199999999314e-03
7.408151000000000000e+09	-4.198404200000000266e-03	-3.996259400000000406e-03
7.408153125000000000e+09	-3.863627499999999857e-03	-5.155106300000000114e-03
7.408155250000000000e+09	-3.648824100000000199e-03	-1.060682150000000039e-02
7.408157375000000000e+09	-2.258042100000000069e-03	-5.186573600000000082e-03
7.408159500000000000e+09	1.304497099999999982e-03	-6.942615699999999876e-03
7.408161625000000000e+09	-3.171092800000000194e-03	-4.515025800000000041e-03
7.408163750000000000e+09	-8.502950999999999695e-04	-1.206614659999999915e-02
7.408165875000000000e+09	-1.230325499999999949e-03	-1.030151739999999976e-02
7.408168000000000000e+09	-4.244023000000000413e-03	-2.570432599999999870e-03
7.408170125000000000e+09	1.569000299999999968e-03	-4.886332499999999912e-03
7.408172250000000000e+09	-3.469755599999999919e-03	-5.870146100000000165e-03
7.408174375000000000e+09	-5.226888999999999754e-04	6.378290999999999475e-04
7.408176500000000000e+09	5.276756000000000068e-04	-7.768022099999999895e-03
7.408178625000000000e+09	-3.476118099999999864e-03	-1.791649499999999930e-03
7.408180750000000000e+09	-1.605306300000000023e-03	-1.560113099999999942e-03
7.408182875000000000e+09	-3.742738499999999965e-03	-8.692012900000000569e-03
7.408185000000000000e+09	-4.739589699999999586e-03	-5.469958300000000127e-03
7.408187125000000000e+09	-2.735232399999999904e-03	-6.658716599999999625e-03
7.408189250000000000e+09	-2.513949100000000166e-03	-2.622661000000000089e-03
7.408191375000000000e+09	-3.667343600000000196e-03	1.768113300000000079e-03
7.408193500000000000e+09	-3.421564499999999939e-03	-1.621728800000000071e-03
7.408195625000000000e+09	-2.586149900000000133e-03	-4.316478099999999929e-03
7.408197750000000000e+09	-2.220181099999999925e-03	-4.102996000000000247e-03
7.408199875000000000e+09	-2.993308999999999770e-04	-2.225262699999999792e-03
7.408202000000000000e+09	-4.949417000000000226e-03	-4.410193599999999957e-03
7.408204125000000000e+09	-4.861984700000000423e-03	-4.311637099999999709e-03
7.408206250000000000e+09	-1.720998799999999898e-03	-8.357373099999999139e-03
7.408208375000000000e+09	-6.293734700000000286e-03	-1.611359099999999959e-03
7.408210500000000000e+09	2.488366899999999975e-03	-2.534954199999999921e-03
7.408212625000000000e+09	-3.165823099999999935e-03	-7.261365599999999865e-03
7.408214750000000000e+09	-2.062727099999999911e-03	-3.824659099999999819e-03
7.408216875000000000e+09	-8.295114999999999607e-04	-2.360671400000000086e-03
7.408219000000000000e+09	-7.479895500000000030e-03	-6.684697300000000397e-03
7.408221125000000000e+09	-3.410743999999999842e-03	-5.297570599999999914e-03
7.408223250000000000e+09	-1.855489899999999970e-03	-7.062012099999999924e-03
7.408225375000000000e+09	-1.208959899999999992e-03	-4.422995199999999946e-03
7.408227500000000000e+09	-4.312540099999999724e-03	-1.236843970000000084e-02
7.408229625000000000e+09	-5.797178899999999926e-03	-4.801104599999999820e-03
7.408231750000000000e+09	-8.788122000000000425e-04	-1.103157100000000043e-03
7.408233875000000000e+09	-7.004017799999999808e-03	-4.301669600000000357e-03
7.408236000000000000e+09	-3.303672899999999992e-03	-3.285706099999999817e-03
7.408238125000000000e+09	1.861472099999999900e-03	-4.800811799999999720e-03
7.408240250000000000e+09	-4.044806199999999817e-03	-4.229512700000000180e-03
7.408242375000000000e+09	-1.501317000000000114e-04	-7.154191800000000122e-03
7.408244500000000000e+09	-3.092506899999999948e-03	-3.362235800000000149e-03
7.408246625000000000e+09	-3.659704499999999906e-03	-2.068070700000000216e-03
7.408248750000000000e+09	-5.067726199999999896e-03	-4.966553999999999544e-04
7.408250875000000000e+09	-2.221066800000000112e-03	-7.862995200000000295e-03
7.408253000000000000e+09	-6.120720500000000237e-03	-3.472376799999999947e-03
7.408255125000000000e+09	-9.030956899999999579e-03	-4.295622800000000081e-03
7.408257250000000000e+09	1.532021699999999969e-03	2.692753000000000204e-04
7.408259375000000000e+09	1.855540599999999912e-03	-2.772084599999999951e-03
7.408261500000000000e+09	-4.433338400000000346e-03	-8.961047399999999899e-03
7.408263625000000000e+09	-4.341780000000000162e-04	-5.913488899999999604e-03
7.408265750000000000e+09	5.980992000000000079e-04	2.479658999999999835e-04
7.408267875000000000e+09	-1.549729400000000043e-03	-4.137575999999999581e-03
7.408270000000000000e+09	-4.739747400000000020e-03	-7.442998499999999885e-03
7.408272125000000000e+09	-3.648680999999999973e-04	-9.128318999999999973e-04
7.408274250000000000e+09	-6.326042000000000037e-04	-2.766221900000000004e-03
7.408276375000000000e+09	-4.575227099999999887e-03	-6.015478399999999587e-03
7.408278500000000000e+09	-1.016006100000000105e-03	-1.027113399999999991e-03
7.408280625000000000e+09	-1.887913200000000029e-03	-6.028689900000000143e-03
7.408282750000000000e+09	-1.344704499999999905e-03	-5.688019499999999624e-03
7.408284875000000000e+09	-2.648317199999999927e-03	-4.604038799999999806e-03
7.408287000000000000e+09	-2.897702299999999932e-03	-4.685151999999999720e-03
7.408289125000000000e+09	-4.109270100000000404e-03	-6.108977199999999878e-03
7.408291250000000000e+09	-2.928591999999999827e-04	-5.321049999999999912e-03
7.408293375000000000e+09	6.622645000000000354e-04	-7.684174000000000213e-03
7.408295500000000000e+09	-3.503026399999999933e-03	-2.397551500000000106e-03
7.408297625000000000e+09	2.329636799999999786e-03	-6.124968300000000268e-03
7.408299750000000000e+09	-5.752603400000000367e-03	-1.006469999999999978e-03
7.408301875000000000e+09	-5.528052399999999582e-03	-4.130098399999999718e-03
7.408304000000000000e+09	-5.123233900000000347e-03	-2.160688200000000087e-03
7.408306125000000000e+09	-5.755367299999999617e-03	-6.047310200000000253e-03
7.408308250000000000e+09	-2.392390099999999915e-03	-6.016701000000000167e-03
7.408310375000000000e+09	-1.907582099999999932e-03	-3.413199699999999812e-03
7.408312500000000000e+09	-5.841577700000000380e-03	-1.990227299999999897e-03
7.408314625000000000e+09	-2.578973799999999868e-03	-7.472084799999999770e-03
7.408316750000000000e+09	-5.985671799999999973e-03	-4.512409099999999812e-03
7.408318875000000000e+09	-5.778191599999999567e-03	-4.036274799999999691e-03
7.408321000000000000e+09	2.243830100000000077e-03	-3.937436800000000160e-03
7.408323125000000000e+09	-3.452819499999999937e-03	-1.457120199999999968e-03
7.408325250000000000e+09	-3.078224300000000167e-03	-7.183733599999999643e-03
7.408327375000000000e+09	-4.070583899999999887e-03	-1.188654500000000096e-03
7.408329500000000000e+09	3.288969999999999784e-04	2.064482999999999932e-04
7.408331625000000000e+09	-2.588572800000000194e-03	-3.595549899999999841e-03
7.408333750000000000e+09	-5.358167300000000154e-03	8.674832000000000159e-04
7.408335875000000000e+09	-1.788892600000000031e-03	-5.669117500000000164e-03
7.408338000000000000e+09	-1.883019699999999904e-03	-3.564670099999999852e-03
7.408340125000000000e+09	-2.237192399999999963e-03	-4.371248999999999794e-04
7.408342250000000000e+09	-6.991483199999999794e-03	-1.752705800000000074e-03
7.408344375000000000e+09	1.520534200000000103e-03	-2.774428099999999824e-03
7.408346500000000000e+09	-1.942513699999999901e-03	-5.806594499999999728e-03
7.408348625000000000e+09	1.956726700000000017e-03	-4.175214800000000281e-03
7.408350750000000000e+09	-6.405894599999999856e-03	-4.466763599999999668e-03
7.408352875000000000e+09	-2.335994599999999862e-03	-4.429319900000000011e-03
7.408355000000000000e+09	-3.134205499999999887e-03	-9.149395899999999276e-03
7.408357125000000000e+09	-3.352687300000000131e-03	-3.853221999999999897e-03
7.408359250000000000e+09	-2.846240000000000044e-05	-1.610601900000000006e-03
7.408361375000000000e+09	-6.236693700000000423e-03	-5.742084599999999935e-03
7.408363500000000000e+09	-2.153476200000000156e-03	-5.938690800000000214e-03
7.408365625000000000e+09	-2.155636700000000076e-03	-6.480091500000000060e-03
7.408367750000000000e+09	-3.850656100000000078e-03	-4.709078700000000027e-03
7.408369875000000000e+09	1.472304000000000126e-04	-4.144874800000000054e-03
7.408372000000000000e+09	-4.722390600000000126e-03	-6.939780399999999697e-03
7.408374125000000000e+09	-3.731368699999999903e-03	-7.176825999999999865e-03
7.408376250000000000e+09	-2.643632000000000035e-04	-4.779913799999999623e-03
7.408378375000000000e+09	-5.056683000000000185e-03	-4.922460099999999630e-03
7.408380500000000000e+09	-3.538570300000000099e-03	-6.204898599999999695e-03
7.408382625000000000e+09	-5.907413499999999984e-03	-3.981827700000000088e-03
7.408384750000000000e+09	-6.085337900000000431e-03	-4.980202599999999750e-03
7.408386875000000000e+09	-2.095166999999999993e-04	3.172909999999999815e-04
7.408389000000000000e+09	-1.096617399999999954e-03	-6.955483299999999820e-03
7.408391125000000000e+09	-3.196497400000000103e-03	-8.111209000000000084e-04
7.408393250000000000e+09	-4.059476400000000366e-03	-4.386907899999999659e-03
7.408395375000000000e+09	1.206399500000000097e-03	-7.120229799999999894e-03
7.408397500000000000e+09	-5.397470399999999835e-03	-3.034259300000000190e-03
7.408399625000000000e+09	-2.880549200000000112e-03	-8.644393300000000752e-03
7.408401750000000000e+09	-5.258965200000000062e-03	-5.491830999999999970e-03
7.408403875000000000e+09	-5.662384500000000077e-03	-5.764512500000000018e-03
7.408406000000000000e+09	-2.464173100000000092e-03	-3.876862599999999787e-03
7.408408125000000000e+09	-4.904921900000000327e-03	-6.137590400000000196e-03
7.408410250000000000e+09	-5.117097600000000343e-03	-6.414074300000000180e-03
7.408412375000000000e+09	-5.778377300000000008e-03	-4.366119699999999708e-03
7.408414500000000000e+09	-2.316744999999999991e-04	-5.241685299999999936e-03
7.408416625000000000e+09	-5.035699700000000056e-03	-2.844388900000000085e-03
7.408418750000000000e+09	-3.039895300000000026e-03	-2.262193899999999890e-03
7.408420875000000000e+09	-1.984698999999999925e-03	-6.027762999999999568e-04
7.408423000000000000e+09	-2.493685499999999996e-03	-4.319633399999999943e-03
7.408425125000000000e+09	-6.169796000000000178e-04	-8.624526900000000287e-03
7.408427250000000000e+09	-1.517678699999999974e-03	-6.095357200000000100e-03
7.408429375000000000e+09	-3.629573899999999961e-03	-5.787765799999999676e-03
7.408431500000000000e+09	-8.257562999999999665e-04	4.362742999999999981e-04
7.408433625000000000e+09	-3.549929900000000152e-03	-1.501689700000000084e-03
7.408435750000000000e+09	-3.713045700000000126e-03	-7.712130600000000405e-03
7.408437875000000000e+09	-8.325272499999999617e-03	-4.092581700000000322e-03
7.408440000000000000e+09	-3.850900600000000187e-03	-2.867370900000000035e-03
7.408442125000000000e+09	-3.166803000000000044e-04	-5.287485599999999959e-03
7.408444250000000000e+09	-4.673377700000000065e-03	-5.163708300000000029e-03
7.408446375000000000e+09	-8.167116800000000579e-03	-1.547438599999999926e-03
7.408448500000000000e+09	-4.623609600000000083e-03	-6.930341300000000121e-03
7.408450625000000000e+09	-1.291494100000000053e-03	-4.859671500000000040e-03
7.408452750000000000e+09	-3.378005600000000101e-03	-4.916893500000000042e-03
7.408454875000000000e+09	-4.955953800000000194e-03	-2.111567099999999992e-03
7.408457000000000000e+09	-5.570770400000000198e-03	-1.714985700000000056e-03
7.408459125000000000e+09	-5.623384599999999706e-03	-3.522537799999999903e-03
7.408461250000000000e+09	-4.116445699999999631e-03	-3.391701699999999809e-03
7.408463375000000000e+09	-9.446711999999999687e-04	-2.034694899999999959e-03
7.408465500000000000e+09	-9.511696599999999377e-03	-3.614817000000000204e-03
7.408467625000000000e+09	1.897314200000000057e-03	-7.146403400000000093e-03
7.408469750000000000e+09	-2.551687600000000170e-03	-5.602458999999999738e-03
7.408471875000000000e+09	-2.263065199999999937e-03	-4.816645500000000212e-03
7.408474000000000000e+09	-5.337361100000000136e-03	-1.290050999999999958e-04
7.408476125000000000e+09	-2.934152000000000201e-03	-7.552966399999999636e-03
7.408478250000000000e+09	-4.993218500000000393e-03	-7.861446799999999638e-03
7.408480375000000000e+09	1.181309099999999996e-03	-3.456727499999999887e-03
7.408482500000000000e+09	6.920741999999999476e-04	-6.059120200000000372e-03
7.408484625000000000e+09	5.301700000000000417e-06	3.508915000000000037e-03
7.408486750000000000e+09	-6.445502500000000259e-03	-3.306036100000000078e-03
7.408488875000000000e+09	4.949527999999999480e-04	-5.121751699999999713e-03
7.408491000000000000e+09	-4.371272199999999900e-03	-2.947035800000000032e-03
7.408493125000000000e+09	1.351922599999999964e-03	-3.675016000000000133e-03
7.408495250000000000e+09	-2.361611200000000074e-03	-4.897453300000000065e-03
7.408497375000000000e+09	-5.085566199999999766e-03	-5.025658300000000224e-03
7.408499500000000000e+09	-1.062277400000000063e-03	-3.580855100000000010e-03
7.408501625000000000e+09	-4.731132899999999745e-03	1.715149700000000036e-03
7.408503750000000000e+09	-1.771552200000000091e-03	-1.974151999999999851e-03
7.408505875000000000e+09	-2.533447400000000006e-03	-8.368300500000000128e-03
7.408508000000000000e+09	-2.632449199999999882e-03	-1.422585700000000104e-03
7.408510125000000000e+09	1.031663900000000028e-03	-3.398664699999999830e-03
7.408512250000000000e+09	-2.919337299999999816e-03	-5.716766499999999598e-03
7.408514375000000000e+09	-5.232335700000000089e-03	-3.880065800000000089e-03
7.408516500000000000e+09	-2.861417099999999814e-03	-4.474108699999999883e-03
7.408518625000000000e+09	-1.954000600000000212e-03	-9.015272300000000058e-03
7.408520750000000000e+09	-2.742196399999999833e-03	-3.192688500000000120e-03
7.408522875000000000e+09	-3.367568400000000173e-03	-2.596241600000000205e-03
7.408525000000000000e+09	-2.793684299999999940e-03	-6.526659199999999827e-03
7.408527125000000000e+09	-2.009262800000000213e-03	-2.815776600000000074e-03
7.408529250000000000e+09	-2.039473300000000083e-03	-4.163398700000000251e-03
7.408531375000000000e+09	-8.076433900000000790e-03	-3.346642400000000069e-03
7.408533500000000000e+09	-6.149124999999999643e-04	-2.575392200000000201e-03
7.408535625000000000e+09	-2.505990999999999948e-03	-3.400361399999999885e-03
7.408537750000000000e+09	-4.654067500000000183e-03	-6.065447199999999921e-03
7.408539875000000000e+09	-1.172569199999999893e-03	-2.489316300000000200e-03
7.408542000000000000e+09	-1.544949500000000059e-03	-3.682569499999999857e-03
7.408544125000000000e+09	1.386816400000000053e-03	-6.899427300000000179e-03
7.408546250000000000e+09	-2.476873599999999866e-03	-4.585540899999999802e-03
7.408548375000000000e+09	-8.800200000000000210e-04	-7.120765400000000390e-03
7.408550500000000000e+09	-2.137998400000000031e-03	-2.162244900000000105e-03
7.408552625000000000e+09	-2.188433000000000045e-03	-1.076622200000000021e-03
7.408554750000000000e+09	-9.681932999999999989e-04	-6.877766500000000172e-03
7.408556875000000000e+09	-2.591050499999999861e-03	-9.726967999999999465e-04
7.408559000000000000e+09	-3.594828100000000033e-03	-3.095827199999999849e-03
7.408561125000000000e+09	7.054269999999999801e-05	-5.086943699999999825e-03
7.408563250000000000e+09	8.432456999999999757e-04	-2.838098299999999938e-03
7.408565375000000000e+09	-7.051437100000000277e-03	-6.947070999999999542e-04
7.408567500000000000e+09	-2.075489700000000045e-03	-5.290684300000000027e-03
7.408569625000000000e+09	1.723040099999999936e-03	-2.812082999999999944e-03
7.408571750000000000e+09	-5.826928799999999721e-03	-2.104146299999999983e-03
7.408573875000000000e+09	-3.960276900000000294e-03	-6.491875999999999723e-03
7.408576000000000000e+09	-1.645193199999999941e-03	1.411610000000000025e-05
7.408578125000000000e+09	-3.223495399999999969e-03	-4.297914699999999706e-03
7.408580250000000000e+09	1.165522399999999919e-03	-6.023296299999999701e-03
7.408582375000000000e+09	-3.448316600000000086e-03	-5.110667799999999567e-03
7.408584500000000000e+09	-2.053316700000000147e-03	-4.080120599999999785e-03
7.408586625000000000e+09	3.678893099999999954e-03	-3.296134999999999950e-03
7.408588750000000000e+09	-5.431424899999999674e-03	-4.047391000000000010e-03
7.408590875000000000e+09	9.401084999999999997e-04	-5.790024300000000054e-03
7.408593000000000000e+09	-2.544685999999999780e-04	-3.649839900000000081e-03
7.408595125000000000e+09	3.977280000000000247e-04	-2.783129699999999877e-03
7.408597250000000000e+09	-6.635029100000000221e-03	-4.149863499999999900e-03
7.408599375000000000e+09	-3.652735399999999973e-03	-6.038689399999999999e-03
7.408601500000000000e+09	4.219304000000000218e-04	-5.171119299999999731e-03
7.408603625000000000e+09	-2.884964600000000049e-03	-4.865775999999999608e-03
7.408605750000000000e+09	-1.138500300000000074e-03	-4.611470500000000063e-03
7.408607875000000000e+09	-4.390779999999999998e-05	-9.097607000000000393e-04
7.408610000000000000e+09	-3.772232700000000168e-03	-5.896079000000000250e-03
7.408612125000000000e+09	-4.171338800000000402e-03	-7.051697899999999873e-03
7.408614250000000000e+09	-5.525702199999999592e-03	-2.326234600000000145e-03
7.408616375000000000e+09	-3.230525199999999784e-03	-3.841106700000000186e-03
7.408618500000000000e+09	-7.479588000000000122e-04	-6.080807199999999774e-03
7.408620625000000000e+09	-2.984991599999999978e-03	-3.408788399999999972e-03
7.408622750000000000e+09	-3.766664900000000170e-03	1.573846600000000043e-03
7.408624875000000000e+09	-2.962717000000000128e-03	-3.907982200000000017e-03
7.408627000000000000e+09	-1.458233599999999956e-03	-6.864265000000000254e-04
7.408629125000000000e+09	-2.119372500000000180e-03	-1.063486920000000086e-02
7.408631250000000000e+09	-5.393179999999999751e-05	-6.239340599999999674e-03
7.408633375000000000e+09	-4.955973899999999675e-03	-6.108085099999999677e-03
7.408635500000000000e+09	-5.979860000000000037e-04	-4.391202999999999773e-03
7.408637625000000000e+09	-5.735035000000000089e-04	-2.227839799999999960e-03
7.408639750000000000e+09	-4.237865999999999855e-03	-2.530934099999999909e-03
7.408641875000000000e+09	2.756559000000000114e-04	-2.685696899999999877e-03
7.408644000000000000e+09	-3.287583100000000206e-03	-3.633152199999999804e-03
7.408646125000000000e+09	-2.325283100000000071e-03	-6.469897799999999900e-03
7.408648250000000000e+09	-4.127186999999999826e-04	-5.899025900000000322e-03
7.408650375000000000e+09	-2.321082099999999954e-03	-5.936141899999999687e-03
7.408652500000000000e+09	2.125476999999999911e-04	-4.225156400000000013e-03
7.408654625000000000e+09	-2.763998199999999784e-03	-5.640395299999999973e-03
7.408656750000000000e+09	-7.273638000000000239e-04	-6.651904099999999750e-03
7.408658875000000000e+09	-4.226365600000000361e-03	-6.281538500000000309e-03
7.408661000000000000e+09	1.219881999999999987e-04	-4.907905300000000269e-03
7.408663125000000000e+09	-2.633829600000000062e-03	-7.710683799999999699e-03
7.408665250000000000e+09	-3.178088099999999954e-03	-6.730481899999999837e-03
7.408667375000000000e+09	-4.230465999999999567e-03	-4.071396500000000300e-03
7.408669500000000000e+09	-2.206395900000000191e-03	-4.163275000000000135e-03
7.408671625000000000e+09	8.472593000000000485e-04	-6.702122300000000130e-03
7.408673750000000000e+09	1.197894599999999900e-03	-8.398238400000000714e-03
7.408675875000000000e+09	-3.195746599999999948e-03	-3.958325399999999654e-03
7.408678000000000000e+09	-4.721020999999999941e-04	-5.296441300000000359e-03
7.408680125000000000e+09	-2.500995099999999815e-03	-8.152916300000000172e-03
7.408682250000000000e+09	-2.599273200000000103e-03	-1.923817900000000065e-03
7.408684375000000000e+09	-3.171248000000000209e-03	-2.315268399999999803e-03
7.408686500000000000e+09	-2.210886400000000151e-03	-4.451068000000000190e-04
7.408688625000000000e+09	-2.720704400000000141e-03	-3.348012699999999842e-03
7.408690750000000000e+09	-3.703784999999999803e-03	-6.959047099999999923e-03
7.408692875000000000e+09	-4.487847500000000274e-03	1.537448999999999923e-04
7.408695000000000000e+09	-4.000605899999999833e-03	2.830507099999999936e-03
7.408697125000000000e+09	1.584605800000000054e-03	1.761134999999999936e-04
7.408699250000000000e+09	-6.251858999999999802e-04	-3.822678500000000097e-03
7.408701375000000000e+09	-5.134739999999999834e-04	-3.937036900000000401e-03
7.408703500000000000e+09	-8.120457100000000664e-03	-5.314935100000000266e-03
7.408705625000000000e+09	-6.582257000000000212e-03	-2.871213599999999835e-03
7.408707750000000000e+09	-1.359712199999999968e-03	-4.403085499999999895e-03
7.408709875000000000e+09	-6.223862299999999813e-03	-2.903891100000000058e-03
7.408712000000000000e+09	-6.437854100000000267e-03	-3.155370900000000096e-03
7.408714125000000000e+09	-3.757173899999999810e-03	-3.282602600000000120e-03
7.408716250000000000e+09	3.377739800000000101e-03	-3.495309299999999932e-03
7.408718375000000000e+09	-3.092784700000000137e-03	-2.929237800000000173e-03
7.408720500000000000e+09	1.144556599999999903e-03	-5.425791800000000394e-03
7.408722625000000000e+09	-5.183579899999999664e-03	-3.192933800000000068e-03
7.408724750000000000e+09	-1.059504699999999980e-03	-4.037025500000000246e-03
7.408726875000000000e+09	-2.334391600000000101e-03	-3.619792499999999885e-03
7.408729000000000000e+09	-6.713094900000000052e-03	-3.018885399999999934e-03
7.408731125000000000e+09	-1.235936399999999899e-03	-2.769824399999999860e-03
7.408733250000000000e+09	-3.988059500000000132e-03	-7.706277499999999829e-03
7.408735375000000000e+09	1.327572200000000022e-03	-4.571473099999999977e-03
7.408737500000000000e+09	-3.727936700000000075e-03	-5.618481100000000290e-03
7.408739625000000000e+09	-1.371009299999999959e-03	-3.934687400000000217e-03
7.408741750000000000e+09	-2.408986000000000113e-04	-1.264205399999999936e-03
7.408743875000000000e+09	-4.975026000000000231e-04	-2.243814499999999962e-03
7.408746000000000000e+09	-4.366619300000000072e-03	-2.359224300000000146e-03
7.408748125000000000e+09	1.269244000000000101e-03	-5.312673399999999664e-03
7.408750250000000000e+09	-3.035672000000000110e-03	-5.275324599999999843e-03
7.408752375000000000e+09	-5.996663799999999572e-03	-4.393256499999999634e-03
7.408754500000000000e+09	-4.698235799999999664e-03	-5.816902100000000131e-03
7.408756625000000000e+09	-5.636495000000000047e-04	-7.285922900000000105e-03
7.408758750000000000e+09	-2.999718599999999947e-03	-7.100287000000000482e-04
7.408760875000000000e+09	-6.202270000000000179e-03	-4.843794099999999825e-03
7.408763000000000000e+09	-2.670855000000000191e-03	-4.042082100000000261e-03
7.408765125000000000e+09	8.000589999999999915e-05	-6.783494499999999892e-03
7.408767250000000000e+09	-1.873198499999999917e-03	-5.140248600000000244e-03
7.408769375000000000e+09	-1.921250200000000066e-03	-3.782361599999999914e-03
7.408771500000000000e+09	-4.067117700000000106e-03	1.456012000000000018e-03
7.408773625000000000e+09	-3.152796399999999947e-03	-4.230383800000000159e-03
7.408775750000000000e+09	-6.824201000000000225e-04	-9.198669700000000268e-03
7.408777875000000000e+09	-2.162181899999999872e-03	-1.643455299999999931e-03
7.408780000000000000e+09	-2.525077900000000011e-03	-8.427522200000000727e-03
7.408782125000000000e+09	-1.370102900000000085e-03	-7.456014199999999592e-03
7.408784250000000000e+09	-3.520051000000000169e-03	-5.591736100000000396e-03
7.408786375000000000e+09	-1.065446000000000031e-04	-2.922586999999999928e-03
7.408788500000000000e+09	-4.295417099999999759e-03	-5.690710899999999739e-03
7.408790625000000000e+09	-3.341097600000000108e-03	-3.020253000000000087e-03
7.408792750000000000e+09	-3.385612799999999922e-03	-3.627317299999999797e-03
7.408794875000000000e+09	-3.484563500000000154e-03	-4.896372599999999735e-03
7.408797000000000000e+09	2.680410900000000131e-03	-2.235917200000000094e-03
7.408799125000000000e+09	-1.882018000000000113e-04	-3.647249999999999884e-04
7.408801250000000000e+09	-2.613968000000000042e-04	-2.301887299999999959e-03
7.408803375000000000e+09	-2.353566400000000215e-03	-8.101088700000000017e-03
7.408805500000000000e+09	-3.797157900000000096e-03	-2.217128200000000136e-03
7.408807625000000000e+09	-3.033899400000000194e-03	-7.218421499999999776e-03
7.408809750000000000e+09	-1.602057100000000081e-03	-1.458096699999999893e-03
7.408811875000000000e+09	-1.032936599999999911e-03	6.162659000000000453e-04
7.408814000000000000e+09	-3.860477399999999882e-03	-1.736806499999999981e-03
7.408816125000000000e+09	-2.263067000000000117e-03	1.426719999999999954e-05
7.408818250000000000e+09	-5.793768799999999761e-03	-3.251841100000000141e-03
7.408820375000000000e+09	-3.106198599999999890e-03	-8.913650900000000266e-03
7.408822500000000000e+09	-3.842415799999999906e-03	-4.161774200000000097e-03
7.408824625000000000e+09	-3.871223999999999933e-03	-6.716284599999999654e-03
7.408826750000000000e+09	-2.455800699999999975e-03	-2.722868600000000021e-03
7.408828875000000000e+09	-1.624637000000000010e-04	-9.123468999999999503e-04
7.408831000000000000e+09	-3.856901800000000092e-03	-5.554351299999999575e-03
7.408833125000000000e+09	-7.543838199999999827e-03	1.203298499999999951e-03
7.408835250000000000e+09	3.055826099999999802e-03	-4.851452000000000021e-03
7.408837375000000000e+09	-3.536688899999999944e-03	-5.078995700000000016e-03
7.408839500000000000e+09	1.209320199999999908e-03	-2.035988399999999997e-03
7.408841625000000000e+09	-4.730990600000000226e-03	-3.938681700000000105e-03
7.408843750000000000e+09	-5.734773599999999638e-03	-4.522750100000000328e-03
7.408845875000000000e+09	-7.118593799999999722e-03	-5.476654899999999944e-03
7.408848000000000000e+09	-2.426556500000000022e-03	-3.206416599999999898e-03
7.408850125000000000e+09	-4.472200200000000028e-03	-1.719552999999999967e-03
7.408852250000000000e+09	-3.338745199999999802e-03	-4.998146000000000186e-03
7.408854375000000000e+09	-2.857497100000000109e-03	-7.346885800000000320e-03
7.408856500000000000e+09	-3.312585000000000269e-04	-4.948853199999999654e-03
7.408858625000000000e+09	-5.067471999999999949e-03	-7.448683900000000087e-03
7.408860750000000000e+09	-6.421763199999999672e-03	-4.051806600000000015e-03
7.408862875000000000e+09	-9.338394899999999735e-03	-6.147070200000000206e-03
7.408865000000000000e+09	-2.119906899999999834e-03	-1.181700000000000019e-04
7.408867125000000000e+09	-3.595712200000000108e-03	-5.084872600000000034e-03
7.408869250000000000e+09	1.100832499999999893e-03	-3.263036300000000077e-03
7.408871375000000000e+09	-6.237538400000000073e-03	-6.770370999999999855e-03
7.408873500000000000e+09	-3.787181799999999980e-03	-7.736179999999999619e-03
7.408875625000000000e+09	-3.294175500000000052e-03	-1.534177999999999974e-03
7.408877750000000000e+09	-2.156087300000000210e-03	-5.510662900000000246e-03
7.408879875000000000e+09	1.359653999999999908e-04	-2.367468800000000016e-03
7.408882000000000000e+09	6.528461999999999633e-04	-1.265939499999999950e-03
7.408884125000000000e+09	-6.579700100000000426e-03	-3.799463600000000090e-03
7.408886250000000000e+09	-8.600641000000000449e-04	-5.011452100000000041e-03
7.408888375000000000e+09	-4.407306000000000049e-04	-7.358992699999999769e-03
7.408890500000000000e+09	-3.535197600000000110e-03	-3.065209599999999934e-03
7.408892625000000000e+09	1.640560400000000028e-03	-9.556185899999999900e-03
7.408894750000000000e+09	-4.773959500000000099e-03	-6.552453599999999954e-03
7.408896875000000000e+09	-3.752758599999999906e-03	-6.016199199999999921e-03
7.408899000000000000e+09	-2.315306300000000150e-03	-3.032904099999999929e-03
7.408901125000000000e+09	-1.514404499999999964e-03	-4.808913700000000402e-03
7.408903250000000000e+09	-1.493382900000000003e-03	-8.574200000000000137e-04
7.408905375000000000e+09	-1.255471900000000064e-03	-8.797791900000000859e-03
7.408907500000000000e+09	-2.234146199999999857e-03	-5.520622900000000076e-03
7.408909625000000000e+09	-6.550263599999999950e-03	-5.840382199999999933e-03
7.408911750000000000e+09	2.528109199999999807e-03	-6.135625199999999654e-03
7.408913875000000000e+09	-6.575237900000000142e-03	-5.471639900000000237e-03
7.408916000000000000e+09	-8.411450999999999911e-04	-7.670281299999999816e-03
7.408918125000000000e+09	-5.834237499999999667e-03	-3.455789500000000080e-03
7.408920250000000000e+09	-3.395117599999999784e-03	-1.146252200000000016e-03
7.408922375000000000e+09	-3.880919000000000035e-03	-6.379238100000000217e-03
7.408924500000000000e+09	-9.522941999999999735e-04	-3.216120099999999864e-03
7.408926625000000000e+09	-5.087616300000000202e-03	-1.844492299999999979e-03
7.408928750000000000e+09	-4.248629099999999895e-03	1.427021500000000059e-03
7.408930875000000000e+09	-7.647274100000000380e-03	-6.871577999999999714e-03
7.408933000000000000e+09	-2.549501000000000241e-04	-5.146358900000000056e-03
7.408935125000000000e+09	-1.716581800000000066e-03	-5.066964499999999927e-03
7.408937250000000000e+09	4.523311000000000237e-04	-4.962398899999999682e-03
7.408939375000000000e+09	-1.382645399999999974e-03	-5.163470100000000333e-03
7.408941500000000000e+09	-2.711386999999999999e-03	-7.979077299999999887e-03
7.408943625000000000e+09	-3.997446299999999654e-03	-5.235680799999999774e-03
7.408945750000000000e+09	-1.388157199999999957e-03	-2.037621199999999945e-03
7.408947875000000000e+09	-2.840202200000000073e-03	-6.088298800000000073e-03
7.408950000000000000e+09	-4.903299800000000125e-03	-6.074867599999999625e-03
7.408952125000000000e+09	-1.198346099999999907e-03	-3.180826500000000050e-03
7.408954250000000000e+09	-5.096992300000000378e-03	-5.946430600000000150e-03
7.408956375000000000e+09	-7.297636199999999775e-03	-8.787138899999999767e-03
7.408958500000000000e+09	-7.666163800000000417e-03	-7.589720200000000389e-03
7.408960625000000000e+09	-5.027077199999999656e-03	-7.024612500000000127e-03
7.408962750000000000e+09	-4.974825599999999765e-03	-7.179769899999999781e-03
7.408964875000000000e+09	-2.754731800000000119e-03	-5.038248500000000116e-03
7.408967000000000000e+09	-1.913458100000000077e-03	-6.790401500000000333e-03
7.408969125000000000e+09	-3.730398900000000094e-03	-6.335391800000000385e-03
7.408971250000000000e+09	-3.120784399999999847e-03	-2.502786600000000104e-03
7.408973375000000000e+09	-1.011476000000000004e-04	-4.822427300000000326e-03
7.408975500000000000e+09	-4.054874499999999715e-03	-6.312865499999999706e-03
7.408977625000000000e+09	-6.598138899999999793e-03	-8.508357399999999515e-03
7.408979750000000000e+09	-3.281054700000000067e-03	-5.195317500000000248e-03
7.408981875000000000e+09	-4.857454599999999970e-03	-4.360166700000000194e-03
7.408984000000000000e+09	8.478005999999999954e-04	-5.456942400000000352e-03
7.408986125000000000e+09	-2.472787100000000196e-03	-1.560896800000000041e-03
7.408988250000000000e+09	-1.991096600000000130e-03	-9.034118799999999241e-03
7.408990375000000000e+09	-9.517223000000000002e-04	-2.836266000000000048e-03
7.408992500000000000e+09	-2.400661300000000217e-03	-3.446473900000000118e-03
7.408994625000000000e+09	-5.890212500000000309e-03	-6.222375199999999676e-03
7.408996750000000000e+09	-7.599507800000000410e-03	-5.249522000000000389e-03
7.408998875000000000e+09	-2.085353800000000132e-03	-4.296771100000000045e-03
7.409001000000000000e+09	-2.737589700000000147e-03	-4.002403800000000136e-03
7.409003125000000000e+09	-2.204762999999999883e-04	-1.906261899999999896e-03
7.409005250000000000e+09	1.037730300000000048e-03	-5.394872000000000209e-04
7.409007375000000000e+09	-1.205356299999999978e-03	-3.986884199999999635e-03
7.409009500000000000e+09	-5.269506699999999995e-03	-5.581513100000000220e-03
7.409011625000000000e+09	-1.159213899999999957e-03	-1.475276499999999928e-03
7.409013750000000000e+09	-7.853785199999999481e-03	-2.677655799999999978e-03
7.409015875000000000e+09	-5.612185799999999843e-03	-1.165192200000000075e-03
7.409018000000000000e+09	-2.934398899999999828e-03	-4.882327900000000415e-03
7.409020125000000000e+09	-5.624529799999999913e-03	-3.553786199999999819e-03
7.409022250000000000e+09	-7.302502699999999583e-03	5.846373000000000411e-04
7.409024375000000000e+09	-3.675804200000000032e-03	-1.627432799999999893e-03
7.409026500000000000e+09	-6.724826899999999594e-03	-6.883737499999999752e-03
7.409028625000000000e+09	4.452271000000000050e-04	-3.430748899999999831e-03
7.409030750000000000e+09	-3.700493000000000011e-04	-3.410413100000000194e-03
7.409032875000000000e+09	-6.782130800000000202e-03	-5.669109700000000106e-03
7.409035000000000000e+09	-6.645441900000000068e-03	-1.183867500000000076e-03
7.409037125000000000e+09	-4.606049400000000217e-03	-1.413624199999999895e-03
7.409039250000000000e+09	-4.193321399999999990e-03	-7.299027700000000271e-03
7.409041375000000000e+09	-3.309282800000000035e-03	3.339369999999999844e-05
7.409043500000000000e+09	-4.123164799999999748e-03	4.413574999999999768e-04
7.409045625000000000e+09	-3.058623300000000000e-03	-3.601019000000000225e-04
7.409047750000000000e+09	-6.294822200000000333e-03	-4.927890499999999611e-03
7.409049875000000000e+09	-5.553847500000000381e-03	-5.544441199999999847e-03
7.409052000000000000e+09	-1.555207600000000061e-03	-2.774480000000000175e-03
7.409054125000000000e+09	-2.417809800000000203e-03	-4.258484899999999754e-03
7.409056250000000000e+09	-4.270281499999999640e-03	-5.512287999999999737e-03
7.409058375000000000e+09	-9.945373000000000841e-04	-2.081343700000000060e-03
7.409060500000000000e+09	-5.194619800000000419e-03	-7.584850599999999957e-03
7.409062625000000000e+09	-3.408083699999999924e-03	-4.042454699999999818e-03
7.409064750000000000e+09	-2.841608199999999876e-03	-5.162810900000000189e-03
7.409066875000000000e+09	1.398726199999999944e-03	-3.729671300000000043e-03
7.409069000000000000e+09	-2.067117099999999860e-03	-2.760390100000000187e-03
7.409071125000000000e+09	-5.762389899999999579e-03	-4.175498000000000252e-04
7.409073250000000000e+09	-3.258623999999999896e-03	-3.937578500000000342e-03
7.409075375000000000e+09	-9.010685000000000482e-04	-2.855548600000000058e-03
7.409077500000000000e+09	-1.727498299999999940e-03	-1.549374799999999903e-03
7.409079625000000000e+09	-5.325155300000000355e-03	-5.605875199999999815e-03
7.409081750000000000e+09	-2.480483800000000180e-03	7.308126000000000509e-04
7.409083875000000000e+09	-5.087313300000000094e-03	-4.065841700000000399e-03
7.409086000000000000e+09	-3.791908999999999883e-04	-2.120713800000000038e-03
7.409088125000000000e+09	-1.623132800000000060e-03	-6.136544199999999921e-03
7.409090250000000000e+09	-5.393657399999999755e-03	-3.605834699999999841e-03
7.409092375000000000e+09	3.342355000000000087e-04	-1.125226900000000094e-03
7.409094500000000000e+09	-3.935341799999999592e-03	-2.740096400000000161e-03
7.409096625000000000e+09	-5.034254000000000159e-03	-4.960473899999999839e-03
7.409098750000000000e+09	-4.160151299999999622e-03	-2.781438399999999929e-03
7.409100875000000000e+09	-6.240584500000000145e-03	-5.718188299999999585e-03
7.409103000000000000e+09	-5.876424600000000088e-03	-7.523805300000000265e-03
7.409105125000000000e+09	-5.150108799999999869e-03	-8.602117399999999539e-03
7.409107250000000000e+09	-7.644714599999999707e-03	-8.786703099999999475e-03
7.409109375000000000e+09	-6.148768800000000041e-03	-4.776165100000000219e-03
7.409111500000000000e+09	-3.927606200000000221e-03	-4.484096800000000188e-03
7.409113625000000000e+09	-2.511788000000000042e-03	-5.178553100000000270e-03
7.409115750000000000e+09	-2.820017299999999852e-03	-3.504465799999999850e-03
7.409117875000000000e+09	-4.270210800000000251e-03	-8.411984000000000822e-03
7.409120000000000000e+09	-9.366758000000000419e-04	-4.319676199999999792e-03
7.409122125000000000e+09	-2.145021999999999901e-03	-2.319440700000000109e-03
7.409124250000000000e+09	-4.370939499999999638e-03	-6.875523500000000308e-03
7.409126375000000000e+09	-5.154421799999999582e-03	-3.130670900000000201e-03
7.409128500000000000e+09	-4.177979000000000068e-04	-8.880125900000000738e-03
7.409130625000000000e+09	-5.806313799999999851e-03	-2.438858899999999785e-03
7.409132750000000000e+09	-1.847371499999999949e-03	-1.185150000000000049e-03
7.409134875000000000e+09	-2.459611400000000139e-03	-2.220342699999999954e-03
7.409137000000000000e+09	-2.109911400000000041e-03	4.249891999999999797e-04
7.409139125000000000e+09	-3.084466899999999991e-03	-6.664207999999999807e-04
7.409141250000000000e+09	-7.715325000000000308e-03	1.447464799999999925e-03
7.409143375000000000e+09	-9.438829699999999948e-03	-7.319863900000000111e-03
7.409145500000000000e+09	-2.752456999999999820e-03	-3.399989500000000133e-03
7.409147625000000000e+09	-2.212487300000000063e-03	-9.131748000000000512e-04
7.409149750000000000e+09	-4.478963800000000141e-03	-5.201810599999999625e-03
7.409151875000000000e+09	-3.744857800000000146e-03	-5.526283300000000426e-03
7.409154000000000000e+09	-1.415727999999999995e-03	-6.913059600000000249e-03
7.409156125000000000e+09	-3.511244900000000044e-03	-2.492654899999999837e-03
7.409158250000000000e+09	-1.196264999999999959e-03	-3.672451399999999890e-03
7.409160375000000000e+09	-2.972739800000000123e-03	-3.411855000000000096e-03
7.409162500000000000e+09	-5.518659399999999680e-03	-1.689193899999999948e-03
7.409164625000000000e+09	-4.543619900000000350e-03	-3.176029600000000123e-03
7.409166750000000000e+09	-3.650975999999999787e-04	-3.692667900000000045e-03
7.409168875000000000e+09	-4.453705799999999916e-03	-4.292608399999999977e-03
7.409171000000000000e+09	-2.480106599999999922e-03	-2.917939899999999909e-03
7.409173125000000000e+09	-3.691595800000000045e-03	-1.189807699999999996e-03
7.409175250000000000e+09	-6.971552800000000057e-03	-6.893155800000000041e-03
7.409177375000000000e+09	-5.496669400000000170e-03	-4.130383900000000365e-03
7.409179500000000000e+09	-5.391117699999999763e-03	-2.735122799999999826e-03
7.409181625000000000e+09	8.303499999999999358e-05	-3.206296700000000211e-03
7.409183750000000000e+09	-2.451957399999999971e-03	-2.877565800000000170e-03
7.409185875000000000e+09	-3.920299399999999622e-03	-3.686253500000000183e-03
7.409188000000000000e+09	-6.750864199999999718e-03	-1.375742899999999984e-03
7.409190125000000000e+09	-3.186507800000000154e-03	-8.560406999999999912e-04
7.409192250000000000e+09	-5.988445299999999895e-03	-3.318751400000000129e-03
7.409194375000000000e+09	-5.755676300000000037e-03	-6.083615199999999751e-03
7.409196500000000000e+09	-3.328565999999999817e-03	-4.880891699999999854e-03
7.409198625000000000e+09	-6.290962800000000042e-03	-5.021510800000000135e-03
7.409200750000000000e+09	-1.951533500000000041e-03	-4.789476200000000045e-03
7.409202875000000000e+09	-5.150859300000000356e-03	-6.949904999999999928e-04
7.409205000000000000e+09	-4.112910800000000276e-03	-1.723874399999999942e-03
7.409207125000000000e+09	-2.456959600000000084e-03	-2.073825999999999968e-03
7.409209250000000000e+09	1.566859000000000090e-03	-2.400226000000000096e-03
7.409211375000000000e+09	-3.466070999999999822e-03	1.365358400000000029e-03
7.409213500000000000e+09	-2.931889699999999828e-03	-3.510202899999999900e-03
7.409215625000000000e+09	-5.416687199999999959e-03	-1.550842599999999964e-03
7.409217750000000000e+09	-1.621207599999999931e-03	-1.498025000000000051e-03
7.409219875000000000e+09	-9.569942499999999422e-03	-3.791635399999999934e-03
7.409222000000000000e+09	-3.619674399999999945e-03	1.769897299999999979e-03
7.409224125000000000e+09	-2.888453000000000027e-03	-5.681175099999999714e-03
7.409226250000000000e+09	-3.430327800000000215e-03	-2.081668200000000128e-03
7.409228375000000000e+09	-5.374414699999999906e-03	-5.210153399999999622e-03
7.409230500000000000e+09	-6.852568199999999922e-03	-3.242506699999999839e-03
7.409232625000000000e+09	-7.158206000000000291e-04	-4.238069300000000227e-03
7.409234750000000000e+09	-3.603331500000000152e-03	-3.718123000000000044e-04
7.409236875000000000e+09	-4.198013799999999844e-03	-1.829049199999999977e-03
7.409239000000000000e+09	-1.727410699999999992e-03	-4.640059299999999866e-03
7.409241125000000000e+09	-4.792209700000000204e-03	-3.900519399999999998e-03
7.409243250000000000e+09	-9.298635200000000475e-03	-5.648780699999999752e-03
7.409245375000000000e+09	-9.808508900000000377e-03	-6.781582999999999882e-04
7.409247500000000000e+09	-3.559227900000000184e-03	-2.557550000000000014e-03
7.409249625000000000e+09	-5.247852600000000103e-03	-6.392099499999999782e-03
7.409251750000000000e+09	-4.955207199999999736e-03	-3.753781600000000076e-03
7.409253875000000000e+09	-2.816941099999999924e-03	-3.303467200000000104e-03
7.409256000000000000e+09	-8.501613400000000015e-03	2.531376699999999917e-03
7.409258125000000000e+09	-2.913548000000000179e-03	-1.761498100000000048e-03
7.409260250000000000e+09	-5.417304099999999990e-03	-8.156161199999999514e-03
7.409262375000000000e+09	-1.885745700000000108e-03	-9.076436999999999916e-04
7.409264500000000000e+09	-1.516150699999999985e-03	-2.721969299999999967e-03
7.409266625000000000e+09	-2.681703299999999793e-03	-3.146687600000000213e-03
7.409268750000000000e+09	-4.966557800000000189e-03	-4.863981699999999665e-03
7.409270875000000000e+09	-6.301290900000000063e-03	-3.635294700000000091e-03
7.409273000000000000e+09	-2.617748200000000105e-03	-4.043297300000000052e-03
7.409275125000000000e+09	-8.421141999999999950e-04	-2.875866899999999799e-03
7.409277250000000000e+09	-3.578582199999999925e-03	-5.078167800000000023e-03
7.409279375000000000e+09	-6.154379300000000289e-03	-3.303085099999999909e-03
7.409281500000000000e+09	-4.669026899999999605e-03	-5.212028999999999967e-03
7.409283625000000000e+09	-4.053623299999999791e-03	-3.870879600000000018e-03
7.409285750000000000e+09	-5.656639599999999969e-03	-3.882884699999999880e-03
7.409287875000000000e+09	-3.835248099999999903e-03	-6.445486000000000271e-03
7.409290000000000000e+09	-4.469235499999999958e-03	-3.933804499999999683e-03
7.409292125000000000e+09	-3.135138400000000124e-03	-1.179085399999999992e-03
7.409294250000000000e+09	-5.345644800000000363e-03	-1.784044000000000038e-03
7.409296375000000000e+09	-7.872681499999999166e-03	-1.339040799999999948e-03
7.409298500000000000e+09	-6.010034499999999773e-03	6.573564999999999530e-04
7.409300625000000000e+09	-1.524342799999999984e-03	-7.668801400000000400e-03
7.409302750000000000e+09	-3.994552000000000172e-03	-2.083198300000000183e-03
7.409304875000000000e+09	-7.279410000000000156e-05	-2.285609000000000078e-03
7.409307000000000000e+09	-4.007682799999999664e-03	-4.602589300000000348e-03
7.409309125000000000e+09	-1.978213400000000070e-03	-3.100205600000000179e-03
7.409311250000000000e+09	-4.318098999999999722e-03	-1.998827500000000066e-03
7.409313375000000000e+09	-5.531352600000000001e-03	-5.485539799999999619e-03
7.409315500000000000e+09	-2.457180800000000054e-03	-6.117164199999999656e-03
7.409317625000000000e+09	-5.421022999999999641e-03	2.906563500000000199e-03
7.409319750000000000e+09	-3.892605600000000141e-03	-3.477189299999999990e-03
7.409321875000000000e+09	-7.537588999999999704e-04	-4.628008400000000432e-03
7.409324000000000000e+09	-3.214041600000000151e-03	1.359199599999999942e-03
7.409326125000000000e+09	-6.075326699999999622e-03	-5.977054699999999679e-03
7.409328250000000000e+09	-2.795524000000000186e-03	-1.048494999999999983e-03
7.409330375000000000e+09	2.187460799999999851e-03	-3.094070799999999819e-03
7.409332500000000000e+09	-1.000666069999999949e-02	-2.909504700000000062e-03
7.409334625000000000e+09	-6.060149100000000386e-03	-2.392684300000000059e-03
7.409336750000000000e+09	-4.730925199999999609e-03	-5.281278000000000361e-04
7.409338875000000000e+09	-7.710997800000000089e-03	-2.915556599999999908e-03
7.409341000000000000e+09	-6.345883600000000284e-03	-5.049651799999999892e-03
7.409343125000000000e+09	-3.701151599999999951e-03	-7.414792999999999601e-04
7.409345250000000000e+09	-6.699303499999999939e-03	-1.656546100000000094e-03
7.409347375000000000e+09	-2.163437600000000030e-03	-2.098976700000000032e-03
7.409349500000000000e+09	2.175609000000000061e-04	-5.444989100000000373e-03
7.409351625000000000e+09	-1.039548759999999947e-02	-9.158608999999999847e-04
7.409353750000000000e+09	-1.009673040000000008e-02	-4.508927299999999916e-03
7.409355875000000000e+09	-1.560114299999999917e-03	-4.964901600000000068e-03
7.409358000000000000e+09	-3.363092399999999954e-03	-7.149940000000000462e-04
7.409360125000000000e+09	-2.985992800000000086e-03	-3.799667999999999969e-03
7.409362250000000000e+09	-5.619231500000000309e-03	-4.453472099999999587e-03
7.409364375000000000e+09	-2.982568200000000180e-03	-4.525178799999999765e-03
7.409366500000000000e+09	-1.778462599999999956e-03	-1.934960899999999982e-03
7.409368625000000000e+09	-2.427924599999999912e-03	-3.600847800000000175e-03
7.409370750000000000e+09	-1.574738599999999994e-03	-3.964728899999999702e-03
7.409372875000000000e+09	-6.390275699999999753e-03	-2.475776500000000015e-03
7.409375000000000000e+09	-2.092641399999999822e-03	-3.145356000000000193e-03
7.409377125000000000e+09	-3.583425999999999799e-03	-2.173538599999999803e-03
7.409379250000000000e+09	7.890279999999999950e-05	-4.324440100000000176e-03
7.409381375000000000e+09	-4.528746900000000034e-03	-4.639064299999999703e-03
7.409383500000000000e+09	-1.181295129999999916e-02	6.512392999999999568e-04
7.409385625000000000e+09	-5.762126900000000100e-03	4.377220000000000080e-05
7.409387750000000000e+09	-2.424515400000000053e-03	-9.480651000000000312e-04
7.409389875000000000e+09	-5.752004899999999671e-03	-7.228200899999999603e-03
7.409392000000000000e+09	-1.553803500000000039e-03	6.714730000000000676e-05
7.409394125000000000e+09	-5.824965199999999725e-03	-3.706002999999999815e-03
7.409396250000000000e+09	-7.136730400000000120e-03	-3.521423100000000122e-03
7.409398375000000000e+09	-4.740513000000000018e-03	-1.148850799999999927e-03
7.409400500000000000e+09	-8.223265100000000036e-03	-2.591640200000000158e-03
7.409402625000000000e+09	-5.244289999999999759e-04	-5.980072399999999608e-03
7.409404750000000000e+09	-5.736600900000000426e-03	3.040254799999999886e-03
7.409406875000000000e+09	-6.887523900000000303e-03	-5.036432500000000145e-03
7.409409000000000000e+09	-6.129108399999999568e-03	-5.743817800000000293e-03
7.409411125000000000e+09	-6.858292200000000276e-03	-9.389426299999999864e-03
7.409413250000000000e+09	-5.903846800000000193e-03	2.522687699999999825e-03
7.409415375000000000e+09	-6.888267000000000001e-03	-2.601588000000000164e-03
7.409417500000000000e+09	-4.211166300000000230e-03	-3.201608700000000123e-03
7.409419625000000000e+09	-4.213886200000000089e-03	-2.120500899999999862e-03
7.409421750000000000e+09	-5.369424700000000050e-03	-2.868442900000000000e-03
7.409423875000000000e+09	-5.792156500000000298e-03	-8.654193600000000333e-03
7.409426000000000000e+09	-1.037896200000000026e-03	1.835909699999999957e-03
7.409428125000000000e+09	-8.128330099999999184e-03	-1.107160100000000079e-03
7.409430250000000000e+09	-2.626415799999999839e-03	-4.686121100000000157e-03
7.409432375000000000e+09	-1.796160100000000022e-03	-3.517838100000000162e-03
7.409434500000000000e+09	-2.175780400000000125e-03	-2.437346099999999991e-03
7.409436625000000000e+09	-1.028866370000000065e-02	-3.265551599999999988e-03
7.409438750000000000e+09	-8.026114399999999260e-03	-2.828459499999999918e-03
7.409440875000000000e+09	-7.178505299999999624e-03	-6.845418899999999689e-03
7.409443000000000000e+09	-5.154429299999999971e-03	-2.132640900000000190e-03
7.409445125000000000e+09	-3.422726000000000067e-03	-1.780085100000000078e-03
7.409447250000000000e+09	-4.830073100000000300e-03	4.692553000000000132e-04
7.409449375000000000e+09	-4.723152900000000300e-03	-5.138861899999999650e-03
7.409451500000000000e+09	-6.586857399999999918e-03	-2.776667599999999795e-03
7.409453625000000000e+09	-4.892349499999999567e-03	-1.955622699999999981e-03
7.409455750000000000e+09	-3.285362000000000005e-03	-5.214119799999999971e-03
7.409457875000000000e+09	-4.888841500000000277e-03	-1.231558100000000036e-03
7.409460000000000000e+09	-2.163453100000000111e-03	-2.458743000000000213e-03
7.409462125000000000e+09	-5.145698500000000369e-03	1.934378600000000040e-03
7.409464250000000000e+09	-9.533150999999999691e-04	-6.297699200000000420e-03
7.409466375000000000e+09	-5.215789099999999789e-03	-7.412507599999999808e-03
7.409468500000000000e+09	-7.901272200000000051e-03	-2.351000800000000064e-03
7.409470625000000000e+09	-7.245812100000000380e-03	-1.835110399999999959e-03
7.409472750000000000e+09	-4.969521999999999655e-03	-4.296947000000000180e-04
7.409474875000000000e+09	-6.319700200000000212e-03	-4.869723000000000281e-03
7.409477000000000000e+09	-3.543339799999999790e-03	3.681377999999999907e-04
7.409479125000000000e+09	-5.383093299999999921e-03	-6.678518999999999949e-04
7.409481250000000000e+09	-4.107697100000000032e-03	-2.466380499999999958e-03
7.409483375000000000e+09	-3.661699999999999938e-03	-6.977913399999999787e-03
7.409485500000000000e+09	-8.904312500000000768e-03	-2.928586899999999823e-03
7.409487625000000000e+09	-2.711355800000000201e-03	-4.809503599999999900e-03
7.409489750000000000e+09	-6.336395300000000411e-03	2.640654499999999828e-03
7.409491875000000000e+09	-1.310248300000000071e-03	-6.537770600000000244e-03
7.409494000000000000e+09	-3.071966399999999896e-03	-8.110046200000000163e-03
7.409496125000000000e+09	-2.977684200000000041e-03	-6.533682499999999595e-03
7.409498250000000000e+09	-2.666202400000000031e-03	-6.032250799999999691e-03
7.409500375000000000e+09	-4.375979500000000064e-03	-3.995369099999999951e-03
7.409502500000000000e+09	-5.578882999999999759e-03	-3.128947200000000047e-03
7.409504625000000000e+09	-5.447073900000000066e-03	3.171552000000000225e-04
7.409506750000000000e+09	-2.067057000000000182e-03	-6.109822200000000064e-03
7.409508875000000000e+09	-1.235884000000000028e-03	-1.900356300000000066e-03
7.409511000000000000e+09	-3.700330200000000007e-03	3.770986000000000151e-04
7.409513125000000000e+09	-8.127062799999999407e-03	-1.471195999999999865e-04
7.409515250000000000e+09	-5.918432500000000117e-03	-4.752621599999999613e-03
7.409517375000000000e+09	-5.738214699999999967e-03	-5.238864200000000262e-03
7.409519500000000000e+09	-4.411911299999999800e-03	-2.152728999999999927e-03
7.409521625000000000e+09	-6.497440900000000033e-03	7.200391999999999687e-04
7.409523750000000000e+09	-4.914245700000000050e-03	-7.894443999999999594e-04
7.409525875000000000e+09	-8.339425600000000341e-03	-4.222425000000000136e-03
7.409528000000000000e+09	-4.478552299999999896e-03	1.568889400000000097e-03
7.409530125000000000e+09	-9.874771399999999338e-03	-9.891936999999999952e-04
7.409532250000000000e+09	-8.695036200000000673e-03	-2.856666500000000063e-03
7.409534375000000000e+09	-8.826314400000000171e-03	-4.129359699999999786e-03
7.409536500000000000e+09	-3.951645099999999758e-03	-4.376203700000000189e-03
7.409538625000000000e+09	-6.452681000000000042e-03	-4.306835699999999982e-03
7.409540750000000000e+09	-4.734069900000000344e-03	-1.222606399999999916e-03
7.409542875000000000e+09	-6.715867500000000101e-03	-2.184936900000000043e-03
7.409545000000000000e+09	-3.656550599999999936e-03	-1.022093099999999994e-03
7.409547125000000000e+09	-3.520463599999999922e-03	-4.287751400000000372e-03
7.409549250000000000e+09	-5.597517599999999975e-03	-7.146441199999999973e-03
7.409551375000000000e+09	-2.789779599999999814e-03	-4.175726400000000400e-03
7.409553500000000000e+09	-2.773678300000000010e-03	-1.392951900000000002e-03
7.409555625000000000e+09	-1.054701490000000026e-02	-4.392663899999999649e-03
7.409557750000000000e+09	-6.644373200000000361e-03	-2.361598400000000045e-03
7.409559875000000000e+09	-5.497944299999999937e-03	-1.515301500000000101e-03
7.409562000000000000e+09	-5.695336100000000096e-03	-1.921022600000000082e-03
7.409564125000000000e+09	-1.928350699999999921e-03	-4.465508099999999578e-03
7.409566250000000000e+09	-3.542210799999999903e-03	-1.322929899999999905e-03
7.409568375000000000e+09	-4.342756799999999973e-03	-4.423585399999999980e-03
7.409570500000000000e+09	-9.219316899999999843e-03	-1.792525899999999981e-03
7.409572625000000000e+09	-4.023961999999999851e-03	-3.859801099999999978e-03
7.409574750000000000e+09	-6.743167000000000215e-04	3.231253400000000039e-03
7.409576875000000000e+09	-7.748928900000000286e-03	-3.519505699999999834e-03
7.409579000000000000e+09	-9.819188999999999001e-04	-1.947245599999999997e-03
7.409581125000000000e+09	-1.051296400000000094e-03	-1.681416899999999904e-03
7.409583250000000000e+09	-5.688935600000000203e-03	-4.127306899999999730e-03
7.409585375000000000e+09	-3.233334500000000205e-03	-4.439920400000000114e-03
7.409587500000000000e+09	-6.859535899999999811e-03	-1.679363599999999894e-03
7.409589625000000000e+09	-5.832667799999999986e-03	-1.625900599999999989e-03
7.409591750000000000e+09	-6.676556000000000157e-03	-2.771714599999999980e-03
7.409593875000000000e+09	-6.965616699999999800e-03	-3.652888600000000173e-03
7.409596000000000000e+09	-7.459237399999999775e-03	2.157306800000000167e-03
7.409598125000000000e+09	-5.199615999999999787e-03	-7.392935500000000389e-03
7.409600250000000000e+09	-1.212432490000000043e-02	-4.950531099999999803e-03
7.409602375000000000e+09	-7.489284799999999971e-03	-4.002890000000000267e-03
7.409604500000000000e+09	-7.503497500000000202e-03	-6.434989999999999591e-04
7.409606625000000000e+09	-4.898975899999999731e-03	-2.825345300000000042e-03
7.409608750000000000e+09	-2.774643800000000087e-03	1.037597500000000082e-03
7.409610875000000000e+09	-8.192097799999999153e-03	-3.602453800000000091e-03
7.409613000000000000e+09	-8.456486699999999843e-03	-3.068814200000000072e-03
7.409615125000000000e+09	-8.768042000000000197e-03	-2.542995199999999786e-03
7.409617250000000000e+09	-4.596163300000000000e-03	-1.391689700000000012e-03
7.409619375000000000e+09	-5.101788000000000330e-03	-4.806039000000000014e-04
7.409621500000000000e+09	-5.349941199999999619e-03	-3.327662800000000167e-03
7.409623625000000000e+09	-5.944676700000000105e-03	-5.448016800000000243e-03
7.409625750000000000e+09	-3.532858700000000070e-03	-2.363624300000000036e-03
7.409627875000000000e+09	-3.953980400000000305e-03	-3.249014900000000029e-03
7.409630000000000000e+09	-4.669946700000000145e-03	-7.027491999999999767e-04
7.409632125000000000e+09	-1.041350530000000052e-02	-5.800616899999999632e-03
7.409634250000000000e+09	-3.259969000000000148e-03	-3.399844300000000059e-03
7.409636375000000000e+09	-3.652607400000000126e-03	-3.798281100000000174e-03
7.409638500000000000e+09	-2.751490699999999904e-03	-6.540578999999999707e-04
7.409640625000000000e+09	-5.112155299999999840e-03	-3.173250199999999924e-03
7.409642750000000000e+09	-4.268712600000000232e-03	-7.824425000000000087e-04
7.409644875000000000e+09	-9.135195699999999405e-03	1.117483299999999947e-03
7.409647000000000000e+09	-2.558314099999999935e-03	-4.385358599999999996e-03
7.409649125000000000e+09	-5.583438300000000132e-03	-5.165201900000000214e-03
7.409651250000000000e+09	-2.577119699999999916e-03	-1.870193299999999914e-03
7.409653375000000000e+09	-4.844860000000000312e-03	4.567174999999999924e-04
7.409655500000000000e+09	-5.640749799999999863e-03	-2.365557300000000005e-03
7.409657625000000000e+09	-6.944076300000000083e-03	-2.052695599999999985e-03
7.409659750000000000e+09	-3.580775799999999856e-03	-5.655025000000000156e-04
7.409661875000000000e+09	-7.958150299999999441e-03	6.617529999999999506e-04
7.409664000000000000e+09	-3.725587199999999891e-03	-1.161899400000000011e-03
7.409666125000000000e+09	-6.931688699999999891e-03	5.482539999999999723e-04
7.409668250000000000e+09	-3.716139800000000087e-03	7.886653000000000196e-04
7.409670375000000000e+09	-7.632659099999999572e-03	8.145439000000000195e-04
7.409672500000000000e+09	-7.154316400000000110e-03	2.356424499999999929e-03
7.409674625000000000e+09	-3.696295400000000186e-03	1.345371699999999959e-03
7.409676750000000000e+09	-5.847493999999999956e-03	5.414700000000000013e-06
7.409678875000000000e+09	-4.789296499999999915e-03	-1.354850799999999947e-03
7.409681000000000000e+09	-4.821805999999999662e-03	-3.875685700000000046e-03
7.409683125000000000e+09	-3.770705000000000064e-03	-6.478200000000000419e-05
7.409685250000000000e+09	-4.187199899999999829e-03	-2.613054599999999842e-03
7.409687375000000000e+09	-6.393523699999999720e-03	-2.200436599999999829e-03
7.409689500000000000e+09	-2.613106599999999793e-03	-6.871321300000000215e-03
7.409691625000000000e+09	-7.586775700000000268e-03	-1.624829200000000012e-03
7.409693750000000000e+09	-1.129519100000000087e-03	-1.263865999999999991e-03
7.409695875000000000e+09	-7.174294900000000204e-03	2.992698000000000125e-04
7.409698000000000000e+09	-4.880340300000000041e-03	-4.096748100000000350e-03
7.409700125000000000e+09	-8.027844600000000330e-03	-1.556257699999999931e-03
7.409702250000000000e+09	-8.142627399999999641e-03	-1.542389400000000049e-03
7.409704375000000000e+09	-2.352091800000000003e-03	-8.179958600000000399e-03
7.409706500000000000e+09	-2.980691799999999995e-03	-3.176617499999999806e-03
7.409708625000000000e+09	-5.593378799999999818e-03	-4.145100900000000393e-03
7.409710750000000000e+09	-1.536281200000000086e-03	-3.325282000000000259e-04
7.409712875000000000e+09	-4.272096500000000137e-03	-2.663818200000000157e-03
7.409715000000000000e+09	-5.920319599999999613e-03	3.184934899999999815e-03
7.409717125000000000e+09	-2.627528000000000068e-03	-3.865069999999999964e-03
7.409719250000000000e+09	-5.844768099999999786e-03	-8.244818200000000180e-03
7.409721375000000000e+09	-5.027484900000000340e-03	-3.189985900000000089e-03
7.409723500000000000e+09	-4.506618500000000166e-03	-6.489212500000000015e-03
7.409725625000000000e+09	-2.555308000000000059e-03	1.081609999999999966e-04
7.409727750000000000e+09	-6.735552300000000221e-03	-5.585285000000000380e-04
7.409729875000000000e+09	-7.330108200000000178e-03	-3.892145799999999906e-03
7.409732000000000000e+09	-6.664221500000000291e-03	-3.859333200000000016e-03
7.409734125000000000e+09	-6.296882799999999579e-03	-1.152037100000000104e-03
7.409736250000000000e+09	-7.738912100000000169e-03	-6.510119899999999848e-03
7.409738375000000000e+09	-1.121965140000000076e-02	-4.572502800000000263e-03
7.409740500000000000e+09	-6.477386199999999976e-03	-1.915422800000000014e-03
7.409742625000000000e+09	-7.587102099999999683e-03	-5.162017599999999852e-03
7.409744750000000000e+09	-4.623393400000000084e-03	-2.998819700000000029e-03
7.409746875000000000e+09	-7.513130300000000344e-03	-1.820159800000000069e-03
7.409749000000000000e+09	-2.994651699999999889e-03	-1.715695400000000074e-03
7.409751125000000000e+09	-5.995267599999999641e-03	-4.320708399999999630e-03
7.409753250000000000e+09	-8.657865500000000436e-03	-3.226178599999999889e-03
7.409755375000000000e+09	-6.970599200000000134e-03	-2.196981399999999897e-03
7.409757500000000000e+09	-3.763887400000000185e-03	3.685148999999999977e-04
7.409759625000000000e+09	-7.328425900000000263e-03	-3.602680699999999837e-03
7.409761750000000000e+09	-7.078897399999999930e-03	-4.164582699999999811e-03
7.409763875000000000e+09	-9.448071400000000730e-03	-4.221757000000000244e-04
7.409766000000000000e+09	-3.647016099999999920e-03	-1.601786299999999894e-03
7.409768125000000000e+09	-4.733455299999999796e-03	-1.290478199999999919e-03
7.409770250000000000e+09	-6.279674100000000314e-03	-1.951758999999999959e-04
7.409772375000000000e+09	-3.429598800000000121e-03	-2.861477399999999994e-03
7.409774500000000000e+09	-2.825068999999999931e-03	3.627593699999999942e-03
7.409776625000000000e+09	-6.172609699999999713e-03	-5.138660700000000428e-03
7.409778750000000000e+09	7.631289000000000518e-04	-5.867671000000000085e-04
7.409780875000000000e+09	-4.408922499999999751e-03	-2.505885999999999812e-04
7.409783000000000000e+09	-3.104667399999999893e-03	-6.768771000000000249e-04
7.409785125000000000e+09	-4.539224599999999894e-03	-4.299150000000000334e-05
7.409787250000000000e+09	-4.423388399999999589e-03	-5.063942000000000313e-04
7.409789375000000000e+09	9.850224000000000306e-04	-6.120773900000000232e-03
7.409791500000000000e+09	-9.561291399999999677e-03	2.138716100000000175e-03
7.409793625000000000e+09	-7.319271300000000126e-03	-1.293916900000000080e-03
7.409795750000000000e+09	-4.408622299999999730e-03	-4.731462700000000320e-03
7.409797875000000000e+09	-2.349295899999999816e-03	-3.424810000000000164e-05
7.409800000000000000e+09	-5.602538399999999925e-03	-3.969982700000000177e-03
7.409802125000000000e+09	-1.118681449999999952e-02	-3.942686899999999807e-03
7.409804250000000000e+09	-7.432632100000000248e-03	4.406503999999999781e-04
7.409806375000000000e+09	-4.042693699999999786e-03	1.038768100000000060e-03
7.409808500000000000e+09	-5.197313500000000017e-03	-6.866198000000000223e-04
7.409810625000000000e+09	-5.007474199999999674e-03	-3.369114199999999944e-03
7.409812750000000000e+09	-2.469150600000000022e-03	-1.368837500000000089e-03
7.409814875000000000e+09	-9.361941800000000632e-03	-3.131460799999999812e-03
7.409817000000000000e+09	-8.564393400000000142e-03	6.012680999999999972e-04
7.409819125000000000e+09	-6.750298200000000130e-03	-2.687419500000000089e-03
7.409821250000000000e+09	-4.022186199999999712e-03	-6.413309999999999757e-05
7.409823375000000000e+09	-2.324049999999999814e-03	-2.045504999999999979e-03
7.409825500000000000e+09	-5.828567500000000380e-03	-1.664849199999999998e-03
7.409827625000000000e+09	-3.235229100000000090e-03	-1.071012000000000038e-04
7.409829750000000000e+09	-4.434791000000000427e-03	3.539100500000000055e-03
7.409831875000000000e+09	-3.750497599999999977e-03	-3.819738999999999947e-03
7.409834000000000000e+09	-4.576875499999999951e-03	-6.498673999999999640e-04
7.409836125000000000e+09	-7.845463999999999910e-03	-6.445306000000000255e-04
7.409838250000000000e+09	-2.188881000000000160e-03	-1.591461699999999983e-03
7.409840375000000000e+09	-6.809203100000000251e-03	-3.222930599999999923e-03
7.409842500000000000e+09	-2.653078200000000188e-03	4.564319999999999695e-05
7.409844625000000000e+09	-6.246753399999999991e-03	-2.787959500000000181e-03
7.409846750000000000e+09	-6.333337700000000320e-03	-1.682412000000000046e-04
7.409848875000000000e+09	-6.439228899999999839e-03	-3.526806500000000122e-03
7.409851000000000000e+09	-3.423379099999999866e-03	-9.128699000000000535e-04
7.409853125000000000e+09	-5.993127099999999603e-03	-1.606475300000000106e-03
7.409855250000000000e+09	-8.341941699999999224e-03	3.290310000000000012e-05
7.409857375000000000e+09	-6.584196500000000229e-03	-5.780078600000000330e-03
7.409859500000000000e+09	-3.470882299999999889e-03	-1.210179200000000097e-03
7.409861625000000000e+09	-8.314572600000000313e-03	-1.023052100000000023e-03
7.409863750000000000e+09	-7.523388899999999650e-03	-3.585321499999999991e-03
7.409865875000000000e+09	-3.388654400000000195e-03	-2.613997600000000053e-03
7.409868000000000000e+09	-4.520072899999999852e-03	-2.791248799999999919e-03
7.409870125000000000e+09	-3.364393199999999879e-03	-8.197636999999999589e-04
7.409872250000000000e+09	-6.841077800000000368e-03	1.270002600000000098e-03
7.409874375000000000e+09	-6.385427100000000411e-03	-4.556699600000000197e-03
7.409876500000000000e+09	-1.491478399999999994e-03	-6.793882999999999476e-04
7.409878625000000000e+09	-2.574146299999999915e-03	-2.559075999999999972e-03
7.409880750000000000e+09	-5.499359700000000344e-03	8.794681999999999630e-04
7.409882875000000000e+09	-5.645022199999999608e-03	2.883418600000000210e-03
7.409885000000000000e+09	-5.704038500000000421e-03	3.801666000000000203e-04
7.409887125000000000e+09	-3.861527799999999854e-03	-4.305986999999999944e-04
7.409889250000000000e+09	-2.956172999999999874e-03	-2.935285999999999733e-04
7.409891375000000000e+09	-4.589675999999999999e-03	-5.605502400000000190e-03
7.409893500000000000e+09	-6.739910299999999667e-03	-7.285072499999999812e-03
7.409895625000000000e+09	-2.467568299999999947e-03	2.204906999999999874e-03
7.409897750000000000e+09	-3.688885199999999889e-03	2.655073500000000152e-03
7.409899875000000000e+09	-6.478159800000000100e-03	1.452921600000000018e-03
7.409902000000000000e+09	-9.108088999999999769e-03	-2.461540400000000045e-03
7.409904125000000000e+09	-7.212181399999999937e-03	-2.180688799999999910e-03
7.409906250000000000e+09	-2.893155200000000187e-03	1.920530200000000005e-03
7.409908375000000000e+09	-3.995321900000000336e-03	-1.281358299999999905e-03
7.409910500000000000e+09	-4.857378400000000006e-03	9.853323999999999243e-04
7.409912625000000000e+09	-4.034537500000000103e-03	-3.075976900000000104e-03
7.409914750000000000e+09	-3.639257099999999943e-03	-1.184306999999999976e-04
7.409916875000000000e+09	-9.342659499999999423e-03	8.566000000000000318e-05
7.409919000000000000e+09	-3.416807500000000174e-03	-4.161383900000000143e-03
7.409921125000000000e+09	-3.720537999999999797e-03	-1.366289500000000086e-03
7.409923250000000000e+09	-4.495359299999999655e-03	-4.289619399999999860e-03
7.409925375000000000e+09	-5.190094800000000404e-03	2.237722699999999953e-03
7.409927500000000000e+09	-7.441493700000000218e-03	-1.458573300000000003e-03
7.409929625000000000e+09	-1.049481390000000028e-02	-4.765182300000000287e-03
7.409931750000000000e+09	-2.350163299999999834e-03	-3.813987200000000088e-03
7.409933875000000000e+09	-5.228247499999999839e-03	3.956035000000000215e-04
7.409936000000000000e+09	-5.637601699999999702e-03	-2.983425999999999851e-04
7.409938125000000000e+09	-4.056501399999999820e-03	-2.681528999999999987e-04
7.409940250000000000e+09	-6.592525499999999858e-03	9.186844999999999690e-04
7.409942375000000000e+09	-6.821278899999999937e-03	-7.183820100000000083e-03
7.409944500000000000e+09	-7.653854800000000139e-03	2.681867799999999944e-03
7.409946625000000000e+09	-6.888039599999999651e-03	-5.147256600000000432e-03
7.409948750000000000e+09	-5.399242999999999751e-03	-1.648516999999999951e-03
7.409950875000000000e+09	-2.658529000000000187e-03	-7.101902999999999688e-04
7.409953000000000000e+09	-4.076078399999999609e-03	-3.005855100000000019e-03
7.409955125000000000e+09	-9.528801700000000610e-03	-3.598028100000000111e-03
7.409957250000000000e+09	-3.693313100000000185e-03	3.729356000000000077e-03
7.409959375000000000e+09	-4.022336300000000156e-03	-1.525119599999999898e-03
7.409961500000000000e+09	-6.766956999999999660e-03	-6.876229400000000332e-03
7.409963625000000000e+09	-2.215742599999999916e-03	1.675558800000000008e-03
7.409965750000000000e+09	-9.994134700000000676e-03	-1.642898600000000046e-03
7.409967875000000000e+09	-7.424145200000000118e-03	-1.040503500000000085e-03
7.409970000000000000e+09	-5.733289499999999657e-03	-2.840902000000000184e-03
7.409972125000000000e+09	-8.197023100000000798e-03	-3.527121600000000020e-03
7.409974250000000000e+09	-6.421604200000000096e-03	-2.974954000000000140e-03
7.409976375000000000e+09	-5.443121599999999755e-03	-1.259525399999999974e-03
7.409978500000000000e+09	-1.768614900000000040e-03	-1.731520999999999972e-03
7.409980625000000000e+09	-7.720825100000000205e-03	-2.573818199999999921e-03
7.409982750000000000e+09	-2.841593500000000067e-03	-2.949022500000000099e-03
7.409984875000000000e+09	-4.994086699999999816e-03	-3.251592999999999888e-04
7.409987000000000000e+09	-2.948239599999999839e-03	9.281310000000000081e-05
7.409989125000000000e+09	-8.418930999999999507e-04	-4.674278300000000129e-03
7.409991250000000000e+09	-3.261504599999999910e-03	3.155591999999999924e-04
7.409993375000000000e+09	-4.276008300000000081e-03	-2.478649999999999994e-04
7.409995500000000000e+09	-5.177694000000000046e-03	-6.530758700000000028e-03
7.409997625000000000e+09	-7.559334200000000087e-03	6.258604000000000294e-04
7.409999750000000000e+09	-2.952583600000000148e-03	-2.102868800000000198e-03
7.410001875000000000e+09	-1.200726329999999946e-02	-1.996140200000000049e-03
7.410004000000000000e+09	-2.769312999999999809e-03	3.538177300000000091e-03
7.410006125000000000e+09	-3.173965200000000014e-03	-1.148783499999999963e-03
7.410008250000000000e+09	-7.544498499999999913e-03	-4.502317900000000345e-03
7.410010375000000000e+09	-7.504333400000000320e-03	-2.821405600000000125e-03
7.410012500000000000e+09	-5.748455599999999742e-03	7.175801000000000315e-04
7.410014625000000000e+09	-3.204841800000000213e-03	-4.750314200000000341e-03
7.410016750000000000e+09	-9.255732200000000090e-03	-2.191684199999999801e-03
7.410018875000000000e+09	-3.812147000000000213e-04	1.343480399999999898e-03
7.410021000000000000e+09	-4.295990300000000067e-03	-5.110230000000000030e-05
7.410023125000000000e+09	-6.653923200000000024e-03	-1.342283600000000092e-03
7.410025250000000000e+09	-1.856935299999999981e-03	3.035619000000000251e-04
7.410027375000000000e+09	-5.436748800000000201e-03	2.038298599999999790e-03
7.410029500000000000e+09	-5.830714300000000398e-03	-5.256554899999999961e-03
7.410031625000000000e+09	-7.343175900000000270e-03	8.142321999999999798e-04
7.410033750000000000e+09	-1.369407100000000037e-03	-1.971444699999999953e-03
7.410035875000000000e+09	-9.045889499999999403e-03	-3.968680500000000208e-03
7.410038000000000000e+09	-1.935761000000000035e-03	1.505639100000000057e-03
7.410040125000000000e+09	-4.124636200000000169e-03	-2.233800399999999898e-03
7.410042250000000000e+09	-1.650180000000000006e-03	1.218811300000000085e-03
7.410044375000000000e+09	-5.690491500000000383e-03	2.565927099999999999e-03
7.410046500000000000e+09	-1.059424800000000055e-03	-4.930465000000000195e-03
7.410048625000000000e+09	-2.682428499999999893e-03	-1.293335000000000058e-03
7.410050750000000000e+09	-1.442607600000000035e-03	1.067598400000000034e-03
7.410052875000000000e+09	-6.011758300000000395e-03	-2.181328000000000065e-04
7.410055000000000000e+09	-2.497269299999999980e-03	-5.937709999999999906e-04
7.410057125000000000e+09	-9.487861800000000484e-03	1.035314100000000103e-03
7.410059250000000000e+09	-7.450962299999999879e-03	1.679297499999999905e-03
7.410061375000000000e+09	-1.166571300000000030e-03	-4.585306999999999838e-04
7.410063500000000000e+09	-4.880252600000000059e-03	1.320203800000000101e-03
7.410065625000000000e+09	-3.068061600000000170e-03	-2.184490800000000142e-03
7.410067750000000000e+09	-5.947676499999999568e-03	1.569423699999999934e-03
7.410069875000000000e+09	-5.958822600000000108e-03	2.987546299999999880e-03
7.410072000000000000e+09	-5.940593099999999689e-03	6.117383000000000109e-04
7.410074125000000000e+09	-6.146597699999999977e-03	1.652023899999999950e-03
7.410076250000000000e+09	-2.998962500000000152e-03	2.419584900000000104e-03
7.410078375000000000e+09	-4.755096299999999991e-03	-5.430591000000000237e-03
7.410080500000000000e+09	-7.085734699999999588e-03	-1.704356800000000026e-03
7.410082625000000000e+09	-1.259848709999999983e-02	-3.813799399999999798e-03
7.410084750000000000e+09	-8.670917599999999545e-03	-4.352420000000000073e-03
7.410086875000000000e+09	-3.262126499999999912e-03	-4.331312200000000424e-03
7.410089000000000000e+09	-5.631846200000000316e-03	8.387813000000000256e-04
7.410091125000000000e+09	-3.352773400000000001e-03	-4.710256399999999607e-03
7.410093250000000000e+09	-3.638318000000000194e-03	1.622526900000000093e-03
7.410095375000000000e+09	-1.323177470000000064e-02	3.191799400000000075e-03
7.410097500000000000e+09	-5.721333200000000389e-03	1.212041199999999925e-03
7.410099625000000000e+09	-8.152782100000000379e-03	3.233444199999999883e-03
7.410101750000000000e+09	-6.219673900000000089e-03	-1.728606400000000072e-03
7.410103875000000000e+09	-5.008089799999999696e-03	-2.720978199999999833e-03
7.410106000000000000e+09	-6.069689900000000381e-03	1.536892200000000057e-03
7.410108125000000000e+09	-2.876521899999999812e-03	2.144861000000000131e-04
7.410110250000000000e+09	-5.769408600000000380e-03	-1.442525500000000011e-03
7.410112375000000000e+09	-6.184056099999999875e-03	-4.740137000000000170e-03
7.410114500000000000e+09	-2.816551899999999910e-03	3.207092300000000031e-03
7.410116625000000000e+09	-3.145422599999999919e-03	2.880134700000000145e-03
7.410118750000000000e+09	-7.590467499999999784e-03	-4.749724999999999780e-03
7.410120875000000000e+09	-2.120591700000000034e-03	-2.168829799999999995e-03
7.410123000000000000e+09	-4.567527099999999646e-03	-5.350358300000000039e-03
7.410125125000000000e+09	-4.645377099999999614e-03	-4.874570400000000081e-03
7.410127250000000000e+09	-1.865481100000000031e-03	-3.064424000000000054e-03
7.410129375000000000e+09	-2.674098399999999889e-03	-3.320160300000000054e-03
7.410131500000000000e+09	-6.047297899999999962e-03	-1.508660300000000095e-03
7.410133625000000000e+09	-4.997844700000000223e-03	-3.652169199999999883e-03
7.410135750000000000e+09	-5.713031200000000427e-03	-1.384147299999999954e-03
7.410137875000000000e+09	-1.001089680000000030e-02	-7.259954999999999577e-04
7.410140000000000000e+09	-3.473235900000000171e-03	-4.443120299999999724e-03
7.410142125000000000e+09	-4.145504599999999713e-03	-1.701703599999999927e-03
7.410144250000000000e+09	-7.997929100000000444e-03	7.914878999999999882e-04
7.410146375000000000e+09	-4.922449599999999953e-03	-3.847885000000000107e-04
7.410148500000000000e+09	-5.288722800000000314e-03	7.310491999999999598e-04
7.410150625000000000e+09	-8.399697399999999509e-03	-9.181108999999999581e-04
7.410152750000000000e+09	-7.444352599999999771e-03	-6.278189000000000209e-04
7.410154875000000000e+09	-4.241479099999999856e-03	-4.011480700000000232e-03
7.410157000000000000e+09	-7.725925199999999875e-03	1.220604900000000007e-03
7.410159125000000000e+09	-8.445310799999999549e-03	2.165383199999999959e-03
7.410161250000000000e+09	-6.088623500000000209e-03	-4.286774699999999945e-03
7.410163375000000000e+09	-3.430767800000000204e-03	4.543816999999999800e-04
7.410165500000000000e+09	-3.562370999999999940e-03	-4.581917399999999724e-03
7.410167625000000000e+09	-2.392088399999999816e-03	-2.403128300000000137e-03
7.410169750000000000e+09	-4.474898799999999996e-03	-3.029830399999999986e-03
7.410171875000000000e+09	-6.485667199999999716e-03	-2.685173800000000173e-03
7.410174000000000000e+09	-5.952924499999999799e-03	-2.258637799999999810e-03
7.410176125000000000e+09	-7.737141599999999668e-03	-3.184343400000000206e-03
7.410178250000000000e+09	-3.725095999999999789e-03	-4.078088000000000112e-04
7.410180375000000000e+09	-2.013401499999999903e-03	5.054472400000000094e-03
7.410182500000000000e+09	-3.646156399999999926e-03	-1.423786800000000075e-03
7.410184625000000000e+09	-5.467928000000000371e-03	1.561571999999999895e-04
7.410186750000000000e+09	-5.234767700000000218e-03	-8.280142999999999575e-04
7.410188875000000000e+09	-5.436438800000000307e-03	-2.267234800000000189e-03
7.410191000000000000e+09	-2.077341400000000046e-03	-3.417542999999999883e-04
7.410193125000000000e+09	-5.655314899999999700e-03	1.959272199999999818e-03
7.410195250000000000e+09	-2.938702400000000204e-03	-6.392857800000000326e-03
7.410197375000000000e+09	-5.926608300000000412e-03	4.796479099999999794e-03
7.410199500000000000e+09	-2.760873999999999967e-03	-3.815930000000000038e-04
7.410201625000000000e+09	-4.974835599999999705e-03	-4.293407600000000157e-03
7.410203750000000000e+09	-7.064649000000000102e-03	-2.967590999999999892e-04
7.410205875000000000e+09	-5.976933700000000051e-03	5.661999999999999932e-04
7.410208000000000000e+09	-2.887633200000000195e-03	-2.964993400000000105e-03
7.410210125000000000e+09	-6.625247600000000112e-03	-1.436094200000000024e-03
7.410212250000000000e+09	-4.868854899999999590e-03	-5.477783600000000162e-03
7.410214375000000000e+09	-9.601104799999999467e-03	2.540123899999999907e-03
7.410216500000000000e+09	-9.980803800000000170e-03	-1.063787500000000020e-03
7.410218625000000000e+09	-6.242552799999999576e-03	-1.188434900000000021e-03
7.410220750000000000e+09	-7.167141699999999942e-03	4.234892300000000186e-03
7.410222875000000000e+09	-7.217049599999999891e-03	-4.425939999999999844e-05
7.410225000000000000e+09	-5.270499100000000138e-03	-2.148046000000000135e-04
7.410227125000000000e+09	-9.684000200000000835e-03	-6.700840000000000442e-04
7.410229250000000000e+09	-3.464762100000000171e-03	5.127584000000000135e-04
7.410231375000000000e+09	-9.448792299999999797e-03	1.447246799999999962e-03
7.410233500000000000e+09	-3.330744899999999939e-03	4.325784600000000257e-03
7.410235625000000000e+09	-3.838922700000000059e-03	5.367261100000000375e-03
7.410237750000000000e+09	-4.630971499999999956e-03	-4.586088999999999791e-04
7.410239875000000000e+09	-6.507870899999999674e-03	3.551813400000000155e-03
7.410242000000000000e+09	-7.270571600000000183e-03	-2.621430399999999817e-03
7.410244125000000000e+09	-5.313078100000000192e-03	2.378591800000000051e-03
7.410246250000000000e+09	-3.388658699999999926e-03	3.162380299999999894e-03
7.410248375000000000e+09	-8.009446599999999264e-03	-4.037543299999999877e-03
7.410250500000000000e+09	-8.367159399999999150e-03	-2.535045899999999967e-03
7.410252625000000000e+09	-3.484372999999999811e-03	2.931884000000000269e-04
7.410254750000000000e+09	-3.125911500000000051e-03	-1.177846200000000039e-03
7.410256875000000000e+09	-2.039991399999999816e-03	7.227830999999999883e-04
7.410259000000000000e+09	-5.240813799999999821e-03	-1.002901799999999892e-03
7.410261125000000000e+09	-4.222932599999999759e-03	-8.736589000000000117e-04
7.410263250000000000e+09	-4.572452200000000355e-03	-1.605813800000000045e-03
7.410265375000000000e+09	-3.238867700000000113e-03	2.016807299999999904e-03
7.410267500000000000e+09	-6.948603999999999718e-03	2.244015000000000029e-04
7.410269625000000000e+09	-9.323650799999999572e-03	1.502707899999999918e-03
7.410271750000000000e+09	-3.085208700000000113e-03	-1.727106499999999907e-03
7.410273875000000000e+09	-4.812950000000000057e-05	3.907402100000000392e-03
7.410276000000000000e+09	-8.912084100000000272e-03	4.267383000000000135e-04
7.410278125000000000e+09	-4.631731699999999848e-03	1.071901099999999921e-03
7.410280250000000000e+09	-3.602412699999999954e-03	-2.613189399999999839e-03
7.410282375000000000e+09	-3.811888299999999924e-03	2.712406499999999842e-03
7.410284500000000000e+09	-1.381050399999999906e-03	2.414218300000000195e-03
7.410286625000000000e+09	-3.228242499999999827e-03	-5.803720000000000059e-04
7.410288750000000000e+09	-5.575008999999999694e-03	-7.325043999999999523e-04
7.410290875000000000e+09	-2.656581099999999907e-03	-8.783537000000000332e-04
7.410293000000000000e+09	-5.353026999999999785e-03	-2.511753099999999850e-03
7.410295125000000000e+09	-8.229205200000000789e-03	-2.006086399999999943e-03
7.410297250000000000e+09	-6.438246499999999636e-03	2.967711000000000155e-04
7.410299375000000000e+09	-1.016694259999999933e-02	1.118309100000000091e-03
7.410301500000000000e+09	-6.638353599999999820e-03	1.214157599999999984e-03
7.410303625000000000e+09	-9.106149399999999283e-03	2.234594900000000210e-03
7.410305750000000000e+09	-7.176556300000000270e-03	-5.962782999999999929e-04
7.410307875000000000e+09	-2.109538499999999948e-03	-1.724721200000000091e-03
7.410310000000000000e+09	-4.427908500000000101e-03	-2.307412300000000107e-03
7.410312125000000000e+09	-4.139294499999999696e-03	-2.758214999999999951e-04
7.410314250000000000e+09	-3.094974900000000209e-03	3.594699900000000118e-03
7.410316375000000000e+09	-6.774536900000000146e-03	8.932303999999999852e-04
7.410318500000000000e+09	-3.144150400000000206e-03	-3.012672200000000161e-03
7.410320625000000000e+09	-6.441468599999999878e-03	4.277569699999999968e-03
7.410322750000000000e+09	-8.405020900000000766e-03	8.809116000000000515e-04
7.410324875000000000e+09	-3.502637299999999954e-03	-5.120954199999999679e-03
7.410327000000000000e+09	-1.076819839999999980e-02	3.439305999999999830e-04
7.410329125000000000e+09	-6.982961999999999676e-03	-2.666326399999999815e-03
7.410331250000000000e+09	-8.911157799999999685e-03	3.084521000000000008e-04
7.410333375000000000e+09	-7.229200499999999599e-03	8.235500999999999672e-04
7.410335500000000000e+09	-6.134772200000000210e-03	-2.806986500000000200e-03
7.410337625000000000e+09	-3.605886200000000055e-03	-1.241450999999999915e-04
7.410339750000000000e+09	-6.404543399999999657e-03	2.896902999999999935e-04
7.410341875000000000e+09	-2.785424099999999920e-03	-1.626159799999999907e-03
7.410344000000000000e+09	-1.173219070000000065e-02	1.183278299999999950e-03
7.410346125000000000e+09	-4.516153499999999918e-03	5.598050000000000248e-04
7.410348250000000000e+09	-7.669421699999999856e-03	-2.033098599999999881e-03
7.410350375000000000e+09	-8.076845900000000772e-03	-4.087507899999999646e-03
7.410352500000000000e+09	-4.314601000000000373e-03	-2.189351500000000141e-03
7.410354625000000000e+09	-9.025272500000000586e-03	-3.072946100000000045e-03
7.410356750000000000e+09	-4.483446799999999711e-03	3.081714399999999857e-03
7.410358875000000000e+09	-6.648402500000000041e-03	-1.694534500000000098e-03
7.410361000000000000e+09	-1.061421539999999990e-02	-4.037309799999999615e-03
7.410363125000000000e+09	-6.160423699999999746e-03	2.453511600000000004e-03
7.410365250000000000e+09	-7.868625699999999556e-03	-1.782310000000000057e-03
7.410367375000000000e+09	-4.683390800000000222e-03	-2.903972600000000095e-03
7.410369500000000000e+09	-2.200615400000000086e-03	5.225378400000000277e-03
7.410371625000000000e+09	-3.417547700000000185e-03	-3.286712299999999896e-03
7.410373750000000000e+09	-7.439091899999999979e-03	2.867118699999999902e-03
7.410375875000000000e+09	-7.137423999999999852e-03	-2.727715400000000050e-03
7.410378000000000000e+09	-2.254192600000000119e-03	-1.845501399999999962e-03
7.410380125000000000e+09	-8.914777999999999505e-04	7.673183000000000087e-04
7.410382250000000000e+09	-6.482034900000000106e-03	-2.345257700000000136e-03
7.410384375000000000e+09	-6.537549299999999806e-03	-7.012970000000000044e-05
7.410386500000000000e+09	-8.015762699999999866e-03	-4.032738000000000013e-04
7.410388625000000000e+09	-5.296472299999999654e-03	-1.540731199999999896e-03
7.410390750000000000e+09	-6.769825299999999817e-03	4.932908500000000342e-03
7.410392875000000000e+09	-5.623533499999999741e-03	2.109932399999999830e-03
7.410395000000000000e+09	-4.328927599999999980e-03	2.615392099999999838e-03
7.410397125000000000e+09	-7.106312200000000114e-03	-1.101549000000000061e-03
7.410399250000000000e+09	-2.988397399999999978e-03	-1.374690000000000047e-05
7.410401375000000000e+09	-5.097402400000000146e-03	4.282091000000000131e-04
7.410403500000000000e+09	-2.944687100000000120e-03	-3.712902599999999900e-03
7.410405625000000000e+09	-1.924282399999999952e-03	1.858779500000000027e-03
7.410407750000000000e+09	-7.360065100000000304e-03	2.077558100000000216e-03
7.410409875000000000e+09	-5.059108599999999865e-03	-1.266442800000000058e-03
7.410412000000000000e+09	-4.299491600000000108e-03	-1.890033699999999969e-03
7.410414125000000000e+09	-3.556614200000000111e-03	2.588810500000000153e-03
7.410416250000000000e+09	-5.636131299999999622e-03	1.588948000000000021e-04
7.410418375000000000e+09	-5.868120200000000175e-03	2.417738600000000210e-03
7.410420500000000000e+09	-4.906559500000000178e-03	1.757010999999999946e-03
7.410422625000000000e+09	-4.573944600000000131e-03	5.767873399999999887e-03
7.410424750000000000e+09	-7.628013000000000328e-03	8.267268000000000143e-04
7.410426875000000000e+09	-5.311294700000000063e-03	-4.877156500000000283e-03
7.410429000000000000e+09	-5.904182600000000211e-03	-6.498494000000000059e-04
7.410431125000000000e+09	-4.836313699999999875e-03	-1.081274799999999963e-03
7.410433250000000000e+09	-5.301938600000000168e-03	4.095831700000000103e-03
7.410435375000000000e+09	-1.579825700000000001e-03	3.763835300000000200e-03
7.410437500000000000e+09	-6.183870600000000370e-03	-2.180141000000000023e-03
7.410439625000000000e+09	-1.622840499999999913e-03	2.425930599999999958e-03
7.410441750000000000e+09	-4.804060199999999822e-03	3.017035700000000181e-03
7.410443875000000000e+09	-4.206573699999999714e-03	6.683182200000000253e-03
7.410446000000000000e+09	-8.699721800000000810e-03	-4.095484999999999837e-04
7.410448125000000000e+09	-6.962502700000000426e-03	2.323753000000000016e-03
7.410450250000000000e+09	-6.849606000000000271e-03	-6.117079000000000526e-04
7.410452375000000000e+09	-6.560323800000000122e-03	-2.538841200000000083e-03
7.410454500000000000e+09	-7.839607599999999510e-03	5.740130999999999879e-04
7.410456625000000000e+09	-4.005583899999999933e-03	-3.126175200000000202e-03
7.410458750000000000e+09	-2.751683799999999833e-03	-3.110402000000000175e-04
7.410460875000000000e+09	-7.494848400000000271e-03	-2.242617999999999879e-04
7.410463000000000000e+09	-6.109261300000000047e-03	1.188919899999999960e-03
7.410465125000000000e+09	-8.702100799999999345e-03	4.113960899999999712e-03
7.410467250000000000e+09	-4.054636500000000088e-03	-5.542337700000000283e-03
7.410469375000000000e+09	-2.512297699999999946e-03	-8.940947000000000304e-04
7.410471500000000000e+09	-5.768675299999999687e-03	-2.005184999999999878e-04
7.410473625000000000e+09	-4.892752099999999812e-03	4.756049000000000040e-04
7.410475750000000000e+09	-7.203291199999999755e-03	6.428858099999999569e-03
7.410477875000000000e+09	-7.171261100000000423e-03	2.003593000000000127e-03
7.410480000000000000e+09	-3.662041999999999901e-03	-1.282915500000000094e-03
7.410482125000000000e+09	-7.229506200000000195e-03	3.867835100000000057e-03
7.410484250000000000e+09	-7.161044899999999963e-03	-3.132899999999999769e-05
7.410486375000000000e+09	-4.803811100000000313e-03	3.428902599999999936e-03
7.410488500000000000e+09	-3.914205500000000199e-03	2.405323200000000078e-03
7.410490625000000000e+09	-7.789003200000000141e-03	5.155286000000000026e-04
7.410492750000000000e+09	-5.491374799999999660e-03	-1.277184599999999989e-03
7.410494875000000000e+09	-6.579077400000000152e-03	4.020604399999999808e-03
7.410497000000000000e+09	-3.348597599999999803e-03	1.075232300000000070e-03
7.410499125000000000e+09	-5.386421700000000416e-03	-2.203811899999999838e-03
7.410501250000000000e+09	-6.232042400000000273e-03	-2.749159999999999950e-04
7.410503375000000000e+09	-6.549545000000000367e-03	9.502281000000000442e-04
7.410505500000000000e+09	-4.469119500000000300e-03	-2.116347000000000085e-04
7.410507625000000000e+09	-6.543952300000000118e-03	2.034713699999999865e-03
7.410509750000000000e+09	-6.967208600000000113e-03	9.944780000000000286e-04
7.410511875000000000e+09	-3.392614799999999799e-03	-2.269841199999999941e-03
7.410514000000000000e+09	-4.741812800000000036e-03	1.455297000000000036e-04
7.410516125000000000e+09	-4.615323499999999905e-03	-1.523344399999999963e-03
7.410518250000000000e+09	-8.351812099999999725e-03	5.104376899999999752e-03
7.410520375000000000e+09	-7.277501599999999793e-03	-1.808672400000000020e-03
7.410522500000000000e+09	-3.966190500000000251e-03	2.003304000000000022e-03
7.410524625000000000e+09	-3.599240200000000146e-03	1.292296999999999869e-04
7.410526750000000000e+09	-6.214533199999999584e-03	2.091339000000000002e-04
7.410528875000000000e+09	-9.128177300000000008e-03	1.556266699999999965e-03
7.410531000000000000e+09	-2.187669699999999964e-03	2.344446899999999903e-03
7.410533125000000000e+09	-5.990833299999999764e-03	-3.227124999999999959e-03
7.410535250000000000e+09	-4.563885999999999638e-03	-1.179706900000000074e-03
7.410537375000000000e+09	-7.797301700000000210e-03	-2.346926200000000115e-03
7.410539500000000000e+09	-3.050994500000000186e-03	-7.769918999999999697e-04
7.410541625000000000e+09	-7.135072400000000252e-03	-2.291579000000000185e-03
7.410543750000000000e+09	-8.902652299999999283e-03	1.891032900000000046e-03
7.410545875000000000e+09	-6.723973400000000412e-03	6.166718600000000057e-03
7.410548000000000000e+09	-5.380954999999999766e-03	5.180302500000000081e-03
7.410550125000000000e+09	-6.043246700000000186e-03	6.424104400000000062e-03
7.410552250000000000e+09	-4.538820100000000302e-03	-2.421434000000000086e-03
7.410554375000000000e+09	-6.595876199999999717e-03	3.506160600000000124e-03
7.410556500000000000e+09	-7.131075700000000413e-03	-1.767806700000000043e-03
7.410558625000000000e+09	-8.455485500000000168e-03	-1.399832599999999930e-03
7.410560750000000000e+09	-3.731631899999999884e-03	1.633081399999999905e-03
7.410562875000000000e+09	-9.828316000000000136e-03	4.360174900000000388e-03
7.410565000000000000e+09	-7.571537500000000316e-03	1.605689800000000044e-03
7.410567125000000000e+09	-3.997784499999999623e-03	-2.107959099999999995e-03
7.410569250000000000e+09	-6.379780600000000031e-03	-1.421518000000000033e-04
7.410571375000000000e+09	-6.378852499999999696e-03	7.888218000000000443e-04
7.410573500000000000e+09	-6.844439899999999778e-03	-1.696125300000000035e-03
7.410575625000000000e+09	-4.354162299999999632e-03	-1.964144900000000006e-03
7.410577750000000000e+09	-5.923799000000000425e-03	-3.086149000000000054e-04
7.410579875000000000e+09	-1.190270730000000075e-02	9.003397999999999480e-04
7.410582000000000000e+09	-9.314965200000000639e-03	2.694236400000000163e-03
7.410584125000000000e+09	-3.131751299999999995e-03	2.122073000000000037e-04
7.410586250000000000e+09	-8.183332099999999359e-03	5.265282799999999874e-03
7.410588375000000000e+09	-8.362887299999999940e-03	1.225242799999999924e-03
7.410590500000000000e+09	-4.404376199999999845e-03	5.722154699999999934e-03
7.410592625000000000e+09	-3.050329999999999969e-03	-8.493141000000000275e-04
7.410594750000000000e+09	-6.783371300000000381e-03	3.233567299999999794e-03
7.410596875000000000e+09	-3.914616400000000239e-03	2.152890699999999990e-03
7.410599000000000000e+09	-8.819462599999999472e-03	4.238769800000000143e-03
7.410601125000000000e+09	-4.982259900000000040e-03	-4.184902000000000001e-04
7.410603250000000000e+09	-5.461691900000000162e-03	5.276020900000000062e-03
7.410605375000000000e+09	-7.961682799999999713e-03	6.260833000000000370e-03
7.410607500000000000e+09	-6.615857499999999898e-03	2.255508399999999955e-03
7.410609625000000000e+09	-2.951166600000000063e-03	4.179491799999999861e-03
7.410611750000000000e+09	-5.915538199999999767e-03	-1.927624699999999983e-03
7.410613875000000000e+09	-6.751548500000000182e-03	-1.965083299999999950e-03
7.410616000000000000e+09	-6.918875500000000282e-03	6.378904000000000345e-04
7.410618125000000000e+09	-1.384118599999999925e-03	4.008987299999999983e-03
7.410620250000000000e+09	-8.406144900000000683e-03	-3.206834600000000191e-03
7.410622375000000000e+09	-3.570832600000000117e-03	1.786184699999999927e-03
7.410624500000000000e+09	-9.872048899999999461e-03	1.817961899999999973e-03
7.410626625000000000e+09	-7.298619299999999782e-03	1.792833100000000004e-03
7.410628750000000000e+09	-3.084691899999999955e-03	4.846493000000000220e-04
7.410630875000000000e+09	-2.235544400000000036e-03	2.344015000000000020e-04
7.410633000000000000e+09	-4.851594300000000408e-03	-3.278212999999999982e-04
7.410635125000000000e+09	-8.534830000000000194e-03	6.368027800000000335e-03
7.410637250000000000e+09	-6.264692999999999998e-03	1.046406200000000010e-03
7.410639375000000000e+09	-5.185391600000000337e-03	1.648592799999999995e-03
7.410641500000000000e+09	-8.243038100000000742e-03	-3.491711099999999807e-03
7.410643625000000000e+09	-5.633949299999999744e-03	-6.910188000000000051e-04
7.410645750000000000e+09	-6.668053699999999979e-03	3.080027999999999846e-04
7.410647875000000000e+09	-6.128243900000000105e-03	2.707755899999999931e-03
7.410650000000000000e+09	-5.388073400000000304e-03	-3.460311299999999871e-03
7.410652125000000000e+09	-1.471440500000000028e-03	7.000081999999999702e-04
7.410654250000000000e+09	-4.056176699999999684e-03	2.335898800000000154e-03
7.410656375000000000e+09	-6.790969699999999803e-03	2.203456999999999812e-03
7.410658500000000000e+09	-3.911915999999999657e-03	3.189936200000000055e-03
7.410660625000000000e+09	-5.462429399999999685e-03	3.508679099999999825e-03
7.410662750000000000e+09	-6.362913500000000160e-03	2.309833199999999920e-03
7.410664875000000000e+09	-6.323026199999999888e-03	-5.828221899999999622e-03
7.410667000000000000e+09	-4.140045999999999657e-03	-5.692841599999999905e-03
7.410669125000000000e+09	-6.305497400000000321e-03	2.155574400000000081e-03
7.410671250000000000e+09	-5.866259799999999809e-03	3.054030399999999815e-03
7.410673375000000000e+09	-5.500982500000000351e-03	2.533133600000000117e-03
7.410675500000000000e+09	-1.907584400000000065e-03	-2.223795999999999943e-04
7.410677625000000000e+09	-9.147117999999999222e-03	7.265554900000000330e-03
7.410679750000000000e+09	-4.297739099999999673e-03	1.372904899999999968e-03
7.410681875000000000e+09	-4.602200300000000403e-03	3.488765500000000179e-03
7.410684000000000000e+09	-3.999331000000000066e-03	3.361324800000000008e-03
7.410686125000000000e+09	-5.780183300000000038e-03	2.389081199999999999e-03
7.410688250000000000e+09	-8.221570399999999362e-03	1.466660199999999907e-03
7.410690375000000000e+09	-8.520588000000000814e-03	-1.839123399999999936e-03
7.410692500000000000e+09	-7.966559099999999394e-03	6.308334999999999767e-04
7.410694625000000000e+09	-5.760836600000000286e-03	2.857459299999999796e-03
7.410696750000000000e+09	-5.555563300000000010e-03	1.701845399999999927e-03
7.410698875000000000e+09	-5.620375099999999971e-03	3.908973999999999956e-04
7.410701000000000000e+09	-4.464860699999999988e-03	3.303162100000000146e-03
7.410703125000000000e+09	-3.024863799999999870e-03	-3.359331200000000191e-03
7.410705250000000000e+09	-6.370676199999999664e-03	1.261415099999999923e-03
7.410707375000000000e+09	-5.834725300000000343e-03	-4.799335800000000332e-03
7.410709500000000000e+09	-8.934343500000000576e-03	3.148287200000000115e-03
7.410711625000000000e+09	-5.303097300000000208e-03	-2.373957099999999924e-03
7.410713750000000000e+09	-1.136144719999999941e-02	2.120456699999999969e-03
7.410715875000000000e+09	-1.774247500000000017e-03	4.255942599999999743e-03
7.410718000000000000e+09	-7.227605399999999930e-03	1.617762600000000007e-03
7.410720125000000000e+09	-3.580038199999999865e-03	5.715311399999999965e-03
7.410722250000000000e+09	-8.316950999999999511e-03	2.174644700000000121e-03
7.410724375000000000e+09	-6.846670400000000149e-03	4.651359899999999749e-03
7.410726500000000000e+09	-6.293496099999999586e-03	1.886001700000000019e-03
7.410728625000000000e+09	-4.874220799999999694e-03	7.700527999999999670e-04
7.410730750000000000e+09	-3.045789499999999872e-03	6.922994400000000159e-03
7.410732875000000000e+09	-5.982037400000000081e-03	3.631778100000000037e-03
7.410735000000000000e+09	-2.213366999999999939e-03	-1.432345100000000050e-03
7.410737125000000000e+09	-6.626841599999999839e-03	7.497718999999999695e-04
7.410739250000000000e+09	-3.056370100000000128e-03	-7.098045000000000309e-04
7.410741375000000000e+09	-7.190914999999999981e-03	4.036951300000000097e-03
7.410743500000000000e+09	-9.663085000000000077e-03	4.534453999999999937e-04
7.410745625000000000e+09	-2.024765300000000087e-03	1.470853800000000104e-03
7.410747750000000000e+09	-2.913831999999999881e-03	4.078201099999999649e-03
7.410749875000000000e+09	-6.631847199999999810e-03	-2.168214600000000110e-03
7.410752000000000000e+09	-8.559155500000000319e-03	-9.704397999999999714e-04
7.410754125000000000e+09	-5.861500000000000390e-03	2.808332699999999994e-03
7.410756250000000000e+09	-6.995887200000000181e-03	5.074153300000000186e-03
7.410758375000000000e+09	-7.106595999999999747e-04	1.690209999999999933e-04
7.410760500000000000e+09	-5.425041799999999644e-03	2.780704000000000162e-03
7.410762625000000000e+09	-4.951854700000000130e-03	2.472631500000000045e-03
7.410764750000000000e+09	-8.297049100000000385e-03	-1.597132000000000076e-04
7.410766875000000000e+09	-1.897831599999999985e-03	1.020883499999999944e-03
7.410769000000000000e+09	-5.406257900000000123e-03	-2.703504299999999905e-03
7.410771125000000000e+09	-7.432853500000000287e-03	-2.559670799999999840e-03
7.410773250000000000e+09	-5.231209700000000358e-03	3.748464200000000031e-03
7.410775375000000000e+09	-7.085385199999999668e-03	6.778731599999999850e-03
7.410777500000000000e+09	-5.331580100000000294e-03	4.712240000000000135e-04
7.410779625000000000e+09	-9.019916100000000686e-03	1.721552600000000096e-03
7.410781750000000000e+09	-3.937502300000000378e-03	-1.575557100000000033e-03
7.410783875000000000e+09	-4.205454800000000236e-03	-3.953693000000000094e-04
7.410786000000000000e+09	-3.103952200000000168e-03	-2.181871999999999902e-04
7.410788125000000000e+09	-3.986341899999999890e-03	-1.545704300000000061e-03
7.410790250000000000e+09	-2.556899200000000132e-03	-1.984657899999999787e-03
7.410792375000000000e+09	-2.937716700000000177e-03	-8.194005999999999556e-04
7.410794500000000000e+09	-6.158134899999999877e-03	3.309318199999999963e-03
7.410796625000000000e+09	-6.376786399999999876e-03	2.087490999999999967e-04
7.410798750000000000e+09	8.075432000000000443e-04	-4.247068000000000110e-04
7.410800875000000000e+09	-7.790550999999999726e-03	-8.616926999999999703e-04
7.410803000000000000e+09	-3.715418800000000119e-03	4.171618299999999870e-03
7.410805125000000000e+09	-7.260693399999999624e-03	1.083362059999999974e-02
7.410807250000000000e+09	-4.045156900000000146e-03	8.692135999999999613e-04
7.410809375000000000e+09	-5.345918300000000387e-03	1.915712100000000005e-03
7.410811500000000000e+09	-5.131315400000000145e-03	6.529260000000000272e-03
7.410813625000000000e+09	-6.731738800000000404e-03	4.369794999999999994e-04
7.410815750000000000e+09	-1.150477450000000033e-02	-6.546505999999999896e-04
7.410817875000000000e+09	-3.505406500000000144e-03	6.875047000000000449e-04
7.410820000000000000e+09	-4.737811399999999895e-03	3.077537999999999888e-03
7.410822125000000000e+09	-5.435096399999999640e-03	8.057335999999999795e-04
7.410824250000000000e+09	-8.309767900000000762e-03	-4.395425000000000222e-04
7.410826375000000000e+09	-6.890405700000000293e-03	-2.975999100000000040e-03
7.410828500000000000e+09	-7.397974199999999938e-03	3.700774699999999796e-03
7.410830625000000000e+09	-4.974540799999999791e-03	1.573934799999999979e-03
7.410832750000000000e+09	-7.203689600000000304e-03	1.791179400000000085e-03
7.410834875000000000e+09	-5.565626100000000201e-03	2.080804099999999934e-03
7.410837000000000000e+09	-7.959010100000000337e-03	4.044889799999999702e-03
7.410839125000000000e+09	-7.521136999999999788e-03	-1.001434999999999955e-03
7.410841250000000000e+09	-7.658917399999999598e-03	-7.046249999999999833e-05
7.410843375000000000e+09	-6.099857499999999932e-03	4.015760499999999900e-03
7.410845500000000000e+09	-5.138406499999999613e-03	4.725388999999999978e-03
7.410847625000000000e+09	-6.728446100000000374e-03	-8.647512000000000428e-04
7.410849750000000000e+09	-1.025173520000000060e-02	-6.832001999999999780e-04
7.410851875000000000e+09	-7.842592699999999598e-03	1.827153399999999900e-03
7.410854000000000000e+09	-7.000041999999999723e-03	5.572069999999999931e-04
7.410856125000000000e+09	-6.389112300000000279e-03	-3.477504999999999767e-04
7.410858250000000000e+09	-8.383748899999999768e-03	4.017981599999999667e-03
7.410860375000000000e+09	-8.566045399999999699e-03	2.531788100000000128e-03
7.410862500000000000e+09	-6.963963800000000370e-03	-6.899728000000000154e-04
7.410864625000000000e+09	-5.780033000000000393e-03	-3.181742999999999898e-03
7.410866750000000000e+09	-6.716537100000000322e-03	-3.083671000000000177e-04
7.410868875000000000e+09	-7.523071099999999699e-03	1.733600500000000025e-03
7.410871000000000000e+09	-6.829192700000000227e-03	-1.994720000000000106e-05
7.410873125000000000e+09	-4.756502999999999599e-03	-3.915863000000000221e-04
7.410875250000000000e+09	-4.477211299999999707e-03	5.203951299999999731e-03
7.410877375000000000e+09	-1.008894939999999997e-02	3.763436199999999846e-03
7.410879500000000000e+09	-5.806367599999999983e-03	3.267967000000000094e-03
7.410881625000000000e+09	-3.869668100000000187e-03	3.672133599999999939e-03
7.410883750000000000e+09	-9.025813699999999523e-03	3.074835499999999892e-03
7.410885875000000000e+09	-5.117396800000000023e-03	1.538977400000000103e-03
7.410888000000000000e+09	-5.889680700000000241e-03	6.901446200000000385e-03
7.410890125000000000e+09	-4.961046200000000274e-03	3.227378400000000067e-03
7.410892250000000000e+09	-9.581980599999999695e-03	2.273039799999999975e-03
7.410894375000000000e+09	-8.350478600000000792e-03	-3.796071800000000093e-03
7.410896500000000000e+09	-8.147564700000000174e-03	-1.094268999999999928e-03
7.410898625000000000e+09	-4.636184399999999928e-03	3.151593500000000013e-03
7.410900750000000000e+09	-3.702807199999999868e-03	-1.533118900000000071e-03
7.410902875000000000e+09	-4.711508300000000204e-03	1.396969899999999948e-03
7.410905000000000000e+09	-5.683718299999999599e-03	2.812544999999999954e-04
7.410907125000000000e+09	-6.522821199999999896e-03	2.124327300000000175e-03
7.410909250000000000e+09	-5.859907999999999610e-03	-3.211303999999999895e-03
7.410911375000000000e+09	-3.393268899999999939e-03	3.282811000000000062e-03
7.410913500000000000e+09	-5.598582900000000258e-03	3.939925300000000040e-03
7.410915625000000000e+09	-5.609137699999999956e-03	3.322961900000000017e-03
7.410917750000000000e+09	-6.866916500000000423e-03	3.230788999999999970e-03
7.410919875000000000e+09	-9.731878899999999236e-03	9.629655999999999676e-04
7.410922000000000000e+09	-5.340039199999999618e-03	4.122101999999999884e-03
7.410924125000000000e+09	-9.212213699999999283e-03	1.505902699999999957e-03
7.410926250000000000e+09	-2.436305199999999789e-03	-9.504389999999999985e-05
7.410928375000000000e+09	-6.854475399999999767e-03	2.861933399999999801e-03
7.410930500000000000e+09	-6.688769199999999859e-03	4.911867200000000384e-03
7.410932625000000000e+09	-3.721532000000000052e-03	1.498421499999999951e-03
7.410934750000000000e+09	-7.512556000000000095e-03	2.347356499999999832e-03
7.410936875000000000e+09	-1.193606439999999984e-02	5.156229699999999826e-03
7.410939000000000000e+09	-1.051020100000000027e-02	2.382703800000000177e-03
7.410941125000000000e+09	-3.569595200000000128e-03	3.424841100000000117e-03
7.410943250000000000e+09	-8.017938100000000096e-03	2.066659800000000043e-03
7.410945375000000000e+09	-8.224226299999999948e-03	9.151196000000000330e-04
7.410947500000000000e+09	-6.209847699999999915e-03	7.663890000000000242e-05
7.410949625000000000e+09	-4.875411599999999838e-03	-4.785394099999999706e-03
7.410951750000000000e+09	-6.158915299999999718e-03	2.325821599999999822e-03
7.410953875000000000e+09	-1.011100369999999929e-02	9.985760999999999683e-04
7.410956000000000000e+09	-3.332989399999999880e-03	-3.148831600000000144e-03
7.410958125000000000e+09	-4.930298300000000161e-03	3.399705900000000135e-03
7.410960250000000000e+09	-6.382638300000000042e-03	1.319694499999999899e-03
7.410962375000000000e+09	-5.653246300000000328e-03	2.204349799999999818e-03
7.410964500000000000e+09	-6.113238800000000278e-03	-3.136426900000000191e-03
7.410966625000000000e+09	-2.461011500000000098e-03	1.075453999999999993e-03
7.410968750000000000e+09	-1.021199040000000079e-02	2.641436200000000113e-03
7.410970875000000000e+09	-4.178275799999999797e-03	3.797065699999999881e-03
7.410973000000000000e+09	-5.743530499999999900e-03	-4.625309999999999936e-05
7.410975125000000000e+09	-7.949129200000000159e-03	1.508827900000000001e-03
7.410977250000000000e+09	-5.798500800000000108e-03	1.019319199999999936e-03
7.410979375000000000e+09	-4.988974200000000254e-03	1.996844199999999857e-03
7.410981500000000000e+09	-4.272013899999999725e-03	3.333936799999999857e-03
7.410983625000000000e+09	-3.589216599999999879e-03	2.617988099999999946e-03
7.410985750000000000e+09	-8.411615000000000758e-03	9.542952999999999636e-04
7.410987875000000000e+09	-2.230175799999999878e-03	1.701676700000000078e-03
7.410990000000000000e+09	-5.047487699999999612e-03	7.456160000000000522e-04
7.410992125000000000e+09	-3.862689400000000016e-03	2.161357500000000206e-03
7.410994250000000000e+09	-6.192608300000000156e-03	6.630317999999999629e-04
7.410996375000000000e+09	-8.052074899999999216e-03	-3.987485600000000019e-03
7.410998500000000000e+09	-4.157374299999999807e-03	3.804872999999999849e-03
7.411000625000000000e+09	-5.136556199999999656e-03	2.520000899999999978e-03
7.411002750000000000e+09	-6.021201200000000399e-03	3.491691999999999908e-04
7.411004875000000000e+09	-5.042895399999999632e-03	5.691508100000000105e-03
7.411007000000000000e+09	-7.221327500000000212e-03	1.025355999999999945e-04
7.411009125000000000e+09	-6.421790400000000273e-03	-2.088940599999999839e-03
7.411011250000000000e+09	-3.470755299999999949e-03	-8.926935999999999465e-04
7.411013375000000000e+09	-6.746491400000000430e-03	9.729189000000000066e-04
7.411015500000000000e+09	-3.878173600000000155e-03	5.764639499999999958e-03
7.411017625000000000e+09	-5.315598000000000371e-03	-7.940070000000000027e-04
7.411019750000000000e+09	-7.386848500000000282e-03	4.740379999999999767e-03
7.411021875000000000e+09	-8.354318300000000003e-03	3.182727399999999915e-03
7.411024000000000000e+09	-4.652734999999999857e-03	3.721906200000000154e-03
7.411026125000000000e+09	-5.593171099999999681e-03	2.032477799999999821e-03
7.411028250000000000e+09	-3.783581299999999939e-03	5.128078599999999661e-03
7.411030375000000000e+09	-1.038259629999999968e-02	-1.513713400000000001e-03
7.411032500000000000e+09	-6.738679200000000091e-03	3.270503200000000193e-03
7.411034625000000000e+09	-1.156481999999999909e-03	9.440342000000000221e-04
7.411036750000000000e+09	-4.041071099999999847e-03	1.816841399999999948e-03
7.411038875000000000e+09	-3.054848700000000004e-03	3.330155000000000007e-03
7.411041000000000000e+09	-6.874937599999999573e-03	-7.280124000000000230e-04
7.411043125000000000e+09	-3.388888499999999793e-03	-1.395839600000000052e-03
7.411045250000000000e+09	-3.720442400000000156e-03	3.815515800000000065e-03
7.411047375000000000e+09	-6.230957799999999915e-03	4.455210499999999983e-03
7.411049500000000000e+09	-6.253892300000000147e-03	8.601467000000000227e-04
7.411051625000000000e+09	-4.134613199999999725e-03	3.062295899999999908e-03
7.411053750000000000e+09	-9.376844999999999972e-03	4.019761499999999904e-03
7.411055875000000000e+09	-7.247434300000000183e-03	1.854026099999999972e-03
7.411058000000000000e+09	-3.378961700000000009e-03	3.084033899999999787e-03
7.411060125000000000e+09	-3.067546200000000056e-03	3.660926499999999847e-03
7.411062250000000000e+09	-7.748724599999999574e-03	4.943078099999999656e-03
7.411064375000000000e+09	-5.335592899999999986e-03	-1.543135099999999984e-03
7.411066500000000000e+09	-6.034045400000000170e-03	1.531104400000000065e-03
7.411068625000000000e+09	-2.684209300000000003e-03	-3.546293000000000166e-04
7.411070750000000000e+09	-5.531545500000000296e-03	-2.442796000000000117e-04
7.411072875000000000e+09	-9.271188600000000724e-03	2.722558999999999830e-03
7.411075000000000000e+09	-3.477170800000000186e-03	8.762178999999999714e-04
7.411077125000000000e+09	-7.164495800000000164e-03	-2.390186800000000146e-03
7.411079250000000000e+09	-8.784000400000000278e-03	4.263183299999999919e-03
7.411081375000000000e+09	-5.202533799999999910e-03	6.652848099999999869e-03
7.411083500000000000e+09	-6.034078499999999748e-03	3.463673799999999851e-03
7.411085625000000000e+09	-6.094318100000000078e-03	3.672290000000000038e-04
7.411087750000000000e+09	-4.595420999999999707e-03	1.929911099999999900e-03
7.411089875000000000e+09	-9.924200999999999682e-04	2.721273399999999884e-03
7.411092000000000000e+09	-3.806487999999999799e-03	-1.471019700000000081e-03
7.411094125000000000e+09	-4.811449500000000365e-03	-8.449625999999999795e-04
7.411096250000000000e+09	-4.607793399999999921e-03	9.592232000000000015e-04
7.411098375000000000e+09	-5.841823299999999997e-03	9.601574000000000306e-04
7.411100500000000000e+09	-8.690842799999999244e-03	3.709588199999999843e-03
7.411102625000000000e+09	-8.173437599999999748e-03	7.555587999999999801e-04
7.411104750000000000e+09	-8.474482999999999669e-03	8.771380999999999969e-04
7.411106875000000000e+09	-1.122904400000000009e-03	-1.640628699999999900e-03
7.411109000000000000e+09	-7.661841699999999769e-03	5.513802699999999744e-03
7.411111125000000000e+09	-6.597154899999999912e-03	-1.206891999999999964e-04
7.411113250000000000e+09	-9.516269600000000148e-03	-5.545261200000000182e-03
7.411115375000000000e+09	-6.354597099999999624e-03	1.474059399999999923e-03
7.411117500000000000e+09	-5.878686900000000028e-03	3.573635099999999953e-03
7.411119625000000000e+09	-2.903225399999999866e-03	1.353888099999999957e-03
7.411121750000000000e+09	-4.803079299999999698e-03	2.636991799999999827e-03
7.411123875000000000e+09	-2.359579399999999806e-03	5.183892399999999977e-03
7.411126000000000000e+09	-4.891200400000000198e-03	1.012703100000000031e-03
7.411128125000000000e+09	-2.562710800000000001e-03	8.894505999999999506e-04
7.411130250000000000e+09	-2.616691799999999821e-03	1.448873600000000032e-03
7.411132375000000000e+09	-5.656109700000000115e-03	-1.248468699999999995e-03
7.411134500000000000e+09	-8.401301300000000444e-03	4.048698100000000348e-03
7.411136625000000000e+09	-6.738004599999999900e-03	3.155702499999999983e-03
7.411138750000000000e+09	-3.353001799999999824e-03	2.426016000000000023e-03
7.411140875000000000e+09	-3.890917700000000052e-03	2.551085900000000118e-03
7.411143000000000000e+09	-1.006241180000000054e-02	2.389994700000000125e-03
7.411145125000000000e+09	-5.719040499999999624e-03	4.782760000000000266e-04
7.411147250000000000e+09	-5.955329500000000262e-03	-5.073983000000000443e-04
7.411149375000000000e+09	-5.662066599999999658e-03	1.352186800000000069e-03
7.411151500000000000e+09	-7.457649099999999823e-03	-3.588459999999999859e-05
7.411153625000000000e+09	-9.474478700000000392e-03	4.378208999999999877e-04
7.411155750000000000e+09	-3.161983199999999789e-03	1.038808000000000033e-04
7.411157875000000000e+09	-4.876137000000000006e-03	1.055645899999999894e-03
7.411160000000000000e+09	-2.313347700000000125e-03	6.805074500000000103e-03
7.411162125000000000e+09	-6.531603100000000009e-03	4.158416800000000121e-03
7.411164250000000000e+09	-9.613354899999999176e-03	4.598348999999999839e-03
7.411166375000000000e+09	-6.079958100000000358e-03	9.648577699999999133e-03
7.411168500000000000e+09	-2.644907399999999863e-03	3.752749599999999873e-03
7.411170625000000000e+09	-6.121539799999999899e-03	-6.290284999999999627e-04
7.411172750000000000e+09	-2.155980899999999922e-03	1.585513300000000085e-03
7.411174875000000000e+09	-4.312872700000000385e-03	5.057487700000000072e-03
7.411177000000000000e+09	-8.676051599999999933e-03	-8.931015000000000481e-04
7.411179125000000000e+09	1.625329100000000044e-03	3.278619799999999817e-03
7.411181250000000000e+09	-8.551525900000000666e-03	-2.771804499999999845e-03
7.411183375000000000e+09	-4.938518299999999916e-03	-2.234974399999999951e-03
7.411185500000000000e+09	-4.996842100000000071e-03	2.128909999999999917e-04
7.411187625000000000e+09	-4.325597500000000206e-03	3.698624900000000056e-03
7.411189750000000000e+09	-6.460989999999999789e-03	6.990720899999999620e-03
7.411191875000000000e+09	-5.569116500000000428e-03	-3.258482000000000153e-04
7.411194000000000000e+09	-5.567408200000000321e-03	-6.349398000000000021e-04
7.411196125000000000e+09	-8.869707900000000853e-03	5.683012900000000180e-03
7.411198250000000000e+09	-5.057284700000000237e-03	1.415949199999999965e-03
7.411200375000000000e+09	-4.387421800000000129e-03	3.557416800000000150e-03
7.411202500000000000e+09	-4.528873000000000100e-03	3.666157599999999954e-03
7.411204625000000000e+09	-3.501504300000000004e-03	1.264520400000000017e-03
7.411206750000000000e+09	-8.238363999999999757e-03	3.652101500000000216e-03
7.411208875000000000e+09	8.266940000000000508e-05	1.670208600000000054e-03
7.411211000000000000e+09	-8.824848600000000792e-03	-9.193660000000000200e-04
7.411213125000000000e+09	-4.735040499999999992e-03	3.729421000000000016e-04
7.411215250000000000e+09	-5.864060100000000400e-03	2.240724700000000166e-03
7.411217375000000000e+09	-8.973528200000000649e-03	9.573960000000000066e-04
7.411219500000000000e+09	-2.392128099999999910e-03	3.126504999999999909e-03
7.411221625000000000e+09	-4.568672499999999921e-03	1.900650299999999925e-03
7.411223750000000000e+09	-7.181673599999999734e-03	2.205189699999999999e-03
7.411225875000000000e+09	-9.564808399999999433e-03	2.013971499999999987e-03
7.411228000000000000e+09	-2.826526599999999983e-03	-3.686647999999999943e-04
7.411230125000000000e+09	-7.455249999999999475e-05	1.591557599999999942e-03
7.411232250000000000e+09	-3.903964499999999956e-03	1.284140100000000055e-03
7.411234375000000000e+09	-7.705568200000000381e-03	5.403083200000000433e-03
7.411236500000000000e+09	-6.076054600000000208e-03	5.606043800000000063e-03
7.411238625000000000e+09	-7.493427599999999758e-03	4.019356899999999844e-03
7.411240750000000000e+09	-3.720043699999999939e-03	-1.597248899999999987e-03
7.411242875000000000e+09	-4.907882899999999569e-03	4.022586400000000006e-03
7.411245000000000000e+09	-6.739733099999999956e-03	1.617125999999999980e-03
7.411247125000000000e+09	-2.586553100000000150e-03	3.914329499999999983e-03
7.411249250000000000e+09	-5.675721100000000359e-03	1.226972800000000058e-03
7.411251375000000000e+09	-3.668954099999999913e-03	3.738150200000000048e-03
7.411253500000000000e+09	-5.318368199999999602e-03	5.649020999999999730e-04
7.411255625000000000e+09	-6.559337000000000154e-03	1.408620300000000070e-03
7.411257750000000000e+09	-8.298062300000000682e-03	2.783956399999999894e-03
7.411259875000000000e+09	-2.640311900000000093e-03	1.964680700000000137e-03
7.411262000000000000e+09	-4.446465200000000208e-03	-8.173934000000000538e-04
7.411264125000000000e+09	-7.377852800000000121e-03	5.101996099999999736e-03
7.411266250000000000e+09	-7.353702999999999629e-03	3.966534800000000131e-03
7.411268375000000000e+09	-1.980170700000000086e-03	6.646241100000000249e-03
7.411270500000000000e+09	-6.615834400000000261e-03	4.374215600000000079e-03
7.411272625000000000e+09	-7.407539000000000311e-03	-1.929869999999999871e-05
7.411274750000000000e+09	-2.628150399999999807e-03	3.455217899999999884e-03
7.411276875000000000e+09	-2.101122300000000075e-03	-1.325855400000000052e-03
7.411279000000000000e+09	-1.006958009999999945e-02	-1.186940800000000100e-03
7.411281125000000000e+09	-7.332909999999999559e-05	3.786379299999999976e-03
7.411283250000000000e+09	-6.196059000000000289e-03	1.797726900000000015e-03
7.411285375000000000e+09	-5.587745100000000333e-03	3.627869999999999945e-04
7.411287500000000000e+09	-6.081298899999999612e-03	9.723390000000000429e-05
7.411289625000000000e+09	-4.513627099999999691e-03	5.408521599999999672e-03
7.411291750000000000e+09	-5.065420699999999971e-03	4.126800999999999929e-04
7.411293875000000000e+09	-2.104171000000000166e-03	3.307997799999999860e-03
7.411296000000000000e+09	-8.111258499999999400e-03	2.671436100000000157e-03
7.411298125000000000e+09	-8.725256100000000278e-03	9.561838000000000455e-04
7.411300250000000000e+09	-1.104578760000000069e-02	5.221234100000000412e-03
7.411302375000000000e+09	-1.020243400000000024e-03	2.890176500000000114e-03
7.411304500000000000e+09	-3.291501499999999799e-03	2.577019399999999974e-03
7.411306625000000000e+09	-1.125826299999999926e-02	4.789576000000000033e-04
7.411308750000000000e+09	-2.368466599999999832e-03	3.861933200000000187e-03
7.411310875000000000e+09	-4.091179399999999612e-03	3.620428499999999924e-03
7.411313000000000000e+09	-3.310167499999999881e-03	1.468455399999999940e-03
7.411315125000000000e+09	-4.775960899999999974e-03	2.031100799999999932e-03
7.411317250000000000e+09	-5.226968499999999976e-03	1.579814799999999970e-03
7.411319375000000000e+09	-3.362576800000000206e-03	6.049418099999999583e-03
7.411321500000000000e+09	-5.562351099999999701e-03	7.118028999999999676e-04
7.411323625000000000e+09	-4.770235299999999942e-03	1.040747299999999955e-03
7.411325750000000000e+09	2.084304099999999965e-03	5.586325700000000297e-03
7.411327875000000000e+09	-2.457713600000000029e-03	2.676300099999999980e-03
7.411330000000000000e+09	-4.127680300000000427e-03	-1.240834000000000121e-04
7.411332125000000000e+09	-5.050411200000000378e-03	2.654499800000000107e-03
7.411334250000000000e+09	-5.262746900000000311e-03	-1.335006400000000046e-03
7.411336375000000000e+09	-9.244306900000000618e-03	4.936048900000000045e-03
7.411338500000000000e+09	-4.457526399999999986e-03	3.081372099999999791e-03
7.411340625000000000e+09	-5.811599199999999826e-03	3.160080699999999812e-03
7.411342750000000000e+09	-6.525335699999999968e-03	3.701753999999999808e-03
7.411344875000000000e+09	-4.468260499999999677e-03	2.397382699999999790e-03
7.411347000000000000e+09	-2.236564500000000084e-03	2.433168500000000047e-03
7.411349125000000000e+09	-5.321118799999999954e-03	7.156887999999999705e-04
7.411351250000000000e+09	-2.398982000000000133e-04	1.742591500000000102e-03
7.411353375000000000e+09	-8.082390099999999661e-03	2.131850199999999872e-03
7.411355500000000000e+09	-3.893650199999999870e-03	7.137335399999999996e-03
7.411357625000000000e+09	-3.889791000000000082e-03	-4.335056799999999731e-03
7.411359750000000000e+09	-6.388262999999999928e-04	5.352593600000000312e-03
7.411361875000000000e+09	-5.626574999999999979e-03	2.589469200000000127e-03
7.411364000000000000e+09	-5.709480900000000157e-03	4.393059000000000048e-04
7.411366125000000000e+09	-3.634440699999999871e-03	-8.479209000000000355e-04
7.411368250000000000e+09	-3.425051699999999942e-03	4.710074699999999663e-03
7.411370375000000000e+09	-9.881916200000000206e-03	6.109565499999999698e-03
7.411372500000000000e+09	-5.027904500000000311e-03	5.345909000000000251e-03
7.411374625000000000e+09	-5.538770200000000220e-03	1.746190099999999929e-03
7.411376750000000000e+09	-5.073865900000000193e-03	6.361485899999999929e-03
7.411378875000000000e+09	-2.668994999999999961e-03	-3.077891000000000242e-04
7.411381000000000000e+09	-3.905403200000000068e-03	2.535037500000000138e-03
7.411383125000000000e+09	-7.899873499999999701e-03	3.135796000000000156e-04
7.411385250000000000e+09	-2.496417999999999923e-04	1.233022500000000021e-03
7.411387375000000000e+09	-9.815469199999999478e-03	4.831455600000000329e-03
7.411389500000000000e+09	-7.285741200000000160e-03	2.795138500000000133e-03
7.411391625000000000e+09	-3.723388700000000023e-03	5.467530899999999833e-03
7.411393750000000000e+09	-2.733167900000000195e-03	-9.022890999999999464e-04
7.411395875000000000e+09	-5.304083999999999709e-03	1.475456300000000092e-03
7.411398000000000000e+09	-5.283959700000000204e-03	3.363368499999999997e-03
7.411400125000000000e+09	-4.290502600000000062e-03	1.588658400000000090e-03
7.411402250000000000e+09	-3.387842399999999986e-03	2.395020099999999909e-03
7.411404375000000000e+09	-8.142671500000000367e-03	2.200451700000000208e-03
7.411406500000000000e+09	-2.704681000000000012e-03	4.461444400000000310e-03
7.411408625000000000e+09	-1.058148399999999994e-03	1.872538399999999900e-03
7.411410750000000000e+09	-6.728518299999999841e-03	2.381346900000000204e-03
7.411412875000000000e+09	-5.982466500000000256e-03	3.712991699999999926e-03
7.411415000000000000e+09	-8.361464299999999544e-03	1.508870199999999898e-03
7.411417125000000000e+09	-7.754228699999999967e-03	2.089089499999999874e-03
7.411419250000000000e+09	-6.417237800000000388e-03	6.249854000000000217e-04
7.411421375000000000e+09	-7.208387299999999796e-03	1.165449600000000030e-03
7.411423500000000000e+09	-1.365318900000000004e-03	1.954620499999999966e-03
7.411425625000000000e+09	-4.537033799999999617e-03	4.571152000000000201e-03
7.411427750000000000e+09	-4.783257999999999868e-04	2.672123099999999807e-03
7.411429875000000000e+09	-1.104410949999999961e-02	4.152935499999999697e-03
7.411432000000000000e+09	-6.295198000000000113e-03	6.243040600000000252e-03
7.411434125000000000e+09	-8.287832599999999522e-03	4.954690200000000377e-03
7.411436250000000000e+09	-5.041720100000000003e-03	5.443293299999999758e-03
7.411438375000000000e+09	-5.993805999999999960e-03	4.657738800000000082e-03
7.411440500000000000e+09	-3.242932699999999824e-03	2.639360299999999986e-03
7.411442625000000000e+09	-7.494286400000000313e-03	3.944776599999999869e-03
7.411444750000000000e+09	-9.747084999999999734e-04	9.680565500000000087e-03
7.411446875000000000e+09	-2.879446500000000086e-03	5.031457399999999733e-03
7.411449000000000000e+09	-6.770284199999999745e-03	5.867617399999999588e-03
7.411451125000000000e+09	-4.728048799999999725e-03	-4.152210999999999944e-04
7.411453250000000000e+09	-6.102233299999999978e-03	1.215889800000000001e-03
7.411455375000000000e+09	-8.491789300000000124e-03	3.883650099999999810e-03
7.411457500000000000e+09	-2.263563100000000154e-03	6.163521999999999838e-04
7.411459625000000000e+09	-5.889314399999999797e-03	2.131313200000000199e-03
7.411461750000000000e+09	-5.954551699999999573e-03	-2.259855000000000067e-04
7.411463875000000000e+09	-4.030082400000000072e-03	7.381747800000000408e-03
7.411466000000000000e+09	-6.883831400000000114e-03	5.610643200000000295e-03
7.411468125000000000e+09	-9.351827999999999530e-04	2.359619000000000083e-04
7.411470250000000000e+09	-7.149430000000000021e-03	5.255215599999999918e-03
7.411472375000000000e+09	-6.335682500000000203e-03	4.855815700000000110e-03
7.411474500000000000e+09	-6.082696799999999689e-03	1.438901399999999945e-03
7.411476625000000000e+09	-5.517678000000000469e-04	2.700398000000000121e-03
7.411478750000000000e+09	-5.865822199999999771e-03	2.124564800000000066e-03
7.411480875000000000e+09	-6.949071200000000309e-03	6.519409999999999789e-03
7.411483000000000000e+09	-1.057429699999999943e-03	2.413066100000000203e-03
7.411485125000000000e+09	-5.813289999999999604e-03	-6.757675999999999570e-04
7.411487250000000000e+09	-2.535954100000000020e-03	1.102368100000000089e-03
7.411489375000000000e+09	-3.662738300000000120e-03	3.891709599999999911e-03
7.411491500000000000e+09	-2.988609399999999847e-03	9.709268999999999756e-04
7.411493625000000000e+09	-4.237333499999999982e-03	2.275489600000000102e-03
7.411495750000000000e+09	-4.110989199999999857e-03	8.588635999999999536e-04
7.411497875000000000e+09	-4.826642400000000048e-03	-8.919455999999999869e-04
7.411500000000000000e+09	-4.722469099999999573e-03	2.713444699999999991e-03
7.411502125000000000e+09	-3.427770999999999813e-04	4.237995300000000146e-03
7.411504250000000000e+09	-2.565990000000000198e-03	-6.783187000000000418e-04
7.411506375000000000e+09	-5.270260700000000374e-03	3.252044300000000044e-03
7.411508500000000000e+09	-5.712934299999999910e-03	5.267120099999999736e-03
7.411510625000000000e+09	-2.538393999999999807e-03	5.532309600000000216e-03
7.411512750000000000e+09	-1.907357799999999989e-03	5.075662899999999755e-03
7.411514875000000000e+09	-7.517943800000000294e-03	7.640862000000000435e-04
7.411517000000000000e+09	-5.329562399999999631e-03	4.065265099999999798e-03
7.411519125000000000e+09	-5.490639799999999689e-03	3.263537700000000187e-03
7.411521250000000000e+09	-3.316005400000000044e-03	4.482939299999999690e-03
7.411523375000000000e+09	-3.006936500000000154e-03	2.324167800000000086e-03
7.411525500000000000e+09	-3.028442699999999918e-03	4.202462500000000295e-03
7.411527625000000000e+09	-5.270742999999999609e-03	4.139415100000000056e-03
7.411529750000000000e+09	-4.773511700000000052e-03	4.092410999999999792e-03
7.411531875000000000e+09	1.628715900000000071e-03	4.699386600000000046e-03
7.411534000000000000e+09	-5.210958699999999715e-03	3.489331200000000098e-03
7.411536125000000000e+09	-6.008184399999999883e-03	2.383080499999999831e-03
7.411538250000000000e+09	-6.004444999999999748e-03	5.163395999999999784e-04
7.411540375000000000e+09	-6.332816500000000397e-03	2.553383599999999986e-03
7.411542500000000000e+09	-7.324012999999999877e-03	-1.013886199999999935e-03
7.411544625000000000e+09	-1.447464199999999937e-03	7.813453899999999591e-03
7.411546750000000000e+09	-8.406398600000000026e-03	-1.696889999999999944e-05
7.411548875000000000e+09	7.517112000000000273e-04	2.522538799999999790e-03
7.411551000000000000e+09	-5.379382200000000329e-03	1.267754000000000060e-03
7.411553125000000000e+09	-1.527056000000000106e-04	1.612230899999999960e-03
7.411555250000000000e+09	-4.173793700000000099e-03	1.336224200000000074e-03
7.411557375000000000e+09	-2.124053700000000117e-03	2.649272600000000030e-03
7.411559500000000000e+09	-2.564728400000000196e-03	4.107983600000000152e-03
7.411561625000000000e+09	-5.559367400000000091e-03	-1.054332000000000056e-03
7.411563750000000000e+09	-9.277578899999999740e-03	9.160609999999999586e-03
7.411565875000000000e+09	-5.150871799999999848e-03	4.177329900000000332e-03
7.411568000000000000e+09	-1.650653499999999926e-03	3.079067799999999841e-03
7.411570125000000000e+09	-3.808234699999999990e-03	4.786855100000000050e-03
7.411572250000000000e+09	-3.275791599999999890e-03	3.107959400000000118e-03
7.411574375000000000e+09	-2.492919599999999895e-03	7.853017599999999668e-03
7.411576500000000000e+09	-3.536300500000000204e-03	5.080333799999999650e-03
7.411578625000000000e+09	-2.145623000000000148e-03	4.337600500000000220e-03
7.411580750000000000e+09	2.338950000000000027e-05	4.868298200000000138e-03
7.411582875000000000e+09	-3.792765100000000059e-03	5.668553000000000003e-04
7.411585000000000000e+09	-6.916401099999999573e-03	6.601742699999999658e-03
7.411587125000000000e+09	-8.714968999999999494e-03	1.931005699999999983e-03
7.411589250000000000e+09	-7.275410999999999857e-03	5.003469400000000109e-03
7.411591375000000000e+09	-4.445172399999999975e-03	3.496226500000000018e-03
7.411593500000000000e+09	-4.797111599999999941e-03	1.232453400000000027e-03
7.411595625000000000e+09	-8.193325399999999703e-03	7.111585999999999602e-03
7.411597750000000000e+09	-7.071436799999999794e-03	6.322973499999999698e-03
7.411599875000000000e+09	-5.768478799999999899e-03	5.151987099999999833e-03
7.411602000000000000e+09	-1.253669800000000063e-03	1.312802899999999939e-03
7.411604125000000000e+09	-6.038708900000000143e-03	8.877844299999999855e-03
7.411606250000000000e+09	-4.802222200000000156e-03	2.390922900000000059e-03
7.411608375000000000e+09	-3.478212300000000159e-03	3.847321600000000105e-03
7.411610500000000000e+09	-6.210797700000000345e-03	-7.927554999999999758e-04
7.411612625000000000e+09	-2.297716600000000199e-03	7.101505999999999834e-04
7.411614750000000000e+09	-4.482661300000000300e-03	4.607991900000000390e-03
7.411616875000000000e+09	-2.864504800000000195e-03	-1.376804400000000055e-03
7.411619000000000000e+09	-1.052615860000000007e-02	1.179442300000000049e-03
7.411621125000000000e+09	-4.252675800000000304e-03	4.344017500000000101e-03
7.411623250000000000e+09	-5.491745400000000270e-03	9.627016000000000392e-04
7.411625375000000000e+09	-6.354756900000000340e-03	1.160801799999999990e-03
7.411627500000000000e+09	-1.239768200000000101e-03	4.233798999999999896e-03
7.411629625000000000e+09	-4.819210200000000055e-03	6.653685200000000396e-03
7.411631750000000000e+09	-8.464006399999999750e-03	2.543727799999999806e-03
7.411633875000000000e+09	-5.964859999999999780e-03	9.973772000000000974e-04
7.411636000000000000e+09	-6.369712399999999733e-03	3.243688700000000018e-03
7.411638125000000000e+09	-5.901250299999999914e-03	2.896206200000000196e-03
7.411640250000000000e+09	-5.335567599999999598e-03	2.116270700000000195e-03
7.411642375000000000e+09	-7.485291300000000356e-03	1.009514469999999928e-02
7.411644500000000000e+09	-1.282823800000000049e-03	2.761765900000000100e-03
7.411646625000000000e+09	-6.576400300000000143e-03	2.740702000000000242e-04
7.411648750000000000e+09	-2.918702200000000083e-03	3.473720100000000054e-03
7.411650875000000000e+09	-3.734712900000000148e-03	2.986725600000000175e-03
7.411653000000000000e+09	-2.277533799999999827e-03	2.092740899999999925e-03
7.411655125000000000e+09	-5.263863300000000238e-03	2.405500599999999857e-03
7.411657250000000000e+09	-1.082036399999999898e-03	5.613400000000000160e-03
7.411659375000000000e+09	-5.176890400000000100e-03	1.809091600000000072e-03
7.411661500000000000e+09	-3.360073900000000186e-03	2.821936699999999954e-03
7.411663625000000000e+09	-4.269373199999999986e-03	-9.687202999999999483e-04
7.411665750000000000e+09	-3.416193799999999933e-03	5.085039999999999683e-05
7.411667875000000000e+09	-3.724220600000000079e-03	3.974621200000000298e-03
7.411670000000000000e+09	-7.464702400000000279e-03	-1.246170399999999923e-03
7.411672125000000000e+09	-4.832255199999999778e-03	1.240398800000000034e-03
7.411674250000000000e+09	-6.062240699999999795e-03	2.999068699999999938e-03
7.411676375000000000e+09	-4.948470299999999621e-03	3.647501599999999813e-03
7.411678500000000000e+09	-7.390890500000000390e-03	3.583254000000000235e-04
7.411680625000000000e+09	-3.765727500000000134e-03	-2.093887799999999844e-03
7.411682750000000000e+09	-5.054866199999999941e-03	6.424240999999999806e-04
7.411684875000000000e+09	-4.726440099999999755e-03	3.052685399999999997e-03
7.411687000000000000e+09	-3.124591500000000084e-03	2.729972299999999883e-03
7.411689125000000000e+09	-5.439362799999999942e-03	2.136638199999999800e-03
7.411691250000000000e+09	-4.730931399999999988e-03	-4.068502999999999898e-04
7.411693375000000000e+09	-7.504007000000000038e-03	1.248006799999999911e-03
7.411695500000000000e+09	-5.319538599999999728e-03	8.376656799999999958e-03
7.411697625000000000e+09	-1.652387300000000055e-03	4.480362499999999623e-03
7.411699750000000000e+09	1.173215499999999975e-03	9.360495999999999834e-04
7.411701875000000000e+09	-3.629380599999999964e-03	5.775413800000000347e-03
7.411704000000000000e+09	-7.938301000000000038e-03	4.054490899999999877e-03
7.411706125000000000e+09	-3.669944999999999978e-04	4.229041499999999960e-03
7.411708250000000000e+09	-4.548803799999999974e-03	1.279318800000000048e-03
7.411710375000000000e+09	-8.466425999999999770e-04	-5.438069999999999926e-04
7.411712500000000000e+09	-3.528549800000000021e-03	5.157855499999999989e-03
7.411714625000000000e+09	-5.940413500000000027e-03	3.799448799999999814e-03
7.411716750000000000e+09	-5.834669000000000227e-04	6.383230499999999891e-03
7.411718875000000000e+09	-5.530862499999999841e-03	4.439816699999999880e-03
7.411721000000000000e+09	-1.162781500000000055e-03	5.402742500000000045e-03
7.411723125000000000e+09	-5.723902299999999999e-03	7.516698199999999677e-03
7.411725250000000000e+09	-3.596397400000000012e-03	3.807887600000000022e-03
7.411727375000000000e+09	-5.072939299999999936e-03	1.155856899999999901e-03
7.411729500000000000e+09	-8.482357399999999534e-03	9.667557000000000450e-04
7.411731625000000000e+09	-5.390245899999999979e-03	5.364907000000000356e-03
7.411733750000000000e+09	-2.686958699999999946e-03	5.502165800000000107e-03
7.411735875000000000e+09	-5.454935600000000370e-03	4.720353899999999922e-03
7.411738000000000000e+09	-5.105766700000000102e-03	-5.729214000000000268e-04
7.411740125000000000e+09	-3.965238599999999607e-03	1.080318200000000102e-03
7.411742250000000000e+09	-7.975812400000000663e-03	4.410016000000000110e-03
7.411744375000000000e+09	-1.702683900000000064e-03	4.200779299999999640e-03
7.411746500000000000e+09	-1.383897299999999921e-03	4.777467700000000324e-03
7.411748625000000000e+09	-6.178061200000000384e-03	5.577520100000000342e-03
7.411750750000000000e+09	-5.447047800000000273e-03	6.701444000000000411e-04
7.411752875000000000e+09	-2.589470400000000103e-03	6.685170699999999633e-03
7.411755000000000000e+09	-2.836622400000000151e-03	5.262210699999999609e-03
7.411757125000000000e+09	-1.249012199999999934e-03	6.633255900000000101e-03
7.411759250000000000e+09	-6.056617799999999656e-03	2.259193499999999789e-03
7.411761375000000000e+09	-6.560521899999999587e-03	3.468277499999999815e-03
7.411763500000000000e+09	-2.936862599999999924e-03	-1.781351999999999881e-04
7.411765625000000000e+09	-3.418900299999999993e-03	2.220911500000000063e-03
7.411767750000000000e+09	-6.205467200000000169e-03	5.807156299999999619e-03
7.411769875000000000e+09	-5.162918999999999755e-04	1.371452100000000035e-03
7.411772000000000000e+09	-6.894293600000000327e-03	1.676403199999999989e-03
7.411774125000000000e+09	-8.996407899999999541e-03	4.235757399999999853e-03
7.411776250000000000e+09	-2.768972599999999958e-03	4.283435599999999704e-03
7.411778375000000000e+09	-6.232041899999999669e-03	2.577722499999999910e-03
7.411780500000000000e+09	-5.377019299999999911e-03	2.735443199999999797e-03
7.411782625000000000e+09	-3.622486700000000087e-03	3.734110100000000154e-03
7.411784750000000000e+09	-6.339516600000000106e-03	4.377143299999999675e-03
7.411786875000000000e+09	-8.010089899999999624e-03	4.407743599999999762e-03
7.411789000000000000e+09	-6.652632399999999606e-03	2.836496899999999856e-03
7.411791125000000000e+09	-5.860884000000000232e-03	4.761259200000000393e-03
7.411793250000000000e+09	-4.748375099999999592e-03	9.086119599999999477e-03
7.411795375000000000e+09	-5.675855599999999820e-03	2.117627799999999803e-03
7.411797500000000000e+09	-4.311960899999999972e-03	5.793578300000000285e-03
7.411799625000000000e+09	-5.231525800000000163e-03	5.790558599999999674e-03
7.411801750000000000e+09	-8.228862700000000654e-03	-1.839796799999999935e-03
7.411803875000000000e+09	-6.951314499999999841e-03	3.277208000000000204e-03
7.411806000000000000e+09	-1.705560899999999935e-03	8.047086599999999507e-03
7.411808125000000000e+09	-5.268560400000000393e-03	6.755830800000000268e-03
7.411810250000000000e+09	-3.718359899999999947e-03	2.556906299999999951e-03
7.411812375000000000e+09	-3.780022599999999840e-03	3.676389799999999798e-03
7.411814500000000000e+09	-4.816850800000000397e-03	4.244750499999999996e-03
7.411816625000000000e+09	-4.256519099999999875e-03	-2.197338300000000171e-03
7.411818750000000000e+09	-4.666299700000000293e-03	8.275252400000000438e-03
7.411820875000000000e+09	-4.435802299999999643e-03	2.180816500000000088e-03
7.411823000000000000e+09	-6.054072599999999957e-03	-1.226567000000000076e-04
7.411825125000000000e+09	-2.192164300000000021e-03	5.187576299999999835e-03
7.411827250000000000e+09	-5.093887699999999873e-03	3.078877900000000136e-03
7.411829375000000000e+09	-2.330175500000000038e-03	1.546570099999999967e-03
7.411831500000000000e+09	-7.476249199999999984e-03	3.871324299999999875e-03
7.411833625000000000e+09	-3.539032100000000149e-03	5.614459300000000132e-03
7.411835750000000000e+09	-7.322533200000000062e-03	5.612427799999999967e-03
7.411837875000000000e+09	-1.646961499999999908e-03	4.223556899999999711e-03
7.411840000000000000e+09	-3.943930000000000005e-03	2.067728200000000082e-03
7.411842125000000000e+09	-5.628997499999999904e-03	4.944000100000000078e-03
7.411844250000000000e+09	-5.236993500000000287e-03	3.036787899999999867e-03
7.411846375000000000e+09	-7.002905900000000114e-03	4.608409200000000011e-03
7.411848500000000000e+09	-3.492794599999999791e-03	1.603283600000000040e-03
7.411850625000000000e+09	-4.996056199999999656e-03	7.872393899999999972e-03
7.411852750000000000e+09	-3.253733400000000109e-03	1.164200499999999954e-03
7.411854875000000000e+09	-6.366586799999999872e-03	4.305929200000000075e-03
7.411857000000000000e+09	-9.044270899999999960e-03	1.247417100000000048e-03
7.411859125000000000e+09	-1.037250300000000080e-03	1.514935600000000011e-03
7.411861250000000000e+09	-9.666226300000000521e-03	2.029241900000000078e-03
7.411863375000000000e+09	-2.345675599999999961e-03	2.078972100000000146e-03
7.411865500000000000e+09	-7.571750900000000228e-03	8.175240800000000557e-03
7.411867625000000000e+09	-7.302010400000000408e-03	9.949884999999999893e-04
7.411869750000000000e+09	-3.639780799999999851e-03	4.957889499999999783e-03
7.411871875000000000e+09	-4.264045900000000035e-03	1.768573899999999937e-03
7.411874000000000000e+09	-2.534117399999999930e-03	6.499825600000000078e-03
7.411876125000000000e+09	-6.944564900000000165e-03	3.461107699999999964e-03
7.411878250000000000e+09	-5.280677299999999783e-03	6.792286899999999683e-03
7.411880375000000000e+09	-6.813586400000000085e-03	2.153435600000000189e-03
7.411882500000000000e+09	-1.603400199999999902e-03	1.117219299999999910e-03
7.411884625000000000e+09	-7.592254799999999942e-03	4.532234500000000173e-03
7.411886750000000000e+09	3.223915999999999848e-04	2.845809199999999994e-03
7.411888875000000000e+09	-4.534955299999999905e-03	4.242702200000000173e-03
7.411891000000000000e+09	-4.125122099999999764e-03	5.091068800000000082e-03
7.411893125000000000e+09	-3.192592900000000046e-03	2.209024999999999878e-03
7.411895250000000000e+09	-5.205445399999999653e-03	3.383352799999999900e-03
7.411897375000000000e+09	-3.631802999999999854e-03	6.087341199999999654e-03
7.411899500000000000e+09	-3.171150800000000023e-03	5.741495999999999579e-03
7.411901625000000000e+09	-2.825939999999999984e-04	-4.292311000000000043e-04
7.411903750000000000e+09	-1.331588000000000086e-03	4.584630600000000333e-03
7.411905875000000000e+09	-4.352456099999999807e-03	4.673067099999999967e-03
7.411908000000000000e+09	-6.499996400000000209e-03	5.083180399999999780e-03
7.411910125000000000e+09	-7.163019700000000309e-03	5.723923199999999753e-03
7.411912250000000000e+09	-2.093965799999999988e-03	5.878888399999999785e-03
7.411914375000000000e+09	3.158338799999999957e-03	7.101745300000000122e-03
7.411916500000000000e+09	-6.260721900000000215e-03	4.333744700000000290e-03
7.411918625000000000e+09	-2.404382300000000149e-03	5.844679999999999667e-03
7.411920750000000000e+09	-1.755884999999999944e-04	1.081601649999999921e-02
7.411922875000000000e+09	-4.519780099999999752e-03	4.460517599999999985e-03
7.411925000000000000e+09	8.792289000000000007e-04	2.239273799999999797e-03
7.411927125000000000e+09	-2.512311299999999813e-03	6.569888799999999696e-03
7.411929250000000000e+09	-4.082143800000000156e-03	5.523726500000000240e-03
7.411931375000000000e+09	-2.387080900000000065e-03	3.872533200000000120e-03
7.411933500000000000e+09	-2.084322600000000202e-03	4.086526200000000116e-03
7.411935625000000000e+09	-2.985701999999999801e-03	4.874680499999999896e-03
7.411937750000000000e+09	-2.832590199999999916e-03	1.198942300000000035e-03
7.411939875000000000e+09	-6.591628100000000018e-03	3.917299400000000091e-03
7.411942000000000000e+09	-5.221170300000000340e-03	3.471815799999999896e-03
7.411944125000000000e+09	-1.401943099999999930e-03	2.367624999999999938e-03
7.411946250000000000e+09	-4.669273600000000031e-03	8.407077100000000247e-03
7.411948375000000000e+09	-4.313179200000000386e-03	3.152380599999999970e-03
7.411950500000000000e+09	-1.661181700000000094e-03	5.338287799999999993e-03
7.411952625000000000e+09	-1.227125599999999905e-03	2.235339999999999845e-05
7.411954750000000000e+09	-5.283050000000000181e-05	2.974858800000000202e-03
7.411956875000000000e+09	-7.984672999999999641e-04	2.164167700000000066e-03
7.411959000000000000e+09	-5.722481899999999622e-03	7.448642499999999847e-03
7.411961125000000000e+09	-3.995488499999999901e-03	2.395116000000000085e-03
7.411963250000000000e+09	-5.723664199999999903e-03	3.364863100000000089e-03
7.411965375000000000e+09	-3.389402299999999795e-03	2.525969900000000178e-03
7.411967500000000000e+09	-1.299682999999999936e-04	7.473362199999999955e-03
7.411969625000000000e+09	-4.340888099999999812e-03	5.542316499999999993e-03
7.411971750000000000e+09	1.165848099999999962e-03	9.937330799999999700e-03
7.411973875000000000e+09	-2.906158399999999968e-03	6.708284000000000122e-03
7.411976000000000000e+09	-1.458110799999999931e-03	3.885848600000000111e-03
7.411978125000000000e+09	-3.968095599999999813e-03	4.182208100000000227e-03
7.411980250000000000e+09	-7.840553099999999706e-03	9.330885999999999824e-04
7.411982375000000000e+09	-4.024987600000000040e-03	6.755749099999999729e-03
7.411984500000000000e+09	-5.606813799999999827e-03	4.216211099999999691e-03
7.411986625000000000e+09	-5.904232100000000177e-03	7.044949800000000276e-03
7.411988750000000000e+09	-1.021727899999999925e-03	4.030059800000000171e-03
7.411990875000000000e+09	-3.402085400000000141e-03	7.786652999999999934e-04
7.411993000000000000e+09	-7.374197899999999743e-03	4.546489100000000380e-03
7.411995125000000000e+09	-6.254627700000000255e-03	4.624026199999999899e-03
7.411997250000000000e+09	-4.420041100000000021e-03	3.483054299999999853e-03
7.411999375000000000e+09	-8.659842000000000494e-04	3.740595099999999805e-03
7.412001500000000000e+09	-2.992536200000000136e-03	5.592392600000000054e-03
7.412003625000000000e+09	-1.415397000000000096e-03	5.343234100000000125e-03
7.412005750000000000e+09	-3.279238500000000028e-03	5.130661100000000370e-03
7.412007875000000000e+09	-3.916053600000000273e-03	4.376914999999999886e-04
7.412010000000000000e+09	-5.948020499999999780e-03	8.891708999999999377e-03
7.412012125000000000e+09	-6.044817699999999877e-03	6.761197899999999913e-03
7.412014250000000000e+09	-1.915419200000000087e-03	2.148578899999999819e-03
7.412016375000000000e+09	-1.472086799999999893e-03	3.448198700000000214e-03
7.412018500000000000e+09	-6.263676699999999944e-03	4.177752999999999979e-04
7.412020625000000000e+09	-3.856178000000000036e-03	4.795171699999999787e-03
7.412022750000000000e+09	-5.298650299999999903e-03	3.097528600000000205e-03
7.412024875000000000e+09	-6.368611199999999785e-03	8.466686299999999846e-03
7.412027000000000000e+09	-6.967331900000000092e-03	4.962125599999999727e-03
7.412029125000000000e+09	-4.366408700000000247e-03	4.144064499999999991e-03
7.412031250000000000e+09	-7.992617999999999511e-04	3.533847200000000185e-03
7.412033375000000000e+09	-5.927179399999999571e-03	4.454001099999999568e-03
7.412035500000000000e+09	-2.494682600000000007e-03	3.363093000000000159e-04
7.412037625000000000e+09	-2.043786499999999864e-03	3.368736800000000052e-03
7.412039750000000000e+09	-6.359399200000000023e-03	4.133459899999999791e-03
7.412041875000000000e+09	-1.795495100000000068e-03	4.149818900000000303e-03
7.412044000000000000e+09	-4.453107900000000292e-03	5.382102599999999924e-03
7.412046125000000000e+09	-4.946764000000000196e-04	4.398870899999999910e-03
7.412048250000000000e+09	-2.566118300000000147e-03	2.838309099999999831e-03
7.412050375000000000e+09	-5.092446700000000277e-03	6.001225599999999993e-03
7.412052500000000000e+09	-8.761870700000000400e-03	5.922246699999999739e-03
7.412054625000000000e+09	-3.527356900000000028e-03	3.248995599999999952e-03
7.412056750000000000e+09	-3.114638099999999903e-03	2.711477500000000068e-03
7.412058875000000000e+09	-8.380808899999999881e-03	4.472603799999999748e-03
7.412061000000000000e+09	-4.437169900000000229e-03	1.013341260000000070e-02
7.412063125000000000e+09	-4.706003999999999743e-03	4.416823799999999682e-03
7.412065250000000000e+09	-4.090699599999999929e-03	2.116376100000000142e-03
7.412067375000000000e+09	-6.275785000000000087e-04	9.221369400000000230e-03
7.412069500000000000e+09	-3.017559700000000192e-03	4.069966000000000382e-03
7.412071625000000000e+09	-2.907966000000000001e-04	3.691043199999999823e-03
7.412073750000000000e+09	-8.481826999999999726e-04	4.470218899999999634e-03
7.412075875000000000e+09	-4.656935899999999941e-03	5.636658699999999925e-03
7.412078000000000000e+09	-2.687602400000000009e-03	5.735437900000000221e-03
7.412080125000000000e+09	-6.054555599999999864e-03	4.220669800000000083e-03
7.412082250000000000e+09	-1.609957400000000104e-03	5.349364500000000286e-03
7.412084375000000000e+09	-4.594362500000000009e-03	6.836347900000000304e-03
7.412086500000000000e+09	-5.059595200000000133e-03	1.959919000000000071e-03
7.412088625000000000e+09	-2.952983699999999975e-03	3.654814000000000153e-03
7.412090750000000000e+09	-1.106704399999999941e-03	1.399892899999999893e-03
7.412092875000000000e+09	-3.922498200000000025e-03	6.613375500000000067e-03
7.412095000000000000e+09	-4.370408600000000310e-03	4.517652900000000346e-03
7.412097125000000000e+09	9.425999000000000010e-04	2.720698799999999966e-03
7.412099250000000000e+09	-4.683197299999999723e-03	4.832439899999999879e-03
7.412101375000000000e+09	-8.688603600000000676e-03	4.157815999999999942e-03
7.412103500000000000e+09	-4.057207000000000066e-04	1.669966200000000010e-03
7.412105625000000000e+09	-7.061731600000000116e-03	5.972484499999999863e-03
7.412107750000000000e+09	-3.726710099999999866e-03	1.973235399999999969e-03
7.412109875000000000e+09	-5.371926699999999763e-03	5.817347300000000158e-03
7.412112000000000000e+09	-4.172311800000000001e-03	4.108592799999999726e-03
7.412114125000000000e+09	1.296803000000000127e-04	4.438809699999999962e-03
7.412116250000000000e+09	-5.483348899999999741e-03	3.109860400000000018e-03
7.412118375000000000e+09	-5.945476499999999623e-03	4.389525299999999693e-03
7.412120500000000000e+09	-4.561233100000000075e-03	6.109247299999999610e-03
7.412122625000000000e+09	-5.011055000000000153e-04	1.711038200000000080e-03
7.412124750000000000e+09	7.541189999999999536e-05	5.537270399999999655e-03
7.412126875000000000e+09	-3.117751099999999803e-03	2.608146400000000125e-03
7.412129000000000000e+09	-3.589222799999999824e-03	7.685299700000000275e-03
7.412131125000000000e+09	-5.391767199999999635e-03	6.150125999999999683e-03
7.412133250000000000e+09	-1.826420299999999925e-03	3.454328699999999804e-03
7.412135375000000000e+09	-1.651786799999999979e-03	6.448666199999999668e-03
7.412137500000000000e+09	-2.952120400000000054e-03	1.036845399999999917e-03
7.412139625000000000e+09	-4.959596099999999744e-03	8.067153100000000118e-03
7.412141750000000000e+09	-3.082123500000000151e-03	5.542866700000000264e-03
7.412143875000000000e+09	-4.214533099999999942e-03	3.418780399999999872e-03
7.412146000000000000e+09	-5.969203499999999919e-03	2.231539800000000105e-03
7.412148125000000000e+09	-8.001072999999999822e-04	3.459422900000000065e-03
7.412150250000000000e+09	-4.424114399999999961e-03	3.065874200000000185e-03
7.412152375000000000e+09	-3.653292000000000258e-04	4.618058199999999607e-03
7.412154500000000000e+09	-2.574899399999999988e-03	5.025913299999999577e-03
7.412156625000000000e+09	-5.318616299999999637e-03	7.709344600000000124e-03
7.412158750000000000e+09	-6.157695200000000424e-03	3.984005599999999869e-03
7.412160875000000000e+09	-4.202625800000000036e-03	5.123905800000000052e-03
7.412163000000000000e+09	-3.438828699999999915e-03	6.261702600000000271e-03
7.412165125000000000e+09	-5.766007000000000510e-04	1.041689049999999957e-02
7.412167250000000000e+09	-6.107655800000000301e-03	3.862614500000000062e-03
7.412169375000000000e+09	-2.928636499999999823e-03	-2.049993700000000193e-03
7.412171500000000000e+09	-2.853711000000000095e-03	3.634294000000000153e-03
7.412173625000000000e+09	-6.716976199999999571e-03	4.726687099999999850e-03
7.412175750000000000e+09	-2.457908700000000207e-03	3.813986000000000112e-03
7.412177875000000000e+09	-7.414830300000000395e-03	3.693844899999999820e-03
7.412180000000000000e+09	-9.171220399999999162e-03	5.872819599999999814e-03
7.412182125000000000e+09	-4.619125099999999567e-03	5.015581499999999596e-03
7.412184250000000000e+09	-5.073008099999999979e-03	6.906591000000000119e-03
7.412186375000000000e+09	-1.636568799999999976e-03	5.675206999999999821e-03
7.412188500000000000e+09	-4.791937500000000190e-03	7.213321200000000037e-03
7.412190625000000000e+09	-4.542356299999999666e-03	7.395992599999999875e-03
7.412192750000000000e+09	-5.601150000000000052e-03	4.335817799999999896e-03
7.412194875000000000e+09	-2.952590100000000196e-03	1.731233399999999910e-03
7.412197000000000000e+09	-1.762769599999999956e-03	4.177529900000000011e-03
7.412199125000000000e+09	-3.132388399999999976e-03	4.603122500000000027e-03
7.412201250000000000e+09	-5.574119199999999844e-03	7.285422899999999605e-03
7.412203375000000000e+09	-4.249489700000000196e-03	7.812634199999999793e-03
7.412205500000000000e+09	-7.373019300000000290e-03	2.251573399999999905e-03
7.412207625000000000e+09	-6.963230800000000213e-03	5.677767000000000230e-03
7.412209750000000000e+09	-2.713393699999999947e-03	2.383178899999999992e-03
7.412211875000000000e+09	-9.146929099999999424e-03	1.037149399999999933e-03
7.412214000000000000e+09	-6.000063899999999797e-03	3.766830999999999999e-03
7.412216125000000000e+09	-6.010408299999999739e-03	-8.552625999999999588e-04
7.412218250000000000e+09	-4.513518200000000286e-03	1.587064700000000031e-03
7.412220375000000000e+09	-5.017899400000000280e-03	6.828034600000000391e-03
7.412222500000000000e+09	-7.807847300000000240e-03	3.709972499999999920e-03
7.412224625000000000e+09	-1.379006799999999951e-03	2.992242799999999831e-03
7.412226750000000000e+09	-4.390658100000000008e-03	2.066369099999999792e-03
7.412228875000000000e+09	-1.082209999999999899e-03	2.535209000000000074e-04
7.412231000000000000e+09	-7.253969699999999673e-03	8.733662499999999412e-03
7.412233125000000000e+09	-2.078139100000000149e-03	5.611841000000000225e-03
7.412235250000000000e+09	-2.304206200000000117e-03	5.585436400000000183e-03
7.412237375000000000e+09	-5.771341800000000417e-03	4.845369700000000217e-03
7.412239500000000000e+09	-4.836407899999999906e-03	4.613847800000000186e-03
7.412241625000000000e+09	1.609139899999999972e-03	9.597382099999999389e-03
7.412243750000000000e+09	-4.622636999999999753e-03	8.891189999999999825e-05
7.412245875000000000e+09	-3.101521400000000015e-03	1.339713499999999925e-03
7.412248000000000000e+09	-1.087443599999999991e-03	2.493796099999999981e-03
7.412250125000000000e+09	-8.194232799999999484e-03	2.468377099999999932e-03
7.412252250000000000e+09	1.199388800000000073e-03	2.248956000000000089e-04
7.412254375000000000e+09	-6.759446900000000424e-03	3.084105499999999916e-03
7.412256500000000000e+09	-4.557765200000000148e-03	7.228323099999999640e-03
7.412258625000000000e+09	-3.227663400000000109e-03	2.862633700000000083e-03
7.412260750000000000e+09	-2.582543699999999883e-03	2.706216500000000174e-03
7.412262875000000000e+09	-6.186504300000000324e-03	8.045072599999999671e-03
7.412265000000000000e+09	-1.437208799999999988e-03	1.933071699999999987e-03
7.412267125000000000e+09	1.673369999999999871e-04	6.680289600000000050e-03
7.412269250000000000e+09	-3.019807599999999991e-03	6.619507299999999837e-03
7.412271375000000000e+09	-3.823098999999999942e-03	1.060371299999999942e-03
7.412273500000000000e+09	-9.212900300000000098e-03	1.003203800000000007e-02
7.412275625000000000e+09	-1.713408899999999905e-03	2.097094299999999970e-03
7.412277750000000000e+09	-1.633532999999999947e-03	9.016360999999999647e-04
7.412279875000000000e+09	3.444397000000000084e-04	5.532276000000000034e-03
7.412282000000000000e+09	-1.383401700000000054e-03	4.241750899999999734e-03
7.412284125000000000e+09	-2.264903000000000023e-04	3.489577399999999920e-03
7.412286250000000000e+09	-3.640376199999999923e-03	5.043344699999999757e-03
7.412288375000000000e+09	-2.198772600000000084e-03	7.287484599999999660e-03
7.412290500000000000e+09	-2.681262900000000102e-03	6.676058700000000144e-03
7.412292625000000000e+09	-6.134380299999999710e-03	6.530396299999999613e-03
7.412294750000000000e+09	-7.762809999999999763e-04	4.583380700000000418e-03
7.412296875000000000e+09	-3.043598299999999892e-03	5.058935999999999772e-04
7.412299000000000000e+09	-2.255393599999999839e-03	1.095669799999999909e-03
7.412301125000000000e+09	-2.691358599999999802e-03	7.876430000000000074e-05
7.412303250000000000e+09	-3.238987400000000166e-03	4.796506899999999733e-03
7.412305375000000000e+09	-3.852075600000000148e-03	7.041014400000000090e-03
7.412307500000000000e+09	-4.985709500000000231e-03	4.263406299999999635e-03
7.412309625000000000e+09	3.503107000000000204e-04	3.892511400000000111e-03
7.412311750000000000e+09	-2.825759900000000043e-03	8.902544000000000082e-03
7.412313875000000000e+09	4.340303999999999907e-04	2.874450499999999919e-03
7.412316000000000000e+09	-7.194587199999999752e-03	4.959000300000000402e-03
7.412318125000000000e+09	-6.435473300000000250e-03	6.305054899999999914e-03
7.412320250000000000e+09	-5.661452899999999851e-03	9.617803399999999558e-03
7.412322375000000000e+09	-3.255037799999999960e-03	5.513188100000000064e-03
7.412324500000000000e+09	-7.558505800000000358e-03	2.788936499999999843e-03
7.412326625000000000e+09	-7.210244400000000338e-03	5.995570100000000013e-03
7.412328750000000000e+09	-5.419267699999999986e-03	2.202501899999999811e-03
7.412330875000000000e+09	-4.475914299999999776e-03	2.373552399999999830e-03
7.412333000000000000e+09	-1.446409999999999970e-03	4.815768300000000321e-03
7.412335125000000000e+09	-2.282847800000000014e-03	1.331649199999999922e-03
7.412337250000000000e+09	-9.179613000000000095e-04	6.279643300000000219e-03
7.412339375000000000e+09	-5.728344999999999921e-04	1.022290900000000008e-03
7.412341500000000000e+09	-8.597724100000000633e-03	4.354478299999999837e-03
7.412343625000000000e+09	-5.147207400000000134e-03	2.081868100000000207e-03
7.412345750000000000e+09	-5.571182099999999644e-03	6.550298999999999879e-03
7.412347875000000000e+09	-1.048414199999999968e-03	4.212231999999999890e-04
7.412350000000000000e+09	-6.105443599999999665e-03	8.396157600000000651e-03
7.412352125000000000e+09	-4.534604000000000239e-03	5.948010400000000239e-03
7.412354250000000000e+09	2.447673000000000036e-04	5.992935999999999923e-03
7.412356375000000000e+09	-6.176317700000000417e-03	1.186220200000000051e-03
7.412358500000000000e+09	1.300503099999999980e-03	1.012246799999999905e-03
7.412360625000000000e+09	-8.784710899999999267e-03	4.403984199999999745e-03
7.412362750000000000e+09	-4.042645400000000229e-03	8.417245699999999220e-03
7.412364875000000000e+09	-1.661419799999999973e-03	6.974254299999999712e-03
7.412367000000000000e+09	-2.065844800000000113e-03	3.991785999999999772e-03
7.412369125000000000e+09	2.520374999999999937e-04	6.686361499999999777e-03
7.412371250000000000e+09	-2.447253999999999836e-03	3.923288500000000206e-03
7.412373375000000000e+09	-8.390494199999999278e-03	-7.914038999999999666e-04
7.412375500000000000e+09	-5.157547999999999647e-03	3.258036599999999949e-03
7.412377625000000000e+09	-2.886318000000000238e-04	2.624926200000000150e-03
7.412379750000000000e+09	-6.372900199999999987e-03	2.169714599999999875e-03
7.412381875000000000e+09	-1.532244299999999983e-03	7.094559799999999687e-03
7.412384000000000000e+09	-5.363287000000000002e-04	7.059226800000000315e-03
7.412386125000000000e+09	-9.678206499999999698e-03	8.824117100000000713e-03
7.412388250000000000e+09	-4.598248400000000229e-03	7.289910499999999877e-03
7.412390375000000000e+09	-1.293006300000000075e-03	4.897787500000000405e-03
7.412392500000000000e+09	-5.148661599999999894e-03	1.546049799999999917e-03
7.412394625000000000e+09	8.265943000000000422e-04	5.475448299999999616e-03
7.412396750000000000e+09	-8.025249599999999262e-03	2.657490000000000199e-03
7.412398875000000000e+09	-1.597403399999999980e-03	6.333922799999999916e-03
7.412401000000000000e+09	-4.878300399999999613e-03	7.576209199999999616e-03
7.412403125000000000e+09	-1.313911700000000094e-03	8.564938600000000443e-03
7.412405250000000000e+09	-3.481321199999999963e-03	7.733903200000000373e-03
7.412407375000000000e+09	-2.365093799999999809e-03	4.756223300000000064e-03
7.412409500000000000e+09	-3.475461600000000206e-03	4.098601299999999996e-03
7.412411625000000000e+09	-1.136225600000000027e-03	3.880569999999999853e-03
7.412413750000000000e+09	-3.355789100000000115e-03	3.035108600000000108e-03
7.412415875000000000e+09	-4.078199400000000370e-03	-4.922400000000000169e-05
7.412418000000000000e+09	3.977267999999999949e-04	4.093580799999999714e-03
7.412420125000000000e+09	-5.068155999999999876e-03	7.050521599999999903e-03
7.412422250000000000e+09	-1.214927900000000068e-03	4.830732600000000113e-03
7.412424375000000000e+09	-3.691048599999999930e-03	2.677520699999999879e-03
7.412426500000000000e+09	6.600262000000000403e-04	7.050525000000000195e-03
7.412428625000000000e+09	-6.000458200000000249e-03	3.146190300000000200e-03
7.412430750000000000e+09	-1.168843699999999944e-03	5.963619899999999738e-03
7.412432875000000000e+09	-3.697495299999999964e-03	5.128649400000000018e-03
7.412435000000000000e+09	-2.069973499999999862e-03	4.306128999999999686e-03
7.412437125000000000e+09	-2.119091999999999937e-04	4.366023499999999863e-03
7.412439250000000000e+09	1.795386999999999959e-04	4.740408199999999843e-03
7.412441375000000000e+09	-1.933821100000000098e-03	1.261063999999999892e-04
7.412443500000000000e+09	-4.640710800000000420e-03	7.041047800000000204e-03
7.412445625000000000e+09	-3.037875700000000016e-03	2.882270900000000018e-03
7.412447750000000000e+09	-1.301500799999999979e-03	4.767954700000000268e-03
7.412449875000000000e+09	-4.315551699999999741e-03	9.068217300000000480e-03
7.412452000000000000e+09	-3.136032600000000174e-03	5.865075800000000249e-03
7.412454125000000000e+09	-1.108472799999999942e-03	5.824145600000000395e-03
7.412456250000000000e+09	-2.471466700000000093e-03	6.992131199999999588e-03
7.412458375000000000e+09	-3.349362800000000098e-03	6.972121000000000395e-03
7.412460500000000000e+09	-5.869181200000000292e-03	5.170378899999999653e-03
7.412462625000000000e+09	-1.248920699999999957e-03	7.394054500000000335e-03
7.412464750000000000e+09	-4.116738299999999663e-03	5.553203999999999953e-03
7.412466875000000000e+09	-2.373111399999999933e-03	6.945445100000000212e-03
7.412469000000000000e+09	-9.938117000000000652e-04	5.889252900000000075e-03
7.412471125000000000e+09	-2.419621600000000042e-03	1.004710899999999895e-03
7.412473250000000000e+09	-3.740142399999999822e-03	5.183830399999999651e-03
7.412475375000000000e+09	-4.925448500000000410e-03	5.289027800000000237e-03
7.412477500000000000e+09	-4.836920599999999966e-03	5.109780199999999599e-03
7.412479625000000000e+09	-2.536751800000000123e-03	4.836904399999999646e-03
7.412481750000000000e+09	-4.200190000000000184e-05	1.452127400000000025e-03
7.412483875000000000e+09	-3.300360799999999852e-03	5.653893899999999986e-03
7.412486000000000000e+09	-5.954430099999999740e-03	2.557745000000000157e-04
7.412488125000000000e+09	-4.084819299999999619e-03	7.216098800000000056e-03
7.412490250000000000e+09	-8.103509999999999533e-04	4.365389100000000369e-03
7.412492375000000000e+09	-9.947032000000000616e-04	6.074173000000000419e-03
7.412494500000000000e+09	-6.266364899999999835e-03	7.136138999999999677e-03
7.412496625000000000e+09	-4.183358699999999673e-03	7.345823500000000193e-03
7.412498750000000000e+09	-3.462934799999999817e-03	7.331436099999999803e-03
7.412500875000000000e+09	1.388886100000000018e-03	6.565404300000000047e-03
7.412503000000000000e+09	-5.927651899999999800e-03	7.073619500000000344e-03
7.412505125000000000e+09	4.358734000000000068e-04	2.959926700000000115e-03
7.412507250000000000e+09	-3.812260000000000041e-03	2.835176400000000152e-03
7.412509375000000000e+09	-5.206359399999999950e-03	5.093872000000000157e-03
7.412511500000000000e+09	-2.996907000000000043e-03	5.633467300000000177e-03
7.412513625000000000e+09	-5.092734500000000407e-03	4.626868800000000399e-03
7.412515750000000000e+09	-4.513080899999999916e-03	9.545004200000000230e-03
7.412517875000000000e+09	4.941812999999999978e-04	6.471095100000000093e-03
7.412520000000000000e+09	-5.805356999999999705e-03	3.051352099999999831e-03
7.412522125000000000e+09	-3.367137899999999955e-03	4.406154199999999868e-03
7.412524250000000000e+09	7.400453999999999670e-04	9.065641299999999819e-03
7.412526375000000000e+09	1.934617600000000008e-03	4.837128700000000239e-03
7.412528500000000000e+09	3.539820000000000271e-05	9.037322999999999667e-04
7.412530625000000000e+09	-6.060232100000000066e-03	1.019620000000000074e-05
7.412532750000000000e+09	-4.880950000000000083e-05	6.284896499999999622e-03
7.412534875000000000e+09	-3.080452500000000187e-03	8.181990599999999433e-03
7.412537000000000000e+09	-4.987278500000000107e-03	7.454666300000000086e-03
7.412539125000000000e+09	-4.939511800000000001e-03	5.722482499999999826e-03
7.412541250000000000e+09	5.493655999999999973e-04	-7.976851999999999771e-04
7.412543375000000000e+09	-1.119069699999999902e-03	3.527516300000000174e-03
7.412545500000000000e+09	-7.287657900000000209e-03	8.275850499999999263e-03
7.412547625000000000e+09	-5.187203799999999879e-03	4.453971499999999882e-03
7.412549750000000000e+09	-6.900177999999999650e-04	4.782072499999999796e-03
7.412551875000000000e+09	-2.653452000000000154e-04	5.879892599999999615e-03
7.412554000000000000e+09	-3.388343700000000062e-03	4.711175800000000011e-03
7.412556125000000000e+09	-1.303337400000000035e-03	5.955624900000000381e-03
7.412558250000000000e+09	-2.829173700000000170e-03	2.417994100000000167e-03
7.412560375000000000e+09	-9.116241500000000358e-03	4.596361299999999865e-03
7.412562500000000000e+09	-4.685808500000000244e-03	4.912390800000000259e-03
7.412564625000000000e+09	-4.930735099999999926e-03	7.044727800000000033e-03
7.412566750000000000e+09	-3.569831900000000179e-03	4.767091999999999684e-03
7.412568875000000000e+09	-6.010701999999999495e-04	5.533567900000000393e-03
7.412571000000000000e+09	-2.686676499999999992e-03	5.398965300000000030e-03
7.412573125000000000e+09	-8.103099699999999697e-03	6.452604899999999678e-03
7.412575250000000000e+09	7.820573999999999842e-04	6.397473699999999680e-03
7.412577375000000000e+09	-2.867692099999999845e-03	5.424200300000000217e-03
7.412579500000000000e+09	4.011160000000000268e-04	4.063828499999999969e-03
7.412581625000000000e+09	-5.723854700000000247e-03	3.969159499999999619e-03
7.412583750000000000e+09	-6.667460999999999961e-04	6.015616599999999876e-03
7.412585875000000000e+09	-5.329646700000000188e-03	8.419948899999999889e-03
7.412588000000000000e+09	-1.733713800000000064e-03	5.941312600000000013e-03
7.412590125000000000e+09	-2.768193200000000024e-03	5.142999199999999729e-03
7.412592250000000000e+09	-7.159731800000000181e-03	3.618147500000000114e-03
7.412594375000000000e+09	-2.338973399999999970e-03	1.726465499999999898e-03
7.412596500000000000e+09	7.504257000000000071e-04	3.984387600000000029e-03
7.412598625000000000e+09	-4.464496999999999888e-04	6.072774999999999875e-04
7.412600750000000000e+09	-2.576246300000000020e-03	8.128126100000000742e-03
7.412602875000000000e+09	-6.063730699999999620e-03	5.120743900000000390e-03
7.412605000000000000e+09	-5.239370000000000138e-03	5.704648399999999800e-03
7.412607125000000000e+09	-3.134181800000000045e-03	7.678492700000000108e-03
7.412609250000000000e+09	-7.528439199999999686e-03	9.911175200000000435e-03
7.412611375000000000e+09	-4.054913799999999673e-03	4.754137000000000293e-03
7.412613500000000000e+09	-2.660732600000000059e-03	2.418246700000000003e-03
7.412615625000000000e+09	2.419040000000000136e-05	3.241935200000000111e-03
7.412617750000000000e+09	-2.781649499999999924e-03	3.795321999999999845e-03
7.412619875000000000e+09	-4.141881099999999635e-03	6.686469199999999641e-03
7.412622000000000000e+09	-4.091721900000000293e-03	3.876866499999999816e-03
7.412624125000000000e+09	-3.853690099999999927e-03	7.150093500000000331e-03
7.412626250000000000e+09	-3.321582600000000211e-03	6.389962699999999704e-03
7.412628375000000000e+09	-5.568384000000000007e-03	6.030749200000000247e-03
7.412630500000000000e+09	-2.064383500000000100e-03	3.084458899999999865e-03
7.412632625000000000e+09	-1.738126999999999901e-04	3.869435699999999867e-03
7.412634750000000000e+09	-4.643033000000000403e-03	3.648255999999999895e-03
7.412636875000000000e+09	-1.793285999999999893e-04	3.847958199999999915e-03
7.412639000000000000e+09	-3.783011900000000059e-03	8.260093899999999476e-03
7.412641125000000000e+09	-6.066802100000000079e-03	6.715648000000000277e-03
7.412643250000000000e+09	-1.010506300000000093e-03	6.063270100000000412e-03
7.412645375000000000e+09	-2.214963999999999822e-03	3.814111099999999838e-03
7.412647500000000000e+09	3.905680000000000187e-05	1.909429499999999984e-03
7.412649625000000000e+09	-2.663548899999999831e-03	5.093139600000000204e-03
7.412651750000000000e+09	-2.290123900000000118e-03	6.150750600000000172e-03
7.412653875000000000e+09	-4.593927700000000058e-03	4.235717299999999623e-03
7.412656000000000000e+09	-2.560034499999999831e-03	5.121604499999999824e-03
7.412658125000000000e+09	-2.724258099999999835e-03	6.587171999999999646e-03
7.412660250000000000e+09	-7.694504000000000014e-04	4.474201500000000303e-03
7.412662375000000000e+09	-4.975528100000000363e-03	8.637002100000000862e-03
7.412664500000000000e+09	-5.608781799999999589e-03	6.093549600000000392e-03
7.412666625000000000e+09	-4.418399600000000142e-03	2.821546800000000136e-03
7.412668750000000000e+09	-1.889328700000000036e-03	4.419933999999999820e-04
7.412670875000000000e+09	-1.849017500000000062e-03	1.843817800000000038e-03
7.412673000000000000e+09	-1.214598899999999983e-03	3.762472099999999813e-03
7.412675125000000000e+09	-4.007935300000000332e-03	4.486506099999999948e-03
7.412677250000000000e+09	-1.687634300000000025e-03	4.202539899999999801e-03
7.412679375000000000e+09	-4.591605000000000339e-03	2.706891800000000171e-03
7.412681500000000000e+09	-1.448411400000000062e-03	3.126525599999999995e-03
7.412683625000000000e+09	-2.978494800000000206e-03	7.003080800000000342e-03
7.412685750000000000e+09	-3.757859999999999966e-05	1.078667999999999988e-02
7.412687875000000000e+09	-1.561494999999999984e-03	6.582721500000000316e-03
7.412690000000000000e+09	-5.543051200000000296e-03	9.203622999999999752e-04
7.412692125000000000e+09	-5.377096000000000263e-04	7.024004500000000095e-03
7.412694250000000000e+09	-1.527349099999999928e-03	7.767959300000000164e-03
7.412696375000000000e+09	-6.710397699999999695e-03	2.305956999999999972e-03
7.412698500000000000e+09	1.743200899999999961e-03	3.892151300000000046e-03
7.412700625000000000e+09	-1.439142200000000094e-03	4.632336199999999987e-03
7.412702750000000000e+09	-5.278397899999999650e-03	8.415347099999999705e-03
7.412704875000000000e+09	-6.520028800000000034e-03	8.186329399999999271e-03
7.412707000000000000e+09	-9.985308999999999505e-04	6.770926099999999628e-03
7.412709125000000000e+09	-6.500542800000000052e-03	2.670357500000000110e-03
7.412711250000000000e+09	-6.032249400000000081e-03	1.951788999999999998e-03
7.412713375000000000e+09	-3.797080500000000157e-03	4.652980800000000410e-03
7.412715500000000000e+09	-8.129988000000000535e-04	8.237713400000000810e-03
7.412717625000000000e+09	-3.449370399999999916e-03	5.062620500000000051e-03
7.412719750000000000e+09	-4.521481499999999674e-03	7.551156100000000308e-03
7.412721875000000000e+09	-3.223212500000000209e-03	6.018094100000000342e-03
7.412724000000000000e+09	-3.319483199999999877e-03	8.204655300000000470e-03
7.412726125000000000e+09	-6.948626999999999972e-04	5.969016599999999936e-03
7.412728250000000000e+09	-7.931276100000000592e-03	4.487039100000000426e-03
7.412730375000000000e+09	-7.179153999999999874e-04	4.438232700000000093e-03
7.412732500000000000e+09	-2.696421200000000129e-03	6.034459600000000035e-03
7.412734625000000000e+09	-3.740794300000000079e-03	4.256648400000000165e-03
7.412736750000000000e+09	-9.195584000000000353e-04	4.753226499999999889e-03
7.412738875000000000e+09	-1.413642199999999962e-03	4.378601999999999668e-03
7.412741000000000000e+09	-3.083456000000000044e-04	6.264596100000000348e-03
7.412743125000000000e+09	-3.616517399999999785e-03	9.144221200000000188e-03
7.412745250000000000e+09	-4.126777899999999749e-03	7.223171700000000257e-03
7.412747375000000000e+09	1.047938300000000097e-03	7.027121100000000356e-03
7.412749500000000000e+09	-2.480495000000000096e-03	1.056007230000000074e-02
7.412751625000000000e+09	2.090230000000000145e-05	4.552992100000000097e-03
7.412753750000000000e+09	-7.642569000000000315e-04	6.929710300000000052e-03
7.412755875000000000e+09	1.734534600000000020e-03	6.692255099999999853e-03
7.412758000000000000e+09	-2.947482000000000183e-04	8.066107899999999317e-03
7.412760125000000000e+09	-2.714934999999999918e-03	2.784502900000000204e-03
7.412762250000000000e+09	-6.534478500000000419e-03	4.030933799999999838e-03
7.412764375000000000e+09	5.851397999999999842e-04	6.439466399999999729e-03
7.412766500000000000e+09	-1.022586120000000022e-02	5.041467099999999597e-03
7.412768625000000000e+09	1.523302999999999940e-03	7.116029299999999946e-03
7.412770750000000000e+09	-3.202667000000000187e-03	5.183638299999999630e-03
7.412772875000000000e+09	-6.510300000000000162e-06	8.822599100000000014e-03
7.412775000000000000e+09	-3.467547899999999950e-03	5.846611300000000358e-03
7.412777125000000000e+09	-1.960432000000000071e-04	3.468361000000000100e-03
7.412779250000000000e+09	-8.058649999999999830e-05	4.525411299999999686e-03
7.412781375000000000e+09	-3.829241900000000028e-03	1.498016000000000018e-03
7.412783500000000000e+09	-6.597786999999999923e-04	3.186191000000000110e-03
7.412785625000000000e+09	-5.193826300000000014e-03	1.836770799999999995e-03
7.412787750000000000e+09	1.442479200000000052e-03	3.249648400000000083e-03
7.412789875000000000e+09	-4.975664999999999775e-03	2.626524800000000145e-03
7.412792000000000000e+09	-2.529757399999999802e-03	4.580840400000000222e-03
7.412794125000000000e+09	-5.733410100000000016e-03	5.018049499999999857e-03
7.412796250000000000e+09	-3.190878299999999959e-03	2.692244299999999989e-03
7.412798375000000000e+09	2.161037700000000006e-03	4.241187700000000234e-03
7.412800500000000000e+09	-6.157316200000000420e-03	1.060014050000000069e-02
7.412802625000000000e+09	-4.550391899999999858e-03	1.032427680000000056e-02
7.412804750000000000e+09	3.157544300000000078e-03	7.509245299999999998e-03
7.412806875000000000e+09	-4.650750799999999775e-03	6.043064199999999969e-03
7.412809000000000000e+09	-2.269819299999999845e-03	3.670651100000000069e-03
7.412811125000000000e+09	-3.734898400000000087e-03	7.085342300000000218e-03
7.412813250000000000e+09	1.497918999999999900e-03	2.869963000000000115e-03
7.412815375000000000e+09	-1.676064400000000032e-03	2.043224100000000203e-03
7.412817500000000000e+09	3.434589000000000262e-04	2.009334399999999909e-03
7.412819625000000000e+09	-2.758898000000000079e-03	7.540463300000000389e-03
7.412821750000000000e+09	2.144594200000000169e-03	5.857537799999999739e-03
7.412823875000000000e+09	-3.559589000000000156e-03	3.782802100000000074e-03
7.412826000000000000e+09	-1.785842400000000078e-03	4.032886799999999689e-03
7.412828125000000000e+09	-4.583766999999999985e-04	4.971862900000000376e-03
7.412830250000000000e+09	-3.079671899999999844e-03	7.813799700000000417e-03
7.412832375000000000e+09	-3.523983200000000131e-03	5.892062200000000062e-03
7.412834500000000000e+09	-2.197947300000000111e-03	2.345487399999999969e-03
7.412836625000000000e+09	-3.653221099999999933e-03	5.463836799999999966e-03
7.412838750000000000e+09	-3.428395500000000051e-03	5.506447700000000056e-03
7.412840875000000000e+09	-1.551449199999999952e-03	2.768265700000000027e-03
7.412843000000000000e+09	3.012771999999999824e-04	3.691926400000000025e-03
7.412845125000000000e+09	-2.776120999999999884e-03	4.963940899999999892e-03
7.412847250000000000e+09	-5.054102000000000421e-04	1.850144200000000032e-03
7.412849375000000000e+09	-9.672561000000000310e-04	5.949217599999999904e-03
7.412851500000000000e+09	3.433201999999999999e-04	8.237464899999999771e-03
7.412853625000000000e+09	3.375923999999999765e-04	9.579189999999999580e-03
7.412855750000000000e+09	-2.527697399999999893e-03	2.722150200000000072e-03
7.412857875000000000e+09	-2.198527500000000204e-03	4.244228899999999936e-03
7.412860000000000000e+09	2.419807200000000016e-03	8.769304800000000608e-03
7.412862125000000000e+09	-3.401962200000000196e-03	5.442989100000000108e-03
7.412864250000000000e+09	2.088625099999999804e-03	6.352054499999999944e-03
7.412866375000000000e+09	-3.030363099999999928e-03	9.339371799999999363e-03
7.412868500000000000e+09	-6.975923099999999794e-03	6.687744300000000343e-03
7.412870625000000000e+09	-1.695258999999999959e-03	3.595817500000000021e-03
7.412872750000000000e+09	-2.534752999999999833e-03	4.998126299999999973e-03
7.412874875000000000e+09	-3.716850399999999978e-03	6.547402299999999578e-03
7.412877000000000000e+09	-3.194387099999999955e-03	-1.672164999999999980e-03
7.412879125000000000e+09	-1.232028999999999991e-04	5.003683699999999894e-03
7.412881250000000000e+09	-2.844351999999999970e-04	6.059443799999999700e-03
7.412883375000000000e+09	-3.357246199999999996e-03	7.717402499999999679e-03
7.412885500000000000e+09	-1.806965599999999991e-03	1.569125900000000080e-03
7.412887625000000000e+09	-1.117007900000000029e-03	5.715627299999999703e-03
7.412889750000000000e+09	-5.357679399999999877e-03	9.215705500000000855e-03
7.412891875000000000e+09	-1.452065300000000099e-03	4.521087000000000022e-03
7.412894000000000000e+09	-8.582099999999999842e-04	6.593398299999999983e-03
7.412896125000000000e+09	2.511929100000000019e-03	5.816976399999999880e-03
7.412898250000000000e+09	-2.765047400000000214e-03	9.117906800000000547e-03
7.412900375000000000e+09	-5.457872199999999965e-03	5.546519800000000028e-03
7.412902500000000000e+09	-2.293415100000000071e-03	7.850465699999999852e-03
7.412904625000000000e+09	2.451829699999999793e-03	6.916830799999999953e-03
7.412906750000000000e+09	-4.146164800000000199e-03	3.683707300000000143e-03
7.412908875000000000e+09	-9.127970999999999481e-04	6.250614300000000359e-03
7.412911000000000000e+09	-4.061841299999999731e-03	8.420092900000000422e-03
7.412913125000000000e+09	-2.425537000000000179e-03	8.238079800000000855e-03
7.412915250000000000e+09	-2.921811700000000091e-03	4.684658599999999735e-03
7.412917375000000000e+09	4.061451399999999913e-03	-3.452249799999999955e-03
7.412919500000000000e+09	-8.597290000000000487e-04	3.253753299999999956e-03
7.412921625000000000e+09	-3.234054999999999786e-04	3.653766200000000200e-03
7.412923750000000000e+09	-3.962226000000000116e-03	6.362162600000000404e-03
7.412925875000000000e+09	1.065825299999999948e-03	7.026819800000000393e-03
7.412928000000000000e+09	-1.806688299999999973e-03	3.624489900000000143e-03
7.412930125000000000e+09	-6.283861200000000029e-03	4.370793199999999622e-03
7.412932250000000000e+09	-2.809374099999999933e-03	7.463449799999999877e-03
7.412934375000000000e+09	-5.777290200000000098e-03	3.331418400000000189e-03
7.412936500000000000e+09	2.053103599999999904e-03	8.719167499999999627e-03
7.412938625000000000e+09	-1.882888899999999970e-03	7.003479699999999759e-03
7.412940750000000000e+09	-5.924840300000000330e-03	1.727451399999999993e-03
7.412942875000000000e+09	1.872258999999999924e-04	9.316849300000000847e-03
7.412945000000000000e+09	-1.181966100000000040e-03	1.984074499999999904e-03
7.412947125000000000e+09	-3.204238400000000014e-03	5.839497899999999790e-03
7.412949250000000000e+09	-2.580282000000000148e-03	2.783044900000000016e-03
7.412951375000000000e+09	-3.416631000000000052e-04	7.470481999999999644e-03
7.412953500000000000e+09	-2.715980000000000041e-05	5.429174900000000026e-03
7.412955625000000000e+09	-1.922022499999999964e-03	3.445511999999999967e-03
7.412957750000000000e+09	-1.712030499999999972e-03	9.012609499999999288e-03
7.412959875000000000e+09	-2.496270499999999823e-03	7.719027800000000106e-03
7.412962000000000000e+09	-3.366117300000000170e-03	3.086699899999999913e-03
7.412964125000000000e+09	3.523398999999999975e-04	6.398243399999999775e-03
7.412966250000000000e+09	-2.017855099999999857e-03	3.310053500000000037e-03
7.412968375000000000e+09	-2.435400700000000130e-03	1.006186729999999918e-02
7.412970500000000000e+09	-4.679250000000000033e-04	3.377220299999999890e-03
7.412972625000000000e+09	-5.393280999999999770e-04	5.620605699999999677e-03
7.412974750000000000e+09	-6.458116999999999547e-04	3.604230500000000104e-03
7.412976875000000000e+09	1.112777099999999941e-03	2.869332200000000114e-03
7.412979000000000000e+09	-2.203194300000000001e-03	5.399001799999999900e-03
7.412981125000000000e+09	-4.332407499999999662e-03	6.712100900000000231e-03
7.412983250000000000e+09	-1.265082999999999963e-04	3.000825200000000002e-03
7.412985375000000000e+09	-1.380923800000000102e-03	4.623534500000000061e-03
7.412987500000000000e+09	-1.332276099999999894e-03	1.322259779999999940e-02
7.412989625000000000e+09	-6.025464200000000409e-03	8.707764600000000854e-03
7.412991750000000000e+09	-1.200353099999999958e-03	7.760943400000000318e-03
7.412993875000000000e+09	2.528586599999999972e-03	3.827565599999999991e-03
7.412996000000000000e+09	-1.460510699999999955e-03	1.466327199999999976e-03
7.412998125000000000e+09	-3.473541699999999934e-03	4.631847599999999905e-03
7.413000250000000000e+09	4.112849000000000236e-04	8.792599200000000836e-03
7.413002375000000000e+09	-2.345376200000000213e-03	3.069990299999999974e-03
7.413004500000000000e+09	-3.235355000000000197e-04	5.496146000000000365e-03
7.413006625000000000e+09	4.277026000000000070e-04	3.828904399999999864e-03
7.413008750000000000e+09	-3.776404000000000132e-03	6.440414299999999877e-03
7.413010875000000000e+09	-2.280381100000000195e-03	3.641675899999999907e-03
7.413013000000000000e+09	-4.963063000000000197e-03	1.509793099999999976e-03
7.413015125000000000e+09	-6.260440100000000396e-03	6.787473999999999721e-04
7.413017250000000000e+09	-4.065778699999999732e-03	5.739207599999999847e-03
7.413019375000000000e+09	8.513650000000000048e-05	4.460232500000000343e-03
7.413021500000000000e+09	-3.906368999999999814e-03	3.571884600000000201e-03
7.413023625000000000e+09	-5.969360800000000217e-03	8.625247699999999754e-03
7.413025750000000000e+09	-1.570029199999999981e-03	2.297702500000000161e-03
7.413027875000000000e+09	-6.125021799999999864e-03	3.945289299999999930e-03
7.413030000000000000e+09	-2.113049599999999861e-03	5.505885500000000030e-03
7.413032125000000000e+09	1.522042300000000029e-03	3.050775999999999835e-03
7.413034250000000000e+09	-3.156710300000000174e-03	6.463103700000000229e-03
7.413036375000000000e+09	-4.360491900000000066e-03	8.672071199999999147e-03
7.413038500000000000e+09	-1.972247099999999923e-03	3.644229000000000131e-03
7.413040625000000000e+09	3.170615700000000130e-03	7.412649900000000194e-03
7.413042750000000000e+09	-1.144071699999999999e-03	4.390332999999999736e-03
7.413044875000000000e+09	-5.916409000000000295e-04	3.347035600000000145e-03
7.413047000000000000e+09	-2.523619099999999983e-03	3.656964799999999800e-03
7.413049125000000000e+09	-7.371040999999999618e-04	8.568996799999999137e-03
7.413051250000000000e+09	-3.070121800000000147e-03	3.845789599999999836e-03
7.413053375000000000e+09	-2.678460299999999798e-03	5.675588399999999777e-03
7.413055500000000000e+09	-2.438696000000000180e-03	6.804202100000000114e-03
7.413057625000000000e+09	7.517805999999999491e-04	6.893070099999999874e-03
7.413059750000000000e+09	-3.324513199999999929e-03	6.251951399999999652e-03
7.413061875000000000e+09	4.780065000000000117e-04	1.013832270000000063e-02
7.413064000000000000e+09	-8.153198699999999327e-03	6.772471700000000198e-03
7.413066125000000000e+09	1.399861399999999994e-03	7.813782999999999493e-03
7.413068250000000000e+09	1.022291299999999927e-03	6.193721800000000395e-03
7.413070375000000000e+09	-1.708994099999999955e-03	8.571035499999999155e-03
7.413072500000000000e+09	-3.874000600000000044e-03	1.437620300000000016e-03
7.413074625000000000e+09	-4.506100600000000067e-03	3.926972499999999665e-03
7.413076750000000000e+09	1.741752299999999943e-03	2.838928799999999950e-03
7.413078875000000000e+09	-3.048869499999999795e-03	9.242101399999999231e-03
7.413081000000000000e+09	-2.002794500000000186e-03	4.299865200000000005e-03
7.413083125000000000e+09	-2.681312700000000170e-03	3.120194699999999984e-03
7.413085250000000000e+09	-4.497989600000000185e-03	4.630120599999999927e-03
7.413087375000000000e+09	-3.096702299999999890e-03	7.021548899999999725e-03
7.413089500000000000e+09	-2.636431800000000117e-03	4.674602600000000129e-03
7.413091625000000000e+09	-5.324790700000000057e-03	3.512600800000000110e-03
7.413093750000000000e+09	-1.356379599999999993e-03	9.686410499999999202e-03
7.413095875000000000e+09	-3.245423999999999792e-03	3.724915599999999855e-03
7.413098000000000000e+09	2.065098699999999825e-03	4.768628999999999923e-03
7.413100125000000000e+09	-6.681562500000000002e-03	1.483345500000000016e-03
7.413102250000000000e+09	-3.944055900000000003e-03	2.904709699999999915e-03
7.413104375000000000e+09	-3.756955599999999961e-03	4.469474000000000190e-03
7.413106500000000000e+09	-3.815335600000000198e-03	4.385609199999999583e-03
7.413108625000000000e+09	-4.187075099999999772e-03	2.447838199999999992e-03
7.413110750000000000e+09	-4.277757899999999960e-03	4.594714500000000347e-03
7.413112875000000000e+09	2.808386600000000160e-03	2.059709900000000152e-03
7.413115000000000000e+09	-4.690956300000000134e-03	5.799313199999999585e-03
7.413117125000000000e+09	-2.597059200000000154e-03	3.400861600000000019e-03
7.413119250000000000e+09	-7.070372299999999784e-03	2.240878600000000172e-03
7.413121375000000000e+09	-1.160749700000000004e-03	3.763317500000000135e-03
7.413123500000000000e+09	-1.899978500000000037e-03	1.077385300000000034e-03
7.413125625000000000e+09	-5.139266200000000041e-03	4.056471800000000134e-03
7.413127750000000000e+09	4.709426000000000063e-04	4.800756399999999910e-03
7.413129875000000000e+09	7.761158999999999463e-04	4.957433899999999678e-03
7.413132000000000000e+09	-1.017912799999999996e-03	2.849763300000000051e-03
7.413134125000000000e+09	-4.427632699999999727e-03	6.553934200000000043e-03
7.413136250000000000e+09	5.890125999999999652e-04	4.568472399999999774e-03
7.413138375000000000e+09	1.734286399999999950e-03	3.391698399999999985e-03
7.413140500000000000e+09	-2.709795599999999857e-03	2.662461799999999920e-03
7.413142625000000000e+09	-1.888647600000000013e-03	2.103268900000000025e-03
7.413144750000000000e+09	-5.530300200000000214e-03	5.516627900000000383e-03
7.413146875000000000e+09	-4.659694399999999952e-03	8.882265000000000299e-03
7.413149000000000000e+09	-1.560015699999999905e-03	8.105899700000000416e-03
7.413151125000000000e+09	-7.351544000000000438e-04	5.315757899999999821e-03
7.413153250000000000e+09	-7.464485800000000143e-03	4.234104500000000423e-03
7.413155375000000000e+09	-1.959171999999999910e-03	3.420333800000000066e-03
7.413157500000000000e+09	-8.803507999999999603e-04	5.982630600000000270e-03
7.413159625000000000e+09	2.649222499999999859e-03	8.722656999999999980e-03
7.413161750000000000e+09	1.281540000000000066e-03	1.965092900000000187e-03
7.413163875000000000e+09	1.973286700000000116e-03	3.658665100000000215e-03
7.413166000000000000e+09	-1.986765000000000145e-03	5.336500400000000234e-03
7.413168125000000000e+09	-2.354128200000000105e-03	4.296814700000000167e-03
7.413170250000000000e+09	-1.547660000000000019e-04	3.811123699999999833e-03
7.413172375000000000e+09	-6.607355999999999559e-04	8.062357299999999699e-03
7.413174500000000000e+09	-5.443579999999999947e-04	7.868373200000000622e-03
7.413176625000000000e+09	1.060768699999999932e-03	4.479058099999999772e-03
7.413178750000000000e+09	-2.407477800000000154e-03	7.114389799999999882e-03
7.413180875000000000e+09	2.918799399999999836e-03	6.591070400000000225e-03
7.413183000000000000e+09	2.402602800000000049e-03	8.234704000000000025e-04
7.413185125000000000e+09	2.670462599999999954e-03	3.654823900000000059e-03
7.413187250000000000e+09	-2.461028699999999892e-03	4.081328799999999792e-03
7.413189375000000000e+09	-1.705583500000000053e-03	5.924287799999999708e-03
7.413191500000000000e+09	-1.003107800000000100e-03	9.218805099999999655e-03
7.413193625000000000e+09	-9.228558999999999677e-04	9.116408200000000392e-03
7.413195750000000000e+09	-2.977131799999999887e-03	7.160363200000000386e-03
7.413197875000000000e+09	6.091653300000000361e-03	3.034833700000000040e-03
7.413200000000000000e+09	-7.572128000000000018e-04	4.814402599999999949e-03
7.413202125000000000e+09	-5.140548299999999661e-03	3.713058500000000154e-03
7.413204250000000000e+09	-4.926778000000000147e-04	7.817276099999999339e-03
7.413206375000000000e+09	-4.070972400000000095e-03	2.564020699999999993e-03
7.413208500000000000e+09	-3.287515799999999808e-03	7.456886400000000380e-03
7.413210625000000000e+09	-1.156743499999999961e-03	5.270850300000000203e-03
7.413212750000000000e+09	-1.138850799999999901e-03	2.228789100000000151e-03
7.413214875000000000e+09	1.230257999999999970e-04	2.095025199999999994e-03
7.413217000000000000e+09	2.536494000000000248e-04	1.724297500000000023e-03
7.413219125000000000e+09	3.476958599999999816e-03	9.136050999999999851e-04
7.413221250000000000e+09	2.291520599999999786e-03	3.352606900000000036e-03
7.413223375000000000e+09	-9.792399999999999621e-06	6.133559400000000369e-03
7.413225500000000000e+09	-1.153868499999999905e-03	5.763418400000000323e-03
7.413227625000000000e+09	-6.461243299999999863e-03	2.443705300000000111e-03
7.413229750000000000e+09	-5.903788999999999999e-04	-2.779388499999999994e-03
7.413231875000000000e+09	2.516037300000000150e-03	6.637794800000000085e-03
7.413234000000000000e+09	-3.221214000000000022e-03	4.519578399999999926e-03
7.413236125000000000e+09	-2.954379000000000033e-03	7.462545400000000252e-03
7.413238250000000000e+09	-3.151201599999999946e-03	6.068070600000000266e-03
7.413240375000000000e+09	-4.732066200000000118e-03	3.355983099999999917e-03
7.413242500000000000e+09	-3.314278899999999802e-03	-8.488665999999999746e-04
7.413244625000000000e+09	-9.685706999999999997e-04	8.204564299999999796e-03
7.413246750000000000e+09	-5.249189999999999932e-03	8.545737100000000766e-03
7.413248875000000000e+09	2.215680199999999888e-03	7.878680900000000625e-03
7.413251000000000000e+09	-8.567129000000000150e-04	7.889119700000000665e-03
7.413253125000000000e+09	-2.209821800000000107e-03	5.343762499999999901e-03
7.413255250000000000e+09	-1.535921399999999907e-03	1.102932650000000049e-02
7.413257375000000000e+09	1.868734799999999989e-03	8.582050399999999191e-03
7.413259500000000000e+09	-2.953039699999999990e-03	7.915017899999999759e-03
7.413261625000000000e+09	-1.928741400000000012e-03	4.044086700000000360e-03
7.413263750000000000e+09	6.239200999999999558e-04	6.592282300000000192e-03
7.413265875000000000e+09	-7.405822000000000056e-04	7.778022100000000355e-03
7.413268000000000000e+09	3.559577600000000171e-03	7.797384600000000290e-03
7.413270125000000000e+09	-1.613497800000000034e-03	9.588721499999999440e-03
7.413272250000000000e+09	-2.213813700000000044e-03	3.813428599999999988e-03
7.413274375000000000e+09	-4.815052999999999694e-03	3.031464800000000046e-03
7.413276500000000000e+09	-3.648325200000000074e-03	9.696563599999999394e-03
7.413278625000000000e+09	-4.379572499999999716e-03	5.504760099999999635e-03
7.413280750000000000e+09	2.513635800000000014e-03	3.405639600000000006e-03
7.413282875000000000e+09	-9.059921999999999550e-04	2.329517799999999972e-03
7.413285000000000000e+09	-1.708137100000000014e-03	8.237079300000000118e-03
7.413287125000000000e+09	-5.671394100000000209e-03	8.245123499999999772e-03
7.413289250000000000e+09	1.800564799999999997e-03	3.702383499999999800e-03
7.413291375000000000e+09	-9.306450399999999235e-03	3.451924600000000082e-03
7.413293500000000000e+09	-9.912448999999999392e-04	7.027258300000000305e-03
7.413295625000000000e+09	3.856181399999999895e-03	8.766289800000000298e-03
7.413297750000000000e+09	-7.332722000000000502e-04	8.124708200000000519e-03
7.413299875000000000e+09	-1.037223199999999946e-03	4.938214300000000334e-03
7.413302000000000000e+09	-3.763927800000000084e-03	4.949765299999999736e-03
7.413304125000000000e+09	-1.144648700000000085e-03	5.089905599999999808e-03
7.413306250000000000e+09	-6.164713000000000484e-04	5.769819399999999952e-03
7.413308375000000000e+09	-1.310365599999999955e-03	5.566299200000000315e-03
7.413310500000000000e+09	-2.099548100000000160e-03	2.426619100000000119e-03
7.413312625000000000e+09	1.446908399999999924e-03	1.238047809999999992e-02
7.413314750000000000e+09	1.756993199999999948e-03	7.630036199999999831e-03
7.413316875000000000e+09	-3.777677699999999923e-03	5.716298800000000138e-03
7.413319000000000000e+09	-3.850076200000000087e-03	7.068610599999999682e-03
7.413321125000000000e+09	-3.556459999999999895e-04	5.002807800000000013e-03
7.413323250000000000e+09	-2.609593199999999964e-03	5.525576899999999798e-03
7.413325375000000000e+09	-5.070380000000000199e-04	7.159661399999999593e-03
7.413327500000000000e+09	-2.163129800000000019e-03	5.349884200000000131e-03
7.413329625000000000e+09	-4.136678999999999769e-04	7.157223699999999689e-03
7.413331750000000000e+09	1.195217200000000006e-03	6.503897100000000271e-03
7.413333875000000000e+09	-2.882466199999999829e-03	9.148301500000000780e-03
7.413336000000000000e+09	1.448660700000000074e-03	9.292547599999999297e-03
7.413338125000000000e+09	-1.006278999999999898e-03	2.474842499999999838e-03
7.413340250000000000e+09	-3.941878400000000358e-03	4.346123399999999616e-03
7.413342375000000000e+09	-5.654409000000000431e-04	8.559264599999999792e-03
7.413344500000000000e+09	-1.253781499999999990e-03	4.892871200000000094e-03
7.413346625000000000e+09	-6.017780599999999688e-03	7.600945599999999781e-03
7.413348750000000000e+09	-2.531726399999999905e-03	7.049539900000000373e-03
7.413350875000000000e+09	-7.932789799999999392e-03	4.200227699999999759e-03
7.413353000000000000e+09	-2.902901099999999866e-03	7.878023300000000159e-03
7.413355125000000000e+09	-3.608836800000000088e-03	4.721705199999999721e-03
7.413357250000000000e+09	-4.446925000000000118e-04	2.683757699999999961e-03
7.413359375000000000e+09	-5.012853999999999964e-04	7.021961499999999912e-03
7.413361500000000000e+09	-2.141829899999999915e-03	3.655552900000000154e-03
7.413363625000000000e+09	-2.047105300000000121e-03	3.455393499999999916e-03
7.413365750000000000e+09	-3.432524199999999800e-03	6.875135999999999574e-03
7.413367875000000000e+09	-5.220096000000000241e-04	6.722479800000000227e-03
7.413370000000000000e+09	-1.482100099999999901e-03	3.434805500000000147e-03
7.413372125000000000e+09	-4.943091900000000025e-03	7.466549799999999681e-03
7.413374250000000000e+09	-2.175826599999999833e-03	8.121283999999999448e-03
7.413376375000000000e+09	-1.238462399999999989e-03	8.241554599999999231e-03
7.413378500000000000e+09	-1.179797399999999927e-03	8.203621799999999756e-03
7.413380625000000000e+09	2.891598200000000066e-03	1.179291040000000033e-02
7.413382750000000000e+09	1.283613000000000072e-03	4.007211400000000243e-03
7.413384875000000000e+09	-1.459343000000000098e-04	6.663547199999999768e-03
7.413387000000000000e+09	-2.401453699999999813e-03	4.798004399999999947e-03
7.413389125000000000e+09	-5.437732999999999933e-04	7.265876200000000174e-03
7.413391250000000000e+09	-2.853606700000000090e-03	5.673998000000000409e-03
7.413393375000000000e+09	-1.924875000000000099e-04	4.206616300000000364e-03
7.413395500000000000e+09	-1.666400499999999910e-03	8.261776199999999390e-03
7.413397625000000000e+09	-8.862937999999999676e-04	5.377872799999999960e-03
7.413399750000000000e+09	-7.703118999999999592e-04	5.192229700000000267e-03
7.413401875000000000e+09	2.292044799999999865e-03	4.618241799999999765e-03
7.413404000000000000e+09	7.622977000000000182e-04	5.997877300000000085e-03
7.413406125000000000e+09	-1.650061999999999991e-04	7.939045900000000350e-03
7.413408250000000000e+09	-6.105949099999999873e-03	8.258605800000000732e-03
7.413410375000000000e+09	2.663412600000000189e-03	2.437308600000000214e-03
7.413412500000000000e+09	9.762700000000000566e-05	2.791935399999999866e-03
7.413414625000000000e+09	-3.874104900000000049e-03	7.407133899999999646e-03
7.413416750000000000e+09	1.906074800000000062e-03	7.662247700000000307e-03
7.413418875000000000e+09	3.348949999999999844e-04	5.696226999999999888e-03
7.413421000000000000e+09	-8.112039999999999670e-05	3.001451000000000032e-03
7.413423125000000000e+09	3.350204600000000060e-03	4.326629900000000112e-03
7.413425250000000000e+09	-2.846692300000000161e-03	2.749305899999999938e-03
7.413427375000000000e+09	4.002910600000000353e-03	6.621851599999999984e-03
7.413429500000000000e+09	-8.912866000000000191e-04	7.534707100000000331e-03
7.413431625000000000e+09	-2.003763699999999790e-03	3.700861399999999871e-03
7.413433750000000000e+09	1.203826500000000025e-03	5.115627600000000400e-03
7.413435875000000000e+09	-1.133828400000000056e-03	9.213218999999999922e-03
7.413438000000000000e+09	-3.859197300000000077e-03	6.774696600000000395e-03
7.413440125000000000e+09	-2.016180099999999829e-03	1.835166799999999893e-03
7.413442250000000000e+09	1.094022000000000050e-03	9.786688599999999322e-03
7.413444375000000000e+09	-1.650516799999999932e-03	6.156108999999999887e-03
7.413446500000000000e+09	6.495690000000000144e-05	5.622488000000000138e-03
7.413448625000000000e+09	-4.969824000000000073e-04	6.533893899999999692e-03
7.413450750000000000e+09	4.545635200000000195e-03	5.985505500000000076e-03
7.413452875000000000e+09	-1.310932500000000066e-03	6.632934899999999925e-03
7.413455000000000000e+09	2.739216799999999886e-03	5.088664599999999892e-03
7.413457125000000000e+09	3.184854899999999857e-03	8.320546399999999981e-03
7.413459250000000000e+09	1.555630699999999925e-03	6.619376199999999801e-03
7.413461375000000000e+09	-6.501693000000000229e-04	5.374097000000000422e-03
7.413463500000000000e+09	-3.060032700000000095e-03	5.844905099999999666e-03
7.413465625000000000e+09	-2.797129499999999932e-03	6.697144000000000361e-03
7.413467750000000000e+09	-4.009199700000000421e-03	4.892522499999999580e-03
7.413469875000000000e+09	-3.670391700000000083e-03	6.811823100000000304e-03
7.413472000000000000e+09	2.788434299999999894e-03	1.280538600000000107e-03
7.413474125000000000e+09	-6.354957999999999744e-04	5.343760399999999619e-03
7.413476250000000000e+09	-1.890586999999999997e-04	5.123590899999999788e-03
7.413478375000000000e+09	-1.052290100000000030e-03	6.520269900000000285e-03
7.413480500000000000e+09	5.023190400000000430e-03	5.902865299999999864e-03
7.413482625000000000e+09	3.105295399999999807e-03	7.198281699999999755e-03
7.413484750000000000e+09	3.254151500000000002e-03	2.877847399999999920e-03
7.413486875000000000e+09	-1.786578999999999891e-04	1.180183089999999914e-02
7.413489000000000000e+09	1.298417899999999934e-03	6.701274699999999925e-03
7.413491125000000000e+09	3.679531999999999790e-04	8.303429299999999860e-03
7.413493250000000000e+09	-3.794824599999999798e-03	6.427135900000000360e-03
7.413495375000000000e+09	-1.570138599999999990e-03	3.575048999999999848e-03
7.413497500000000000e+09	-2.818195300000000004e-03	6.756523099999999990e-03
7.413499625000000000e+09	-1.966727599999999916e-03	3.577788000000000149e-03
7.413501750000000000e+09	-2.843396599999999975e-03	3.942703399999999796e-03
7.413503875000000000e+09	-4.048734400000000150e-03	4.837493499999999738e-03
7.413506000000000000e+09	-4.029765999999999730e-04	1.119435740000000040e-02
7.413508125000000000e+09	7.903793000000000103e-04	7.484818899999999726e-03
7.413510250000000000e+09	-3.481148999999999789e-03	9.538130800000000839e-03
7.413512375000000000e+09	-1.663542700000000081e-03	8.718600599999999298e-03
7.413514500000000000e+09	-3.330637799999999846e-03	8.156231200000000833e-03
7.413516625000000000e+09	-5.120910700000000024e-03	6.368991299999999731e-03
7.413518750000000000e+09	1.138177900000000072e-03	5.491054900000000294e-03
7.413520875000000000e+09	-1.266294199999999908e-03	2.139811000000000143e-03
7.413523000000000000e+09	5.113786999999999630e-04	7.745462699999999638e-03
7.413525125000000000e+09	-8.764350999999999869e-04	8.143183099999999619e-03
7.413527250000000000e+09	-5.385243999999999968e-04	8.170198199999999245e-03
7.413529375000000000e+09	2.448108300000000157e-03	8.927714600000000861e-03
7.413531500000000000e+09	3.771878099999999810e-03	6.374377399999999784e-03
7.413533625000000000e+09	1.359803799999999979e-03	4.753353400000000228e-03
7.413535750000000000e+09	-9.802781000000000428e-04	4.476614799999999693e-03
7.413537875000000000e+09	-1.387829599999999917e-03	5.041884100000000417e-03
7.413540000000000000e+09	4.582303200000000312e-03	4.977927800000000319e-03
7.413542125000000000e+09	-1.827816899999999993e-03	7.419509999999999821e-03
7.413544250000000000e+09	-1.685686399999999962e-03	3.108287700000000181e-03
7.413546375000000000e+09	1.454605699999999896e-03	6.511339599999999873e-03
7.413548500000000000e+09	-2.097468600000000107e-03	4.605874400000000389e-03
7.413550625000000000e+09	-6.127002000000000533e-04	5.577443900000000378e-03
7.413552750000000000e+09	4.615279000000000235e-04	2.573654400000000009e-03
7.413554875000000000e+09	-2.082878600000000018e-03	4.991934899999999828e-03
7.413557000000000000e+09	5.949665000000000032e-04	6.443264199999999831e-03
7.413559125000000000e+09	-2.662433200000000142e-03	7.197860300000000038e-03
7.413561250000000000e+09	-2.475441000000000100e-03	5.872552399999999770e-03
7.413563375000000000e+09	-3.419450899999999967e-03	3.601666400000000032e-03
7.413565500000000000e+09	2.265233000000000177e-03	3.331687299999999945e-03
7.413567625000000000e+09	-1.441968500000000023e-03	3.413418100000000129e-03
7.413569750000000000e+09	-1.327777700000000059e-03	5.905048100000000015e-03
7.413571875000000000e+09	-2.038231000000000103e-04	7.432030000000000060e-03
7.413574000000000000e+09	2.512427600000000007e-03	6.166326899999999625e-03
7.413576125000000000e+09	2.311993100000000068e-03	4.973485399999999848e-03
7.413578250000000000e+09	1.637296299999999993e-03	8.752576099999999359e-03
7.413580375000000000e+09	-9.789283999999999226e-04	6.131340800000000153e-03
7.413582500000000000e+09	-4.366693700000000289e-03	6.680749399999999852e-03
7.413584625000000000e+09	4.925770000000000105e-05	8.743097499999999758e-03
7.413586750000000000e+09	-4.927622300000000094e-03	6.824173600000000423e-03
7.413588875000000000e+09	-2.494264500000000113e-03	5.236191200000000351e-03
7.413591000000000000e+09	-8.907987999999999931e-04	1.221051220000000069e-02
7.413593125000000000e+09	-2.031719799999999812e-03	6.220747900000000302e-03
7.413595250000000000e+09	2.541686500000000203e-03	6.577407999999999866e-03
7.413597375000000000e+09	-3.036579699999999993e-03	8.438161499999999315e-03
7.413599500000000000e+09	-2.809754199999999879e-03	8.022725899999999521e-03
7.413601625000000000e+09	-3.360189200000000039e-03	6.480553400000000144e-03
7.413603750000000000e+09	6.215148000000000417e-04	5.985753199999999975e-03
7.413605875000000000e+09	-1.031907500000000047e-03	5.103418900000000064e-03
7.413608000000000000e+09	-5.125994000000000037e-04	5.645637799999999630e-03
7.413610125000000000e+09	-1.532937000000000058e-03	2.748547899999999929e-03
7.413612250000000000e+09	-4.447944999999999915e-04	5.658838900000000109e-03
7.413614375000000000e+09	6.176950999999999536e-04	9.905205599999999597e-03
7.413616500000000000e+09	1.203544599999999956e-03	9.884723000000001075e-04
7.413618625000000000e+09	-5.411674899999999871e-03	6.048148500000000323e-03
7.413620750000000000e+09	-8.182932999999999873e-04	3.359719900000000033e-03
7.413622875000000000e+09	7.362520000000000110e-05	2.795957300000000059e-03
7.413625000000000000e+09	8.609279000000000280e-04	9.413302900000000001e-03
7.413627125000000000e+09	1.301896000000000086e-03	4.752676899999999822e-03
7.413629250000000000e+09	2.386583900000000154e-03	5.566803099999999976e-03
7.413631375000000000e+09	2.909405600000000095e-03	7.509302100000000285e-03
7.413633500000000000e+09	5.742305999999999973e-03	5.414774399999999939e-03
7.413635625000000000e+09	-3.979480999999999991e-03	5.655996299999999609e-03
7.413637750000000000e+09	-1.346896999999999895e-03	8.430244499999999669e-03
7.413639875000000000e+09	2.403303900000000170e-03	4.594299999999999946e-03
7.413642000000000000e+09	-2.105188000000000079e-04	4.854540099999999671e-03
7.413644125000000000e+09	2.511101899999999831e-03	6.455406799999999744e-03
7.413646250000000000e+09	7.823287000000000166e-04	8.846140000000000600e-03
7.413648375000000000e+09	4.380907999999999764e-04	6.121355999999999672e-03
7.413650500000000000e+09	1.157690299999999950e-03	3.462273100000000121e-03
7.413652625000000000e+09	1.717759999999999966e-05	4.589384400000000308e-03
7.413654750000000000e+09	-2.753414899999999908e-03	6.655518200000000092e-03
7.413656875000000000e+09	2.753305800000000001e-03	3.442442799999999824e-03
7.413659000000000000e+09	4.414994799999999615e-03	4.105659000000000218e-03
7.413661125000000000e+09	3.567786999999999998e-04	6.758238199999999814e-03
7.413663250000000000e+09	7.943851999999999511e-04	7.516812099999999920e-03
7.413665375000000000e+09	1.766202500000000090e-03	5.974925100000000322e-03
7.413667500000000000e+09	3.787981800000000000e-03	6.159802500000000416e-03
7.413669625000000000e+09	-3.357619999999999745e-04	6.465601199999999708e-03
7.413671750000000000e+09	3.152834000000000192e-03	4.640128099999999908e-03
7.413673875000000000e+09	-2.552635699999999952e-03	5.975937500000000346e-03
7.413676000000000000e+09	-3.199823999999999984e-03	5.429851999999999769e-03
7.413678125000000000e+09	1.013886899999999957e-03	6.798466799999999810e-03
7.413680250000000000e+09	-7.446052000000000313e-04	6.288710500000000043e-03
7.413682375000000000e+09	6.048928700000000096e-03	1.100874970000000064e-02
7.413684500000000000e+09	4.729010000000000315e-05	7.944391999999999773e-03
7.413686625000000000e+09	4.372310999999999819e-04	7.152568800000000046e-03
7.413688750000000000e+09	-1.124836400000000071e-03	8.399164199999999830e-03
7.413690875000000000e+09	-1.541881799999999993e-03	8.511803199999999278e-03
7.413693000000000000e+09	-1.240320399999999971e-03	4.813009000000000037e-03
7.413695125000000000e+09	-9.841163000000000428e-04	3.892362700000000144e-03
7.413697250000000000e+09	5.635053999999999801e-04	5.610678499999999756e-03
7.413699375000000000e+09	-1.421987800000000047e-03	6.754640000000000123e-03
7.413701500000000000e+09	3.720243399999999950e-03	7.501916099999999567e-03
7.413703625000000000e+09	-2.934252000000000041e-04	9.431612100000000276e-03
7.413705750000000000e+09	3.575320900000000194e-03	6.411680399999999599e-03
7.413707875000000000e+09	9.182628999999999661e-04	3.246488400000000201e-03
7.413710000000000000e+09	-7.226698999999999840e-04	2.760802799999999974e-03
7.413712125000000000e+09	3.817021500000000039e-03	8.653303600000000415e-03
7.413714250000000000e+09	-1.447185199999999989e-03	5.353455000000000019e-03
7.413716375000000000e+09	5.420580000000000201e-05	4.766214000000000388e-03
7.413718500000000000e+09	1.389749200000000087e-03	7.385577100000000408e-03
7.413720625000000000e+09	2.348534700000000017e-03	3.439970499999999830e-03
7.413722750000000000e+09	1.053526499999999895e-03	4.678442100000000138e-03
7.413724875000000000e+09	-1.527270500000000013e-03	6.707589699999999718e-03
7.413727000000000000e+09	-2.156623299999999976e-03	5.173991000000000180e-03
7.413729125000000000e+09	2.921538000000000216e-04	6.470502999999999845e-03
7.413731250000000000e+09	-5.640259600000000102e-03	6.507205700000000086e-03
7.413733375000000000e+09	-2.314805300000000177e-03	4.964312599999999576e-03
7.413735500000000000e+09	3.134390700000000158e-03	4.143955999999999855e-03
7.413737625000000000e+09	2.789508699999999810e-03	4.202434300000000220e-03
7.413739750000000000e+09	3.333818200000000179e-03	7.302024800000000114e-03
7.413741875000000000e+09	-5.773116999999999702e-04	7.227551700000000266e-03
7.413744000000000000e+09	1.861396400000000107e-03	7.544405199999999756e-03
7.413746125000000000e+09	-3.296972300000000113e-03	5.216247900000000118e-03
7.413748250000000000e+09	2.505794500000000161e-03	4.383036600000000081e-03
7.413750375000000000e+09	1.986067199999999849e-03	3.765246900000000178e-03
7.413752500000000000e+09	-1.631148299999999902e-03	2.464948099999999826e-03
7.413754625000000000e+09	-4.812975000000000044e-04	3.707257399999999963e-03
7.413756750000000000e+09	-2.281317000000000100e-04	8.024455399999999919e-03
7.413758875000000000e+09	3.097045699999999898e-03	8.734666199999999506e-03
7.413761000000000000e+09	4.072032100000000203e-03	8.950125499999999484e-03
7.413763125000000000e+09	-1.213174100000000057e-03	9.841866100000000797e-03
7.413765250000000000e+09	8.719151000000000505e-04	7.690654899999999766e-03
7.413767375000000000e+09	-3.567347199999999861e-03	9.158603600000000608e-03
7.413769500000000000e+09	1.429256999999999967e-03	1.359053800000000096e-03
7.413771625000000000e+09	2.190095700000000215e-03	5.015463900000000259e-03
7.413773750000000000e+09	6.009900000000000176e-05	7.829903100000000504e-03
7.413775875000000000e+09	-2.068658699999999934e-03	1.014779210000000056e-02
7.413778000000000000e+09	1.870281699999999919e-03	7.940321999999999658e-03
7.413780125000000000e+09	-3.921332399999999732e-03	4.509396199999999785e-03
7.413782250000000000e+09	1.041199100000000065e-03	1.010695669999999921e-02
7.413784375000000000e+09	-1.996056600000000163e-03	9.088602299999999981e-03
7.413786500000000000e+09	-5.172036000000000298e-04	9.478963700000000644e-03
7.413788625000000000e+09	2.468086200000000046e-03	4.649687999999999911e-03
7.413790750000000000e+09	2.552702799999999848e-03	4.969688800000000156e-03
7.413792875000000000e+09	-1.125736000000000011e-03	7.954490399999999961e-03
7.413795000000000000e+09	3.843819499999999792e-03	6.143462100000000176e-03
7.413797125000000000e+09	3.328208799999999874e-03	4.000304900000000406e-03
7.413799250000000000e+09	1.904181000000000016e-03	1.861867500000000076e-03
7.413801375000000000e+09	-2.611494299999999897e-03	6.469844300000000305e-03
7.413803500000000000e+09	2.019218299999999810e-03	5.780651999999999839e-03
7.413805625000000000e+09	2.477791200000000089e-03	6.249451999999999958e-03
7.413807750000000000e+09	6.116340500000000228e-03	3.871979700000000024e-03
7.413809875000000000e+09	-3.059603000000000149e-03	7.707170400000000303e-03
7.413812000000000000e+09	-1.584773999999999948e-04	5.472146100000000249e-03
7.413814125000000000e+09	-2.674948999999999925e-04	6.230938899999999975e-03
7.413816250000000000e+09	-2.027290900000000042e-03	7.273423499999999951e-03
7.413818375000000000e+09	-1.980777500000000142e-03	7.965849900000000414e-03
7.413820500000000000e+09	2.068382100000000154e-03	9.498660699999999721e-03
7.413822625000000000e+09	2.198050000000000072e-05	1.115015320000000039e-02
7.413824750000000000e+09	4.111337000000000173e-04	4.343394700000000226e-03
7.413826875000000000e+09	-2.361370599999999993e-03	1.234505879999999930e-02
7.413829000000000000e+09	1.044241599999999994e-03	6.674526099999999670e-03
7.413831125000000000e+09	1.391618700000000087e-03	7.114200299999999880e-03
7.413833250000000000e+09	2.352620299999999814e-03	6.135646199999999877e-03
7.413835375000000000e+09	1.853581300000000081e-03	3.768368199999999873e-03
7.413837500000000000e+09	-1.824922799999999928e-03	3.363363800000000129e-03
7.413839625000000000e+09	2.837243699999999948e-03	6.154493999999999937e-03
7.413841750000000000e+09	1.813356599999999897e-03	4.898100499999999587e-03
7.413843875000000000e+09	1.066326000000000036e-03	8.011504100000000489e-03
7.413846000000000000e+09	-3.687261000000000271e-04	8.007105199999999673e-03
7.413848125000000000e+09	-2.564992299999999982e-03	6.177183999999999627e-03
7.413850250000000000e+09	-2.604234999999999775e-04	7.165462099999999647e-03
7.413852375000000000e+09	3.143512700000000021e-03	5.799466700000000322e-03
7.413854500000000000e+09	-1.838209599999999925e-03	8.424031000000000227e-03
7.413856625000000000e+09	-2.375444400000000129e-03	6.784620800000000160e-03
7.413858750000000000e+09	1.191815200000000000e-03	1.891033799999999919e-03
7.413860875000000000e+09	-3.029956000000000099e-04	5.844429200000000012e-03
7.413863000000000000e+09	-8.901516999999999633e-04	8.639428399999999481e-03
7.413865125000000000e+09	5.982247000000000432e-03	7.565219800000000036e-03
7.413867250000000000e+09	-1.843315999999999954e-04	3.172630699999999873e-03
7.413869375000000000e+09	-3.598445200000000097e-03	6.471912399999999940e-03
7.413871500000000000e+09	1.212213499999999916e-03	4.195568700000000019e-03
7.413873625000000000e+09	2.372966800000000064e-03	7.678674800000000189e-03
7.413875750000000000e+09	3.467675199999999992e-03	5.245341500000000323e-03
7.413877875000000000e+09	5.292686999999999696e-04	9.851472999999999480e-03
7.413880000000000000e+09	-1.912516300000000058e-03	8.066253199999999859e-03
7.413882125000000000e+09	-3.891452599999999876e-03	6.491902600000000120e-03
7.413884250000000000e+09	-2.217763299999999868e-03	4.704595699999999589e-03
7.413886375000000000e+09	-9.941222999999999466e-04	1.009950360000000033e-02
7.413888500000000000e+09	6.110927599999999710e-03	3.940124700000000382e-03
7.413890625000000000e+09	2.459482900000000121e-03	5.621627199999999769e-03
7.413892750000000000e+09	-4.627069999999999729e-04	3.372663799999999976e-03
7.413894875000000000e+09	-2.277849299999999862e-03	8.434905600000000558e-03
7.413897000000000000e+09	9.424543000000000070e-04	5.443655099999999969e-03
7.413899125000000000e+09	-3.184133000000000232e-04	9.554227699999999143e-03
7.413901250000000000e+09	6.448409999999999472e-04	1.130795560000000081e-02
7.413903375000000000e+09	-6.410443299999999713e-03	3.585475199999999928e-03
7.413905500000000000e+09	3.980601700000000083e-03	1.144542770000000001e-02
7.413907625000000000e+09	-2.035027100000000051e-03	8.855052900000000282e-03
7.413909750000000000e+09	-2.727265200000000053e-03	7.218737299999999912e-03
7.413911875000000000e+09	2.157869800000000032e-03	8.538948700000000003e-03
7.413914000000000000e+09	3.686434599999999923e-03	6.955592499999999762e-03
7.413916125000000000e+09	1.652011400000000024e-03	4.626679399999999998e-03
7.413918250000000000e+09	2.929969499999999887e-03	1.499904800000000094e-03
7.413920375000000000e+09	1.222627700000000024e-03	9.778636999999999746e-03
7.413922500000000000e+09	-1.573427799999999911e-03	5.072619000000000433e-03
7.413924625000000000e+09	9.385536999999999786e-04	4.448917000000000149e-03
7.413926750000000000e+09	2.562068600000000015e-03	8.169442000000000717e-03
7.413928875000000000e+09	-1.303034399999999926e-03	7.219643300000000083e-03
7.413931000000000000e+09	1.390346200000000055e-03	3.769648400000000146e-03
7.413933125000000000e+09	1.401266800000000026e-03	4.295531699999999807e-03
7.413935250000000000e+09	5.475001600000000378e-03	4.612509899999999753e-03
7.413937375000000000e+09	1.158677199999999952e-03	6.172886100000000292e-03
7.413939500000000000e+09	4.071050599999999874e-03	8.386895700000000786e-03
7.413941625000000000e+09	-1.326961700000000004e-03	8.377803600000000711e-03
7.413943750000000000e+09	8.113504699999999487e-03	7.181384899999999731e-03
7.413945875000000000e+09	-1.921550099999999985e-03	6.340766400000000420e-03
7.413948000000000000e+09	-5.062502000000000408e-04	5.488070500000000011e-03
7.413950125000000000e+09	2.740550000000000044e-05	6.257476500000000268e-03
7.413952250000000000e+09	-1.331520899999999973e-03	4.171177499999999608e-03
7.413954375000000000e+09	-8.108259999999999513e-04	7.317876699999999873e-03
7.413956500000000000e+09	3.973179000000000294e-03	8.272297799999999909e-03
7.413958625000000000e+09	-8.740720999999999690e-04	1.279662049999999961e-02
7.413960750000000000e+09	2.177254899999999868e-03	1.016443109999999941e-02
7.413962875000000000e+09	1.638619299999999899e-03	6.430140600000000192e-03
7.413965000000000000e+09	-1.073533399999999915e-03	2.373427600000000207e-03
7.413967125000000000e+09	-4.696963000000000180e-04	3.885514200000000137e-03
7.413969250000000000e+09	2.733210299999999909e-03	7.213252899999999732e-03
7.413971375000000000e+09	2.125525300000000173e-03	5.979012300000000231e-03
7.413973500000000000e+09	1.316725699999999949e-03	5.861345500000000180e-03
7.413975625000000000e+09	-2.071818400000000147e-03	3.763045100000000052e-03
7.413977750000000000e+09	3.850637999999999977e-04	1.610307399999999977e-03
7.413979875000000000e+09	6.569735800000000431e-03	2.082449399999999808e-03
7.413982000000000000e+09	-7.192019999999999490e-04	8.830385200000000559e-03
7.413984125000000000e+09	3.617500799999999895e-03	1.175670059999999947e-02
7.413986250000000000e+09	3.185078300000000143e-03	1.690022900000000099e-03
7.413988375000000000e+09	-1.859535800000000107e-03	7.493769999999999641e-04
7.413990500000000000e+09	-2.566800999999999957e-04	8.685637600000000597e-03
7.413992625000000000e+09	-2.832883400000000152e-03	8.112655700000000539e-03
7.413994750000000000e+09	-4.448645999999999894e-04	4.687242700000000123e-03
7.413996875000000000e+09	-2.007820899999999877e-03	7.163074799999999583e-03
7.413999000000000000e+09	4.489572399999999970e-03	5.914140699999999827e-03
7.414001125000000000e+09	2.873805399999999812e-03	5.960698500000000122e-03
7.414003250000000000e+09	5.072976100000000342e-03	1.220215910000000022e-02
7.414005375000000000e+09	-4.649284299999999724e-03	8.142648299999999395e-03
7.414007500000000000e+09	1.649093599999999901e-03	8.821925899999999432e-03
7.414009625000000000e+09	-1.008881500000000054e-03	6.672776000000000055e-03
7.414011750000000000e+09	-1.607982700000000010e-03	1.021203329999999937e-02
7.414013875000000000e+09	-4.710146099999999725e-03	4.469157399999999780e-03
7.414016000000000000e+09	3.624192500000000209e-03	5.141299000000000216e-03
7.414018125000000000e+09	-5.813809399999999780e-03	3.921496299999999678e-03
7.414020250000000000e+09	-3.691967600000000196e-03	8.140760900000000230e-03
7.414022375000000000e+09	3.195900900000000090e-03	3.082516100000000023e-03
7.414024500000000000e+09	1.032427000000000041e-03	6.663434499999999934e-03
7.414026625000000000e+09	-1.057937099999999931e-03	2.857405800000000200e-03
7.414028750000000000e+09	4.842065599999999768e-03	8.476232300000000747e-03
7.414030875000000000e+09	-2.455734099999999816e-03	7.104100799999999750e-03
7.414033000000000000e+09	1.010961000000000026e-04	6.731018499999999807e-03
7.414035125000000000e+09	1.881173000000000090e-04	4.825156300000000252e-03
7.414037250000000000e+09	1.479748400000000050e-03	8.088769600000000198e-03
7.414039375000000000e+09	6.193139599999999620e-03	6.838979299999999907e-03
7.414041500000000000e+09	3.692878200000000201e-03	5.041740900000000157e-03
7.414043625000000000e+09	1.891829899999999910e-03	9.243619899999999667e-03
7.414045750000000000e+09	-1.201954500000000040e-03	5.173098899999999979e-03
7.414047875000000000e+09	1.885221799999999915e-03	8.100769900000000592e-03
7.414050000000000000e+09	-2.800431700000000166e-03	1.016091690000000061e-02
7.414052125000000000e+09	2.500949900000000014e-03	4.632342200000000298e-03
7.414054250000000000e+09	-2.989186000000000013e-03	5.233075999999999700e-03
7.414056375000000000e+09	1.108243899999999948e-03	-2.096720500000000004e-03
7.414058500000000000e+09	-1.591242999999999998e-03	7.696358199999999566e-03
7.414060625000000000e+09	4.889770899999999754e-03	6.648366000000000171e-03
7.414062750000000000e+09	-4.237485999999999835e-04	8.132393300000000450e-03
7.414064875000000000e+09	-1.692294800000000059e-03	6.319939299999999781e-03
7.414067000000000000e+09	1.957711000000000000e-03	3.987905000000000031e-04
7.414069125000000000e+09	5.584803200000000231e-03	8.541273599999999605e-03
7.414071250000000000e+09	-1.055561900000000089e-03	5.084710699999999903e-03
7.414073375000000000e+09	-1.517097800000000076e-03	4.207868000000000025e-03
7.414075500000000000e+09	-2.206932799999999830e-03	3.874925899999999857e-03
7.414077625000000000e+09	2.793522399999999808e-03	3.827893299999999849e-03
7.414079750000000000e+09	5.495849999999999905e-05	1.155698810000000028e-02
7.414081875000000000e+09	5.109948000000000224e-04	6.427897899999999998e-03
7.414084000000000000e+09	2.998265400000000094e-03	5.649632600000000122e-03
7.414086125000000000e+09	4.463461499999999901e-03	8.524347300000000363e-03
7.414088250000000000e+09	1.864867099999999904e-03	6.688944500000000223e-03
7.414090375000000000e+09	4.460746100000000276e-03	7.841880500000000462e-03
7.414092500000000000e+09	3.280337500000000094e-03	2.872532599999999894e-03
7.414094625000000000e+09	3.843949399999999853e-03	5.056689999999999970e-03
7.414096750000000000e+09	-1.821252200000000052e-03	9.329304800000000342e-03
7.414098875000000000e+09	1.706905199999999949e-03	4.570005499999999984e-03
7.414101000000000000e+09	3.709275000000000159e-04	1.039803599999999939e-03
7.414103125000000000e+09	-3.674260999999999955e-04	7.862198399999999199e-03
7.414105250000000000e+09	1.173122000000000048e-04	5.986665799999999794e-03
7.414107375000000000e+09	2.764977799999999899e-03	2.846812800000000053e-03
7.414109500000000000e+09	1.448775299999999905e-03	3.538284899999999920e-03
7.414111625000000000e+09	2.379999199999999898e-03	4.942519799999999658e-03
7.414113750000000000e+09	3.175799200000000051e-03	4.806979099999999887e-03
7.414115875000000000e+09	4.655037199999999958e-03	2.728555900000000003e-03
7.414118000000000000e+09	1.697356400000000045e-03	2.178852900000000092e-03
7.414120125000000000e+09	4.411077000000000119e-04	6.418028999999999575e-03
7.414122250000000000e+09	1.875726299999999971e-03	5.234088199999999656e-03
7.414124375000000000e+09	2.448414500000000056e-03	2.393001699999999874e-03
7.414126500000000000e+09	8.141030000000000488e-04	4.684525000000000147e-03
7.414128625000000000e+09	-1.388789899999999956e-03	5.443419599999999893e-03
7.414130750000000000e+09	5.101577999999999625e-04	5.289091200000000173e-03
7.414132875000000000e+09	-9.584574000000000435e-04	7.209321799999999711e-03
7.414135000000000000e+09	-3.751721300000000064e-03	1.131394770000000022e-02
7.414137125000000000e+09	4.268510799999999938e-03	6.020763800000000429e-03
7.414139250000000000e+09	3.919102399999999965e-03	4.478793299999999679e-03
7.414141375000000000e+09	2.632250999999999948e-03	8.527816500000000299e-03
7.414143500000000000e+09	2.339862199999999913e-03	8.642091200000000251e-03
7.414145625000000000e+09	-1.246250699999999984e-03	3.508261899999999805e-03
7.414147750000000000e+09	1.370247700000000023e-03	6.867154200000000382e-03
7.414149875000000000e+09	5.937698800000000207e-03	4.731529299999999612e-03
7.414152000000000000e+09	-2.611332300000000165e-03	4.320205199999999773e-03
7.414154125000000000e+09	3.258948000000000227e-04	7.674745699999999983e-03
7.414156250000000000e+09	3.669218499999999869e-03	7.235516600000000201e-03
7.414158375000000000e+09	4.289840399999999762e-03	7.426077700000000351e-03
7.414160500000000000e+09	1.076364100000000044e-03	1.005229340000000048e-02
7.414162625000000000e+09	-6.160377999999999991e-04	1.074551600000000010e-02
7.414164750000000000e+09	3.126582699999999951e-03	4.713199099999999982e-03
7.414166875000000000e+09	-7.918280000000000359e-05	7.756059600000000248e-03
7.414169000000000000e+09	3.675990499999999810e-03	3.976839900000000115e-03
7.414171125000000000e+09	-3.067828999999999999e-04	7.754300500000000165e-03
7.414173250000000000e+09	5.233834899999999582e-03	7.342790000000000081e-03
7.414175375000000000e+09	-9.077780000000000354e-05	3.264213599999999955e-03
7.414177500000000000e+09	-8.638113000000000215e-04	5.532433899999999669e-03
7.414179625000000000e+09	-9.919181999999999045e-04	5.214740699999999632e-03
7.414181750000000000e+09	5.395365200000000125e-03	3.234665900000000156e-03
7.414183875000000000e+09	3.296902400000000129e-03	8.168342900000000184e-03
7.414186000000000000e+09	8.587952999999999733e-04	7.020581199999999765e-03
7.414188125000000000e+09	2.832545399999999818e-03	7.224140399999999691e-03
7.414190250000000000e+09	6.443345999999999752e-04	1.133007720000000010e-02
7.414192375000000000e+09	2.930564399999999788e-03	2.683917100000000108e-03
7.414194500000000000e+09	-1.470211500000000084e-03	6.100510200000000029e-03
7.414196625000000000e+09	-4.634970000000000111e-05	7.138713300000000192e-03
7.414198750000000000e+09	-1.132905600000000011e-03	4.279334200000000157e-03
7.414200875000000000e+09	3.017922900000000012e-03	7.251944199999999820e-03
7.414203000000000000e+09	-2.840785299999999854e-03	2.510538000000000092e-03
7.414205125000000000e+09	4.222099499999999728e-03	6.927121300000000162e-03
7.414207250000000000e+09	1.035512200000000002e-03	5.349302400000000360e-03
7.414209375000000000e+09	8.071674500000000640e-03	7.513586499999999786e-03
7.414211500000000000e+09	6.992036200000000153e-03	9.169909900000000266e-03
7.414213625000000000e+09	7.078520000000000255e-04	7.372034599999999736e-03
7.414215750000000000e+09	2.029660700000000210e-03	4.513446200000000019e-03
7.414217875000000000e+09	-2.014964299999999833e-03	5.461391399999999605e-03
7.414220000000000000e+09	-1.788329800000000016e-03	4.826352299999999568e-03
7.414222125000000000e+09	-1.181603999999999944e-03	3.228373100000000127e-03
7.414224250000000000e+09	6.437789999999999659e-03	1.155766020000000005e-02
7.414226375000000000e+09	2.684550200000000025e-03	8.382834699999999403e-03
7.414228500000000000e+09	-7.768026999999999615e-04	3.393012800000000211e-03
7.414230625000000000e+09	4.082611800000000152e-03	3.949191200000000401e-03
7.414232750000000000e+09	-2.862348999999999926e-04	5.489241800000000011e-03
7.414234875000000000e+09	2.810688799999999828e-03	9.338644400000000248e-03
7.414237000000000000e+09	-4.230447099999999627e-03	6.226195099999999941e-03
7.414239125000000000e+09	1.117546999999999985e-03	6.582052500000000299e-03
7.414241250000000000e+09	-1.007788300000000015e-03	1.929769000000000016e-03
7.414243375000000000e+09	1.284122900000000045e-03	7.564932100000000374e-03
7.414245500000000000e+09	-4.170817999999999748e-04	6.132354799999999856e-03
7.414247625000000000e+09	4.027751999999999786e-04	4.343054199999999906e-03
7.414249750000000000e+09	4.149578200000000189e-03	2.442526400000000122e-03
7.414251875000000000e+09	5.764180399999999961e-03	4.150150200000000088e-03
7.414254000000000000e+09	-6.701071000000000067e-04	5.578384599999999804e-03
7.414256125000000000e+09	6.905109999999999352e-05	6.017233999999999777e-03
7.414258250000000000e+09	1.523343099999999953e-03	5.955962799999999814e-03
7.414260375000000000e+09	1.908860600000000058e-03	4.526173700000000327e-03
7.414262500000000000e+09	1.034344900000000065e-03	5.672095700000000067e-03
7.414264625000000000e+09	3.641815200000000138e-03	3.035269599999999932e-03
7.414266750000000000e+09	-2.377580700000000036e-03	7.976539200000000440e-03
7.414268875000000000e+09	-1.139580600000000051e-03	7.549067599999999788e-03
7.414271000000000000e+09	4.595689000000000241e-04	6.308130099999999935e-03
7.414273125000000000e+09	2.109327700000000055e-03	6.356817199999999918e-03
7.414275250000000000e+09	-9.356974000000000107e-04	1.016914529999999976e-02
7.414277375000000000e+09	7.905750000000000667e-05	7.971607900000000219e-03
7.414279500000000000e+09	1.913840000000000094e-04	8.711435899999999885e-03
7.414281625000000000e+09	4.258540400000000031e-03	7.389426400000000290e-03
7.414283750000000000e+09	5.201260099999999685e-03	7.342445000000000395e-03
7.414285875000000000e+09	-4.603238000000000056e-04	4.411996199999999695e-03
7.414288000000000000e+09	-3.017910000000000045e-05	7.884815000000000096e-04
7.414290125000000000e+09	7.566447999999999490e-04	6.213977600000000073e-03
7.414292250000000000e+09	3.960875899999999859e-03	6.123222600000000418e-03
7.414294375000000000e+09	7.979120000000000136e-04	3.453510400000000050e-03
7.414296500000000000e+09	2.694047199999999830e-03	8.838477699999999770e-03
7.414298625000000000e+09	3.655704499999999808e-03	9.079334200000000604e-03
7.414300750000000000e+09	2.561282099999999829e-03	5.721744499999999699e-03
7.414302875000000000e+09	7.489013000000000527e-04	3.346827100000000169e-03
7.414305000000000000e+09	2.488481700000000092e-03	1.987430300000000202e-03
7.414307125000000000e+09	-3.793385199999999881e-03	5.384224499999999691e-03
7.414309250000000000e+09	6.442195000000000386e-03	7.675451899999999675e-03
7.414311375000000000e+09	5.262275299999999954e-03	6.380850000000000410e-03
7.414313500000000000e+09	3.391825499999999959e-03	6.648944199999999582e-03
7.414315625000000000e+09	1.500058299999999963e-03	7.441835699999999748e-03
7.414317750000000000e+09	-3.736907000000000032e-04	8.758761500000000061e-03
7.414319875000000000e+09	-2.581426200000000015e-03	4.743204200000000065e-03
7.414322000000000000e+09	1.019017400000000019e-03	4.856601799999999726e-03
7.414324125000000000e+09	5.643516399999999600e-03	1.821906099999999907e-03
7.414326250000000000e+09	3.482048000000000174e-04	8.615223099999999579e-03
7.414328375000000000e+09	3.058370500000000096e-03	8.756837800000000227e-03
7.414330500000000000e+09	-8.563899999999999508e-04	3.545753000000000012e-03
7.414332625000000000e+09	2.164751800000000188e-03	4.316427500000000021e-03
7.414334750000000000e+09	-6.316762999999999545e-04	4.333625699999999609e-03
7.414336875000000000e+09	2.781379300000000158e-03	4.393476399999999595e-03
7.414339000000000000e+09	4.365356299999999592e-03	4.224910699999999929e-03
7.414341125000000000e+09	-2.490582800000000138e-03	8.120996599999999455e-03
7.414343250000000000e+09	2.058993399999999984e-03	6.621041099999999853e-03
7.414345375000000000e+09	4.108333599999999808e-03	4.610142000000000233e-03
7.414347500000000000e+09	-2.668769000000000198e-04	5.445377000000000377e-03
7.414349625000000000e+09	2.091849399999999928e-03	5.082409399999999675e-03
7.414351750000000000e+09	-1.262286600000000038e-03	3.833082099999999843e-03
7.414353875000000000e+09	5.175751499999999873e-03	1.083284839999999923e-02
7.414356000000000000e+09	1.884614499999999904e-03	7.161379600000000040e-03
7.414358125000000000e+09	1.685538799999999936e-03	5.313105799999999664e-03
7.414360250000000000e+09	-2.132185100000000017e-03	6.041666700000000029e-03
7.414362375000000000e+09	-2.734980699999999942e-03	5.765926200000000279e-03
7.414364500000000000e+09	1.720275899999999933e-03	3.125700199999999988e-03
7.414366625000000000e+09	1.786222000000000070e-03	4.078129699999999587e-03
7.414368750000000000e+09	2.011223700000000156e-03	4.827762099999999799e-03
7.414370875000000000e+09	-1.471713199999999996e-03	4.590963499999999725e-03
7.414373000000000000e+09	4.119665399999999922e-03	5.582635499999999591e-03
7.414375125000000000e+09	7.321222000000000493e-04	2.747250699999999931e-03
7.414377250000000000e+09	1.335790500000000065e-03	8.626209799999999539e-03
7.414379375000000000e+09	4.897849400000000263e-03	4.951816599999999714e-03
7.414381500000000000e+09	2.188125400000000102e-03	1.068613889999999941e-02
7.414383625000000000e+09	5.052588200000000286e-03	2.784009599999999821e-03
7.414385750000000000e+09	8.113836899999999144e-03	3.612254400000000209e-03
7.414387875000000000e+09	4.204897099999999575e-03	3.942250199999999642e-03
7.414390000000000000e+09	1.028704399999999996e-03	8.751234499999999833e-03
7.414392125000000000e+09	3.817469999999999891e-03	6.994044199999999677e-03
7.414394250000000000e+09	2.940240800000000054e-03	4.575912900000000429e-03
7.414396375000000000e+09	-1.468465599999999949e-03	3.666704800000000070e-03
7.414398500000000000e+09	-1.880757100000000079e-03	8.314084600000000436e-03
7.414400625000000000e+09	5.748317600000000388e-03	8.475115899999999952e-03
7.414402750000000000e+09	3.007501399999999801e-03	8.319257199999999242e-03
7.414404875000000000e+09	-1.641710700000000023e-03	2.723494199999999983e-03
7.414407000000000000e+09	-1.749170999999999994e-04	6.135230700000000002e-03
7.414409125000000000e+09	-1.813965700000000087e-03	7.289968000000000403e-04
7.414411250000000000e+09	3.571564699999999967e-03	2.833939100000000197e-03
7.414413375000000000e+09	2.307653099999999822e-03	5.374612800000000239e-03
7.414415500000000000e+09	2.983757000000000076e-03	9.339384699999999859e-03
7.414417625000000000e+09	1.255775300000000093e-03	7.537210000000000296e-05
7.414419750000000000e+09	2.566498700000000195e-03	5.054618599999999642e-03
7.414421875000000000e+09	3.920645700000000185e-03	5.786569000000000088e-03
7.414424000000000000e+09	1.811854699999999917e-03	3.000063199999999930e-03
7.414426125000000000e+09	4.410427100000000218e-03	9.895466199999999532e-03
7.414428250000000000e+09	7.753576499999999608e-03	7.814432499999999365e-03
7.414430375000000000e+09	6.124669600000000325e-03	7.099001700000000421e-03
7.414432500000000000e+09	5.318531799999999879e-03	1.649904200000000066e-03
7.414434625000000000e+09	4.668383899999999781e-03	8.609750700000000020e-03
7.414436750000000000e+09	2.776201900000000149e-03	3.459511499999999920e-03
7.414438875000000000e+09	8.427196600000000717e-03	1.168619199999999933e-03
7.414441000000000000e+09	5.237062999999999701e-04	1.998190099999999983e-03
7.414443125000000000e+09	5.625480799999999816e-03	2.963218899999999975e-03
7.414445250000000000e+09	3.481761800000000157e-03	1.163563580000000035e-02
7.414447375000000000e+09	1.842178000000000088e-03	3.449930099999999958e-03
7.414449500000000000e+09	-2.308663399999999997e-03	2.939569899999999823e-03
7.414451625000000000e+09	3.279512200000000120e-03	8.429145000000000734e-03
7.414453750000000000e+09	2.061336400000000121e-03	6.600840299999999848e-03
7.414455875000000000e+09	1.894344500000000016e-03	1.840041900000000032e-03
7.414458000000000000e+09	-3.246249999999999895e-04	4.865058400000000366e-03
7.414460125000000000e+09	5.415884299999999818e-03	5.936020000000000185e-03
7.414462250000000000e+09	-1.008562200000000025e-03	4.503902599999999937e-03
7.414464375000000000e+09	-1.136280000000000037e-04	6.683058799999999806e-03
7.414466500000000000e+09	1.112090700000000062e-03	7.638280699999999701e-03
7.414468625000000000e+09	2.425532599999999980e-03	4.063404500000000232e-03
7.414470750000000000e+09	2.087260599999999841e-03	4.426747400000000110e-03
7.414472875000000000e+09	3.158875900000000098e-03	2.094728900000000001e-03
7.414475000000000000e+09	1.195407199999999961e-03	4.996549099999999903e-03
7.414477125000000000e+09	-6.776090000000000238e-04	8.240846700000000261e-03
7.414479250000000000e+09	2.922714800000000140e-03	6.754344500000000404e-03
7.414481375000000000e+09	-1.247309199999999899e-03	9.902144999999999350e-03
7.414483500000000000e+09	1.462348899999999906e-03	5.930867799999999662e-03
7.414485625000000000e+09	2.373306999999999847e-03	4.421981999999999649e-03
7.414487750000000000e+09	5.078624399999999602e-03	5.526720300000000259e-03
7.414489875000000000e+09	7.463712100000000418e-03	8.796613000000000002e-03
7.414492000000000000e+09	2.814710000000000215e-03	6.112937700000000384e-03
7.414494125000000000e+09	1.579961300000000055e-03	2.177821700000000162e-03
7.414496250000000000e+09	4.033961699999999775e-03	5.911574600000000373e-03
7.414498375000000000e+09	3.945612000000000251e-03	8.210751100000000108e-03
7.414500500000000000e+09	1.889246600000000012e-03	3.197147400000000146e-03
7.414502625000000000e+09	3.149996500000000130e-03	7.026654499999999970e-03
7.414504750000000000e+09	2.617565599999999854e-03	7.161685699999999904e-03
7.414506875000000000e+09	1.907236899999999961e-03	5.106579400000000116e-03
7.414509000000000000e+09	4.019819499999999733e-03	8.089733499999999730e-03
7.414511125000000000e+09	1.973550499999999867e-03	2.291658399999999939e-03
7.414513250000000000e+09	1.125478600000000056e-03	4.166249200000000409e-03
7.414515375000000000e+09	5.450688100000000008e-03	-1.626069699999999974e-03
7.414517500000000000e+09	3.640868900000000102e-03	3.109653899999999856e-03
7.414519625000000000e+09	5.539832199999999811e-03	3.875006399999999986e-03
7.414521750000000000e+09	5.905601600000000111e-03	3.319468999999999805e-03
7.414523875000000000e+09	4.513798700000000094e-03	8.983473400000000636e-03
7.414526000000000000e+09	3.183751800000000128e-03	5.242081299999999666e-03
7.414528125000000000e+09	4.888558200000000381e-03	5.450007699999999573e-03
7.414530250000000000e+09	1.986382200000000146e-03	6.282157899999999892e-03
7.414532375000000000e+09	6.749469000000000345e-04	2.076788799999999824e-03
7.414534500000000000e+09	3.603035399999999795e-03	3.797388799999999905e-03
7.414536625000000000e+09	4.660725000000000002e-04	6.769190900000000323e-03
7.414538750000000000e+09	-3.153356500000000125e-03	6.722296200000000069e-03
7.414540875000000000e+09	4.542051299999999743e-03	6.414379500000000171e-03
7.414543000000000000e+09	2.779483100000000161e-03	7.046295900000000036e-03
7.414545125000000000e+09	1.955388699999999983e-03	7.576833899999999705e-03
7.414547250000000000e+09	6.521077000000000123e-03	8.955886999999999182e-03
7.414549375000000000e+09	3.081882499999999935e-03	4.982693199999999913e-03
7.414551500000000000e+09	1.083597800000000002e-03	8.720990099999999245e-03
7.414553625000000000e+09	3.364961399999999783e-03	2.527125199999999926e-03
7.414555750000000000e+09	5.638875500000000394e-03	1.221006200000000069e-02
7.414557875000000000e+09	4.045489999999999785e-05	3.477904899999999851e-03
7.414560000000000000e+09	2.662772900000000189e-03	6.986565099999999737e-03
7.414562125000000000e+09	2.614441500000000071e-03	4.277955400000000089e-03
7.414564250000000000e+09	5.204199199999999699e-03	4.213622400000000337e-03
7.414566375000000000e+09	2.215112999999999891e-03	5.241777999999999889e-03
7.414568500000000000e+09	3.894252899999999830e-03	5.342977500000000227e-03
7.414570625000000000e+09	2.976245399999999895e-03	8.733252299999999177e-03
7.414572750000000000e+09	1.417992199999999932e-03	1.028586899999999957e-02
7.414574875000000000e+09	4.660606099999999898e-03	7.755045200000000409e-03
7.414577000000000000e+09	1.908951600000000082e-03	8.409681199999999648e-03
7.414579125000000000e+09	4.968462800000000151e-03	5.432762800000000107e-03
7.414581250000000000e+09	5.212575500000000278e-03	4.238505400000000187e-03
7.414583375000000000e+09	7.286183600000000100e-03	6.658484400000000240e-03
7.414585500000000000e+09	7.490282999999999924e-04	5.675360200000000022e-03
7.414587625000000000e+09	3.873455999999999948e-03	8.635972299999999241e-03
7.414589750000000000e+09	3.622158600000000093e-03	4.251207899999999776e-03
7.414591875000000000e+09	6.261867499999999691e-03	6.562892800000000131e-03
7.414594000000000000e+09	1.214500799999999924e-03	7.516356000000000079e-03
7.414596125000000000e+09	8.495588300000000634e-03	4.249721100000000175e-03
7.414598250000000000e+09	3.516880500000000177e-03	3.162586900000000090e-03
7.414600375000000000e+09	3.531944200000000037e-03	6.644950799999999567e-03
7.414602500000000000e+09	2.643659999999999934e-03	8.856308300000000772e-03
7.414604625000000000e+09	-9.551960999999999872e-04	1.028400760000000060e-02
7.414606750000000000e+09	-1.977839600000000104e-03	2.700444199999999829e-03
7.414608875000000000e+09	3.088883199999999801e-03	2.956212599999999933e-03
7.414611000000000000e+09	2.747655199999999957e-03	8.876657200000000539e-03
7.414613125000000000e+09	1.189703700000000093e-03	3.778274400000000005e-03
7.414615250000000000e+09	1.801619999999999871e-04	2.608683200000000164e-03
7.414617375000000000e+09	1.404599099999999899e-03	1.869444700000000075e-03
7.414619500000000000e+09	3.751160400000000048e-03	6.699223600000000015e-03
7.414621625000000000e+09	1.034740099999999956e-03	3.964231099999999952e-03
7.414623750000000000e+09	2.779530000000000135e-05	4.645322900000000213e-03
7.414625875000000000e+09	3.690141100000000115e-03	9.637533199999999411e-03
7.414628000000000000e+09	8.786523999999999767e-04	1.349775600000000094e-03
7.414630125000000000e+09	1.340289599999999921e-03	4.842260499999999877e-03
7.414632250000000000e+09	6.709528400000000330e-03	6.976309099999999583e-03
7.414634375000000000e+09	1.704539799999999980e-03	2.930291099999999833e-03
7.414636500000000000e+09	-3.846704199999999903e-03	4.357434500000000044e-03
7.414638625000000000e+09	2.139127299999999884e-03	3.842107999999999895e-03
7.414640750000000000e+09	4.600909999999999831e-04	5.926399500000000334e-03
7.414642875000000000e+09	2.761666900000000167e-03	6.643316199999999873e-03
7.414645000000000000e+09	2.962418300000000185e-03	3.769514700000000090e-03
7.414647125000000000e+09	4.300541700000000411e-03	4.565761699999999583e-03
7.414649250000000000e+09	9.021714899999999995e-03	7.856636199999999376e-03
7.414651375000000000e+09	4.046080900000000383e-03	2.649891299999999807e-03
7.414653500000000000e+09	7.908264000000000352e-04	6.080242599999999796e-03
7.414655625000000000e+09	-5.535117000000000422e-04	3.302652000000000105e-03
7.414657750000000000e+09	1.367699900000000088e-03	2.014214399999999985e-03
7.414659875000000000e+09	1.155240999999999994e-03	7.141667699999999785e-03
7.414662000000000000e+09	-8.101769999999999512e-05	5.560516300000000259e-03
7.414664125000000000e+09	3.718094800000000186e-03	8.341606899999999547e-03
7.414666250000000000e+09	5.173986299999999879e-03	7.967253500000000266e-03
7.414668375000000000e+09	1.027885000000000002e-04	3.075545299999999944e-03
7.414670500000000000e+09	-4.616919999999999835e-05	5.440589600000000220e-03
7.414672625000000000e+09	4.965833799999999632e-03	3.699458399999999789e-03
7.414674750000000000e+09	-1.724183700000000031e-03	6.320269600000000092e-03
7.414676875000000000e+09	9.244990899999999678e-03	5.725311599999999626e-03
7.414679000000000000e+09	5.237214900000000325e-03	3.708938800000000004e-03
7.414681125000000000e+09	1.498883300000000002e-03	4.702537599999999894e-03
7.414683250000000000e+09	2.305624999999999949e-03	3.978804199999999916e-03
7.414685375000000000e+09	2.854794900000000215e-03	1.733763599999999915e-03
7.414687500000000000e+09	2.468253499999999850e-03	8.210970899999999600e-03
7.414689625000000000e+09	5.087836299999999763e-03	4.469553200000000309e-03
7.414691750000000000e+09	2.903369900000000135e-03	3.377207699999999931e-03
7.414693875000000000e+09	1.375187799999999993e-03	5.253691799999999842e-03
7.414696000000000000e+09	1.049374689999999985e-02	6.565342200000000121e-03
7.414698125000000000e+09	5.990708099999999571e-03	5.187917000000000223e-04
7.414700250000000000e+09	6.288198400000000188e-03	3.532770000000000181e-03
7.414702375000000000e+09	2.329066500000000033e-03	8.239989499999999384e-03
7.414704500000000000e+09	7.172063799999999628e-03	7.694171500000000254e-03
7.414706625000000000e+09	3.301149399999999887e-03	3.041784999999999975e-03
7.414708750000000000e+09	-1.555825999999999900e-04	1.022013660000000053e-02
7.414710875000000000e+09	4.955057599999999896e-03	5.993817599999999579e-03
7.414713000000000000e+09	2.577397700000000173e-03	3.591833600000000210e-03
7.414715125000000000e+09	7.500948999999999594e-04	3.884286800000000088e-03
7.414717250000000000e+09	6.832996000000000469e-04	6.295320400000000219e-03
7.414719375000000000e+09	5.559594799999999573e-03	-1.046713699999999919e-03
7.414721500000000000e+09	3.690851900000000074e-03	4.074577099999999834e-03
7.414723625000000000e+09	2.239088399999999892e-03	7.939566500000000068e-03
7.414725750000000000e+09	4.031745399999999910e-03	8.261751200000000406e-03
7.414727875000000000e+09	6.235050100000000262e-03	2.541622900000000199e-03
7.414730000000000000e+09	-2.351223000000000104e-04	3.109041800000000161e-03
7.414732125000000000e+09	-4.437683500000000163e-03	6.448923399999999771e-03
7.414734250000000000e+09	2.569455500000000173e-03	3.380199799999999803e-03
7.414736375000000000e+09	4.313901999999999667e-03	5.694855500000000140e-03
7.414738500000000000e+09	8.478615400000000246e-03	5.076882900000000316e-03
7.414740625000000000e+09	-2.239187799999999961e-03	4.042939999999999750e-04
7.414742750000000000e+09	4.679075100000000022e-03	9.001833000000000751e-03
7.414744875000000000e+09	1.223728299999999984e-03	8.536095199999999689e-03
7.414747000000000000e+09	4.088177999999999604e-03	8.146234999999999501e-04
7.414749125000000000e+09	2.508663700000000191e-03	5.140065600000000290e-03
7.414751250000000000e+09	1.756388399999999923e-03	1.516176799999999995e-03
7.414753375000000000e+09	3.471509299999999895e-03	8.532591699999999765e-03
7.414755500000000000e+09	-1.827291700000000007e-03	3.070138000000000034e-03
7.414757625000000000e+09	5.149668100000000075e-03	8.619141500000000039e-03
7.414759750000000000e+09	1.176492099999999937e-03	5.826572200000000416e-03
7.414761875000000000e+09	5.966468400000000082e-03	2.150845699999999992e-03
7.414764000000000000e+09	1.532388800000000035e-03	3.807895400000000079e-03
7.414766125000000000e+09	1.456072299999999981e-03	5.767412999999999880e-03
7.414768250000000000e+09	5.380243000000000048e-04	8.350795499999999136e-03
7.414770375000000000e+09	6.747545599999999963e-03	3.723035999999999880e-03
7.414772500000000000e+09	3.985158899999999803e-03	4.853869299999999908e-03
7.414774625000000000e+09	2.382811099999999904e-03	9.154390400000000233e-03
7.414776750000000000e+09	4.513397700000000394e-03	3.143142499999999982e-03
7.414778875000000000e+09	3.416107800000000097e-03	5.172129699999999941e-03
7.414781000000000000e+09	-1.732501999999999968e-04	5.850101600000000117e-03
7.414783125000000000e+09	6.387708000000000405e-04	6.968067300000000200e-03
7.414785250000000000e+09	-1.084476700000000038e-03	3.376511699999999814e-03
7.414787375000000000e+09	3.792090000000000131e-03	5.605722599999999819e-03
7.414789500000000000e+09	7.177891700000000284e-03	3.394593899999999876e-03
7.414791625000000000e+09	5.635667999999999928e-03	6.279584599999999718e-03
7.414793750000000000e+09	2.280508399999999804e-03	5.782729599999999678e-03
7.414795875000000000e+09	-8.629379999999999701e-05	6.725329799999999782e-03
7.414798000000000000e+09	2.938393300000000184e-03	5.744269500000000368e-03
7.414800125000000000e+09	5.677022799999999723e-03	5.667292800000000262e-03
7.414802250000000000e+09	4.412888200000000295e-03	9.217418200000000728e-03
7.414804375000000000e+09	5.251808099999999771e-03	1.814081699999999962e-03
7.414806500000000000e+09	5.247571599999999691e-03	6.129580400000000061e-03
7.414808625000000000e+09	-6.932058999999999964e-04	4.207250899999999925e-03
7.414810750000000000e+09	1.781205199999999966e-03	7.721361500000000107e-03
7.414812875000000000e+09	4.602164700000000407e-03	4.352577100000000303e-03
7.414815000000000000e+09	1.387744000000000109e-04	3.407972899999999871e-03
7.414817125000000000e+09	-1.046438499999999966e-03	5.087511000000000290e-03
7.414819250000000000e+09	3.355284000000000044e-03	2.285092600000000057e-03
7.414821375000000000e+09	7.194858000000000156e-04	4.885060499999999833e-03
7.414823500000000000e+09	5.474103999999999602e-03	8.747494499999999493e-03
7.414825625000000000e+09	3.670159699999999900e-03	6.209996500000000350e-03
7.414827750000000000e+09	3.088389500000000149e-03	3.111674100000000071e-03
7.414829875000000000e+09	3.652447699999999877e-03	3.595348799999999786e-03
7.414832000000000000e+09	1.046605400000000068e-03	6.491456999999999956e-03
7.414834125000000000e+09	4.929008200000000416e-03	5.593088199999999600e-03
7.414836250000000000e+09	5.200847800000000035e-03	4.780689700000000097e-03
7.414838375000000000e+09	1.782048500000000006e-03	3.113309400000000005e-03
7.414840500000000000e+09	2.971295799999999938e-03	8.229332000000000660e-03
7.414842625000000000e+09	1.980753200000000096e-03	5.001128999999999991e-03
7.414844750000000000e+09	2.865717800000000103e-03	4.643531400000000357e-03
7.414846875000000000e+09	6.506259599999999685e-03	4.497884599999999941e-03
7.414849000000000000e+09	4.343418299999999600e-03	7.759718599999999855e-03
7.414851125000000000e+09	6.629549200000000274e-03	3.706729299999999856e-03
7.414853250000000000e+09	5.900795599999999683e-03	5.876361800000000357e-03
7.414855375000000000e+09	2.867727400000000173e-03	1.086773399999999999e-03
7.414857500000000000e+09	3.355518699999999847e-03	2.008223700000000191e-03
7.414859625000000000e+09	2.829836300000000172e-03	3.338801100000000216e-03
7.414861750000000000e+09	3.749183699999999921e-03	6.700899399999999881e-03
7.414863875000000000e+09	3.703755899999999854e-03	3.052623899999999842e-03
7.414866000000000000e+09	2.997996699999999973e-03	3.735939900000000060e-03
7.414868125000000000e+09	5.285369300000000367e-03	4.448417500000000253e-03
7.414870250000000000e+09	6.366501400000000241e-03	6.710850400000000111e-03
7.414872375000000000e+09	2.043334600000000154e-03	7.943160600000000529e-03
7.414874500000000000e+09	1.700676099999999958e-03	6.195685900000000128e-03
7.414876625000000000e+09	6.821328899999999640e-03	7.918395300000000483e-03
7.414878750000000000e+09	9.569787399999999875e-03	3.334618200000000199e-03
7.414880875000000000e+09	2.058639399999999831e-03	8.898625800000000557e-03
7.414883000000000000e+09	-2.605404999999999765e-04	7.614894500000000260e-03
7.414885125000000000e+09	4.522182900000000332e-03	5.593283999999999583e-03
7.414887250000000000e+09	2.754961399999999918e-03	5.355911999999999999e-03
7.414889375000000000e+09	7.611928900000000317e-03	2.689209499999999867e-03
7.414891500000000000e+09	3.439555200000000024e-03	7.915659499999999973e-03
7.414893625000000000e+09	3.997725399999999853e-03	6.208777799999999798e-03
7.414895750000000000e+09	3.614180600000000028e-03	6.345539699999999672e-03
7.414897875000000000e+09	2.928324500000000115e-03	7.657890799999999935e-03
7.414900000000000000e+09	4.174826700000000210e-03	6.218257900000000345e-03
7.414902125000000000e+09	-6.671552999999999988e-04	4.574645900000000320e-03
7.414904250000000000e+09	2.076401500000000025e-03	6.892391799999999721e-03
7.414906375000000000e+09	5.268105399999999626e-03	3.977210099999999721e-03
7.414908500000000000e+09	3.795714600000000150e-03	5.098855600000000432e-03
7.414910625000000000e+09	8.309102699999999439e-03	7.459948699999999905e-03
7.414912750000000000e+09	5.731924499999999957e-03	8.541929599999999526e-03
7.414914875000000000e+09	7.239278499999999769e-03	-2.674137000000000042e-04
7.414917000000000000e+09	7.078185100000000327e-03	4.580866000000000278e-03
7.414919125000000000e+09	5.341506200000000273e-03	6.581017199999999838e-03
7.414921250000000000e+09	3.635368500000000103e-03	6.785063000000000032e-03
7.414923375000000000e+09	-2.580545899999999934e-03	6.332880100000000401e-03
7.414925500000000000e+09	4.417624200000000272e-03	8.231490000000000161e-04
7.414927625000000000e+09	4.759316900000000287e-03	2.715684600000000098e-03
7.414929750000000000e+09	4.375260300000000276e-03	3.542840099999999826e-03
7.414931875000000000e+09	2.716761900000000136e-03	6.568022800000000022e-03
7.414934000000000000e+09	3.148857200000000200e-03	4.138671400000000153e-03
7.414936125000000000e+09	6.961116300000000368e-03	6.142146799999999643e-03
7.414938250000000000e+09	8.356276500000000759e-03	4.644716000000000122e-03
7.414940375000000000e+09	1.905585300000000107e-03	4.344683099999999826e-03
7.414942500000000000e+09	3.304401499999999950e-03	5.634401500000000423e-03
7.414944625000000000e+09	1.338551600000000095e-03	4.916933299999999736e-03
7.414946750000000000e+09	4.241710999999999572e-03	5.067903000000000338e-03
7.414948875000000000e+09	5.569405300000000031e-03	5.861234000000000539e-04
7.414951000000000000e+09	2.160092399999999878e-03	3.518652000000000151e-03
7.414953125000000000e+09	-5.910075000000000094e-04	4.856459900000000343e-03
7.414955250000000000e+09	8.580050000000000632e-05	4.449444999999999789e-03
7.414957375000000000e+09	3.985279999999999899e-03	5.093002000000000336e-04
7.414959500000000000e+09	1.051134599999999997e-03	2.986250299999999858e-03
7.414961625000000000e+09	4.250770299999999738e-03	6.557697599999999689e-03
7.414963750000000000e+09	3.509283199999999828e-03	9.346654899999999253e-03
7.414965875000000000e+09	1.702474499999999998e-03	6.497818100000000291e-03
7.414968000000000000e+09	1.065406500000000032e-03	5.128717799999999924e-03
7.414970125000000000e+09	2.000431799999999836e-03	5.004314499999999895e-03
7.414972250000000000e+09	2.211229000000000102e-04	8.991246000000000481e-04
7.414974375000000000e+09	5.496818599999999874e-03	5.799358000000000117e-04
7.414976500000000000e+09	6.957300999999999937e-03	3.421766100000000164e-03
7.414978625000000000e+09	2.964868399999999980e-03	4.827108099999999694e-03
7.414980750000000000e+09	2.345309500000000019e-03	8.456580099999999600e-03
7.414982875000000000e+09	4.878735200000000431e-03	7.567918899999999741e-03
7.414985000000000000e+09	4.884881899999999645e-03	5.935062399999999766e-03
7.414987125000000000e+09	2.362310299999999946e-03	4.348536800000000341e-03
7.414989250000000000e+09	5.647552099999999728e-03	3.513561699999999920e-03
7.414991375000000000e+09	4.462716900000000125e-03	6.258526900000000240e-03
7.414993500000000000e+09	1.909039099999999996e-03	6.503828599999999897e-03
7.414995625000000000e+09	3.630985800000000041e-03	5.515272800000000156e-03
7.414997750000000000e+09	1.442605900000000106e-03	7.329647199999999967e-03
7.414999875000000000e+09	2.724593400000000117e-03	6.464116500000000390e-03
7.415002000000000000e+09	3.971502200000000087e-03	2.811272899999999950e-03
7.415004125000000000e+09	8.451814199999999402e-03	6.099284600000000160e-03
7.415006250000000000e+09	5.268967799999999674e-03	2.056944900000000093e-03
7.415008375000000000e+09	5.282388499999999577e-03	5.303161500000000417e-03
7.415010500000000000e+09	3.013058500000000053e-03	5.784004399999999844e-03
7.415012625000000000e+09	2.971333799999999886e-03	1.916060700000000051e-03
7.415014750000000000e+09	3.006019700000000204e-03	2.345827799999999821e-03
7.415016875000000000e+09	5.024047799999999640e-03	1.223146499999999996e-03
7.415019000000000000e+09	-1.194288300000000049e-03	5.893051300000000381e-03
7.415021125000000000e+09	3.150866600000000201e-03	1.514464999999999941e-04
7.415023250000000000e+09	4.308590200000000231e-03	1.051294369999999923e-02
7.415025375000000000e+09	4.807345699999999999e-03	8.067929300000000262e-03
7.415027500000000000e+09	2.415018300000000215e-03	5.602908900000000067e-03
7.415029625000000000e+09	6.460608300000000165e-03	4.794815400000000151e-03
7.415031750000000000e+09	7.304502400000000180e-03	5.663232199999999883e-03
7.415033875000000000e+09	-1.369170100000000100e-03	5.618511199999999713e-03
7.415036000000000000e+09	5.932820200000000176e-03	3.498370700000000017e-03
7.415038125000000000e+09	7.641374299999999925e-03	1.586845500000000093e-03
7.415040250000000000e+09	5.007118300000000174e-03	8.877157499999999840e-03
7.415042375000000000e+09	5.150461799999999681e-03	4.728070299999999684e-03
7.415044500000000000e+09	5.021456799999999936e-03	3.502859000000000094e-03
7.415046625000000000e+09	-1.829342999999999876e-04	2.029047000000000023e-04
7.415048750000000000e+09	4.661914500000000246e-03	4.270375300000000401e-03
7.415050875000000000e+09	2.854619799999999919e-03	6.631976000000000364e-03
7.415053000000000000e+09	6.621472300000000311e-03	3.179790400000000183e-03
7.415055125000000000e+09	4.992420499999999754e-03	6.027767899999999721e-03
7.415057250000000000e+09	6.512642800000000183e-03	2.622442000000000002e-03
7.415059375000000000e+09	3.180293999999999743e-04	3.879085799999999837e-03
7.415061500000000000e+09	6.687913900000000064e-03	7.757279199999999805e-03
7.415063625000000000e+09	4.426903299999999930e-03	2.928504900000000050e-03
7.415065750000000000e+09	2.879212199999999985e-03	6.987423399999999687e-03
7.415067875000000000e+09	1.139175899999999957e-03	3.721021900000000011e-03
7.415070000000000000e+09	1.512001999999999921e-03	7.376998899999999935e-03
7.415072125000000000e+09	5.573582900000000409e-03	7.511324800000000051e-03
7.415074250000000000e+09	5.309208000000000156e-03	6.879846900000000098e-03
7.415076375000000000e+09	1.769733699999999918e-03	8.336841899999999222e-03
7.415078500000000000e+09	7.306484200000000311e-03	6.616871199999999932e-03
7.415080625000000000e+09	5.742073900000000189e-03	1.826282000000000036e-03
7.415082750000000000e+09	4.803065999999999933e-04	2.261299500000000205e-03
7.415084875000000000e+09	3.086136399999999877e-03	5.635989000000000103e-03
7.415087000000000000e+09	3.062843699999999794e-03	5.264243899999999921e-03
7.415089125000000000e+09	3.623676000000000154e-03	1.036366329999999919e-02
7.415091250000000000e+09	1.738596800000000078e-03	8.496591799999999792e-03
7.415093375000000000e+09	7.325268599999999568e-03	3.920159500000000054e-03
7.415095500000000000e+09	3.448392299999999879e-03	5.838198999999999646e-03
7.415097625000000000e+09	5.701244500000000014e-03	-1.815895400000000015e-03
7.415099750000000000e+09	3.702722400000000007e-03	5.536894799999999943e-03
7.415101875000000000e+09	2.120489599999999912e-03	6.985509400000000126e-03
7.415104000000000000e+09	6.806795999999999940e-04	8.420811099999999869e-03
7.415106125000000000e+09	4.299429900000000318e-03	9.796276799999999868e-03
7.415108250000000000e+09	5.457043999999999654e-04	4.288961099999999589e-03
7.415110375000000000e+09	2.035753899999999828e-03	4.985250699999999903e-03
7.415112500000000000e+09	5.902527200000000362e-03	4.724710200000000089e-03
7.415114625000000000e+09	1.577360299999999976e-03	4.147646799999999898e-03
7.415116750000000000e+09	9.467942000000000025e-04	5.420707599999999640e-03
7.415118875000000000e+09	2.164144000000000061e-04	3.137509299999999800e-03
7.415121000000000000e+09	3.703413699999999822e-03	1.774343199999999909e-03
7.415123125000000000e+09	4.958760000000000208e-04	5.697112899999999709e-03
7.415125250000000000e+09	4.738949899999999986e-03	5.275078100000000353e-03
7.415127375000000000e+09	5.595670100000000105e-03	3.181200300000000016e-03
7.415129500000000000e+09	3.603685200000000203e-03	9.115026199999999232e-03
7.415131625000000000e+09	6.618189800000000289e-03	6.904399099999999900e-03
7.415133750000000000e+09	3.680670000000000252e-04	5.369299200000000188e-03
7.415135875000000000e+09	3.399955100000000112e-03	2.144356799999999879e-03
7.415138000000000000e+09	2.537025100000000078e-03	5.441951100000000027e-03
7.415140125000000000e+09	2.049321199999999850e-03	3.776366699999999989e-03
7.415142250000000000e+09	3.571025900000000114e-03	5.904547700000000246e-03
7.415144375000000000e+09	3.257359899999999909e-03	3.131436899999999902e-03
7.415146500000000000e+09	2.289928499999999839e-03	4.288711700000000411e-03
7.415148625000000000e+09	-2.907371100000000208e-03	2.418668699999999925e-03
7.415150750000000000e+09	5.801883600000000071e-03	6.382849099999999935e-03
7.415152875000000000e+09	2.901738999999999968e-03	6.859044800000000178e-03
7.415155000000000000e+09	1.573640199999999916e-03	2.580284899999999836e-03
7.415157125000000000e+09	5.755571699999999929e-03	7.428093900000000069e-03
7.415159250000000000e+09	3.504018299999999905e-03	3.857147799999999845e-03
7.415161375000000000e+09	-3.136629999999999816e-05	1.365461699999999910e-03
7.415163500000000000e+09	3.131950200000000167e-03	2.773805199999999915e-03
7.415165625000000000e+09	4.836657700000000087e-03	4.031024900000000112e-03
7.415167750000000000e+09	2.190401499999999977e-03	1.842863500000000094e-03
7.415169875000000000e+09	5.339226899999999741e-03	1.662510899999999946e-03
7.415172000000000000e+09	7.348745299999999946e-03	6.973808199999999811e-03
7.415174125000000000e+09	4.207541599999999743e-03	8.419912899999999756e-03
7.415176250000000000e+09	4.616232799999999900e-03	2.365072499999999918e-03
7.415178375000000000e+09	7.503412299999999771e-03	7.761883399999999940e-03
7.415180500000000000e+09	6.891602699999999949e-03	6.263459699999999672e-03
7.415182625000000000e+09	4.489640199999999672e-03	4.054255900000000405e-03
7.415184750000000000e+09	5.672653999999999848e-04	3.022122700000000155e-03
7.415186875000000000e+09	2.583121700000000093e-03	1.011803699999999986e-02
7.415189000000000000e+09	5.819167699999999895e-03	3.276266400000000037e-03
7.415191125000000000e+09	3.940325399999999867e-03	3.648503300000000091e-03
7.415193250000000000e+09	7.236162099999999577e-03	1.330068599999999993e-03
7.415195375000000000e+09	4.976777699999999742e-03	3.693051200000000214e-03
7.415197500000000000e+09	6.071052999999999866e-03	6.315948299999999717e-03
7.415199625000000000e+09	4.866073000000000273e-03	3.456547600000000123e-03
7.415201750000000000e+09	4.078071699999999758e-03	1.941932099999999980e-03
7.415203875000000000e+09	4.373293999999999793e-03	-2.418799699999999928e-03
7.415206000000000000e+09	6.320837900000000030e-03	1.008340679999999989e-02
7.415208125000000000e+09	9.834526999999999158e-04	-5.962199999999999531e-04
7.415210250000000000e+09	4.742272799999999906e-03	4.789092899999999875e-03
7.415212375000000000e+09	5.305761099999999585e-03	3.992886799999999584e-03
7.415214500000000000e+09	7.341488799999999586e-03	2.460732800000000036e-03
7.415216625000000000e+09	6.505007499999999887e-03	2.397203799999999933e-03
7.415218750000000000e+09	3.975885299999999851e-03	3.190283800000000194e-03
7.415220875000000000e+09	4.400462400000000086e-03	4.108994900000000235e-03
7.415223000000000000e+09	7.138864200000000042e-03	5.063381300000000147e-03
7.415225125000000000e+09	4.801621399999999977e-03	6.480992300000000192e-03
7.415227250000000000e+09	7.587305199999999986e-03	3.531310000000000178e-03
7.415229375000000000e+09	4.533879900000000081e-03	2.585155500000000175e-03
7.415231500000000000e+09	1.316948899999999950e-03	6.179695500000000410e-03
7.415233625000000000e+09	7.456071499999999616e-03	6.902022699999999650e-03
7.415235750000000000e+09	-7.394182000000000012e-04	4.090613400000000024e-03
7.415237875000000000e+09	1.291395899999999959e-03	5.527730899999999670e-03
7.415240000000000000e+09	6.987345499999999578e-03	5.073297000000000050e-03
7.415242125000000000e+09	5.118912899999999641e-03	2.805817099999999981e-03
7.415244250000000000e+09	1.792722000000000065e-03	2.801588199999999890e-03
7.415246375000000000e+09	4.418708000000000249e-04	7.434445500000000200e-03
7.415248500000000000e+09	3.653232699999999986e-03	1.110297699999999912e-03
7.415250625000000000e+09	-1.669877300000000052e-03	2.043459400000000210e-03
7.415252750000000000e+09	6.862050700000000419e-03	2.677710900000000119e-03
7.415254875000000000e+09	2.034672300000000059e-03	3.796230800000000103e-03
7.415257000000000000e+09	3.556642100000000084e-03	3.991441499999999823e-03
7.415259125000000000e+09	8.238191100000000211e-03	4.795435600000000007e-03
7.415261250000000000e+09	6.921237000000000222e-03	4.353539299999999689e-03
7.415263375000000000e+09	4.892487000000000051e-03	4.702239500000000155e-03
7.415265500000000000e+09	9.406606000000000516e-04	2.672202800000000097e-03
7.415267625000000000e+09	2.615170400000000131e-03	9.462160600000000046e-03
7.415269750000000000e+09	5.352099699999999724e-03	2.496694399999999960e-03
7.415271875000000000e+09	1.017405500000000042e-03	5.264409099999999876e-03
7.415274000000000000e+09	6.604113400000000134e-03	-1.057483099999999938e-03
7.415276125000000000e+09	6.981880499999999941e-03	5.162467399999999713e-03
7.415278250000000000e+09	5.942324700000000369e-03	2.247959400000000031e-03
7.415280375000000000e+09	7.240684399999999972e-03	-2.328592999999999896e-03
7.415282500000000000e+09	1.399580699999999900e-03	1.189581699999999907e-03
7.415284625000000000e+09	-2.181727200000000127e-03	5.621677900000000144e-03
7.415286750000000000e+09	1.960051200000000049e-03	3.891933800000000037e-03
7.415288875000000000e+09	7.880619000000000382e-04	3.894328800000000125e-03
7.415291000000000000e+09	2.198779799999999937e-03	6.997744900000000060e-03
7.415293125000000000e+09	3.688393199999999948e-03	5.533565899999999711e-03
7.415295250000000000e+09	7.569936999999999890e-04	1.122612800000000102e-03
7.415297375000000000e+09	-2.723250600000000181e-03	1.753690800000000079e-03
7.415299500000000000e+09	1.942607799999999897e-03	9.420236199999999435e-03
7.415301625000000000e+09	6.879825800000000276e-03	2.011088399999999988e-03
7.415303750000000000e+09	5.757671300000000332e-03	2.412316299999999955e-03
7.415305875000000000e+09	5.458610099999999625e-03	3.940217700000000003e-03
7.415308000000000000e+09	6.507511000000000111e-04	7.535685900000000173e-03
7.415310125000000000e+09	5.138422200000000196e-03	8.949446700000000463e-03
7.415312250000000000e+09	4.353475600000000084e-03	2.935481900000000074e-03
7.415314375000000000e+09	2.001115199999999993e-03	2.588350799999999952e-03
7.415316500000000000e+09	-2.064216099999999828e-03	2.524895599999999862e-03
7.415318625000000000e+09	4.606585199999999915e-03	8.887549700000000469e-03
7.415320750000000000e+09	3.321097299999999954e-03	5.951481800000000058e-03
7.415322875000000000e+09	3.467553700000000193e-03	2.548655600000000136e-03
7.415325000000000000e+09	4.254058899999999671e-03	6.424310499999999653e-03
7.415327125000000000e+09	5.291670600000000259e-03	2.280299099999999989e-03
7.415329250000000000e+09	4.350113999999999869e-04	2.092836399999999965e-03
7.415331375000000000e+09	6.562734199999999823e-03	7.054923500000000007e-03
7.415333500000000000e+09	-1.215004200000000065e-03	2.905963299999999791e-03
7.415335625000000000e+09	7.895455999999999915e-04	6.839215800000000324e-03
7.415337750000000000e+09	3.900110400000000171e-03	7.015933400000000375e-03
7.415339875000000000e+09	3.288552599999999913e-03	5.998474200000000235e-03
7.415342000000000000e+09	9.033866499999999508e-03	-7.065180999999999805e-04
7.415344125000000000e+09	1.777822000000000083e-03	2.054769499999999863e-03
7.415346250000000000e+09	3.828398399999999920e-03	8.324825799999999512e-03
7.415348375000000000e+09	1.982025100000000140e-03	2.603091100000000119e-03
7.415350500000000000e+09	2.283277700000000028e-03	5.111671100000000391e-03
7.415352625000000000e+09	4.978552800000000077e-03	2.192762300000000112e-03
7.415354750000000000e+09	5.487879900000000068e-03	6.164425599999999623e-03
7.415356875000000000e+09	5.290188399999999624e-03	1.023835700000000001e-02
7.415359000000000000e+09	5.454441400000000113e-03	5.056865300000000334e-03
7.415361125000000000e+09	6.674158200000000415e-03	3.354517100000000036e-03
7.415363250000000000e+09	2.632538499999999976e-03	8.009155400000000577e-03
7.415365375000000000e+09	4.217972700000000193e-03	1.966970000000000177e-03
7.415367500000000000e+09	1.076201799999999993e-03	3.222375899999999852e-03
7.415369625000000000e+09	-1.240655600000000001e-03	3.994421300000000272e-03
7.415371750000000000e+09	8.258461200000000862e-03	7.403147700000000352e-03
7.415373875000000000e+09	6.729091100000000013e-03	3.400734400000000011e-03
7.415376000000000000e+09	4.392268999999999861e-03	2.938325400000000014e-03
7.415378125000000000e+09	1.766985900000000087e-03	3.866836900000000105e-03
7.415380250000000000e+09	5.611368000000000258e-03	4.438092599999999589e-03
7.415382375000000000e+09	1.509715600000000003e-03	4.327240700000000231e-03
7.415384500000000000e+09	6.601121700000000397e-03	3.900250599999999842e-03
7.415386625000000000e+09	3.147402399999999802e-03	2.786214099999999999e-03
7.415388750000000000e+09	-1.428746299999999938e-03	6.902854000000000368e-04
7.415390875000000000e+09	3.582375999999999963e-03	2.032029999999999991e-04
7.415393000000000000e+09	7.600002899999999673e-03	1.929578900000000026e-03
7.415395125000000000e+09	7.373784999999999888e-03	5.654789799999999748e-03
7.415397250000000000e+09	6.343697399999999841e-03	4.619693999999999710e-03
7.415399375000000000e+09	7.012913699999999764e-03	4.032251799999999990e-03
7.415401500000000000e+09	3.335854100000000110e-03	4.132537900000000236e-03
7.415403625000000000e+09	3.150137099999999937e-03	1.410205999999999894e-04
7.415405750000000000e+09	5.489884100000000031e-03	3.131241099999999920e-03
7.415407875000000000e+09	6.929659300000000008e-03	4.190622899999999623e-03
7.415410000000000000e+09	6.156559300000000352e-03	5.600471499999999832e-03
7.415412125000000000e+09	7.704922000000000333e-03	7.426280900000000254e-03
7.415414250000000000e+09	5.708452000000000144e-03	4.018111999999999899e-03
7.415416375000000000e+09	4.878425500000000206e-03	6.085642399999999751e-03
7.415418500000000000e+09	1.945759600000000018e-03	3.814268500000000169e-03
7.415420625000000000e+09	4.850871300000000191e-03	4.853608000000000033e-04
7.415422750000000000e+09	4.019873099999999796e-03	8.585195699999999264e-03
7.415424875000000000e+09	3.801391999999999792e-03	4.497955199999999730e-03
7.415427000000000000e+09	5.709527800000000104e-03	3.018088899999999807e-03
7.415429125000000000e+09	5.096418699999999934e-03	1.063473250000000064e-02
7.415431250000000000e+09	1.341563600000000031e-03	5.474750700000000254e-03
7.415433375000000000e+09	6.004529699999999574e-03	3.480947500000000031e-03
7.415435500000000000e+09	4.113770600000000305e-03	2.230902800000000158e-03
7.415437625000000000e+09	5.754650899999999916e-03	3.458038899999999957e-03
7.415439750000000000e+09	3.409673999999999908e-04	4.547001900000000041e-03
7.415441875000000000e+09	3.597714499999999857e-03	4.118265599999999631e-03
7.415444000000000000e+09	7.698360300000000114e-03	4.835757999999999788e-04
7.415446125000000000e+09	5.110795999999999915e-03	1.335723000000000086e-04
7.415448250000000000e+09	4.866073000000000273e-03	1.193187700000000089e-03
7.415450375000000000e+09	3.929276399999999912e-03	5.094562599999999733e-03
7.415452500000000000e+09	3.870513800000000178e-03	1.657238699999999919e-03
7.415454625000000000e+09	7.246459400000000370e-03	4.848407400000000027e-03
7.415456750000000000e+09	2.864448700000000146e-03	6.426955399999999957e-03
7.415458875000000000e+09	7.379886500000000168e-03	5.241321400000000311e-03
7.415461000000000000e+09	7.649261099999999682e-03	5.645997500000000426e-03
7.415463125000000000e+09	7.235824499999999812e-03	5.418635000000000205e-04
7.415465250000000000e+09	1.783181599999999990e-03	3.106937100000000188e-03
7.415467375000000000e+09	4.688898599999999708e-03	6.822290600000000156e-03
7.415469500000000000e+09	4.122192099999999818e-03	1.189446600000000024e-03
7.415471625000000000e+09	2.727690000000000062e-03	4.140679000000000408e-03
7.415473750000000000e+09	4.266800900000000153e-03	4.345553700000000068e-03
7.415475875000000000e+09	2.474914999999999841e-03	-8.080766000000000077e-04
7.415478000000000000e+09	3.055652099999999882e-03	3.248528799999999932e-03
7.415480125000000000e+09	1.393089300000000018e-03	4.420160200000000303e-03
7.415482250000000000e+09	6.234414899999999628e-03	1.187118600000000015e-03
7.415484375000000000e+09	7.243070100000000358e-03	3.709370100000000062e-03
7.415486500000000000e+09	6.624327299999999835e-03	4.556404699999999815e-03
7.415488625000000000e+09	2.717463499999999994e-03	4.399572699999999836e-03
7.415490750000000000e+09	4.824682000000000276e-03	2.114161700000000057e-03
7.415492875000000000e+09	2.329161000000000165e-03	5.544804000000000399e-03
7.415495000000000000e+09	9.121869600000000536e-03	3.920943500000000255e-03
7.415497125000000000e+09	3.498582999999999988e-03	5.522517799999999630e-03
7.415499250000000000e+09	1.594965700000000076e-03	4.272557100000000212e-03
7.415501375000000000e+09	5.784367399999999597e-03	6.917938799999999618e-03
7.415503500000000000e+09	3.516076999999999831e-03	9.157011999999999530e-04
7.415505625000000000e+09	5.677780700000000132e-03	1.043492999999999938e-04
7.415507750000000000e+09	6.297751600000000075e-03	1.765748900000000017e-03
7.415509875000000000e+09	8.449999700000000377e-03	9.945406999999999425e-04
7.415512000000000000e+09	2.056889599999999884e-03	8.026036999999999538e-04
7.415514125000000000e+09	5.234252499999999739e-03	5.889827999999999947e-04
7.415516250000000000e+09	3.710292500000000188e-03	8.943834999999999589e-04
7.415518375000000000e+09	3.162640100000000017e-03	6.996991600000000353e-03
7.415520500000000000e+09	1.124504699999999933e-03	1.953465399999999852e-03
7.415522625000000000e+09	2.790086499999999952e-03	-3.989676000000000051e-04
7.415524750000000000e+09	3.372511400000000048e-03	3.350568500000000120e-03
7.415526875000000000e+09	9.887446700000000060e-03	1.695158700000000017e-03
7.415529000000000000e+09	5.029422000000000406e-03	2.179797900000000118e-03
7.415531125000000000e+09	5.811157100000000422e-03	3.229716599999999868e-03
7.415533250000000000e+09	9.507030000000000081e-04	3.478308900000000141e-03
7.415535375000000000e+09	5.959696300000000106e-03	2.149362000000000147e-03
7.415537500000000000e+09	4.151311599999999748e-03	9.590412700000000221e-03
7.415539625000000000e+09	6.962762400000000081e-03	4.039773800000000248e-03
7.415541750000000000e+09	4.983739800000000324e-03	9.472134700000000782e-03
7.415543875000000000e+09	3.152822699999999808e-03	8.665274500000000324e-03
7.415546000000000000e+09	7.153782200000000091e-03	3.926438499999999714e-03
7.415548125000000000e+09	3.661539799999999952e-03	5.556858599999999794e-03
7.415550250000000000e+09	5.942870200000000339e-03	5.869673199999999799e-03
7.415552375000000000e+09	7.328570700000000201e-03	1.655780699999999947e-03
7.415554500000000000e+09	5.484972999999999758e-03	1.890641499999999933e-03
7.415556625000000000e+09	8.158622299999999591e-03	6.018756499999999843e-03
7.415558750000000000e+09	5.719226800000000270e-03	6.180044899999999862e-03
7.415560875000000000e+09	4.731368300000000221e-03	3.499273700000000032e-03
7.415563000000000000e+09	2.572209299999999883e-03	3.069707000000000078e-03
7.415565125000000000e+09	6.349389599999999759e-03	6.681675100000000235e-03
7.415567250000000000e+09	4.584723300000000286e-03	1.631979800000000038e-03
7.415569375000000000e+09	8.592937999999999618e-04	3.535731399999999993e-03
7.415571500000000000e+09	4.712924700000000085e-03	5.658903800000000123e-03
7.415573625000000000e+09	4.336493700000000097e-03	7.351776999999999661e-04
7.415575750000000000e+09	1.776199100000000041e-03	3.420944699999999786e-03
7.415577875000000000e+09	3.729077800000000185e-03	3.038162999999999975e-03
7.415580000000000000e+09	6.688511999999999756e-03	6.361818600000000191e-03
7.415582125000000000e+09	4.856875099999999681e-03	1.443623599999999986e-03
7.415584250000000000e+09	5.202720600000000292e-03	3.795146499999999846e-03
7.415586375000000000e+09	5.594576999999999883e-03	-4.043761999999999791e-04
7.415588500000000000e+09	7.483020299999999618e-03	4.735013199999999790e-03
7.415590625000000000e+09	5.512756800000000006e-03	9.512646000000000469e-04
7.415592750000000000e+09	9.585916999999999789e-04	2.520149900000000047e-03
7.415594875000000000e+09	5.690803000000000354e-03	1.743358599999999961e-03
7.415597000000000000e+09	6.927491000000000031e-03	7.050181800000000255e-03
7.415599125000000000e+09	1.184514800000000066e-03	3.342348900000000067e-03
7.415601250000000000e+09	5.249616000000000351e-03	9.424750000000000185e-05
7.415603375000000000e+09	2.803624099999999821e-03	5.955878199999999588e-03
7.415605500000000000e+09	6.170385199999999654e-03	3.221153300000000139e-03
7.415607625000000000e+09	4.957018799999999940e-03	7.270366299999999997e-03
7.415609750000000000e+09	2.563330000000000071e-05	5.495741099999999768e-03
7.415611875000000000e+09	3.779134500000000136e-03	3.491721200000000216e-03
7.415614000000000000e+09	8.082527699999999746e-03	3.468178799999999985e-03
7.415616125000000000e+09	6.129827800000000292e-03	5.692705000000000161e-03
7.415618250000000000e+09	3.311931299999999832e-03	1.119751700000000015e-03
7.415620375000000000e+09	4.004150899999999597e-03	3.148280399999999965e-03
7.415622500000000000e+09	7.602802399999999787e-03	6.209324599999999778e-03
7.415624625000000000e+09	1.545018599999999987e-03	5.802728000000000053e-03
7.415626750000000000e+09	5.542114199999999963e-03	6.379105900000000239e-03
7.415628875000000000e+09	6.300459199999999642e-03	1.706320299999999988e-03
7.415631000000000000e+09	6.420773700000000084e-03	5.871774399999999880e-03
7.415633125000000000e+09	7.888624500000000067e-03	6.049819599999999888e-03
7.415635250000000000e+09	8.346971599999999242e-03	8.304462999999999775e-03
7.415637375000000000e+09	2.280705400000000195e-03	6.733827099999999989e-03
7.415639500000000000e+09	5.275844600000000224e-03	4.158932800000000006e-03
7.415641625000000000e+09	4.901978300000000080e-03	5.372271300000000180e-03
7.415643750000000000e+09	4.513494199999999908e-03	5.434169400000000115e-03
7.415645875000000000e+09	6.351247200000000037e-03	3.019735799999999793e-03
7.415648000000000000e+09	8.726007600000000239e-03	2.032171599999999922e-03
7.415650125000000000e+09	6.624616300000000374e-03	5.382354500000000389e-03
7.415652250000000000e+09	1.436858600000000047e-03	4.474876600000000232e-03
7.415654375000000000e+09	5.783544600000000042e-03	2.665009400000000004e-03
7.415656500000000000e+09	1.138337099999999977e-02	6.396509499999999612e-03
7.415658625000000000e+09	1.529619299999999960e-03	1.185435799999999930e-03
7.415660750000000000e+09	9.040282199999999380e-03	2.443919499999999863e-03
7.415662875000000000e+09	8.271597900000000197e-03	2.776557399999999946e-03
7.415665000000000000e+09	5.132699800000000388e-03	4.238939199999999796e-03
7.415667125000000000e+09	3.890466799999999815e-03	6.635196900000000196e-03
7.415669250000000000e+09	4.439287000000000094e-03	7.552278600000000147e-03
7.415671375000000000e+09	6.608888499999999999e-03	6.291038700000000337e-03
7.415673500000000000e+09	2.295858400000000150e-03	4.689313700000000314e-03
7.415675625000000000e+09	4.906273000000000058e-03	6.044221399999999932e-03
7.415677750000000000e+09	5.949460999999999639e-03	4.984456600000000161e-03
7.415679875000000000e+09	3.576878600000000120e-03	1.257200700000000006e-03
7.415682000000000000e+09	2.032818899999999911e-03	5.497141399999999796e-03
7.415684125000000000e+09	5.427910299999999869e-03	5.969213000000000123e-03
7.415686250000000000e+09	3.783148699999999871e-03	1.001746100000000007e-03
7.415688375000000000e+09	3.392614600000000164e-03	4.319516199999999875e-03
7.415690500000000000e+09	5.574681800000000007e-03	3.651726200000000172e-03
7.415692625000000000e+09	3.889471800000000087e-03	3.740058000000000098e-04
7.415694750000000000e+09	5.600530000000000265e-04	3.018802599999999888e-03
7.415696875000000000e+09	5.611848499999999747e-03	5.971357400000000190e-03
7.415699000000000000e+09	4.419675399999999782e-03	1.258736600000000087e-03
7.415701125000000000e+09	1.068628199999999921e-03	3.846056500000000211e-03
7.415703250000000000e+09	5.300515500000000171e-03	1.369895000000000097e-03
7.415705375000000000e+09	3.534638200000000171e-03	9.932885999999999278e-04
7.415707500000000000e+09	5.724922000000000344e-03	6.077661199999999896e-03
7.415709625000000000e+09	2.531963099999999956e-03	3.922859899999999768e-03
7.415711750000000000e+09	6.361220699999999700e-03	8.042547299999999386e-03
7.415713875000000000e+09	8.000982099999999833e-03	6.948142000000000033e-03
7.415716000000000000e+09	7.899767199999999448e-03	3.082710800000000063e-03
7.415718125000000000e+09	6.181577500000000336e-03	4.020586199999999673e-03
7.415720250000000000e+09	5.233777200000000289e-03	9.959139299999999334e-03
7.415722375000000000e+09	3.669218599999999903e-03	2.342413299999999889e-03
7.415724500000000000e+09	4.545859799999999590e-03	5.861622300000000028e-03
7.415726625000000000e+09	3.523439900000000045e-03	4.680677799999999680e-03
7.415728750000000000e+09	6.420137400000000376e-03	1.890687899999999927e-03
7.415730875000000000e+09	4.147145799999999924e-03	-2.400988000000000059e-04
7.415733000000000000e+09	1.028097390000000041e-02	1.662302899999999924e-03
7.415735125000000000e+09	6.328871600000000007e-03	1.995682300000000027e-03
7.415737250000000000e+09	7.614436599999999805e-03	5.673368500000000418e-03
7.415739375000000000e+09	4.648448599999999674e-03	2.939289299999999980e-03
7.415741500000000000e+09	5.101254399999999647e-03	4.607924700000000026e-03
7.415743625000000000e+09	6.544900099999999797e-03	2.579637899999999949e-03
7.415745750000000000e+09	6.089371900000000414e-03	9.962948200000000185e-03
7.415747875000000000e+09	1.167971799999999909e-03	1.854952800000000046e-03
7.415750000000000000e+09	8.888047499999999351e-03	7.445759399999999847e-03
7.415752125000000000e+09	3.786662000000000101e-03	2.823698700000000159e-03
7.415754250000000000e+09	5.645376599999999898e-03	7.028106699999999915e-03
7.415756375000000000e+09	4.320408700000000213e-03	2.989290800000000189e-03
7.415758500000000000e+09	4.414666999999999723e-03	2.789438200000000055e-03
7.415760625000000000e+09	2.669703900000000140e-03	4.281008299999999878e-03
7.415762750000000000e+09	3.820126100000000111e-03	1.414296399999999919e-03
7.415764875000000000e+09	5.006309999999999927e-03	7.278845499999999670e-03
7.415767000000000000e+09	5.062678699999999948e-03	5.030843200000000189e-03
7.415769125000000000e+09	5.904781799999999845e-03	5.762055099999999902e-03
7.415771250000000000e+09	4.725618899999999879e-03	2.589050900000000165e-03
7.415773375000000000e+09	5.672542400000000172e-03	5.324255699999999765e-03
7.415775500000000000e+09	2.296674600000000056e-03	7.465271499999999623e-03
7.415777625000000000e+09	-6.863999999999999334e-05	2.119622099999999860e-03
7.415779750000000000e+09	8.919041900000000689e-03	7.098245000000000422e-03
7.415781875000000000e+09	2.422606800000000164e-03	7.264590999999999714e-04
7.415784000000000000e+09	4.272203399999999728e-03	2.251942500000000003e-03
7.415786125000000000e+09	3.949588700000000209e-03	4.379645899999999592e-03
7.415788250000000000e+09	6.229812900000000243e-03	2.161516200000000113e-03
7.415790375000000000e+09	3.888593399999999787e-03	2.421824899999999812e-03
7.415792500000000000e+09	5.879513599999999611e-03	6.415732999999999853e-03
7.415794625000000000e+09	7.716426000000000188e-03	6.210608799999999680e-03
7.415796750000000000e+09	3.347886699999999809e-03	4.875800999999999920e-03
7.415798875000000000e+09	3.622497399999999833e-03	7.265112999999999909e-04
7.415801000000000000e+09	3.035942299999999910e-03	-6.501281999999999938e-04
7.415803125000000000e+09	6.188472799999999822e-03	5.059489200000000415e-03
7.415805250000000000e+09	8.874396799999999946e-03	5.999601599999999577e-03
7.415807375000000000e+09	5.627675000000000385e-03	3.347608199999999815e-03
7.415809500000000000e+09	3.755032699999999966e-03	4.339767399999999720e-03
7.415811625000000000e+09	3.001616999999999827e-03	3.111331900000000039e-03
7.415813750000000000e+09	2.256058200000000090e-03	4.487941900000000373e-03
7.415815875000000000e+09	3.773120500000000203e-03	1.287746700000000008e-03
7.415818000000000000e+09	5.332524899999999818e-03	1.512196300000000042e-03
7.415820125000000000e+09	7.327309100000000200e-03	2.992762200000000008e-03
7.415822250000000000e+09	4.585894000000000081e-03	6.357463500000000434e-03
7.415824375000000000e+09	1.004608750000000016e-02	4.008061599999999600e-03
7.415826500000000000e+09	7.344049899999999936e-03	5.420156500000000363e-03
7.415828625000000000e+09	5.090507400000000328e-03	1.286734699999999903e-03
7.415830750000000000e+09	6.363035799999999798e-03	4.777783699999999661e-03
7.415832875000000000e+09	6.398003499999999934e-03	3.605234499999999866e-03
7.415835000000000000e+09	4.581033800000000253e-03	3.184779100000000029e-03
7.415837125000000000e+09	5.303046300000000164e-03	2.758680199999999968e-03
7.415839250000000000e+09	4.284275199999999784e-03	1.936194100000000057e-03
7.415841375000000000e+09	5.482542600000000176e-03	2.076799199999999901e-03
7.415843500000000000e+09	2.047019100000000216e-03	5.472385800000000022e-03
7.415845625000000000e+09	2.487616700000000024e-03	3.754766300000000195e-03
7.415847750000000000e+09	6.011152599999999846e-03	5.390691000000000406e-03
7.415849875000000000e+09	6.074192499999999696e-03	4.869585000000000168e-04
7.415852000000000000e+09	8.305490999999999915e-03	2.960620900000000052e-03
7.415854125000000000e+09	5.546869400000000415e-03	1.701752800000000008e-03
7.415856250000000000e+09	4.634191900000000051e-03	2.717446000000000098e-03
7.415858375000000000e+09	4.379987400000000253e-03	3.873275700000000047e-03
7.415860500000000000e+09	4.801395200000000037e-03	3.483718800000000070e-03
7.415862625000000000e+09	7.735559700000000163e-03	1.319652699999999956e-03
7.415864750000000000e+09	7.257900299999999957e-03	1.299591199999999966e-03
7.415866875000000000e+09	3.978920099999999974e-03	1.182415299999999914e-03
7.415869000000000000e+09	6.417065399999999711e-03	2.936429300000000051e-03
7.415871125000000000e+09	4.228009799999999860e-03	6.612681000000000461e-04
7.415873250000000000e+09	6.355940200000000095e-03	2.661059800000000180e-03
7.415875375000000000e+09	8.147525799999999485e-03	2.938875300000000183e-03
7.415877500000000000e+09	3.673925099999999794e-03	5.316770200000000245e-03
7.415879625000000000e+09	5.642268100000000230e-03	3.903116600000000082e-03
7.415881750000000000e+09	9.894838899999999424e-03	5.703051500000000384e-03
7.415883875000000000e+09	3.742047999999999989e-03	4.855691500000000257e-03
7.415886000000000000e+09	5.122650900000000167e-03	2.021551700000000142e-03
7.415888125000000000e+09	5.808731299999999806e-03	2.910183900000000087e-03
7.415890250000000000e+09	7.040928499999999854e-03	5.208029900000000177e-03
7.415892375000000000e+09	5.630562500000000151e-03	1.130734599999999980e-03
7.415894500000000000e+09	5.065933100000000362e-03	4.475431999999999674e-03
7.415896625000000000e+09	9.180969199999999830e-03	5.667884100000000237e-03
7.415898750000000000e+09	2.184233099999999868e-03	4.037700699999999775e-03
7.415900875000000000e+09	7.407380800000000140e-03	4.221243300000000059e-03
7.415903000000000000e+09	3.916184900000000378e-03	5.465235799999999984e-03
7.415905125000000000e+09	5.121213999999999801e-03	3.573785999999999803e-03
7.415907250000000000e+09	3.535129000000000136e-03	4.477010400000000154e-03
7.415909375000000000e+09	4.145850199999999604e-03	4.245174800000000269e-03
7.415911500000000000e+09	3.948390199999999607e-03	6.397659800000000258e-03
7.415913625000000000e+09	5.231957800000000026e-03	2.955202499999999826e-03
7.415915750000000000e+09	7.744525900000000240e-03	5.352158400000000225e-03
7.415917875000000000e+09	6.452813899999999825e-03	-1.590082000000000041e-03
7.415920000000000000e+09	6.516160099999999608e-03	3.892583000000000132e-04
7.415922125000000000e+09	8.335934799999999978e-03	1.942178799999999973e-03
7.415924250000000000e+09	6.481922600000000409e-03	8.836424999999999749e-04
7.415926375000000000e+09	4.315010400000000336e-03	-2.284698300000000040e-03
7.415928500000000000e+09	2.979354799999999869e-03	3.046682199999999844e-03
7.415930625000000000e+09	6.004805200000000280e-03	-1.300010000000000098e-03
7.415932750000000000e+09	5.877287400000000273e-03	3.486043900000000174e-03
7.415934875000000000e+09	3.408026099999999798e-03	-8.793565000000000366e-04
7.415937000000000000e+09	9.620965299999999221e-03	1.677160000000000022e-03
7.415939125000000000e+09	2.024544399999999786e-03	3.503590899999999876e-03
7.415941250000000000e+09	-8.210899999999999601e-06	4.822491600000000135e-03
7.415943375000000000e+09	7.848824299999999574e-03	7.026137600000000212e-03
7.415945500000000000e+09	4.952403499999999924e-03	1.881052399999999947e-03
7.415947625000000000e+09	4.083792900000000024e-03	3.252562400000000211e-03
7.415949750000000000e+09	8.961616099999999974e-03	1.539972199999999980e-03
7.415951875000000000e+09	5.672909500000000022e-03	2.451974200000000062e-03
7.415954000000000000e+09	6.443069099999999653e-03	2.535015299999999940e-03
7.415956125000000000e+09	5.209531600000000089e-03	3.101476599999999917e-03
7.415958250000000000e+09	5.124842400000000249e-03	-2.786867999999999962e-04
7.415960375000000000e+09	3.744173500000000116e-03	6.744790100000000108e-03
7.415962500000000000e+09	7.416697300000000409e-03	5.229114999999999892e-04
7.415964625000000000e+09	8.469357599999999611e-03	3.910690999999999994e-04
7.415966750000000000e+09	9.573283000000000140e-03	1.526130600000000096e-03
7.415968875000000000e+09	6.995036999999999956e-03	3.236769599999999789e-03
7.415971000000000000e+09	5.852459800000000233e-03	6.508923899999999665e-03
7.415973125000000000e+09	6.797443700000000040e-03	7.722860199999999863e-03
7.415975250000000000e+09	5.657544700000000266e-03	5.323225699999999810e-03
7.415977375000000000e+09	5.897480800000000356e-03	5.003755200000000423e-03
7.415979500000000000e+09	7.776137000000000457e-04	-1.054487000000000057e-04
7.415981625000000000e+09	4.311416799999999612e-03	4.251968699999999872e-03
7.415983750000000000e+09	7.638697199999999916e-03	2.912677499999999971e-03
7.415985875000000000e+09	3.538761100000000111e-03	3.252564400000000026e-03
7.415988000000000000e+09	1.630124200000000008e-03	7.850975200000000556e-03
7.415990125000000000e+09	1.954385900000000197e-03	2.575594999999999968e-03
7.415992250000000000e+09	9.361018299999999265e-03	2.339352600000000042e-03
7.415994375000000000e+09	-2.164359999999999993e-04	-3.370824000000000129e-03
7.415996500000000000e+09	5.061059300000000233e-03	2.607791500000000099e-03
7.415998625000000000e+09	5.253338500000000362e-03	4.086024599999999937e-03
7.416000750000000000e+09	4.025469299999999938e-03	-1.198424800000000073e-03
7.416002875000000000e+09	6.877864499999999763e-03	2.780084200000000009e-03
7.416005000000000000e+09	6.931954300000000256e-03	7.094448199999999795e-03
7.416007125000000000e+09	5.035811900000000153e-03	3.395377599999999975e-03
7.416009250000000000e+09	7.874183800000000150e-03	-1.141514200000000008e-03
7.416011375000000000e+09	5.558909699999999704e-03	4.706847200000000182e-03
7.416013500000000000e+09	9.852303700000000428e-03	4.442608600000000005e-03
7.416015625000000000e+09	1.173911579999999989e-02	1.931192900000000068e-03
7.416017750000000000e+09	3.090746100000000152e-03	3.190847299999999796e-03
7.416019875000000000e+09	8.818694199999999386e-03	2.103615000000000086e-04
7.416022000000000000e+09	5.894348899999999648e-03	9.511113000000000293e-04
7.416024125000000000e+09	5.634710900000000112e-03	-9.340190000000000439e-05
7.416026250000000000e+09	4.724233999999999899e-03	7.489235000000000336e-03
7.416028375000000000e+09	3.272787000000000092e-03	3.107698099999999918e-03
7.416030500000000000e+09	2.214669000000000056e-04	1.989499000000000042e-03
7.416032625000000000e+09	5.838977900000000276e-03	2.335185200000000107e-03
7.416034750000000000e+09	3.377159299999999906e-03	2.916642200000000174e-03
7.416036875000000000e+09	2.466567000000000130e-04	1.993734300000000147e-03
7.416039000000000000e+09	5.055578600000000013e-03	3.369076600000000133e-03
7.416041125000000000e+09	7.771054500000000066e-03	6.001051999999999775e-03
7.416043250000000000e+09	1.787730300000000064e-03	1.131613199999999915e-03
7.416045375000000000e+09	8.330919200000000066e-03	4.339870299999999681e-03
7.416047500000000000e+09	6.451335800000000155e-03	2.461101700000000066e-03
7.416049625000000000e+09	5.324366799999999920e-03	3.027374199999999845e-03
7.416051750000000000e+09	4.330784999999999973e-04	5.280613000000000190e-04
7.416053875000000000e+09	6.996568300000000420e-03	3.621696199999999838e-03
7.416056000000000000e+09	8.405734899999999649e-03	-4.200200000000000037e-06
7.416058125000000000e+09	5.529351699999999863e-03	-1.951012000000000015e-04
7.416060250000000000e+09	5.388398400000000109e-03	3.776923800000000012e-03
7.416062375000000000e+09	7.495254699999999611e-03	1.838209599999999925e-03
7.416064500000000000e+09	6.477648299999999582e-03	4.788643100000000014e-03
7.416066625000000000e+09	8.213517599999999377e-03	4.541507900000000056e-03
7.416068750000000000e+09	6.261018800000000412e-03	3.571971900000000047e-03
7.416070875000000000e+09	8.333648000000000791e-03	5.687134200000000007e-03
7.416073000000000000e+09	6.679733200000000266e-03	2.842209499999999792e-03
7.416075125000000000e+09	6.866621800000000109e-03	2.884948699999999831e-03
7.416077250000000000e+09	2.976304800000000202e-03	6.756975699999999939e-03
7.416079375000000000e+09	5.718301500000000023e-03	-2.924617999999999923e-04
7.416081500000000000e+09	4.045078199999999763e-03	5.187502499999999822e-03
7.416083625000000000e+09	6.061415799999999958e-03	4.336678999999999751e-04
7.416085750000000000e+09	5.522753499999999774e-03	2.901162599999999869e-03
7.416087875000000000e+09	4.996198099999999906e-03	4.433473000000000166e-04
7.416090000000000000e+09	5.234296700000000066e-03	-1.451971999999999942e-03
7.416092125000000000e+09	6.026561700000000396e-03	-3.636545200000000210e-03
7.416094250000000000e+09	5.540172900000000199e-03	-9.245549999999999732e-04
7.416096375000000000e+09	3.345283300000000213e-03	5.127221099999999983e-03
7.416098500000000000e+09	2.386097800000000057e-03	2.431670700000000164e-03
7.416100625000000000e+09	8.449340300000000165e-03	3.877811999999999796e-04
7.416102750000000000e+09	6.137463400000000256e-03	4.306098099999999991e-03
7.416104875000000000e+09	3.394408900000000107e-03	3.641458599999999966e-03
7.416107000000000000e+09	3.325913700000000025e-03	6.709044200000000013e-03
7.416109125000000000e+09	4.642936400000000421e-03	-6.071031000000000387e-04
7.416111250000000000e+09	5.307952200000000398e-03	1.669707699999999897e-03
7.416113375000000000e+09	2.576094499999999864e-03	7.934375800000000728e-03
7.416115500000000000e+09	2.686246700000000012e-03	5.486171800000000029e-03
7.416117625000000000e+09	7.355808000000000138e-03	-7.108384000000000143e-04
7.416119750000000000e+09	6.304429500000000020e-03	1.687162500000000034e-03
7.416121875000000000e+09	6.636782199999999993e-03	9.353756200000000465e-03
7.416124000000000000e+09	3.437710200000000139e-03	4.383466899999999798e-03
7.416126125000000000e+09	6.193426699999999945e-03	6.265581099999999702e-03
7.416128250000000000e+09	8.175786500000000595e-03	6.599812899999999913e-03
7.416130375000000000e+09	4.131794700000000070e-03	-1.352112699999999954e-03
7.416132500000000000e+09	7.646730899999999893e-03	-1.202265299999999990e-03
7.416134625000000000e+09	6.595917599999999957e-03	1.288629600000000108e-03
7.416136750000000000e+09	6.999867899999999768e-03	-2.361333999999999981e-04
7.416138875000000000e+09	5.237009200000000003e-03	3.018789699999999826e-03
7.416141000000000000e+09	4.977534999999999946e-03	6.126689200000000335e-03
7.416143125000000000e+09	9.365231000000000120e-04	4.036371500000000140e-03
7.416145250000000000e+09	9.161667599999999412e-03	3.243584299999999979e-03
7.416147375000000000e+09	3.432758800000000003e-03	7.035619899999999774e-03
7.416149500000000000e+09	3.775966999999999865e-03	1.465607199999999916e-03
7.416151625000000000e+09	7.911415800000000040e-03	-1.597828400000000058e-03
7.416153750000000000e+09	7.464275700000000055e-03	4.802401799999999818e-03
7.416155875000000000e+09	4.389461100000000351e-03	5.005288999999999572e-03
7.416158000000000000e+09	5.654901399999999641e-03	-2.333080099999999997e-03
7.416160125000000000e+09	1.015636039999999983e-02	1.254970900000000091e-03
7.416162250000000000e+09	1.058902169999999948e-02	-1.056689599999999967e-03
7.416164375000000000e+09	1.593421000000000030e-03	4.781219599999999952e-03
7.416166500000000000e+09	6.038012199999999788e-03	1.542878199999999983e-03
7.416168625000000000e+09	6.172153199999999736e-03	-2.565674899999999866e-03
7.416170750000000000e+09	1.507044099999999952e-03	-1.259245399999999902e-03
7.416172875000000000e+09	5.622499300000000089e-03	3.161427499999999811e-03
7.416175000000000000e+09	7.192460399999999615e-03	-7.427253999999999887e-04
7.416177125000000000e+09	3.476846899999999890e-03	5.031086300000000254e-03
7.416179250000000000e+09	5.665018699999999768e-03	3.504550400000000076e-03
7.416181375000000000e+09	5.066396199999999989e-03	3.903742600000000181e-03
7.416183500000000000e+09	6.028434600000000254e-03	-7.352460999999999806e-04
7.416185625000000000e+09	5.320413399999999668e-03	1.278854500000000012e-03
7.416187750000000000e+09	2.345513000000000025e-03	2.524717599999999878e-03
7.416189875000000000e+09	2.617893999999999950e-03	3.094052999999999821e-03
7.416192000000000000e+09	6.925302399999999636e-03	1.900776399999999991e-03
7.416194125000000000e+09	4.404609599999999639e-03	2.731872800000000046e-03
7.416196250000000000e+09	9.053415100000000021e-03	-2.782170400000000179e-03
7.416198375000000000e+09	6.180302700000000170e-03	4.248057300000000064e-03
7.416200500000000000e+09	1.332189389999999946e-02	4.105377700000000137e-03
7.416202625000000000e+09	6.246534699999999572e-03	9.582287000000000096e-04
7.416204750000000000e+09	1.028224319999999914e-02	2.475484699999999823e-03
7.416206875000000000e+09	1.127879570000000012e-02	6.596993999999999471e-04
7.416209000000000000e+09	5.896057199999999755e-03	3.391019999999999934e-05
7.416211125000000000e+09	1.660187700000000056e-03	2.610415599999999815e-03
7.416213250000000000e+09	7.142621200000000108e-03	2.246647899999999927e-03
7.416215375000000000e+09	3.243318099999999843e-03	4.539715599999999927e-03
7.416217500000000000e+09	2.911281400000000075e-03	3.223619000000000050e-03
7.416219625000000000e+09	3.470655400000000144e-03	4.319899999999999782e-03
7.416221750000000000e+09	6.927399600000000088e-03	-5.982662000000000353e-04
7.416223875000000000e+09	7.034573300000000230e-03	4.048484699999999568e-03
7.416226000000000000e+09	2.295974100000000139e-03	-1.614348399999999961e-03
7.416228125000000000e+09	8.278222000000000011e-03	2.722742499999999954e-03
7.416230250000000000e+09	7.860827799999999324e-03	2.340810599999999797e-03
7.416232375000000000e+09	2.310620399999999911e-03	3.114888499999999855e-03
7.416234500000000000e+09	7.265861200000000263e-03	6.553925399999999644e-03
7.416236625000000000e+09	7.786863500000000375e-03	1.855874700000000000e-03
7.416238750000000000e+09	9.185014899999999899e-03	2.264008799999999919e-03
7.416240875000000000e+09	7.313855000000000182e-03	-9.621251000000000152e-04
7.416243000000000000e+09	5.989219100000000087e-03	3.788831900000000190e-03
7.416245125000000000e+09	6.303701000000000096e-03	1.236241300000000005e-03
7.416247250000000000e+09	6.386640800000000125e-03	1.142699500000000012e-03
7.416249375000000000e+09	7.322008199999999710e-03	2.446107500000000053e-03
7.416251500000000000e+09	5.099535599999999863e-03	3.633185900000000020e-03
7.416253625000000000e+09	4.507503700000000182e-03	1.491655799999999990e-03
7.416255750000000000e+09	9.433088900000000804e-03	2.929163900000000126e-03
7.416257875000000000e+09	1.365959900000000013e-03	-2.582334400000000068e-03
7.416260000000000000e+09	6.963897800000000415e-03	6.079008000000000328e-04
7.416262125000000000e+09	9.927305000000000851e-03	1.439977799999999893e-03
7.416264250000000000e+09	4.495014799999999706e-03	1.990803699999999996e-03
7.416266375000000000e+09	7.875138800000000550e-03	3.218048600000000033e-03
7.416268500000000000e+09	7.342229399999999732e-03	9.546833000000000012e-04
7.416270625000000000e+09	2.942765999999999871e-03	6.194310000000000397e-04
7.416272750000000000e+09	6.898258899999999867e-03	1.930606899999999949e-03
7.416274875000000000e+09	5.120945000000000011e-03	-9.873590000000000448e-05
7.416277000000000000e+09	2.466646099999999890e-03	2.828585199999999848e-03
7.416279125000000000e+09	3.493125299999999805e-03	1.085916799999999977e-03
7.416281250000000000e+09	7.997987999999999278e-03	3.671448999999999806e-03
7.416283375000000000e+09	5.523244800000000343e-03	1.293775999999999954e-03
7.416285500000000000e+09	4.050818799999999706e-03	6.378259999999999475e-05
7.416287625000000000e+09	2.911149100000000062e-03	4.014977399999999572e-03
7.416289750000000000e+09	9.969224699999999426e-03	3.248191899999999972e-03
7.416291875000000000e+09	8.107939499999999508e-03	3.800726800000000204e-03
7.416294000000000000e+09	9.317364899999999728e-03	-3.036518199999999838e-03
7.416296125000000000e+09	5.914967900000000015e-03	1.482207699999999947e-03
7.416298250000000000e+09	8.747559999999999711e-03	1.528637999999999915e-04
7.416300375000000000e+09	1.628390499999999913e-03	3.445019899999999993e-03
7.416302500000000000e+09	6.392105900000000229e-03	4.391476000000000168e-04
7.416304625000000000e+09	8.048912499999999817e-03	3.398999999999999813e-05
7.416306750000000000e+09	5.931481399999999869e-03	5.352442300000000326e-03
7.416308875000000000e+09	5.757139900000000400e-03	5.068054199999999856e-03
7.416311000000000000e+09	5.713172400000000005e-03	1.689949999999999959e-03
7.416313125000000000e+09	6.504152000000000024e-03	3.658850400000000086e-03
7.416315250000000000e+09	4.970053999999999791e-03	-1.921387000000000041e-04
7.416317375000000000e+09	3.462395499999999793e-03	8.075619999999999500e-04
7.416319500000000000e+09	8.253888500000000628e-03	6.670349600000000101e-03
7.416321625000000000e+09	9.844440799999999714e-03	1.254965100000000064e-03
7.416323750000000000e+09	6.556593099999999917e-03	3.227410500000000172e-03
7.416325875000000000e+09	4.534042700000000085e-03	-5.759431000000000186e-04
7.416328000000000000e+09	8.438415499999999195e-03	2.099260000000000091e-04
7.416330125000000000e+09	4.457918699999999755e-03	6.432525999999999609e-04
7.416332250000000000e+09	3.624850199999999842e-03	-6.567944999999999946e-04
7.416334375000000000e+09	6.055083400000000303e-03	5.019606900000000115e-03
7.416336500000000000e+09	5.276794900000000323e-03	7.173110899999999776e-03
7.416338625000000000e+09	3.792347199999999800e-03	5.573764600000000353e-03
7.416340750000000000e+09	4.688316100000000132e-03	-1.963684900000000136e-03
7.416342875000000000e+09	2.967728099999999807e-03	1.380403899999999972e-03
7.416345000000000000e+09	5.642259999999999637e-03	3.020442300000000021e-03
7.416347125000000000e+09	8.119846300000000544e-03	1.428686000000000029e-04
7.416349250000000000e+09	4.164779700000000202e-03	-1.467123099999999899e-03
7.416351375000000000e+09	6.260378799999999876e-03	2.599651799999999971e-03
7.416353500000000000e+09	4.905650999999999588e-03	1.114120699999999933e-03
7.416355625000000000e+09	8.308570399999999634e-03	-8.985787999999999762e-04
7.416357750000000000e+09	5.562939400000000388e-03	4.674815999999999932e-04
7.416359875000000000e+09	6.878815499999999666e-03	3.149201899999999783e-03
7.416362000000000000e+09	8.046827899999999326e-03	3.958012999999999809e-03
7.416364125000000000e+09	7.130123399999999632e-03	4.402224599999999925e-03
7.416366250000000000e+09	4.623145700000000184e-03	4.052796299999999671e-03
7.416368375000000000e+09	8.766152399999999414e-03	-3.114650499999999794e-03
7.416370500000000000e+09	6.523698300000000186e-03	5.874773600000000005e-03
7.416372625000000000e+09	8.163760000000000808e-03	-1.431907999999999911e-04
7.416374750000000000e+09	2.529723299999999883e-03	-1.912537300000000063e-03
7.416376875000000000e+09	5.070834300000000294e-03	-3.062621999999999762e-04
7.416379000000000000e+09	1.207430599999999993e-03	5.747319400000000002e-03
7.416381125000000000e+09	4.911668299999999779e-03	-6.068449999999999810e-05
7.416383250000000000e+09	3.657544600000000191e-03	-3.456391100000000098e-03
7.416385375000000000e+09	5.315893999999999828e-03	-3.522467200000000114e-03
7.416387500000000000e+09	5.555919999999999782e-03	4.851414999999999764e-04
7.416389625000000000e+09	8.512635899999999173e-03	2.721986200000000092e-03
7.416391750000000000e+09	6.202675000000000376e-03	3.039806000000000149e-04
7.416393875000000000e+09	7.971808999999999840e-03	-3.589897000000000097e-04
7.416396000000000000e+09	6.344478199999999818e-03	4.031494899999999923e-03
7.416398125000000000e+09	7.275504099999999946e-03	2.046486399999999841e-03
7.416400250000000000e+09	6.230377799999999890e-03	-5.478116000000000322e-04
7.416402375000000000e+09	6.555882399999999992e-03	5.295485499999999686e-03
7.416404500000000000e+09	6.905523799999999622e-03	2.815220599999999993e-03
7.416406625000000000e+09	3.722517299999999942e-03	1.756458000000000021e-03
7.416408750000000000e+09	5.472625000000000059e-03	2.402574099999999803e-03
7.416410875000000000e+09	6.174655599999999585e-03	1.234896400000000003e-03
7.416413000000000000e+09	7.855494299999999860e-03	5.659318899999999861e-03
7.416415125000000000e+09	7.292865400000000074e-03	9.631553999999999637e-04
7.416417250000000000e+09	1.145870969999999989e-02	1.523253000000000020e-03
7.416419375000000000e+09	1.073807159999999941e-02	-2.269553000000000054e-04
7.416421500000000000e+09	8.470029199999999647e-03	4.319807600000000365e-03
7.416423625000000000e+09	9.899354100000000434e-03	1.951303200000000003e-03
7.416425750000000000e+09	8.158287499999999914e-03	4.546553899999999926e-03
7.416427875000000000e+09	5.936883100000000038e-03	-6.815188999999999709e-04
7.416430000000000000e+09	5.849078300000000279e-03	-2.073113399999999829e-03
7.416432125000000000e+09	6.026327100000000193e-03	4.818523699999999708e-03
7.416434250000000000e+09	5.450490700000000348e-03	5.841900199999999765e-03
7.416436375000000000e+09	9.337859599999999774e-03	1.359650000000000008e-03
7.416438500000000000e+09	6.687462299999999589e-03	4.261775300000000301e-03
7.416440625000000000e+09	4.884355299999999615e-03	-3.877455999999999828e-04
7.416442750000000000e+09	7.153313300000000222e-03	-2.034902500000000062e-03
7.416444875000000000e+09	3.065301099999999911e-03	1.390371700000000077e-03
7.416447000000000000e+09	7.252742700000000195e-03	2.619551199999999979e-03
7.416449125000000000e+09	6.487503700000000172e-03	4.998894999999999511e-04
7.416451250000000000e+09	9.062258199999999320e-03	-1.536032699999999914e-03
7.416453375000000000e+09	4.841185700000000258e-03	-4.079594100000000223e-03
7.416455500000000000e+09	8.970471900000000567e-03	2.457967900000000011e-03
7.416457625000000000e+09	4.860386999999999867e-03	4.925236000000000154e-04
7.416459750000000000e+09	1.901066299999999969e-03	-2.722140200000000131e-03
7.416461875000000000e+09	7.897702499999999237e-03	-1.240992000000000061e-04
7.416464000000000000e+09	2.563038399999999824e-03	3.737222699999999918e-03
7.416466125000000000e+09	5.997301099999999621e-03	2.172634300000000213e-03
7.416468250000000000e+09	4.688382799999999892e-03	1.561567200000000101e-03
7.416470375000000000e+09	3.681116700000000141e-03	1.714312699999999976e-03
7.416472500000000000e+09	8.758553299999999320e-03	3.060503000000000008e-03
7.416474625000000000e+09	5.288372700000000190e-03	3.290302399999999860e-03
7.416476750000000000e+09	6.381759300000000405e-03	4.623808600000000289e-03
7.416478875000000000e+09	6.242430200000000269e-03	1.500358000000000030e-03
7.416481000000000000e+09	4.344887900000000275e-03	1.945424199999999920e-03
7.416483125000000000e+09	8.897799999999999750e-06	4.164336900000000126e-03
7.416485250000000000e+09	6.036882200000000427e-03	2.489931600000000120e-03
7.416487375000000000e+09	8.211577499999999155e-03	1.715817300000000009e-03
7.416489500000000000e+09	3.008145900000000136e-03	-3.039161099999999893e-03
7.416491625000000000e+09	1.717151799999999933e-03	-2.117622000000000102e-04
7.416493750000000000e+09	1.424740500000000031e-03	1.732274700000000032e-03
7.416495875000000000e+09	3.350576499999999812e-03	-2.376574800000000060e-03
7.416498000000000000e+09	1.067080980000000012e-02	-2.747501600000000054e-03
7.416500125000000000e+09	2.240384700000000017e-03	6.122188999999999669e-04
7.416502250000000000e+09	3.511958099999999954e-03	-4.350035799999999765e-03
7.416504375000000000e+09	9.794401799999999728e-03	1.124925500000000097e-03
7.416506500000000000e+09	8.251062400000000116e-03	2.092137699999999795e-03
7.416508625000000000e+09	4.336937800000000183e-03	3.650567200000000029e-03
7.416510750000000000e+09	4.228929000000000195e-03	2.055722900000000151e-03
7.416512875000000000e+09	5.235199400000000412e-03	2.147459300000000102e-03
7.416515000000000000e+09	8.708043400000000517e-03	5.422738400000000000e-03
7.416517125000000000e+09	7.951672800000000180e-03	3.560395300000000155e-03
7.416519250000000000e+09	3.307672900000000089e-03	-1.159605800000000023e-03
7.416521375000000000e+09	1.068146849999999926e-02	-5.148213000000000442e-04
7.416523500000000000e+09	4.871113499999999569e-03	4.614355500000000276e-03
7.416525625000000000e+09	5.103596400000000310e-03	1.219668699999999946e-03
7.416527750000000000e+09	8.765138199999999644e-03	4.361327999999999928e-04
7.416529875000000000e+09	2.863297600000000095e-03	1.119772000000000025e-04
7.416532000000000000e+09	7.683718400000000108e-03	-2.119608800000000095e-03
7.416534125000000000e+09	7.002335999999999630e-03	2.774701899999999950e-03
7.416536250000000000e+09	2.623602200000000120e-03	-3.410585999999999739e-04
7.416538375000000000e+09	4.074897000000000068e-03	3.350243699999999950e-03
7.416540500000000000e+09	1.204848390000000033e-02	3.993861500000000196e-03
7.416542625000000000e+09	7.381840100000000224e-03	3.697504600000000100e-03
7.416544750000000000e+09	9.804916999999999799e-03	1.008614400000000045e-03
7.416546875000000000e+09	6.274062300000000057e-03	4.628877499999999728e-03
7.416549000000000000e+09	8.208201099999999639e-03	2.757479000000000180e-03
7.416551125000000000e+09	3.770180100000000180e-03	1.196424400000000105e-03
7.416553250000000000e+09	7.279112800000000182e-03	4.825287499999999889e-03
7.416555375000000000e+09	7.290313799999999927e-03	3.829209699999999890e-03
7.416557500000000000e+09	5.265865199999999850e-03	2.473120300000000195e-03
7.416559625000000000e+09	3.044723100000000082e-03	-3.130139899999999972e-03
7.416561750000000000e+09	4.571458300000000134e-03	-3.325903999999999861e-04
7.416563875000000000e+09	4.252400000000000147e-04	3.778947799999999788e-03
7.416566000000000000e+09	2.456632499999999997e-03	1.238571599999999931e-03
7.416568125000000000e+09	7.056493700000000292e-03	3.412935800000000026e-03
7.416570250000000000e+09	4.801918900000000379e-03	4.786230500000000429e-03
7.416572375000000000e+09	3.991213900000000273e-03	1.529429199999999970e-03
7.416574500000000000e+09	8.604001499999999747e-03	-1.657049600000000053e-03
7.416576625000000000e+09	2.463967699999999872e-03	-1.732215799999999896e-03
7.416578750000000000e+09	5.172484100000000230e-03	-2.427729699999999803e-03
7.416580875000000000e+09	8.569161699999999424e-03	3.667139299999999918e-03
7.416583000000000000e+09	5.401515499999999699e-03	3.747256799999999863e-03
7.416585125000000000e+09	6.417250900000000084e-03	-2.584031599999999859e-03
7.416587250000000000e+09	6.936532500000000198e-03	-1.738727000000000024e-03
7.416589375000000000e+09	5.257333999999999792e-03	6.085169000000000081e-04
7.416591500000000000e+09	-1.302197900000000037e-03	-7.998493000000000399e-04
7.416593625000000000e+09	8.064702099999999582e-03	1.157765700000000075e-03
7.416595750000000000e+09	4.282593999999999811e-03	3.027650900000000093e-03
7.416597875000000000e+09	6.581669699999999866e-03	1.553452400000000008e-03
7.416600000000000000e+09	6.474304499999999907e-03	-8.981816000000000539e-04
7.416602125000000000e+09	5.062262799999999938e-03	2.331142899999999896e-03
7.416604250000000000e+09	3.875171399999999874e-03	1.105527600000000017e-03
7.416606375000000000e+09	4.543322300000000348e-03	1.022087999999999990e-03
7.416608500000000000e+09	1.615734699999999986e-03	-1.557211400000000105e-03
7.416610625000000000e+09	3.410980699999999893e-03	3.087559699999999942e-03
7.416612750000000000e+09	7.749162199999999612e-03	6.644949999999999457e-05
7.416614875000000000e+09	7.678924699999999971e-03	-1.835409999999999993e-03
7.416617000000000000e+09	3.900380499999999903e-03	7.373956000000000521e-04
7.416619125000000000e+09	8.316011200000000825e-03	2.304285599999999871e-03
7.416621250000000000e+09	6.405496899999999980e-03	1.151822299999999931e-03
7.416623375000000000e+09	6.340004100000000246e-03	1.158550300000000047e-03
7.416625500000000000e+09	9.721085200000000037e-03	-4.877705000000000083e-04
7.416627625000000000e+09	3.742208300000000008e-03	2.629900000000000011e-06
7.416629750000000000e+09	7.977727100000000030e-03	1.308971799999999975e-03
7.416631875000000000e+09	1.848296400000000060e-03	-1.331174000000000072e-03
7.416634000000000000e+09	5.235458099999999726e-03	3.648694999999999868e-04
7.416636125000000000e+09	4.660216400000000148e-03	-1.366223300000000062e-03
7.416638250000000000e+09	4.704475100000000097e-03	1.230339200000000067e-03
7.416640375000000000e+09	6.510448099999999877e-03	3.332893500000000137e-03
7.416642500000000000e+09	5.895708199999999573e-03	6.851372199999999739e-03
7.416644625000000000e+09	5.492604600000000094e-03	-4.994599999999999919e-05
7.416646750000000000e+09	5.751736000000000348e-03	1.736591100000000037e-03
7.416648875000000000e+09	5.703407300000000284e-03	-1.190669000000000102e-03
7.416651000000000000e+09	8.180903200000000722e-03	6.542453699999999962e-03
7.416653125000000000e+09	6.015638799999999640e-03	4.865966600000000419e-03
7.416655250000000000e+09	8.240474799999999642e-03	-3.332866700000000106e-03
7.416657375000000000e+09	4.223227999999999878e-03	3.026945999999999977e-03
7.416659500000000000e+09	7.566424100000000014e-03	-1.013013000000000054e-04
7.416661625000000000e+09	4.055340600000000365e-03	1.330549600000000086e-03
7.416663750000000000e+09	4.906901699999999776e-03	8.011162000000000057e-04
7.416665875000000000e+09	3.542392799999999949e-03	1.328584199999999910e-03
7.416668000000000000e+09	6.111967799999999673e-03	-9.658599999999999309e-06
7.416670125000000000e+09	6.927736900000000184e-03	-8.120125000000000389e-04
7.416672250000000000e+09	5.234712100000000340e-03	-3.711941099999999886e-03
7.416674375000000000e+09	2.679512800000000052e-03	-6.342029000000000329e-04
7.416676500000000000e+09	4.856997400000000187e-03	-2.038756400000000212e-03
7.416678625000000000e+09	8.204255299999999376e-03	1.822098500000000031e-03
7.416680750000000000e+09	3.540087600000000126e-03	-9.453851000000000095e-04
7.416682875000000000e+09	4.309328299999999959e-03	1.142783299999999965e-03
7.416685000000000000e+09	2.794480599999999999e-03	-2.907675299999999859e-03
7.416687125000000000e+09	5.919411900000000164e-03	3.461334000000000155e-04
7.416689250000000000e+09	9.320898200000000272e-03	1.468754999999999974e-03
7.416691375000000000e+09	5.892485599999999595e-03	-3.404769900000000071e-03
7.416693500000000000e+09	7.468720699999999678e-03	8.704185000000000351e-04
7.416695625000000000e+09	8.757002800000000114e-03	1.760684200000000059e-03
7.416697750000000000e+09	6.603686299999999773e-03	1.575741299999999963e-03
7.416699875000000000e+09	9.537608899999999376e-03	2.967678699999999874e-03
7.416702000000000000e+09	7.036508599999999683e-03	-1.229207499999999910e-03
7.416704125000000000e+09	5.437731799999999741e-03	2.440830399999999872e-03
7.416706250000000000e+09	8.732163100000000719e-03	-1.952215800000000039e-03
7.416708375000000000e+09	6.698818199999999681e-03	7.012640999999999796e-04
7.416710500000000000e+09	5.852576800000000232e-03	4.796002000000000164e-04
7.416712625000000000e+09	5.744121100000000070e-03	-4.460263000000000227e-04
7.416714750000000000e+09	2.979240599999999958e-03	5.953046999999999722e-04
7.416716875000000000e+09	6.719873900000000212e-03	-8.636991999999999586e-04
7.416719000000000000e+09	7.613598699999999872e-03	-2.654884000000000042e-04
7.416721125000000000e+09	3.348391500000000211e-03	-1.560837899999999905e-03
7.416723250000000000e+09	1.045279990000000034e-02	1.679174299999999960e-03
7.416725375000000000e+09	4.160264399999999592e-03	-2.898698500000000070e-03
7.416727500000000000e+09	2.754872700000000028e-03	4.828615900000000384e-03
7.416729625000000000e+09	9.310100499999999710e-03	-1.033166000000000076e-03
7.416731750000000000e+09	1.033757889999999992e-02	1.058026000000000024e-04
7.416733875000000000e+09	5.252869799999999693e-03	-2.055214100000000120e-03
7.416736000000000000e+09	7.020552900000000089e-03	-5.789814999999999589e-04
7.416738125000000000e+09	4.496471200000000217e-03	-1.810593500000000052e-03
7.416740250000000000e+09	4.671494499999999730e-03	1.083215999999999910e-03
7.416742375000000000e+09	1.577624900000000000e-03	-1.484508600000000039e-03
7.416744500000000000e+09	5.398308499999999836e-03	4.815531300000000167e-03
7.416746625000000000e+09	6.458222700000000246e-03	3.633430600000000198e-03
7.416748750000000000e+09	1.384804199999999964e-03	-2.859793199999999865e-03
7.416750875000000000e+09	9.700288099999999220e-03	1.973061400000000049e-03
7.416753000000000000e+09	5.573022999999999866e-03	9.076770000000000172e-05
7.416755125000000000e+09	1.021883309999999968e-02	-7.690569000000000398e-04
7.416757250000000000e+09	4.167063099999999964e-03	9.392155999999999595e-04
7.416759375000000000e+09	7.777050699999999567e-03	3.453967200000000130e-03
7.416761500000000000e+09	5.271728499999999568e-03	-1.762382999999999962e-03
7.416763625000000000e+09	6.352299799999999892e-03	1.703787599999999998e-03
7.416765750000000000e+09	7.160211399999999796e-03	1.618113900000000107e-03
7.416767875000000000e+09	6.966672999999999616e-03	-1.048917500000000076e-03
7.416770000000000000e+09	4.340323800000000370e-03	-3.516011400000000012e-03
7.416772125000000000e+09	4.588738799999999597e-03	-1.531814399999999968e-03
7.416774250000000000e+09	1.073340570000000035e-02	-2.462085399999999844e-03
7.416776375000000000e+09	5.871472699999999781e-03	-3.252273799999999809e-03
7.416778500000000000e+09	1.007223559999999990e-02	2.113397700000000171e-03
7.416780625000000000e+09	6.377643399999999817e-03	1.370451999999999868e-04
7.416782750000000000e+09	7.415479499999999731e-03	3.296170800000000015e-03
7.416784875000000000e+09	5.899599799999999568e-03	-2.308172399999999964e-03
7.416787000000000000e+09	7.690239199999999824e-03	2.606921999999999798e-03
7.416789125000000000e+09	7.399184599999999827e-03	4.507391700000000154e-03
7.416791250000000000e+09	3.866200900000000065e-03	-1.552633099999999912e-03
7.416793375000000000e+09	5.549508400000000008e-03	9.406421999999999570e-04
7.416795500000000000e+09	3.405151199999999993e-03	6.364960000000000127e-05
7.416797625000000000e+09	2.677950799999999961e-03	2.167265600000000021e-03
7.416799750000000000e+09	4.227587300000000201e-03	3.556544799999999864e-03
7.416801875000000000e+09	5.255847400000000259e-03	1.590406999999999899e-04
7.416804000000000000e+09	8.350538500000000836e-03	1.351253099999999993e-03
7.416806125000000000e+09	6.579562599999999942e-03	6.558863000000000497e-04
7.416808250000000000e+09	5.203286599999999880e-03	2.558840399999999862e-03
7.416810375000000000e+09	9.121880599999999950e-03	-1.692831099999999927e-03
7.416812500000000000e+09	5.683290599999999901e-03	5.517925899999999786e-03
7.416814625000000000e+09	5.459924100000000148e-03	1.232822499999999908e-03
7.416816750000000000e+09	3.947616800000000419e-03	-2.974680400000000082e-03
7.416818875000000000e+09	5.533943599999999706e-03	1.782873300000000025e-03
7.416821000000000000e+09	8.348133299999999438e-03	-1.108580000000000069e-03
7.416823125000000000e+09	5.704117100000000336e-03	6.452232999999999927e-04
7.416825250000000000e+09	1.759345000000000049e-03	3.192950200000000023e-03
7.416827375000000000e+09	1.025233939999999934e-02	1.971999500000000058e-03
7.416829500000000000e+09	5.413810100000000271e-03	-3.104460399999999995e-03
7.416831625000000000e+09	1.185199030000000028e-02	9.744616000000000215e-04
7.416833750000000000e+09	4.890716199999999882e-03	-1.596561700000000052e-03
7.416835875000000000e+09	3.890539299999999819e-03	2.480866899999999847e-03
7.416838000000000000e+09	6.295580099999999873e-03	2.987723600000000059e-03
7.416840125000000000e+09	4.717859199999999663e-03	5.047786299999999955e-03
7.416842250000000000e+09	5.607163899999999951e-03	2.636156000000000176e-04
7.416844375000000000e+09	9.437974700000000688e-03	2.563872100000000060e-03
7.416846500000000000e+09	8.127259899999999399e-03	-1.974504199999999824e-03
7.416848625000000000e+09	4.053322699999999633e-03	-2.618235200000000075e-03
7.416850750000000000e+09	6.120900999999999556e-04	5.846420000000000176e-04
7.416852875000000000e+09	6.741555199999999838e-03	-4.836540000000000283e-05
7.416855000000000000e+09	6.535663100000000184e-03	2.546253899999999931e-03
7.416857125000000000e+09	6.743062699999999993e-03	2.938306999999999920e-04
7.416859250000000000e+09	7.875314899999999452e-03	-2.069778999999999890e-04
7.416861375000000000e+09	-3.480452000000000198e-04	5.732695900000000198e-03
7.416863500000000000e+09	1.647965200000000002e-03	-1.557292800000000107e-03
7.416865625000000000e+09	5.847205599999999621e-03	1.893693099999999930e-03
7.416867750000000000e+09	5.895164999999999954e-03	-4.069966700000000187e-03
7.416869875000000000e+09	5.166830199999999929e-03	-1.186985999999999901e-03
7.416872000000000000e+09	8.482956200000000765e-03	-2.893447200000000014e-03
7.416874125000000000e+09	7.933065200000000497e-03	2.333124599999999993e-03
7.416876250000000000e+09	6.556477300000000327e-03	-1.322438599999999987e-03
7.416878375000000000e+09	7.966179000000000315e-03	2.807557400000000158e-03
7.416880500000000000e+09	2.223766600000000055e-03	6.174120000000000172e-04
7.416882625000000000e+09	3.287969600000000166e-03	1.289000200000000066e-03
7.416884750000000000e+09	6.778157600000000137e-03	2.868763099999999903e-03
7.416886875000000000e+09	7.321211700000000017e-03	1.244250500000000084e-03
7.416889000000000000e+09	7.156333699999999770e-03	-3.861369000000000129e-04
7.416891125000000000e+09	6.258348999999999857e-03	-1.132920699999999956e-03
7.416893250000000000e+09	5.058442699999999605e-03	4.069613500000000307e-03
7.416895375000000000e+09	8.291721000000000161e-03	-3.017930500000000002e-03
7.416897500000000000e+09	7.869586499999999332e-03	-3.125029999999999995e-04
7.416899625000000000e+09	4.185005999999999796e-03	-9.297786000000000158e-04
7.416901750000000000e+09	6.139595299999999964e-03	1.760296300000000055e-03
7.416903875000000000e+09	7.138074799999999734e-03	-3.800785999999999900e-04
7.416906000000000000e+09	3.866385600000000165e-03	-1.128294699999999977e-03
7.416908125000000000e+09	5.249881100000000113e-03	-2.167420399999999900e-03
7.416910250000000000e+09	5.737198899999999650e-03	-3.118703599999999784e-03
7.416912375000000000e+09	7.021296599999999992e-03	-9.064109999999999789e-04
7.416914500000000000e+09	6.334924399999999726e-03	-1.259362000000000090e-04
7.416916625000000000e+09	5.508100400000000285e-03	-1.659089899999999966e-03
7.416918750000000000e+09	1.555678900000000099e-03	1.404026999999999966e-04
7.416920875000000000e+09	6.561892500000000329e-03	1.787769200000000102e-03
7.416923000000000000e+09	5.435962899999999785e-03	-5.186733500000000399e-03
7.416925125000000000e+09	1.060349160000000068e-02	-1.640378199999999913e-03
7.416927250000000000e+09	6.761853800000000234e-03	-1.934812900000000037e-03
7.416929375000000000e+09	5.506300700000000235e-03	-1.957015900000000190e-03
7.416931500000000000e+09	6.554402699999999776e-03	1.687917699999999955e-03
7.416933625000000000e+09	1.414967999999999955e-03	-7.896444999999999983e-04
7.416935750000000000e+09	1.281233260000000027e-02	1.251811499999999980e-03
7.416937875000000000e+09	1.235013199999999934e-03	2.854837000000000260e-04
7.416940000000000000e+09	7.099077900000000385e-03	-3.407896000000000211e-04
7.416942125000000000e+09	7.524876800000000060e-03	1.784644599999999932e-03
7.416944250000000000e+09	9.941408000000000536e-03	-2.575633400000000052e-03
7.416946375000000000e+09	8.288106800000000218e-03	1.503774600000000027e-03
7.416948500000000000e+09	9.806140300000000184e-03	6.146044999999999937e-04
7.416950625000000000e+09	5.650045499999999978e-03	1.428131700000000040e-03
7.416952750000000000e+09	6.675681900000000023e-03	-1.384582999999999886e-04
7.416954875000000000e+09	1.012670799999999989e-02	2.141550600000000082e-03
7.416957000000000000e+09	5.678741000000000171e-03	2.736320999999999784e-04
7.416959125000000000e+09	5.800053900000000200e-03	-3.318115099999999987e-03
7.416961250000000000e+09	2.902888299999999838e-03	4.250632699999999653e-03
7.416963375000000000e+09	4.095020700000000236e-03	-1.708964799999999938e-03
7.416965500000000000e+09	8.137435900000000027e-03	-8.864107000000000409e-04
7.416967625000000000e+09	4.667945300000000269e-03	-1.229724300000000067e-03
7.416969750000000000e+09	8.565734099999999795e-03	5.854233099999999954e-03
7.416971875000000000e+09	7.055069599999999955e-03	4.909792100000000097e-03
7.416974000000000000e+09	1.147091549999999967e-02	-1.548074800000000034e-03
7.416976125000000000e+09	3.830163200000000212e-03	-4.295655599999999991e-03
7.416978250000000000e+09	7.847656399999999866e-03	2.063124300000000050e-03
7.416980375000000000e+09	5.022640899999999964e-03	2.438974400000000139e-03
7.416982500000000000e+09	5.209807700000000132e-03	1.953301199999999804e-03
7.416984625000000000e+09	3.206703999999999891e-03	-1.551632799999999894e-03
7.416986750000000000e+09	9.008747600000000313e-03	-2.504234900000000021e-03
7.416988875000000000e+09	8.030907800000000596e-03	-4.738880000000000273e-05
7.416991000000000000e+09	5.407248100000000383e-03	2.747292599999999908e-03
7.416993125000000000e+09	5.959777500000000040e-03	4.727001399999999909e-03
7.416995250000000000e+09	4.132418500000000286e-03	-3.452986800000000175e-03
7.416997375000000000e+09	3.408651700000000194e-03	-2.301624400000000081e-03
7.416999500000000000e+09	6.505209199999999713e-03	1.623739500000000082e-03
7.417001625000000000e+09	1.108280399999999992e-02	-1.751834799999999913e-03
7.417003750000000000e+09	6.078165299999999625e-03	2.190471299999999927e-03
7.417005875000000000e+09	3.718001399999999994e-03	-2.821449599999999950e-03
7.417008000000000000e+09	6.127741899999999790e-03	3.855921100000000035e-03
7.417010125000000000e+09	8.037738699999999806e-03	-4.713023700000000017e-03
7.417012250000000000e+09	7.624872300000000089e-03	4.378223599999999868e-03
7.417014375000000000e+09	4.769421099999999851e-03	2.975206999999999787e-04
7.417016500000000000e+09	6.801024099999999732e-03	3.450699800000000053e-03
7.417018625000000000e+09	5.319412499999999662e-03	-5.349850300000000280e-03
7.417020750000000000e+09	3.790059299999999805e-03	9.469279999999999570e-05
7.417022875000000000e+09	6.563781399999999572e-03	-3.580814800000000145e-03
7.417025000000000000e+09	-5.343696999999999466e-04	6.010918999999999767e-04
7.417027125000000000e+09	5.341620899999999922e-03	1.703805500000000030e-03
7.417029250000000000e+09	6.447995100000000236e-03	-2.575161500000000027e-03
7.417031375000000000e+09	8.862385100000000002e-03	-3.197171999999999753e-04
7.417033500000000000e+09	4.608003999999999746e-03	1.293748400000000083e-03
7.417035625000000000e+09	3.527408100000000140e-03	-3.265205099999999791e-03
7.417037750000000000e+09	7.004039099999999698e-03	1.306043800000000060e-03
7.417039875000000000e+09	7.044313600000000168e-03	5.541113099999999889e-03
7.417042000000000000e+09	5.454235899999999859e-03	2.596454499999999947e-03
7.417044125000000000e+09	6.987893099999999830e-03	1.924374499999999917e-03
7.417046250000000000e+09	1.365834070000000039e-02	-8.453173999999999714e-04
7.417048375000000000e+09	4.059193400000000139e-03	-7.597854000000000456e-04
7.417050500000000000e+09	3.561645799999999841e-03	3.474430200000000208e-03
7.417052625000000000e+09	1.492178899999999911e-03	5.765925999999999994e-04
7.417054750000000000e+09	5.866764800000000279e-03	-2.753165999999999925e-04
7.417056875000000000e+09	5.063375400000000304e-03	8.468511999999999871e-04
7.417059000000000000e+09	4.923792399999999889e-03	8.987373999999999580e-04
7.417061125000000000e+09	3.948913099999999676e-03	7.214650000000000457e-05
7.417063250000000000e+09	8.669759399999999241e-03	-3.254547500000000166e-03
7.417065375000000000e+09	3.183707699999999835e-03	-4.661123100000000123e-03
7.417067500000000000e+09	5.674405300000000089e-03	2.012709899999999986e-03
7.417069625000000000e+09	7.722880199999999744e-03	3.913949499999999637e-03
7.417071750000000000e+09	4.296857599999999618e-03	-5.024718999999999757e-04
7.417073875000000000e+09	4.073575799999999691e-03	3.692772899999999855e-03
7.417076000000000000e+09	7.139701800000000306e-03	1.280621299999999902e-03
7.417078125000000000e+09	1.067714280000000085e-02	-3.145554499999999795e-03
7.417080250000000000e+09	2.203332799999999959e-03	-2.505887999999999952e-03
7.417082375000000000e+09	7.522666600000000106e-03	3.454251099999999797e-03
7.417084500000000000e+09	4.347378699999999638e-03	1.112513000000000087e-03
7.417086625000000000e+09	3.887885900000000085e-03	-3.013776000000000128e-04
7.417088750000000000e+09	1.469263099999999983e-03	1.803812199999999975e-03
7.417090875000000000e+09	7.240306499999999909e-03	-1.104467999999999943e-04
7.417093000000000000e+09	2.152078700000000216e-03	-4.142255200000000137e-03
7.417095125000000000e+09	5.331152500000000197e-03	5.142168000000000129e-04
7.417097250000000000e+09	4.915921499999999916e-03	3.519964000000000101e-04
7.417099375000000000e+09	5.153165900000000223e-03	2.573461300000000080e-03
7.417101500000000000e+09	6.754940699999999881e-03	-1.591991500000000019e-03
7.417103625000000000e+09	4.847935799999999670e-03	-7.661599999999999964e-05
7.417105750000000000e+09	4.200582300000000116e-03	1.015087200000000089e-03
7.417107875000000000e+09	4.521468800000000114e-03	8.374059000000000320e-04
7.417110000000000000e+09	5.588665999999999946e-03	-1.926137399999999994e-03
7.417112125000000000e+09	7.940415299999999815e-03	-2.894411700000000184e-03
7.417114250000000000e+09	1.439911799999999938e-03	4.407013900000000296e-03
7.417116375000000000e+09	7.109452399999999749e-03	3.622992099999999827e-03
7.417118500000000000e+09	3.245108899999999894e-03	1.009343599999999990e-03
7.417120625000000000e+09	3.469253700000000072e-03	-7.398425999999999831e-04
7.417122750000000000e+09	6.244823200000000109e-03	3.157853000000000071e-04
7.417124875000000000e+09	7.668290399999999618e-03	1.048261800000000040e-03
7.417127000000000000e+09	5.282946799999999575e-03	2.690863700000000174e-03
7.417129125000000000e+09	3.904885099999999901e-03	2.772600699999999870e-03
7.417131250000000000e+09	7.063324400000000301e-03	-1.783638799999999990e-03
7.417133375000000000e+09	4.744695900000000036e-03	-1.510574300000000090e-03
7.417135500000000000e+09	9.819061299999999257e-03	2.592516200000000073e-03
7.417137625000000000e+09	8.120933900000000191e-03	-1.187680100000000020e-03
7.417139750000000000e+09	7.972750199999999871e-03	3.473829400000000029e-03
7.417141875000000000e+09	4.324526799999999817e-03	-5.204934000000000470e-04
7.417144000000000000e+09	2.795086699999999817e-03	4.678861999999999995e-04
7.417146125000000000e+09	9.183265399999999620e-03	7.927903000000000250e-04
7.417148250000000000e+09	4.841240400000000263e-03	1.845854700000000093e-03
7.417150375000000000e+09	8.008569499999999841e-03	-4.072024799999999882e-03
7.417152500000000000e+09	5.756523399999999638e-03	-1.954336300000000196e-03
7.417154625000000000e+09	6.608441100000000089e-03	7.029767000000000350e-04
7.417156750000000000e+09	8.392820699999999426e-03	1.007025400000000070e-03
7.417158875000000000e+09	6.167119100000000020e-03	-5.021332999999999786e-04
7.417161000000000000e+09	4.864630899999999869e-03	-7.120534999999999885e-04
7.417163125000000000e+09	5.077688999999999814e-03	2.053567999999999919e-04
7.417165250000000000e+09	7.000108599999999882e-03	-4.747237799999999910e-03
7.417167375000000000e+09	2.118438700000000070e-03	2.762541800000000141e-03
7.417169500000000000e+09	1.499567899999999917e-03	1.282200000000000050e-03
7.417171625000000000e+09	1.031063280000000040e-02	-2.292810599999999931e-03
7.417173750000000000e+09	4.155904099999999796e-03	-3.152511499999999939e-03
7.417175875000000000e+09	5.263955499999999586e-03	-1.816251999999999971e-03
7.417178000000000000e+09	4.701421899999999772e-03	-2.884578699999999860e-03
7.417180125000000000e+09	2.663911299999999812e-03	4.743918999999999870e-04
7.417182250000000000e+09	6.453601500000000386e-03	2.349479600000000008e-03
7.417184375000000000e+09	2.695047199999999962e-03	1.521433499999999940e-03
7.417186500000000000e+09	1.995339699999999859e-03	1.354543799999999992e-03
7.417188625000000000e+09	1.108207270000000078e-02	-1.067893299999999983e-03
7.417190750000000000e+09	5.562911000000000245e-03	-1.115387899999999892e-03
7.417192875000000000e+09	5.118893999999999701e-03	-5.719285600000000372e-03
7.417195000000000000e+09	5.472198400000000303e-03	2.257359400000000151e-03
7.417197125000000000e+09	4.808279900000000245e-03	1.427354200000000104e-03
7.417199250000000000e+09	1.059967550000000085e-02	-1.589029399999999969e-03
7.417201375000000000e+09	5.668320800000000402e-03	1.906757200000000095e-03
7.417203500000000000e+09	3.014850500000000079e-03	8.396798000000000239e-04
7.417205625000000000e+09	6.589441199999999769e-03	3.948231600000000167e-03
7.417207750000000000e+09	6.080871300000000382e-03	1.538357499999999916e-03
7.417209875000000000e+09	6.500415300000000375e-03	2.702024999999999935e-04
7.417212000000000000e+09	7.071445499999999725e-03	-4.731457500000000281e-03
7.417214125000000000e+09	9.919791100000000320e-03	8.076421999999999768e-04
7.417216250000000000e+09	5.596274200000000108e-03	-4.912370000000000538e-04
7.417218375000000000e+09	7.465354900000000307e-03	-6.048119999999999712e-03
7.417220500000000000e+09	8.804509500000000030e-03	3.838620699999999858e-03
7.417222625000000000e+09	5.982826400000000253e-03	2.049168000000000029e-04
7.417224750000000000e+09	8.980993799999999888e-03	-1.566758300000000012e-03
7.417226875000000000e+09	9.260208400000000811e-03	-1.414145099999999933e-03
7.417229000000000000e+09	6.064043499999999601e-03	9.757852000000000236e-04
7.417231125000000000e+09	1.065103830000000036e-02	-3.200735299999999794e-03
7.417233250000000000e+09	6.354074000000000354e-03	-6.025182599999999791e-03
7.417235375000000000e+09	1.873873899999999948e-03	-5.401889999999999470e-04
7.417237500000000000e+09	4.846652499999999641e-03	3.597246799999999963e-03
7.417239625000000000e+09	5.684916199999999996e-03	4.760373999999999834e-04
7.417241750000000000e+09	6.522868200000000311e-03	5.651216899999999578e-03
7.417243875000000000e+09	3.002161399999999855e-03	-1.431325499999999955e-03
7.417246000000000000e+09	6.315888100000000005e-03	-5.254247600000000289e-03
7.417248125000000000e+09	7.555232700000000072e-03	7.443060000000000257e-04
7.417250250000000000e+09	5.848506800000000116e-03	-1.618287799999999993e-03
7.417252375000000000e+09	6.678101100000000123e-03	3.408028500000000183e-03
7.417254500000000000e+09	4.821316099999999570e-03	6.076068999999999914e-03
7.417256625000000000e+09	4.432982599999999579e-03	-1.125974899999999945e-03
7.417258750000000000e+09	1.047587399999999960e-02	1.835616499999999937e-03
7.417260875000000000e+09	7.080796099999999912e-03	1.159260999999999945e-04
7.417263000000000000e+09	4.041154800000000200e-03	3.547387200000000004e-03
7.417265125000000000e+09	5.633555999999999633e-03	-4.322764000000000207e-04
7.417267250000000000e+09	2.165760200000000149e-03	1.841272400000000054e-03
7.417269375000000000e+09	1.922389700000000064e-03	3.506876000000000134e-04
7.417271500000000000e+09	4.153688600000000203e-03	-3.031536500000000210e-03
7.417273625000000000e+09	5.270965399999999988e-03	1.207778399999999983e-03
7.417275750000000000e+09	6.399055499999999584e-03	-2.659375099999999881e-03
7.417277875000000000e+09	5.905444400000000281e-03	9.555651999999999766e-04
7.417280000000000000e+09	2.334923899999999906e-03	2.954810400000000125e-03
7.417282125000000000e+09	9.052770899999999787e-03	-3.342996500000000159e-03
7.417284250000000000e+09	7.318193399999999883e-03	-2.919929800000000200e-03
7.417286375000000000e+09	4.979336200000000073e-03	-1.503598699999999892e-03
7.417288500000000000e+09	3.917728300000000198e-03	-1.317593799999999989e-03
7.417290625000000000e+09	6.867994900000000402e-03	2.050975799999999859e-03
7.417292750000000000e+09	7.458698100000000185e-03	-5.541997899999999769e-03
7.417294875000000000e+09	5.469472300000000065e-03	-1.807810300000000075e-03
7.417297000000000000e+09	5.486498099999999843e-03	9.731470999999999785e-04
7.417299125000000000e+09	5.500658099999999884e-03	9.340074999999999983e-04
7.417301250000000000e+09	4.568425600000000295e-03	-9.866466999999998991e-04
7.417303375000000000e+09	9.094719600000000445e-03	-2.522800300000000058e-03
7.417305500000000000e+09	5.805826200000000110e-03	-3.989316599999999900e-03
7.417307625000000000e+09	6.067499100000000103e-03	-2.056922200000000159e-03
7.417309750000000000e+09	7.607892699999999585e-03	-2.779531400000000152e-03
7.417311875000000000e+09	3.134770600000000036e-03	3.032115599999999928e-03
7.417314000000000000e+09	8.381260899999999625e-03	-6.203231299999999691e-03
7.417316125000000000e+09	7.106203299999999841e-03	-2.493117600000000194e-03
7.417318250000000000e+09	2.954164600000000213e-03	-4.014497399999999820e-03
7.417320375000000000e+09	5.194581700000000003e-03	-5.279300300000000327e-03
7.417322500000000000e+09	7.520677400000000054e-03	2.293293200000000136e-03
7.417324625000000000e+09	8.067871600000000101e-03	1.639034799999999990e-03
7.417326750000000000e+09	6.285467200000000379e-03	-4.899540699999999777e-03
7.417328875000000000e+09	3.762302600000000125e-03	-1.149852600000000023e-03
7.417331000000000000e+09	4.042341999999999984e-03	1.690372999999999952e-04
7.417333125000000000e+09	9.680716100000000268e-03	6.580495999999999481e-04
7.417335250000000000e+09	4.642625099999999651e-03	1.095860200000000001e-03
7.417337375000000000e+09	4.885100199999999927e-03	5.026835299999999999e-03
7.417339500000000000e+09	8.563074500000000117e-03	-5.571000000000000431e-04
7.417341625000000000e+09	2.730175300000000152e-03	-2.141377900000000171e-03
7.417343750000000000e+09	4.558133300000000339e-03	-9.502830000000000088e-04
7.417345875000000000e+09	4.216737400000000052e-03	-5.007371499999999781e-03
7.417348000000000000e+09	9.281465699999999833e-03	1.885002999999999896e-03
7.417350125000000000e+09	6.395500400000000280e-03	3.474936999999999991e-03
7.417352250000000000e+09	7.394464499999999635e-03	3.162826000000000201e-04
7.417354375000000000e+09	3.152322300000000039e-03	-9.728844999999999854e-04
7.417356500000000000e+09	4.227182900000000208e-03	-4.466985399999999842e-03
7.417358625000000000e+09	9.098627099999999357e-03	1.606488099999999917e-03
7.417360750000000000e+09	4.538147099999999788e-03	-3.330893299999999804e-03
7.417362875000000000e+09	4.076497899999999980e-03	-1.061605800000000027e-03
7.417365000000000000e+09	5.301301500000000187e-03	-3.768298000000000220e-04
7.417367125000000000e+09	5.038249499999999589e-03	-6.729135199999999872e-03
7.417369250000000000e+09	6.003793399999999593e-03	6.231262999999999906e-04
7.417371375000000000e+09	3.513535300000000024e-03	-1.854013399999999978e-03
7.417373500000000000e+09	3.918478799999999818e-03	-1.919767000000000012e-04
7.417375625000000000e+09	4.259511399999999816e-03	1.289146199999999980e-03
7.417377750000000000e+09	4.185645800000000263e-03	-3.561426800000000188e-03
7.417379875000000000e+09	4.546876299999999711e-03	2.475326700000000154e-03
7.417382000000000000e+09	6.530334700000000291e-03	-5.708657300000000330e-03
7.417384125000000000e+09	5.350237199999999943e-03	-5.576474700000000340e-03
7.417386250000000000e+09	5.620235300000000003e-03	-5.066819000000000184e-04
7.417388375000000000e+09	5.016485700000000020e-03	-1.052991999999999991e-03
7.417390500000000000e+09	2.919403399999999805e-03	1.205829600000000047e-03
7.417392625000000000e+09	3.835221900000000076e-03	-2.397572799999999997e-03
7.417394750000000000e+09	2.918911699999999967e-03	3.282602500000000086e-03
7.417396875000000000e+09	7.815216700000000502e-03	-1.820915599999999978e-03
7.417399000000000000e+09	5.406013799999999717e-03	-1.107455999999999935e-03
7.417401125000000000e+09	5.568070700000000289e-03	-2.060790700000000083e-03
7.417403250000000000e+09	6.787505400000000237e-03	-1.487559299999999946e-03
7.417405375000000000e+09	3.545837699999999839e-03	-2.612551600000000054e-03
7.417407500000000000e+09	1.545518000000000065e-04	2.126174399999999909e-03
7.417409625000000000e+09	8.217243699999999748e-03	4.352951600000000074e-03
7.417411750000000000e+09	7.071723299999999914e-03	2.909719199999999915e-03
7.417413875000000000e+09	5.003794300000000313e-03	-8.890357999999999898e-04
7.417416000000000000e+09	4.704494600000000241e-03	-1.898275800000000105e-03
7.417418125000000000e+09	5.387899699999999618e-03	-1.619824599999999948e-03
7.417420250000000000e+09	7.835681400000000726e-03	-3.443367100000000163e-03
7.417422375000000000e+09	6.499913300000000060e-03	3.538618000000000210e-04
7.417424500000000000e+09	2.708515600000000086e-03	-1.976999899999999991e-03
7.417426625000000000e+09	3.157797799999999787e-03	-1.380017000000000038e-04
7.417428750000000000e+09	2.250754800000000048e-03	-4.019386000000000009e-04
7.417430875000000000e+09	5.259877100000000076e-03	1.195864000000000042e-04
7.417433000000000000e+09	6.782430899999999756e-03	-2.137116399999999805e-03
7.417435125000000000e+09	2.709673899999999989e-03	4.471239099999999717e-03
7.417437250000000000e+09	9.400989400000000357e-03	-4.675342800000000139e-03
7.417439375000000000e+09	6.453716600000000171e-03	8.921778000000000217e-04
7.417441500000000000e+09	6.997158499999999587e-03	-3.633679099999999936e-03
7.417443625000000000e+09	5.026328200000000114e-03	-1.228019300000000001e-03
7.417445750000000000e+09	9.414844900000000211e-03	4.605373999999999861e-04
7.417447875000000000e+09	2.835366499999999925e-03	-3.868191100000000025e-03
7.417450000000000000e+09	4.700645600000000028e-03	5.075839999999999839e-05
7.417452125000000000e+09	2.787149699999999855e-03	-4.932793999999999894e-03
7.417454250000000000e+09	6.601278099999999954e-03	-1.015972599999999957e-03
7.417456375000000000e+09	5.068591300000000431e-03	4.308898299999999910e-03
7.417458500000000000e+09	6.366728399999999587e-03	-4.814555999999999784e-04
7.417460625000000000e+09	5.762376999999999951e-03	1.286447399999999944e-03
7.417462750000000000e+09	4.270233299999999683e-03	-3.779476199999999998e-03
7.417464875000000000e+09	2.724271400000000034e-03	-2.039872800000000139e-03
7.417467000000000000e+09	2.888380399999999990e-03	-1.696367600000000045e-03
7.417469125000000000e+09	6.188741600000000412e-03	-2.308238099999999817e-03
7.417471250000000000e+09	1.071387709999999972e-02	-1.726978600000000095e-03
7.417473375000000000e+09	9.685113100000000003e-03	-1.788780700000000036e-03
7.417475500000000000e+09	8.773114099999999860e-03	-2.190527600000000043e-03
7.417477625000000000e+09	3.849564499999999934e-03	-1.152981400000000108e-03
7.417479750000000000e+09	9.888886100000000845e-03	-1.575072000000000061e-03
7.417481875000000000e+09	7.817696699999999652e-03	6.112465999999999559e-04
7.417484000000000000e+09	8.829667700000000050e-03	3.214947799999999956e-03
7.417486125000000000e+09	6.408416200000000180e-03	2.969768099999999834e-03
7.417488250000000000e+09	6.200335199999999596e-03	-9.569224000000000523e-04
7.417490375000000000e+09	8.697343099999999341e-03	1.499847300000000001e-03
7.417492500000000000e+09	7.554861000000000389e-03	-7.179839999999999616e-04
7.417494625000000000e+09	3.250600299999999859e-03	-3.723655599999999965e-03
7.417496750000000000e+09	8.513327299999999889e-03	-5.634649999999999728e-04
7.417498875000000000e+09	5.063937000000000126e-03	2.446907400000000038e-03
7.417501000000000000e+09	5.426102200000000424e-03	-1.484170099999999968e-03
7.417503125000000000e+09	3.109539900000000013e-03	-1.072344999999999939e-03
7.417505250000000000e+09	7.785905499999999820e-03	3.957167000000000258e-04
7.417507375000000000e+09	4.067076099999999798e-03	4.150668000000000152e-04
7.417509500000000000e+09	8.236739999999999340e-03	-4.932768399999999838e-03
7.417511625000000000e+09	2.105018199999999801e-03	-9.339454999999999979e-04
7.417513750000000000e+09	5.230052500000000396e-03	-3.115339899999999829e-03
7.417515875000000000e+09	5.684786699999999637e-03	-6.772229999999999364e-05
7.417518000000000000e+09	6.380680900000000426e-03	-3.518355800000000193e-03
7.417520125000000000e+09	5.144622300000000273e-03	-1.802117800000000054e-03
7.417522250000000000e+09	3.624802999999999793e-03	-2.911908099999999978e-03
7.417524375000000000e+09	5.016635499999999928e-03	2.591513299999999818e-03
7.417526500000000000e+09	3.676619099999999928e-03	-5.451504799999999651e-03
7.417528625000000000e+09	8.649015499999999218e-03	2.099295000000000100e-04
7.417530750000000000e+09	7.687647599999999914e-03	1.532061099999999960e-03
7.417532875000000000e+09	7.005412199999999992e-03	-2.470154999999999920e-03
7.417535000000000000e+09	3.298432799999999852e-03	1.302644699999999959e-03
7.417537125000000000e+09	3.669396100000000150e-03	-5.590045999999999774e-04
7.417539250000000000e+09	5.396019000000000163e-03	-1.592414999999999965e-04
7.417541375000000000e+09	3.208492500000000025e-03	1.428626099999999932e-03
7.417543500000000000e+09	6.936778999999999688e-03	4.476527999999999909e-04
7.417545625000000000e+09	9.796265700000000853e-03	-3.882142600000000089e-03
7.417547750000000000e+09	1.001586789999999935e-02	4.742173899999999574e-03
7.417549875000000000e+09	2.437231700000000011e-03	-2.380898599999999986e-03
7.417552000000000000e+09	1.095638359999999943e-02	1.723767999999999926e-04
7.417554125000000000e+09	5.101470599999999647e-03	2.969132199999999829e-03
7.417556250000000000e+09	4.539506300000000112e-03	-2.106643699999999862e-03
7.417558375000000000e+09	3.543287999999999906e-03	1.663962900000000040e-03
7.417560500000000000e+09	5.148603100000000328e-03	-3.398350300000000171e-03
7.417562625000000000e+09	5.057188899999999661e-03	-3.691718000000000083e-03
7.417564750000000000e+09	4.149515999999999795e-03	1.161740999999999962e-04
7.417566875000000000e+09	8.139230100000000370e-03	-1.402400899999999917e-03
7.417569000000000000e+09	5.728681000000000224e-03	-1.586698899999999975e-03
7.417571125000000000e+09	4.700089799999999582e-03	-4.210720900000000134e-03
7.417573250000000000e+09	3.495172600000000154e-03	-5.455349800000000235e-03
7.417575375000000000e+09	6.273404399999999922e-03	-2.283439999999999862e-03
7.417577500000000000e+09	8.719951300000000627e-03	-6.004974700000000401e-03
7.417579625000000000e+09	3.578751900000000114e-03	9.169436000000000210e-04
7.417581750000000000e+09	6.634438900000000187e-03	6.392399999999999986e-06
7.417583875000000000e+09	4.767972300000000198e-03	2.078554000000000089e-04
7.417586000000000000e+09	1.005468919999999954e-02	-1.190496000000000089e-03
7.417588125000000000e+09	6.221906499999999875e-03	-1.386224500000000090e-03
7.417590250000000000e+09	6.355086000000000242e-03	-4.556081999999999927e-04
7.417592375000000000e+09	6.590613799999999779e-03	-1.775142800000000009e-03
7.417594500000000000e+09	5.866360800000000424e-03	-6.939265000000000450e-04
7.417596625000000000e+09	8.122018199999999147e-03	-2.996314899999999795e-03
7.417598750000000000e+09	3.698244299999999939e-03	-2.193500599999999908e-03
7.417600875000000000e+09	4.785556100000000306e-03	-4.283402399999999659e-03
7.417603000000000000e+09	4.579379399999999878e-03	-9.654095000000000341e-04
7.417605125000000000e+09	8.799289099999999669e-03	-4.730930000000000053e-04
7.417607250000000000e+09	8.345658599999999927e-03	2.415460999999999823e-03
7.417609375000000000e+09	6.645670900000000096e-03	-4.854324699999999944e-03
7.417611500000000000e+09	2.932630800000000145e-03	-6.929644000000000428e-04
7.417613625000000000e+09	5.369607799999999605e-03	-3.136050799999999875e-03
7.417615750000000000e+09	4.576223299999999591e-03	-1.564710300000000075e-03
7.417617875000000000e+09	6.614964400000000223e-03	-4.631329600000000206e-03
7.417620000000000000e+09	6.883093600000000055e-03	-9.102491000000000531e-04
7.417622125000000000e+09	5.216305099999999674e-03	2.625270700000000099e-03
7.417624250000000000e+09	4.838316700000000296e-03	-3.611095199999999998e-03
7.417626375000000000e+09	9.942735399999999557e-03	-7.917956999999999990e-04
7.417628500000000000e+09	1.615175300000000046e-03	-3.630850000000000245e-04
7.417630625000000000e+09	5.418738299999999869e-03	-2.261574900000000009e-03
7.417632750000000000e+09	6.854935999999999842e-03	-1.456343699999999939e-03
7.417634875000000000e+09	1.078432120000000043e-02	-9.103950000000000410e-04
7.417637000000000000e+09	8.100942499999999602e-03	-3.204685899999999959e-03
7.417639125000000000e+09	5.044914099999999769e-03	1.028763999999999964e-04
7.417641250000000000e+09	5.836393799999999889e-03	4.379481400000000309e-03
7.417643375000000000e+09	3.812239499999999989e-03	1.546894600000000035e-03
7.417645500000000000e+09	7.690746400000000177e-03	-4.212943599999999580e-03
7.417647625000000000e+09	7.243837799999999771e-03	-3.543318000000000162e-03
7.417649750000000000e+09	7.205166399999999964e-03	-3.234106100000000081e-03
7.417651875000000000e+09	3.820454899999999911e-03	-5.241459599999999733e-03
7.417654000000000000e+09	9.076222899999999982e-03	-2.425934600000000021e-03
7.417656125000000000e+09	8.378553000000000389e-03	9.822448000000000116e-04
7.417658250000000000e+09	4.825646200000000344e-03	7.516765000000000122e-04
7.417660375000000000e+09	3.411847700000000209e-03	3.953253999999999796e-03
7.417662500000000000e+09	6.849554699999999691e-03	-3.243727999999999976e-03
7.417664625000000000e+09	8.262282399999999402e-03	-2.937432099999999838e-03
7.417666750000000000e+09	1.055132060000000052e-02	-3.678392899999999820e-03
7.417668875000000000e+09	7.325798100000000153e-03	4.406403899999999582e-03
7.417671000000000000e+09	4.144770899999999751e-03	-2.590808899999999873e-03
7.417673125000000000e+09	5.566745300000000216e-03	-5.132744800000000121e-03
7.417675250000000000e+09	8.381286400000000081e-03	-4.090990099999999678e-03
7.417677375000000000e+09	3.175307599999999814e-03	4.809032500000000147e-03
7.417679500000000000e+09	4.701038200000000333e-03	-1.556530000000000156e-05
7.417681625000000000e+09	6.380977200000000418e-03	-3.621864900000000120e-03
7.417683750000000000e+09	4.212523600000000340e-03	-2.298372600000000120e-03
7.417685875000000000e+09	8.050613599999999204e-03	1.734038399999999949e-03
7.417688000000000000e+09	5.230555500000000184e-03	-5.322770600000000310e-03
7.417690125000000000e+09	3.823125000000000134e-03	-1.998617999999999912e-04
7.417692250000000000e+09	9.579596399999999387e-03	2.887357000000000009e-04
7.417694375000000000e+09	7.592771300000000431e-03	-4.285764000000000067e-03
7.417696500000000000e+09	3.531397099999999956e-03	-2.100284600000000210e-03
7.417698625000000000e+09	4.922892400000000029e-03	-1.644591599999999923e-03
7.417700750000000000e+09	6.507250000000000013e-03	-3.670076799999999820e-03
7.417702875000000000e+09	7.749697800000000109e-03	-2.173895600000000112e-03
7.417705000000000000e+09	6.386681299999999624e-03	-2.872601199999999869e-03
7.417707125000000000e+09	9.371301500000000020e-03	3.882108999999999799e-04
7.417709250000000000e+09	7.857606200000000554e-03	-3.306807900000000022e-03
7.417711375000000000e+09	5.872863100000000336e-03	-5.477596399999999643e-03
7.417713500000000000e+09	5.972968199999999575e-03	-5.531230300000000363e-03
7.417715625000000000e+09	8.303405499999999551e-03	-4.831592600000000209e-03
7.417717750000000000e+09	9.409753000000000301e-04	-2.040100000000000169e-06
7.417719875000000000e+09	2.395614400000000040e-03	2.787843800000000191e-03
7.417722000000000000e+09	6.419729100000000355e-03	-4.688093699999999753e-03
7.417724125000000000e+09	7.715575500000000295e-03	-4.161311999999999910e-04
7.417726250000000000e+09	6.432299500000000433e-03	-1.528560300000000090e-03
7.417728375000000000e+09	6.146896699999999589e-03	-3.221240000000000214e-04
7.417730500000000000e+09	5.782481199999999974e-03	-1.049808699999999970e-03
7.417732625000000000e+09	5.341433500000000202e-03	3.706861300000000199e-03
7.417734750000000000e+09	6.542394200000000055e-03	-1.763763700000000028e-03
7.417736875000000000e+09	7.449808199999999672e-03	-2.924045200000000184e-03
7.417739000000000000e+09	4.261540599999999630e-03	-4.770999899999999599e-03
7.417741125000000000e+09	-4.466596999999999885e-04	-5.098640500000000374e-03
7.417743250000000000e+09	6.718076899999999782e-03	-3.246938699999999799e-03
7.417745375000000000e+09	9.561868100000000745e-03	-5.179048799999999737e-03
7.417747500000000000e+09	7.410254199999999868e-03	-1.727975600000000072e-03
7.417749625000000000e+09	3.636936199999999970e-03	-4.287054099999999812e-03
7.417751750000000000e+09	5.912404799999999849e-03	-5.105120200000000386e-03
7.417753875000000000e+09	2.920801199999999848e-03	-3.204392999999999825e-03
7.417756000000000000e+09	6.424173499999999773e-03	-5.863529800000000410e-03
7.417758125000000000e+09	3.331711199999999855e-03	2.254143599999999890e-03
7.417760250000000000e+09	9.867536999999999576e-04	-6.796190199999999765e-03
7.417762375000000000e+09	1.027156949999999923e-02	-6.705669999999999784e-05
7.417764500000000000e+09	6.086157600000000230e-03	-1.589406899999999895e-03
7.417766625000000000e+09	8.055154499999999870e-03	-3.678941700000000047e-03
7.417768750000000000e+09	1.105492880000000060e-02	-1.474578999999999896e-04
7.417770875000000000e+09	4.441513400000000368e-03	-6.227008600000000227e-03
7.417773000000000000e+09	5.546216900000000387e-03	-3.245309999999999948e-03
7.417775125000000000e+09	5.298215499999999953e-03	-2.461560199999999858e-03
7.417777250000000000e+09	5.972116500000000140e-03	-2.423930999999999829e-03
7.417779375000000000e+09	3.256894800000000034e-03	-2.545249700000000101e-03
7.417781500000000000e+09	8.406299799999999295e-03	-2.287808200000000184e-03
7.417783625000000000e+09	2.687377300000000011e-03	-1.323669000000000083e-04
7.417785750000000000e+09	6.834750500000000284e-03	-6.082274900000000234e-03
7.417787875000000000e+09	5.043320300000000110e-03	1.590790999999999928e-04
7.417790000000000000e+09	4.656532900000000426e-03	4.614230900000000288e-03
7.417792125000000000e+09	7.781735599999999899e-03	-4.578397900000000416e-03
7.417794250000000000e+09	7.533154299999999907e-03	3.385300000000000266e-04
7.417796375000000000e+09	6.571115100000000236e-03	-2.194496800000000046e-03
7.417798500000000000e+09	6.442386399999999735e-03	-4.576060499999999587e-03
7.417800625000000000e+09	5.474837100000000227e-03	-6.695302600000000402e-03
7.417802750000000000e+09	6.761392300000000286e-03	-4.069805499999999861e-03
7.417804875000000000e+09	4.042607800000000418e-03	-6.557684200000000324e-03
7.417807000000000000e+09	4.175245099999999772e-03	-1.924482500000000099e-03
7.417809125000000000e+09	8.051019099999999137e-03	1.719090400000000077e-03
7.417811250000000000e+09	4.866751600000000094e-03	-5.006877199999999924e-03
7.417813375000000000e+09	8.164346299999999945e-03	-3.671065000000000265e-04
7.417815500000000000e+09	2.325398399999999925e-03	-1.002164899999999923e-03
7.417817625000000000e+09	8.988626799999999833e-03	-5.584327200000000109e-03
7.417819750000000000e+09	5.515293000000000105e-03	-2.896867999999999926e-03
7.417821875000000000e+09	5.241846300000000194e-03	-3.268048600000000165e-03
7.417824000000000000e+09	6.297730900000000388e-03	-1.421911699999999900e-03
7.417826125000000000e+09	8.834490199999999599e-03	-3.713307900000000199e-03
7.417828250000000000e+09	2.434804200000000116e-03	-1.157203000000000094e-03
7.417830375000000000e+09	6.378161099999999847e-03	-1.906432200000000073e-03
7.417832500000000000e+09	6.074189199999999872e-03	2.586237199999999979e-03
7.417834625000000000e+09	3.591237800000000001e-03	-2.895903000000000019e-03
7.417836750000000000e+09	3.622201800000000079e-03	4.364425000000000010e-04
7.417838875000000000e+09	6.781557900000000430e-03	4.902958699999999601e-03
7.417841000000000000e+09	5.745841199999999864e-03	-4.866372899999999758e-03
7.417843125000000000e+09	6.573566999999999778e-03	-2.558128000000000116e-04
7.417845250000000000e+09	5.172562000000000340e-03	4.058768000000000033e-04
7.417847375000000000e+09	6.733340499999999722e-03	1.785250699999999966e-03
7.417849500000000000e+09	5.483871999999999879e-03	-2.650827599999999902e-03
7.417851625000000000e+09	4.177533500000000372e-03	-1.726142499999999908e-03
7.417853750000000000e+09	3.206484600000000101e-03	-2.498571599999999983e-03
7.417855875000000000e+09	8.511391499999999832e-03	-3.709958800000000018e-03
7.417858000000000000e+09	8.801048800000000824e-03	-4.579198900000000343e-03
7.417860125000000000e+09	4.029878700000000431e-03	-2.751192999999999868e-03
7.417862250000000000e+09	6.747087100000000170e-03	-1.133680100000000008e-03
7.417864375000000000e+09	3.644910400000000040e-03	-3.204421900000000139e-03
7.417866500000000000e+09	3.288262599999999900e-03	-2.183032899999999988e-03
7.417868625000000000e+09	5.818109999999999601e-03	-3.302084199999999903e-03
7.417870750000000000e+09	7.621476900000000165e-03	-3.492149300000000050e-03
7.417872875000000000e+09	4.520832500000000406e-03	-5.227368999999999722e-04
7.417875000000000000e+09	6.864035200000000170e-03	-1.256628999999999993e-03
7.417877125000000000e+09	2.381931199999999960e-03	-1.198121099999999942e-03
7.417879250000000000e+09	6.420693899999999760e-03	-1.959071100000000197e-03
7.417881375000000000e+09	5.971221700000000319e-03	-5.397624200000000240e-03
7.417883500000000000e+09	2.621370400000000173e-03	-3.447733599999999905e-03
7.417885625000000000e+09	5.641858599999999800e-03	-9.788719399999999682e-03
7.417887750000000000e+09	5.121193399999999715e-03	1.407083099999999979e-03
7.417889875000000000e+09	1.023015599999999936e-03	-1.805292299999999893e-03
7.417892000000000000e+09	5.001361400000000311e-03	-1.594678200000000049e-03
7.417894125000000000e+09	7.516546899999999691e-03	-4.689004400000000225e-03
7.417896250000000000e+09	3.245024799999999838e-03	-4.892201799999999941e-03
7.417898375000000000e+09	4.612429399999999624e-03	-2.692787500000000042e-03
7.417900500000000000e+09	5.017011899999999913e-03	-6.789071000000000038e-04
7.417902625000000000e+09	5.358102299999999672e-03	-1.853479600000000095e-03
7.417904750000000000e+09	6.275119699999999814e-03	2.993180600000000004e-03
7.417906875000000000e+09	1.085931600000000080e-02	-1.136036200000000058e-03
7.417909000000000000e+09	3.545980700000000031e-03	-3.401816900000000088e-03
7.417911125000000000e+09	5.887502099999999787e-03	-7.467750399999999698e-03
7.417913250000000000e+09	8.263229000000000407e-03	-4.025268499999999985e-03
7.417915375000000000e+09	3.509136899999999813e-03	-1.487258499999999936e-03
7.417917500000000000e+09	4.402836299999999918e-03	-4.179324699999999691e-03
7.417919625000000000e+09	7.251858100000000383e-03	-7.298819899999999666e-03
7.417921750000000000e+09	1.006931730000000004e-02	-3.454818399999999828e-03
7.417923875000000000e+09	6.486176100000000215e-03	-1.478649999999999973e-03
7.417926000000000000e+09	1.078762580000000061e-02	-1.645872899999999920e-03
7.417928125000000000e+09	6.163074299999999825e-03	-4.029291499999999686e-03
7.417930250000000000e+09	3.778520100000000090e-03	-5.613951600000000042e-03
7.417932375000000000e+09	5.322966099999999756e-03	-4.565012400000000373e-03
7.417934500000000000e+09	6.973047700000000251e-03	-1.293627899999999975e-03
7.417936625000000000e+09	7.017868099999999623e-03	1.701509500000000091e-03
7.417938750000000000e+09	6.153897999999999660e-03	5.487896000000000354e-04
7.417940875000000000e+09	1.867326899999999972e-03	-1.191317999999999967e-04
7.417943000000000000e+09	8.219479499999999758e-03	-1.892573499999999995e-03
7.417945125000000000e+09	6.570157200000000149e-03	-7.478978300000000377e-03
7.417947250000000000e+09	1.872322899999999922e-03	-3.000669699999999884e-03
7.417949375000000000e+09	5.026919999999999826e-03	-9.976124000000000710e-04
7.417951500000000000e+09	9.646690600000000504e-03	-5.856946299999999696e-03
7.417953625000000000e+09	6.276858700000000416e-03	-3.040232999999999824e-03
7.417955750000000000e+09	7.696757099999999852e-03	-2.655182199999999923e-03
7.417957875000000000e+09	1.034717129999999929e-02	-1.952319099999999920e-03
7.417960000000000000e+09	8.593092800000000364e-03	2.190938000000000130e-04
7.417962125000000000e+09	5.049702700000000336e-03	-9.679864999999999520e-04
7.417964250000000000e+09	1.148691230000000070e-02	-3.528186200000000064e-03
7.417966375000000000e+09	5.503712200000000082e-03	-8.160110899999999806e-03
7.417968500000000000e+09	1.368473999999999949e-03	-4.660884500000000291e-03
7.417970625000000000e+09	7.743484099999999731e-03	1.503222100000000056e-03
7.417972750000000000e+09	9.420519800000000735e-03	-2.607670500000000037e-03
7.417974875000000000e+09	8.098980699999999353e-03	-1.885148500000000072e-03
7.417977000000000000e+09	1.039298320000000067e-02	-6.565180599999999658e-03
7.417979125000000000e+09	3.999073100000000158e-03	-2.263966699999999874e-03
7.417981250000000000e+09	1.250597800000000049e-03	-6.926414999999999786e-04
7.417983375000000000e+09	7.416808799999999834e-03	-1.893923299999999933e-03
7.417985500000000000e+09	9.510161799999999888e-03	-6.496032900000000415e-03
7.417987625000000000e+09	1.073899000000000067e-04	-1.464778199999999982e-03
7.417989750000000000e+09	4.078075300000000118e-03	-8.570407000000000155e-04
7.417991875000000000e+09	6.898167600000000392e-03	-1.196363700000000006e-03
7.417994000000000000e+09	4.402069199999999842e-03	3.164689999999999680e-05
7.417996125000000000e+09	6.755966399999999671e-03	-5.482584500000000152e-03
7.417998250000000000e+09	7.320814900000000014e-03	-6.995461100000000161e-03
7.418000375000000000e+09	6.708554099999999853e-03	-2.906693399999999827e-03
7.418002500000000000e+09	2.844369600000000008e-03	-1.127537600000000058e-03
7.418004625000000000e+09	5.539125599999999983e-03	-4.669998300000000394e-03
7.418006750000000000e+09	4.386958600000000034e-03	-6.986555000000000196e-04
7.418008875000000000e+09	5.330482000000000102e-03	-3.166159600000000192e-03
7.418011000000000000e+09	5.611426400000000224e-03	-5.179851999999999547e-04
7.418013125000000000e+09	1.772672000000000093e-03	1.835830000000000006e-05
7.418015250000000000e+09	8.249158499999999228e-03	-2.352948100000000139e-03
7.418017375000000000e+09	4.346156700000000130e-03	-5.121549100000000014e-03
7.418019500000000000e+09	1.097978829999999954e-02	-2.768877800000000156e-03
7.418021625000000000e+09	1.465628199999999921e-03	-4.718891599999999568e-03
7.418023750000000000e+09	4.344780399999999612e-03	3.213861599999999919e-03
7.418025875000000000e+09	6.784537900000000080e-03	1.804631999999999970e-04
7.418028000000000000e+09	1.046411199999999981e-03	-1.083938000000000002e-03
7.418030125000000000e+09	7.927057899999999380e-03	-6.783014999999999878e-03
7.418032250000000000e+09	8.303288400000000818e-03	-1.065041500000000032e-03
7.418034375000000000e+09	5.601455499999999713e-03	-7.150807000000000127e-04
7.418036500000000000e+09	2.077911899999999867e-03	-4.191342000000000028e-04
7.418038625000000000e+09	4.996227800000000059e-03	-8.504486999999999811e-04
7.418040750000000000e+09	4.629959300000000000e-03	-2.671188299999999790e-03
7.418042875000000000e+09	1.126345270000000086e-02	-4.041644599999999823e-03
7.418045000000000000e+09	1.088960769999999974e-02	-4.164889100000000212e-03
7.418047125000000000e+09	5.344157799999999826e-03	-1.119939400000000054e-03
7.418049250000000000e+09	8.080710700000000302e-03	-4.792636799999999697e-03
7.418051375000000000e+09	5.638453100000000336e-03	-2.717798400000000138e-03
7.418053500000000000e+09	5.933755100000000227e-03	-1.046393100000000097e-03
7.418055625000000000e+09	1.715194200000000032e-03	-3.614347999999999866e-03
7.418057750000000000e+09	1.115999489999999934e-02	-3.548658100000000142e-03
7.418059875000000000e+09	1.013737749999999924e-02	2.959306000000000089e-04
7.418062000000000000e+09	6.542593900000000066e-03	-3.493405499999999945e-03
7.418064125000000000e+09	4.341768799999999595e-03	-5.133701400000000199e-03
7.418066250000000000e+09	4.872508299999999890e-03	-3.555605600000000081e-03
7.418068375000000000e+09	6.659947099999999863e-03	-5.785184100000000107e-03
7.418070500000000000e+09	4.401301699999999630e-03	-1.139658499999999944e-03
7.418072625000000000e+09	6.662996200000000091e-03	-4.053835999999999898e-03
7.418074750000000000e+09	9.459067300000000358e-03	-2.300905399999999927e-03
7.418076875000000000e+09	6.153816000000000321e-03	-8.664239999999999702e-04
7.418079000000000000e+09	4.170254200000000043e-03	-5.279738100000000434e-03
7.418081125000000000e+09	3.435935800000000043e-03	-2.685344799999999938e-03
7.418083250000000000e+09	4.392722899999999819e-03	-6.687595999999999645e-03
7.418085375000000000e+09	2.312314599999999980e-03	-4.810947900000000187e-03
7.418087500000000000e+09	8.138179599999999930e-03	-8.174722999999999625e-04
7.418089625000000000e+09	6.717001299999999890e-03	-3.765342999999999989e-03
7.418091750000000000e+09	-4.563826000000000102e-04	-2.621049999999999986e-04
7.418093875000000000e+09	1.124588320000000086e-02	-8.217411200000000054e-03
7.418096000000000000e+09	4.258766899999999640e-03	-3.908396800000000018e-03
7.418098125000000000e+09	6.564118100000000330e-03	-1.823059699999999943e-03
7.418100250000000000e+09	5.486383099999999659e-03	-3.929687700000000089e-03
7.418102375000000000e+09	7.009506599999999754e-03	-3.160562999999999914e-03
7.418104500000000000e+09	8.510696099999999487e-03	-1.237230800000000026e-03
7.418106625000000000e+09	5.834203199999999680e-03	-5.216103199999999780e-03
7.418108750000000000e+09	4.340883799999999647e-03	-3.869978799999999886e-03
7.418110875000000000e+09	7.005809400000000131e-03	-2.316848099999999858e-03
7.418113000000000000e+09	9.463200300000000273e-03	5.235717000000000409e-04
7.418115125000000000e+09	9.061056899999999498e-03	-4.829070799999999816e-03
7.418117250000000000e+09	8.194204300000000607e-03	-9.183406000000000078e-04
7.418119375000000000e+09	5.226292500000000174e-03	-5.145769900000000431e-03
7.418121500000000000e+09	6.176200800000000019e-03	-5.001817000000000416e-03
7.418123625000000000e+09	7.710657200000000169e-03	-4.750875199999999958e-03
7.418125750000000000e+09	3.838884500000000043e-03	-2.991359700000000097e-03
7.418127875000000000e+09	7.834142699999999473e-03	-2.934587099999999820e-03
7.418130000000000000e+09	9.849357799999999830e-03	-3.560228999999999824e-04
7.418132125000000000e+09	9.105905699999999880e-03	-2.138780399999999984e-03
7.418134250000000000e+09	8.875661499999999704e-03	-3.402915399999999983e-03
7.418136375000000000e+09	2.831485900000000212e-03	-1.465758699999999970e-03
7.418138500000000000e+09	2.010252399999999835e-03	-4.613217400000000322e-03
7.418140625000000000e+09	9.606065900000000310e-03	-2.520733700000000067e-03
7.418142750000000000e+09	5.752339399999999679e-03	-2.393963099999999854e-03
7.418144875000000000e+09	6.018357799999999626e-03	-4.574898800000000258e-03
7.418147000000000000e+09	1.627042300000000087e-03	-2.400568300000000162e-03
7.418149125000000000e+09	4.600547200000000038e-03	-2.578701899999999957e-03
7.418151250000000000e+09	6.781661500000000196e-03	-3.732035199999999935e-03
7.418153375000000000e+09	6.079245799999999887e-03	-3.770442999999999842e-04
7.418155500000000000e+09	3.509288800000000003e-03	-7.227139500000000216e-03
7.418157625000000000e+09	7.270946500000000090e-03	-5.511802799999999947e-03
7.418159750000000000e+09	5.117993099999999969e-03	-1.337124099999999899e-03
7.418161875000000000e+09	6.678388700000000185e-03	3.010395500000000082e-03
7.418164000000000000e+09	9.182951999999999435e-03	-6.121870300000000278e-03
7.418166125000000000e+09	7.089240699999999930e-03	-3.306747999999999979e-03
7.418168250000000000e+09	3.454162599999999975e-03	-5.949020099999999776e-03
7.418170375000000000e+09	5.214896400000000251e-03	-4.851714299999999695e-03
7.418172500000000000e+09	3.825695300000000153e-03	-5.689731299999999624e-03
7.418174625000000000e+09	7.618761299999999605e-03	-5.422368999999999800e-03
7.418176750000000000e+09	5.988596300000000212e-03	-3.672704000000000268e-04
7.418178875000000000e+09	2.854964000000000200e-03	-8.839298000000000641e-03
7.418181000000000000e+09	-4.131785000000000015e-04	-1.714024300000000075e-03
7.418183125000000000e+09	6.294001799999999862e-03	-6.303579099999999727e-03
7.418185250000000000e+09	4.976255899999999614e-03	-4.299770000000000068e-04
7.418187375000000000e+09	4.311798999999999840e-03	-3.647515699999999850e-03
7.418189500000000000e+09	9.706047500000000369e-03	-6.700850799999999788e-03
7.418191625000000000e+09	5.292059600000000204e-03	-8.297194900000000664e-03
7.418193750000000000e+09	9.291889899999999231e-03	-1.974024100000000038e-03
7.418195875000000000e+09	5.043914800000000309e-03	9.129493000000000243e-04
7.418198000000000000e+09	1.099950099999999964e-03	1.691735999999999891e-04
7.418200125000000000e+09	8.440608100000000086e-03	1.988557199999999806e-03
7.418202250000000000e+09	4.368935499999999743e-03	-2.420006000000000154e-03
7.418204375000000000e+09	4.805915400000000150e-03	-2.888982899999999882e-03
7.418206500000000000e+09	4.774813600000000352e-03	-6.160723800000000167e-03
7.418208625000000000e+09	6.015104299999999952e-03	-2.691529399999999933e-03
7.418210750000000000e+09	6.518463399999999651e-03	-1.306454700000000101e-03
7.418212875000000000e+09	5.855892599999999899e-03	-5.825462800000000274e-03
7.418215000000000000e+09	7.471827500000000066e-03	-5.596929100000000087e-03
7.418217125000000000e+09	5.984024000000000114e-03	-3.415470099999999912e-03
7.418219250000000000e+09	2.471025700000000196e-03	-5.501090000000000146e-03
7.418221375000000000e+09	3.722546299999999857e-03	3.396811500000000185e-03
7.418223500000000000e+09	5.558780099999999745e-03	-4.188792200000000278e-03
7.418225625000000000e+09	5.206638300000000080e-03	-3.592736500000000190e-03
7.418227750000000000e+09	3.986143099999999752e-03	-8.871409000000000022e-04
7.418229875000000000e+09	6.339041600000000325e-03	8.139990999999999633e-04
7.418232000000000000e+09	4.805572499999999879e-03	-4.185374900000000259e-03
7.418234125000000000e+09	8.872025199999999598e-03	-3.920655799999999726e-03
7.418236250000000000e+09	2.196220000000000030e-03	-5.089783199999999702e-03
7.418238375000000000e+09	5.581725499999999791e-03	-6.942483000000000161e-03
7.418240500000000000e+09	6.294030499999999674e-03	-7.061072199999999903e-03
7.418242625000000000e+09	6.892845899999999748e-03	-3.436221699999999959e-03
7.418244750000000000e+09	8.194132200000000740e-03	-9.115892999999999696e-04
7.418246875000000000e+09	6.743024900000000113e-03	-3.273565400000000118e-03
7.418249000000000000e+09	5.786261499999999745e-03	-4.529048699999999733e-03
7.418251125000000000e+09	3.002078100000000072e-03	-4.328154800000000128e-03
7.418253250000000000e+09	7.272435199999999905e-03	-4.502476800000000320e-03
7.418255375000000000e+09	6.748421200000000175e-03	-5.923501900000000160e-03
7.418257500000000000e+09	4.112010499999999881e-03	-1.138136500000000049e-03
7.418259625000000000e+09	5.942680100000000132e-03	-4.388553299999999567e-03
7.418261750000000000e+09	6.240034600000000410e-03	-1.111790400000000007e-03
7.418263875000000000e+09	2.526179500000000095e-03	-1.910852900000000083e-03
7.418266000000000000e+09	4.258926100000000152e-03	-8.203289699999999698e-03
7.418268125000000000e+09	5.803626099999999698e-03	-1.730463299999999895e-03
7.418270250000000000e+09	5.164967200000000411e-03	-2.440910499999999865e-03
7.418272375000000000e+09	5.412074299999999893e-03	2.293109099999999807e-03
7.418274500000000000e+09	3.745694600000000138e-03	-8.253925999999999754e-04
7.418276625000000000e+09	4.852334100000000282e-03	-4.954779399999999570e-03
7.418278750000000000e+09	5.991486199999999929e-03	-4.523770400000000011e-03
7.418280875000000000e+09	4.463885400000000038e-03	-4.312418000000000154e-03
7.418283000000000000e+09	7.133838200000000053e-03	-3.578665200000000039e-03
7.418285125000000000e+09	3.829024900000000189e-03	-2.840841800000000038e-03
7.418287250000000000e+09	5.248189399999999595e-03	-3.541889999999999795e-04
7.418289375000000000e+09	8.338291499999999148e-03	-5.210260399999999681e-03
7.418291500000000000e+09	8.225552400000000694e-03	-4.754511099999999928e-03
7.418293625000000000e+09	6.070181800000000287e-03	-5.237048099999999824e-03
7.418295750000000000e+09	9.260584599999999861e-03	-4.977391599999999618e-03
7.418297875000000000e+09	3.697698000000000131e-03	-2.872534999999999845e-03
7.418300000000000000e+09	4.297189800000000143e-03	-1.503066800000000007e-03
7.418302125000000000e+09	1.764045799999999949e-03	5.637956999999999864e-04
7.418304250000000000e+09	2.277395499999999937e-03	-1.357914300000000098e-03
7.418306375000000000e+09	3.793670199999999923e-03	-6.618939400000000035e-03
7.418308500000000000e+09	4.215304599999999784e-03	-4.697192999999999681e-03
7.418310625000000000e+09	6.211183099999999929e-03	-5.190366999999999767e-04
7.418312750000000000e+09	2.484832800000000026e-03	-5.508455599999999980e-03
7.418314875000000000e+09	2.244437499999999905e-03	-2.770906000000000063e-04
7.418317000000000000e+09	2.812058499999999829e-03	-2.725563800000000130e-03
7.418319125000000000e+09	7.631902700000000109e-03	-3.326967899999999992e-03
7.418321250000000000e+09	2.299719999999999889e-03	-7.198130500000000237e-03
7.418323375000000000e+09	5.452237700000000208e-03	-4.677166499999999699e-03
7.418325500000000000e+09	4.629052199999999888e-03	-5.562353499999999652e-03
7.418327625000000000e+09	9.523334799999999892e-03	-4.369334100000000359e-03
7.418329750000000000e+09	5.213392100000000320e-03	-4.231138199999999808e-03
7.418331875000000000e+09	3.646932600000000069e-03	-9.451806599999999434e-03
7.418334000000000000e+09	2.227313800000000135e-03	-6.193252100000000253e-03
7.418336125000000000e+09	8.928373800000000138e-03	-2.928261499999999882e-03
7.418338250000000000e+09	4.521638599999999904e-03	-4.740694000000000158e-03
7.418340375000000000e+09	7.622008799999999834e-03	-3.569934199999999936e-03
7.418342500000000000e+09	-1.804479600000000097e-03	-1.198061000000000048e-03
7.418344625000000000e+09	9.786225600000000163e-03	-4.481953099999999926e-03
7.418346750000000000e+09	4.441177200000000214e-03	-5.558393400000000151e-03
7.418348875000000000e+09	3.859348500000000029e-03	-6.234339999999999674e-05
7.418351000000000000e+09	6.850303400000000431e-03	-1.457376299999999913e-03
7.418353125000000000e+09	4.315476799999999787e-03	-1.751439600000000022e-03
7.418355250000000000e+09	8.180135800000000110e-03	-5.767596199999999902e-03
7.418357375000000000e+09	5.991876200000000215e-03	-5.503669000000000096e-03
7.418359500000000000e+09	8.303796400000000577e-03	5.493049999999999864e-05
7.418361625000000000e+09	3.948834000000000025e-03	-8.579733500000000582e-03
7.418363750000000000e+09	7.927715000000000109e-04	-1.177036200000000079e-03
7.418365875000000000e+09	1.050090939999999938e-02	-7.238098099999999702e-03
7.418368000000000000e+09	2.792919899999999917e-03	-4.580145699999999681e-03
7.418370125000000000e+09	6.865755900000000168e-03	-4.475896899999999914e-03
7.418372250000000000e+09	1.005539270000000047e-02	5.930151000000000476e-04
7.418374375000000000e+09	9.841054700000000793e-03	-3.982955800000000102e-03
7.418376500000000000e+09	3.814087399999999996e-03	-2.761228899999999993e-03
7.418378625000000000e+09	5.286347500000000005e-03	-2.925512099999999938e-03
7.418380750000000000e+09	2.640659599999999833e-03	-5.138308799999999690e-03
7.418382875000000000e+09	5.964725899999999588e-03	-3.387526000000000079e-03
7.418385000000000000e+09	9.620363700000000504e-03	-3.309244900000000121e-03
7.418387125000000000e+09	3.512836000000000083e-03	-4.316894400000000076e-03
7.418389250000000000e+09	8.167040500000000147e-03	-5.709519300000000241e-03
7.418391375000000000e+09	2.381740600000000017e-03	-4.104034900000000201e-03
7.418393500000000000e+09	3.538256699999999845e-03	-2.845022799999999841e-03
7.418395625000000000e+09	4.804405999999999781e-03	-5.715337699999999826e-03
7.418397750000000000e+09	6.998604200000000351e-03	-1.515807699999999897e-03
7.418399875000000000e+09	2.690510699999999929e-03	-3.647025600000000124e-03
7.418402000000000000e+09	4.032555000000000167e-03	-7.947389600000000220e-03
7.418404125000000000e+09	4.158732099999999654e-03	-3.120538999999999865e-03
7.418406250000000000e+09	6.796533399999999704e-03	-5.635009800000000124e-03
7.418408375000000000e+09	1.522474800000000062e-03	-1.610168999999999999e-04
7.418410500000000000e+09	-2.805570000000000177e-04	-9.270532499999999468e-03
7.418412625000000000e+09	6.183824800000000364e-03	-2.729336599999999946e-03
7.418414750000000000e+09	4.178717400000000332e-03	-2.221135999999999857e-03
7.418416875000000000e+09	1.078691499999999935e-02	-1.956459700000000041e-03
7.418419000000000000e+09	4.987280400000000322e-03	-3.493751299999999903e-03
7.418421125000000000e+09	6.819577799999999683e-03	-3.392485499999999942e-03
7.418423250000000000e+09	4.676952899999999719e-03	-4.385520300000000059e-03
7.418425375000000000e+09	7.420193799999999680e-03	-2.518323800000000102e-03
7.418427500000000000e+09	3.062522299999999916e-03	-3.277312899999999980e-03
7.418429625000000000e+09	2.919528099999999828e-03	-2.748501000000000199e-04
7.418431750000000000e+09	4.832931099999999980e-03	-8.690734699999999244e-03
7.418433875000000000e+09	-6.335504000000000049e-04	2.786407999999999767e-04
7.418436000000000000e+09	7.698406199999999720e-03	-6.545493999999999575e-04
7.418438125000000000e+09	6.492689000000000273e-03	-3.082872400000000093e-03
7.418440250000000000e+09	4.376381799999999773e-03	-2.648931599999999973e-03
7.418442375000000000e+09	2.569926299999999823e-03	3.093709999999999895e-05
7.418444500000000000e+09	4.707157499999999745e-03	-5.255225900000000394e-03
7.418446625000000000e+09	2.291982200000000202e-03	-8.002580000000000457e-03
7.418448750000000000e+09	8.583079800000000675e-03	-2.508833000000000243e-04
7.418450875000000000e+09	3.413723500000000188e-03	-3.035394500000000023e-03
7.418453000000000000e+09	4.494993299999999747e-03	-1.487123799999999973e-03
7.418455125000000000e+09	5.246851999999999766e-03	-1.978228000000000061e-04
7.418457250000000000e+09	6.074254700000000090e-03	-4.064822000000000053e-03
7.418459375000000000e+09	3.739731500000000215e-03	-3.462464499999999903e-03
7.418461500000000000e+09	6.642837700000000199e-03	-2.519448399999999789e-03
7.418463625000000000e+09	-1.921487300000000037e-03	1.072181099999999993e-03
7.418465750000000000e+09	3.111726500000000159e-03	-3.203988699999999867e-03
7.418467875000000000e+09	4.664122199999999781e-03	1.366002399999999978e-03
7.418470000000000000e+09	2.763872000000000117e-03	-5.236483499999999847e-03
7.418472125000000000e+09	9.889251999999999418e-04	-3.538132700000000061e-03
7.418474250000000000e+09	3.691337399999999967e-03	-8.626853599999999636e-03
7.418476375000000000e+09	7.976212400000000022e-03	-3.931929300000000342e-03
7.418478500000000000e+09	9.036202300000000659e-03	-8.916369999999999472e-05
7.418480625000000000e+09	4.344251000000000362e-03	-2.686711499999999784e-03
7.418482750000000000e+09	9.726044099999999262e-03	-8.512548499999999727e-03
7.418484875000000000e+09	5.779441300000000281e-03	-7.027084099999999882e-03
7.418487000000000000e+09	4.923594400000000024e-03	-3.134301199999999996e-03
7.418489125000000000e+09	3.059049999999999790e-03	-5.271168799999999960e-03
7.418491250000000000e+09	6.726952700000000257e-03	-4.071380999999999785e-03
7.418493375000000000e+09	5.629011700000000409e-03	-7.462853000000000195e-03
7.418495500000000000e+09	6.843192300000000214e-03	-4.762452099999999952e-03
7.418497625000000000e+09	2.452384000000000161e-03	-8.039858999999999895e-03
7.418499750000000000e+09	5.020308900000000109e-03	-7.888317999999999849e-04
7.418501875000000000e+09	9.110995300000000741e-03	-1.024572299999999955e-03
7.418504000000000000e+09	4.851849800000000365e-03	-4.850959200000000242e-03
7.418506125000000000e+09	7.516109600000000189e-03	-1.613885200000000084e-03
7.418508250000000000e+09	8.748740200000000578e-03	-1.734784899999999939e-03
7.418510375000000000e+09	6.535323400000000137e-03	-6.236024899999999607e-03
7.418512500000000000e+09	6.362056100000000082e-03	-4.498863199999999715e-03
7.418514625000000000e+09	4.885106900000000044e-03	-3.922328299999999768e-03
7.418516750000000000e+09	4.376961300000000062e-03	-3.216828499999999872e-03
7.418518875000000000e+09	3.041241899999999956e-03	2.583393000000000017e-04
7.418521000000000000e+09	5.671000500000000430e-03	1.315118999999999902e-04
7.418523125000000000e+09	6.731945599999999801e-03	-9.702394999999999726e-04
7.418525250000000000e+09	3.673609100000000023e-03	-2.233720099999999837e-03
7.418527375000000000e+09	5.521817600000000249e-03	-2.890742200000000033e-03
7.418529500000000000e+09	2.504717200000000123e-03	-3.370039000000000021e-03
7.418531625000000000e+09	1.918465100000000092e-03	-4.542494000000000219e-03
7.418533750000000000e+09	5.953693700000000158e-03	-9.717401999999999767e-04
7.418535875000000000e+09	3.124547399999999791e-03	-3.598292199999999965e-03
7.418538000000000000e+09	4.738063300000000359e-03	3.880743999999999990e-04
7.418540125000000000e+09	5.777447300000000327e-03	-4.096109300000000224e-03
7.418542250000000000e+09	4.850719199999999932e-03	7.696186000000000043e-04
7.418544375000000000e+09	2.641313000000000168e-03	-2.705031599999999873e-03
7.418546500000000000e+09	6.290691999999999638e-03	-1.220963800000000096e-03
7.418548625000000000e+09	5.888547600000000257e-03	-2.452467600000000046e-03
7.418550750000000000e+09	5.670763500000000276e-03	-7.515427999999999562e-04
7.418552875000000000e+09	7.455312199999999598e-03	-5.337185300000000035e-03
7.418555000000000000e+09	4.043001400000000196e-03	-7.516722600000000191e-03
7.418557125000000000e+09	5.715881699999999718e-03	-7.241611400000000365e-03
7.418559250000000000e+09	4.690556599999999576e-03	-2.236674699999999932e-03
7.418561375000000000e+09	4.665773800000000068e-03	-4.515919999999999657e-03
7.418563500000000000e+09	4.810806499999999673e-03	-2.842028400000000052e-03
7.418565625000000000e+09	7.814722799999999914e-03	-2.821743900000000128e-03
7.418567750000000000e+09	8.309835800000000064e-03	-2.546021000000000200e-04
7.418569875000000000e+09	1.997404600000000138e-03	-2.678761999999999897e-03
7.418572000000000000e+09	3.503386399999999963e-03	-3.003927100000000020e-03
7.418574125000000000e+09	2.978084099999999800e-03	-5.699219200000000228e-03
7.418576250000000000e+09	8.657017700000000163e-03	-5.076941399999999882e-03
7.418578375000000000e+09	-1.183978399999999946e-03	-8.461499000000000147e-04
7.418580500000000000e+09	6.449966399999999822e-03	-4.403525299999999816e-03
7.418582625000000000e+09	5.157715499999999953e-03	-6.329257199999999660e-03
7.418584750000000000e+09	5.415701799999999601e-03	-3.866058600000000112e-03
7.418586875000000000e+09	2.133473299999999982e-03	-2.713508700000000131e-03
7.418589000000000000e+09	1.354363400000000058e-03	-1.366607400000000071e-03
7.418591125000000000e+09	5.439166500000000223e-03	-3.927500799999999841e-03
7.418593250000000000e+09	8.779297300000000678e-03	-3.369864499999999929e-03
7.418595375000000000e+09	3.598382299999999898e-03	-6.006829600000000192e-03
7.418597500000000000e+09	4.104744199999999649e-03	-4.439298599999999713e-03
7.418599625000000000e+09	5.230197800000000070e-03	-2.675241999999999985e-03
7.418601750000000000e+09	7.380895900000000037e-03	-5.667229099999999790e-03
7.418603875000000000e+09	7.911458600000000757e-03	-2.300674600000000153e-03
7.418606000000000000e+09	5.431177500000000311e-03	-2.117462699999999882e-03
7.418608125000000000e+09	3.227648999999999969e-04	-1.530220299999999990e-03
7.418610250000000000e+09	5.640344700000000065e-03	-3.731055699999999854e-03
7.418612375000000000e+09	-2.306455000000000061e-04	-5.238368799999999596e-03
7.418614500000000000e+09	3.837214499999999986e-03	-5.222830300000000023e-03
7.418616625000000000e+09	3.422683900000000022e-03	-5.986136500000000145e-03
7.418618750000000000e+09	4.537974099999999775e-03	-8.179014000000000293e-04
7.418620875000000000e+09	6.921668899999999618e-03	-3.510939800000000086e-03
7.418623000000000000e+09	3.552494199999999859e-03	-3.477988200000000068e-03
7.418625125000000000e+09	4.062976799999999666e-03	-5.628981899999999788e-03
7.418627250000000000e+09	7.069897099999999934e-03	-2.695572900000000119e-03
7.418629375000000000e+09	5.927631200000000114e-03	-3.063360299999999883e-03
7.418631500000000000e+09	4.024494600000000193e-03	-2.670438700000000044e-03
7.418633625000000000e+09	3.948920199999999929e-03	-4.413017400000000118e-03
7.418635750000000000e+09	6.075658299999999942e-03	7.814141999999999833e-04
7.418637875000000000e+09	3.307106299999999863e-03	-3.681167500000000117e-03
7.418640000000000000e+09	4.380952799999999862e-03	-5.713377500000000123e-03
7.418642125000000000e+09	8.340497699999999473e-03	-3.779131600000000014e-03
7.418644250000000000e+09	4.391186699999999853e-03	-9.541235000000000341e-04
7.418646375000000000e+09	4.036332999999999588e-03	-9.845639999999999470e-05
7.418648500000000000e+09	2.136073000000000052e-03	1.420510499999999999e-03
7.418650625000000000e+09	4.394671900000000041e-03	-2.274014600000000188e-03
7.418652750000000000e+09	3.048294999999999911e-03	-4.931132999999999870e-03
7.418654875000000000e+09	2.735270900000000022e-03	-3.039525200000000021e-03
7.418657000000000000e+09	7.975273999999999211e-03	-1.060630699999999928e-03
7.418659125000000000e+09	5.044421599999999659e-03	-5.418384800000000320e-03
7.418661250000000000e+09	7.939430399999999194e-03	-5.669538899999999881e-03
7.418663375000000000e+09	6.220905700000000337e-03	-5.483171999999999699e-03
7.418665500000000000e+09	1.975435900000000085e-03	-2.792068300000000083e-03
7.418667625000000000e+09	8.991696599999999748e-03	-5.275418999999999942e-03
7.418669750000000000e+09	1.702799600000000054e-03	4.555928999999999795e-04
7.418671875000000000e+09	3.601293499999999939e-03	-1.022678079999999982e-02
7.418674000000000000e+09	3.700084900000000059e-03	-2.912719900000000119e-03
7.418676125000000000e+09	1.709151300000000002e-03	-6.370311200000000097e-03
7.418678250000000000e+09	8.332811900000000604e-03	-1.869552800000000075e-03
7.418680375000000000e+09	4.044176299999999689e-03	-1.936322999999999994e-04
7.418682500000000000e+09	1.250134200000000036e-03	-5.219619200000000063e-03
7.418684625000000000e+09	6.860595100000000182e-03	-4.715040000000000203e-03
7.418686750000000000e+09	6.481133600000000237e-03	-1.035964199999999964e-03
7.418688875000000000e+09	4.727364500000000129e-03	-4.836920800000000034e-03
7.418691000000000000e+09	7.270586400000000026e-03	-5.929270999999999630e-04
7.418693125000000000e+09	4.084303699999999870e-03	-3.291517999999999788e-03
7.418695250000000000e+09	1.777515300000000013e-03	-4.557324300000000286e-03
7.418697375000000000e+09	3.902635199999999853e-03	-5.603292699999999973e-03
7.418699500000000000e+09	1.151508639999999917e-02	-4.528068100000000144e-03
7.418701625000000000e+09	7.623142099999999886e-03	1.101655300000000098e-03
7.418703750000000000e+09	7.168121199999999589e-03	-5.092141599999999886e-03
7.418705875000000000e+09	5.876840999999999836e-03	-3.425291899999999886e-03
7.418708000000000000e+09	6.162832200000000100e-03	2.690271000000000047e-04
7.418710125000000000e+09	4.598440999999999987e-03	-4.244470999999999661e-03
7.418712250000000000e+09	2.341614999999999907e-04	-6.051385299999999939e-03
7.418714375000000000e+09	7.188524299999999624e-03	-9.105921700000000132e-03
7.418716500000000000e+09	5.590321999999999566e-04	-5.813281299999999673e-03
7.418718625000000000e+09	-1.880646999999999885e-04	2.339413000000000094e-04
7.418720750000000000e+09	8.027145000000000070e-04	-6.307498899999999797e-03
7.418722875000000000e+09	1.179050999999999971e-03	-9.464893199999999465e-03
7.418725000000000000e+09	4.917949599999999789e-03	-4.181505299999999960e-03
7.418727125000000000e+09	-2.905999999999999790e-06	-4.763531599999999873e-03
7.418729250000000000e+09	4.118127200000000140e-03	-7.089359600000000143e-03
7.418731375000000000e+09	5.060745499999999911e-03	-9.220986699999999398e-03
7.418733500000000000e+09	2.859310000000000107e-04	-5.252702199999999787e-03
7.418735625000000000e+09	1.024809100000000084e-02	-3.493433900000000088e-03
7.418737750000000000e+09	9.069876000000000370e-04	-2.384053000000000127e-03
7.418739875000000000e+09	-3.760518300000000123e-03	-2.971238699999999983e-03
7.418742000000000000e+09	7.638276599999999604e-03	-5.724837600000000186e-03
7.418744125000000000e+09	2.641996299999999857e-03	-4.834117500000000359e-03
7.418746250000000000e+09	6.947571700000000280e-03	-5.214909299999999880e-03
7.418748375000000000e+09	2.869043600000000145e-03	-6.405117000000000102e-03
7.418750500000000000e+09	-1.414830800000000006e-03	-5.609534400000000358e-03
7.418752625000000000e+09	4.230176000000000422e-03	-7.851275600000000646e-03
7.418754750000000000e+09	1.376935900000000011e-03	-4.626578800000000387e-03
7.418756875000000000e+09	4.929158900000000197e-03	-2.341612199999999928e-03
7.418759000000000000e+09	7.750899999999999804e-04	-8.205391000000000464e-04
7.418761125000000000e+09	4.080388300000000433e-03	-5.962593000000000407e-03
7.418763250000000000e+09	7.283082700000000423e-03	-1.876981399999999925e-03
7.418765375000000000e+09	3.022319500000000044e-03	-6.070187700000000131e-03
7.418767500000000000e+09	3.431437399999999992e-03	-3.992385200000000273e-03
7.418769625000000000e+09	2.363948700000000069e-03	-3.664378800000000092e-03
7.418771750000000000e+09	4.339674400000000098e-03	-5.144685999999999877e-03
7.418773875000000000e+09	3.327449799999999958e-03	-1.570413199999999955e-03
7.418776000000000000e+09	4.289327499999999634e-03	-7.352578799999999644e-03
7.418778125000000000e+09	5.052554299999999568e-03	-4.264873300000000290e-03
7.418780250000000000e+09	7.471582000000000050e-04	-4.166288800000000035e-03
7.418782375000000000e+09	8.221087300000000722e-03	-6.955826099999999623e-03
7.418784500000000000e+09	4.228222299999999899e-03	-6.208531199999999840e-03
7.418786625000000000e+09	4.252386000000000360e-03	-7.147536999999999814e-03
7.418788750000000000e+09	8.290332100000000551e-03	-2.825475999999999942e-03
7.418790875000000000e+09	1.773356000000000021e-03	-5.162143699999999918e-03
7.418793000000000000e+09	4.133005300000000028e-03	6.625659999999999579e-04
7.418795125000000000e+09	4.528831599999999860e-03	-7.222791099999999707e-03
7.418797250000000000e+09	3.039503800000000096e-03	-4.143676100000000251e-03
7.418799375000000000e+09	7.009058099999999902e-03	-5.579140999999999918e-04
7.418801500000000000e+09	6.231710900000000421e-03	-5.058363500000000353e-03
7.418803625000000000e+09	1.853232000000000013e-04	-4.372434399999999832e-03
7.418805750000000000e+09	7.461000399999999887e-03	-5.016293199999999862e-03
7.418807875000000000e+09	-7.148979999999999441e-05	-4.989102999999999941e-03
7.418810000000000000e+09	4.183993999999999908e-03	-3.941210399999999815e-03
7.418812125000000000e+09	5.552740799999999859e-03	-9.919403099999999848e-03
7.418814250000000000e+09	5.163779700000000090e-03	-1.063497500000000007e-03
7.418816375000000000e+09	6.826386900000000132e-03	-3.368411200000000043e-03
7.418818500000000000e+09	4.953296799999999667e-03	-8.236614899999999614e-03
7.418820625000000000e+09	5.265060000000000226e-03	-6.579643399999999739e-03
7.418822750000000000e+09	3.263014000000000062e-04	9.505381999999999720e-04
7.418824875000000000e+09	7.328010299999999921e-03	-6.310021100000000327e-03
7.418827000000000000e+09	7.155564900000000415e-03	-8.564673800000000350e-03
7.418829125000000000e+09	4.518333999999999719e-03	-7.394366299999999975e-03
7.418831250000000000e+09	4.461097800000000078e-03	-5.392403700000000279e-03
7.418833375000000000e+09	5.895777700000000288e-03	-5.770556100000000070e-03
7.418835500000000000e+09	6.308941600000000406e-03	-2.359370300000000059e-03
7.418837625000000000e+09	6.344982000000000096e-04	-2.327068399999999981e-03
7.418839750000000000e+09	3.117722900000000161e-03	-5.454786700000000335e-03
7.418841875000000000e+09	5.008531699999999899e-03	-6.987958100000000311e-03
7.418844000000000000e+09	5.523424800000000141e-03	-4.004296699999999876e-03
7.418846125000000000e+09	2.391064000000000037e-03	-4.259586000000000101e-03
7.418848250000000000e+09	3.813664699999999835e-03	-9.610958699999999980e-03
7.418850375000000000e+09	7.544870999999999869e-03	-2.999334299999999870e-03
7.418852500000000000e+09	5.079470200000000060e-03	-4.745343400000000093e-03
7.418854625000000000e+09	3.674816899999999893e-03	8.810628000000000036e-04
7.418856750000000000e+09	4.009555100000000184e-03	-3.025053499999999940e-03
7.418858875000000000e+09	5.698239800000000181e-03	-5.877559699999999887e-03
7.418861000000000000e+09	3.808201800000000047e-03	-6.347880900000000062e-03
7.418863125000000000e+09	5.657776199999999846e-03	-5.756271000000000304e-04
7.418865250000000000e+09	-1.058194699999999953e-03	-5.208097400000000210e-03
7.418867375000000000e+09	4.321454599999999951e-03	-2.256823600000000020e-03
7.418869500000000000e+09	6.628409800000000310e-03	-8.532121599999999487e-03
7.418871625000000000e+09	1.607719600000000063e-03	-1.045036700000000077e-03
7.418873750000000000e+09	3.050936800000000025e-03	-9.390029999999999948e-05
7.418875875000000000e+09	1.845404900000000015e-03	-8.382070499999999882e-03
7.418878000000000000e+09	3.179768800000000190e-03	-1.761304300000000097e-03
7.418880125000000000e+09	4.400820300000000268e-03	-7.238539100000000032e-03
7.418882250000000000e+09	-1.041598799999999972e-03	-5.538545100000000221e-03
7.418884375000000000e+09	4.268478499999999766e-03	-4.558059500000000326e-03
7.418886500000000000e+09	3.849153399999999826e-03	-4.704255600000000273e-03
7.418888625000000000e+09	2.137463899999999910e-03	-1.107388360000000072e-02
7.418890750000000000e+09	4.116582799999999980e-03	-4.102523900000000154e-03
7.418892875000000000e+09	5.589137400000000235e-03	-5.710598100000000357e-03
7.418895000000000000e+09	3.908198699999999685e-03	-1.423160099999999954e-03
7.418897125000000000e+09	1.522003199999999922e-03	-5.528990499999999857e-03
7.418899250000000000e+09	2.992796600000000029e-03	-4.241283200000000274e-03
7.418901375000000000e+09	4.387036799999999813e-03	-5.532788099999999890e-03
7.418903500000000000e+09	1.864299999999999942e-03	-3.842059300000000201e-03
7.418905625000000000e+09	4.561195599999999864e-03	-3.264999800000000039e-03
7.418907750000000000e+09	1.496622100000000004e-03	-6.554121199999999627e-03
7.418909875000000000e+09	4.583328900000000102e-03	-5.635500300000000420e-03
7.418912000000000000e+09	2.733199500000000129e-03	-2.631172299999999867e-03
7.418914125000000000e+09	5.749017500000000100e-03	-4.537117000000000233e-03
7.418916250000000000e+09	3.133965199999999909e-03	-8.802417599999999218e-03
7.418918375000000000e+09	2.588683500000000214e-03	-4.105831499999999627e-03
7.418920500000000000e+09	9.766131999999999418e-04	-4.622760400000000200e-03
7.418922625000000000e+09	3.762797500000000187e-03	-5.138256800000000173e-03
7.418924750000000000e+09	1.725877000000000010e-04	-6.477194999999999828e-03
7.418926875000000000e+09	4.209782100000000055e-03	-2.774183500000000115e-03
7.418929000000000000e+09	7.017546599999999711e-03	-4.236229900000000083e-03
7.418931125000000000e+09	-2.882710699999999938e-03	-2.070647399999999815e-03
7.418933250000000000e+09	1.023723259999999996e-02	-4.046735499999999826e-03
7.418935375000000000e+09	5.167210900000000079e-03	-7.687424499999999730e-03
7.418937500000000000e+09	9.166323000000000092e-04	-1.701526000000000080e-03
7.418939625000000000e+09	4.987541399999999986e-03	-6.232750999999999916e-03
7.418941750000000000e+09	5.222151999999999870e-03	-5.132824499999999977e-03
7.418943875000000000e+09	3.455906400000000045e-03	-1.921962500000000103e-03
7.418946000000000000e+09	4.818632199999999845e-03	-4.903725200000000339e-03
7.418948125000000000e+09	8.202836200000000744e-03	-5.774335400000000368e-03
7.418950250000000000e+09	2.326740700000000123e-03	-4.999781200000000085e-03
7.418952375000000000e+09	2.850899499999999791e-03	-3.030158299999999912e-03
7.418954500000000000e+09	3.999375999999999799e-03	-7.755031100000000371e-03
7.418956625000000000e+09	4.249971600000000162e-03	-6.402210200000000261e-03
7.418958750000000000e+09	1.562302599999999993e-03	-6.478274699999999817e-03
7.418960875000000000e+09	5.452084000000000270e-03	-4.688237799999999886e-03
7.418963000000000000e+09	4.032004100000000091e-03	-3.501659800000000121e-03
7.418965125000000000e+09	8.827908500000000366e-03	-3.517232099999999945e-03
7.418967250000000000e+09	5.263169499999999570e-03	-5.736269799999999842e-03
7.418969375000000000e+09	2.768144900000000033e-03	-6.759400399999999746e-03
7.418971500000000000e+09	6.361593900000000329e-03	-5.509734399999999775e-03
7.418973625000000000e+09	5.102880300000000278e-03	-4.331412399999999899e-03
7.418975750000000000e+09	7.007902300000000417e-03	-6.425110700000000175e-03
7.418977875000000000e+09	6.395644500000000413e-03	-4.397603299999999597e-03
7.418980000000000000e+09	7.962180299999999794e-03	-4.064856300000000040e-03
7.418982125000000000e+09	6.630294299999999787e-03	-7.281315800000000282e-03
7.418984250000000000e+09	1.904484999999999978e-04	-1.543505699999999942e-03
7.418986375000000000e+09	2.983682100000000122e-03	-5.554358100000000159e-03
7.418988500000000000e+09	2.885514100000000082e-03	-2.568784000000000171e-03
7.418990625000000000e+09	5.468786800000000059e-03	-2.690620500000000075e-03
7.418992750000000000e+09	3.637075799999999869e-03	-1.405728690000000031e-02
7.418994875000000000e+09	8.438449100000000244e-03	-3.519061100000000011e-03
7.418997000000000000e+09	1.326620300000000028e-03	-6.568723700000000075e-03
7.418999125000000000e+09	6.211819999999999625e-04	-6.815962299999999731e-03
7.419001250000000000e+09	2.032634900000000050e-03	-2.226944299999999901e-03
7.419003375000000000e+09	3.242707000000000055e-03	-3.915699499999999653e-03
7.419005500000000000e+09	3.265135699999999978e-03	-5.817649599999999595e-03
7.419007625000000000e+09	2.636009800000000194e-03	-9.865879200000000210e-03
7.419009750000000000e+09	2.459278000000000072e-03	-6.436080099999999873e-03
7.419011875000000000e+09	5.698234800000000211e-03	-5.499123100000000326e-03
7.419014000000000000e+09	2.399017900000000123e-03	-4.119804200000000416e-03
7.419016125000000000e+09	5.233622200000000342e-03	-2.507084000000000135e-03
7.419018250000000000e+09	1.296657299999999990e-03	-8.796173200000000081e-03
7.419020375000000000e+09	3.873538299999999823e-03	-2.502857499999999995e-03
7.419022500000000000e+09	3.584310600000000045e-03	-7.357792299999999820e-03
7.419024625000000000e+09	3.384616000000000013e-03	-7.526892099999999905e-03
7.419026750000000000e+09	8.597458199999999731e-03	-2.252163299999999837e-03
7.419028875000000000e+09	5.157045399999999995e-03	-3.956168599999999695e-03
7.419031000000000000e+09	1.455874499999999967e-03	-7.411215500000000247e-03
7.419033125000000000e+09	3.692697300000000096e-03	-9.082522100000000459e-03
7.419035250000000000e+09	2.134889999999999965e-03	-2.359813399999999804e-03
7.419037375000000000e+09	5.301001999999999971e-04	-2.228228400000000203e-03
7.419039500000000000e+09	-2.065896800000000064e-03	-3.035216700000000108e-03
7.419041625000000000e+09	-2.210055000000000103e-04	-8.561329300000000003e-03
7.419043750000000000e+09	6.575033999999999566e-03	-2.741257600000000186e-03
7.419045875000000000e+09	4.353810700000000297e-03	-2.418216700000000181e-03
7.419048000000000000e+09	5.981840799999999826e-03	-2.041470599999999861e-03
7.419050125000000000e+09	5.161105800000000306e-03	-7.030970299999999770e-03
7.419052250000000000e+09	9.965870300000000473e-03	-1.074966199999999967e-03
7.419054375000000000e+09	2.669643900000000063e-03	-2.039100600000000058e-03
7.419056500000000000e+09	4.919425000000000490e-04	-6.125793800000000310e-03
7.419058625000000000e+09	-2.556957800000000166e-03	-1.190065359999999996e-02
7.419060750000000000e+09	-4.992501999999999791e-04	-1.214797000000000099e-03
7.419062875000000000e+09	5.161377800000000252e-03	-4.301548399999999793e-03
7.419065000000000000e+09	6.110762799999999891e-03	-3.441984700000000168e-03
7.419067125000000000e+09	3.847536500000000095e-03	-3.961724199999999869e-03
7.419069250000000000e+09	4.688419999999999567e-03	-3.022943599999999929e-03
7.419071375000000000e+09	1.347266499999999912e-03	-7.925630799999999754e-03
7.419073500000000000e+09	3.413205299999999987e-03	-3.897230199999999860e-03
7.419075625000000000e+09	2.592778600000000214e-03	-4.835979199999999867e-03
7.419077750000000000e+09	-2.759972999999999875e-04	-3.233936199999999823e-03
7.419079875000000000e+09	1.828547299999999914e-03	-1.343280099999999899e-03
7.419082000000000000e+09	4.349902299999999777e-03	-8.005726799999999740e-03
7.419084125000000000e+09	5.866073200000000362e-03	-6.234608800000000263e-03
7.419086250000000000e+09	-2.466158300000000081e-03	-6.745115299999999980e-03
7.419088375000000000e+09	2.261127199999999997e-03	-6.721959100000000041e-03
7.419090500000000000e+09	-6.744986999999999597e-04	-7.013829099999999671e-03
7.419092625000000000e+09	3.759778999999999986e-03	-9.505783599999999625e-03
7.419094750000000000e+09	8.356786499999999465e-03	-6.110221600000000086e-03
7.419096875000000000e+09	4.442982499999999571e-03	-1.949672200000000018e-03
7.419099000000000000e+09	2.370240699999999825e-03	-3.504160000000000087e-03
7.419101125000000000e+09	2.049418099999999934e-03	-4.890287099999999706e-03
7.419103250000000000e+09	7.515174500000000070e-03	-5.444003600000000415e-03
7.419105375000000000e+09	4.128725700000000429e-03	-4.705200399999999797e-03
7.419107500000000000e+09	2.123512900000000016e-03	-4.026082900000000145e-03
7.419109625000000000e+09	4.983112100000000079e-03	-4.613166499999999878e-03
7.419111750000000000e+09	1.380404200000000074e-03	-3.888240700000000077e-03
7.419113875000000000e+09	7.034858399999999873e-03	-6.712635999999999473e-04
7.419116000000000000e+09	2.794891299999999971e-03	-5.271998400000000098e-03
7.419118125000000000e+09	1.303934299999999968e-03	-6.733131600000000043e-03
7.419120250000000000e+09	3.071688700000000175e-03	-2.059239699999999840e-03
7.419122375000000000e+09	9.634062000000000528e-04	-6.384735300000000426e-03
7.419124500000000000e+09	2.770345799999999852e-03	-8.931133999999999861e-04
7.419126625000000000e+09	-1.023008699999999969e-03	-2.596321700000000197e-03
7.419128750000000000e+09	2.531838399999999933e-03	-7.630394100000000013e-03
7.419130875000000000e+09	3.852470599999999971e-03	-8.248636099999999763e-03
7.419133000000000000e+09	4.216713300000000074e-03	-3.607335299999999811e-03
7.419135125000000000e+09	6.150732699999999706e-03	-5.882739100000000144e-03
7.419137250000000000e+09	3.607142900000000121e-03	-1.792637500000000090e-03
7.419139375000000000e+09	5.115965499999999833e-03	-1.376565599999999938e-03
7.419141500000000000e+09	4.297408499999999694e-03	-9.379006199999999696e-03
7.419143625000000000e+09	7.318576099999999848e-03	-7.046719100000000367e-03
7.419145750000000000e+09	9.361769299999999489e-03	-6.468630300000000055e-03
7.419147875000000000e+09	4.159621199999999699e-03	-4.541044000000000157e-03
7.419150000000000000e+09	7.057993400000000389e-03	-8.603099600000000541e-03
7.419152125000000000e+09	6.440840199999999828e-03	-3.753822799999999814e-03
7.419154250000000000e+09	3.702628700000000148e-03	-4.072692900000000026e-03
7.419156375000000000e+09	2.649827600000000203e-03	-9.615124299999999735e-03
7.419158500000000000e+09	3.791768799999999887e-03	-2.734572199999999852e-03
7.419160625000000000e+09	2.333056999999999926e-03	-1.115867499999999941e-03
7.419162750000000000e+09	7.882340200000000768e-03	-4.765597300000000425e-03
7.419164875000000000e+09	1.970256200000000159e-03	-6.495255200000000194e-03
7.419167000000000000e+09	5.182830000000000249e-03	-6.670408400000000203e-03
7.419169125000000000e+09	1.215653699999999938e-03	-3.107416200000000066e-03
7.419171250000000000e+09	1.907737100000000095e-03	-8.416146399999999486e-03
7.419173375000000000e+09	2.018436399999999891e-03	-5.446469800000000062e-03
7.419175500000000000e+09	2.035470499999999898e-03	-3.886705600000000052e-03
7.419177625000000000e+09	-1.368177999999999896e-04	-8.727278600000000844e-03
7.419179750000000000e+09	4.459089000000000282e-03	-4.524020400000000261e-03
7.419181875000000000e+09	7.206329899999999906e-03	-6.128779899999999871e-03
7.419184000000000000e+09	2.928083499999999898e-03	-8.445963600000000113e-03
7.419186125000000000e+09	5.945037000000000238e-03	-4.040506299999999801e-03
7.419188250000000000e+09	5.436472500000000090e-03	-3.485410100000000018e-03
7.419190375000000000e+09	2.949329699999999905e-03	-7.566052699999999999e-03
7.419192500000000000e+09	1.137856700000000046e-03	-5.024118699999999965e-03
7.419194625000000000e+09	2.880754799999999966e-03	-7.008194500000000313e-03
7.419196750000000000e+09	3.263623999999999909e-04	-4.035504999999999995e-03
7.419198875000000000e+09	5.578741100000000376e-03	-4.346900899999999769e-03
7.419201000000000000e+09	5.797657399999999600e-03	-7.665777799999999760e-03
7.419203125000000000e+09	1.006696600000000054e-03	-7.888342399999999713e-03
7.419205250000000000e+09	9.640589000000000406e-04	-1.083351930000000032e-02
7.419207375000000000e+09	3.281810100000000056e-03	-7.846957300000000426e-03
7.419209500000000000e+09	3.100382599999999822e-03	-4.909357599999999815e-03
7.419211625000000000e+09	1.192593899999999912e-03	-4.709221300000000082e-03
7.419213750000000000e+09	4.898314999999999874e-04	-3.030751999999999838e-03
7.419215875000000000e+09	4.903152400000000168e-03	-3.982252599999999698e-03
7.419218000000000000e+09	7.433453199999999657e-03	-7.150776099999999781e-03
7.419220125000000000e+09	2.885739000000000012e-03	8.028050000000000496e-05
7.419222250000000000e+09	4.980958300000000276e-03	-6.678075999999999587e-04
7.419224375000000000e+09	3.480267999999999903e-03	-3.881947100000000209e-03
7.419226500000000000e+09	3.059483799999999833e-03	-6.014992000000000255e-03
7.419228625000000000e+09	5.234440800000000199e-03	-5.476008099999999691e-03
7.419230750000000000e+09	1.209738099999999950e-03	-6.122183199999999860e-03
7.419232875000000000e+09	4.414165299999999945e-03	-4.818465000000000074e-03
7.419235000000000000e+09	5.090561900000000264e-03	-3.119210500000000035e-03
7.419237125000000000e+09	2.971791399999999805e-03	-6.121440399999999830e-03
7.419239250000000000e+09	3.561441399999999962e-03	-4.883326500000000070e-03
7.419241375000000000e+09	2.486234300000000029e-03	-5.319838500000000081e-03
7.419243500000000000e+09	5.684226300000000225e-03	-8.417559899999999679e-03
7.419245625000000000e+09	2.229966299999999995e-03	-4.784524299999999737e-03
7.419247750000000000e+09	3.045493299999999914e-03	-6.001474399999999834e-03
7.419249875000000000e+09	1.275098699999999922e-03	-5.905290599999999876e-03
7.419252000000000000e+09	-4.923433000000000063e-04	-5.388060099999999672e-03
7.419254125000000000e+09	4.499363499999999884e-03	-6.313037999999999983e-04
7.419256250000000000e+09	7.408248299999999759e-03	-2.054837199999999964e-03
7.419258375000000000e+09	4.766957300000000154e-03	-6.147883199999999888e-03
7.419260500000000000e+09	-3.819694800000000053e-03	-4.214175399999999828e-03
7.419262625000000000e+09	5.118225399999999821e-03	-5.525675800000000130e-03
7.419264750000000000e+09	-9.286600000000000161e-06	-7.101467000000000196e-03
7.419266875000000000e+09	4.305875899999999680e-03	-5.453482899999999821e-03
7.419269000000000000e+09	2.519659999999999955e-03	2.214320000000000036e-04
7.419271125000000000e+09	6.177053999999999965e-04	-1.052765339999999980e-02
7.419273250000000000e+09	5.536935000000000207e-04	-9.030201399999999989e-03
7.419275375000000000e+09	3.747043499999999985e-03	-1.017970779999999992e-02
7.419277500000000000e+09	6.703197099999999749e-03	-5.868017799999999951e-03
7.419279625000000000e+09	7.896489799999999865e-03	-7.022393099999999638e-03
7.419281750000000000e+09	2.758392299999999804e-03	-2.827539300000000110e-03
7.419283875000000000e+09	3.417028400000000042e-03	-8.609027300000000535e-03
7.419286000000000000e+09	3.492288400000000213e-03	-5.558501599999999751e-03
7.419288125000000000e+09	-2.610374999999999957e-04	-3.279857800000000011e-03
7.419290250000000000e+09	8.849801399999999291e-03	-1.000304890000000037e-02
7.419292375000000000e+09	2.277045699999999916e-03	-6.355537999999999986e-03
7.419294500000000000e+09	4.950398200000000019e-03	-2.911381000000000212e-03
7.419296625000000000e+09	7.756271300000000014e-03	-4.180252899999999626e-03
7.419298750000000000e+09	2.355808799999999873e-03	-7.436245200000000249e-03
7.419300875000000000e+09	1.761355999999999946e-03	-3.703094699999999895e-03
7.419303000000000000e+09	-3.294884699999999899e-03	-2.739118100000000056e-03
7.419305125000000000e+09	2.444303000000000101e-03	-9.900825000000000251e-03
7.419307250000000000e+09	4.975420500000000100e-03	-8.983515200000000145e-03
7.419309375000000000e+09	5.337974500000000275e-03	-5.930398899999999793e-03
7.419311500000000000e+09	4.431023200000000148e-03	-4.451969400000000202e-03
7.419313625000000000e+09	-2.148342100000000168e-03	-5.351635999999999893e-03
7.419315750000000000e+09	4.461117599999999891e-03	-2.434916300000000179e-03
7.419317875000000000e+09	2.786093600000000108e-03	-9.402478100000000172e-03
7.419320000000000000e+09	2.581897599999999869e-03	-5.405173400000000232e-03
7.419322125000000000e+09	4.681289400000000073e-03	-9.482785199999999720e-03
7.419324250000000000e+09	4.000153400000000352e-03	-7.598925099999999898e-03
7.419326375000000000e+09	4.716488100000000051e-03	-6.456970799999999649e-03
7.419328500000000000e+09	5.455822100000000396e-03	-6.512330600000000407e-03
7.419330625000000000e+09	-5.042329999999999816e-04	-1.926907600000000043e-03
7.419332750000000000e+09	6.342470400000000362e-03	-9.193546299999999158e-03
7.419334875000000000e+09	-1.064822999999999898e-03	-6.010034699999999841e-03
7.419337000000000000e+09	3.113480699999999872e-03	-7.703836700000000169e-03
7.419339125000000000e+09	4.705953700000000371e-03	-7.279244500000000423e-03
7.419341250000000000e+09	6.426827399999999677e-03	-8.475973399999999630e-03
7.419343375000000000e+09	1.800608800000000039e-03	-3.228686499999999879e-03
7.419345500000000000e+09	3.841696800000000186e-03	-2.896471600000000059e-03
7.419347625000000000e+09	3.109306899999999922e-03	-8.865091199999999491e-03
7.419349750000000000e+09	1.008857540000000080e-02	-5.592869599999999650e-03
7.419351875000000000e+09	1.362857600000000075e-03	-8.575609300000000199e-03
7.419354000000000000e+09	-2.147378000000000025e-04	-2.832355700000000181e-03
7.419356125000000000e+09	1.982795900000000177e-03	-6.830229699999999966e-03
7.419358250000000000e+09	4.084248099999999992e-03	-2.519175900000000107e-03
7.419360375000000000e+09	-1.195403399999999967e-03	-5.831806499999999879e-03
7.419362500000000000e+09	4.647044999999999822e-03	-8.669754899999999875e-03
7.419364625000000000e+09	3.052275499999999864e-03	-1.789232399999999895e-03
7.419366750000000000e+09	2.544002999999999976e-04	-4.817103799999999936e-03
7.419368875000000000e+09	7.533119999999999920e-03	-2.089226899999999890e-03
7.419371000000000000e+09	2.496616799999999952e-03	-6.198188299999999977e-03
7.419373125000000000e+09	-1.516004000000000049e-03	-5.837422299999999765e-03
7.419375250000000000e+09	4.151193600000000275e-03	-5.840834199999999678e-03
7.419377375000000000e+09	2.379139499999999904e-03	-3.851020499999999874e-03
7.419379500000000000e+09	6.672466999999999634e-03	-1.501407699999999980e-03
7.419381625000000000e+09	7.473695800000000090e-03	-7.827611999999999418e-03
7.419383750000000000e+09	3.247886699999999981e-03	-5.803914599999999632e-03
7.419385875000000000e+09	4.584967500000000293e-03	-2.107006800000000082e-03
7.419388000000000000e+09	4.366899500000000212e-03	-8.943851100000000526e-03
7.419390125000000000e+09	4.901691199999999755e-03	-2.274419800000000019e-03
7.419392250000000000e+09	4.861215900000000201e-03	-4.441468799999999904e-03
7.419394375000000000e+09	5.331147900000000363e-03	-4.926965000000000164e-03
7.419396500000000000e+09	7.265791199999999811e-03	-1.410845200000000049e-03
7.419398625000000000e+09	5.960121500000000253e-03	-8.523769900000000357e-03
7.419400750000000000e+09	3.436715999999999816e-03	-9.100161500000000445e-03
7.419402875000000000e+09	3.754646200000000007e-03	-2.146438699999999884e-03
7.419405000000000000e+09	2.036273199999999971e-03	-7.254807900000000143e-03
7.419407125000000000e+09	4.967398399999999742e-03	-2.933554899999999983e-03
7.419409250000000000e+09	1.458198800000000015e-03	-1.498187499999999953e-03
7.419411375000000000e+09	4.785904300000000215e-03	-5.418725899999999977e-03
7.419413500000000000e+09	1.064454800000000107e-03	-2.644873700000000081e-03
7.419415625000000000e+09	6.092399899999999952e-03	-6.761430500000000302e-03
7.419417750000000000e+09	2.246548599999999892e-03	-5.018176000000000060e-03
7.419419875000000000e+09	3.488441699999999916e-03	-4.110398300000000019e-03
7.419422000000000000e+09	2.370667999999999983e-04	-5.332843099999999906e-03
7.419424125000000000e+09	3.942910999999999899e-04	-6.487086500000000151e-03
7.419426250000000000e+09	4.567990299999999740e-03	-4.857491499999999976e-03
7.419428375000000000e+09	5.601011799999999763e-03	-8.741201400000000662e-03
7.419430500000000000e+09	1.681919700000000057e-03	-8.032193599999999309e-03
7.419432625000000000e+09	2.443027799999999798e-03	-5.292457799999999817e-03
7.419434750000000000e+09	2.724989699999999949e-03	-6.571559200000000323e-03
7.419436875000000000e+09	5.461478799999999918e-03	-5.215389699999999767e-03
7.419439000000000000e+09	5.125427299999999776e-03	-1.117411840000000038e-02
7.419441125000000000e+09	7.322767600000000196e-03	-4.570002499999999829e-03
7.419443250000000000e+09	3.411732099999999820e-03	-4.416220499999999952e-03
7.419445375000000000e+09	4.027420700000000110e-03	-1.022996009999999935e-02
7.419447500000000000e+09	3.004140700000000001e-03	-5.636720799999999851e-03
7.419449625000000000e+09	2.096160299999999792e-03	-3.131442099999999940e-03
7.419451750000000000e+09	7.026431000000000083e-04	-5.763797900000000064e-03
7.419453875000000000e+09	9.533526000000000500e-03	-2.176024999999999834e-03
7.419456000000000000e+09	4.051654999999999818e-04	-4.920824300000000394e-03
7.419458125000000000e+09	6.790489000000000247e-03	-9.456605999999999346e-03
7.419460250000000000e+09	1.039906900000000037e-03	-5.997547699999999579e-03
7.419462375000000000e+09	2.220289399999999993e-03	-2.250096699999999846e-03
7.419464500000000000e+09	4.506002099999999871e-03	-4.034818100000000379e-03
7.419466625000000000e+09	3.305968600000000045e-03	-7.850306300000000140e-03
7.419468750000000000e+09	8.934573999999999815e-04	-1.278517430000000038e-02
7.419470875000000000e+09	4.028929199999999738e-03	-3.522710000000000077e-03
7.419473000000000000e+09	3.326893999999999945e-03	-6.172857999999999817e-03
7.419475125000000000e+09	-5.474183999999999561e-04	-3.374620200000000118e-03
7.419477250000000000e+09	3.634226899999999823e-03	-7.755894099999999756e-03
7.419479375000000000e+09	4.280543500000000105e-03	-3.530490900000000151e-03
7.419481500000000000e+09	5.312583999999999753e-04	-6.823497999999999890e-03
7.419483625000000000e+09	9.108251000000000151e-04	-2.379046399999999815e-03
7.419485750000000000e+09	7.820125199999999888e-03	-8.704848799999999678e-03
7.419487875000000000e+09	5.520426699999999957e-03	-5.912514899999999664e-03
7.419490000000000000e+09	3.946039900000000017e-03	-4.714342899999999711e-03
7.419492125000000000e+09	-3.852719999999999935e-05	-5.939117499999999571e-03
7.419494250000000000e+09	-8.628836999999999662e-04	-8.069544799999999948e-03
7.419496375000000000e+09	4.960859999999999798e-05	-6.772711000000000486e-04
7.419498500000000000e+09	2.796531499999999840e-03	-1.062883740000000049e-02
7.419500625000000000e+09	1.011331000000000025e-04	-4.247663199999999681e-03
7.419502750000000000e+09	1.089372400000000046e-03	-5.980932399999999705e-03
7.419504875000000000e+09	1.124761499999999900e-03	-1.933495500000000089e-03
7.419507000000000000e+09	1.289755700000000090e-03	-9.259844200000000650e-03
7.419509125000000000e+09	-5.363666000000000223e-04	-2.589409400000000118e-03
7.419511250000000000e+09	2.609630999999999843e-03	-3.742611299999999957e-03
7.419513375000000000e+09	2.831501000000000157e-03	-1.410256799999999979e-03
7.419515500000000000e+09	2.353474800000000203e-03	-5.886301299999999702e-03
7.419517625000000000e+09	-2.609521100000000097e-03	-3.171574300000000023e-03
7.419519750000000000e+09	-4.480986000000000062e-04	-5.132108500000000413e-03
7.419521875000000000e+09	7.054273000000000010e-04	-3.803596600000000005e-03
7.419524000000000000e+09	6.652957000000000141e-03	-5.271285300000000222e-03
7.419526125000000000e+09	3.644593599999999996e-03	4.083262600000000034e-03
7.419528250000000000e+09	1.024627599999999947e-03	-6.631996099999999845e-03
7.419530375000000000e+09	3.524276199999999866e-03	-7.477059999999999783e-03
7.419532500000000000e+09	1.503525500000000084e-03	-5.798167499999999641e-03
7.419534625000000000e+09	3.868156900000000072e-03	-9.954680100000000073e-03
7.419536750000000000e+09	2.780889400000000067e-03	-1.110762040000000048e-02
7.419538875000000000e+09	2.796562299999999935e-03	-8.688283899999999643e-03
7.419541000000000000e+09	2.649275899999999854e-03	-7.951863999999999461e-03
7.419543125000000000e+09	-3.513061599999999819e-03	-9.252542199999999953e-03
7.419545250000000000e+09	4.953085299999999969e-03	-6.458297400000000132e-03
7.419547375000000000e+09	3.369245400000000015e-03	-3.426090000000000125e-03
7.419549500000000000e+09	-6.132995000000000460e-04	-4.836110999999999709e-03
7.419551625000000000e+09	-3.727561000000000004e-04	-4.621901999999999781e-03
7.419553750000000000e+09	4.472805199999999905e-03	-6.269120599999999759e-03
7.419555875000000000e+09	6.160588699999999633e-03	-3.901186599999999834e-03
7.419558000000000000e+09	-1.555940600000000002e-03	-4.405643699999999691e-03
7.419560125000000000e+09	3.440284200000000119e-03	-7.361245599999999972e-03
7.419562250000000000e+09	2.871647199999999810e-03	-6.879742599999999660e-03
7.419564375000000000e+09	1.310469099999999904e-03	-7.322535100000000276e-03
7.419566500000000000e+09	5.514785099999999947e-03	-3.600531200000000199e-03
7.419568625000000000e+09	5.726898700000000036e-03	-1.444413980000000021e-02
7.419570750000000000e+09	-4.630390000000000233e-05	-5.399720799999999619e-03
7.419572875000000000e+09	2.883393100000000188e-03	-4.785983599999999935e-03
7.419575000000000000e+09	7.100627000000000414e-04	-3.771723900000000136e-03
7.419577125000000000e+09	-1.970849099999999812e-03	-7.480971299999999991e-03
7.419579250000000000e+09	3.406193400000000204e-03	-8.108678799999999645e-03
7.419581375000000000e+09	2.949994300000000156e-03	-4.906116099999999897e-03
7.419583500000000000e+09	2.404410899999999927e-03	-6.566018600000000059e-03
7.419585625000000000e+09	7.712757699999999578e-03	-9.639784499999999937e-03
7.419587750000000000e+09	5.357549900000000385e-03	-5.709596400000000078e-03
7.419589875000000000e+09	2.338819499999999964e-03	-1.758847700000000036e-03
7.419592000000000000e+09	6.426643999999999586e-04	-4.936667100000000086e-03
7.419594125000000000e+09	6.105983199999999791e-03	-5.091714100000000257e-03
7.419596250000000000e+09	4.950838999999999848e-04	-4.758496299999999748e-03
7.419598375000000000e+09	3.728213399999999889e-03	-7.717872100000000221e-03
7.419600500000000000e+09	2.617047099999999984e-03	-6.429598800000000183e-03
7.419602625000000000e+09	2.415635100000000212e-03	-1.001419400000000057e-02
7.419604750000000000e+09	2.759678800000000057e-03	-5.072001799999999866e-03
7.419606875000000000e+09	4.289999800000000342e-03	-1.463558100000000037e-03
7.419609000000000000e+09	1.774836300000000007e-03	-3.196544200000000016e-03
7.419611125000000000e+09	6.665694999999999476e-04	-9.441224200000000732e-03
7.419613250000000000e+09	2.539174999999999852e-03	-5.850192300000000255e-03
7.419615375000000000e+09	2.434179600000000061e-03	-9.258783600000000669e-03
7.419617500000000000e+09	3.379991199999999793e-03	-5.963773700000000143e-03
7.419619625000000000e+09	-9.781906999999998974e-04	-1.931363400000000096e-03
7.419621750000000000e+09	1.386618800000000108e-03	-2.239720699999999971e-03
7.419623875000000000e+09	2.104827000000000087e-03	-4.934034599999999673e-03
7.419626000000000000e+09	-1.061005000000000064e-03	-4.442243700000000038e-03
7.419628125000000000e+09	-4.016167000000000174e-03	-2.281381800000000133e-03
7.419630250000000000e+09	3.923828300000000401e-03	-6.987941800000000390e-03
7.419632375000000000e+09	4.703188100000000108e-03	-4.703912600000000402e-03
7.419634500000000000e+09	4.217134699999999792e-03	-4.520299400000000328e-03
7.419636625000000000e+09	9.194478999999999760e-04	-4.627668300000000248e-03
7.419638750000000000e+09	1.633812099999999929e-03	-5.772258300000000265e-03
7.419640875000000000e+09	4.681272700000000016e-03	-1.005079090000000029e-02
7.419643000000000000e+09	4.996523000000000110e-03	-3.574931099999999976e-03
7.419645125000000000e+09	1.488860000000000107e-04	-5.708385800000000121e-03
7.419647250000000000e+09	1.902400600000000042e-03	-6.880329200000000200e-03
7.419649375000000000e+09	-8.013969999999999438e-05	-4.071610800000000085e-03
7.419651500000000000e+09	2.255421000000000075e-03	-9.577407099999999188e-03
7.419653625000000000e+09	1.362778700000000058e-03	-1.386075399999999987e-03
7.419655750000000000e+09	7.538283599999999994e-03	-7.467571999999999578e-03
7.419657875000000000e+09	1.824701400000000107e-03	-6.119144499999999709e-03
7.419660000000000000e+09	5.778997800000000400e-03	-7.009941999999999909e-04
7.419662125000000000e+09	3.817022700000000015e-03	-6.872455900000000277e-03
7.419664250000000000e+09	5.443788599999999957e-03	-7.551982799999999892e-03
7.419666375000000000e+09	3.697981099999999959e-03	1.145848000000000092e-03
7.419668500000000000e+09	-1.338499200000000007e-03	-3.743163900000000179e-03
7.419670625000000000e+09	4.254706900000000333e-03	-3.647006400000000082e-03
7.419672750000000000e+09	2.458610899999999835e-03	-9.826007600000000522e-03
7.419674875000000000e+09	2.850291400000000159e-03	-7.995952699999999552e-03
7.419677000000000000e+09	8.525391099999999819e-03	-7.064072099999999833e-03
7.419679125000000000e+09	8.579920000000000211e-04	-6.727753000000000379e-03
7.419681250000000000e+09	4.712437999999999892e-04	-6.133344899999999648e-03
7.419683375000000000e+09	2.683701299999999811e-03	-3.630759400000000033e-03
7.419685500000000000e+09	4.914165899999999726e-03	-8.538934899999999634e-03
7.419687625000000000e+09	-1.678361599999999947e-03	-4.837671200000000053e-03
7.419689750000000000e+09	-3.766911999999999756e-04	-8.506497599999999354e-03
7.419691875000000000e+09	2.309863000000000107e-03	-6.493559399999999579e-03
7.419694000000000000e+09	-1.670688999999999887e-04	-9.080055199999999271e-03
7.419696125000000000e+09	2.762813700000000053e-03	-8.936518600000000270e-03
7.419698250000000000e+09	2.759082200000000009e-03	-7.662241299999999859e-03
7.419700375000000000e+09	4.738483899999999804e-03	-3.894605299999999871e-03
7.419702500000000000e+09	1.694927000000000044e-04	-4.575247499999999905e-03
7.419704625000000000e+09	7.431601000000000136e-04	-4.262463799999999595e-03
7.419706750000000000e+09	-2.744162999999999984e-03	-3.508638000000000121e-03
7.419708875000000000e+09	2.871444700000000145e-03	-6.285030500000000214e-03
7.419711000000000000e+09	3.612094900000000029e-03	-6.109713299999999792e-03
7.419713125000000000e+09	-1.985390999999999979e-04	-6.803591799999999731e-03
7.419715250000000000e+09	4.899836000000000295e-03	-5.489400600000000387e-03
7.419717375000000000e+09	2.982339200000000152e-03	-3.533426100000000136e-03
7.419719500000000000e+09	1.603649200000000028e-03	-9.021838399999999175e-03
7.419721625000000000e+09	3.000130499999999895e-03	-6.053364099999999914e-03
7.419723750000000000e+09	5.752733399999999594e-03	-4.534660599999999590e-03
7.419725875000000000e+09	1.513641600000000019e-03	-9.532083800000000495e-03
7.419728000000000000e+09	6.409375699999999947e-03	-8.603298599999999879e-03
7.419730125000000000e+09	6.906138000000000251e-04	-4.100511099999999860e-03
7.419732250000000000e+09	2.284685299999999943e-03	-1.086304899999999962e-02
7.419734375000000000e+09	-1.035646600000000080e-03	-1.360511600000000000e-03
7.419736500000000000e+09	3.735568900000000182e-03	-2.555713299999999924e-03
7.419738625000000000e+09	3.691091599999999848e-03	-1.749678300000000056e-03
7.419740750000000000e+09	4.448096799999999747e-03	-7.668064999999999951e-03
7.419742875000000000e+09	-6.010432999999999922e-04	-7.770820599999999669e-03
7.419745000000000000e+09	-1.876190000000000019e-03	-6.623863699999999605e-03
7.419747125000000000e+09	4.520117700000000384e-03	-7.602214099999999967e-03
7.419749250000000000e+09	5.113960199999999928e-03	-1.673337200000000070e-03
7.419751375000000000e+09	2.693693400000000179e-03	-5.641088699999999637e-03
7.419753500000000000e+09	3.060665499999999910e-03	-6.252607200000000372e-03
7.419755625000000000e+09	3.369888100000000171e-03	-5.440306199999999856e-03
7.419757750000000000e+09	1.436843699999999953e-03	-6.265605100000000080e-03
7.419759875000000000e+09	1.263513900000000053e-03	-7.642610600000000406e-03
7.419762000000000000e+09	3.290919299999999891e-03	-5.382422900000000295e-03
7.419764125000000000e+09	1.659902399999999912e-03	-1.264757499999999988e-03
7.419766250000000000e+09	1.776676000000000036e-03	-6.220676100000000104e-03
7.419768375000000000e+09	2.184986299999999975e-03	-2.872388000000000025e-03
7.419770500000000000e+09	-7.992357000000000497e-04	-3.053757399999999962e-03
7.419772625000000000e+09	2.456918599999999980e-03	-6.050808399999999670e-03
7.419774750000000000e+09	3.820806300000000044e-03	-6.271995800000000100e-03
7.419776875000000000e+09	-1.505519099999999902e-03	-5.985259999999999680e-05
7.419779000000000000e+09	1.090376099999999923e-03	-2.651365100000000179e-03
7.419781125000000000e+09	4.750737799999999941e-03	-3.125007099999999993e-03
7.419783250000000000e+09	-4.909975999999999490e-04	-1.080872180000000057e-02
7.419785375000000000e+09	1.555493200000000091e-03	-3.112086300000000121e-03
7.419787500000000000e+09	5.564804700000000257e-03	-6.817351099999999740e-03
7.419789625000000000e+09	-9.816835999999998924e-04	-6.741248299999999700e-03
7.419791750000000000e+09	-8.060130999999999893e-04	-3.207431999999999753e-04
7.419793875000000000e+09	4.315730000000000260e-03	-7.359957099999999905e-03
7.419796000000000000e+09	1.034909619999999954e-02	-3.483425400000000199e-03
7.419798125000000000e+09	4.452740000000000170e-03	-6.857586700000000389e-03
7.419800250000000000e+09	2.408912400000000169e-03	-5.924773700000000171e-03
7.419802375000000000e+09	3.134444499999999856e-03	-5.222253999999999959e-03
7.419804500000000000e+09	2.644756099999999877e-03	-7.019093900000000427e-03
7.419806625000000000e+09	-1.681361900000000013e-03	-9.289598099999999206e-03
7.419808750000000000e+09	-3.348817999999999825e-04	-5.068361599999999731e-03
7.419810875000000000e+09	-2.413822800000000202e-03	-8.357387500000000580e-03
7.419813000000000000e+09	2.577296199999999822e-03	-9.288993699999999534e-03
7.419815125000000000e+09	9.522871000000000460e-04	-7.925900499999999349e-03
7.419817250000000000e+09	6.763592300000000231e-03	-4.456955999999999765e-03
7.419819375000000000e+09	-4.565147999999999884e-04	-4.994849200000000058e-03
7.419821500000000000e+09	3.806056999999999735e-04	-5.342992300000000069e-03
7.419823625000000000e+09	4.470288499999999950e-03	-6.290516500000000073e-03
7.419825750000000000e+09	7.015902999999999766e-04	-4.271147599999999649e-03
7.419827875000000000e+09	1.588888600000000094e-03	-8.322535000000000696e-03
7.419830000000000000e+09	5.749414799999999839e-03	-8.668074600000000643e-03
7.419832125000000000e+09	1.878934899999999946e-03	-1.520271400000000042e-03
7.419834250000000000e+09	-4.597275799999999898e-03	-4.819593399999999757e-03
7.419836375000000000e+09	-5.091975999999999577e-04	-4.338321000000000018e-03
7.419838500000000000e+09	3.342494599999999878e-03	-4.632249800000000015e-03
7.419840625000000000e+09	7.166731999999999877e-04	-6.638037400000000414e-03
7.419842750000000000e+09	-1.745260200000000065e-03	-4.137342100000000050e-03
7.419844875000000000e+09	3.074555999999999990e-03	-3.423533400000000008e-03
7.419847000000000000e+09	2.118953199999999877e-03	-6.057191600000000169e-03
7.419849125000000000e+09	7.257008199999999756e-03	-1.906088200000000078e-03
7.419851250000000000e+09	3.955598200000000342e-03	-6.383865300000000388e-03
7.419853375000000000e+09	4.679564399999999909e-03	-8.042363599999999627e-03
7.419855500000000000e+09	-9.125550000000000068e-05	-6.101193700000000220e-03
7.419857625000000000e+09	6.648839000000000138e-03	-4.530309599999999930e-03
7.419859750000000000e+09	2.671046299999999939e-03	-8.574722200000000835e-03
7.419861875000000000e+09	2.451367700000000108e-03	-3.930279899999999937e-03
7.419864000000000000e+09	2.930252800000000216e-03	-5.176583700000000031e-03
7.419866125000000000e+09	6.198565799999999903e-03	-4.900499000000000001e-03
7.419868250000000000e+09	2.184479500000000192e-03	-4.001108100000000216e-03
7.419870375000000000e+09	1.033629899999999975e-03	-2.902552300000000186e-03
7.419872500000000000e+09	1.143057500000000011e-03	-9.083329700000000034e-03
7.419874625000000000e+09	4.411379999999999902e-04	-8.919550000000000482e-04
7.419876750000000000e+09	2.663650000000000154e-04	-6.891460099999999894e-03
7.419878875000000000e+09	2.924942900000000127e-03	-6.401685600000000045e-03
7.419881000000000000e+09	7.599870000000000540e-04	-4.474075099999999701e-03
7.419883125000000000e+09	-4.532933900000000148e-03	-1.083620999999999971e-04
7.419885250000000000e+09	4.680618499999999842e-03	-6.164063499999999744e-03
7.419887375000000000e+09	6.879393200000000208e-03	-5.742694599999999781e-03
7.419889500000000000e+09	1.508063200000000093e-03	-8.602571599999999166e-03
7.419891625000000000e+09	-5.375026000000000196e-04	-5.638118299999999791e-03
7.419893750000000000e+09	2.699019200000000052e-03	-8.577932899999999791e-03
7.419895875000000000e+09	-2.167973499999999859e-03	-6.523818100000000272e-03
7.419898000000000000e+09	-3.147581200000000058e-03	-7.166306400000000028e-03
7.419900125000000000e+09	3.397765200000000142e-03	-3.074058100000000206e-03
7.419902250000000000e+09	5.038550400000000283e-03	-9.202019999999999991e-03
7.419904375000000000e+09	3.873523900000000117e-03	-7.577204199999999779e-03
7.419906500000000000e+09	-4.510938999999999943e-04	-5.239296899999999930e-03
7.419908625000000000e+09	8.655797300000000333e-03	-7.962779799999999963e-03
7.419910750000000000e+09	-9.238948000000000299e-04	-5.985714799999999891e-03
7.419912875000000000e+09	1.446304299999999921e-03	-4.738515999999999909e-03
7.419915000000000000e+09	-1.759405599999999898e-03	-3.361473099999999839e-03
7.419917125000000000e+09	-8.508342000000000335e-04	-1.822758700000000082e-03
7.419919250000000000e+09	1.560994200000000078e-03	-5.726611900000000248e-03
7.419921375000000000e+09	6.952494099999999635e-03	-6.775936899999999638e-03
7.419923500000000000e+09	3.797727600000000078e-03	-1.009690530000000031e-02
7.419925625000000000e+09	1.082179400000000090e-03	-7.038260200000000244e-03
7.419927750000000000e+09	-6.366485000000000286e-04	-4.167487400000000237e-03
7.419929875000000000e+09	1.333510300000000093e-03	-7.406305799999999585e-03
7.419932000000000000e+09	1.643525199999999915e-03	-1.145805570000000065e-02
7.419934125000000000e+09	3.372709399999999913e-03	-7.629045000000000097e-03
7.419936250000000000e+09	1.404465199999999992e-03	-6.310696200000000256e-03
7.419938375000000000e+09	3.474550199999999929e-03	-5.597293700000000385e-03
7.419940500000000000e+09	9.722593999999999768e-04	-1.174978550000000017e-02
7.419942625000000000e+09	2.365972000000000040e-03	-7.378760499999999570e-03
7.419944750000000000e+09	-5.590852000000000321e-04	-4.049639300000000379e-03
7.419946875000000000e+09	9.345484999999999513e-04	-7.724511699999999682e-03
7.419949000000000000e+09	3.275097499999999988e-03	-9.317440499999999487e-03
7.419951125000000000e+09	1.869657500000000000e-03	-2.715111100000000121e-03
7.419953250000000000e+09	-3.201494500000000212e-03	-7.302814200000000422e-03
7.419955375000000000e+09	1.055634099999999990e-03	-6.237039199999999846e-03
7.419957500000000000e+09	5.623465499999999971e-03	-6.388421200000000098e-03
7.419959625000000000e+09	3.658033599999999975e-03	-7.898029299999999656e-03
7.419961750000000000e+09	5.413428700000000315e-03	-8.659610599999999214e-03
7.419963875000000000e+09	3.760657699999999954e-03	-5.651700800000000226e-03
7.419966000000000000e+09	1.748961399999999968e-03	-6.081388000000000071e-03
7.419968125000000000e+09	1.769339100000000015e-03	-3.906930299999999967e-03
7.419970250000000000e+09	1.702049800000000022e-03	-7.427419999999999682e-03
7.419972375000000000e+09	4.519409599999999610e-03	-7.938151399999999330e-03
7.419974500000000000e+09	5.261868099999999875e-03	-4.235830900000000197e-03
7.419976625000000000e+09	1.943105699999999898e-03	-4.670732000000000356e-03
7.419978750000000000e+09	-1.247083499999999913e-03	-1.024492479999999928e-02
7.419980875000000000e+09	3.111220200000000113e-03	-2.603663100000000018e-03
7.419983000000000000e+09	9.208032999999999800e-04	-7.143458000000000099e-03
7.419985125000000000e+09	9.370392999999999648e-04	-9.569088099999999500e-03
7.419987250000000000e+09	3.166187400000000131e-03	-5.441749099999999666e-03
7.419989375000000000e+09	1.225481299999999938e-03	-8.918700400000000028e-03
7.419991500000000000e+09	2.237776700000000153e-03	-8.465190600000000246e-03
7.419993625000000000e+09	3.153444599999999810e-03	-5.787460599999999684e-03
7.419995750000000000e+09	1.306794399999999931e-03	-9.036441100000000559e-03
7.419997875000000000e+09	2.476559100000000173e-03	-7.402252199999999858e-03
7.420000000000000000e+09	-1.791383999999999923e-04	-3.624817800000000069e-03
